LocalTimestamp,EmotiBitTimestamp,PacketNumber,DataLength,TypeTag,ProtocolVersion,DataReliability,T1
1755214397.835031,638067.000,35954,1,T1,1,100,34.170
1755214397.968031,638200.000,35967,1,T1,1,100,34.251
1755214398.101032,638333.000,35998,1,T1,1,100,34.286
1755214398.235033,638467.000,36016,1,T1,1,100,34.407
1755214398.368034,638600.000,36032,1,T1,1,100,34.283
1755214398.501035,638733.000,36051,1,T1,1,100,34.264
1755214398.635036,638867.000,36083,1,T1,1,100,34.221
1755214398.768037,639000.000,36099,1,T1,1,100,34.273
1755214398.901038,639133.000,36117,1,T1,1,100,34.366
1755214399.034039,639266.000,36148,1,T1,1,100,34.371
1755214399.168040,639400.000,36164,1,T1,1,100,34.267
1755214399.301041,639533.000,36182,1,T1,1,100,34.364
1755214399.435041,639667.000,36213,1,T1,1,100,34.299
1755214399.568042,639800.000,36232,1,T1,1,100,34.271
1755214399.701043,639933.000,36249,1,T1,1,100,34.295
1755214399.834044,640066.000,36281,1,T1,1,100,34.269
1755214399.968045,640200.000,36297,1,T1,1,100,34.187
1755214400.101046,640333.000,36314,1,T1,1,100,34.258
1755214400.235047,640467.000,36346,1,T1,1,100,34.325
1755214400.368048,640600.000,36364,1,T1,1,100,34.211
1755214400.501049,640733.000,36381,1,T1,1,100,34.233
1755214400.634050,640866.000,36398,1,T1,1,100,34.278
1755214400.768051,641000.000,36429,1,T1,1,100,34.227
1755214400.901051,641133.000,36447,1,T1,1,100,34.204
1755214401.034052,641266.000,36463,1,T1,1,100,34.337
1755214401.168053,641400.000,36495,1,T1,1,100,34.358
1755214401.301054,641533.000,36514,1,T1,1,100,34.297
1755214401.434055,641666.000,36530,1,T1,1,100,34.306
1755214401.568056,641800.000,36564,1,T1,1,100,34.274
1755214401.701057,641933.000,36581,1,T1,1,100,34.260
1755214401.834058,642066.000,36597,1,T1,1,100,34.290
1755214401.968059,642200.000,36629,1,T1,1,100,34.267
1755214402.101060,642333.000,36646,1,T1,1,100,34.187
1755214402.234061,642466.000,36663,1,T1,1,100,34.329
1755214402.368061,642600.000,36696,1,T1,1,100,34.320
1755214402.501062,642733.000,36713,1,T1,1,100,34.351
1755214402.634063,642866.000,36730,1,T1,1,100,34.365
1755214402.767064,642999.000,36747,1,T1,1,100,34.229
1755214402.901065,643133.000,36779,1,T1,1,100,34.347
1755214403.034066,643266.000,36801,1,T1,1,100,34.434
1755214403.167067,643399.000,36817,1,T1,1,100,34.436
1755214403.301068,643533.000,36835,1,T1,1,100,34.330
1755214403.434069,643666.000,36868,1,T1,1,100,34.249
1755214403.567070,643799.000,36885,1,T1,1,100,34.285
1755214403.701071,643933.000,36902,1,T1,1,100,34.194
1755214403.834071,644066.000,36934,1,T1,1,100,34.297
1755214403.967072,644199.000,36950,1,T1,1,100,34.377
1755214404.101073,644333.000,36967,1,T1,1,100,34.340
1755214404.234074,644466.000,36983,1,T1,1,100,34.254
1755214404.367075,644599.000,37017,1,T1,1,100,34.393
1755214404.501076,644733.000,37034,1,T1,1,100,34.312
1755214404.634077,644866.000,37051,1,T1,1,100,34.419
1755214404.767078,644999.000,37082,1,T1,1,100,34.323
1755214404.901079,645133.000,37100,1,T1,1,100,34.317
1755214405.034080,645266.000,37116,1,T1,1,100,34.421
1755214405.167081,645399.000,37148,1,T1,1,100,34.395
1755214405.301081,645533.000,37165,1,T1,1,100,34.348
1755214405.434082,645666.000,37181,1,T1,1,100,34.399
1755214405.567083,645799.000,37215,1,T1,1,100,34.385
1755214405.700084,645932.000,37232,1,T1,1,100,34.344
1755214405.834085,646066.000,37248,1,T1,1,100,34.397
1755214405.967086,646199.000,37280,1,T1,1,100,34.385
1755214406.100087,646332.000,37297,1,T1,1,100,34.344
1755214406.234088,646466.000,37314,1,T1,1,100,34.361
1755214406.367089,646599.000,37345,1,T1,1,100,34.334
1755214406.501090,646733.000,37362,1,T1,1,100,34.322
1755214406.634091,646866.000,37383,1,T1,1,100,34.458
1755214406.767091,646999.000,37400,1,T1,1,100,34.482
1755214406.900092,647132.000,37432,1,T1,1,100,34.350
1755214407.034093,647266.000,37448,1,T1,1,100,34.364
1755214407.167094,647399.000,37465,1,T1,1,100,34.370
1755214407.300095,647532.000,37497,1,T1,1,100,34.302
1755214407.434096,647666.000,37513,1,T1,1,100,34.273
1755214407.567097,647799.000,37531,1,T1,1,100,34.295
1755214407.700098,647932.000,37564,1,T1,1,100,34.270
1755214407.834099,648066.000,37580,1,T1,1,100,34.329
1755214407.967100,648199.000,37598,1,T1,1,100,34.391
1755214408.100601,648332.500,37634,2,T1,1,100,34.417
1755214408.234101,648466.000,37634,2,T1,1,100,34.358
1755214408.367102,648599.000,37667,1,T1,1,100,34.332
1755214408.500103,648732.000,37683,1,T1,1,100,34.392
1755214408.634104,648866.000,37701,1,T1,1,100,34.240
1755214408.767105,648999.000,37734,1,T1,1,100,34.352
1755214408.900106,649132.000,37751,1,T1,1,100,34.330
1755214409.033107,649265.000,37768,1,T1,1,100,34.284
1755214409.167108,649399.000,37800,1,T1,1,100,34.336
1755214409.300109,649532.000,37816,1,T1,1,100,34.394
1755214409.433110,649665.000,37833,1,T1,1,100,34.312
1755214409.567111,649799.000,37865,1,T1,1,100,34.241
1755214409.700111,649932.000,37883,1,T1,1,100,34.317
1755214409.833112,650065.000,37900,1,T1,1,100,34.385
1755214409.967113,650199.000,37932,1,T1,1,100,34.344
1755214410.100114,650332.000,37948,1,T1,1,100,34.433
1755214410.233115,650465.000,37966,1,T1,1,100,34.471
1755214410.367116,650599.000,37982,1,T1,1,100,34.346
1755214410.500117,650732.000,38015,1,T1,1,100,34.398
1755214410.633118,650865.000,38033,1,T1,1,100,34.420
1755214410.767119,650999.000,38049,1,T1,1,100,34.501
1755214410.900120,651132.000,38081,1,T1,1,100,34.430
1755214411.033121,651265.000,38098,1,T1,1,100,34.399
1755214411.167121,651399.000,38114,1,T1,1,100,34.385
1755214411.300122,651532.000,38146,1,T1,1,100,34.415
1755214411.433123,651665.000,38165,1,T1,1,100,34.392
1755214411.567124,651799.000,38182,1,T1,1,100,34.418
1755214411.700125,651932.000,38215,1,T1,1,100,34.323
1755214411.833126,652065.000,38232,1,T1,1,100,34.317
1755214411.967127,652199.000,38249,1,T1,1,100,34.421
1755214412.100128,652332.000,38280,1,T1,1,100,34.430
1755214412.233129,652465.000,38298,1,T1,1,100,34.434
1755214412.367130,652599.000,38314,1,T1,1,100,34.294
1755214412.500131,652732.000,38333,1,T1,1,100,34.482
1755214412.633131,652865.000,38365,1,T1,1,100,34.350
1755214412.766132,652998.000,38381,1,T1,1,100,34.435
1755214412.900133,653132.000,38399,1,T1,1,100,34.543
1755214413.033134,653265.000,38430,1,T1,1,100,34.412
1755214413.166135,653398.000,38446,1,T1,1,100,34.391
1755214413.300136,653532.000,38469,1,T1,1,100,34.453
1755214413.433137,653665.000,38487,1,T1,1,100,34.515
1755214413.566138,653798.000,38519,1,T1,1,100,34.400
1755214413.700139,653932.000,38536,1,T1,1,100,34.457
1755214413.833140,654065.000,38552,1,T1,1,100,34.410
1755214413.967141,654199.000,38584,1,T1,1,100,34.355
1755214414.100141,654332.000,38601,1,T1,1,100,34.508
1755214414.233142,654465.000,38618,1,T1,1,100,34.468
1755214414.366143,654598.000,38635,1,T1,1,100,34.451
1755214414.500144,654732.000,38668,1,T1,1,100,34.443
1755214414.633145,654865.000,38685,1,T1,1,100,34.405
1755214414.766146,654998.000,38702,1,T1,1,100,34.388
1755214414.900147,655132.000,38734,1,T1,1,100,34.487
1755214415.033148,655265.000,38750,1,T1,1,100,34.494
1755214415.166149,655398.000,38767,1,T1,1,100,34.356
1755214415.300150,655532.000,38799,1,T1,1,100,34.473
1755214415.433151,655665.000,38815,1,T1,1,100,34.488
1755214415.566151,655798.000,38835,1,T1,1,100,34.530
1755214415.699152,655931.000,38866,1,T1,1,100,34.513
1755214415.833153,656065.000,38882,1,T1,1,100,34.470
1755214415.966154,656198.000,38900,1,T1,1,100,34.487
1755214416.100155,656332.000,38931,1,T1,1,100,34.530
1755214416.233156,656465.000,38948,1,T1,1,100,34.548
1755214416.366157,656598.000,38965,1,T1,1,100,34.450
1755214416.499158,656731.000,38981,1,T1,1,100,34.407
1755214416.633159,656865.000,39017,1,T1,1,100,34.425
1755214416.766160,656998.000,39034,1,T1,1,100,34.432
1755214416.899161,657131.000,39050,1,T1,1,100,34.435
1755214417.033161,657265.000,39082,1,T1,1,100,34.507
1755214417.166162,657398.000,39099,1,T1,1,100,34.432
1755214417.299163,657531.000,39116,1,T1,1,100,34.364
1755214417.433164,657665.000,39149,1,T1,1,100,34.406
1755214417.566165,657798.000,39167,1,T1,1,100,34.388
1755214417.699166,657931.000,39183,1,T1,1,100,34.487
1755214417.833167,658065.000,39215,1,T1,1,100,34.494
1755214417.966168,658198.000,39232,1,T1,1,100,34.356
1755214418.099169,658331.000,39248,1,T1,1,100,34.473
1755214418.233170,658465.000,39280,1,T1,1,100,34.488
1755214418.366171,658598.000,39304,2,T1,1,100,34.495
1755214418.499171,658731.000,39304,2,T1,1,100,34.462
1755214418.633172,658865.000,39337,1,T1,1,100,34.484
1755214418.766173,658998.000,39353,1,T1,1,100,34.528
1755214418.899174,659131.000,39370,1,T1,1,100,34.548
1755214419.033175,659265.000,39402,1,T1,1,100,34.521
1755214419.166176,659398.000,39418,1,T1,1,100,34.509
1755214419.299177,659531.000,39438,1,T1,1,100,34.397
1755214419.432178,659664.000,39469,1,T1,1,100,34.420
1755214419.566179,659798.000,39486,1,T1,1,100,34.430
1755214419.699180,659931.000,39503,1,T1,1,100,34.505
1755214419.832181,660064.000,39535,1,T1,1,100,34.609
1755214419.966181,660198.000,39551,1,T1,1,100,34.582
1755214420.099182,660331.000,39568,1,T1,1,100,34.429
1755214420.232183,660464.000,39602,1,T1,1,100,34.505
1755214420.366184,660598.000,39618,1,T1,1,100,34.502
1755214420.499185,660731.000,39635,1,T1,1,100,34.465
1755214420.632186,660864.000,39667,1,T1,1,100,34.450
1755214420.766187,660998.000,39683,1,T1,1,100,34.514
1755214420.899188,661131.000,39701,1,T1,1,100,34.541
1755214421.032189,661264.000,39717,1,T1,1,100,34.518
1755214421.166190,661398.000,39750,1,T1,1,100,34.579
1755214421.299191,661531.000,39768,1,T1,1,100,34.499
1755214421.432191,661664.000,39784,1,T1,1,100,34.464
1755214421.566192,661798.000,39818,1,T1,1,100,34.484
1755214421.699193,661931.000,39835,1,T1,1,100,34.458
1755214421.832194,662064.000,39851,1,T1,1,100,34.517
1755214421.966195,662198.000,39883,1,T1,1,100,34.543
1755214422.099196,662331.000,39902,1,T1,1,100,34.483
1755214422.232197,662464.000,39919,1,T1,1,100,34.528
1755214422.366198,662598.000,39950,1,T1,1,100,34.619
1755214422.499199,662731.000,39967,1,T1,1,100,34.551
1755214422.632200,662864.000,39984,1,T1,1,100,34.593
1755214422.765201,662997.000,40015,1,T1,1,100,34.540
1755214422.899201,663131.000,40033,1,T1,1,100,34.482
1755214423.032202,663264.000,40049,1,T1,1,100,34.563
1755214423.165203,663397.000,40083,1,T1,1,100,34.563
1755214423.299204,663531.000,40100,1,T1,1,100,34.492
1755214423.432205,663664.000,40116,1,T1,1,100,34.532
1755214423.565206,663797.000,40139,1,T1,1,100,34.514
1755214423.699207,663931.000,40155,1,T1,1,100,34.648
1755214423.832208,664064.000,40187,1,T1,1,100,34.528
1755214423.965209,664197.000,40204,1,T1,1,100,34.548
1755214424.099210,664331.000,40220,1,T1,1,100,34.521
1755214424.232211,664464.000,40254,1,T1,1,100,34.473
1755214424.365211,664597.000,40271,1,T1,1,100,34.453
1755214424.499212,664731.000,40287,1,T1,1,100,34.551
1755214424.632213,664864.000,40305,1,T1,1,100,34.557
1755214424.765214,664997.000,40336,1,T1,1,100,34.525
1755214424.899215,665131.000,40353,1,T1,1,100,34.546
1755214425.032216,665264.000,40370,1,T1,1,100,34.485
1755214425.165217,665397.000,40404,1,T1,1,100,34.493
1755214425.299218,665531.000,40420,1,T1,1,100,34.568
1755214425.432219,665664.000,40437,1,T1,1,100,34.494
1755214425.565220,665797.000,40469,1,T1,1,100,34.568
1755214425.698221,665930.000,40485,1,T1,1,100,34.600
1755214425.832221,666064.000,40502,1,T1,1,100,34.508
1755214425.965222,666197.000,40534,1,T1,1,100,34.610
1755214426.098223,666330.000,40550,1,T1,1,100,34.548
1755214426.232224,666464.000,40570,1,T1,1,100,34.521
1755214426.365225,666597.000,40601,1,T1,1,100,34.473
1755214426.498226,666730.000,40617,1,T1,1,100,34.630
1755214426.632227,666864.000,40637,1,T1,1,100,34.556
1755214426.765228,666997.000,40668,1,T1,1,100,34.702
1755214426.898229,667130.000,40685,1,T1,1,100,34.658
1755214427.032230,667264.000,40704,1,T1,1,100,34.498
1755214427.165231,667397.000,40720,1,T1,1,100,34.641
1755214427.298231,667530.000,40752,1,T1,1,100,34.703
1755214427.432232,667664.000,40769,1,T1,1,100,34.552
1755214427.565233,667797.000,40786,1,T1,1,100,34.487
1755214427.698234,667930.000,40817,1,T1,1,100,34.530
1755214427.832235,668064.000,40834,1,T1,1,100,34.513
1755214427.965236,668197.000,40851,1,T1,1,100,34.506
1755214428.098237,668330.000,40884,1,T1,1,100,34.538
1755214428.232238,668464.000,40902,1,T1,1,100,34.587
1755214428.365239,668597.000,40918,1,T1,1,100,34.573
1755214428.498240,668730.000,40950,1,T1,1,100,34.603
1755214428.632241,668864.000,40972,1,T1,1,100,34.651
1755214428.765241,668997.000,40988,1,T1,1,100,34.530
1755214428.898242,669130.000,41006,1,T1,1,100,34.619
1755214429.031243,669263.000,41024,1,T1,1,100,34.623
1755214429.165244,669397.000,41056,1,T1,1,100,34.518
1755214429.298245,669530.000,41073,1,T1,1,100,34.685
1755214429.431246,669663.000,41089,1,T1,1,100,34.651
1755214429.565247,669797.000,41121,1,T1,1,100,34.601
1755214429.698248,669930.000,41138,1,T1,1,100,34.579
1755214429.831249,670063.000,41154,1,T1,1,100,34.570
1755214429.965250,670197.000,41186,1,T1,1,100,34.495
1755214430.098251,670330.000,41205,1,T1,1,100,34.569
1755214430.231251,670463.000,41222,1,T1,1,100,34.707
1755214430.365252,670597.000,41253,1,T1,1,100,34.625
1755214430.498253,670730.000,41270,1,T1,1,100,34.625
1755214430.631254,670863.000,41287,1,T1,1,100,34.625
1755214430.765255,670997.000,41304,1,T1,1,100,34.590
1755214430.898256,671130.000,41338,1,T1,1,100,34.610
1755214431.031257,671263.000,41354,1,T1,1,100,34.547
1755214431.165258,671397.000,41371,1,T1,1,100,34.556
1755214431.298259,671530.000,41403,1,T1,1,100,34.595
1755214431.431260,671663.000,41419,1,T1,1,100,34.683
1755214431.565261,671797.000,41437,1,T1,1,100,34.579
1755214431.698261,671930.000,41470,1,T1,1,100,34.641
1755214431.831262,672063.000,41486,1,T1,1,100,34.632
1755214431.965263,672197.000,41506,1,T1,1,100,34.592
1755214432.098264,672330.000,41537,1,T1,1,100,34.646
1755214432.231265,672463.000,41554,1,T1,1,100,34.705
1755214432.365266,672597.000,41571,1,T1,1,100,34.624
1755214432.498267,672730.000,41587,1,T1,1,100,34.696
1755214432.631268,672863.000,41619,1,T1,1,100,34.691
1755214432.764269,672996.000,41636,1,T1,1,100,34.724
1755214432.898270,673130.000,41653,1,T1,1,100,34.739
1755214433.031271,673263.000,41686,1,T1,1,100,34.745
1755214433.164271,673396.000,41703,1,T1,1,100,34.606
1755214433.298272,673530.000,41720,1,T1,1,100,34.688
1755214433.431273,673663.000,41751,1,T1,1,100,34.688
1755214433.564274,673796.000,41769,1,T1,1,100,34.758
1755214433.698275,673930.000,41785,1,T1,1,100,34.754
1755214433.831276,674063.000,41809,1,T1,1,100,34.716
1755214433.964277,674196.000,41841,1,T1,1,100,34.806
1755214434.098278,674330.000,41857,1,T1,1,100,34.845
1755214434.231279,674463.000,41875,1,T1,1,100,34.827
1755214434.364280,674596.000,41891,1,T1,1,100,34.890
1755214434.498281,674730.000,41923,1,T1,1,100,34.775
1755214434.631281,674863.000,41940,1,T1,1,100,34.761
1755214434.764282,674996.000,41958,1,T1,1,100,34.790
1755214434.898283,675130.000,41990,1,T1,1,100,34.767
1755214435.031284,675263.000,42007,1,T1,1,100,34.935
1755214435.164285,675396.000,42023,1,T1,1,100,34.865
1755214435.298286,675530.000,42055,1,T1,1,100,34.835
1755214435.431287,675663.000,42072,1,T1,1,100,34.893
1755214435.564288,675796.000,42089,1,T1,1,100,34.954
1755214435.697289,675929.000,42122,1,T1,1,100,34.909
1755214435.831290,676063.000,42139,1,T1,1,100,34.925
1755214435.964291,676196.000,42156,1,T1,1,100,34.897
1755214436.097291,676329.000,42187,1,T1,1,100,34.813
1755214436.231292,676463.000,42205,1,T1,1,100,34.955
1755214436.364293,676596.000,42221,1,T1,1,100,34.980
1755214436.497294,676729.000,42253,1,T1,1,100,34.885
1755214436.631295,676863.000,42274,1,T1,1,100,34.915
1755214436.764296,676996.000,42290,1,T1,1,100,34.857
1755214436.897297,677129.000,42308,1,T1,1,100,34.867
1755214437.031298,677263.000,42339,1,T1,1,100,34.836
1755214437.164299,677396.000,42355,1,T1,1,100,34.929
1755214437.297300,677529.000,42373,1,T1,1,100,34.792
1755214437.431301,677663.000,42404,1,T1,1,100,34.839
1755214437.564301,677796.000,42421,1,T1,1,100,34.930
1755214437.697302,677929.000,42440,1,T1,1,100,34.899
1755214437.831303,678063.000,42472,1,T1,1,100,34.885
1755214437.964304,678196.000,42488,1,T1,1,100,34.950
1755214438.097305,678329.000,42505,1,T1,1,100,34.872
1755214438.231306,678463.000,42537,1,T1,1,100,34.945
1755214438.364307,678596.000,42553,1,T1,1,100,35.012
1755214438.497308,678729.000,42570,1,T1,1,100,34.970
1755214438.631309,678863.000,42604,1,T1,1,100,34.987
1755214438.764310,678996.000,42620,1,T1,1,100,34.994
1755214438.897311,679129.000,42643,1,T1,1,100,34.998
1755214439.030311,679262.000,42659,1,T1,1,100,34.963
1755214439.164312,679396.000,42676,1,T1,1,100,35.091
1755214439.297313,679529.000,42708,1,T1,1,100,35.075
1755214439.431314,679663.000,42724,1,T1,1,100,35.068
1755214439.564315,679796.000,42742,1,T1,1,100,35.065
1755214439.697316,679929.000,42760,1,T1,1,100,35.063
1755214439.830317,680062.000,42792,1,T1,1,100,34.992
1755214439.964318,680196.000,42809,1,T1,1,100,34.997
1755214440.097319,680329.000,42825,1,T1,1,100,34.999
1755214440.230320,680462.000,42857,1,T1,1,100,34.999
1755214440.364321,680596.000,42874,1,T1,1,100,35.142
1755214440.497321,680729.000,42890,1,T1,1,100,35.203
1755214440.630322,680862.000,42924,1,T1,1,100,35.017
1755214440.764323,680996.000,42941,1,T1,1,100,34.936
1755214440.897324,681129.000,42958,1,T1,1,100,34.972
1755214441.030325,681262.000,42989,1,T1,1,100,34.988
1755214441.164326,681396.000,43006,1,T1,1,100,34.995
1755214441.297327,681529.000,43023,1,T1,1,100,34.998
1755214441.430328,681662.000,43056,1,T1,1,100,35.034
1755214441.564329,681796.000,43074,1,T1,1,100,34.909
1755214441.697330,681929.000,43092,1,T1,1,100,35.031
1755214441.830331,682062.000,43124,1,T1,1,100,35.049
1755214441.963331,682195.000,43141,1,T1,1,100,35.057
1755214442.097332,682329.000,43157,1,T1,1,100,35.095
1755214442.230333,682462.000,43174,1,T1,1,100,34.935
1755214442.363334,682595.000,43206,1,T1,1,100,35.007
1755214442.497335,682729.000,43222,1,T1,1,100,35.110
1755214442.630336,682862.000,43242,1,T1,1,100,35.047
1755214442.764337,682996.000,43273,1,T1,1,100,35.056
1755214442.897338,683129.000,43290,1,T1,1,100,35.095
1755214443.030339,683262.000,43307,1,T1,1,100,34.970
1755214443.164340,683396.000,43339,1,T1,1,100,35.058
1755214443.297341,683529.000,43355,1,T1,1,100,35.131
1755214443.430341,683662.000,43372,1,T1,1,100,35.057
1755214443.563342,683795.000,43406,1,T1,1,100,34.989
1755214443.697343,683929.000,43422,1,T1,1,100,34.924
1755214443.830344,684062.000,43439,1,T1,1,100,35.074
1755214443.963845,684195.500,43476,2,T1,1,100,34.925
1755214444.097346,684329.000,43476,2,T1,1,100,35.003
1755214444.230347,684462.000,43509,1,T1,1,100,35.001
1755214444.363348,684595.000,43525,1,T1,1,100,34.965
1755214444.497349,684729.000,43544,1,T1,1,100,35.056
1755214444.630350,684862.000,43576,1,T1,1,100,35.060
1755214444.763351,684995.000,43592,1,T1,1,100,35.026
1755214444.897351,685129.000,43610,1,T1,1,100,35.011
1755214445.030352,685262.000,43641,1,T1,1,100,35.005
1755214445.163353,685395.000,43657,1,T1,1,100,34.967
1755214445.297354,685529.000,43675,1,T1,1,100,35.092
1755214445.430355,685662.000,43708,1,T1,1,100,35.040
1755214445.563356,685795.000,43725,1,T1,1,100,35.017
1755214445.697357,685929.000,43742,1,T1,1,100,35.043
1755214445.830358,686062.000,43774,1,T1,1,100,34.948
1755214445.963359,686195.000,43790,1,T1,1,100,34.977
1755214446.096360,686328.000,43807,1,T1,1,100,34.919
1755214446.230361,686462.000,43823,1,T1,1,100,34.965
1755214446.363361,686595.000,43855,1,T1,1,100,34.985
1755214446.496362,686728.000,43874,1,T1,1,100,34.993
1755214446.630363,686862.000,43893,1,T1,1,100,35.033
1755214446.763364,686995.000,43924,1,T1,1,100,35.014
1755214446.896365,687128.000,43942,1,T1,1,100,35.006
1755214447.030366,687262.000,43958,1,T1,1,100,34.967
1755214447.163367,687395.000,43990,1,T1,1,100,34.879
1755214447.296368,687528.000,44007,1,T1,1,100,34.912
1755214447.430369,687662.000,44025,1,T1,1,100,34.962
1755214447.563370,687795.000,44057,1,T1,1,100,34.948
1755214447.696370,687928.000,44074,1,T1,1,100,34.907
1755214447.830371,688062.000,44090,1,T1,1,100,35.031
1755214447.963372,688195.000,44122,1,T1,1,100,34.907
1755214448.096373,688328.000,44139,1,T1,1,100,35.031
1755214448.230374,688462.000,44156,1,T1,1,100,35.084
1755214448.363375,688595.000,44189,1,T1,1,100,34.965
1755214448.496376,688728.000,44206,1,T1,1,100,35.021
1755214448.630377,688862.000,44223,1,T1,1,100,35.115
1755214448.763378,688995.000,44240,1,T1,1,100,35.085
1755214448.896379,689128.000,44272,1,T1,1,100,35.037
1755214449.030380,689262.000,44288,1,T1,1,100,35.051
1755214449.163381,689395.000,44310,1,T1,1,100,34.951
1755214449.296381,689528.000,44327,1,T1,1,100,34.873
1755214449.429382,689661.000,44360,1,T1,1,100,34.909
1755214449.563383,689795.000,44378,1,T1,1,100,34.996
1755214449.696384,689928.000,44394,1,T1,1,100,34.963
1755214449.829385,690061.000,44426,1,T1,1,100,35.019
1755214449.963386,690195.000,44443,1,T1,1,100,35.008
1755214450.096387,690328.000,44459,1,T1,1,100,35.039
1755214450.229388,690461.000,44476,1,T1,1,100,34.981
1755214450.363389,690595.000,44508,1,T1,1,100,34.992
1755214450.496390,690728.000,44524,1,T1,1,100,34.890
1755214450.629390,690861.000,44544,1,T1,1,100,34.882
1755214450.763391,690995.000,44575,1,T1,1,100,34.949
1755214450.896392,691128.000,44592,1,T1,1,100,34.978
1755214451.029393,691261.000,44609,1,T1,1,100,35.026
1755214451.163394,691395.000,44641,1,T1,1,100,35.082
1755214451.296395,691528.000,44657,1,T1,1,100,35.000
1755214451.429396,691661.000,44674,1,T1,1,100,35.035
1755214451.563397,691795.000,44710,1,T1,1,100,34.980
1755214451.696398,691928.000,44726,1,T1,1,100,34.956
1755214451.829399,692061.000,44743,1,T1,1,100,34.945
1755214451.962400,692194.000,44775,1,T1,1,100,35.047
1755214452.096400,692328.000,44791,1,T1,1,100,34.985
1755214452.229401,692461.000,44809,1,T1,1,100,35.029
1755214452.363402,692595.000,44840,1,T1,1,100,35.048
1755214452.496403,692728.000,44858,1,T1,1,100,34.879
1755214452.629404,692861.000,44876,1,T1,1,100,34.948
1755214452.762405,692994.000,44892,1,T1,1,100,34.977
1755214452.896406,693128.000,44924,1,T1,1,100,34.919
1755214453.029407,693261.000,44941,1,T1,1,100,34.894
1755214453.162408,693394.000,44957,1,T1,1,100,34.954
1755214453.296409,693528.000,44989,1,T1,1,100,34.909
1755214453.429410,693661.000,45008,1,T1,1,100,35.032
1755214453.562410,693794.000,45025,1,T1,1,100,35.014
1755214453.696411,693928.000,45056,1,T1,1,100,35.041
1755214453.829412,694061.000,45073,1,T1,1,100,34.947
1755214453.962413,694194.000,45090,1,T1,1,100,34.906
1755214454.096414,694328.000,45121,1,T1,1,100,35.030
1755214454.229415,694461.000,45144,1,T1,1,100,34.942
1755214454.362416,694594.000,45160,1,T1,1,100,35.081
1755214454.496417,694728.000,45179,1,T1,1,100,35.035
1755214454.629418,694861.000,45196,1,T1,1,100,35.015
1755214454.762419,694994.000,45227,1,T1,1,100,35.007
1755214454.896420,695128.000,45245,1,T1,1,100,35.109
1755214455.029420,695261.000,45261,1,T1,1,100,35.083
1755214455.162421,695394.000,45293,1,T1,1,100,34.965
1755214455.296422,695528.000,45310,1,T1,1,100,35.020
1755214455.429423,695661.000,45326,1,T1,1,100,34.938
1755214455.562424,695794.000,45360,1,T1,1,100,34.973
1755214455.695425,695927.000,45377,1,T1,1,100,35.024
1755214455.829426,696061.000,45393,1,T1,1,100,35.010
1755214455.962427,696194.000,45425,1,T1,1,100,34.934
1755214456.096428,696328.000,45442,1,T1,1,100,34.936
1755214456.229429,696461.000,45459,1,T1,1,100,34.937
1755214456.362430,696594.000,45490,1,T1,1,100,35.044
1755214456.496430,696728.000,45507,1,T1,1,100,35.090
1755214456.629431,696861.000,45528,1,T1,1,100,34.968
1755214456.762432,696994.000,45545,1,T1,1,100,34.951
1755214456.895433,697127.000,45577,1,T1,1,100,34.979
1755214457.029434,697261.000,45593,1,T1,1,100,34.920
1755214457.162435,697394.000,45610,1,T1,1,100,34.965
1755214457.295436,697527.000,45642,1,T1,1,100,34.985
1755214457.429437,697661.000,45658,1,T1,1,100,34.958
1755214457.562438,697794.000,45676,1,T1,1,100,34.946
1755214457.695439,697927.000,45709,1,T1,1,100,35.012
1755214457.829440,698061.000,45725,1,T1,1,100,35.005
1755214457.962440,698194.000,45743,1,T1,1,100,35.002
1755214458.095441,698327.000,45774,1,T1,1,100,35.001
1755214458.229442,698461.000,45791,1,T1,1,100,34.894
1755214458.362443,698594.000,45808,1,T1,1,100,34.954
1755214458.495444,698727.000,45840,1,T1,1,100,35.016
1755214458.629445,698861.000,45856,1,T1,1,100,35.042
1755214458.762446,698994.000,45875,1,T1,1,100,35.054
1755214458.895447,699127.000,45907,1,T1,1,100,35.059
1755214459.028448,699260.000,45923,1,T1,1,100,35.061
1755214459.162449,699394.000,45940,1,T1,1,100,34.991
1755214459.295450,699527.000,45957,1,T1,1,100,35.102
1755214459.428450,699660.000,45978,1,T1,1,100,35.044
1755214459.562451,699794.000,46010,1,T1,1,100,34.984
1755214459.695452,699927.000,46028,1,T1,1,100,35.099
1755214459.828453,700060.000,46045,1,T1,1,100,35.114
1755214459.962454,700194.000,46077,1,T1,1,100,35.014
1755214460.095455,700327.000,46093,1,T1,1,100,34.900
1755214460.228456,700460.000,46111,1,T1,1,100,34.992
1755214460.362457,700594.000,46142,1,T1,1,100,34.997
1755214460.495458,700727.000,46158,1,T1,1,100,35.105
1755214460.628459,700860.000,46176,1,T1,1,100,35.152
1755214460.762460,700994.000,46192,1,T1,1,100,35.066
1755214460.895460,701127.000,46226,1,T1,1,100,35.028
1755214461.028461,701260.000,46243,1,T1,1,100,35.012
1755214461.162462,701394.000,46259,1,T1,1,100,35.005
1755214461.295463,701527.000,46291,1,T1,1,100,35.038
1755214461.428464,701660.000,46308,1,T1,1,100,35.158
1755214461.562465,701794.000,46325,1,T1,1,100,34.998
1755214461.695466,701927.000,46360,1,T1,1,100,34.999
1755214461.828467,702060.000,46377,1,T1,1,100,35.070
1755214461.962468,702194.000,46394,1,T1,1,100,34.995
1755214462.095469,702327.000,46425,1,T1,1,100,34.998
1755214462.228470,702460.000,46443,1,T1,1,100,35.035
1755214462.361470,702593.000,46459,1,T1,1,100,34.944
1755214462.495471,702727.000,46493,1,T1,1,100,35.047
1755214462.628472,702860.000,46510,1,T1,1,100,35.127
1755214462.761473,702993.000,46526,1,T1,1,100,35.055
1755214462.895474,703127.000,46558,1,T1,1,100,35.059
1755214463.028475,703260.000,46575,1,T1,1,100,35.026
1755214463.161476,703393.000,46591,1,T1,1,100,35.011
1755214463.295477,703527.000,46609,1,T1,1,100,35.040
1755214463.428478,703660.000,46642,1,T1,1,100,35.124
1755214463.561479,703793.000,46659,1,T1,1,100,35.018
1755214463.695480,703927.000,46676,1,T1,1,100,34.937
1755214463.828480,704060.000,46708,1,T1,1,100,35.008
1755214463.961481,704193.000,46724,1,T1,1,100,35.039
1755214464.095482,704327.000,46741,1,T1,1,100,34.981
1755214464.228483,704460.000,46775,1,T1,1,100,35.098
1755214464.361484,704593.000,46791,1,T1,1,100,35.078
1755214464.495485,704727.000,46814,1,T1,1,100,35.034
1755214464.628486,704860.000,46830,1,T1,1,100,35.015
1755214464.761487,704993.000,46847,1,T1,1,100,35.077
1755214464.895488,705127.000,46879,1,T1,1,100,35.033
1755214465.028489,705260.000,46895,1,T1,1,100,35.050
1755214465.161490,705393.000,46912,1,T1,1,100,35.057
1755214465.295490,705527.000,46946,1,T1,1,100,35.060
1755214465.428491,705660.000,46962,1,T1,1,100,35.061
1755214465.561492,705793.000,46980,1,T1,1,100,35.133
1755214465.695493,705927.000,47011,1,T1,1,100,35.022
1755214465.828494,706060.000,47027,1,T1,1,100,35.010
1755214465.961495,706193.000,47045,1,T1,1,100,35.040
1755214466.094496,706326.000,47061,1,T1,1,100,35.088
1755214466.228497,706460.000,47095,1,T1,1,100,35.109
1755214466.361498,706593.000,47112,1,T1,1,100,35.154
1755214466.494499,706726.000,47128,1,T1,1,100,35.031
1755214466.628500,706860.000,47162,1,T1,1,100,35.049
1755214466.761500,706993.000,47179,1,T1,1,100,35.092
1755214466.894501,707126.000,47196,1,T1,1,100,35.004
1755214467.028502,707260.000,47227,1,T1,1,100,35.002
1755214467.161503,707393.000,47246,1,T1,1,100,35.001
1755214467.294504,707526.000,47263,1,T1,1,100,35.000
1755214467.428505,707660.000,47294,1,T1,1,100,35.071
1755214467.561506,707793.000,47312,1,T1,1,100,35.173
1755214467.694507,707926.000,47328,1,T1,1,100,35.146
1755214467.828508,708060.000,47360,1,T1,1,100,35.098
1755214467.961509,708193.000,47377,1,T1,1,100,35.078
1755214468.094510,708326.000,47393,1,T1,1,100,34.998
1755214468.228510,708460.000,47427,1,T1,1,100,35.070
1755214468.361511,708593.000,47444,1,T1,1,100,35.101
1755214468.494512,708726.000,47460,1,T1,1,100,35.115
1755214468.628513,708860.000,47478,1,T1,1,100,35.050
1755214468.761514,708993.000,47509,1,T1,1,100,35.092
1755214468.894515,709126.000,47526,1,T1,1,100,35.040
1755214469.027516,709259.000,47543,1,T1,1,100,35.053
1755214469.161517,709393.000,47577,1,T1,1,100,35.058
1755214469.294518,709526.000,47593,1,T1,1,100,35.096
1755214469.427519,709659.000,47610,1,T1,1,100,34.935
1755214469.561520,709793.000,47647,1,T1,1,100,34.972
1755214469.694520,709926.000,47663,1,T1,1,100,35.023
1755214469.827521,710059.000,47680,1,T1,1,100,35.046
1755214469.961522,710193.000,47697,1,T1,1,100,35.055
1755214470.094523,710326.000,47730,1,T1,1,100,35.024
1755214470.227524,710459.000,47748,1,T1,1,100,35.046
1755214470.361525,710593.000,47764,1,T1,1,100,35.055
1755214470.494526,710726.000,47796,1,T1,1,100,35.166
1755214470.627527,710859.000,47813,1,T1,1,100,35.072
1755214470.761528,710993.000,47829,1,T1,1,100,34.996
1755214470.894529,711126.000,47846,1,T1,1,100,35.034
1755214471.027530,711259.000,47880,1,T1,1,100,35.050
1755214471.161530,711393.000,47896,1,T1,1,100,35.022
1755214471.294531,711526.000,47914,1,T1,1,100,35.080
1755214471.427532,711659.000,47945,1,T1,1,100,35.035
1755214471.561533,711793.000,47962,1,T1,1,100,35.015
1755214471.694534,711926.000,47981,1,T1,1,100,35.113
1755214471.827535,712059.000,48013,1,T1,1,100,35.084
1755214471.961536,712193.000,48029,1,T1,1,100,35.036
1755214472.094537,712326.000,48046,1,T1,1,100,35.087
1755214472.227538,712459.000,48080,1,T1,1,100,35.002
1755214472.360539,712592.000,48096,1,T1,1,100,35.001
1755214472.494540,712726.000,48113,1,T1,1,100,35.071
1755214472.627540,712859.000,48145,1,T1,1,100,34.995
1755214472.760541,712992.000,48161,1,T1,1,100,35.033
1755214472.894542,713126.000,48179,1,T1,1,100,35.085
1755214473.027543,713259.000,48195,1,T1,1,100,35.037
1755214473.160544,713392.000,48228,1,T1,1,100,35.051
1755214473.294545,713526.000,48246,1,T1,1,100,35.093
1755214473.427546,713659.000,48262,1,T1,1,100,35.040
1755214473.560547,713792.000,48294,1,T1,1,100,35.053
1755214473.694548,713926.000,48311,1,T1,1,100,35.094
1755214473.827549,714059.000,48327,1,T1,1,100,35.147
1755214473.960550,714192.000,48359,1,T1,1,100,35.170
1755214474.094550,714326.000,48378,1,T1,1,100,35.144
1755214474.227551,714459.000,48395,1,T1,1,100,35.063
1755214474.360552,714592.000,48426,1,T1,1,100,35.027
1755214474.494553,714726.000,48443,1,T1,1,100,35.118
1755214474.627554,714859.000,48460,1,T1,1,100,35.193
1755214474.760555,714992.000,48482,1,T1,1,100,35.119
1755214474.894556,715126.000,48514,1,T1,1,100,35.051
1755214475.027557,715259.000,48532,1,T1,1,100,35.129
1755214475.160558,715392.000,48549,1,T1,1,100,35.091
1755214475.294559,715526.000,48566,1,T1,1,100,35.146
1755214475.427560,715659.000,48597,1,T1,1,100,35.169
1755214475.560560,715792.000,48615,1,T1,1,100,35.144
1755214475.694561,715926.000,48631,1,T1,1,100,35.133
1755214475.827562,716059.000,48663,1,T1,1,100,35.129
1755214475.960563,716192.000,48682,1,T1,1,100,35.091
1755214476.093564,716325.000,48698,1,T1,1,100,35.146
1755214476.227565,716459.000,48730,1,T1,1,100,35.205
1755214476.360566,716592.000,48747,1,T1,1,100,35.089
1755214476.493567,716725.000,48763,1,T1,1,100,35.074
1755214476.627568,716859.000,48797,1,T1,1,100,35.174
1755214476.760569,716992.000,48814,1,T1,1,100,35.111
1755214476.893570,717125.000,48831,1,T1,1,100,35.083
1755214477.027570,717259.000,48864,1,T1,1,100,35.036
1755214477.160571,717392.000,48881,1,T1,1,100,35.016
1755214477.293572,717525.000,48898,1,T1,1,100,35.078
1755214477.427573,717659.000,48915,1,T1,1,100,35.105
1755214477.560574,717792.000,48947,1,T1,1,100,35.045
1755214477.693575,717925.000,48963,1,T1,1,100,35.090
1755214477.827576,718059.000,48980,1,T1,1,100,35.110
1755214477.960577,718192.000,49012,1,T1,1,100,35.083
1755214478.093578,718325.000,49030,1,T1,1,100,35.107
1755214478.227579,718459.000,49048,1,T1,1,100,35.188
1755214478.360580,718592.000,49079,1,T1,1,100,35.081
1755214478.493580,718725.000,49095,1,T1,1,100,35.106
1755214478.627581,718859.000,49113,1,T1,1,100,35.223
1755214478.760582,718992.000,49144,1,T1,1,100,35.203
1755214478.893583,719125.000,49161,1,T1,1,100,35.088
1755214479.027584,719259.000,49178,1,T1,1,100,35.180
1755214479.160585,719392.000,49212,1,T1,1,100,35.149
1755214479.293586,719525.000,49228,1,T1,1,100,35.100
1755214479.426587,719658.000,49245,1,T1,1,100,35.150
1755214479.560588,719792.000,49277,1,T1,1,100,35.171
1755214479.693589,719925.000,49293,1,T1,1,100,35.216
1755214479.826590,720058.000,49316,1,T1,1,100,35.164
1755214479.960590,720192.000,49332,1,T1,1,100,35.177
1755214480.093591,720325.000,49351,1,T1,1,100,35.148
1755214480.226592,720458.000,49383,1,T1,1,100,35.170
1755214480.360593,720592.000,49399,1,T1,1,100,35.145
1755214480.493594,720725.000,49416,1,T1,1,100,35.063
1755214480.626595,720858.000,49448,1,T1,1,100,35.063
1755214480.760596,720992.000,49464,1,T1,1,100,35.133
1755214480.893597,721125.000,49482,1,T1,1,100,35.093
1755214481.026598,721258.000,49498,1,T1,1,100,35.111
1755214481.160599,721392.000,49531,1,T1,1,100,35.119
1755214481.293600,721525.000,49549,1,T1,1,100,35.052
1755214481.426600,721658.000,49565,1,T1,1,100,35.129
1755214481.560601,721792.000,49599,1,T1,1,100,35.268
1755214481.693602,721925.000,49616,1,T1,1,100,35.152
1755214481.826603,722058.000,49632,1,T1,1,100,35.137
1755214481.960604,722192.000,49664,1,T1,1,100,35.095
1755214482.093605,722325.000,49683,1,T1,1,100,35.076
1755214482.226606,722458.000,49700,1,T1,1,100,35.139
1755214482.360607,722592.000,49731,1,T1,1,100,35.202
1755214482.493608,722725.000,49748,1,T1,1,100,35.123
1755214482.626609,722858.000,49765,1,T1,1,100,35.018
1755214482.759610,722991.000,49796,1,T1,1,100,35.150
1755214482.893610,723125.000,49814,1,T1,1,100,35.136
1755214483.026611,723258.000,49830,1,T1,1,100,35.165
1755214483.159612,723391.000,49864,1,T1,1,100,35.284
1755214483.293613,723525.000,49881,1,T1,1,100,35.123
1755214483.426614,723658.000,49897,1,T1,1,100,35.195
1755214483.559615,723791.000,49929,1,T1,1,100,35.226
1755214483.693616,723925.000,49946,1,T1,1,100,35.275
1755214483.826617,724058.000,49962,1,T1,1,100,35.155
1755214483.959618,724191.000,49980,1,T1,1,100,35.173
1755214484.093619,724325.000,50013,1,T1,1,100,35.110
1755214484.226620,724458.000,50030,1,T1,1,100,35.154
1755214484.359620,724591.000,50047,1,T1,1,100,35.173
1755214484.493621,724725.000,50079,1,T1,1,100,35.181
1755214484.626622,724858.000,50095,1,T1,1,100,35.185
1755214484.759623,724991.000,50112,1,T1,1,100,35.115
1755214484.893624,725125.000,50149,1,T1,1,100,35.121
1755214485.026625,725258.000,50167,1,T1,1,100,35.088
1755214485.159626,725391.000,50184,1,T1,1,100,35.215
1755214485.293627,725525.000,50201,1,T1,1,100,35.164
1755214485.426628,725658.000,50218,1,T1,1,100,35.071
1755214485.559629,725791.000,50250,1,T1,1,100,35.031
1755214485.692630,725924.000,50266,1,T1,1,100,35.120
1755214485.826630,726058.000,50283,1,T1,1,100,35.158
1755214485.959631,726191.000,50317,1,T1,1,100,35.210
1755214486.092632,726324.000,50333,1,T1,1,100,35.197
1755214486.226633,726458.000,50351,1,T1,1,100,35.156
1755214486.359634,726591.000,50382,1,T1,1,100,35.174
1755214486.492635,726724.000,50398,1,T1,1,100,35.182
1755214486.626636,726858.000,50418,1,T1,1,100,35.185
1755214486.759637,726991.000,50451,1,T1,1,100,35.186
1755214486.892638,727124.000,50468,1,T1,1,100,35.152
1755214487.026639,727258.000,50485,1,T1,1,100,35.101
1755214487.159640,727391.000,50517,1,T1,1,100,35.079
1755214487.292640,727524.000,50533,1,T1,1,100,35.105
1755214487.426641,727658.000,50550,1,T1,1,100,35.046
1755214487.559642,727791.000,50566,1,T1,1,100,35.162
1755214487.692643,727924.000,50600,1,T1,1,100,35.176
1755214487.826644,728058.000,50617,1,T1,1,100,35.112
1755214487.959645,728191.000,50634,1,T1,1,100,35.190
1755214488.092646,728324.000,50665,1,T1,1,100,35.224
1755214488.226647,728458.000,50683,1,T1,1,100,35.132
1755214488.359648,728591.000,50699,1,T1,1,100,35.128
1755214488.492649,728724.000,50733,1,T1,1,100,35.126
1755214488.626650,728858.000,50750,1,T1,1,100,35.197
1755214488.759650,728991.000,50766,1,T1,1,100,35.120
1755214488.892651,729124.000,50798,1,T1,1,100,35.123
1755214489.026652,729258.000,50815,1,T1,1,100,35.195
1755214489.159653,729391.000,50831,1,T1,1,100,35.084
1755214489.292654,729524.000,50863,1,T1,1,100,35.107
1755214489.425655,729657.000,50880,1,T1,1,100,35.082
1755214489.559656,729791.000,50897,1,T1,1,100,35.106
1755214489.692657,729924.000,50930,1,T1,1,100,35.117
1755214489.826658,730058.000,50947,1,T1,1,100,35.192
1755214489.959659,730191.000,50964,1,T1,1,100,35.119
1755214490.092660,730324.000,50986,1,T1,1,100,35.122
1755214490.225660,730457.000,51003,1,T1,1,100,35.124
1755214490.359661,730591.000,51034,1,T1,1,100,35.018
1755214490.492662,730724.000,51053,1,T1,1,100,35.150
1755214490.625663,730857.000,51070,1,T1,1,100,35.171
1755214490.759664,730991.000,51101,1,T1,1,100,35.145
1755214490.892665,731124.000,51119,1,T1,1,100,35.063
1755214491.025666,731257.000,51135,1,T1,1,100,35.169
1755214491.159667,731391.000,51167,1,T1,1,100,35.073
1755214491.292668,731524.000,51184,1,T1,1,100,35.103
1755214491.425669,731657.000,51202,1,T1,1,100,35.222
1755214491.559670,731791.000,51236,1,T1,1,100,35.096
1755214491.692670,731924.000,51253,1,T1,1,100,35.112
1755214491.825671,732057.000,51269,1,T1,1,100,35.190
1755214491.959672,732191.000,51287,1,T1,1,100,35.118
1755214492.092673,732324.000,51318,1,T1,1,100,35.193
1755214492.225674,732457.000,51335,1,T1,1,100,35.225
1755214492.358675,732590.000,51354,1,T1,1,100,35.133
1755214492.492676,732724.000,51386,1,T1,1,100,35.128
1755214492.625677,732857.000,51402,1,T1,1,100,35.162
1755214492.758678,732990.000,51419,1,T1,1,100,35.141
1755214492.892679,733124.000,51451,1,T1,1,100,35.167
1755214493.025680,733257.000,51467,1,T1,1,100,35.143
1755214493.158680,733390.000,51484,1,T1,1,100,35.133
1755214493.292681,733524.000,51518,1,T1,1,100,35.164
1755214493.425682,733657.000,51534,1,T1,1,100,35.213
1755214493.558683,733790.000,51552,1,T1,1,100,35.163
1755214493.692684,733924.000,51583,1,T1,1,100,35.177
1755214493.825685,734057.000,51599,1,T1,1,100,35.112
1755214493.958686,734190.000,51617,1,T1,1,100,35.084
1755214494.092687,734324.000,51650,1,T1,1,100,35.178
1755214494.225688,734457.000,51667,1,T1,1,100,35.219
1755214494.358689,734590.000,51684,1,T1,1,100,35.201
1755214494.492690,734724.000,51700,1,T1,1,100,35.193
1755214494.625690,734857.000,51732,1,T1,1,100,35.190
1755214494.758691,734990.000,51749,1,T1,1,100,35.224
1755214494.892692,735124.000,51765,1,T1,1,100,35.168
1755214495.025693,735257.000,51799,1,T1,1,100,35.179
1755214495.158694,735390.000,51822,1,T1,1,100,35.184
1755214495.292695,735524.000,51838,1,T1,1,100,35.115
1755214495.425696,735657.000,51855,1,T1,1,100,35.192
1755214495.558697,735790.000,51887,1,T1,1,100,35.225
1755214495.691698,735923.000,51903,1,T1,1,100,35.168
1755214495.825699,736057.000,51922,1,T1,1,100,35.179
1755214495.958700,736190.000,51954,1,T1,1,100,35.219
1755214496.092700,736324.000,51970,1,T1,1,100,35.201
1755214496.225701,736457.000,51988,1,T1,1,100,35.229
1755214496.358702,736590.000,52004,1,T1,1,100,35.241
1755214496.491703,736723.000,52036,1,T1,1,100,35.140
1755214496.625704,736857.000,52055,1,T1,1,100,35.060
1755214496.758705,736990.000,52071,1,T1,1,100,35.133
1755214496.891706,737123.000,52105,1,T1,1,100,35.093
1755214497.025707,737257.000,52122,1,T1,1,100,35.217
1755214497.158708,737390.000,52138,1,T1,1,100,35.307
1755214497.291709,737523.000,52170,1,T1,1,100,35.133
1755214497.425710,737657.000,52187,1,T1,1,100,35.164
1755214497.558710,737790.000,52204,1,T1,1,100,35.177
1755214497.691711,737923.000,52235,1,T1,1,100,35.112
1755214497.825712,738057.000,52252,1,T1,1,100,35.119
1755214497.958713,738190.000,52269,1,T1,1,100,35.158
1755214498.091714,738323.000,52300,1,T1,1,100,35.139
1755214498.225715,738457.000,52318,1,T1,1,100,35.202
1755214498.358716,738590.000,52334,1,T1,1,100,35.229
1755214498.491717,738723.000,52366,1,T1,1,100,35.206
1755214498.625718,738857.000,52385,1,T1,1,100,35.160
1755214498.758719,738990.000,52401,1,T1,1,100,35.211
1755214498.891720,739123.000,52418,1,T1,1,100,35.233
1755214499.025720,739257.000,52450,1,T1,1,100,35.278
1755214499.158721,739390.000,52466,1,T1,1,100,35.298
1755214499.291722,739523.000,52484,1,T1,1,100,35.271
1755214499.425723,739657.000,52515,1,T1,1,100,35.153
1755214499.558724,739790.000,52534,1,T1,1,100,35.243
1755214499.691725,739923.000,52551,1,T1,1,100,35.247
1755214499.825726,740057.000,52583,1,T1,1,100,35.249
1755214499.958727,740190.000,52599,1,T1,1,100,35.285
1755214500.091728,740323.000,52616,1,T1,1,100,35.265
1755214500.225229,740456.500,52653,2,T1,1,100,35.150
1755214500.358730,740590.000,52653,2,T1,1,100,35.207
1755214500.491730,740723.000,52687,1,T1,1,100,35.231
1755214500.624731,740856.000,52703,1,T1,1,100,35.206
1755214500.758732,740990.000,52720,1,T1,1,100,35.196
1755214500.891733,741123.000,52752,1,T1,1,100,35.156
1755214501.024734,741256.000,52768,1,T1,1,100,35.209
1755214501.158735,741390.000,52785,1,T1,1,100,35.232
1755214501.291736,741523.000,52819,1,T1,1,100,35.242
1755214501.424737,741656.000,52835,1,T1,1,100,35.176
1755214501.558738,741790.000,52853,1,T1,1,100,35.218
1755214501.691739,741923.000,52886,1,T1,1,100,35.272
1755214501.824740,742056.000,52902,1,T1,1,100,35.259
1755214501.958740,742190.000,52920,1,T1,1,100,35.254
1755214502.091741,742323.000,52938,1,T1,1,100,35.323
1755214502.224742,742456.000,52970,1,T1,1,100,35.246
1755214502.358743,742590.000,52987,1,T1,1,100,35.177
1755214502.491744,742723.000,53003,1,T1,1,100,35.289
1755214502.624745,742856.000,53035,1,T1,1,100,35.196
1755214502.757746,742989.000,53052,1,T1,1,100,35.262
1755214502.891747,743123.000,53069,1,T1,1,100,35.326
1755214503.024748,743256.000,53102,1,T1,1,100,35.141
1755214503.157749,743389.000,53119,1,T1,1,100,35.167
1755214503.291750,743523.000,53136,1,T1,1,100,35.214
1755214503.424750,743656.000,53167,1,T1,1,100,35.164
1755214503.557751,743789.000,53185,1,T1,1,100,35.248
1755214503.691752,743923.000,53201,1,T1,1,100,35.249
1755214503.824753,744056.000,53233,1,T1,1,100,35.321
1755214503.957754,744189.000,53252,1,T1,1,100,35.316
1755214504.091755,744323.000,53268,1,T1,1,100,35.243
1755214504.224756,744456.000,53285,1,T1,1,100,35.212
1755214504.357757,744589.000,53317,1,T1,1,100,35.162
1755214504.491758,744723.000,53333,1,T1,1,100,35.248
1755214504.624759,744856.000,53351,1,T1,1,100,35.355
1755214504.757760,744989.000,53384,1,T1,1,100,35.331
1755214504.891760,745123.000,53401,1,T1,1,100,35.285
1755214505.024761,745256.000,53418,1,T1,1,100,35.265
1755214505.157762,745389.000,53450,1,T1,1,100,35.257
1755214505.291763,745523.000,53466,1,T1,1,100,35.324
1755214505.424764,745656.000,53488,1,T1,1,100,35.353
1755214505.557765,745789.000,53505,1,T1,1,100,35.330
1755214505.691766,745923.000,53524,1,T1,1,100,35.356
1755214505.824767,746056.000,53555,1,T1,1,100,35.437
1755214505.957768,746189.000,53572,1,T1,1,100,35.296
1755214506.090769,746322.000,53589,1,T1,1,100,35.341
1755214506.224770,746456.000,53621,1,T1,1,100,35.360
1755214506.357770,746589.000,53637,1,T1,1,100,35.191
1755214506.490771,746722.000,53654,1,T1,1,100,35.225
1755214506.624772,746856.000,53690,1,T1,1,100,35.310
1755214506.757773,746989.000,53706,1,T1,1,100,35.240
1755214506.890774,747122.000,53724,1,T1,1,100,35.281
1755214507.024775,747256.000,53755,1,T1,1,100,35.299
1755214507.157776,747389.000,53771,1,T1,1,100,35.271
1755214507.290777,747522.000,53789,1,T1,1,100,35.366
1755214507.424778,747656.000,53820,1,T1,1,100,35.442
1755214507.557779,747789.000,53839,1,T1,1,100,35.333
1755214507.690780,747922.000,53856,1,T1,1,100,35.250
1755214507.824780,748056.000,53872,1,T1,1,100,35.357
1755214507.957781,748189.000,53904,1,T1,1,100,35.367
1755214508.090782,748322.000,53921,1,T1,1,100,35.336
1755214508.224783,748456.000,53938,1,T1,1,100,35.394
1755214508.357784,748589.000,53971,1,T1,1,100,35.312
1755214508.490785,748722.000,53988,1,T1,1,100,35.277
1755214508.624786,748856.000,54005,1,T1,1,100,35.368
1755214508.757787,748989.000,54036,1,T1,1,100,35.478
1755214508.890788,749122.000,54054,1,T1,1,100,35.455
1755214509.024789,749256.000,54070,1,T1,1,100,35.481
1755214509.157790,749389.000,54102,1,T1,1,100,35.385
1755214509.290790,749522.000,54121,1,T1,1,100,35.273
1755214509.423791,749655.000,54137,1,T1,1,100,35.331
1755214509.557792,749789.000,54169,1,T1,1,100,35.320
1755214509.690793,749922.000,54186,1,T1,1,100,35.280
1755214509.823794,750055.000,54202,1,T1,1,100,35.370
1755214509.957795,750189.000,54220,1,T1,1,100,35.373
1755214510.090796,750322.000,54251,1,T1,1,100,35.374
1755214510.223797,750455.000,54270,1,T1,1,100,35.445
1755214510.357798,750589.000,54287,1,T1,1,100,35.441
1755214510.490799,750722.000,54324,1,T1,1,100,35.297
1755214510.623800,750855.000,54340,1,T1,1,100,35.341
1755214510.757800,750989.000,54357,1,T1,1,100,35.431
1755214510.890801,751122.000,54374,1,T1,1,100,35.364
1755214511.023802,751255.000,54407,1,T1,1,100,35.335
1755214511.157803,751389.000,54424,1,T1,1,100,35.393
1755214511.290804,751522.000,54441,1,T1,1,100,35.383
1755214511.423805,751655.000,54458,1,T1,1,100,35.414
1755214511.557806,751789.000,54490,1,T1,1,100,35.427
1755214511.690807,751922.000,54508,1,T1,1,100,35.362
1755214511.823808,752055.000,54525,1,T1,1,100,35.369
1755214511.957809,752189.000,54559,1,T1,1,100,35.444
1755214512.090810,752322.000,54575,1,T1,1,100,35.298
1755214512.223810,752455.000,54593,1,T1,1,100,35.377
1755214512.357811,752589.000,54624,1,T1,1,100,35.482
1755214512.490812,752722.000,54640,1,T1,1,100,35.351
1755214512.623813,752855.000,54658,1,T1,1,100,35.471
1755214512.756814,752988.000,54691,1,T1,1,100,35.452
1755214512.890815,753122.000,54708,1,T1,1,100,35.408
1755214513.023816,753255.000,54725,1,T1,1,100,35.460
1755214513.156817,753388.000,54757,1,T1,1,100,35.376
1755214513.290818,753522.000,54773,1,T1,1,100,35.305
1755214513.423819,753655.000,54790,1,T1,1,100,35.380
1755214513.556820,753788.000,54822,1,T1,1,100,35.413
1755214513.690820,753922.000,54840,1,T1,1,100,35.427
1755214513.823821,754055.000,54857,1,T1,1,100,35.397
1755214513.956822,754188.000,54874,1,T1,1,100,35.385
1755214514.090823,754322.000,54905,1,T1,1,100,35.379
1755214514.223824,754455.000,54923,1,T1,1,100,35.377
1755214514.356825,754588.000,54939,1,T1,1,100,35.447
1755214514.490826,754722.000,54971,1,T1,1,100,35.441
1755214514.623827,754855.000,54990,1,T1,1,100,35.333
1755214514.756828,754988.000,55006,1,T1,1,100,35.357
1755214514.890829,755122.000,55038,1,T1,1,100,35.509
1755214515.023830,755255.000,55055,1,T1,1,100,35.397
1755214515.156830,755388.000,55071,1,T1,1,100,35.385
1755214515.290831,755522.000,55103,1,T1,1,100,35.450
1755214515.423832,755655.000,55120,1,T1,1,100,35.337
1755214515.556833,755788.000,55139,1,T1,1,100,35.287
1755214515.689834,755921.000,55161,1,T1,1,100,35.443
1755214515.823835,756055.000,55177,1,T1,1,100,35.440
1755214515.956836,756188.000,55209,1,T1,1,100,35.545
1755214516.089837,756321.000,55226,1,T1,1,100,35.449
1755214516.223838,756455.000,55243,1,T1,1,100,35.442
1755214516.356839,756588.000,55276,1,T1,1,100,35.475
1755214516.489839,756721.000,55293,1,T1,1,100,35.489
1755214516.623840,756855.000,55312,1,T1,1,100,35.389
1755214516.756841,756988.000,55343,1,T1,1,100,35.346
1755214516.889842,757121.000,55361,1,T1,1,100,35.433
1755214517.023843,757255.000,55377,1,T1,1,100,35.436
1755214517.156844,757388.000,55409,1,T1,1,100,35.437
1755214517.289845,757521.000,55428,1,T1,1,100,35.508
1755214517.423846,757655.000,55444,1,T1,1,100,35.468
1755214517.556847,757788.000,55461,1,T1,1,100,35.380
1755214517.689848,757921.000,55493,1,T1,1,100,35.519
1755214517.823849,758055.000,55509,1,T1,1,100,35.473
1755214517.956849,758188.000,55527,1,T1,1,100,35.524
1755214518.089850,758321.000,55560,1,T1,1,100,35.510
1755214518.223851,758455.000,55577,1,T1,1,100,35.292
1755214518.356852,758588.000,55594,1,T1,1,100,35.410
1755214518.489853,758721.000,55626,1,T1,1,100,35.461
1755214518.623854,758855.000,55642,1,T1,1,100,35.483
1755214518.756855,758988.000,55659,1,T1,1,100,35.493
1755214518.889856,759121.000,55691,1,T1,1,100,35.461
1755214519.022857,759254.000,55707,1,T1,1,100,35.483
1755214519.156858,759388.000,55726,1,T1,1,100,35.528
1755214519.289859,759521.000,55758,1,T1,1,100,35.583
1755214519.422859,759654.000,55774,1,T1,1,100,35.571
1755214519.556860,759788.000,55792,1,T1,1,100,35.460
1755214519.689861,759921.000,55823,1,T1,1,100,35.412
1755214519.822862,760054.000,55839,1,T1,1,100,35.426
1755214519.956863,760188.000,55857,1,T1,1,100,35.504
1755214520.089864,760321.000,55875,1,T1,1,100,35.537
1755214520.222865,760454.000,55907,1,T1,1,100,35.551
1755214520.356866,760588.000,55924,1,T1,1,100,35.451
1755214520.489867,760721.000,55940,1,T1,1,100,35.479
1755214520.622868,760854.000,55972,1,T1,1,100,35.491
1755214520.756869,760988.000,55996,1,T1,1,100,35.425
1755214520.889869,761121.000,56013,1,T1,1,100,35.432
1755214521.022870,761254.000,56030,1,T1,1,100,35.435
1755214521.156871,761388.000,56062,1,T1,1,100,35.472
1755214521.289872,761521.000,56078,1,T1,1,100,35.523
1755214521.422873,761654.000,56095,1,T1,1,100,35.510
1755214521.556874,761788.000,56111,1,T1,1,100,35.504
1755214521.689875,761921.000,56145,1,T1,1,100,35.466
1755214521.822876,762054.000,56164,1,T1,1,100,35.485
1755214521.956877,762188.000,56181,1,T1,1,100,35.387
1755214522.089878,762321.000,56212,1,T1,1,100,35.593
1755214522.222879,762454.000,56230,1,T1,1,100,35.505
1755214522.355879,762587.000,56246,1,T1,1,100,35.467
1755214522.489880,762721.000,56278,1,T1,1,100,35.486
1755214522.622881,762854.000,56295,1,T1,1,100,35.494
1755214522.755882,762987.000,56313,1,T1,1,100,35.497
1755214522.889883,763121.000,56345,1,T1,1,100,35.570
1755214523.022884,763254.000,56362,1,T1,1,100,35.495
1755214523.155885,763387.000,56378,1,T1,1,100,35.569
1755214523.289886,763521.000,56410,1,T1,1,100,35.530
1755214523.422887,763654.000,56427,1,T1,1,100,35.548
1755214523.555888,763787.000,56444,1,T1,1,100,35.485
1755214523.689889,763921.000,56463,1,T1,1,100,35.494
1755214523.822889,764054.000,56494,1,T1,1,100,35.462
1755214523.955890,764187.000,56511,1,T1,1,100,35.554
1755214524.089891,764321.000,56528,1,T1,1,100,35.453
1755214524.222892,764454.000,56560,1,T1,1,100,35.550
1755214524.355893,764587.000,56576,1,T1,1,100,35.628
1755214524.489894,764721.000,56593,1,T1,1,100,35.485
1755214524.622895,764854.000,56627,1,T1,1,100,35.529
1755214524.755896,764987.000,56643,1,T1,1,100,35.512
1755214524.889897,765121.000,56661,1,T1,1,100,35.541
1755214525.022898,765254.000,56692,1,T1,1,100,35.553
1755214525.155899,765387.000,56708,1,T1,1,100,35.558
1755214525.289899,765521.000,56726,1,T1,1,100,35.525
1755214525.422900,765654.000,56757,1,T1,1,100,35.582
1755214525.555901,765787.000,56776,1,T1,1,100,35.606
1755214525.688902,765920.000,56793,1,T1,1,100,35.581
1755214525.822903,766054.000,56809,1,T1,1,100,35.571
1755214525.955904,766187.000,56831,1,T1,1,100,35.602
1755214526.089905,766321.000,56862,1,T1,1,100,35.473
1755214526.222906,766454.000,56879,1,T1,1,100,35.488
1755214526.355907,766587.000,56896,1,T1,1,100,35.530
1755214526.488908,766720.000,56930,1,T1,1,100,35.513
1755214526.622909,766854.000,56948,1,T1,1,100,35.470
1755214526.755909,766987.000,56965,1,T1,1,100,35.523
1755214526.888910,767120.000,56997,1,T1,1,100,35.439
1755214527.022911,767254.000,57013,1,T1,1,100,35.544
1755214527.155912,767387.000,57030,1,T1,1,100,35.590
1755214527.288913,767520.000,57047,1,T1,1,100,35.468
1755214527.422914,767654.000,57080,1,T1,1,100,35.415
1755214527.555915,767787.000,57098,1,T1,1,100,35.534
1755214527.688916,767920.000,57114,1,T1,1,100,35.515
1755214527.822917,768054.000,57146,1,T1,1,100,35.648
1755214527.955918,768187.000,57163,1,T1,1,100,35.600
1755214528.088919,768320.000,57179,1,T1,1,100,35.472
1755214528.222919,768454.000,57211,1,T1,1,100,35.594
1755214528.355920,768587.000,57230,1,T1,1,100,35.612
1755214528.488921,768720.000,57246,1,T1,1,100,35.548
1755214528.622922,768854.000,57278,1,T1,1,100,35.556
1755214528.755923,768987.000,57295,1,T1,1,100,35.524
1755214528.888924,769120.000,57312,1,T1,1,100,35.546
1755214529.022925,769254.000,57343,1,T1,1,100,35.520
1755214529.155926,769387.000,57360,1,T1,1,100,35.509
1755214529.288927,769520.000,57377,1,T1,1,100,35.575
1755214529.421928,769653.000,57410,1,T1,1,100,35.497
1755214529.555929,769787.000,57428,1,T1,1,100,35.499
1755214529.688929,769920.000,57444,1,T1,1,100,35.499
1755214529.821930,770053.000,57461,1,T1,1,100,35.535
1755214529.955931,770187.000,57493,1,T1,1,100,35.515
1755214530.088932,770320.000,57509,1,T1,1,100,35.436
1755214530.221933,770453.000,57526,1,T1,1,100,35.472
1755214530.355934,770587.000,57560,1,T1,1,100,35.523
1755214530.488935,770720.000,57576,1,T1,1,100,35.581
1755214530.621936,770853.000,57594,1,T1,1,100,35.464
1755214530.755937,770987.000,57625,1,T1,1,100,35.520
1755214530.888938,771120.000,57642,1,T1,1,100,35.615
1755214531.021939,771253.000,57664,1,T1,1,100,35.585
1755214531.155939,771387.000,57680,1,T1,1,100,35.572
1755214531.288940,771520.000,57698,1,T1,1,100,35.531
1755214531.421941,771653.000,57731,1,T1,1,100,35.478
1755214531.555942,771787.000,57748,1,T1,1,100,35.526
1755214531.688943,771920.000,57767,1,T1,1,100,35.547
1755214531.821944,772053.000,57799,1,T1,1,100,35.556
1755214531.955945,772187.000,57815,1,T1,1,100,35.560
1755214532.088946,772320.000,57832,1,T1,1,100,35.526
1755214532.221947,772453.000,57866,1,T1,1,100,35.405
1755214532.354948,772586.000,57882,1,T1,1,100,35.530
1755214532.488949,772720.000,57899,1,T1,1,100,35.584
1755214532.621949,772853.000,57931,1,T1,1,100,35.536
1755214532.754950,772986.000,57947,1,T1,1,100,35.587
1755214532.888951,773120.000,57965,1,T1,1,100,35.573
1755214533.021952,773253.000,57996,1,T1,1,100,35.461
1755214533.154953,773386.000,58014,1,T1,1,100,35.589
1755214533.288954,773520.000,58032,1,T1,1,100,35.716
1755214533.421955,773653.000,58048,1,T1,1,100,35.629
1755214533.554956,773786.000,58080,1,T1,1,100,35.520
1755214533.688957,773920.000,58097,1,T1,1,100,35.544
1755214533.821958,774053.000,58113,1,T1,1,100,35.519
1755214533.954959,774186.000,58145,1,T1,1,100,35.508
1755214534.088959,774320.000,58164,1,T1,1,100,35.610
1755214534.221960,774453.000,58181,1,T1,1,100,35.618
1755214534.354961,774586.000,58212,1,T1,1,100,35.551
1755214534.488962,774720.000,58229,1,T1,1,100,35.522
1755214534.621963,774853.000,58246,1,T1,1,100,35.651
1755214534.754964,774986.000,58277,1,T1,1,100,35.530
1755214534.888965,775120.000,58295,1,T1,1,100,35.548
1755214535.021966,775253.000,58311,1,T1,1,100,35.592
1755214535.154967,775386.000,58345,1,T1,1,100,35.540
1755214535.288968,775520.000,58362,1,T1,1,100,35.553
1755214535.421969,775653.000,58378,1,T1,1,100,35.629
1755214535.554969,775786.000,58410,1,T1,1,100,35.591
1755214535.687970,775919.000,58427,1,T1,1,100,35.540
1755214535.821971,776053.000,58443,1,T1,1,100,35.517
1755214535.954972,776186.000,58461,1,T1,1,100,35.507
1755214536.087973,776319.000,58499,1,T1,1,100,35.468
1755214536.221974,776453.000,58516,1,T1,1,100,35.557
1755214536.354975,776586.000,58533,1,T1,1,100,35.560
1755214536.487976,776719.000,58549,1,T1,1,100,35.561
1755214536.621977,776853.000,58567,1,T1,1,100,35.562
1755214536.754978,776986.000,58600,1,T1,1,100,35.527
1755214536.887979,777119.000,58619,1,T1,1,100,35.618
1755214537.021979,777253.000,58636,1,T1,1,100,35.551
1755214537.154980,777386.000,58668,1,T1,1,100,35.522
1755214537.287981,777519.000,58684,1,T1,1,100,35.510
1755214537.421982,777653.000,58701,1,T1,1,100,35.575
1755214537.554983,777786.000,58733,1,T1,1,100,35.603
1755214537.687984,777919.000,58749,1,T1,1,100,35.687
1755214537.821985,778053.000,58766,1,T1,1,100,35.581
1755214537.954986,778186.000,58800,1,T1,1,100,35.535
1755214538.087987,778319.000,58816,1,T1,1,100,35.551
1755214538.221988,778453.000,58834,1,T1,1,100,35.557
1755214538.354989,778586.000,58865,1,T1,1,100,35.596
1755214538.487989,778719.000,58881,1,T1,1,100,35.541
1755214538.621990,778853.000,58899,1,T1,1,100,35.553
1755214538.754991,778986.000,58932,1,T1,1,100,35.559
1755214538.887992,779119.000,58949,1,T1,1,100,35.561
1755214539.020993,779252.000,58966,1,T1,1,100,35.704
1755214539.154994,779386.000,58982,1,T1,1,100,35.624
1755214539.287995,779519.000,59014,1,T1,1,100,35.483
1755214539.420996,779652.000,59031,1,T1,1,100,35.528
1755214539.554997,779786.000,59047,1,T1,1,100,35.548
1755214539.687998,779919.000,59081,1,T1,1,100,35.556
1755214539.820999,780052.000,59098,1,T1,1,100,35.560
1755214539.954999,780186.000,59115,1,T1,1,100,35.561
1755214540.088000,780319.000,59146,1,T1,1,100,35.491
1755214540.221001,780452.000,59164,1,T1,1,100,35.603
1755214540.355002,780586.000,59180,1,T1,1,100,35.651
1755214540.488003,780719.000,59214,1,T1,1,100,35.601
1755214540.622004,780853.000,59231,1,T1,1,100,35.579
1755214540.755005,780986.000,59247,1,T1,1,100,35.641
1755214540.888006,781119.000,59279,1,T1,1,100,35.596
1755214541.021007,781252.000,59296,1,T1,1,100,35.613
1755214541.155008,781386.000,59312,1,T1,1,100,35.620
1755214541.288009,781519.000,59335,1,T1,1,100,35.481
1755214541.421009,781652.000,59351,1,T1,1,100,35.456
1755214541.555010,781786.000,59387,1,T1,1,100,35.552
1755214541.688011,781919.000,59404,1,T1,1,100,35.558
1755214541.821012,782052.000,59420,1,T1,1,100,35.525
1755214541.955013,782186.000,59452,1,T1,1,100,35.582
1755214542.088014,782319.000,59469,1,T1,1,100,35.571
1755214542.221015,782452.000,59486,1,T1,1,100,35.495
1755214542.355016,782586.000,59519,1,T1,1,100,35.640
1755214542.488017,782719.000,59536,1,T1,1,100,35.596
1755214542.621018,782852.000,59553,1,T1,1,100,35.648
1755214542.754019,782985.000,59570,1,T1,1,100,35.670
1755214542.888019,783119.000,59602,1,T1,1,100,35.609
1755214543.021020,783252.000,59618,1,T1,1,100,35.654
1755214543.154021,783385.000,59635,1,T1,1,100,35.602
1755214543.288022,783519.000,59667,1,T1,1,100,35.544
1755214543.421023,783652.000,59685,1,T1,1,100,35.555
1755214543.554024,783785.000,59703,1,T1,1,100,35.595
1755214543.688025,783919.000,59734,1,T1,1,100,35.683
1755214543.821026,784052.000,59750,1,T1,1,100,35.615
1755214543.954027,784185.000,59768,1,T1,1,100,35.620
1755214544.088028,784319.000,59799,1,T1,1,100,35.588
1755214544.221029,784452.000,59816,1,T1,1,100,35.573
1755214544.354029,784585.000,59835,1,T1,1,100,35.532
1755214544.488030,784719.000,59867,1,T1,1,100,35.656
1755214544.621031,784852.000,59883,1,T1,1,100,35.638
1755214544.754032,784985.000,59900,1,T1,1,100,35.631
1755214544.888033,785119.000,59916,1,T1,1,100,35.557
1755214545.021034,785252.000,59948,1,T1,1,100,35.524
1755214545.154035,785385.000,59965,1,T1,1,100,35.546
1755214545.288036,785519.000,59984,1,T1,1,100,35.626
1755214545.421037,785652.000,60015,1,T1,1,100,35.626
1755214545.554038,785785.000,60033,1,T1,1,100,35.554
1755214545.687039,785918.000,60049,1,T1,1,100,35.630
1755214545.821039,786052.000,60081,1,T1,1,100,35.627
1755214545.954040,786185.000,60098,1,T1,1,100,35.590
1755214546.087041,786318.000,60114,1,T1,1,100,35.575
1755214546.221042,786452.000,60148,1,T1,1,100,35.603
1755214546.354043,786585.000,60170,1,T1,1,100,35.509
1755214546.487044,786718.000,60186,1,T1,1,100,35.504
1755214546.621045,786852.000,60206,1,T1,1,100,35.608
1755214546.754046,786985.000,60222,1,T1,1,100,35.618
1755214546.887047,787118.000,60254,1,T1,1,100,35.586
1755214547.021048,787252.000,60273,1,T1,1,100,35.608
1755214547.154049,787385.000,60289,1,T1,1,100,35.653
1755214547.287049,787518.000,60321,1,T1,1,100,35.673
1755214547.421050,787652.000,60338,1,T1,1,100,35.610
1755214547.554051,787785.000,60355,1,T1,1,100,35.654
1755214547.687052,787918.000,60386,1,T1,1,100,35.638
1755214547.821053,788052.000,60403,1,T1,1,100,35.560
1755214547.954054,788185.000,60422,1,T1,1,100,35.668
1755214548.087055,788318.000,60453,1,T1,1,100,35.679
1755214548.221056,788452.000,60471,1,T1,1,100,35.577
1755214548.354057,788585.000,60487,1,T1,1,100,35.498
1755214548.487058,788718.000,60519,1,T1,1,100,35.570
1755214548.621059,788852.000,60536,1,T1,1,100,35.672
1755214548.754059,788985.000,60552,1,T1,1,100,35.610
1755214548.887060,789118.000,60571,1,T1,1,100,35.654
1755214549.021061,789252.000,60603,1,T1,1,100,35.638
1755214549.154062,789385.000,60619,1,T1,1,100,35.595
1755214549.287063,789518.000,60637,1,T1,1,100,35.647
1755214549.420064,789651.000,60668,1,T1,1,100,35.812
1755214549.554065,789785.000,60685,1,T1,1,100,35.706
1755214549.687066,789918.000,60704,1,T1,1,100,35.731
1755214549.821067,790052.000,60736,1,T1,1,100,35.671
1755214549.954068,790185.000,60752,1,T1,1,100,35.503
1755214550.087069,790318.000,60769,1,T1,1,100,35.572
1755214550.220069,790451.000,60801,1,T1,1,100,35.531
1755214550.354070,790585.000,60817,1,T1,1,100,35.549
1755214550.487071,790718.000,60834,1,T1,1,100,35.592
1755214550.620072,790851.000,60868,1,T1,1,100,35.646
1755214550.754073,790985.000,60884,1,T1,1,100,35.634
1755214550.887074,791118.000,60902,1,T1,1,100,35.735
1755214551.020075,791251.000,60933,1,T1,1,100,35.673
1755214551.154076,791385.000,60949,1,T1,1,100,35.610
1755214551.287077,791518.000,60967,1,T1,1,100,35.548
1755214551.420078,791651.000,60983,1,T1,1,100,35.662
1755214551.554079,791785.000,61005,1,T1,1,100,35.677
1755214551.687079,791918.000,61040,1,T1,1,100,35.683
1755214551.820080,792051.000,61056,1,T1,1,100,35.650
1755214551.954081,792185.000,61074,1,T1,1,100,35.565
1755214552.087082,792318.000,61105,1,T1,1,100,35.564
1755214552.220083,792451.000,61122,1,T1,1,100,35.634
1755214552.354084,792585.000,61139,1,T1,1,100,35.629
1755214552.487085,792718.000,61155,1,T1,1,100,35.627
1755214552.620086,792851.000,61189,1,T1,1,100,35.626
1755214552.754087,792985.000,61206,1,T1,1,100,35.590
1755214552.887088,793118.000,61223,1,T1,1,100,35.752
1755214553.020089,793251.000,61254,1,T1,1,100,35.680
1755214553.153089,793384.000,61271,1,T1,1,100,35.649
1755214553.287090,793518.000,61288,1,T1,1,100,35.635
1755214553.420091,793651.000,61319,1,T1,1,100,35.559
1755214553.553092,793784.000,61337,1,T1,1,100,35.667
1755214553.687093,793918.000,61355,1,T1,1,100,35.608
1755214553.820094,794051.000,61387,1,T1,1,100,35.582
1755214553.953095,794184.000,61404,1,T1,1,100,35.642
1755214554.087096,794318.000,61420,1,T1,1,100,35.526
1755214554.220097,794451.000,61452,1,T1,1,100,35.653
1755214554.353098,794584.000,61469,1,T1,1,100,35.673
1755214554.487099,794718.000,61485,1,T1,1,100,35.575
1755214554.620099,794851.000,61505,1,T1,1,100,35.603
1755214554.753100,794984.000,61536,1,T1,1,100,35.686
1755214554.887101,795118.000,61553,1,T1,1,100,35.581
1755214555.020102,795251.000,61570,1,T1,1,100,35.570
1755214555.153103,795384.000,61602,1,T1,1,100,35.601
1755214555.287104,795518.000,61618,1,T1,1,100,35.544
1755214555.420105,795651.000,61635,1,T1,1,100,35.625
1755214555.553106,795784.000,61669,1,T1,1,100,35.590
1755214555.687107,795918.000,61685,1,T1,1,100,35.610
1755214555.820108,796051.000,61702,1,T1,1,100,35.689
1755214555.953109,796184.000,61734,1,T1,1,100,35.653
1755214556.086109,796317.000,61750,1,T1,1,100,35.602
1755214556.220110,796451.000,61768,1,T1,1,100,35.650
1755214556.353111,796584.000,61799,1,T1,1,100,35.742
1755214556.486112,796717.000,61817,1,T1,1,100,35.747
1755214556.620113,796851.000,61842,1,T1,1,100,35.749
1755214556.753114,796984.000,61858,1,T1,1,100,35.714
1755214556.886115,797117.000,61876,1,T1,1,100,35.663
1755214557.020116,797251.000,61907,1,T1,1,100,35.642
1755214557.153117,797384.000,61923,1,T1,1,100,35.632
1755214557.286118,797517.000,61941,1,T1,1,100,35.522
1755214557.420119,797651.000,61974,1,T1,1,100,35.651
1755214557.553119,797784.000,61991,1,T1,1,100,35.636
1755214557.686120,797917.000,62008,1,T1,1,100,35.524
1755214557.820121,798051.000,62040,1,T1,1,100,35.652
1755214557.953122,798184.000,62056,1,T1,1,100,35.637
1755214558.086123,798317.000,62073,1,T1,1,100,35.595
1755214558.220124,798451.000,62089,1,T1,1,100,35.576
1755214558.353125,798584.000,62121,1,T1,1,100,35.533
1755214558.486126,798717.000,62140,1,T1,1,100,35.585
1755214558.620127,798851.000,62157,1,T1,1,100,35.608
1755214558.753128,798984.000,62188,1,T1,1,100,35.618
1755214558.886129,799117.000,62206,1,T1,1,100,35.622
1755214559.019129,799250.000,62222,1,T1,1,100,35.624
1755214559.153130,799384.000,62254,1,T1,1,100,35.731
1755214559.286131,799517.000,62271,1,T1,1,100,35.671
1755214559.419132,799650.000,62287,1,T1,1,100,35.645
1755214559.553133,799784.000,62321,1,T1,1,100,35.598
1755214559.686134,799917.000,62338,1,T1,1,100,35.649
1755214559.819135,800050.000,62354,1,T1,1,100,35.600
1755214559.953136,800184.000,62386,1,T1,1,100,35.685
1755214560.086137,800317.000,62403,1,T1,1,100,35.651
1755214560.219138,800450.000,62420,1,T1,1,100,35.601
1755214560.353139,800584.000,62453,1,T1,1,100,35.579
1755214560.486139,800717.000,62470,1,T1,1,100,35.605
1755214560.619140,800850.000,62487,1,T1,1,100,35.616
1755214560.753141,800984.000,62504,1,T1,1,100,35.657
1755214560.886142,801117.000,62536,1,T1,1,100,35.639
1755214561.019143,801250.000,62552,1,T1,1,100,35.666
1755214561.153144,801384.000,62569,1,T1,1,100,35.643
1755214561.286145,801517.000,62601,1,T1,1,100,35.668
1755214561.419146,801650.000,62619,1,T1,1,100,35.608
1755214561.553147,801784.000,62637,1,T1,1,100,35.618
1755214561.686148,801917.000,62675,1,T1,1,100,35.693
1755214561.819149,802050.000,62692,1,T1,1,100,35.619
1755214561.953149,802184.000,62709,1,T1,1,100,35.693
1755214562.086150,802317.000,62725,1,T1,1,100,35.761
1755214562.219151,802450.000,62742,1,T1,1,100,35.648
1755214562.352152,802583.000,62776,1,T1,1,100,35.635
1755214562.486153,802717.000,62792,1,T1,1,100,35.629
1755214562.619154,802850.000,62810,1,T1,1,100,35.556
1755214562.752155,802983.000,62841,1,T1,1,100,35.631
1755214562.886156,803117.000,62858,1,T1,1,100,35.663
1755214563.019157,803250.000,62875,1,T1,1,100,35.606
1755214563.153158,803384.000,62907,1,T1,1,100,35.581
1755214563.286159,803517.000,62923,1,T1,1,100,35.712
1755214563.419159,803650.000,62942,1,T1,1,100,35.769
1755214563.552160,803783.000,62974,1,T1,1,100,35.616
1755214563.686161,803917.000,62990,1,T1,1,100,35.621
1755214563.819162,804050.000,63007,1,T1,1,100,35.659
1755214563.952163,804183.000,63039,1,T1,1,100,35.569
1755214564.086164,804317.000,63055,1,T1,1,100,35.565
1755214564.219165,804450.000,63075,1,T1,1,100,35.670
1755214564.352166,804583.000,63091,1,T1,1,100,35.574
1755214564.486167,804717.000,63108,1,T1,1,100,35.567
1755214564.619168,804850.000,63140,1,T1,1,100,35.565
1755214564.752169,804983.000,63156,1,T1,1,100,35.563
1755214564.886169,805117.000,63174,1,T1,1,100,35.705
1755214565.019170,805250.000,63205,1,T1,1,100,35.766
1755214565.152171,805383.000,63221,1,T1,1,100,35.580
1755214565.286172,805517.000,63241,1,T1,1,100,35.605
1755214565.419173,805650.000,63257,1,T1,1,100,35.687
1755214565.552174,805783.000,63289,1,T1,1,100,35.652
1755214565.685175,805916.000,63306,1,T1,1,100,35.672
1755214565.819176,806050.000,63322,1,T1,1,100,35.645
1755214565.952177,806183.000,63354,1,T1,1,100,35.527
1755214566.085178,806316.000,63371,1,T1,1,100,35.618
1755214566.219179,806450.000,63388,1,T1,1,100,35.728
1755214566.352179,806583.000,63419,1,T1,1,100,35.634
1755214566.485180,806716.000,63438,1,T1,1,100,35.664
1755214566.619181,806850.000,63457,1,T1,1,100,35.678
1755214566.752182,806983.000,63494,2,T1,1,100,35.612
1755214566.885183,807116.000,63494,2,T1,1,100,35.584
1755214567.019184,807250.000,63525,1,T1,1,100,35.714
1755214567.152185,807383.000,63542,1,T1,1,100,35.592
1755214567.285186,807516.000,63559,1,T1,1,100,35.540
1755214567.419187,807650.000,63590,1,T1,1,100,35.624
1755214567.552188,807783.000,63610,1,T1,1,100,35.624
1755214567.685189,807916.000,63626,1,T1,1,100,35.625
1755214567.819189,808050.000,63643,1,T1,1,100,35.625
1755214567.952190,808183.000,63675,1,T1,1,100,35.625
1755214568.085191,808316.000,63691,1,T1,1,100,35.660
1755214568.219192,808450.000,63709,1,T1,1,100,35.747
1755214568.352193,808583.000,63740,1,T1,1,100,35.713
1755214568.485194,808716.000,63758,1,T1,1,100,35.699
1755214568.619195,808850.000,63776,1,T1,1,100,35.692
1755214568.752196,808983.000,63807,1,T1,1,100,35.654
1755214568.885197,809116.000,63824,1,T1,1,100,35.602
1755214569.018198,809249.000,63841,1,T1,1,100,35.721
1755214569.152199,809383.000,63873,1,T1,1,100,35.773
1755214569.285199,809516.000,63889,1,T1,1,100,35.654
1755214569.418200,809649.000,63906,1,T1,1,100,35.708
1755214569.552201,809783.000,63940,1,T1,1,100,35.626
1755214569.685202,809916.000,63956,1,T1,1,100,35.661
1755214569.818203,810049.000,63973,1,T1,1,100,35.782
1755214569.952204,810183.000,63990,1,T1,1,100,35.729
1755214570.085205,810316.000,64021,1,T1,1,100,35.599
1755214570.218206,810449.000,64039,1,T1,1,100,35.614
1755214570.352207,810583.000,64055,1,T1,1,100,35.620
1755214570.485208,810716.000,64087,1,T1,1,100,35.623
1755214570.618209,810849.000,64106,1,T1,1,100,35.730
1755214570.752209,810983.000,64122,1,T1,1,100,35.671
1755214570.885210,811116.000,64154,1,T1,1,100,35.574
1755214571.018211,811249.000,64171,1,T1,1,100,35.709
1755214571.152212,811383.000,64187,1,T1,1,100,35.626
1755214571.285213,811516.000,64219,1,T1,1,100,35.625
1755214571.418214,811649.000,64236,1,T1,1,100,35.696
1755214571.552215,811783.000,64253,1,T1,1,100,35.656
1755214571.685216,811916.000,64288,1,T1,1,100,35.603
1755214571.818217,812049.000,64305,1,T1,1,100,35.580
1755214571.951218,812182.000,64328,1,T1,1,100,35.570
1755214572.085219,812316.000,64344,1,T1,1,100,35.601
1755214572.218219,812449.000,64362,1,T1,1,100,35.686
1755214572.351220,812582.000,64393,1,T1,1,100,35.687
1755214572.485221,812716.000,64409,1,T1,1,100,35.652
1755214572.618222,812849.000,64427,1,T1,1,100,35.743
1755214572.752223,812983.000,64460,1,T1,1,100,35.747
1755214572.885224,813116.000,64477,1,T1,1,100,35.713
1755214573.018225,813249.000,64494,1,T1,1,100,35.628
1755214573.151226,813382.000,64526,1,T1,1,100,35.591
1755214573.285227,813516.000,64542,1,T1,1,100,35.575
1755214573.418228,813649.000,64559,1,T1,1,100,35.603
1755214573.551229,813782.000,64591,1,T1,1,100,35.687
1755214573.685229,813916.000,64607,1,T1,1,100,35.652
1755214573.818230,814049.000,64626,1,T1,1,100,35.601
1755214573.951231,814182.000,64658,1,T1,1,100,35.650
1755214574.085232,814316.000,64674,1,T1,1,100,35.636
1755214574.218233,814449.000,64692,1,T1,1,100,35.523
1755214574.351234,814582.000,64708,1,T1,1,100,35.616
1755214574.485235,814716.000,64740,1,T1,1,100,35.621
1755214574.618236,814849.000,64757,1,T1,1,100,35.623
1755214574.751237,814982.000,64773,1,T1,1,100,35.695
1755214574.885238,815116.000,64807,1,T1,1,100,35.691
1755214575.018239,815249.000,64824,1,T1,1,100,35.689
1755214575.151239,815382.000,64840,1,T1,1,100,35.653
1755214575.285240,815516.000,64872,1,T1,1,100,35.637
1755214575.418241,815649.000,64889,1,T1,1,100,35.701
1755214575.551242,815782.000,64906,1,T1,1,100,35.693
1755214575.684243,815915.000,64939,1,T1,1,100,35.655
1755214575.818244,816049.000,64956,1,T1,1,100,35.638
1755214575.951245,816182.000,64973,1,T1,1,100,35.631
1755214576.084246,816315.000,65004,1,T1,1,100,35.734
1755214576.218247,816449.000,65022,1,T1,1,100,35.743
1755214576.351248,816582.000,65038,1,T1,1,100,35.641
1755214576.484249,816715.000,65070,1,T1,1,100,35.703
1755214576.618249,816849.000,65089,1,T1,1,100,35.623
1755214576.751250,816982.000,65107,1,T1,1,100,35.695
1755214576.884251,817115.000,65124,1,T1,1,100,35.620
1755214577.018252,817249.000,65161,1,T1,1,100,35.658
1755214577.151253,817382.000,65178,1,T1,1,100,35.639
1755214577.284254,817515.000,65195,1,T1,1,100,35.631
1755214577.418255,817649.000,65211,1,T1,1,100,35.628
1755214577.551256,817782.000,65243,1,T1,1,100,35.733
1755214577.684257,817915.000,65262,1,T1,1,100,35.707
1755214577.818258,818049.000,65278,1,T1,1,100,35.625
1755214577.951259,818182.000,65296,1,T1,1,100,35.660
1755214578.084259,818315.000,65327,1,T1,1,100,35.747
1755214578.218260,818449.000,65344,1,T1,1,100,35.749
1755214578.351261,818582.000,65361,1,T1,1,100,35.678
1755214578.484262,818715.000,65393,1,T1,1,100,35.755
1755214578.618263,818849.000,65409,1,T1,1,100,35.752
1755214578.751264,818982.000,65426,1,T1,1,100,35.751
1755214578.884265,819115.000,65460,1,T1,1,100,35.715
1755214579.018266,819249.000,65476,1,T1,1,100,35.699
1755214579.151267,819382.000,65493,1,T1,1,100,35.622
1755214579.284268,819515.000,65525,1,T1,1,100,35.624
1755214579.417269,819648.000,5,1,T1,1,100,35.660
1755214579.551269,819782.000,23,1,T1,1,100,35.676
1755214579.684270,819915.000,56,1,T1,1,100,35.611
1755214579.817271,820048.000,72,1,T1,1,100,35.690
1755214579.951272,820182.000,90,1,T1,1,100,35.618
1755214580.084273,820315.000,106,1,T1,1,100,35.622
1755214580.217274,820448.000,138,1,T1,1,100,35.659
1755214580.351275,820582.000,155,1,T1,1,100,35.604
1755214580.484276,820715.000,171,1,T1,1,100,35.651
1755214580.617277,820848.000,203,1,T1,1,100,35.707
1755214580.751278,820982.000,222,1,T1,1,100,35.625
1755214580.884279,821115.000,239,1,T1,1,100,35.590
1755214581.017279,821248.000,270,1,T1,1,100,35.574
1755214581.151280,821382.000,287,1,T1,1,100,35.674
1755214581.284281,821515.000,304,1,T1,1,100,35.717
1755214581.417282,821648.000,335,1,T1,1,100,35.700
1755214581.551283,821782.000,353,1,T1,1,100,35.622
1755214581.684284,821915.000,371,1,T1,1,100,35.695
1755214581.817285,822048.000,405,1,T1,1,100,35.655
1755214581.951286,822182.000,422,1,T1,1,100,35.674
1755214582.084287,822315.000,438,1,T1,1,100,35.681
1755214582.217288,822448.000,475,1,T1,1,100,35.649
1755214582.350288,822581.000,492,1,T1,1,100,35.636
1755214582.484289,822715.000,508,1,T1,1,100,35.700
1755214582.617290,822848.000,528,1,T1,1,100,35.764
1755214582.750291,822981.000,559,1,T1,1,100,35.685
1755214582.884292,823115.000,576,1,T1,1,100,35.651
1755214583.017293,823248.000,593,1,T1,1,100,35.672
1755214583.150294,823381.000,625,1,T1,1,100,35.752
1755214583.284295,823515.000,641,1,T1,1,100,35.751
1755214583.417296,823648.000,658,1,T1,1,100,35.750
1755214583.550297,823781.000,692,1,T1,1,100,35.715
1755214583.684298,823915.000,708,1,T1,1,100,35.664
1755214583.817299,824048.000,725,1,T1,1,100,35.677
1755214583.950299,824181.000,757,1,T1,1,100,35.754
1755214584.084300,824315.000,773,1,T1,1,100,35.681
1755214584.217301,824448.000,791,1,T1,1,100,35.685
1755214584.350302,824581.000,807,1,T1,1,100,35.651
1755214584.484303,824715.000,840,1,T1,1,100,35.672
1755214584.617304,824848.000,858,1,T1,1,100,35.681
1755214584.750305,824981.000,874,1,T1,1,100,35.685
1755214584.884306,825115.000,906,1,T1,1,100,35.651
1755214585.017307,825248.000,923,1,T1,1,100,35.707
1755214585.150308,825381.000,939,1,T1,1,100,35.731
1755214585.284309,825515.000,971,1,T1,1,100,35.707
1755214585.417309,825648.000,990,1,T1,1,100,35.660
1755214585.550310,825781.000,1007,1,T1,1,100,35.676
1755214585.683311,825914.000,1038,1,T1,1,100,35.647
1755214585.817312,826048.000,1055,1,T1,1,100,35.599
1755214585.950313,826181.000,1072,1,T1,1,100,35.685
1755214586.084314,826315.000,1103,1,T1,1,100,35.651
1755214586.217315,826448.000,1121,1,T1,1,100,35.743
1755214586.350316,826581.000,1137,1,T1,1,100,35.711
1755214586.484317,826715.000,1171,1,T1,1,100,35.591
1755214586.617318,826848.000,1190,1,T1,1,100,35.646
1755214586.750318,826981.000,1206,1,T1,1,100,35.705
1755214586.883319,827114.000,1223,1,T1,1,100,35.695
1755214587.017320,827248.000,1255,1,T1,1,100,35.726
1755214587.150321,827381.000,1271,1,T1,1,100,35.633
1755214587.283322,827514.000,1294,1,T1,1,100,35.558
1755214587.417323,827648.000,1327,1,T1,1,100,35.631
1755214587.550324,827781.000,1344,1,T1,1,100,35.734
1755214587.683325,827914.000,1361,1,T1,1,100,35.708
1755214587.817326,828048.000,1393,1,T1,1,100,35.661
1755214587.950327,828181.000,1409,1,T1,1,100,35.605
1755214588.083328,828314.000,1426,1,T1,1,100,35.723
1755214588.217328,828448.000,1458,1,T1,1,100,35.667
1755214588.350329,828581.000,1474,1,T1,1,100,35.643
1755214588.483330,828714.000,1493,1,T1,1,100,35.597
1755214588.617331,828848.000,1525,1,T1,1,100,35.684
1755214588.750332,828981.000,1541,1,T1,1,100,35.686
1755214588.883333,829114.000,1559,1,T1,1,100,35.722
1755214589.016334,829247.000,1575,1,T1,1,100,35.632
1755214589.150335,829381.000,1606,1,T1,1,100,35.628
1755214589.283336,829514.000,1626,1,T1,1,100,35.662
1755214589.416337,829647.000,1642,1,T1,1,100,35.570
1755214589.550338,829781.000,1674,1,T1,1,100,35.743
1755214589.683338,829914.000,1691,1,T1,1,100,35.712
1755214589.816339,830047.000,1707,1,T1,1,100,35.733
1755214589.950340,830181.000,1739,1,T1,1,100,35.743
1755214590.083341,830314.000,1756,1,T1,1,100,35.676
1755214590.216342,830447.000,1775,1,T1,1,100,35.718
1755214590.350343,830581.000,1806,1,T1,1,100,35.736
1755214590.483344,830714.000,1823,1,T1,1,100,35.709
1755214590.616345,830847.000,1840,1,T1,1,100,35.626
1755214590.750346,830981.000,1871,1,T1,1,100,35.661
1755214590.883347,831114.000,1889,1,T1,1,100,35.747
1755214591.016348,831247.000,1905,1,T1,1,100,35.678
1755214591.150348,831381.000,1924,1,T1,1,100,35.683
1755214591.283349,831514.000,1956,1,T1,1,100,35.721
1755214591.416350,831647.000,1972,1,T1,1,100,35.667
1755214591.550351,831781.000,1990,1,T1,1,100,35.643
1755214591.683352,831914.000,2023,1,T1,1,100,35.668
1755214591.816353,832047.000,2039,1,T1,1,100,35.608
1755214591.950354,832181.000,2057,1,T1,1,100,35.724
1755214592.083355,832314.000,2090,1,T1,1,100,35.774
1755214592.216356,832447.000,2107,1,T1,1,100,35.690
1755214592.349357,832580.000,2129,1,T1,1,100,35.724
1755214592.483358,832714.000,2145,1,T1,1,100,35.774
1755214592.616358,832847.000,2177,1,T1,1,100,35.760
1755214592.749359,832980.000,2194,1,T1,1,100,35.790
1755214592.883360,833114.000,2211,1,T1,1,100,35.803
1755214593.016361,833247.000,2244,1,T1,1,100,35.737
1755214593.149362,833380.000,2261,1,T1,1,100,35.815
1755214593.283363,833514.000,2278,1,T1,1,100,35.814
1755214593.416364,833647.000,2309,1,T1,1,100,35.742
1755214593.549365,833780.000,2327,1,T1,1,100,35.676
1755214593.683366,833914.000,2343,1,T1,1,100,35.718
1755214593.816367,834047.000,2375,1,T1,1,100,35.772
1755214593.949368,834180.000,2392,1,T1,1,100,35.724
1755214594.083368,834314.000,2408,1,T1,1,100,35.703
1755214594.216369,834447.000,2442,1,T1,1,100,35.694
1755214594.349370,834580.000,2459,1,T1,1,100,35.655
1755214594.483371,834714.000,2475,1,T1,1,100,35.638
1755214594.616372,834847.000,2493,1,T1,1,100,35.772
1755214594.749373,834980.000,2524,1,T1,1,100,35.760
1755214594.883374,835114.000,2541,1,T1,1,100,35.719
1755214595.016375,835247.000,2558,1,T1,1,100,35.701
1755214595.149376,835380.000,2592,1,T1,1,100,35.693
1755214595.283377,835514.000,2608,1,T1,1,100,35.655
1755214595.416378,835647.000,2625,1,T1,1,100,35.780
1755214595.549378,835780.000,2657,1,T1,1,100,35.692
1755214595.682379,835913.000,2673,1,T1,1,100,35.796
1755214595.816380,836047.000,2690,1,T1,1,100,35.841
1755214595.949381,836180.000,2722,1,T1,1,100,35.718
1755214596.082382,836313.000,2740,1,T1,1,100,35.736
1755214596.216383,836447.000,2758,1,T1,1,100,35.850
1755214596.349384,836580.000,2789,1,T1,1,100,35.723
1755214596.482385,836713.000,2805,1,T1,1,100,35.632
1755214596.616386,836847.000,2825,1,T1,1,100,35.663
1755214596.749387,836980.000,2856,1,T1,1,100,35.713
1755214596.882388,837113.000,2873,1,T1,1,100,35.769
1755214597.016388,837247.000,2890,1,T1,1,100,35.758
1755214597.149389,837380.000,2908,1,T1,1,100,35.683
1755214597.282390,837513.000,2940,1,T1,1,100,35.685
1755214597.416391,837647.000,2957,1,T1,1,100,35.722
1755214597.549392,837780.000,2979,1,T1,1,100,35.738
1755214597.682393,837913.000,3010,1,T1,1,100,35.816
1755214597.816394,838047.000,3027,1,T1,1,100,35.708
1755214597.949395,838180.000,3044,1,T1,1,100,35.767
1755214598.082396,838313.000,3077,1,T1,1,100,35.686
1755214598.216397,838447.000,3095,1,T1,1,100,35.758
1755214598.349398,838580.000,3111,1,T1,1,100,35.824
1755214598.482398,838713.000,3143,1,T1,1,100,35.747
1755214598.616399,838847.000,3160,1,T1,1,100,35.713
1755214598.749400,838980.000,3176,1,T1,1,100,35.805
1755214598.882401,839113.000,3208,1,T1,1,100,35.738
1755214599.015402,839246.000,3227,1,T1,1,100,35.887
1755214599.149403,839380.000,3243,1,T1,1,100,35.845
1755214599.282404,839513.000,3261,1,T1,1,100,35.755
1755214599.415405,839646.000,3292,1,T1,1,100,35.752
1755214599.549406,839780.000,3309,1,T1,1,100,35.786
1755214599.682407,839913.000,3326,1,T1,1,100,35.766
1755214599.815408,840046.000,3358,1,T1,1,100,35.721
1755214599.949408,840180.000,3376,1,T1,1,100,35.738
1755214600.082409,840313.000,3393,1,T1,1,100,35.745
1755214600.215410,840446.000,3425,1,T1,1,100,35.783
1755214600.349411,840580.000,3441,1,T1,1,100,35.800
1755214600.482412,840713.000,3458,1,T1,1,100,35.736
1755214600.615413,840846.000,3490,1,T1,1,100,35.744
1755214600.749414,840980.000,3506,1,T1,1,100,35.747
1755214600.882415,841113.000,3524,1,T1,1,100,35.820
1755214601.015416,841246.000,3557,1,T1,1,100,35.816
1755214601.149417,841380.000,3573,1,T1,1,100,35.814
1755214601.282418,841513.000,3591,1,T1,1,100,35.707
1755214601.415418,841646.000,3607,1,T1,1,100,35.767
1755214601.549419,841780.000,3639,1,T1,1,100,35.793
1755214601.682420,841913.000,3658,1,T1,1,100,35.768
1755214601.815421,842046.000,3674,1,T1,1,100,35.793
1755214601.949422,842180.000,3708,1,T1,1,100,35.769
1755214602.082423,842313.000,3725,1,T1,1,100,35.794
1755214602.215424,842446.000,3742,1,T1,1,100,35.840
1755214602.349425,842580.000,3773,1,T1,1,100,35.895
1755214602.482426,842713.000,3790,1,T1,1,100,35.742
1755214602.615427,842846.000,3812,1,T1,1,100,35.676
1755214602.748428,842979.000,3845,1,T1,1,100,35.718
1755214602.882428,843113.000,3863,1,T1,1,100,35.807
1755214603.015429,843246.000,3879,1,T1,1,100,35.881
1755214603.148430,843379.000,3911,1,T1,1,100,35.807
1755214603.282431,843513.000,3928,1,T1,1,100,35.881
1755214603.415432,843646.000,3944,1,T1,1,100,35.771
1755214603.548433,843779.000,3961,1,T1,1,100,35.795
1755214603.682434,843913.000,3993,1,T1,1,100,35.840
1755214603.815435,844046.000,4011,1,T1,1,100,35.824
1755214603.948436,844179.000,4029,1,T1,1,100,35.818
1755214604.082437,844313.000,4060,1,T1,1,100,35.850
1755214604.215438,844446.000,4077,1,T1,1,100,35.758
1755214604.348438,844579.000,4094,1,T1,1,100,35.789
1755214604.482439,844713.000,4126,1,T1,1,100,35.873
1755214604.615440,844846.000,4142,1,T1,1,100,35.768
1755214604.748441,844979.000,4159,1,T1,1,100,35.900
1755214604.882442,845113.000,4193,1,T1,1,100,35.850
1755214605.015443,845246.000,4209,1,T1,1,100,35.758
1755214605.148444,845379.000,4226,1,T1,1,100,35.860
1755214605.282445,845513.000,4258,1,T1,1,100,35.904
1755214605.415446,845646.000,4274,1,T1,1,100,35.852
1755214605.548447,845779.000,4292,1,T1,1,100,35.759
1755214605.682448,845913.000,4323,1,T1,1,100,35.896
1755214605.815448,846046.000,4341,1,T1,1,100,35.742
1755214605.948449,846179.000,4359,1,T1,1,100,35.853
1755214606.081450,846312.000,4375,1,T1,1,100,35.936
1755214606.215451,846446.000,4407,1,T1,1,100,35.795
1755214606.348452,846579.000,4424,1,T1,1,100,35.770
1755214606.481453,846712.000,4440,1,T1,1,100,35.865
1755214606.615454,846846.000,4474,1,T1,1,100,35.800
1755214606.748455,846979.000,4493,1,T1,1,100,35.842
1755214606.881456,847112.000,4510,1,T1,1,100,35.825
1755214607.015457,847246.000,4541,1,T1,1,100,35.818
1755214607.148458,847379.000,4558,1,T1,1,100,35.815
1755214607.281458,847512.000,4575,1,T1,1,100,35.884
1755214607.415459,847646.000,4606,1,T1,1,100,35.844
1755214607.548460,847779.000,4624,1,T1,1,100,35.791
1755214607.681461,847912.000,4645,1,T1,1,100,35.803
1755214607.815462,848046.000,4664,1,T1,1,100,35.915
1755214607.948463,848179.000,4696,1,T1,1,100,35.786
1755214608.081464,848312.000,4712,1,T1,1,100,35.872
1755214608.215465,848446.000,4730,1,T1,1,100,35.838
1755214608.348466,848579.000,4761,1,T1,1,100,35.824
1755214608.481467,848712.000,4777,1,T1,1,100,35.817
1755214608.615468,848846.000,4795,1,T1,1,100,35.921
1755214608.748468,848979.000,4828,1,T1,1,100,35.895
1755214608.881469,849112.000,4845,1,T1,1,100,35.848
1755214609.014470,849245.000,4862,1,T1,1,100,35.899
1755214609.148471,849379.000,4894,1,T1,1,100,35.850
1755214609.281472,849512.000,4910,1,T1,1,100,35.935
1755214609.414473,849645.000,4927,1,T1,1,100,35.901
1755214609.548474,849779.000,4943,1,T1,1,100,35.886
1755214609.681475,849912.000,4975,1,T1,1,100,35.773
1755214609.814476,850045.000,4994,1,T1,1,100,35.796
1755214609.948477,850179.000,5011,1,T1,1,100,35.805
1755214610.081478,850312.000,5042,1,T1,1,100,35.951
1755214610.214478,850445.000,5060,1,T1,1,100,36.014
1755214610.348479,850579.000,5076,1,T1,1,100,35.829
1755214610.481480,850712.000,5108,1,T1,1,100,35.784
1755214610.614481,850845.000,5125,1,T1,1,100,35.942
1755214610.748482,850979.000,5143,1,T1,1,100,35.904
1755214610.881483,851112.000,5175,1,T1,1,100,35.923
1755214611.014484,851245.000,5192,1,T1,1,100,35.931
1755214611.148485,851379.000,5208,1,T1,1,100,35.793
1755214611.281486,851512.000,5226,1,T1,1,100,35.804
1755214611.414487,851645.000,5257,1,T1,1,100,35.915
1755214611.548488,851779.000,5274,1,T1,1,100,35.892
1755214611.681488,851912.000,5293,1,T1,1,100,35.847
1755214611.814489,852045.000,5327,1,T1,1,100,35.934
1755214611.948490,852179.000,5343,1,T1,1,100,35.830
1755214612.081491,852312.000,5360,1,T1,1,100,35.926
1755214612.214492,852445.000,5392,1,T1,1,100,36.004
1755214612.347493,852578.000,5408,1,T1,1,100,35.860
1755214612.481494,852712.000,5425,1,T1,1,100,35.797
1755214612.614495,852845.000,5457,1,T1,1,100,35.771
1755214612.747496,852978.000,5475,1,T1,1,100,35.830
1755214612.881497,853112.000,5498,1,T1,1,100,35.785
1755214613.014498,853245.000,5529,1,T1,1,100,35.871
1755214613.147498,853378.000,5545,1,T1,1,100,35.838
1755214613.281499,853512.000,5563,1,T1,1,100,35.753
1755214613.414500,853645.000,5579,1,T1,1,100,35.893
1755214613.547501,853778.000,5611,1,T1,1,100,35.918
1755214613.681502,853912.000,5628,1,T1,1,100,35.894
1755214613.814503,854045.000,5644,1,T1,1,100,35.919
1755214613.947504,854178.000,5678,1,T1,1,100,35.929
1755214614.081505,854312.000,5695,1,T1,1,100,35.757
1755214614.214506,854445.000,5712,1,T1,1,100,35.788
1755214614.347507,854578.000,5743,1,T1,1,100,35.908
1755214614.481508,854712.000,5760,1,T1,1,100,35.854
1755214614.614508,854845.000,5777,1,T1,1,100,35.866
1755214614.747509,854978.000,5810,1,T1,1,100,35.942
1755214614.881510,855112.000,5828,1,T1,1,100,35.833
1755214615.014511,855245.000,5844,1,T1,1,100,35.928
1755214615.147512,855378.000,5876,1,T1,1,100,35.969
1755214615.281513,855512.000,5893,1,T1,1,100,35.916
1755214615.414514,855645.000,5909,1,T1,1,100,35.928
1755214615.547515,855778.000,5926,1,T1,1,100,36.004
1755214615.681516,855912.000,5960,1,T1,1,100,35.895
1755214615.814517,856045.000,5976,1,T1,1,100,35.919
1755214615.947518,856178.000,5994,1,T1,1,100,35.930
1755214616.080518,856311.000,6025,1,T1,1,100,35.828
1755214616.214519,856445.000,6042,1,T1,1,100,35.925
1755214616.347520,856578.000,6059,1,T1,1,100,36.039
1755214616.481521,856712.000,6091,1,T1,1,100,35.946
1755214616.614522,856845.000,6111,1,T1,1,100,35.941
1755214616.747523,856978.000,6128,1,T1,1,100,35.904
1755214616.880524,857111.000,6160,1,T1,1,100,35.816
1755214617.014525,857245.000,6176,1,T1,1,100,35.850
1755214617.147526,857378.000,6193,1,T1,1,100,35.899
1755214617.280527,857511.000,6225,1,T1,1,100,35.921
1755214617.414528,857645.000,6241,1,T1,1,100,35.895
1755214617.547528,857778.000,6261,1,T1,1,100,35.919
1755214617.680529,857911.000,6292,1,T1,1,100,35.965
1755214617.814530,858045.000,6309,1,T1,1,100,35.949
1755214617.947531,858178.000,6331,1,T1,1,100,35.978
1755214618.080532,858311.000,6347,1,T1,1,100,35.920
1755214618.214533,858445.000,6379,1,T1,1,100,35.894
1755214618.347534,858578.000,6396,1,T1,1,100,35.883
1755214618.480535,858711.000,6412,1,T1,1,100,35.914
1755214618.613536,858844.000,6446,1,T1,1,100,35.927
1755214618.747537,858978.000,6463,1,T1,1,100,35.933
1755214618.880538,859111.000,6480,1,T1,1,100,35.936
1755214619.014538,859245.000,6511,1,T1,1,100,35.901
1755214619.147539,859378.000,6528,1,T1,1,100,36.028
1755214619.280540,859511.000,6545,1,T1,1,100,36.012
1755214619.413541,859644.000,6562,1,T1,1,100,35.934
1755214619.547542,859778.000,6594,1,T1,1,100,35.972
1755214619.680543,859911.000,6612,1,T1,1,100,35.952
1755214619.813544,860044.000,6629,1,T1,1,100,35.908
1755214619.947545,860178.000,6661,1,T1,1,100,35.996
1755214620.080546,860311.000,6677,1,T1,1,100,36.069
1755214620.213547,860444.000,6695,1,T1,1,100,35.994
1755214620.347548,860578.000,6726,1,T1,1,100,35.962
1755214620.480548,860711.000,6742,1,T1,1,100,35.984
1755214620.613549,860844.000,6760,1,T1,1,100,35.922
1755214620.747550,860978.000,6793,1,T1,1,100,35.931
1755214620.880551,861111.000,6810,1,T1,1,100,36.006
1755214621.013552,861244.000,6827,1,T1,1,100,35.967
1755214621.147553,861378.000,6859,1,T1,1,100,36.021
1755214621.280554,861511.000,6875,1,T1,1,100,36.009
1755214621.413555,861644.000,6892,1,T1,1,100,35.933
1755214621.547556,861778.000,6908,1,T1,1,100,36.006
1755214621.680557,861911.000,6944,1,T1,1,100,36.003
1755214621.813558,862044.000,6961,1,T1,1,100,35.895
1755214621.947558,862178.000,6978,1,T1,1,100,35.954
1755214622.080559,862311.000,7009,1,T1,1,100,36.016
1755214622.213560,862444.000,7027,1,T1,1,100,35.936
1755214622.346561,862577.000,7043,1,T1,1,100,35.901
1755214622.480562,862711.000,7075,1,T1,1,100,35.922
1755214622.613563,862844.000,7092,1,T1,1,100,36.037
1755214622.746564,862977.000,7110,1,T1,1,100,36.016
1755214622.880565,863111.000,7142,1,T1,1,100,36.042
1755214623.013566,863244.000,7164,1,T1,1,100,36.054
1755214623.146567,863377.000,7181,1,T1,1,100,35.952
1755214623.280568,863511.000,7198,1,T1,1,100,35.873
1755214623.413568,863644.000,7215,1,T1,1,100,35.981
1755214623.546569,863777.000,7247,1,T1,1,100,35.992
1755214623.680570,863911.000,7265,1,T1,1,100,36.032
1755214623.813571,864044.000,7282,1,T1,1,100,35.978
1755214623.946572,864177.000,7314,1,T1,1,100,35.920
1755214624.080573,864311.000,7330,1,T1,1,100,35.965
1755214624.213574,864444.000,7348,1,T1,1,100,36.091
1755214624.346575,864577.000,7379,1,T1,1,100,36.004
1755214624.480576,864711.000,7395,1,T1,1,100,36.002
1755214624.613577,864844.000,7413,1,T1,1,100,36.072
1755214624.746578,864977.000,7446,1,T1,1,100,36.031
1755214624.880578,865111.000,7463,1,T1,1,100,35.907
1755214625.013579,865244.000,7480,1,T1,1,100,35.960
1755214625.146580,865377.000,7512,1,T1,1,100,35.912
1755214625.280581,865511.000,7528,1,T1,1,100,35.962
1755214625.413582,865644.000,7545,1,T1,1,100,36.019
1755214625.546583,865777.000,7563,1,T1,1,100,36.079
1755214625.679584,865910.000,7595,1,T1,1,100,36.105
1755214625.813585,866044.000,7612,1,T1,1,100,36.081
1755214625.946586,866177.000,7629,1,T1,1,100,36.000
1755214626.080587,866311.000,7660,1,T1,1,100,36.000
1755214626.213588,866444.000,7678,1,T1,1,100,36.035
1755214626.346588,866577.000,7694,1,T1,1,100,36.086
1755214626.479589,866710.000,7728,1,T1,1,100,36.037
1755214626.613590,866844.000,7747,1,T1,1,100,35.945
1755214626.746591,866977.000,7763,1,T1,1,100,35.905
1755214626.879592,867110.000,7795,1,T1,1,100,36.030
1755214627.013593,867244.000,7812,1,T1,1,100,36.084
1755214627.146594,867377.000,7828,1,T1,1,100,36.072
1755214627.279595,867510.000,7860,1,T1,1,100,35.996
1755214627.413596,867644.000,7877,1,T1,1,100,35.963
1755214627.546597,867777.000,7894,1,T1,1,100,35.984
1755214627.679598,867910.000,7927,1,T1,1,100,36.028
1755214627.813598,868044.000,7944,1,T1,1,100,36.012
1755214627.946599,868177.000,7961,1,T1,1,100,36.005
1755214628.079600,868310.000,7978,1,T1,1,100,36.002
1755214628.213601,868444.000,8015,1,T1,1,100,36.001
1755214628.346602,868577.000,8031,1,T1,1,100,36.036
1755214628.479603,868710.000,8048,1,T1,1,100,36.051
1755214628.613604,868844.000,8080,1,T1,1,100,36.058
1755214628.746605,868977.000,8098,1,T1,1,100,36.025
1755214628.879606,869110.000,8116,1,T1,1,100,36.046
1755214629.013607,869244.000,8147,1,T1,1,100,36.126
1755214629.146608,869377.000,8163,1,T1,1,100,36.126
1755214629.279608,869510.000,8181,1,T1,1,100,36.054
1755214629.413609,869644.000,8212,1,T1,1,100,36.094
1755214629.546610,869777.000,8229,1,T1,1,100,36.041
1755214629.679611,869910.000,8246,1,T1,1,100,36.018
1755214629.813612,870044.000,8264,1,T1,1,100,36.043
1755214629.946613,870177.000,8296,1,T1,1,100,36.090
1755214630.079614,870310.000,8313,1,T1,1,100,36.074
1755214630.212615,870443.000,8329,1,T1,1,100,36.032
1755214630.346616,870577.000,8361,1,T1,1,100,35.978
1755214630.479617,870710.000,8378,1,T1,1,100,35.991
1755214630.612618,870843.000,8395,1,T1,1,100,35.996
1755214630.746618,870977.000,8428,1,T1,1,100,36.069
1755214630.879619,871110.000,8446,1,T1,1,100,35.994
1755214631.012620,871243.000,8462,1,T1,1,100,36.069
1755214631.146621,871377.000,8494,1,T1,1,100,36.101
1755214631.279622,871510.000,8511,1,T1,1,100,36.044
1755214631.412623,871643.000,8527,1,T1,1,100,36.090
1755214631.546624,871777.000,8561,1,T1,1,100,36.003
1755214631.679625,871910.000,8580,1,T1,1,100,36.001
1755214631.812626,872043.000,8596,1,T1,1,100,36.072
1755214631.946627,872177.000,8628,1,T1,1,100,36.102
1755214632.079628,872310.000,8645,1,T1,1,100,36.115
1755214632.212628,872443.000,8662,1,T1,1,100,36.014
1755214632.345629,872576.000,8679,1,T1,1,100,36.042
1755214632.479630,872710.000,8712,1,T1,1,100,36.089
1755214632.612631,872843.000,8729,1,T1,1,100,36.038
1755214632.745632,872976.000,8746,1,T1,1,100,36.123
1755214632.879633,873110.000,8778,1,T1,1,100,36.160
1755214633.012634,873243.000,8794,1,T1,1,100,36.069
1755214633.145635,873376.000,8811,1,T1,1,100,36.101
1755214633.279636,873510.000,8846,1,T1,1,100,36.044
1755214633.412637,873643.000,8864,1,T1,1,100,36.090
1755214633.545638,873776.000,8882,1,T1,1,100,36.110
1755214633.679638,873910.000,8898,1,T1,1,100,36.118
1755214633.812639,874043.000,8915,1,T1,1,100,35.980
1755214633.945640,874176.000,8947,1,T1,1,100,36.062
1755214634.079641,874310.000,8963,1,T1,1,100,36.098
1755214634.212642,874443.000,8981,1,T1,1,100,36.042
1755214634.345643,874576.000,9012,1,T1,1,100,36.054
1755214634.479644,874710.000,9030,1,T1,1,100,36.023
1755214634.612645,874843.000,9048,1,T1,1,100,35.939
1755214634.745646,874976.000,9079,1,T1,1,100,36.045
1755214634.879647,875110.000,9096,1,T1,1,100,36.090
1755214635.012648,875243.000,9113,1,T1,1,100,36.004
1755214635.145648,875376.000,9145,1,T1,1,100,36.002
1755214635.279649,875510.000,9161,1,T1,1,100,36.001
1755214635.412650,875643.000,9178,1,T1,1,100,36.000
1755214635.545651,875776.000,9196,1,T1,1,100,36.106
1755214635.678652,875909.000,9228,1,T1,1,100,36.117
1755214635.812653,876043.000,9245,1,T1,1,100,36.086
1755214635.945654,876176.000,9262,1,T1,1,100,36.108
1755214636.078655,876309.000,9293,1,T1,1,100,36.082
1755214636.212656,876443.000,9311,1,T1,1,100,36.107
1755214636.345657,876576.000,9327,1,T1,1,100,36.117
1755214636.478658,876709.000,9359,1,T1,1,100,36.086
1755214636.612658,876843.000,9380,1,T1,1,100,36.037
1755214636.745659,876976.000,9396,1,T1,1,100,36.016
1755214636.878660,877109.000,9428,1,T1,1,100,36.149
1755214637.012661,877243.000,9445,1,T1,1,100,36.171
1755214637.145662,877376.000,9461,1,T1,1,100,36.074
1755214637.278663,877509.000,9493,1,T1,1,100,36.138
1755214637.412664,877643.000,9512,1,T1,1,100,36.131
1755214637.545665,877776.000,9529,1,T1,1,100,36.127
1755214637.678666,877909.000,9546,1,T1,1,100,36.162
1755214637.812667,878043.000,9577,1,T1,1,100,36.247
1755214637.945668,878176.000,9594,1,T1,1,100,36.178
1755214638.078668,878309.000,9611,1,T1,1,100,36.112
1755214638.212669,878443.000,9643,1,T1,1,100,36.049
1755214638.345670,878576.000,9661,1,T1,1,100,36.057
1755214638.478671,878709.000,9683,1,T1,1,100,36.166
1755214638.612672,878843.000,9715,1,T1,1,100,36.107
1755214638.745673,878976.000,9731,1,T1,1,100,36.117
1755214638.878674,879109.000,9749,1,T1,1,100,36.157
1755214639.011675,879242.000,9780,1,T1,1,100,36.174
1755214639.145676,879376.000,9796,1,T1,1,100,36.146
1755214639.278677,879509.000,9816,1,T1,1,100,36.134
1755214639.412678,879643.000,9847,1,T1,1,100,36.129
1755214639.545678,879776.000,9864,1,T1,1,100,36.162
1755214639.678679,879909.000,9881,1,T1,1,100,36.141
1755214639.811680,880042.000,9897,1,T1,1,100,36.132
1755214639.945681,880176.000,9929,1,T1,1,100,36.128
1755214640.078682,880309.000,9948,1,T1,1,100,36.055
1755214640.211683,880442.000,9964,1,T1,1,100,36.130
1755214640.345684,880576.000,9996,1,T1,1,100,36.127
1755214640.478685,880709.000,10013,1,T1,1,100,36.126
1755214640.611686,880842.000,10030,1,T1,1,100,36.161
1755214640.745687,880976.000,10061,1,T1,1,100,36.141
1755214640.878688,881109.000,10079,1,T1,1,100,36.132
1755214641.011688,881242.000,10097,1,T1,1,100,36.128
1755214641.145689,881376.000,10129,1,T1,1,100,36.091
1755214641.278690,881509.000,10146,1,T1,1,100,36.146
1755214641.411691,881642.000,10162,1,T1,1,100,36.169
1755214641.545692,881776.000,10196,1,T1,1,100,36.144
1755214641.678693,881909.000,10213,1,T1,1,100,36.133
1755214641.811694,882042.000,10229,1,T1,1,100,36.164
1755214641.945695,882176.000,10263,1,T1,1,100,36.248
1755214642.078696,882309.000,10280,1,T1,1,100,36.143
1755214642.211697,882442.000,10297,1,T1,1,100,36.133
1755214642.344698,882575.000,10314,1,T1,1,100,36.164
1755214642.478698,882709.000,10345,1,T1,1,100,36.071
1755214642.611699,882842.000,10362,1,T1,1,100,36.066
1755214642.744700,882975.000,10379,1,T1,1,100,36.241
1755214642.878701,883109.000,10413,1,T1,1,100,36.104
1755214643.011702,883242.000,10429,1,T1,1,100,36.116
1755214643.144703,883375.000,10446,1,T1,1,100,36.121
1755214643.278704,883509.000,10478,1,T1,1,100,36.088
1755214643.411705,883642.000,10494,1,T1,1,100,36.144
1755214643.544706,883775.000,10517,1,T1,1,100,36.133
1755214643.678707,883909.000,10550,1,T1,1,100,36.129
1755214643.811708,884042.000,10566,1,T1,1,100,36.091
1755214643.944708,884175.000,10584,1,T1,1,100,36.075
1755214644.078709,884309.000,10615,1,T1,1,100,36.103
1755214644.211710,884442.000,10632,1,T1,1,100,36.151
1755214644.344711,884575.000,10649,1,T1,1,100,36.136
1755214644.478712,884709.000,10683,1,T1,1,100,36.130
1755214644.611713,884842.000,10699,1,T1,1,100,36.198
1755214644.744714,884975.000,10716,1,T1,1,100,36.228
1755214644.878715,885109.000,10732,1,T1,1,100,36.169
1755214645.011716,885242.000,10764,1,T1,1,100,36.215
1755214645.144717,885375.000,10781,1,T1,1,100,36.093
1755214645.278718,885509.000,10798,1,T1,1,100,36.040
1755214645.411718,885642.000,10831,1,T1,1,100,36.159
1755214645.544719,885775.000,10849,1,T1,1,100,36.175
1755214645.678720,885909.000,10865,1,T1,1,100,36.147
1755214645.811721,886042.000,10897,1,T1,1,100,36.170
1755214645.944722,886175.000,10914,1,T1,1,100,36.251
1755214646.077723,886308.000,10930,1,T1,1,100,36.215
1755214646.211724,886442.000,10964,1,T1,1,100,36.270
1755214646.344725,886575.000,10981,1,T1,1,100,36.259
1755214646.477726,886708.000,10997,1,T1,1,100,36.218
1755214646.611727,886842.000,11031,1,T1,1,100,36.165
1755214646.744728,886975.000,11048,1,T1,1,100,36.142
1755214646.877728,887108.000,11065,1,T1,1,100,36.168
1755214647.011729,887242.000,11082,1,T1,1,100,36.215
1755214647.144730,887375.000,11115,1,T1,1,100,36.164
1755214647.277731,887508.000,11132,1,T1,1,100,36.177
1755214647.411732,887642.000,11149,1,T1,1,100,36.077
1755214647.544733,887775.000,11181,1,T1,1,100,36.104
1755214647.677734,887908.000,11197,1,T1,1,100,36.222
1755214647.811735,888042.000,11214,1,T1,1,100,36.167
1755214647.944736,888175.000,11246,1,T1,1,100,36.179
1755214648.077737,888308.000,11264,1,T1,1,100,36.184
1755214648.211738,888442.000,11282,1,T1,1,100,36.115
1755214648.344738,888575.000,11313,1,T1,1,100,36.227
1755214648.477739,888708.000,11329,1,T1,1,100,36.240
1755214648.611740,888842.000,11347,1,T1,1,100,36.175
1755214648.744741,888975.000,11383,1,T1,1,100,36.253
1755214648.877742,889108.000,11402,1,T1,1,100,36.251
1755214649.011743,889242.000,11419,1,T1,1,100,36.180
1755214649.144744,889375.000,11451,1,T1,1,100,36.290
1755214649.277745,889508.000,11467,1,T1,1,100,36.303
1755214649.410746,889641.000,11484,1,T1,1,100,36.237
1755214649.544747,889775.000,11500,1,T1,1,100,36.174
1755214649.677748,889908.000,11534,1,T1,1,100,36.288
1755214649.810748,890041.000,11551,1,T1,1,100,36.266
1755214649.944749,890175.000,11568,1,T1,1,100,36.222
1755214650.077750,890308.000,11599,1,T1,1,100,36.238
1755214650.210751,890441.000,11617,1,T1,1,100,36.174
1755214650.344752,890575.000,11633,1,T1,1,100,36.182
1755214650.477753,890708.000,11667,1,T1,1,100,36.220
1755214650.610754,890841.000,11684,1,T1,1,100,36.237
1755214650.744755,890975.000,11700,1,T1,1,100,36.244
1755214650.877756,891108.000,11732,1,T1,1,100,36.248
1755214651.010757,891241.000,11749,1,T1,1,100,36.178
1755214651.144758,891375.000,11765,1,T1,1,100,36.254
1755214651.277758,891508.000,11799,1,T1,1,100,36.323
1755214651.410759,891641.000,11816,1,T1,1,100,36.211
1755214651.544760,891775.000,11833,1,T1,1,100,36.339
1755214651.677761,891908.000,11866,1,T1,1,100,36.218
1755214651.810762,892041.000,11883,1,T1,1,100,36.342
1755214651.944763,892175.000,11900,1,T1,1,100,36.325
1755214652.077764,892308.000,11917,1,T1,1,100,36.283
1755214652.210765,892441.000,11951,1,T1,1,100,36.264
1755214652.344766,892575.000,11967,1,T1,1,100,36.185
1755214652.477767,892708.000,11984,1,T1,1,100,36.328
1755214652.610767,892841.000,12016,1,T1,1,100,36.284
1755214652.743768,892974.000,12032,1,T1,1,100,36.265
1755214652.877769,893108.000,12052,1,T1,1,100,36.256
1755214653.010770,893241.000,12083,1,T1,1,100,36.288
1755214653.143771,893374.000,12099,1,T1,1,100,36.196
1755214653.277772,893508.000,12117,1,T1,1,100,36.262
1755214653.410773,893641.000,12148,1,T1,1,100,36.255
1755214653.543774,893774.000,12165,1,T1,1,100,36.181
1755214653.677775,893908.000,12182,1,T1,1,100,36.256
1755214653.810776,894041.000,12205,1,T1,1,100,36.252
1755214653.943777,894174.000,12237,1,T1,1,100,36.145
1755214654.077778,894308.000,12254,1,T1,1,100,36.275
1755214654.210778,894441.000,12271,1,T1,1,100,36.332
1755214654.343779,894574.000,12288,1,T1,1,100,36.215
1755214654.477780,894708.000,12319,1,T1,1,100,36.199
1755214654.610781,894841.000,12338,1,T1,1,100,36.228
1755214654.743782,894974.000,12355,1,T1,1,100,36.205
1755214654.877783,895108.000,12387,1,T1,1,100,36.266
1755214655.010784,895241.000,12403,1,T1,1,100,36.292
1755214655.143785,895374.000,12420,1,T1,1,100,36.197
1755214655.277786,895508.000,12452,1,T1,1,100,36.263
1755214655.410787,895641.000,12468,1,T1,1,100,36.326
1755214655.543787,895774.000,12488,1,T1,1,100,36.248
1755214655.676788,895907.000,12519,1,T1,1,100,36.214
1755214655.810789,896041.000,12535,1,T1,1,100,36.305
1755214655.943790,896174.000,12553,1,T1,1,100,36.203
1755214656.077791,896308.000,12584,1,T1,1,100,36.230
1755214656.210792,896441.000,12603,1,T1,1,100,36.383
1755214656.343793,896574.000,12620,1,T1,1,100,36.378
1755214656.476794,896707.000,12636,1,T1,1,100,36.270
1755214656.610795,896841.000,12670,1,T1,1,100,36.223
1755214656.743796,896974.000,12687,1,T1,1,100,36.238
1755214656.876797,897107.000,12703,1,T1,1,100,36.245
1755214657.010797,897241.000,12737,1,T1,1,100,36.248
1755214657.143798,897374.000,12754,1,T1,1,100,36.285
1755214657.276799,897507.000,12771,1,T1,1,100,36.300
1755214657.410800,897641.000,12802,1,T1,1,100,36.343
1755214657.543801,897774.000,12820,1,T1,1,100,36.255
1755214657.676802,897907.000,12836,1,T1,1,100,36.252
1755214657.810803,898041.000,12870,1,T1,1,100,36.215
1755214657.943804,898174.000,12887,1,T1,1,100,36.270
1755214658.076805,898307.000,12903,1,T1,1,100,36.294
1755214658.210806,898441.000,12935,1,T1,1,100,36.198
1755214658.343807,898574.000,12952,1,T1,1,100,36.263
1755214658.476807,898707.000,12968,1,T1,1,100,36.256
1755214658.610808,898841.000,13002,1,T1,1,100,36.323
1755214658.743809,898974.000,13019,1,T1,1,100,36.317
1755214658.876810,899107.000,13040,1,T1,1,100,36.208
1755214659.010811,899241.000,13056,1,T1,1,100,36.267
1755214659.143812,899374.000,13073,1,T1,1,100,36.293
1755214659.276813,899507.000,13090,1,T1,1,100,36.269
1755214659.410814,899641.000,13109,1,T1,1,100,36.329
1755214659.543815,899774.000,13141,1,T1,1,100,36.320
1755214659.676816,899907.000,13157,1,T1,1,100,36.245
1755214659.809817,900040.000,13174,1,T1,1,100,36.319
1755214659.943817,900174.000,13206,1,T1,1,100,36.315
1755214660.076818,900307.000,13222,1,T1,1,100,36.314
1755214660.209819,900440.000,13240,1,T1,1,100,36.278
1755214660.343820,900574.000,13273,1,T1,1,100,36.297
1755214660.476821,900707.000,13289,1,T1,1,100,36.341
1755214660.609822,900840.000,13307,1,T1,1,100,36.360
1755214660.743823,900974.000,13338,1,T1,1,100,36.404
1755214660.876824,901107.000,13355,1,T1,1,100,36.281
1755214661.009825,901240.000,13372,1,T1,1,100,36.264
1755214661.143826,901374.000,13406,1,T1,1,100,36.291
1755214661.276827,901507.000,13422,1,T1,1,100,36.303
1755214661.409827,901640.000,13439,1,T1,1,100,36.238
1755214661.543828,901774.000,13455,1,T1,1,100,36.245
1755214661.676829,901907.000,13489,1,T1,1,100,36.283
1755214661.809830,902040.000,13506,1,T1,1,100,36.264
1755214661.943831,902174.000,13523,1,T1,1,100,36.292
1755214662.076832,902307.000,13554,1,T1,1,100,36.374
1755214662.209833,902440.000,13574,1,T1,1,100,36.304
1755214662.342834,902573.000,13590,1,T1,1,100,36.309
1755214662.476835,902707.000,13622,1,T1,1,100,36.240
1755214662.609836,902840.000,13639,1,T1,1,100,36.246
1755214662.742837,902973.000,13655,1,T1,1,100,36.319
1755214662.876837,903107.000,13687,1,T1,1,100,36.386
1755214663.009838,903240.000,13706,1,T1,1,100,36.309
1755214663.142839,903373.000,13722,1,T1,1,100,36.311
1755214663.276840,903507.000,13754,1,T1,1,100,36.276
1755214663.409841,903640.000,13771,1,T1,1,100,36.261
1755214663.542842,903773.000,13788,1,T1,1,100,36.326
1755214663.676843,903907.000,13821,1,T1,1,100,36.318
1755214663.809844,904040.000,13838,1,T1,1,100,36.244
1755214663.942845,904173.000,13855,1,T1,1,100,36.318
1755214664.076846,904307.000,13879,1,T1,1,100,36.421
1755214664.209847,904440.000,13911,1,T1,1,100,36.253
1755214664.342847,904573.000,13927,1,T1,1,100,36.322
1755214664.476848,904707.000,13944,1,T1,1,100,36.317
1755214664.609849,904840.000,13978,1,T1,1,100,36.243
1755214664.742850,904973.000,13994,1,T1,1,100,36.283
1755214664.876851,905107.000,14012,1,T1,1,100,36.335
1755214665.009852,905240.000,14043,1,T1,1,100,36.287
1755214665.142853,905373.000,14059,1,T1,1,100,36.408
1755214665.276854,905507.000,14079,1,T1,1,100,36.354
1755214665.409855,905640.000,14110,1,T1,1,100,36.224
1755214665.542856,905773.000,14127,1,T1,1,100,36.274
1755214665.676857,905907.000,14144,1,T1,1,100,36.367
1755214665.809857,906040.000,14176,1,T1,1,100,36.336
1755214665.942858,906173.000,14192,1,T1,1,100,36.323
1755214666.075859,906306.000,14211,1,T1,1,100,36.352
1755214666.209860,906440.000,14227,1,T1,1,100,36.330
1755214666.342861,906573.000,14259,1,T1,1,100,36.320
1755214666.475862,906706.000,14276,1,T1,1,100,36.351
1755214666.609863,906840.000,14295,1,T1,1,100,36.329
1755214666.742864,906973.000,14326,1,T1,1,100,36.249
1755214666.875865,907106.000,14344,1,T1,1,100,36.356
1755214667.009866,907240.000,14362,1,T1,1,100,36.367
1755214667.142867,907373.000,14394,1,T1,1,100,36.336
1755214667.275867,907506.000,14411,1,T1,1,100,36.358
1755214667.409868,907640.000,14427,1,T1,1,100,36.403
1755214667.542869,907773.000,14459,1,T1,1,100,36.316
1755214667.675870,907906.000,14476,1,T1,1,100,36.314
1755214667.809871,908040.000,14494,1,T1,1,100,36.420
1755214667.942872,908173.000,14526,1,T1,1,100,36.323
1755214668.075873,908306.000,14543,1,T1,1,100,36.353
1755214668.209874,908440.000,14560,1,T1,1,100,36.330
1755214668.342875,908573.000,14577,1,T1,1,100,36.355
1755214668.475876,908706.000,14608,1,T1,1,100,36.402
1755214668.609877,908840.000,14625,1,T1,1,100,36.422
1755214668.742877,908973.000,14642,1,T1,1,100,36.324
1755214668.875878,909106.000,14676,1,T1,1,100,36.318
1755214669.009879,909240.000,14692,1,T1,1,100,36.457
1755214669.142880,909373.000,14714,1,T1,1,100,36.446
1755214669.275881,909506.000,14746,1,T1,1,100,36.370
1755214669.408882,909639.000,14762,1,T1,1,100,36.408
1755214669.542883,909773.000,14780,1,T1,1,100,36.354
1755214669.675884,909906.000,14813,1,T1,1,100,36.330
1755214669.808885,910039.000,14829,1,T1,1,100,36.427
1755214669.942886,910173.000,14847,1,T1,1,100,36.362
1755214670.075887,910306.000,14878,1,T1,1,100,36.369
1755214670.208887,910439.000,14895,1,T1,1,100,36.408
1755214670.342888,910573.000,14912,1,T1,1,100,36.354
1755214670.475889,910706.000,14946,1,T1,1,100,36.401
1755214670.608890,910839.000,14962,1,T1,1,100,36.493
1755214670.742891,910973.000,14979,1,T1,1,100,36.355
1755214670.875892,911106.000,14995,1,T1,1,100,36.331
1755214671.008893,911239.000,15027,1,T1,1,100,36.356
1755214671.142894,911373.000,15044,1,T1,1,100,36.367
1755214671.275895,911506.000,15061,1,T1,1,100,36.301
1755214671.408896,911639.000,15094,1,T1,1,100,36.414
1755214671.542897,911773.000,15112,1,T1,1,100,36.392
1755214671.675897,911906.000,15130,1,T1,1,100,36.382
1755214671.808898,912039.000,15162,1,T1,1,100,36.343
1755214671.942899,912173.000,15179,1,T1,1,100,36.432
1755214672.075900,912306.000,15197,1,T1,1,100,36.400
1755214672.208901,912439.000,15229,1,T1,1,100,36.421
1755214672.341902,912572.000,15246,1,T1,1,100,36.430
1755214672.475903,912706.000,15262,1,T1,1,100,36.399
1755214672.608904,912839.000,15294,1,T1,1,100,36.456
1755214672.741905,912972.000,15313,1,T1,1,100,36.517
1755214672.875906,913106.000,15330,1,T1,1,100,36.507
1755214673.008907,913239.000,15347,1,T1,1,100,36.468
1755214673.141907,913372.000,15378,1,T1,1,100,36.451
1755214673.275908,913506.000,15395,1,T1,1,100,36.372
1755214673.408909,913639.000,15412,1,T1,1,100,36.338
1755214673.541910,913772.000,15444,1,T1,1,100,36.466
1755214673.675911,913906.000,15462,1,T1,1,100,36.414
1755214673.808912,914039.000,15479,1,T1,1,100,36.392
1755214673.941913,914172.000,15511,1,T1,1,100,36.418
1755214674.075914,914306.000,15527,1,T1,1,100,36.394
1755214674.208915,914439.000,15545,1,T1,1,100,36.454
1755214674.341916,914572.000,15581,1,T1,1,100,36.480
1755214674.475917,914706.000,15597,1,T1,1,100,36.314
1755214674.608917,914839.000,15615,1,T1,1,100,36.384
1755214674.741918,914972.000,15648,1,T1,1,100,36.485
1755214674.875919,915106.000,15665,1,T1,1,100,36.352
1755214675.008920,915239.000,15682,1,T1,1,100,36.400
1755214675.141921,915372.000,15714,1,T1,1,100,36.421
1755214675.275922,915506.000,15730,1,T1,1,100,36.360
1755214675.408923,915639.000,15747,1,T1,1,100,36.475
1755214675.541924,915772.000,15765,1,T1,1,100,36.454
1755214675.674925,915905.000,15797,1,T1,1,100,36.444
1755214675.808926,916039.000,15814,1,T1,1,100,36.441
1755214675.941927,916172.000,15831,1,T1,1,100,36.403
1755214676.074927,916305.000,15862,1,T1,1,100,36.352
1755214676.208928,916439.000,15880,1,T1,1,100,36.365
1755214676.341929,916572.000,15896,1,T1,1,100,36.442
1755214676.474930,916705.000,15930,1,T1,1,100,36.439
1755214676.608931,916839.000,15949,1,T1,1,100,36.332
1755214676.741932,916972.000,15965,1,T1,1,100,36.392
1755214676.874933,917105.000,15997,1,T1,1,100,36.489
1755214677.008934,917239.000,16014,1,T1,1,100,36.495
1755214677.141935,917372.000,16030,1,T1,1,100,36.462
1755214677.274936,917505.000,16062,1,T1,1,100,36.519
1755214677.408937,917639.000,16081,1,T1,1,100,36.402
1755214677.541937,917772.000,16098,1,T1,1,100,36.387
1755214677.674938,917905.000,16129,1,T1,1,100,36.451
1755214677.808939,918039.000,16146,1,T1,1,100,36.443
1755214677.941940,918172.000,16163,1,T1,1,100,36.511
1755214678.074941,918305.000,16180,1,T1,1,100,36.434
1755214678.208942,918439.000,16214,1,T1,1,100,36.436
1755214678.341943,918572.000,16230,1,T1,1,100,36.543
1755214678.474944,918705.000,16247,1,T1,1,100,36.554
1755214678.608945,918839.000,16279,1,T1,1,100,36.417
1755214678.741946,918972.000,16295,1,T1,1,100,36.429
1755214678.874947,919105.000,16313,1,T1,1,100,36.469
1755214679.008947,919239.000,16344,1,T1,1,100,36.416
1755214679.141948,919372.000,16362,1,T1,1,100,36.464
1755214679.274949,919505.000,16380,1,T1,1,100,36.413
1755214679.407950,919638.000,16416,1,T1,1,100,36.356
1755214679.541951,919772.000,16433,1,T1,1,100,36.367
1755214679.674952,919905.000,16450,1,T1,1,100,36.442
1755214679.807953,920038.000,16482,1,T1,1,100,36.369
1755214679.941954,920172.000,16500,1,T1,1,100,36.443
1755214680.074955,920305.000,16517,1,T1,1,100,36.511
1755214680.207956,920438.000,16533,1,T1,1,100,36.398
1755214680.341957,920572.000,16565,1,T1,1,100,36.421
1755214680.474957,920705.000,16582,1,T1,1,100,36.501
1755214680.607958,920838.000,16599,1,T1,1,100,36.500
1755214680.741959,920972.000,16630,1,T1,1,100,36.429
1755214680.874960,921105.000,16650,1,T1,1,100,36.505
1755214681.007961,921238.000,16666,1,T1,1,100,36.502
1755214681.141962,921372.000,16698,1,T1,1,100,36.465
1755214681.274963,921505.000,16715,1,T1,1,100,36.485
1755214681.407964,921638.000,16731,1,T1,1,100,36.494
1755214681.541965,921772.000,16765,1,T1,1,100,36.426
1755214681.674966,921905.000,16782,1,T1,1,100,36.433
1755214681.807967,922038.000,16800,1,T1,1,100,36.506
1755214681.941967,922172.000,16832,1,T1,1,100,36.503
1755214682.074968,922305.000,16849,1,T1,1,100,36.537
1755214682.207969,922438.000,16866,1,T1,1,100,36.480
1755214682.340970,922571.000,16883,1,T1,1,100,36.385
1755214682.474971,922705.000,16914,1,T1,1,100,36.450
1755214682.607972,922838.000,16931,1,T1,1,100,36.549
1755214682.740973,922971.000,16950,1,T1,1,100,36.450
1755214682.874974,923105.000,16982,1,T1,1,100,36.408
1755214683.007975,923238.000,16998,1,T1,1,100,36.460
1755214683.140976,923371.000,17015,1,T1,1,100,36.412
1755214683.274977,923505.000,17047,1,T1,1,100,36.533
1755214683.407977,923638.000,17063,1,T1,1,100,36.550
1755214683.540978,923771.000,17083,1,T1,1,100,36.521
1755214683.674979,923905.000,17114,1,T1,1,100,36.438
1755214683.807980,924038.000,17130,1,T1,1,100,36.544
1755214683.940981,924171.000,17148,1,T1,1,100,36.555
1755214684.074982,924305.000,17179,1,T1,1,100,36.559
1755214684.207983,924438.000,17196,1,T1,1,100,36.561
1755214684.340984,924571.000,17213,1,T1,1,100,36.491
1755214684.474985,924705.000,17250,1,T1,1,100,36.496
1755214684.607986,924838.000,17268,1,T1,1,100,36.534
1755214684.740987,924971.000,17285,1,T1,1,100,36.479
1755214684.874987,925105.000,17301,1,T1,1,100,36.491
1755214685.007988,925238.000,17333,1,T1,1,100,36.567
1755214685.140989,925371.000,17350,1,T1,1,100,36.458
1755214685.274990,925505.000,17367,1,T1,1,100,36.517
1755214685.407991,925638.000,17398,1,T1,1,100,36.578
1755214685.540992,925771.000,17418,1,T1,1,100,36.569
1755214685.674993,925905.000,17434,1,T1,1,100,36.495
1755214685.807994,926038.000,17466,1,T1,1,100,36.427
1755214685.940995,926171.000,17483,1,T1,1,100,36.433
1755214686.073996,926304.000,17499,1,T1,1,100,36.471
1755214686.207997,926438.000,17531,1,T1,1,100,36.523
1755214686.340997,926571.000,17548,1,T1,1,100,36.581
1755214686.473998,926704.000,17564,1,T1,1,100,36.570
1755214686.607999,926838.000,17600,1,T1,1,100,36.601
1755214686.741000,926971.000,17617,1,T1,1,100,36.650
1755214686.874001,927104.000,17634,1,T1,1,100,36.600
1755214687.008002,927238.000,17651,1,T1,1,100,36.508
1755214687.141003,927371.000,17682,1,T1,1,100,36.503
1755214687.274004,927504.000,17699,1,T1,1,100,36.431
1755214687.408005,927638.000,17718,1,T1,1,100,36.470
1755214687.541006,927771.000,17750,1,T1,1,100,36.487
1755214687.674007,927904.000,17766,1,T1,1,100,36.494
1755214687.808007,928038.000,17783,1,T1,1,100,36.498
1755214687.941008,928171.000,17815,1,T1,1,100,36.499
1755214688.074009,928304.000,17831,1,T1,1,100,36.500
1755214688.208010,928438.000,17849,1,T1,1,100,36.571
1755214688.341011,928571.000,17882,1,T1,1,100,36.637
1755214688.474012,928704.000,17898,1,T1,1,100,36.595
1755214688.608013,928838.000,17916,1,T1,1,100,36.576
1755214688.741014,928971.000,17947,1,T1,1,100,36.533
1755214688.874015,929104.000,17964,1,T1,1,100,36.443
1755214689.008016,929238.000,17981,1,T1,1,100,36.546
1755214689.141017,929371.000,18013,1,T1,1,100,36.485
1755214689.274017,929504.000,18031,1,T1,1,100,36.422
1755214689.407018,929637.000,18048,1,T1,1,100,36.502
1755214689.541019,929771.000,18064,1,T1,1,100,36.572
1755214689.674020,929904.000,18101,1,T1,1,100,36.460
1755214689.807021,930037.000,18118,1,T1,1,100,36.518
1755214689.941022,930171.000,18135,1,T1,1,100,36.579
1755214690.074023,930304.000,18168,1,T1,1,100,36.463
1755214690.208024,930438.000,18186,1,T1,1,100,36.555
1755214690.341025,930571.000,18202,1,T1,1,100,36.666
1755214690.474026,930704.000,18234,1,T1,1,100,36.643
1755214690.607027,930837.000,18251,1,T1,1,100,36.562
1755214690.741027,930971.000,18267,1,T1,1,100,36.562
1755214690.874028,931104.000,18299,1,T1,1,100,36.562
1755214691.007029,931237.000,18318,1,T1,1,100,36.527
1755214691.141030,931371.000,18334,1,T1,1,100,36.583
1755214691.274031,931504.000,18366,1,T1,1,100,36.642
1755214691.407032,931637.000,18383,1,T1,1,100,36.597
1755214691.541033,931771.000,18400,1,T1,1,100,36.577
1755214691.674034,931904.000,18433,1,T1,1,100,36.569
1755214691.807035,932037.000,18450,1,T1,1,100,36.565
1755214691.941036,932171.000,18469,1,T1,1,100,36.528
1755214692.074037,932304.000,18486,1,T1,1,100,36.619
1755214692.207037,932437.000,18518,1,T1,1,100,36.516
1755214692.340038,932570.000,18534,1,T1,1,100,36.613
1755214692.474039,932704.000,18551,1,T1,1,100,36.655
1755214692.607040,932837.000,18583,1,T1,1,100,36.603
1755214692.740041,932970.000,18599,1,T1,1,100,36.615
1755214692.874042,933104.000,18617,1,T1,1,100,36.621
1755214693.007043,933237.000,18650,1,T1,1,100,36.481
1755214693.140044,933370.000,18666,1,T1,1,100,36.527
1755214693.274045,933504.000,18684,1,T1,1,100,36.654
1755214693.407046,933637.000,18715,1,T1,1,100,36.566
1755214693.540047,933770.000,18732,1,T1,1,100,36.458
1755214693.674047,933904.000,18749,1,T1,1,100,36.624
1755214693.807048,934037.000,18783,1,T1,1,100,36.447
1755214693.940049,934170.000,18799,1,T1,1,100,36.619
1755214694.074050,934304.000,18816,1,T1,1,100,36.658
1755214694.207051,934437.000,18832,1,T1,1,100,36.568
1755214694.340052,934570.000,18864,1,T1,1,100,36.494
1755214694.474053,934704.000,18881,1,T1,1,100,36.604
1755214694.607054,934837.000,18898,1,T1,1,100,36.545
1755214694.740055,934970.000,18934,1,T1,1,100,36.626
1755214694.874056,935104.000,18952,1,T1,1,100,36.661
1755214695.007057,935237.000,18970,1,T1,1,100,36.570
1755214695.140057,935370.000,19002,1,T1,1,100,36.566
1755214695.274058,935504.000,19019,1,T1,1,100,36.599
1755214695.407059,935637.000,19035,1,T1,1,100,36.614
1755214695.540060,935770.000,19067,1,T1,1,100,36.549
1755214695.674061,935904.000,19084,1,T1,1,100,36.592
1755214695.807062,936037.000,19100,1,T1,1,100,36.575
1755214695.940063,936170.000,19134,1,T1,1,100,36.568
1755214696.073064,936303.000,19151,1,T1,1,100,36.671
1755214696.207065,936437.000,19168,1,T1,1,100,36.645
1755214696.340066,936570.000,19185,1,T1,1,100,36.527
1755214696.473067,936703.000,19216,1,T1,1,100,36.583
1755214696.607067,936837.000,19235,1,T1,1,100,36.607
1755214696.740068,936970.000,19254,1,T1,1,100,36.582
1755214696.873069,937103.000,19286,1,T1,1,100,36.606
1755214697.007070,937237.000,19302,1,T1,1,100,36.546
1755214697.140071,937370.000,19319,1,T1,1,100,36.520
1755214697.273072,937503.000,19351,1,T1,1,100,36.509
1755214697.407073,937637.000,19367,1,T1,1,100,36.646
1755214697.540074,937770.000,19387,1,T1,1,100,36.598
1755214697.673075,937903.000,19418,1,T1,1,100,36.614
1755214697.807076,938037.000,19434,1,T1,1,100,36.655
1755214697.940077,938170.000,19452,1,T1,1,100,36.567
1755214698.073077,938303.000,19483,1,T1,1,100,36.635
1755214698.207078,938437.000,19500,1,T1,1,100,36.630
1755214698.340079,938570.000,19517,1,T1,1,100,36.698
1755214698.473080,938703.000,19533,1,T1,1,100,36.621
1755214698.607081,938837.000,19567,1,T1,1,100,36.588
1755214698.740082,938970.000,19584,1,T1,1,100,36.503
1755214698.873083,939103.000,19601,1,T1,1,100,36.643
1755214699.007084,939237.000,19632,1,T1,1,100,36.668
1755214699.140085,939370.000,19649,1,T1,1,100,36.573
1755214699.273086,939503.000,19666,1,T1,1,100,36.602
1755214699.407087,939637.000,19697,1,T1,1,100,36.580
1755214699.540087,939770.000,19715,1,T1,1,100,36.570
1755214699.673088,939903.000,19733,1,T1,1,100,36.672
1755214699.806089,940036.000,19770,1,T1,1,100,36.681
1755214699.940090,940170.000,19787,1,T1,1,100,36.614
1755214700.073091,940303.000,19803,1,T1,1,100,36.620
1755214700.206092,940436.000,19835,1,T1,1,100,36.623
1755214700.340093,940570.000,19852,1,T1,1,100,36.695
1755214700.473094,940703.000,19868,1,T1,1,100,36.620
1755214700.606095,940836.000,19886,1,T1,1,100,36.587
1755214700.740096,940970.000,19919,1,T1,1,100,36.573
1755214700.873097,941103.000,19936,1,T1,1,100,36.496
1755214701.006097,941236.000,19953,1,T1,1,100,36.569
1755214701.140098,941370.000,19985,1,T1,1,100,36.636
1755214701.273099,941503.000,20001,1,T1,1,100,36.594
1755214701.406100,941636.000,20018,1,T1,1,100,36.647
1755214701.540101,941770.000,20054,1,T1,1,100,36.635
1755214701.673102,941903.000,20070,1,T1,1,100,36.629
1755214701.806103,942036.000,20087,1,T1,1,100,36.662
1755214701.940104,942170.000,20119,1,T1,1,100,36.677
1755214702.073105,942303.000,20135,1,T1,1,100,36.647
1755214702.206106,942436.000,20153,1,T1,1,100,36.635
1755214702.340107,942570.000,20184,1,T1,1,100,36.629
1755214702.473107,942703.000,20200,1,T1,1,100,36.591
1755214702.606108,942836.000,20220,1,T1,1,100,36.681
1755214702.739109,942969.000,20236,1,T1,1,100,36.649
1755214702.873110,943103.000,20268,1,T1,1,100,36.636
1755214703.006111,943236.000,20285,1,T1,1,100,36.594
1755214703.139112,943369.000,20301,1,T1,1,100,36.683
1755214703.273113,943503.000,20333,1,T1,1,100,36.685
1755214703.406114,943636.000,20350,1,T1,1,100,36.651
1755214703.539115,943769.000,20367,1,T1,1,100,36.636
1755214703.673116,943903.000,20400,1,T1,1,100,36.594
1755214703.806117,944036.000,20417,1,T1,1,100,36.576
1755214703.939117,944169.000,20434,1,T1,1,100,36.675
1755214704.073118,944303.000,20465,1,T1,1,100,36.611
1755214704.206119,944436.000,20483,1,T1,1,100,36.654
1755214704.339120,944569.000,20499,1,T1,1,100,36.602
1755214704.473121,944703.000,20533,1,T1,1,100,36.544
1755214704.606122,944836.000,20550,1,T1,1,100,36.626
1755214704.739123,944969.000,20566,1,T1,1,100,36.696
1755214704.873124,945103.000,20603,1,T1,1,100,36.620
1755214705.006125,945236.000,20620,1,T1,1,100,36.658
1755214705.139126,945369.000,20636,1,T1,1,100,36.639
1755214705.273127,945503.000,20654,1,T1,1,100,36.738
1755214705.406127,945636.000,20687,1,T1,1,100,36.709
1755214705.539128,945769.000,20704,1,T1,1,100,36.697
1755214705.673129,945903.000,20721,1,T1,1,100,36.692
1755214705.806130,946036.000,20753,1,T1,1,100,36.618
1755214705.939131,946169.000,20769,1,T1,1,100,36.551
1755214706.073132,946303.000,20786,1,T1,1,100,36.699
1755214706.206133,946436.000,20818,1,T1,1,100,36.693
1755214706.339134,946569.000,20834,1,T1,1,100,36.690
1755214706.472135,946702.000,20853,1,T1,1,100,36.618
1755214706.606136,946836.000,20870,1,T1,1,100,36.586
1755214706.739137,946969.000,20903,1,T1,1,100,36.608
1755214706.872137,947102.000,20921,1,T1,1,100,36.618
1755214707.006138,947236.000,20937,1,T1,1,100,36.586
1755214707.139139,947369.000,20969,1,T1,1,100,36.644
1755214707.272140,947502.000,20986,1,T1,1,100,36.598
1755214707.406141,947636.000,21004,1,T1,1,100,36.578
1755214707.539142,947769.000,21036,1,T1,1,100,36.640
1755214707.672143,947902.000,21053,1,T1,1,100,36.738
1755214707.806144,948036.000,21069,1,T1,1,100,36.638
1755214707.939145,948169.000,21101,1,T1,1,100,36.666
1755214708.072146,948302.000,21118,1,T1,1,100,36.678
1755214708.206147,948436.000,21135,1,T1,1,100,36.577
1755214708.339147,948569.000,21168,1,T1,1,100,36.675
1755214708.472148,948702.000,21185,1,T1,1,100,36.718
1755214708.606149,948836.000,21202,1,T1,1,100,36.665
1755214708.739150,948969.000,21233,1,T1,1,100,36.678
1755214708.872151,949102.000,21251,1,T1,1,100,36.683
1755214709.005152,949235.000,21267,1,T1,1,100,36.686
1755214709.139153,949369.000,21284,1,T1,1,100,36.651
1755214709.272154,949502.000,21316,1,T1,1,100,36.672
1755214709.405155,949635.000,21332,1,T1,1,100,36.574
1755214709.539156,949769.000,21352,1,T1,1,100,36.603
1755214709.672157,949902.000,21383,1,T1,1,100,36.722
1755214709.805157,950035.000,21399,1,T1,1,100,36.631
1755214709.939158,950169.000,21417,1,T1,1,100,36.592
1755214710.072159,950302.000,21453,1,T1,1,100,36.646
1755214710.205160,950435.000,21470,1,T1,1,100,36.634
1755214710.339161,950569.000,21487,1,T1,1,100,36.664
1755214710.472162,950702.000,21521,1,T1,1,100,36.678
1755214710.605163,950835.000,21537,1,T1,1,100,36.683
1755214710.739164,950969.000,21554,1,T1,1,100,36.579
1755214710.872165,951102.000,21586,1,T1,1,100,36.570
1755214711.005166,951235.000,21602,1,T1,1,100,36.672
1755214711.139167,951369.000,21619,1,T1,1,100,36.716
1755214711.272167,951502.000,21651,1,T1,1,100,36.806
1755214711.405168,951635.000,21669,1,T1,1,100,36.703
1755214711.539169,951769.000,21687,1,T1,1,100,36.623
1755214711.672170,951902.000,21705,1,T1,1,100,36.660
1755214711.805171,952035.000,21736,1,T1,1,100,36.711
1755214711.939172,952169.000,21754,1,T1,1,100,36.662
1755214712.072173,952302.000,21770,1,T1,1,100,36.677
1755214712.205174,952435.000,21804,1,T1,1,100,36.683
1755214712.339175,952569.000,21821,1,T1,1,100,36.650
1755214712.472176,952702.000,21837,1,T1,1,100,36.742
1755214712.605177,952835.000,21869,1,T1,1,100,36.782
1755214712.738177,952968.000,21886,1,T1,1,100,36.693
1755214712.872178,953102.000,21903,1,T1,1,100,36.796
1755214713.005179,953235.000,21934,1,T1,1,100,36.805
1755214713.138180,953368.000,21953,1,T1,1,100,36.774
1755214713.272181,953502.000,21970,1,T1,1,100,36.725
1755214713.405182,953635.000,22001,1,T1,1,100,36.739
1755214713.538183,953768.000,22019,1,T1,1,100,36.674
1755214713.672184,953902.000,22035,1,T1,1,100,36.646
1755214713.805185,954035.000,22067,1,T1,1,100,36.670
1755214713.938186,954168.000,22084,1,T1,1,100,36.680
1755214714.072187,954302.000,22100,1,T1,1,100,36.684
1755214714.205187,954435.000,22117,1,T1,1,100,36.792
1755214714.338188,954568.000,22151,1,T1,1,100,36.662
1755214714.472189,954702.000,22167,1,T1,1,100,36.676
1755214714.605190,954835.000,22185,1,T1,1,100,36.718
1755214714.738191,954968.000,22216,1,T1,1,100,36.630
1755214714.872192,955102.000,22233,1,T1,1,100,36.592
1755214715.005193,955235.000,22250,1,T1,1,100,36.681
1755214715.138194,955368.000,22287,2,T1,1,100,36.649
1755214715.271195,955501.000,22287,2,T1,1,100,36.706
1755214715.405196,955635.000,22304,1,T1,1,100,36.873
1755214715.538197,955768.000,22336,1,T1,1,100,36.839
1755214715.671197,955901.000,22352,1,T1,1,100,36.717
1755214715.805198,956035.000,22369,1,T1,1,100,36.771
1755214715.938199,956168.000,22401,1,T1,1,100,36.724
1755214716.071200,956301.000,22417,1,T1,1,100,36.703
1755214716.205201,956435.000,22435,1,T1,1,100,36.730
1755214716.338202,956568.000,22468,1,T1,1,100,36.706
1755214716.471203,956701.000,22484,1,T1,1,100,36.660
1755214716.605204,956835.000,22504,1,T1,1,100,36.817
1755214716.738205,956968.000,22535,1,T1,1,100,36.744
1755214716.871206,957101.000,22552,1,T1,1,100,36.676
1755214717.005207,957235.000,22569,1,T1,1,100,36.683
1755214717.138207,957368.000,22585,1,T1,1,100,36.721
1755214717.271208,957501.000,22619,1,T1,1,100,36.631
1755214717.405209,957635.000,22636,1,T1,1,100,36.734
1755214717.538210,957768.000,22653,1,T1,1,100,36.743
1755214717.671211,957901.000,22684,1,T1,1,100,36.712
1755214717.805212,958035.000,22701,1,T1,1,100,36.769
1755214717.938213,958168.000,22718,1,T1,1,100,36.723
1755214718.071214,958301.000,22749,1,T1,1,100,36.632
1755214718.205215,958435.000,22769,1,T1,1,100,36.770
1755214718.338216,958568.000,22785,1,T1,1,100,36.723
1755214718.471217,958701.000,22817,1,T1,1,100,36.703
1755214718.605217,958835.000,22834,1,T1,1,100,36.694
1755214718.738218,958968.000,22850,1,T1,1,100,36.761
1755214718.871219,959101.000,22882,1,T1,1,100,36.719
1755214719.005220,959235.000,22901,1,T1,1,100,36.879
1755214719.138221,959368.000,22917,1,T1,1,100,36.841
1755214719.271222,959501.000,22935,1,T1,1,100,36.648
1755214719.404223,959634.000,22966,1,T1,1,100,36.706
1755214719.538224,959768.000,22983,1,T1,1,100,36.731
1755214719.671225,959901.000,23000,1,T1,1,100,36.777
1755214719.804226,960034.000,23032,1,T1,1,100,36.762
1755214719.938227,960168.000,23050,1,T1,1,100,36.755
1755214720.071227,960301.000,23067,1,T1,1,100,36.752
1755214720.204228,960434.000,23099,1,T1,1,100,36.715
1755214720.338229,960568.000,23122,1,T1,1,100,36.771
1755214720.471230,960701.000,23139,1,T1,1,100,36.759
1755214720.604231,960834.000,23171,1,T1,1,100,36.683
1755214720.738232,960968.000,23187,1,T1,1,100,36.686
1755214720.871233,961101.000,23205,1,T1,1,100,36.687
1755214721.004234,961234.000,23238,1,T1,1,100,36.652
1755214721.138235,961368.000,23254,1,T1,1,100,36.814
1755214721.271236,961501.000,23272,1,T1,1,100,36.778
1755214721.404236,961634.000,23303,1,T1,1,100,36.656
1755214721.538237,961768.000,23320,1,T1,1,100,36.780
1755214721.671238,961901.000,23339,1,T1,1,100,36.798
1755214721.804239,962034.000,23355,1,T1,1,100,36.736
1755214721.937240,962167.000,23389,1,T1,1,100,36.708
1755214722.071241,962301.000,23406,1,T1,1,100,36.732
1755214722.204242,962434.000,23423,1,T1,1,100,36.636
1755214722.338243,962568.000,23454,1,T1,1,100,36.772
1755214722.471244,962701.000,23471,1,T1,1,100,36.830
1755214722.604245,962834.000,23488,1,T1,1,100,36.785
1755214722.738246,962968.000,23521,1,T1,1,100,36.765
1755214722.871246,963101.000,23539,1,T1,1,100,36.756
1755214723.004247,963234.000,23555,1,T1,1,100,36.753
1755214723.137248,963367.000,23587,1,T1,1,100,36.787
1755214723.271249,963501.000,23604,1,T1,1,100,36.801
1755214723.404250,963634.000,23620,1,T1,1,100,36.737
1755214723.537251,963767.000,23652,1,T1,1,100,36.709
1755214723.671252,963901.000,23671,1,T1,1,100,36.768
1755214723.804253,964034.000,23687,1,T1,1,100,36.758
1755214723.937254,964167.000,23705,1,T1,1,100,36.753
1755214724.071255,964301.000,23736,1,T1,1,100,36.787
1755214724.204256,964434.000,23753,1,T1,1,100,36.695
1755214724.337256,964567.000,23770,1,T1,1,100,36.797
1755214724.471257,964701.000,23804,1,T1,1,100,36.841
1755214724.604258,964834.000,23820,1,T1,1,100,36.825
1755214724.737259,964967.000,23837,1,T1,1,100,36.747
1755214724.871260,965101.000,23869,1,T1,1,100,36.713
1755214725.004261,965234.000,23885,1,T1,1,100,36.734
1755214725.137262,965367.000,23902,1,T1,1,100,36.743
1755214725.271263,965501.000,23934,1,T1,1,100,36.747
1755214725.404264,965634.000,23955,1,T1,1,100,36.749
1755214725.537265,965767.000,23975,1,T1,1,100,36.679
1755214725.671266,965901.000,24006,1,T1,1,100,36.648
1755214725.804266,966034.000,24022,1,T1,1,100,36.777
1755214725.937267,966167.000,24040,1,T1,1,100,36.762
1755214726.070268,966300.000,24056,1,T1,1,100,36.755
1755214726.204269,966434.000,24088,1,T1,1,100,36.859
1755214726.337270,966567.000,24105,1,T1,1,100,36.762
1755214726.470271,966700.000,24123,1,T1,1,100,36.684
1755214726.604272,966834.000,24157,1,T1,1,100,36.757
1755214726.737273,966967.000,24174,1,T1,1,100,36.753
1755214726.870274,967100.000,24191,1,T1,1,100,36.751
1755214727.004275,967234.000,24222,1,T1,1,100,36.715
1755214727.137276,967367.000,24239,1,T1,1,100,36.664
1755214727.270276,967500.000,24256,1,T1,1,100,36.713
1755214727.404277,967634.000,24289,1,T1,1,100,36.805
1755214727.537278,967767.000,24307,1,T1,1,100,36.774
1755214727.670279,967900.000,24323,1,T1,1,100,36.725
1755214727.804280,968034.000,24355,1,T1,1,100,36.704
1755214727.937281,968167.000,24372,1,T1,1,100,36.730
1755214728.070282,968300.000,24388,1,T1,1,100,36.812
1755214728.204283,968434.000,24405,1,T1,1,100,36.812
1755214728.337284,968567.000,24439,1,T1,1,100,36.812
1755214728.470285,968700.000,24455,1,T1,1,100,36.742
1755214728.604286,968834.000,24473,1,T1,1,100,36.746
1755214728.737286,968967.000,24504,1,T1,1,100,36.784
1755214728.870287,969100.000,24521,1,T1,1,100,36.836
1755214729.003288,969233.000,24538,1,T1,1,100,36.822
1755214729.137289,969367.000,24572,1,T1,1,100,36.675
1755214729.270290,969500.000,24588,1,T1,1,100,36.682
1755214729.403291,969633.000,24605,1,T1,1,100,36.756
1755214729.537292,969767.000,24637,1,T1,1,100,36.788
1755214729.670293,969900.000,24653,1,T1,1,100,36.766
1755214729.803294,970033.000,24670,1,T1,1,100,36.757
1755214729.937295,970167.000,24687,1,T1,1,100,36.753
1755214730.070296,970300.000,24720,1,T1,1,100,36.680
1755214730.203296,970433.000,24738,1,T1,1,100,36.755
1755214730.337297,970567.000,24754,1,T1,1,100,36.823
1755214730.470298,970700.000,24791,1,T1,1,100,36.746
1755214730.603299,970833.000,24808,1,T1,1,100,36.713
1755214730.737300,970967.000,24824,1,T1,1,100,36.734
1755214730.870301,971100.000,24856,1,T1,1,100,36.672
1755214731.003302,971233.000,24875,1,T1,1,100,36.716
1755214731.137303,971367.000,24891,1,T1,1,100,36.735
1755214731.270304,971500.000,24923,1,T1,1,100,36.637
1755214731.403305,971633.000,24940,1,T1,1,100,36.737
1755214731.537306,971767.000,24957,1,T1,1,100,36.851
1755214731.670306,971900.000,24990,1,T1,1,100,36.794
1755214731.803307,972033.000,25007,1,T1,1,100,36.875
1755214731.937308,972167.000,25024,1,T1,1,100,36.875
1755214732.070309,972300.000,25043,1,T1,1,100,36.804
1755214732.203310,972433.000,25075,1,T1,1,100,36.844
1755214732.336311,972566.000,25091,1,T1,1,100,36.897
1755214732.470312,972700.000,25108,1,T1,1,100,36.743
1755214732.603313,972833.000,25140,1,T1,1,100,36.676
1755214732.736314,972966.000,25156,1,T1,1,100,36.789
1755214732.870315,973100.000,25176,1,T1,1,100,36.696
1755214733.003316,973233.000,25207,1,T1,1,100,36.798
1755214733.136316,973366.000,25223,1,T1,1,100,36.841
1755214733.270317,973500.000,25241,1,T1,1,100,36.790
1755214733.403318,973633.000,25272,1,T1,1,100,36.767
1755214733.536319,973766.000,25289,1,T1,1,100,36.793
1755214733.670320,973900.000,25306,1,T1,1,100,36.804
1755214733.803321,974033.000,25340,1,T1,1,100,36.702
1755214733.936322,974166.000,25356,1,T1,1,100,36.800
1755214734.070323,974300.000,25373,1,T1,1,100,36.772
1755214734.203324,974433.000,25389,1,T1,1,100,36.795
1755214734.336325,974566.000,25421,1,T1,1,100,36.769
1755214734.470326,974700.000,25438,1,T1,1,100,36.829
1755214734.603326,974833.000,25455,1,T1,1,100,36.784
1755214734.736327,974966.000,25488,1,T1,1,100,36.871
1755214734.870328,975100.000,25506,1,T1,1,100,36.873
1755214735.003329,975233.000,25522,1,T1,1,100,36.768
1755214735.136330,975366.000,25554,1,T1,1,100,36.722
1755214735.270331,975500.000,25571,1,T1,1,100,36.844
1755214735.403332,975633.000,25587,1,T1,1,100,36.791
1755214735.536333,975766.000,25619,1,T1,1,100,36.803
1755214735.670334,975900.000,25643,1,T1,1,100,36.844
1755214735.803335,976033.000,25659,1,T1,1,100,36.791
1755214735.936336,976166.000,25691,1,T1,1,100,36.838
1755214736.070336,976300.000,25708,1,T1,1,100,36.895
1755214736.203337,976433.000,25725,1,T1,1,100,36.742
1755214736.336338,976566.000,25756,1,T1,1,100,36.817
1755214736.469339,976699.000,25775,1,T1,1,100,36.815
1755214736.603340,976833.000,25794,1,T1,1,100,36.778
1755214736.736341,976966.000,25811,1,T1,1,100,36.762
1755214736.869342,977099.000,25843,1,T1,1,100,36.826
1755214737.003343,977233.000,25859,1,T1,1,100,36.712
1755214737.136344,977366.000,25876,1,T1,1,100,36.698
1755214737.269345,977499.000,25908,1,T1,1,100,36.763
1755214737.403346,977633.000,25926,1,T1,1,100,36.791
1755214737.536346,977766.000,25944,1,T1,1,100,36.803
1755214737.669347,977899.000,25975,1,T1,1,100,36.844
1755214737.803348,978033.000,25991,1,T1,1,100,36.720
1755214737.936349,978166.000,26009,1,T1,1,100,36.701
1755214738.069350,978299.000,26040,1,T1,1,100,36.835
1755214738.203351,978433.000,26057,1,T1,1,100,36.787
1755214738.336352,978566.000,26074,1,T1,1,100,36.801
1755214738.469353,978699.000,26108,1,T1,1,100,36.808
1755214738.603354,978833.000,26124,1,T1,1,100,36.775
1755214738.736355,978966.000,26141,1,T1,1,100,36.796
1755214738.869356,979099.000,26157,1,T1,1,100,36.841
1755214739.002356,979232.000,26189,1,T1,1,100,36.718
1755214739.136357,979366.000,26206,1,T1,1,100,36.772
1755214739.269358,979499.000,26223,1,T1,1,100,36.653
1755214739.403359,979633.000,26256,1,T1,1,100,36.885
1755214739.536360,979766.000,26274,1,T1,1,100,36.879
1755214739.669361,979899.000,26290,1,T1,1,100,36.912
1755214739.803362,980033.000,26322,1,T1,1,100,36.820
1755214739.936363,980166.000,26339,1,T1,1,100,36.780
1755214740.069364,980299.000,26355,1,T1,1,100,36.905
1755214740.202365,980432.000,26389,1,T1,1,100,36.888
1755214740.336366,980566.000,26406,1,T1,1,100,36.774
1755214740.469366,980699.000,26422,1,T1,1,100,36.831
1755214740.602367,980832.000,26454,1,T1,1,100,36.785
1755214740.736368,980966.000,26476,1,T1,1,100,36.765
1755214740.869369,981099.000,26493,1,T1,1,100,36.792
1755214741.002370,981232.000,26524,1,T1,1,100,36.875
1755214741.136371,981366.000,26541,1,T1,1,100,36.768
1755214741.269372,981499.000,26558,1,T1,1,100,36.758
1755214741.402373,981632.000,26577,1,T1,1,100,36.824
1755214741.536374,981766.000,26611,1,T1,1,100,36.747
1755214741.669375,981899.000,26627,1,T1,1,100,36.784
1755214741.802376,982032.000,26644,1,T1,1,100,36.800
1755214741.936376,982166.000,26676,1,T1,1,100,36.736
1755214742.069377,982299.000,26692,1,T1,1,100,36.709
1755214742.202378,982432.000,26710,1,T1,1,100,36.768
1755214742.335379,982565.000,26743,1,T1,1,100,36.793
1755214742.469380,982699.000,26759,1,T1,1,100,36.804
1755214742.602381,982832.000,26777,1,T1,1,100,36.809
1755214742.735382,982965.000,26808,1,T1,1,100,36.705
1755214742.869383,983099.000,26825,1,T1,1,100,36.766
1755214743.002384,983232.000,26842,1,T1,1,100,36.757
1755214743.135385,983365.000,26874,1,T1,1,100,36.717
1755214743.269386,983499.000,26890,1,T1,1,100,36.771
1755214743.402386,983632.000,26909,1,T1,1,100,36.830
1755214743.535387,983765.000,26925,1,T1,1,100,36.714
1755214743.669388,983899.000,26957,1,T1,1,100,36.805
1755214743.802389,984032.000,26974,1,T1,1,100,36.880
1755214743.935390,984165.000,26991,1,T1,1,100,36.735
1755214744.069391,984299.000,27022,1,T1,1,100,36.744
1755214744.202392,984432.000,27042,1,T1,1,100,36.712
1755214744.335393,984565.000,27058,1,T1,1,100,36.769
1755214744.469394,984699.000,27090,1,T1,1,100,36.794
1755214744.602395,984832.000,27107,1,T1,1,100,36.804
1755214744.735396,984965.000,27123,1,T1,1,100,36.809
1755214744.869396,985099.000,27155,1,T1,1,100,36.740
1755214745.002397,985232.000,27174,1,T1,1,100,36.781
1755214745.135398,985365.000,27190,1,T1,1,100,36.834
1755214745.269399,985499.000,27222,1,T1,1,100,36.822
1755214745.402400,985632.000,27239,1,T1,1,100,36.888
1755214745.535401,985765.000,27256,1,T1,1,100,36.880
1755214745.669402,985899.000,27287,1,T1,1,100,36.877
1755214745.802403,986032.000,27304,1,T1,1,100,36.911
1755214745.935404,986165.000,27326,1,T1,1,100,36.926
1755214746.068405,986298.000,27345,1,T1,1,100,36.791
1755214746.202406,986432.000,27377,1,T1,1,100,36.768
1755214746.335406,986565.000,27393,1,T1,1,100,36.793
1755214746.468407,986698.000,27410,1,T1,1,100,36.769
1755214746.602408,986832.000,27444,1,T1,1,100,36.829
1755214746.735409,986965.000,27460,1,T1,1,100,36.926
1755214746.868410,987098.000,27478,1,T1,1,100,36.862
1755214747.002411,987232.000,27511,1,T1,1,100,36.763
1755214747.135412,987365.000,27527,1,T1,1,100,36.862
1755214747.268413,987498.000,27545,1,T1,1,100,36.834
1755214747.402414,987632.000,27576,1,T1,1,100,36.822
1755214747.535415,987765.000,27593,1,T1,1,100,36.923
1755214747.668416,987898.000,27610,1,T1,1,100,36.896
1755214747.802416,988032.000,27642,1,T1,1,100,36.849
1755214747.935417,988165.000,27660,1,T1,1,100,36.899
1755214748.068418,988298.000,27677,1,T1,1,100,36.921
1755214748.202419,988432.000,27693,1,T1,1,100,36.824
1755214748.335420,988565.000,27725,1,T1,1,100,36.817
1755214748.468421,988698.000,27742,1,T1,1,100,36.815
1755214748.602422,988832.000,27759,1,T1,1,100,36.813
1755214748.735423,988965.000,27790,1,T1,1,100,36.884
1755214748.868424,989098.000,27808,1,T1,1,100,36.843
1755214749.002425,989232.000,27826,1,T1,1,100,36.826
1755214749.135426,989365.000,27858,1,T1,1,100,36.889
1755214749.268426,989498.000,27875,1,T1,1,100,36.917
1755214749.401427,989631.000,27891,1,T1,1,100,36.858
1755214749.535428,989765.000,27923,1,T1,1,100,36.903
1755214749.668429,989898.000,27940,1,T1,1,100,36.852
1755214749.801430,990031.000,27956,1,T1,1,100,36.829
1755214749.935431,990165.000,27990,1,T1,1,100,36.820
1755214750.068432,990298.000,28007,1,T1,1,100,36.816
1755214750.201433,990431.000,28024,1,T1,1,100,36.920
1755214750.335434,990565.000,28041,1,T1,1,100,36.930
1755214750.468435,990698.000,28072,1,T1,1,100,36.899
1755214750.601436,990831.000,28089,1,T1,1,100,36.779
1755214750.735436,990965.000,28106,1,T1,1,100,36.869
1755214750.868437,991098.000,28140,1,T1,1,100,36.908
1755214751.001438,991231.000,28161,1,T1,1,100,36.854
1755214751.135439,991365.000,28178,1,T1,1,100,36.866
1755214751.268440,991498.000,28210,1,T1,1,100,36.906
1755214751.401441,991631.000,28226,1,T1,1,100,36.818
1755214751.535442,991765.000,28244,1,T1,1,100,36.850
1755214751.668443,991898.000,28279,1,T1,1,100,36.864
1755214751.801444,992031.000,28295,1,T1,1,100,36.835
1755214751.935445,992165.000,28313,1,T1,1,100,36.751
1755214752.068446,992298.000,28344,1,T1,1,100,36.857
1755214752.201446,992431.000,28361,1,T1,1,100,36.832
1755214752.335447,992565.000,28378,1,T1,1,100,36.892
1755214752.468448,992698.000,28410,1,T1,1,100,36.953
1755214752.601449,992831.000,28428,1,T1,1,100,36.873
1755214752.734450,992964.000,28445,1,T1,1,100,36.910
1755214752.868451,993098.000,28461,1,T1,1,100,36.855
1755214753.001452,993231.000,28493,1,T1,1,100,36.831
1755214753.134453,993364.000,28510,1,T1,1,100,36.820
1755214753.268454,993498.000,28527,1,T1,1,100,36.922
1755214753.401455,993631.000,28558,1,T1,1,100,36.825
1755214753.534456,993764.000,28578,1,T1,1,100,36.889
1755214753.668456,993898.000,28594,1,T1,1,100,36.916
1755214753.801457,994031.000,28626,1,T1,1,100,36.928
1755214753.934458,994164.000,28643,1,T1,1,100,36.934
1755214754.068459,994298.000,28659,1,T1,1,100,36.865
1755214754.201460,994431.000,28691,1,T1,1,100,36.906
1755214754.334461,994564.000,28708,1,T1,1,100,36.818
1755214754.468462,994698.000,28724,1,T1,1,100,36.886
1755214754.601463,994831.000,28758,1,T1,1,100,36.880
1755214754.734464,994964.000,28775,1,T1,1,100,36.806
1755214754.868465,995098.000,28792,1,T1,1,100,36.810
1755214755.001466,995231.000,28823,1,T1,1,100,36.811
1755214755.134466,995364.000,28840,1,T1,1,100,36.812
1755214755.268467,995498.000,28857,1,T1,1,100,36.883
1755214755.401468,995631.000,28874,1,T1,1,100,36.879
1755214755.534469,995764.000,28908,1,T1,1,100,36.735
1755214755.667470,995897.000,28924,1,T1,1,100,36.885
1755214755.801471,996031.000,28941,1,T1,1,100,36.915
1755214755.934472,996164.000,28973,1,T1,1,100,36.857
1755214756.067473,996297.000,28989,1,T1,1,100,36.973
1755214756.201474,996431.000,29012,1,T1,1,100,36.918
1755214756.334475,996564.000,29043,1,T1,1,100,36.787
1755214756.467476,996697.000,29061,1,T1,1,100,36.837
1755214756.601476,996831.000,29081,1,T1,1,100,36.929
1755214756.734477,996964.000,29112,1,T1,1,100,36.863
1755214756.867478,997097.000,29129,1,T1,1,100,36.905
1755214757.001479,997231.000,29146,1,T1,1,100,36.924
1755214757.134480,997364.000,29162,1,T1,1,100,36.931
1755214757.267481,997497.000,29194,1,T1,1,100,36.864
1755214757.401482,997631.000,29213,1,T1,1,100,36.906
1755214757.534483,997764.000,29229,1,T1,1,100,36.853
1755214757.667484,997897.000,29261,1,T1,1,100,36.830
1755214757.801485,998031.000,29278,1,T1,1,100,36.891
1755214757.934486,998164.000,29295,1,T1,1,100,36.882
1755214758.067486,998297.000,29326,1,T1,1,100,36.843
1755214758.201487,998431.000,29344,1,T1,1,100,36.896
1755214758.334488,998564.000,29362,1,T1,1,100,36.955
1755214758.467489,998697.000,29394,1,T1,1,100,36.874
1755214758.601490,998831.000,29411,1,T1,1,100,36.910
1755214758.734491,998964.000,29427,1,T1,1,100,36.997
1755214758.867492,999097.000,29459,1,T1,1,100,36.963
1755214759.001493,999231.000,29476,1,T1,1,100,36.842
1755214759.134494,999364.000,29492,1,T1,1,100,36.932
1755214759.267495,999497.000,29526,1,T1,1,100,36.793
1755214759.400496,999630.000,29543,1,T1,1,100,36.840
1755214759.534496,999764.000,29560,1,T1,1,100,36.895
1755214759.667497,999897.000,29577,1,T1,1,100,36.848
1755214759.800498,1000030.000,29608,1,T1,1,100,36.863
1755214759.934499,1000164.000,29625,1,T1,1,100,36.905
1755214760.067500,1000297.000,29642,1,T1,1,100,36.853
1755214760.200501,1000430.000,29676,1,T1,1,100,36.865
1755214760.334502,1000564.000,29692,1,T1,1,100,36.871
1755214760.467503,1000697.000,29709,1,T1,1,100,36.838
1755214760.600504,1000830.000,29741,1,T1,1,100,36.894
1755214760.734505,1000964.000,29757,1,T1,1,100,36.848
1755214760.867506,1001097.000,29775,1,T1,1,100,36.899
1755214761.000506,1001230.000,29806,1,T1,1,100,36.956
1755214761.134507,1001364.000,29822,1,T1,1,100,36.910
1755214761.267508,1001497.000,29847,1,T1,1,100,36.819
1755214761.400509,1001630.000,29878,1,T1,1,100,36.886
1755214761.534510,1001764.000,29895,1,T1,1,100,36.915
1755214761.667511,1001897.000,29914,1,T1,1,100,36.857
1755214761.800512,1002030.000,29930,1,T1,1,100,36.867
1755214761.934513,1002164.000,29962,1,T1,1,100,36.907
1755214762.067514,1002297.000,29979,1,T1,1,100,36.853
1755214762.200515,1002430.000,29996,1,T1,1,100,36.937
1755214762.334516,1002564.000,30029,1,T1,1,100,36.973
1755214762.467516,1002697.000,30046,1,T1,1,100,36.953
1755214762.600517,1002830.000,30063,1,T1,1,100,36.802
1755214762.734518,1002964.000,30094,1,T1,1,100,36.879
1755214762.867519,1003097.000,30112,1,T1,1,100,36.841
1755214763.000520,1003230.000,30128,1,T1,1,100,36.825
1755214763.133521,1003363.000,30162,1,T1,1,100,36.889
1755214763.267522,1003497.000,30179,1,T1,1,100,36.846
1755214763.400523,1003630.000,30195,1,T1,1,100,36.862
1755214763.533524,1003763.000,30227,1,T1,1,100,36.834
1755214763.667525,1003897.000,30244,1,T1,1,100,36.857
1755214763.800526,1004030.000,30260,1,T1,1,100,36.796
1755214763.933526,1004163.000,30278,1,T1,1,100,36.876
1755214764.067527,1004297.000,30311,1,T1,1,100,36.876
1755214764.200528,1004430.000,30328,1,T1,1,100,36.769
1755214764.333529,1004563.000,30345,1,T1,1,100,36.829
1755214764.467530,1004697.000,30377,1,T1,1,100,36.855
1755214764.600531,1004830.000,30393,1,T1,1,100,36.831
1755214764.733532,1004963.000,30410,1,T1,1,100,36.856
1755214764.867533,1005097.000,30442,1,T1,1,100,36.831
1755214765.000534,1005230.000,30460,1,T1,1,100,36.856
1755214765.133535,1005363.000,30477,1,T1,1,100,36.831
1755214765.267536,1005497.000,30509,1,T1,1,100,36.927
1755214765.400536,1005630.000,30525,1,T1,1,100,36.791
1755214765.533537,1005763.000,30543,1,T1,1,100,36.874
1755214765.666538,1005896.000,30574,1,T1,1,100,36.875
1755214765.800539,1006030.000,30590,1,T1,1,100,36.804
1755214765.933540,1006163.000,30608,1,T1,1,100,36.951
1755214766.067541,1006297.000,30641,1,T1,1,100,36.979
1755214766.200542,1006430.000,30658,1,T1,1,100,36.884
1755214766.333543,1006563.000,30675,1,T1,1,100,36.808
1755214766.466544,1006696.000,30694,1,T1,1,100,36.882
1755214766.600545,1006830.000,30712,1,T1,1,100,36.913
1755214766.733546,1006963.000,30745,1,T1,1,100,36.927
1755214766.866546,1007096.000,30764,1,T1,1,100,36.898
1755214767.000547,1007230.000,30781,1,T1,1,100,36.743
1755214767.133548,1007363.000,30813,1,T1,1,100,36.818
1755214767.266549,1007496.000,30829,1,T1,1,100,36.886
1755214767.400550,1007630.000,30846,1,T1,1,100,36.880
1755214767.533551,1007763.000,30878,1,T1,1,100,36.877
1755214767.666552,1007896.000,30894,1,T1,1,100,36.911
1755214767.800553,1008030.000,30911,1,T1,1,100,36.820
1755214767.933554,1008163.000,30945,1,T1,1,100,36.887
1755214768.066555,1008296.000,30961,1,T1,1,100,36.951
1755214768.200556,1008430.000,30979,1,T1,1,100,36.837
1755214768.333556,1008563.000,31010,1,T1,1,100,36.894
1755214768.466557,1008696.000,31026,1,T1,1,100,36.954
1755214768.600558,1008830.000,31044,1,T1,1,100,36.980
1755214768.733559,1008963.000,31060,1,T1,1,100,36.850
1755214768.866560,1009096.000,31092,1,T1,1,100,36.970
1755214769.000561,1009230.000,31111,1,T1,1,100,36.952
1755214769.133562,1009363.000,31127,1,T1,1,100,36.908
1755214769.266563,1009496.000,31159,1,T1,1,100,36.925
1755214769.400564,1009630.000,31176,1,T1,1,100,36.967
1755214769.533565,1009763.000,31193,1,T1,1,100,36.915
1755214769.666566,1009896.000,31224,1,T1,1,100,36.892
1755214769.800566,1010030.000,31241,1,T1,1,100,36.918
1755214769.933567,1010163.000,31260,1,T1,1,100,36.929
1755214770.066568,1010296.000,31291,1,T1,1,100,36.969
1755214770.199569,1010429.000,31309,1,T1,1,100,36.987
1755214770.333570,1010563.000,31325,1,T1,1,100,36.888
1755214770.466571,1010696.000,31357,1,T1,1,100,36.810
1755214770.599572,1010829.000,31374,1,T1,1,100,36.811
1755214770.733573,1010963.000,31390,1,T1,1,100,36.777
1755214770.866574,1011096.000,31409,1,T1,1,100,36.797
1755214770.999575,1011229.000,31441,1,T1,1,100,36.948
1755214771.133576,1011363.000,31457,1,T1,1,100,36.871
1755214771.266576,1011496.000,31475,1,T1,1,100,36.838
1755214771.399577,1011629.000,31506,1,T1,1,100,37.001
1755214771.533578,1011763.000,31530,1,T1,1,100,36.929
1755214771.666579,1011896.000,31551,1,T1,1,100,37.005
1755214771.799580,1012029.000,31583,1,T1,1,100,36.967
1755214771.933581,1012163.000,31599,1,T1,1,100,36.915
1755214772.066582,1012296.000,31616,1,T1,1,100,36.928
1755214772.199583,1012429.000,31648,1,T1,1,100,36.933
1755214772.333584,1012563.000,31664,1,T1,1,100,36.971
1755214772.466585,1012696.000,31681,1,T1,1,100,36.987
1755214772.599586,1012829.000,31715,1,T1,1,100,36.888
1755214772.732586,1012962.000,31731,1,T1,1,100,36.810
1755214772.866587,1013096.000,31749,1,T1,1,100,36.918
1755214772.999588,1013229.000,31765,1,T1,1,100,36.964
1755214773.132589,1013362.000,31797,1,T1,1,100,36.949
1755214773.266590,1013496.000,31814,1,T1,1,100,36.943
1755214773.399591,1013629.000,31830,1,T1,1,100,36.904
1755214773.532592,1013762.000,31862,1,T1,1,100,36.923
1755214773.666593,1013896.000,31881,1,T1,1,100,36.896
1755214773.799594,1014029.000,31897,1,T1,1,100,36.990
1755214773.932595,1014162.000,31929,1,T1,1,100,36.960
1755214774.066596,1014296.000,31946,1,T1,1,100,36.876
1755214774.199596,1014429.000,31963,1,T1,1,100,36.734
1755214774.332597,1014562.000,31994,1,T1,1,100,36.849
1755214774.466598,1014696.000,32011,1,T1,1,100,36.864
1755214774.599599,1014829.000,32028,1,T1,1,100,36.941
1755214774.732600,1014962.000,32061,1,T1,1,100,36.975
1755214774.866601,1015096.000,32079,1,T1,1,100,36.776
1755214774.999602,1015229.000,32095,1,T1,1,100,36.797
1755214775.132603,1015362.000,32112,1,T1,1,100,36.877
1755214775.266604,1015496.000,32144,1,T1,1,100,36.911
1755214775.399605,1015629.000,32160,1,T1,1,100,36.926
1755214775.532606,1015762.000,32178,1,T1,1,100,36.897
1755214775.665606,1015895.000,32211,1,T1,1,100,36.955
1755214775.799607,1016029.000,32227,1,T1,1,100,36.910
1755214775.932608,1016162.000,32245,1,T1,1,100,37.032
1755214776.066609,1016296.000,32276,1,T1,1,100,36.872
1755214776.199610,1016429.000,32293,1,T1,1,100,36.874
1755214776.332611,1016562.000,32310,1,T1,1,100,36.874
1755214776.465612,1016695.000,32344,1,T1,1,100,36.946
1755214776.599613,1016829.000,32367,1,T1,1,100,36.906
1755214776.732614,1016962.000,32384,1,T1,1,100,36.924
1755214776.865615,1017095.000,32416,1,T1,1,100,36.861
1755214776.999616,1017229.000,32432,1,T1,1,100,36.833
1755214777.132616,1017362.000,32449,1,T1,1,100,36.892
1755214777.265617,1017495.000,32466,1,T1,1,100,36.883
1755214777.399618,1017629.000,32499,1,T1,1,100,36.843
1755214777.532619,1017762.000,32517,1,T1,1,100,36.826
1755214777.665620,1017895.000,32533,1,T1,1,100,36.889
1755214777.799621,1018029.000,32565,1,T1,1,100,36.881
1755214777.932622,1018162.000,32582,1,T1,1,100,36.878
1755214778.065623,1018295.000,32598,1,T1,1,100,36.876
1755214778.199624,1018429.000,32630,1,T1,1,100,36.840
1755214778.332625,1018562.000,32647,1,T1,1,100,36.931
1755214778.465626,1018695.000,32663,1,T1,1,100,36.935
1755214778.599626,1018829.000,32697,1,T1,1,100,36.865
1755214778.732627,1018962.000,32714,1,T1,1,100,36.871
1755214778.865628,1019095.000,32731,1,T1,1,100,36.873
1755214778.999629,1019229.000,32762,1,T1,1,100,36.803
1755214779.132630,1019362.000,32779,1,T1,1,100,36.879
1755214779.265631,1019495.000,32796,1,T1,1,100,36.912
1755214779.398632,1019628.000,32813,1,T1,1,100,36.927
1755214779.532633,1019762.000,32847,1,T1,1,100,36.968
1755214779.665634,1019895.000,32863,1,T1,1,100,36.915
1755214779.798635,1020028.000,32880,1,T1,1,100,36.857
1755214779.932636,1020162.000,32912,1,T1,1,100,36.903
1755214780.065636,1020295.000,32928,1,T1,1,100,37.029
1755214780.198637,1020428.000,32946,1,T1,1,100,36.977
1755214780.332638,1020562.000,32979,1,T1,1,100,36.955
1755214780.465639,1020695.000,32995,1,T1,1,100,36.945
1755214780.598640,1020828.000,33013,1,T1,1,100,36.870
1755214780.732641,1020962.000,33044,1,T1,1,100,36.944
1755214780.865642,1021095.000,33061,1,T1,1,100,36.976
1755214780.998643,1021228.000,33078,1,T1,1,100,36.954
1755214781.132644,1021362.000,33110,1,T1,1,100,36.909
1755214781.265645,1021495.000,33128,1,T1,1,100,36.925
1755214781.398646,1021628.000,33145,1,T1,1,100,36.932
1755214781.532646,1021762.000,33161,1,T1,1,100,37.006
1755214781.665647,1021895.000,33201,2,T1,1,100,37.003
1755214781.798648,1022028.000,33201,2,T1,1,100,36.895
1755214781.932649,1022162.000,33218,1,T1,1,100,36.884
1755214782.065650,1022295.000,33249,1,T1,1,100,36.950
1755214782.198651,1022428.000,33267,1,T1,1,100,36.907
1755214782.331652,1022561.000,33285,1,T1,1,100,36.960
1755214782.465653,1022695.000,33317,1,T1,1,100,36.912
1755214782.598654,1022828.000,33334,1,T1,1,100,36.855
1755214782.731655,1022961.000,33350,1,T1,1,100,36.902
1755214782.865656,1023095.000,33382,1,T1,1,100,37.064
1755214782.998656,1023228.000,33399,1,T1,1,100,36.921
1755214783.131657,1023361.000,33415,1,T1,1,100,36.895
1755214783.265658,1023495.000,33449,1,T1,1,100,36.955
1755214783.398659,1023628.000,33466,1,T1,1,100,36.945
1755214783.531660,1023761.000,33483,1,T1,1,100,36.941
1755214783.665661,1023895.000,33514,1,T1,1,100,36.939
1755214783.798662,1024028.000,33531,1,T1,1,100,37.009
1755214783.931663,1024161.000,33548,1,T1,1,100,36.827
1755214784.065664,1024295.000,33565,1,T1,1,100,36.925
1755214784.198665,1024428.000,33597,1,T1,1,100,36.897
1755214784.331666,1024561.000,33615,1,T1,1,100,36.920
1755214784.465666,1024695.000,33632,1,T1,1,100,36.965
1755214784.598667,1024828.000,33664,1,T1,1,100,36.950
1755214784.731668,1024961.000,33680,1,T1,1,100,36.943
1755214784.865669,1025095.000,33698,1,T1,1,100,37.046
1755214784.998670,1025228.000,33729,1,T1,1,100,37.055
1755214785.131671,1025361.000,33745,1,T1,1,100,36.953
1755214785.265672,1025495.000,33765,1,T1,1,100,36.909
1755214785.398673,1025628.000,33796,1,T1,1,100,36.925
1755214785.531674,1025761.000,33813,1,T1,1,100,36.861
1755214785.665675,1025895.000,33830,1,T1,1,100,36.975
1755214785.798676,1026028.000,33862,1,T1,1,100,36.989
1755214785.931676,1026161.000,33878,1,T1,1,100,36.960
1755214786.065677,1026295.000,33895,1,T1,1,100,36.983
1755214786.198678,1026428.000,33929,1,T1,1,100,36.957
1755214786.331679,1026561.000,33945,1,T1,1,100,36.981
1755214786.465680,1026695.000,33962,1,T1,1,100,37.063
1755214786.598681,1026828.000,33979,1,T1,1,100,37.027
1755214786.731682,1026961.000,34012,1,T1,1,100,36.870
1755214786.864683,1027094.000,34035,1,T1,1,100,36.873
1755214786.998684,1027228.000,34053,1,T1,1,100,36.980
1755214787.131685,1027361.000,34070,1,T1,1,100,36.956
1755214787.264685,1027494.000,34102,1,T1,1,100,36.946
1755214787.398686,1027628.000,34118,1,T1,1,100,36.941
1755214787.531687,1027761.000,34136,1,T1,1,100,36.833
1755214787.664688,1027894.000,34167,1,T1,1,100,36.928
1755214787.798689,1028028.000,34183,1,T1,1,100,37.040
1755214787.931690,1028161.000,34201,1,T1,1,100,36.946
1755214788.064691,1028294.000,34234,1,T1,1,100,36.941
1755214788.198692,1028428.000,34251,1,T1,1,100,36.939
1755214788.331693,1028561.000,34268,1,T1,1,100,36.903
1755214788.464694,1028694.000,34284,1,T1,1,100,36.922
1755214788.598695,1028828.000,34316,1,T1,1,100,36.966
1755214788.731696,1028961.000,34333,1,T1,1,100,37.021
1755214788.864696,1029094.000,34350,1,T1,1,100,36.903
1755214788.997697,1029227.000,34383,1,T1,1,100,36.887
1755214789.131698,1029361.000,34400,1,T1,1,100,36.916
1755214789.264699,1029494.000,34417,1,T1,1,100,36.928
1755214789.398700,1029628.000,34448,1,T1,1,100,36.969
1755214789.531701,1029761.000,34466,1,T1,1,100,36.987
1755214789.664702,1029894.000,34482,1,T1,1,100,36.888
1755214789.797703,1030027.000,34516,1,T1,1,100,36.987
1755214789.931704,1030161.000,34533,1,T1,1,100,37.030
1755214790.064705,1030294.000,34549,1,T1,1,100,36.977
1755214790.197705,1030427.000,34581,1,T1,1,100,36.955
1755214790.331706,1030561.000,34598,1,T1,1,100,36.980
1755214790.464707,1030694.000,34614,1,T1,1,100,36.956
1755214790.597708,1030827.000,34632,1,T1,1,100,36.946
1755214790.731709,1030961.000,34665,1,T1,1,100,37.083
1755214790.864710,1031094.000,34682,1,T1,1,100,37.036
1755214790.997711,1031227.000,34699,1,T1,1,100,36.945
1755214791.131712,1031361.000,34731,1,T1,1,100,36.976
1755214791.264713,1031494.000,34747,1,T1,1,100,36.990
1755214791.397714,1031627.000,34764,1,T1,1,100,37.066
1755214791.531715,1031761.000,34798,1,T1,1,100,37.100
1755214791.664715,1031894.000,34816,1,T1,1,100,36.901
1755214791.797716,1032027.000,34833,1,T1,1,100,36.957
1755214791.931217,1032160.500,34870,2,T1,1,100,36.982
1755214792.064718,1032294.000,34870,2,T1,1,100,36.921
1755214792.197719,1032427.000,34903,1,T1,1,100,37.001
1755214792.330720,1032560.000,34919,1,T1,1,100,37.001
1755214792.464721,1032694.000,34936,1,T1,1,100,36.965
1755214792.597722,1032827.000,34970,1,T1,1,100,36.914
1755214792.731723,1032961.000,34986,1,T1,1,100,36.963
1755214792.864724,1033094.000,35004,1,T1,1,100,36.948
1755214792.997725,1033227.000,35035,1,T1,1,100,36.871
1755214793.130725,1033360.000,35051,1,T1,1,100,36.980
1755214793.264726,1033494.000,35069,1,T1,1,100,36.991
1755214793.397727,1033627.000,35100,1,T1,1,100,36.961
1755214793.530728,1033760.000,35117,1,T1,1,100,37.054
1755214793.664729,1033894.000,35136,1,T1,1,100,36.988
1755214793.797730,1034027.000,35168,1,T1,1,100,36.959
1755214793.930731,1034160.000,35184,1,T1,1,100,36.947
1755214794.064732,1034294.000,35201,1,T1,1,100,37.012
1755214794.197733,1034427.000,35233,1,T1,1,100,36.970
1755214794.330734,1034560.000,35249,1,T1,1,100,36.952
1755214794.464735,1034694.000,35266,1,T1,1,100,37.014
1755214794.597735,1034827.000,35283,1,T1,1,100,36.900
1755214794.730736,1034960.000,35316,1,T1,1,100,36.850
1755214794.864737,1035094.000,35334,1,T1,1,100,37.006
1755214794.997738,1035227.000,35350,1,T1,1,100,36.967
1755214795.130739,1035360.000,35382,1,T1,1,100,36.986
1755214795.264740,1035494.000,35399,1,T1,1,100,37.029
1755214795.397741,1035627.000,35415,1,T1,1,100,36.977
1755214795.530742,1035760.000,35447,1,T1,1,100,36.990
1755214795.663743,1035893.000,35464,1,T1,1,100,37.067
1755214795.797744,1036027.000,35480,1,T1,1,100,36.993
1755214795.930745,1036160.000,35512,1,T1,1,100,36.962
1755214796.064745,1036294.000,35529,1,T1,1,100,36.948
1755214796.197746,1036427.000,35546,1,T1,1,100,36.942
1755214796.330747,1036560.000,35579,1,T1,1,100,37.046
1755214796.463748,1036693.000,35596,1,T1,1,100,37.055
1755214796.597749,1036827.000,35615,1,T1,1,100,36.988
1755214796.730750,1036960.000,35632,1,T1,1,100,36.960
1755214796.863751,1037093.000,35664,1,T1,1,100,36.912
1755214796.997752,1037227.000,35680,1,T1,1,100,36.962
1755214797.130753,1037360.000,35702,1,T1,1,100,37.019
1755214797.263754,1037493.000,35721,1,T1,1,100,36.973
1755214797.397755,1037627.000,35752,1,T1,1,100,36.953
1755214797.530755,1037760.000,35770,1,T1,1,100,36.980
1755214797.663756,1037893.000,35786,1,T1,1,100,37.062
1755214797.797757,1038027.000,35818,1,T1,1,100,37.098
1755214797.930758,1038160.000,35835,1,T1,1,100,37.007
1755214798.063759,1038293.000,35853,1,T1,1,100,37.003
1755214798.197760,1038427.000,35885,1,T1,1,100,37.037
1755214798.330761,1038560.000,35902,1,T1,1,100,36.945
1755214798.463762,1038693.000,35918,1,T1,1,100,36.976
1755214798.597763,1038827.000,35936,1,T1,1,100,37.061
1755214798.730764,1038960.000,35967,1,T1,1,100,36.955
1755214798.863765,1039093.000,35986,1,T1,1,100,36.981
1755214798.997765,1039227.000,36003,1,T1,1,100,37.027
1755214799.130766,1039360.000,36035,1,T1,1,100,37.012
1755214799.263767,1039493.000,36051,1,T1,1,100,36.970
1755214799.397768,1039627.000,36068,1,T1,1,100,37.058
1755214799.530769,1039760.000,36100,1,T1,1,100,37.025
1755214799.663770,1039893.000,36116,1,T1,1,100,36.975
1755214799.797771,1040027.000,36135,1,T1,1,100,36.989
1755214799.930772,1040160.000,36167,1,T1,1,100,36.995
1755214800.063773,1040293.000,36183,1,T1,1,100,37.069
1755214800.196774,1040426.000,36201,1,T1,1,100,37.030
1755214800.330775,1040560.000,36217,1,T1,1,100,36.871
1755214800.463775,1040693.000,36248,1,T1,1,100,36.944
1755214800.596776,1040826.000,36266,1,T1,1,100,36.976
1755214800.730777,1040960.000,36284,1,T1,1,100,36.919
1755214800.863778,1041093.000,36316,1,T1,1,100,37.000
1755214800.996779,1041226.000,36333,1,T1,1,100,37.000
1755214801.130780,1041360.000,36349,1,T1,1,100,36.929
1755214801.263781,1041493.000,36381,1,T1,1,100,37.040
1755214801.396782,1041626.000,36398,1,T1,1,100,37.053
1755214801.530783,1041760.000,36417,1,T1,1,100,36.987
1755214801.663784,1041893.000,36450,1,T1,1,100,37.030
1755214801.796785,1042026.000,36467,1,T1,1,100,37.084
1755214801.930785,1042160.000,36484,1,T1,1,100,37.036
1755214802.063786,1042293.000,36515,1,T1,1,100,37.087
1755214802.196787,1042426.000,36538,1,T1,1,100,37.073
1755214802.330788,1042560.000,36554,1,T1,1,100,36.961
1755214802.463789,1042693.000,36573,1,T1,1,100,37.054
1755214802.596790,1042826.000,36590,1,T1,1,100,37.059
1755214802.729791,1042959.000,36621,1,T1,1,100,37.061
1755214802.863792,1043093.000,36639,1,T1,1,100,36.991
1755214802.996793,1043226.000,36655,1,T1,1,100,36.961
1755214803.129794,1043359.000,36687,1,T1,1,100,37.018
1755214803.263795,1043493.000,36704,1,T1,1,100,37.008
1755214803.396795,1043626.000,36722,1,T1,1,100,36.933
1755214803.529796,1043759.000,36739,1,T1,1,100,37.042
1755214803.663797,1043893.000,36771,1,T1,1,100,37.018
1755214803.796798,1044026.000,36787,1,T1,1,100,36.972
1755214803.929799,1044159.000,36805,1,T1,1,100,37.059
1755214804.063800,1044293.000,36836,1,T1,1,100,36.955
1755214804.196801,1044426.000,36855,1,T1,1,100,37.016
1755214804.329802,1044559.000,36872,1,T1,1,100,37.113
1755214804.463803,1044693.000,36904,1,T1,1,100,37.049
1755214804.596804,1044826.000,36920,1,T1,1,100,37.021
1755214804.729805,1044959.000,36937,1,T1,1,100,37.080
1755214804.863805,1045093.000,36969,1,T1,1,100,37.035
1755214804.996806,1045226.000,36985,1,T1,1,100,37.015
1755214805.129807,1045359.000,37004,1,T1,1,100,37.042
1755214805.263808,1045493.000,37036,1,T1,1,100,36.983
1755214805.396809,1045626.000,37052,1,T1,1,100,37.028
1755214805.529810,1045759.000,37070,1,T1,1,100,37.118
1755214805.662811,1045892.000,37086,1,T1,1,100,37.087
1755214805.796812,1046026.000,37117,1,T1,1,100,37.073
1755214805.929813,1046159.000,37135,1,T1,1,100,36.996
1755214806.062814,1046292.000,37153,1,T1,1,100,36.963
1755214806.196815,1046426.000,37185,1,T1,1,100,37.055
1755214806.329815,1046559.000,37202,1,T1,1,100,37.130
1755214806.462816,1046692.000,37218,1,T1,1,100,37.056
1755214806.596817,1046826.000,37252,1,T1,1,100,37.024
1755214806.729818,1046959.000,37269,1,T1,1,100,37.152
1755214806.862819,1047092.000,37286,1,T1,1,100,36.995
1755214806.996820,1047226.000,37319,1,T1,1,100,37.104
1755214807.129821,1047359.000,37336,1,T1,1,100,37.045
1755214807.263822,1047493.000,37353,1,T1,1,100,36.949
1755214807.396823,1047626.000,37375,1,T1,1,100,37.049
1755214807.529824,1047759.000,37391,1,T1,1,100,37.021
1755214807.662825,1047892.000,37423,1,T1,1,100,37.115
1755214807.796825,1048026.000,37440,1,T1,1,100,37.050
1755214807.929826,1048159.000,37459,1,T1,1,100,37.093
1755214808.062827,1048292.000,37490,1,T1,1,100,37.075
1755214808.196828,1048426.000,37508,1,T1,1,100,37.033
1755214808.329829,1048559.000,37524,1,T1,1,100,37.085
1755214808.462830,1048692.000,37556,1,T1,1,100,37.108
1755214808.596831,1048826.000,37573,1,T1,1,100,37.047
1755214808.729832,1048959.000,37589,1,T1,1,100,37.091
1755214808.862833,1049092.000,37621,1,T1,1,100,37.110
1755214808.995834,1049225.000,37640,1,T1,1,100,37.012
1755214809.129835,1049359.000,37656,1,T1,1,100,37.112
1755214809.262835,1049492.000,37688,1,T1,1,100,37.119
1755214809.396836,1049626.000,37705,1,T1,1,100,37.123
1755214809.529837,1049759.000,37722,1,T1,1,100,37.124
1755214809.662838,1049892.000,37739,1,T1,1,100,37.160
1755214809.795839,1050025.000,37770,1,T1,1,100,37.069
1755214809.929840,1050159.000,37787,1,T1,1,100,37.030
1755214810.062841,1050292.000,37806,1,T1,1,100,37.119
1755214810.195842,1050425.000,37838,1,T1,1,100,37.016
1755214810.329843,1050559.000,37854,1,T1,1,100,37.042
1755214810.462844,1050692.000,37871,1,T1,1,100,37.018
1755214810.595845,1050825.000,37903,1,T1,1,100,37.008
1755214810.729845,1050959.000,37919,1,T1,1,100,37.003
1755214810.862846,1051092.000,37937,1,T1,1,100,37.108
1755214810.995847,1051225.000,37970,1,T1,1,100,36.976
1755214811.129848,1051359.000,37986,1,T1,1,100,36.954
1755214811.262849,1051492.000,38004,1,T1,1,100,37.051
1755214811.395850,1051625.000,38035,1,T1,1,100,36.987
1755214811.529851,1051759.000,38052,1,T1,1,100,36.923
1755214811.662852,1051892.000,38071,1,T1,1,100,37.038
1755214811.795853,1052025.000,38105,1,T1,1,100,37.087
1755214811.929854,1052159.000,38121,1,T1,1,100,37.144
1755214812.062855,1052292.000,38138,1,T1,1,100,37.133
1755214812.195855,1052425.000,38154,1,T1,1,100,37.058
1755214812.328856,1052558.000,38186,1,T1,1,100,37.096
1755214812.462857,1052692.000,38209,1,T1,1,100,37.112
1755214812.595858,1052825.000,38225,1,T1,1,100,37.120
1755214812.728859,1052958.000,38242,1,T1,1,100,37.123
1755214812.862860,1053092.000,38276,1,T1,1,100,37.053
1755214812.995861,1053225.000,38292,1,T1,1,100,37.129
1755214813.128862,1053358.000,38309,1,T1,1,100,37.021
1755214813.262863,1053492.000,38341,1,T1,1,100,37.044
1755214813.395864,1053625.000,38357,1,T1,1,100,37.055
1755214813.528865,1053758.000,38375,1,T1,1,100,37.095
1755214813.662865,1053892.000,38406,1,T1,1,100,37.147
1755214813.795866,1054025.000,38424,1,T1,1,100,37.064
1755214813.928867,1054158.000,38442,1,T1,1,100,37.028
1755214814.062868,1054292.000,38458,1,T1,1,100,37.047
1755214814.195869,1054425.000,38490,1,T1,1,100,37.021
1755214814.328870,1054558.000,38507,1,T1,1,100,37.009
1755214814.462871,1054692.000,38523,1,T1,1,100,37.075
1755214814.595872,1054825.000,38555,1,T1,1,100,37.068
1755214814.728873,1054958.000,38572,1,T1,1,100,37.029
1755214814.862874,1055092.000,38589,1,T1,1,100,37.084
1755214814.995875,1055225.000,38622,1,T1,1,100,37.143
1755214815.128875,1055358.000,38639,1,T1,1,100,36.991
1755214815.262876,1055492.000,38656,1,T1,1,100,36.996
1755214815.395877,1055625.000,38687,1,T1,1,100,36.998
1755214815.528878,1055758.000,38705,1,T1,1,100,37.035
1755214815.662879,1055892.000,38721,1,T1,1,100,37.121
1755214815.795880,1056025.000,38755,1,T1,1,100,37.123
1755214815.928881,1056158.000,38772,1,T1,1,100,37.089
1755214816.061882,1056291.000,38788,1,T1,1,100,37.109
1755214816.195883,1056425.000,38820,1,T1,1,100,37.118
1755214816.328884,1056558.000,38837,1,T1,1,100,37.051
1755214816.461885,1056691.000,38853,1,T1,1,100,37.129
1755214816.595885,1056825.000,38873,1,T1,1,100,37.091
1755214816.728886,1056958.000,38906,1,T1,1,100,37.039
1755214816.861887,1057091.000,38923,1,T1,1,100,37.088
1755214816.995888,1057225.000,38940,1,T1,1,100,37.144
1755214817.128889,1057358.000,38972,1,T1,1,100,37.204
1755214817.261890,1057491.000,38988,1,T1,1,100,37.053
1755214817.395891,1057625.000,39005,1,T1,1,100,36.952
1755214817.528892,1057758.000,39042,2,T1,1,100,36.979
1755214817.661893,1057891.000,39042,2,T1,1,100,36.885
1755214817.795894,1058025.000,39075,1,T1,1,100,36.986
1755214817.928895,1058158.000,39091,1,T1,1,100,37.065
1755214818.061895,1058291.000,39108,1,T1,1,100,37.063
1755214818.195896,1058425.000,39140,1,T1,1,100,37.027
1755214818.328897,1058558.000,39158,1,T1,1,100,37.083
1755214818.461898,1058691.000,39175,1,T1,1,100,37.107
1755214818.595899,1058825.000,39207,1,T1,1,100,37.082
1755214818.728900,1058958.000,39223,1,T1,1,100,37.106
1755214818.861901,1059091.000,39241,1,T1,1,100,37.117
1755214818.994902,1059224.000,39272,1,T1,1,100,37.086
1755214819.128903,1059358.000,39290,1,T1,1,100,37.179
1755214819.261904,1059491.000,39308,1,T1,1,100,37.184
1755214819.395905,1059625.000,39339,1,T1,1,100,37.115
1755214819.528905,1059758.000,39356,1,T1,1,100,37.085
1755214819.661906,1059891.000,39373,1,T1,1,100,37.001
1755214819.794907,1060024.000,39389,1,T1,1,100,37.072
1755214819.928908,1060158.000,39421,1,T1,1,100,37.137
1755214820.061909,1060291.000,39438,1,T1,1,100,37.024
1755214820.194910,1060424.000,39457,1,T1,1,100,37.081
1755214820.328911,1060558.000,39488,1,T1,1,100,37.071
1755214820.461912,1060691.000,39505,1,T1,1,100,36.995
1755214820.594913,1060824.000,39522,1,T1,1,100,37.104
1755214820.728914,1060958.000,39553,1,T1,1,100,37.151
1755214820.861915,1061091.000,39571,1,T1,1,100,37.030
1755214820.994915,1061224.000,39587,1,T1,1,100,37.048
1755214821.128916,1061358.000,39621,1,T1,1,100,37.056
1755214821.261917,1061491.000,39638,1,T1,1,100,37.024
1755214821.394918,1061624.000,39654,1,T1,1,100,37.152
1755214821.528919,1061758.000,39688,1,T1,1,100,37.172
1755214821.661920,1061891.000,39705,1,T1,1,100,37.110
1755214821.794921,1062024.000,39721,1,T1,1,100,37.083
1755214821.928922,1062158.000,39755,1,T1,1,100,37.036
1755214822.061923,1062291.000,39772,1,T1,1,100,37.157
1755214822.194924,1062424.000,39789,1,T1,1,100,37.104
1755214822.327925,1062557.000,39806,1,T1,1,100,37.187
1755214822.461925,1062691.000,39838,1,T1,1,100,37.081
1755214822.594926,1062824.000,39854,1,T1,1,100,37.070
1755214822.727927,1062957.000,39878,1,T1,1,100,37.137
1755214822.861928,1063091.000,39897,1,T1,1,100,37.059
1755214822.994929,1063224.000,39928,1,T1,1,100,37.097
1755214823.127930,1063357.000,39945,1,T1,1,100,37.113
1755214823.261931,1063491.000,39962,1,T1,1,100,37.120
1755214823.394932,1063624.000,39993,1,T1,1,100,37.016
1755214823.527933,1063757.000,40011,1,T1,1,100,37.113
1755214823.661934,1063891.000,40027,1,T1,1,100,37.155
1755214823.794935,1064024.000,40061,1,T1,1,100,36.961
1755214823.927935,1064157.000,40078,1,T1,1,100,36.983
1755214824.061936,1064291.000,40094,1,T1,1,100,37.028
1755214824.194937,1064424.000,40111,1,T1,1,100,37.083
1755214824.327938,1064557.000,40143,1,T1,1,100,37.213
1755214824.461939,1064691.000,40159,1,T1,1,100,37.199
1755214824.594940,1064824.000,40177,1,T1,1,100,37.050
1755214824.727941,1064957.000,40210,1,T1,1,100,37.128
1755214824.861942,1065091.000,40227,1,T1,1,100,37.162
1755214824.994943,1065224.000,40244,1,T1,1,100,37.105
1755214825.127944,1065357.000,40276,1,T1,1,100,37.046
1755214825.261945,1065491.000,40292,1,T1,1,100,37.091
1755214825.394945,1065624.000,40309,1,T1,1,100,37.039
1755214825.527946,1065757.000,40343,1,T1,1,100,36.982
1755214825.661947,1065891.000,40359,1,T1,1,100,37.027
1755214825.794948,1066024.000,40376,1,T1,1,100,37.118
1755214825.927949,1066157.000,40408,1,T1,1,100,37.122
1755214826.060950,1066290.000,40424,1,T1,1,100,37.088
1755214826.194951,1066424.000,40442,1,T1,1,100,37.038
1755214826.327952,1066557.000,40458,1,T1,1,100,37.052
1755214826.460953,1066690.000,40491,1,T1,1,100,37.058
1755214826.594954,1066824.000,40511,1,T1,1,100,37.061
1755214826.727955,1066957.000,40527,1,T1,1,100,37.097
1755214826.860955,1067090.000,40559,1,T1,1,100,37.077
1755214826.994956,1067224.000,40576,1,T1,1,100,37.140
1755214827.127957,1067357.000,40592,1,T1,1,100,37.096
1755214827.260958,1067490.000,40626,1,T1,1,100,37.112
1755214827.394959,1067624.000,40643,1,T1,1,100,37.155
1755214827.527960,1067757.000,40660,1,T1,1,100,37.067
1755214827.660961,1067890.000,40691,1,T1,1,100,37.064
1755214827.794962,1068024.000,40714,1,T1,1,100,37.134
1755214827.927963,1068157.000,40730,1,T1,1,100,37.164
1755214828.060964,1068290.000,40747,1,T1,1,100,37.178
1755214828.194965,1068424.000,40764,1,T1,1,100,37.112
1755214828.327965,1068557.000,40797,1,T1,1,100,37.049
1755214828.460966,1068690.000,40814,1,T1,1,100,37.127
1755214828.594967,1068824.000,40831,1,T1,1,100,37.232
1755214828.727968,1068957.000,40862,1,T1,1,100,37.030
1755214828.860969,1069090.000,40880,1,T1,1,100,37.119
1755214828.994970,1069224.000,40896,1,T1,1,100,37.087
1755214829.127971,1069357.000,40930,1,T1,1,100,37.109
1755214829.260972,1069490.000,40947,1,T1,1,100,37.118
1755214829.393973,1069623.000,40963,1,T1,1,100,37.193
1755214829.527974,1069757.000,40995,1,T1,1,100,37.154
1755214829.660975,1069890.000,41012,1,T1,1,100,37.138
1755214829.793975,1070023.000,41028,1,T1,1,100,37.095
1755214829.927976,1070157.000,41060,1,T1,1,100,37.112
1755214830.060977,1070290.000,41079,1,T1,1,100,37.155
1755214830.193978,1070423.000,41096,1,T1,1,100,37.138
1755214830.327979,1070557.000,41113,1,T1,1,100,37.095
1755214830.460980,1070690.000,41144,1,T1,1,100,37.077
1755214830.593981,1070823.000,41161,1,T1,1,100,37.140
1755214830.727982,1070957.000,41178,1,T1,1,100,37.096
1755214830.860983,1071090.000,41210,1,T1,1,100,37.077
1755214830.993984,1071223.000,41226,1,T1,1,100,37.175
1755214831.127985,1071357.000,41245,1,T1,1,100,37.111
1755214831.260985,1071490.000,41277,1,T1,1,100,37.119
1755214831.393986,1071623.000,41293,1,T1,1,100,37.158
1755214831.527987,1071757.000,41311,1,T1,1,100,37.139
1755214831.660988,1071890.000,41344,1,T1,1,100,37.025
1755214831.793989,1072023.000,41360,1,T1,1,100,36.975
1755214831.927990,1072157.000,41378,1,T1,1,100,37.096
1755214832.060991,1072290.000,41411,1,T1,1,100,37.077
1755214832.193992,1072423.000,41428,1,T1,1,100,37.175
1755214832.327993,1072557.000,41445,1,T1,1,100,37.147
1755214832.460994,1072690.000,41461,1,T1,1,100,37.063
1755214832.593995,1072823.000,41493,1,T1,1,100,37.063
1755214832.727995,1072957.000,41510,1,T1,1,100,37.169
1755214832.860996,1073090.000,41527,1,T1,1,100,37.073
1755214832.993997,1073223.000,41549,1,T1,1,100,37.103
1755214833.126998,1073356.000,41583,1,T1,1,100,37.186
1755214833.260999,1073490.000,41599,1,T1,1,100,37.116
1755214833.394000,1073623.000,41616,1,T1,1,100,37.192
1755214833.527001,1073756.000,41648,1,T1,1,100,37.154
1755214833.661002,1073890.000,41664,1,T1,1,100,37.138
1755214833.794003,1074023.000,41681,1,T1,1,100,37.166
1755214833.927004,1074156.000,41700,1,T1,1,100,37.143
1755214834.061005,1074290.000,41731,1,T1,1,100,37.026
1755214834.194005,1074423.000,41749,1,T1,1,100,37.011
1755214834.327006,1074556.000,41765,1,T1,1,100,37.182
1755214834.461007,1074690.000,41797,1,T1,1,100,37.185
1755214834.594008,1074823.000,41814,1,T1,1,100,37.222
1755214834.727009,1074956.000,41830,1,T1,1,100,37.096
1755214834.861010,1075090.000,41864,1,T1,1,100,37.042
1755214834.994011,1075223.000,41881,1,T1,1,100,37.160
1755214835.127012,1075356.000,41897,1,T1,1,100,37.211
1755214835.260013,1075489.000,41929,1,T1,1,100,37.127
1755214835.394014,1075623.000,41946,1,T1,1,100,37.126
1755214835.527015,1075756.000,41963,1,T1,1,100,37.161
1755214835.661015,1075890.000,41994,1,T1,1,100,37.140
1755214835.794016,1076023.000,42013,1,T1,1,100,37.203
1755214835.927017,1076156.000,42030,1,T1,1,100,37.229
1755214836.060018,1076289.000,42047,1,T1,1,100,37.170
1755214836.194019,1076423.000,42079,1,T1,1,100,37.180
1755214836.327020,1076556.000,42095,1,T1,1,100,37.220
1755214836.460021,1076689.000,42112,1,T1,1,100,37.201
1755214836.594022,1076823.000,42146,1,T1,1,100,37.087
1755214836.727023,1076956.000,42164,1,T1,1,100,37.144
1755214836.860024,1077089.000,42182,1,T1,1,100,37.098
1755214836.994025,1077223.000,42213,1,T1,1,100,37.007
1755214837.127025,1077356.000,42229,1,T1,1,100,37.109
1755214837.260026,1077489.000,42247,1,T1,1,100,37.189
1755214837.394027,1077623.000,42278,1,T1,1,100,37.153
1755214837.527028,1077756.000,42295,1,T1,1,100,37.137
1755214837.660029,1077889.000,42312,1,T1,1,100,37.166
1755214837.794030,1078023.000,42346,1,T1,1,100,37.072
1755214837.927031,1078156.000,42362,1,T1,1,100,37.137
1755214838.060032,1078289.000,42384,1,T1,1,100,37.166
1755214838.194033,1078423.000,42401,1,T1,1,100,37.107
1755214838.327034,1078556.000,42418,1,T1,1,100,37.117
1755214838.460035,1078689.000,42450,1,T1,1,100,37.157
1755214838.594035,1078823.000,42466,1,T1,1,100,37.174
1755214838.727036,1078956.000,42485,1,T1,1,100,37.182
1755214838.860037,1079089.000,42517,1,T1,1,100,37.150
1755214838.993038,1079222.000,42533,1,T1,1,100,37.100
1755214839.127039,1079356.000,42550,1,T1,1,100,37.150
1755214839.260040,1079489.000,42582,1,T1,1,100,37.242
1755214839.393041,1079622.000,42598,1,T1,1,100,37.211
1755214839.527042,1079756.000,42616,1,T1,1,100,37.198
1755214839.660043,1079889.000,42649,1,T1,1,100,37.156
1755214839.793044,1080022.000,42665,1,T1,1,100,37.068
1755214839.927045,1080156.000,42683,1,T1,1,100,37.171
1755214840.060045,1080289.000,42714,1,T1,1,100,37.251
1755214840.193046,1080422.000,42731,1,T1,1,100,37.144
1755214840.327047,1080556.000,42748,1,T1,1,100,37.169
1755214840.460048,1080689.000,42764,1,T1,1,100,37.179
1755214840.593049,1080822.000,42798,1,T1,1,100,37.078
1755214840.727050,1080956.000,42815,1,T1,1,100,37.140
1755214840.860051,1081089.000,42831,1,T1,1,100,37.273
1755214840.993052,1081222.000,42863,1,T1,1,100,37.118
1755214841.127053,1081356.000,42880,1,T1,1,100,37.158
1755214841.260054,1081489.000,42897,1,T1,1,100,37.245
1755214841.393055,1081622.000,42928,1,T1,1,100,37.213
1755214841.527055,1081756.000,42948,1,T1,1,100,37.163
1755214841.660056,1081889.000,42966,1,T1,1,100,37.177
1755214841.793057,1082022.000,42998,1,T1,1,100,37.183
1755214841.927058,1082156.000,43015,1,T1,1,100,37.221
1755214842.060059,1082289.000,43031,1,T1,1,100,37.167
1755214842.193060,1082422.000,43063,1,T1,1,100,37.249
1755214842.327061,1082556.000,43080,1,T1,1,100,37.108
1755214842.460062,1082689.000,43098,1,T1,1,100,37.189
1755214842.593063,1082822.000,43130,1,T1,1,100,37.188
1755214842.726064,1082955.000,43147,1,T1,1,100,37.188
1755214842.860065,1083089.000,43164,1,T1,1,100,37.152
1755214842.993065,1083222.000,43181,1,T1,1,100,37.208
1755214843.126066,1083355.000,43216,1,T1,1,100,37.161
1755214843.260067,1083489.000,43234,1,T1,1,100,37.105
1755214843.393068,1083622.000,43251,1,T1,1,100,37.223
1755214843.526069,1083755.000,43268,1,T1,1,100,37.096
1755214843.660070,1083889.000,43299,1,T1,1,100,37.113
1755214843.793071,1084022.000,43316,1,T1,1,100,37.084
1755214843.926072,1084155.000,43333,1,T1,1,100,37.107
1755214844.060073,1084289.000,43364,1,T1,1,100,37.117
1755214844.193074,1084422.000,43384,1,T1,1,100,37.157
1755214844.326075,1084555.000,43400,1,T1,1,100,37.139
1755214844.460075,1084689.000,43432,1,T1,1,100,37.202
1755214844.593076,1084822.000,43449,1,T1,1,100,37.229
1755214844.726077,1084955.000,43465,1,T1,1,100,37.170
1755214844.860078,1085089.000,43482,1,T1,1,100,37.109
1755214844.993079,1085222.000,43514,1,T1,1,100,37.118
1755214845.126080,1085355.000,43530,1,T1,1,100,37.157
1755214845.260081,1085489.000,43550,1,T1,1,100,37.175
1755214845.393082,1085622.000,43581,1,T1,1,100,37.146
1755214845.526083,1085755.000,43598,1,T1,1,100,37.134
1755214845.660084,1085889.000,43615,1,T1,1,100,37.200
1755214845.793085,1086022.000,43647,1,T1,1,100,37.264
1755214845.926085,1086155.000,43663,1,T1,1,100,37.185
1755214846.059086,1086288.000,43680,1,T1,1,100,37.116
1755214846.193087,1086422.000,43714,1,T1,1,100,37.156
1755214846.326088,1086555.000,43730,1,T1,1,100,37.174
1755214846.459089,1086688.000,43747,1,T1,1,100,37.040
1755214846.593090,1086822.000,43781,1,T1,1,100,37.159
1755214846.726091,1086955.000,43797,1,T1,1,100,37.246
1755214846.859092,1087088.000,43815,1,T1,1,100,37.213
1755214846.993093,1087222.000,43831,1,T1,1,100,37.128
1755214847.126094,1087355.000,43862,1,T1,1,100,37.162
1755214847.259095,1087488.000,43882,1,T1,1,100,37.176
1755214847.393095,1087622.000,43898,1,T1,1,100,37.218
1755214847.526096,1087755.000,43930,1,T1,1,100,37.272
1755214847.659097,1087888.000,43947,1,T1,1,100,37.188
1755214847.793098,1088022.000,43963,1,T1,1,100,37.188
1755214847.926099,1088155.000,43995,1,T1,1,100,37.188
1755214848.059100,1088288.000,44014,1,T1,1,100,37.223
1755214848.193101,1088422.000,44031,1,T1,1,100,37.203
1755214848.326102,1088555.000,44055,1,T1,1,100,37.194
1755214848.459103,1088688.000,44071,1,T1,1,100,37.049
1755214848.592104,1088821.000,44103,1,T1,1,100,37.163
1755214848.726105,1088955.000,44120,1,T1,1,100,37.283
1755214848.859105,1089088.000,44139,1,T1,1,100,37.193
1755214848.993106,1089222.000,44170,1,T1,1,100,37.155
1755214849.126107,1089355.000,44187,1,T1,1,100,37.209
1755214849.259108,1089488.000,44204,1,T1,1,100,37.197
1755214849.392109,1089621.000,44235,1,T1,1,100,37.227
1755214849.526110,1089755.000,44253,1,T1,1,100,37.275
1755214849.659111,1089888.000,44269,1,T1,1,100,37.155
1755214849.792112,1090021.000,44301,1,T1,1,100,37.209
1755214849.926113,1090155.000,44318,1,T1,1,100,37.232
1755214850.059114,1090288.000,44334,1,T1,1,100,37.207
1755214850.192115,1090421.000,44351,1,T1,1,100,37.196
1755214850.326115,1090555.000,44383,1,T1,1,100,37.156
1755214850.459116,1090688.000,44399,1,T1,1,100,37.067
1755214850.592117,1090821.000,44417,1,T1,1,100,37.206
1755214850.726118,1090955.000,44450,1,T1,1,100,37.267
1755214850.859119,1091088.000,44467,1,T1,1,100,37.222
1755214850.992120,1091221.000,44484,1,T1,1,100,37.202
1755214851.126121,1091355.000,44516,1,T1,1,100,37.158
1755214851.259122,1091488.000,44532,1,T1,1,100,37.139
1755214851.392123,1091621.000,44549,1,T1,1,100,37.202
1755214851.526124,1091755.000,44583,1,T1,1,100,37.265
1755214851.659125,1091888.000,44599,1,T1,1,100,37.256
1755214851.792125,1092021.000,44618,1,T1,1,100,37.217
1755214851.926126,1092155.000,44650,1,T1,1,100,37.200
1755214852.059127,1092288.000,44666,1,T1,1,100,37.193
1755214852.192128,1092421.000,44684,1,T1,1,100,37.154
1755214852.326129,1092555.000,44715,1,T1,1,100,37.350
1755214852.459130,1092688.000,44731,1,T1,1,100,37.293
1755214852.592131,1092821.000,44749,1,T1,1,100,37.127
1755214852.725132,1092954.000,44765,1,T1,1,100,37.303
1755214852.859133,1093088.000,44799,1,T1,1,100,37.379
1755214852.992134,1093221.000,44816,1,T1,1,100,37.271
1755214853.125135,1093354.000,44832,1,T1,1,100,37.294
1755214853.259135,1093488.000,44864,1,T1,1,100,37.269
1755214853.392136,1093621.000,44886,1,T1,1,100,37.187
1755214853.525137,1093754.000,44903,1,T1,1,100,37.223
1755214853.659138,1093888.000,44922,1,T1,1,100,37.167
1755214853.792139,1094021.000,44954,1,T1,1,100,37.179
1755214853.925140,1094154.000,44970,1,T1,1,100,37.184
1755214854.059141,1094288.000,44987,1,T1,1,100,37.186
1755214854.192142,1094421.000,45003,1,T1,1,100,37.080
1755214854.325143,1094554.000,45035,1,T1,1,100,37.177
1755214854.459144,1094688.000,45054,1,T1,1,100,37.289
1755214854.592145,1094821.000,45071,1,T1,1,100,37.196
1755214854.725145,1094954.000,45102,1,T1,1,100,37.262
1755214854.859146,1095088.000,45120,1,T1,1,100,37.255
1755214854.992147,1095221.000,45136,1,T1,1,100,37.288
1755214855.125148,1095354.000,45168,1,T1,1,100,37.337
1755214855.259149,1095488.000,45185,1,T1,1,100,37.288
1755214855.392150,1095621.000,45203,1,T1,1,100,37.266
1755214855.525151,1095754.000,45235,1,T1,1,100,37.257
1755214855.658152,1095887.000,45252,1,T1,1,100,37.218
1755214855.792153,1096021.000,45268,1,T1,1,100,37.271
1755214855.925154,1096154.000,45300,1,T1,1,100,37.188
1755214856.058154,1096287.000,45317,1,T1,1,100,37.259
1755214856.192155,1096421.000,45334,1,T1,1,100,37.218
1755214856.325156,1096554.000,45351,1,T1,1,100,37.130
1755214856.458157,1096687.000,45384,1,T1,1,100,37.269
1755214856.592158,1096821.000,45403,1,T1,1,100,37.294
1755214856.725159,1096954.000,45420,1,T1,1,100,37.269
1755214856.858160,1097087.000,45452,1,T1,1,100,37.329
1755214856.992161,1097221.000,45468,1,T1,1,100,37.213
1755214857.125162,1097354.000,45485,1,T1,1,100,37.128
1755214857.258163,1097487.000,45517,1,T1,1,100,37.162
1755214857.392164,1097621.000,45535,1,T1,1,100,37.176
1755214857.525164,1097754.000,45553,1,T1,1,100,37.147
1755214857.658165,1097887.000,45584,1,T1,1,100,37.170
1755214857.792166,1098021.000,45600,1,T1,1,100,37.251
1755214857.925167,1098154.000,45618,1,T1,1,100,37.179
1755214858.058168,1098287.000,45649,1,T1,1,100,37.219
1755214858.192169,1098421.000,45666,1,T1,1,100,37.272
1755214858.325170,1098554.000,45685,1,T1,1,100,37.224
1755214858.458171,1098687.000,45701,1,T1,1,100,37.168
1755214858.592172,1098821.000,45723,1,T1,1,100,37.179
1755214858.725173,1098954.000,45754,1,T1,1,100,37.184
1755214858.858174,1099087.000,45771,1,T1,1,100,37.257
1755214858.991174,1099220.000,45788,1,T1,1,100,37.253
1755214859.125175,1099354.000,45820,1,T1,1,100,37.180
1755214859.258176,1099487.000,45838,1,T1,1,100,37.149
1755214859.391177,1099620.000,45855,1,T1,1,100,37.277
1755214859.525178,1099754.000,45887,1,T1,1,100,37.226
1755214859.658179,1099887.000,45903,1,T1,1,100,37.311
1755214859.791180,1100020.000,45920,1,T1,1,100,37.241
1755214859.925181,1100154.000,45937,1,T1,1,100,37.211
1755214860.058182,1100287.000,45968,1,T1,1,100,37.233
1755214860.191183,1100420.000,45988,1,T1,1,100,37.349
1755214860.325184,1100554.000,46004,1,T1,1,100,37.222
1755214860.458184,1100687.000,46036,1,T1,1,100,37.202
1755214860.591185,1100820.000,46053,1,T1,1,100,37.194
1755214860.725186,1100954.000,46069,1,T1,1,100,37.190
1755214860.858187,1101087.000,46101,1,T1,1,100,37.260
1755214860.991188,1101220.000,46118,1,T1,1,100,37.325
1755214861.125189,1101354.000,46134,1,T1,1,100,37.389
1755214861.258190,1101487.000,46168,1,T1,1,100,37.310
1755214861.391191,1101620.000,46185,1,T1,1,100,37.311
1755214861.525192,1101754.000,46202,1,T1,1,100,37.348
1755214861.658193,1101887.000,46235,1,T1,1,100,37.257
1755214861.791194,1102020.000,46252,1,T1,1,100,37.324
1755214861.925194,1102154.000,46269,1,T1,1,100,37.282
1755214862.058195,1102287.000,46286,1,T1,1,100,37.193
1755214862.191196,1102420.000,46320,1,T1,1,100,37.154
1755214862.324197,1102553.000,46336,1,T1,1,100,37.244
1755214862.458198,1102687.000,46353,1,T1,1,100,37.247
1755214862.591199,1102820.000,46385,1,T1,1,100,37.249
1755214862.724200,1102953.000,46401,1,T1,1,100,37.356
1755214862.858201,1103087.000,46419,1,T1,1,100,37.225
1755214862.991202,1103220.000,46452,1,T1,1,100,37.275
1755214863.124203,1103353.000,46468,1,T1,1,100,37.438
1755214863.258204,1103487.000,46486,1,T1,1,100,37.331
1755214863.391204,1103620.000,46517,1,T1,1,100,37.321
1755214863.524205,1103753.000,46534,1,T1,1,100,37.316
1755214863.658206,1103887.000,46556,1,T1,1,100,37.279
1755214863.791207,1104020.000,46572,1,T1,1,100,37.333
1755214863.924208,1104153.000,46590,1,T1,1,100,37.286
1755214864.058209,1104287.000,46623,1,T1,1,100,37.230
1755214864.191210,1104420.000,46640,1,T1,1,100,37.206
1755214864.324211,1104553.000,46657,1,T1,1,100,37.195
1755214864.458212,1104687.000,46689,1,T1,1,100,37.262
1755214864.591213,1104820.000,46705,1,T1,1,100,37.255
1755214864.724214,1104953.000,46722,1,T1,1,100,37.288
1755214864.858214,1105087.000,46738,1,T1,1,100,37.195
1755214864.991215,1105220.000,46770,1,T1,1,100,37.191
1755214865.124216,1105353.000,46787,1,T1,1,100,37.260
1755214865.258217,1105487.000,46806,1,T1,1,100,37.290
1755214865.391218,1105620.000,46837,1,T1,1,100,37.232
1755214865.524219,1105753.000,46855,1,T1,1,100,37.242
1755214865.657220,1105886.000,46871,1,T1,1,100,37.247
1755214865.791221,1106020.000,46903,1,T1,1,100,37.284
1755214865.924222,1106153.000,46920,1,T1,1,100,37.407
1755214866.057223,1106286.000,46936,1,T1,1,100,37.318
1755214866.191224,1106420.000,46970,1,T1,1,100,37.350
1755214866.324224,1106553.000,46987,1,T1,1,100,37.293
1755214866.457225,1106686.000,47003,1,T1,1,100,37.340
1755214866.591226,1106820.000,47037,1,T1,1,100,37.324
1755214866.724227,1106953.000,47054,1,T1,1,100,37.424
1755214866.857228,1107086.000,47071,1,T1,1,100,37.396
1755214866.991229,1107220.000,47088,1,T1,1,100,37.278
1755214867.124230,1107353.000,47119,1,T1,1,100,37.262
1755214867.257231,1107486.000,47138,1,T1,1,100,37.362
1755214867.391232,1107620.000,47155,1,T1,1,100,37.334
1755214867.524233,1107753.000,47187,1,T1,1,100,37.286
1755214867.657234,1107886.000,47203,1,T1,1,100,37.301
1755214867.791234,1108020.000,47220,1,T1,1,100,37.272
1755214867.924235,1108153.000,47252,1,T1,1,100,37.295
1755214868.057236,1108286.000,47270,1,T1,1,100,37.305
1755214868.191237,1108420.000,47288,1,T1,1,100,37.203
1755214868.324238,1108553.000,47319,1,T1,1,100,37.265
1755214868.457239,1108686.000,47335,1,T1,1,100,37.292
1755214868.591240,1108820.000,47353,1,T1,1,100,37.304
1755214868.724241,1108953.000,47390,2,T1,1,100,37.380
1755214868.857242,1109086.000,47390,2,T1,1,100,37.412
1755214868.991243,1109220.000,47423,1,T1,1,100,37.285
1755214869.124244,1109353.000,47439,1,T1,1,100,37.265
1755214869.257244,1109486.000,47457,1,T1,1,100,37.292
1755214869.391245,1109620.000,47488,1,T1,1,100,37.233
1755214869.524246,1109753.000,47505,1,T1,1,100,37.349
1755214869.657247,1109886.000,47522,1,T1,1,100,37.399
1755214869.790248,1110019.000,47556,1,T1,1,100,37.244
1755214869.924249,1110153.000,47572,1,T1,1,100,37.212
1755214870.057250,1110286.000,47589,1,T1,1,100,37.233
1755214870.190251,1110419.000,47621,1,T1,1,100,37.349
1755214870.324252,1110553.000,47637,1,T1,1,100,37.364
1755214870.457253,1110686.000,47654,1,T1,1,100,37.370
1755214870.590254,1110819.000,47671,1,T1,1,100,37.302
1755214870.724254,1110953.000,47702,1,T1,1,100,37.202
1755214870.857255,1111086.000,47722,1,T1,1,100,37.229
1755214870.990256,1111219.000,47738,1,T1,1,100,37.312
1755214871.124257,1111353.000,47770,1,T1,1,100,37.312
1755214871.257258,1111486.000,47787,1,T1,1,100,37.312
1755214871.390259,1111619.000,47803,1,T1,1,100,37.348
1755214871.524260,1111753.000,47837,1,T1,1,100,37.257
1755214871.657261,1111886.000,47854,1,T1,1,100,37.288
1755214871.790262,1112019.000,47870,1,T1,1,100,37.373
1755214871.923263,1112152.000,47904,1,T1,1,100,37.339
1755214872.057264,1112286.000,47921,1,T1,1,100,37.217
1755214872.190264,1112419.000,47938,1,T1,1,100,37.307
1755214872.324265,1112553.000,47969,1,T1,1,100,37.310
1755214872.457266,1112686.000,47986,1,T1,1,100,37.311
1755214872.590267,1112819.000,48003,1,T1,1,100,37.312
1755214872.723268,1112952.000,48020,1,T1,1,100,37.312
1755214872.857269,1113086.000,48054,1,T1,1,100,37.348
1755214872.990270,1113219.000,48070,1,T1,1,100,37.434
1755214873.123271,1113352.000,48087,1,T1,1,100,37.365
1755214873.257272,1113486.000,48119,1,T1,1,100,37.335
1755214873.390273,1113619.000,48135,1,T1,1,100,37.251
1755214873.523274,1113752.000,48153,1,T1,1,100,37.286
1755214873.657274,1113886.000,48184,1,T1,1,100,37.337
1755214873.790275,1114019.000,48202,1,T1,1,100,37.358
1755214873.923276,1114152.000,48225,1,T1,1,100,37.332
1755214874.057277,1114286.000,48241,1,T1,1,100,37.357
1755214874.190278,1114419.000,48273,1,T1,1,100,37.367
1755214874.323279,1114552.000,48290,1,T1,1,100,37.265
1755214874.457280,1114686.000,48306,1,T1,1,100,37.327
1755214874.590281,1114819.000,48324,1,T1,1,100,37.425
1755214874.723282,1114952.000,48355,1,T1,1,100,37.290
1755214874.857283,1115086.000,48374,1,T1,1,100,37.303
1755214874.990284,1115219.000,48391,1,T1,1,100,37.344
1755214875.123284,1115352.000,48423,1,T1,1,100,37.397
1755214875.257285,1115486.000,48439,1,T1,1,100,37.385
1755214875.390286,1115619.000,48456,1,T1,1,100,37.450
1755214875.523287,1115752.000,48488,1,T1,1,100,37.372
1755214875.656288,1115885.000,48504,1,T1,1,100,37.267
1755214875.790289,1116019.000,48523,1,T1,1,100,37.435
1755214875.923290,1116152.000,48555,1,T1,1,100,37.436
1755214876.057291,1116286.000,48571,1,T1,1,100,37.260
1755214876.190292,1116419.000,48589,1,T1,1,100,37.325
1755214876.323293,1116552.000,48620,1,T1,1,100,37.318
1755214876.456294,1116685.000,48636,1,T1,1,100,37.208
1755214876.590294,1116819.000,48656,1,T1,1,100,37.303
1755214876.723295,1116952.000,48674,1,T1,1,100,37.415
1755214876.856296,1117085.000,48706,1,T1,1,100,37.321
1755214876.990297,1117219.000,48723,1,T1,1,100,37.210
1755214877.123298,1117352.000,48739,1,T1,1,100,37.268
1755214877.256299,1117485.000,48771,1,T1,1,100,37.293
1755214877.390300,1117619.000,48788,1,T1,1,100,37.411
1755214877.523301,1117752.000,48805,1,T1,1,100,37.426
1755214877.656302,1117885.000,48838,1,T1,1,100,37.326
1755214877.790303,1118019.000,48855,1,T1,1,100,37.247
1755214877.923304,1118152.000,48872,1,T1,1,100,37.284
1755214878.056304,1118285.000,48903,1,T1,1,100,37.265
1755214878.190305,1118419.000,48921,1,T1,1,100,37.398
1755214878.323306,1118552.000,48937,1,T1,1,100,37.421
1755214878.456307,1118685.000,48954,1,T1,1,100,37.395
1755214878.590308,1118819.000,48988,1,T1,1,100,37.313
1755214878.723309,1118952.000,49004,1,T1,1,100,37.419
1755214878.856310,1119085.000,49021,1,T1,1,100,37.359
1755214878.990311,1119219.000,49058,1,T1,1,100,37.368
1755214879.123312,1119352.000,49075,1,T1,1,100,37.407
1755214879.256313,1119485.000,49092,1,T1,1,100,37.283
1755214879.389314,1119618.000,49108,1,T1,1,100,37.406
1755214879.523314,1119752.000,49140,1,T1,1,100,37.459
1755214879.656315,1119885.000,49159,1,T1,1,100,37.411
1755214879.789316,1120018.000,49175,1,T1,1,100,37.320
1755214879.923317,1120152.000,49193,1,T1,1,100,37.387
1755214880.056318,1120285.000,49224,1,T1,1,100,37.415
1755214880.189319,1120418.000,49241,1,T1,1,100,37.393
1755214880.323320,1120552.000,49258,1,T1,1,100,37.347
1755214880.456321,1120685.000,49290,1,T1,1,100,37.327
1755214880.589322,1120818.000,49306,1,T1,1,100,37.354
1755214880.723323,1120952.000,49323,1,T1,1,100,37.402
1755214880.856324,1121085.000,49357,1,T1,1,100,37.386
1755214880.989324,1121218.000,49373,1,T1,1,100,37.380
1755214881.123325,1121352.000,49390,1,T1,1,100,37.413
1755214881.256326,1121485.000,49422,1,T1,1,100,37.427
1755214881.389327,1121618.000,49438,1,T1,1,100,37.326
1755214881.523328,1121752.000,49456,1,T1,1,100,37.283
1755214881.656329,1121885.000,49491,1,T1,1,100,37.300
1755214881.789330,1122018.000,49507,1,T1,1,100,37.307
1755214881.923331,1122152.000,49525,1,T1,1,100,37.310
1755214882.056332,1122285.000,49541,1,T1,1,100,37.311
1755214882.189333,1122418.000,49573,1,T1,1,100,37.348
1755214882.322334,1122551.000,49590,1,T1,1,100,37.363
1755214882.456334,1122685.000,49606,1,T1,1,100,37.370
1755214882.589335,1122818.000,49640,1,T1,1,100,37.373
1755214882.722336,1122951.000,49657,1,T1,1,100,37.374
1755214882.856337,1123085.000,49674,1,T1,1,100,37.304
1755214882.989338,1123218.000,49705,1,T1,1,100,37.309
1755214883.122339,1123351.000,49722,1,T1,1,100,37.453
1755214883.256340,1123485.000,49739,1,T1,1,100,37.409
1755214883.389341,1123618.000,49770,1,T1,1,100,37.283
1755214883.522342,1123751.000,49788,1,T1,1,100,37.371
1755214883.656343,1123885.000,49806,1,T1,1,100,37.444
1755214883.789344,1124018.000,49838,1,T1,1,100,37.369
1755214883.922344,1124151.000,49855,1,T1,1,100,37.337
1755214884.056345,1124285.000,49871,1,T1,1,100,37.430
1755214884.189346,1124418.000,49894,1,T1,1,100,37.363
1755214884.322347,1124551.000,49910,1,T1,1,100,37.441
1755214884.456348,1124685.000,49942,1,T1,1,100,37.474
1755214884.589349,1124818.000,49961,1,T1,1,100,37.383
1755214884.722350,1124951.000,49977,1,T1,1,100,37.343
1755214884.856351,1125085.000,50009,1,T1,1,100,37.397
1755214884.989352,1125218.000,50026,1,T1,1,100,37.349
1755214885.122353,1125351.000,50042,1,T1,1,100,37.364
1755214885.256354,1125485.000,50074,1,T1,1,100,37.370
1755214885.389354,1125618.000,50091,1,T1,1,100,37.444
1755214885.522355,1125751.000,50108,1,T1,1,100,37.334
1755214885.656356,1125885.000,50141,1,T1,1,100,37.322
1755214885.789357,1126018.000,50158,1,T1,1,100,37.494
1755214885.922358,1126151.000,50175,1,T1,1,100,37.426
1755214886.055359,1126284.000,50192,1,T1,1,100,37.504
1755214886.189360,1126418.000,50224,1,T1,1,100,37.537
1755214886.322361,1126551.000,50240,1,T1,1,100,37.445
1755214886.455362,1126684.000,50257,1,T1,1,100,37.405
1755214886.589363,1126818.000,50293,1,T1,1,100,37.424
1755214886.722364,1126951.000,50309,1,T1,1,100,37.431
1755214886.855364,1127084.000,50327,1,T1,1,100,37.435
1755214886.989365,1127218.000,50358,1,T1,1,100,37.365
1755214887.122366,1127351.000,50374,1,T1,1,100,37.335
1755214887.255367,1127484.000,50392,1,T1,1,100,37.393
1755214887.389368,1127618.000,50423,1,T1,1,100,37.454
1755214887.522369,1127751.000,50440,1,T1,1,100,37.303
1755214887.655370,1127884.000,50457,1,T1,1,100,37.379
1755214887.789371,1128018.000,50491,1,T1,1,100,37.306
1755214887.922372,1128151.000,50507,1,T1,1,100,37.381
1755214888.055373,1128284.000,50524,1,T1,1,100,37.377
1755214888.189374,1128418.000,50540,1,T1,1,100,37.411
1755214888.322374,1128551.000,50572,1,T1,1,100,37.391
1755214888.455375,1128684.000,50589,1,T1,1,100,37.417
1755214888.589376,1128818.000,50606,1,T1,1,100,37.464
1755214888.722377,1128951.000,50639,1,T1,1,100,37.449
1755214888.855378,1129084.000,50657,1,T1,1,100,37.478
1755214888.989379,1129218.000,50673,1,T1,1,100,37.420
1755214889.122380,1129351.000,50705,1,T1,1,100,37.359
1755214889.255381,1129484.000,50727,1,T1,1,100,37.439
1755214889.388382,1129617.000,50743,1,T1,1,100,37.509
1755214889.522383,1129751.000,50761,1,T1,1,100,37.433
1755214889.655384,1129884.000,50792,1,T1,1,100,37.436
1755214889.788384,1130017.000,50810,1,T1,1,100,37.401
1755214889.922385,1130151.000,50828,1,T1,1,100,37.422
1755214890.055386,1130284.000,50844,1,T1,1,100,37.289
1755214890.188387,1130417.000,50876,1,T1,1,100,37.409
1755214890.322388,1130551.000,50893,1,T1,1,100,37.460
1755214890.455389,1130684.000,50909,1,T1,1,100,37.306
1755214890.588390,1130817.000,50943,1,T1,1,100,37.380
1755214890.722391,1130951.000,50960,1,T1,1,100,37.484
1755214890.855392,1131084.000,50977,1,T1,1,100,37.422
1755214890.988393,1131217.000,51008,1,T1,1,100,37.431
1755214891.122394,1131351.000,51025,1,T1,1,100,37.470
1755214891.255394,1131484.000,51042,1,T1,1,100,37.310
1755214891.388395,1131617.000,51073,1,T1,1,100,37.311
1755214891.522396,1131751.000,51091,1,T1,1,100,37.383
1755214891.655397,1131884.000,51111,1,T1,1,100,37.343
1755214891.788398,1132017.000,51143,1,T1,1,100,37.397
1755214891.922399,1132151.000,51160,1,T1,1,100,37.384
1755214892.055400,1132284.000,51176,1,T1,1,100,37.344
1755214892.188401,1132417.000,51193,1,T1,1,100,37.432
1755214892.321402,1132550.000,51225,1,T1,1,100,37.506
1755214892.455403,1132684.000,51241,1,T1,1,100,37.467
1755214892.588404,1132817.000,51259,1,T1,1,100,37.521
1755214892.722404,1132951.000,51292,1,T1,1,100,37.509
1755214892.855405,1133084.000,51309,1,T1,1,100,37.504
1755214892.988406,1133217.000,51326,1,T1,1,100,37.537
1755214893.121407,1133350.000,51358,1,T1,1,100,37.622
1755214893.255408,1133484.000,51374,1,T1,1,100,37.518
1755214893.388409,1133617.000,51391,1,T1,1,100,37.401
1755214893.521410,1133750.000,51423,1,T1,1,100,37.386
1755214893.655411,1133884.000,51439,1,T1,1,100,37.415
1755214893.788412,1134017.000,51456,1,T1,1,100,37.463
1755214893.921413,1134150.000,51490,1,T1,1,100,37.484
1755214894.055414,1134284.000,51506,1,T1,1,100,37.351
1755214894.188414,1134417.000,51524,1,T1,1,100,37.400
1755214894.321915,1134550.500,51560,2,T1,1,100,37.386
1755214894.455416,1134684.000,51560,2,T1,1,100,37.415
1755214894.588417,1134817.000,51592,1,T1,1,100,37.428
1755214894.721418,1134950.000,51610,1,T1,1,100,37.504
1755214894.855419,1135084.000,51628,1,T1,1,100,37.502
1755214894.988420,1135217.000,51659,1,T1,1,100,37.430
1755214895.121421,1135350.000,51675,1,T1,1,100,37.434
1755214895.255422,1135484.000,51693,1,T1,1,100,37.507
1755214895.388423,1135617.000,51724,1,T1,1,100,37.432
1755214895.521424,1135750.000,51741,1,T1,1,100,37.400
1755214895.654424,1135883.000,51758,1,T1,1,100,37.350
1755214895.788425,1136017.000,51792,1,T1,1,100,37.435
1755214895.921426,1136150.000,51808,1,T1,1,100,37.472
1755214896.055427,1136284.000,51825,1,T1,1,100,37.523
1755214896.188428,1136417.000,51841,1,T1,1,100,37.439
1755214896.321429,1136550.000,51873,1,T1,1,100,37.438
1755214896.454430,1136683.000,51890,1,T1,1,100,37.473
1755214896.588431,1136817.000,51909,1,T1,1,100,37.418
1755214896.721432,1136950.000,51942,1,T1,1,100,37.393
1755214896.854433,1137083.000,51960,1,T1,1,100,37.489
1755214896.988434,1137217.000,51976,1,T1,1,100,37.318
1755214897.121434,1137350.000,52008,1,T1,1,100,37.350
1755214897.254435,1137483.000,52025,1,T1,1,100,37.435
1755214897.388436,1137617.000,52041,1,T1,1,100,37.401
1755214897.521437,1137750.000,52073,1,T1,1,100,37.386
1755214897.654438,1137883.000,52090,1,T1,1,100,37.415
1755214897.788439,1138017.000,52106,1,T1,1,100,37.357
1755214897.921440,1138150.000,52126,1,T1,1,100,37.332
1755214898.054441,1138283.000,52157,1,T1,1,100,37.392
1755214898.188442,1138417.000,52174,1,T1,1,100,37.347
1755214898.321443,1138550.000,52191,1,T1,1,100,37.469
1755214898.454444,1138683.000,52223,1,T1,1,100,37.416
1755214898.588444,1138817.000,52239,1,T1,1,100,37.393
1755214898.721445,1138950.000,52258,1,T1,1,100,37.489
1755214898.854446,1139083.000,52290,1,T1,1,100,37.531
1755214898.987447,1139216.000,52306,1,T1,1,100,37.407
1755214899.121448,1139350.000,52323,1,T1,1,100,37.353
1755214899.254449,1139483.000,52355,1,T1,1,100,37.437
1755214899.387450,1139616.000,52371,1,T1,1,100,37.508
1755214899.521451,1139750.000,52394,1,T1,1,100,37.468
1755214899.654452,1139883.000,52410,1,T1,1,100,37.451
1755214899.788453,1140017.000,52427,1,T1,1,100,37.443
1755214899.921454,1140150.000,52461,1,T1,1,100,37.405
1755214900.054454,1140283.000,52477,1,T1,1,100,37.423
1755214900.187455,1140416.000,52495,1,T1,1,100,37.467
1755214900.321456,1140550.000,52526,1,T1,1,100,37.415
1755214900.454457,1140683.000,52542,1,T1,1,100,37.357
1755214900.587458,1140816.000,52560,1,T1,1,100,37.332
1755214900.721459,1140950.000,52593,1,T1,1,100,37.321
1755214900.854460,1141083.000,52610,1,T1,1,100,37.352
1755214900.987461,1141216.000,52627,1,T1,1,100,37.400
1755214901.121462,1141350.000,52659,1,T1,1,100,37.386
1755214901.254463,1141483.000,52675,1,T1,1,100,37.344
1755214901.387464,1141616.000,52692,1,T1,1,100,37.433
1755214901.521464,1141750.000,52726,1,T1,1,100,37.435
1755214901.654465,1141883.000,52742,1,T1,1,100,37.472
1755214901.787466,1142016.000,52761,1,T1,1,100,37.488
1755214901.921467,1142150.000,52778,1,T1,1,100,37.459
1755214902.054468,1142283.000,52809,1,T1,1,100,37.447
1755214902.187469,1142416.000,52827,1,T1,1,100,37.442
1755214902.320470,1142549.000,52843,1,T1,1,100,37.404
1755214902.454471,1142683.000,52875,1,T1,1,100,37.423
1755214902.587472,1142816.000,52892,1,T1,1,100,37.396
1755214902.720473,1142949.000,52910,1,T1,1,100,37.349
1755214902.854474,1143083.000,52942,1,T1,1,100,37.399
1755214902.987474,1143216.000,52959,1,T1,1,100,37.456
1755214903.120475,1143349.000,52975,1,T1,1,100,37.446
1755214903.254476,1143483.000,53007,1,T1,1,100,37.512
1755214903.387477,1143616.000,53024,1,T1,1,100,37.505
1755214903.520478,1143749.000,53041,1,T1,1,100,37.396
1755214903.654479,1143883.000,53074,1,T1,1,100,37.384
1755214903.787480,1144016.000,53091,1,T1,1,100,37.485
1755214903.920481,1144149.000,53108,1,T1,1,100,37.494
1755214904.054482,1144283.000,53139,1,T1,1,100,37.462
1755214904.187483,1144416.000,53157,1,T1,1,100,37.448
1755214904.320484,1144549.000,53173,1,T1,1,100,37.371
1755214904.454484,1144683.000,53190,1,T1,1,100,37.373
1755214904.587485,1144816.000,53229,1,T1,1,100,37.516
1755214904.720486,1144949.000,53245,1,T1,1,100,37.542
1755214904.854487,1145083.000,53263,1,T1,1,100,37.341
1755214904.987488,1145216.000,53279,1,T1,1,100,37.325
1755214905.120489,1145349.000,53311,1,T1,1,100,37.389
1755214905.254490,1145483.000,53328,1,T1,1,100,37.452
1755214905.387491,1145616.000,53344,1,T1,1,100,37.479
1755214905.520492,1145749.000,53376,1,T1,1,100,37.491
1755214905.653493,1145882.000,53393,1,T1,1,100,37.390
1755214905.787494,1146016.000,53411,1,T1,1,100,37.381
1755214905.920494,1146149.000,53429,1,T1,1,100,37.484
1755214906.053495,1146282.000,53460,1,T1,1,100,37.493
1755214906.187496,1146416.000,53477,1,T1,1,100,37.462
1755214906.320497,1146549.000,53494,1,T1,1,100,37.412
1755214906.453498,1146682.000,53526,1,T1,1,100,37.356
1755214906.587499,1146816.000,53544,1,T1,1,100,37.508
1755214906.720500,1146949.000,53561,1,T1,1,100,37.468
1755214906.853501,1147082.000,53593,1,T1,1,100,37.380
1755214906.987502,1147216.000,53609,1,T1,1,100,37.413
1755214907.120503,1147349.000,53626,1,T1,1,100,37.462
1755214907.253504,1147482.000,53658,1,T1,1,100,37.377
1755214907.387504,1147616.000,53674,1,T1,1,100,37.411
1755214907.520505,1147749.000,53694,1,T1,1,100,37.391
1755214907.653506,1147882.000,53725,1,T1,1,100,37.311
1755214907.787507,1148016.000,53741,1,T1,1,100,37.383
1755214907.920508,1148149.000,53759,1,T1,1,100,37.414
1755214908.053509,1148282.000,53790,1,T1,1,100,37.285
1755214908.187510,1148416.000,53807,1,T1,1,100,37.407
1755214908.320511,1148549.000,53824,1,T1,1,100,37.460
1755214908.453512,1148682.000,53842,1,T1,1,100,37.305
1755214908.587513,1148816.000,53874,1,T1,1,100,37.380
1755214908.720514,1148949.000,53891,1,T1,1,100,37.484
1755214908.853514,1149082.000,53908,1,T1,1,100,37.599
1755214908.987515,1149216.000,53939,1,T1,1,100,37.472
1755214909.120516,1149349.000,53958,1,T1,1,100,37.488
1755214909.253517,1149482.000,53975,1,T1,1,100,37.495
1755214909.387518,1149616.000,54006,1,T1,1,100,37.391
1755214909.520519,1149749.000,54024,1,T1,1,100,37.524
1755214909.653520,1149882.000,54040,1,T1,1,100,37.439
1755214909.786521,1150015.000,54062,1,T1,1,100,37.438
1755214909.920522,1150149.000,54079,1,T1,1,100,37.438
1755214910.053523,1150282.000,54112,1,T1,1,100,37.473
1755214910.186524,1150415.000,54130,1,T1,1,100,37.453
1755214910.320524,1150549.000,54146,1,T1,1,100,37.480
1755214910.453525,1150682.000,54178,1,T1,1,100,37.491
1755214910.586526,1150815.000,54195,1,T1,1,100,37.390
1755214910.720527,1150949.000,54211,1,T1,1,100,37.381
1755214910.853528,1151082.000,54243,1,T1,1,100,37.413
1755214910.986529,1151215.000,54262,1,T1,1,100,37.427
1755214911.120530,1151349.000,54278,1,T1,1,100,37.468
1755214911.253531,1151482.000,54310,1,T1,1,100,37.451
1755214911.386532,1151615.000,54327,1,T1,1,100,37.408
1755214911.520533,1151749.000,54344,1,T1,1,100,37.460
1755214911.653534,1151882.000,54377,1,T1,1,100,37.447
1755214911.786534,1152015.000,54394,1,T1,1,100,37.406
1755214911.920535,1152149.000,54413,1,T1,1,100,37.530
1755214912.053536,1152282.000,54430,1,T1,1,100,37.478
1755214912.186537,1152415.000,54462,1,T1,1,100,37.455
1755214912.319538,1152548.000,54478,1,T1,1,100,37.516
1755214912.453539,1152682.000,54495,1,T1,1,100,37.613
1755214912.586540,1152815.000,54527,1,T1,1,100,37.514
1755214912.719541,1152948.000,54543,1,T1,1,100,37.506
1755214912.853542,1153082.000,54563,1,T1,1,100,37.503
1755214912.986543,1153215.000,54594,1,T1,1,100,37.430
1755214913.119544,1153348.000,54610,1,T1,1,100,37.505
1755214913.253544,1153482.000,54628,1,T1,1,100,37.573
1755214913.386545,1153615.000,54659,1,T1,1,100,37.496
1755214913.519546,1153748.000,54676,1,T1,1,100,37.392
1755214913.653547,1153882.000,54693,1,T1,1,100,37.453
1755214913.786548,1154015.000,54727,1,T1,1,100,37.480
1755214913.919549,1154148.000,54743,1,T1,1,100,37.420
1755214914.053550,1154282.000,54760,1,T1,1,100,37.501
1755214914.186551,1154415.000,54776,1,T1,1,100,37.430
1755214914.319552,1154548.000,54808,1,T1,1,100,37.399
1755214914.453553,1154682.000,54825,1,T1,1,100,37.456
1755214914.586554,1154815.000,54844,1,T1,1,100,37.481
1755214914.719554,1154948.000,54875,1,T1,1,100,37.421
1755214914.853555,1155082.000,54898,1,T1,1,100,37.537
1755214914.986556,1155215.000,54914,1,T1,1,100,37.516
1755214915.119557,1155348.000,54931,1,T1,1,100,37.330
1755214915.253558,1155482.000,54963,1,T1,1,100,37.462
1755214915.386559,1155615.000,54979,1,T1,1,100,37.519
1755214915.519560,1155748.000,54997,1,T1,1,100,37.473
1755214915.653561,1155882.000,55030,1,T1,1,100,37.382
1755214915.786562,1156015.000,55046,1,T1,1,100,37.520
1755214915.919563,1156148.000,55064,1,T1,1,100,37.438
1755214916.052564,1156281.000,55080,1,T1,1,100,37.473
1755214916.186564,1156415.000,55112,1,T1,1,100,37.524
1755214916.319565,1156548.000,55129,1,T1,1,100,37.510
1755214916.452566,1156681.000,55145,1,T1,1,100,37.504
1755214916.586567,1156815.000,55181,1,T1,1,100,37.466
1755214916.719568,1156948.000,55198,1,T1,1,100,37.415
1755214916.852569,1157081.000,55215,1,T1,1,100,37.463
1755214916.986570,1157215.000,55246,1,T1,1,100,37.449
1755214917.119571,1157348.000,55263,1,T1,1,100,37.407
1755214917.252572,1157481.000,55280,1,T1,1,100,37.460
1755214917.386573,1157615.000,55311,1,T1,1,100,37.412
1755214917.519574,1157748.000,55331,1,T1,1,100,37.426
1755214917.652574,1157881.000,55347,1,T1,1,100,37.397
1755214917.786575,1158015.000,55379,1,T1,1,100,37.385
1755214917.919576,1158148.000,55396,1,T1,1,100,37.308
1755214918.052577,1158281.000,55412,1,T1,1,100,37.382
1755214918.186578,1158415.000,55429,1,T1,1,100,37.449
1755214918.319579,1158548.000,55461,1,T1,1,100,37.407
1755214918.452580,1158681.000,55479,1,T1,1,100,37.389
1755214918.586581,1158815.000,55497,1,T1,1,100,37.416
1755214918.719582,1158948.000,55528,1,T1,1,100,37.499
1755214918.852583,1159081.000,55545,1,T1,1,100,37.535
1755214918.985584,1159214.000,55562,1,T1,1,100,37.586
1755214919.119584,1159348.000,55594,1,T1,1,100,37.537
1755214919.252585,1159481.000,55610,1,T1,1,100,37.481
1755214919.385586,1159614.000,55627,1,T1,1,100,37.421
1755214919.519587,1159748.000,55661,1,T1,1,100,37.430
1755214919.652588,1159881.000,55677,1,T1,1,100,37.434
1755214919.785589,1160014.000,55694,1,T1,1,100,37.436
1755214919.919090,1160147.500,55731,2,T1,1,100,37.472
1755214920.052591,1160281.000,55731,2,T1,1,100,37.417
1755214920.185592,1160414.000,55764,1,T1,1,100,37.358
1755214920.319593,1160548.000,55780,1,T1,1,100,37.474
1755214920.452594,1160681.000,55797,1,T1,1,100,37.489
1755214920.585594,1160814.000,55831,1,T1,1,100,37.424
1755214920.719595,1160948.000,55847,1,T1,1,100,37.361
1755214920.852596,1161081.000,55865,1,T1,1,100,37.404
1755214920.985597,1161214.000,55896,1,T1,1,100,37.352
1755214921.119598,1161348.000,55912,1,T1,1,100,37.401
1755214921.252599,1161481.000,55930,1,T1,1,100,37.386
1755214921.385600,1161614.000,55961,1,T1,1,100,37.451
1755214921.519601,1161748.000,55978,1,T1,1,100,37.408
1755214921.652602,1161881.000,55997,1,T1,1,100,37.425
1755214921.785603,1162014.000,56031,1,T1,1,100,37.538
1755214921.919604,1162148.000,56047,1,T1,1,100,37.552
1755214922.052604,1162281.000,56064,1,T1,1,100,37.487
1755214922.185605,1162414.000,56080,1,T1,1,100,37.565
1755214922.318606,1162547.000,56112,1,T1,1,100,37.528
1755214922.452607,1162681.000,56129,1,T1,1,100,37.441
1755214922.585608,1162814.000,56146,1,T1,1,100,37.439
1755214922.719609,1162948.000,56179,1,T1,1,100,37.403
1755214922.852610,1163081.000,56197,1,T1,1,100,37.422
1755214922.985611,1163214.000,56213,1,T1,1,100,37.502
1755214923.119612,1163348.000,56245,1,T1,1,100,37.572
1755214923.252613,1163481.000,56262,1,T1,1,100,37.637
1755214923.385614,1163614.000,56278,1,T1,1,100,37.524
1755214923.518614,1163747.000,56310,1,T1,1,100,37.546
1755214923.652615,1163881.000,56327,1,T1,1,100,37.520
1755214923.785616,1164014.000,56345,1,T1,1,100,37.473
1755214923.918617,1164147.000,56377,1,T1,1,100,37.488
1755214924.052618,1164281.000,56394,1,T1,1,100,37.530
1755214924.185619,1164414.000,56411,1,T1,1,100,37.478
1755214924.318620,1164547.000,56442,1,T1,1,100,37.490
1755214924.452621,1164681.000,56459,1,T1,1,100,37.460
1755214924.585622,1164814.000,56476,1,T1,1,100,37.412
1755214924.718623,1164947.000,56493,1,T1,1,100,37.497
1755214924.852624,1165081.000,56527,1,T1,1,100,37.499
1755214924.985624,1165214.000,56543,1,T1,1,100,37.429
1755214925.118625,1165347.000,56565,1,T1,1,100,37.469
1755214925.252626,1165481.000,56582,1,T1,1,100,37.558
1755214925.385627,1165614.000,56613,1,T1,1,100,37.454
1755214925.518628,1165747.000,56631,1,T1,1,100,37.516
1755214925.652629,1165881.000,56647,1,T1,1,100,37.507
1755214925.785630,1166014.000,56666,1,T1,1,100,37.432
1755214925.918631,1166147.000,56698,1,T1,1,100,37.471
1755214926.052632,1166281.000,56714,1,T1,1,100,37.523
1755214926.185633,1166414.000,56732,1,T1,1,100,37.510
1755214926.318633,1166547.000,56763,1,T1,1,100,37.540
1755214926.451634,1166680.000,56779,1,T1,1,100,37.517
1755214926.585635,1166814.000,56799,1,T1,1,100,37.366
1755214926.718636,1166947.000,56832,1,T1,1,100,37.406
1755214926.851637,1167080.000,56849,1,T1,1,100,37.495
1755214926.985638,1167214.000,56866,1,T1,1,100,37.533
1755214927.118639,1167347.000,56898,1,T1,1,100,37.408
1755214927.251640,1167480.000,56914,1,T1,1,100,37.496
1755214927.385641,1167614.000,56931,1,T1,1,100,37.427
1755214927.518642,1167747.000,56963,1,T1,1,100,37.433
1755214927.651643,1167880.000,56979,1,T1,1,100,37.506
1755214927.785643,1168014.000,56996,1,T1,1,100,37.432
1755214927.918644,1168147.000,57028,1,T1,1,100,37.400
1755214928.051645,1168280.000,57044,1,T1,1,100,37.563
1755214928.185646,1168414.000,57062,1,T1,1,100,37.563
1755214928.318647,1168547.000,57078,1,T1,1,100,37.527
1755214928.451648,1168680.000,57110,1,T1,1,100,37.512
1755214928.585649,1168814.000,57127,1,T1,1,100,37.505
1755214928.718650,1168947.000,57145,1,T1,1,100,37.431
1755214928.851651,1169080.000,57177,1,T1,1,100,37.577
1755214928.984652,1169213.000,57194,1,T1,1,100,37.569
1755214929.118653,1169347.000,57210,1,T1,1,100,37.494
1755214929.251653,1169480.000,57242,1,T1,1,100,37.533
1755214929.384654,1169613.000,57259,1,T1,1,100,37.514
1755214929.518655,1169747.000,57276,1,T1,1,100,37.435
1755214929.651656,1169880.000,57307,1,T1,1,100,37.507
1755214929.784657,1170013.000,57324,1,T1,1,100,37.539
1755214929.918658,1170147.000,57341,1,T1,1,100,37.517
1755214930.051659,1170280.000,57360,1,T1,1,100,37.507
1755214930.184660,1170413.000,57397,1,T1,1,100,37.539
1755214930.318661,1170547.000,57413,1,T1,1,100,37.517
1755214930.451662,1170680.000,57430,1,T1,1,100,37.614
1755214930.584663,1170813.000,57447,1,T1,1,100,37.585
1755214930.718663,1170947.000,57464,1,T1,1,100,37.466
1755214930.851664,1171080.000,57496,1,T1,1,100,37.521
1755214930.984665,1171213.000,57512,1,T1,1,100,37.544
1755214931.118666,1171347.000,57531,1,T1,1,100,37.519
1755214931.251667,1171480.000,57563,1,T1,1,100,37.544
1755214931.384668,1171613.000,57579,1,T1,1,100,37.483
1755214931.518669,1171747.000,57597,1,T1,1,100,37.457
1755214931.651670,1171880.000,57630,1,T1,1,100,37.482
1755214931.784671,1172013.000,57646,1,T1,1,100,37.634
1755214931.918672,1172147.000,57666,1,T1,1,100,37.487
1755214932.051673,1172280.000,57697,1,T1,1,100,37.353
1755214932.184673,1172413.000,57714,1,T1,1,100,37.507
1755214932.318674,1172547.000,57731,1,T1,1,100,37.432
1755214932.451675,1172680.000,57763,1,T1,1,100,37.612
1755214932.584676,1172813.000,57779,1,T1,1,100,37.549
1755214932.718677,1172947.000,57798,1,T1,1,100,37.450
1755214932.851678,1173080.000,57814,1,T1,1,100,37.478
1755214932.984679,1173213.000,57846,1,T1,1,100,37.384
1755214933.117680,1173346.000,57863,1,T1,1,100,37.521
1755214933.251681,1173480.000,57880,1,T1,1,100,37.509
1755214933.384682,1173613.000,57911,1,T1,1,100,37.468
1755214933.517683,1173746.000,57929,1,T1,1,100,37.486
1755214933.651683,1173880.000,57945,1,T1,1,100,37.423
1755214933.784684,1174013.000,57979,1,T1,1,100,37.467
1755214933.917685,1174146.000,57996,1,T1,1,100,37.592
1755214934.051686,1174280.000,58012,1,T1,1,100,37.540
1755214934.184687,1174413.000,58044,1,T1,1,100,37.482
1755214934.317688,1174546.000,58061,1,T1,1,100,37.492
1755214934.451689,1174680.000,58077,1,T1,1,100,37.532
1755214934.584690,1174813.000,58109,1,T1,1,100,37.478
1755214934.717691,1174946.000,58126,1,T1,1,100,37.562
1755214934.851692,1175080.000,58143,1,T1,1,100,37.527
1755214934.984693,1175213.000,58162,1,T1,1,100,37.476
1755214935.117693,1175346.000,58194,1,T1,1,100,37.490
1755214935.251694,1175480.000,58210,1,T1,1,100,37.531
1755214935.384695,1175613.000,58232,1,T1,1,100,37.549
1755214935.517696,1175746.000,58249,1,T1,1,100,37.486
1755214935.650697,1175879.000,58280,1,T1,1,100,37.529
1755214935.784698,1176013.000,58297,1,T1,1,100,37.548
1755214935.917699,1176146.000,58316,1,T1,1,100,37.592
1755214936.051700,1176280.000,58347,1,T1,1,100,37.504
1755214936.184701,1176413.000,58365,1,T1,1,100,37.502
1755214936.317702,1176546.000,58381,1,T1,1,100,37.501
1755214936.450703,1176679.000,58398,1,T1,1,100,37.429
1755214936.584703,1176813.000,58432,1,T1,1,100,37.434
1755214936.717704,1176946.000,58448,1,T1,1,100,37.436
1755214936.850705,1177079.000,58466,1,T1,1,100,37.366
1755214936.984706,1177213.000,58499,1,T1,1,100,37.442
1755214937.117707,1177346.000,58515,1,T1,1,100,37.475
1755214937.250708,1177479.000,58533,1,T1,1,100,37.383
1755214937.384709,1177613.000,58564,1,T1,1,100,37.414
1755214937.517710,1177746.000,58581,1,T1,1,100,37.498
1755214937.650711,1177879.000,58598,1,T1,1,100,37.464
1755214937.784712,1178013.000,58632,1,T1,1,100,37.520
1755214937.917713,1178146.000,58648,1,T1,1,100,37.473
1755214938.050713,1178279.000,58665,1,T1,1,100,37.524
1755214938.184714,1178413.000,58697,1,T1,1,100,37.475
1755214938.317715,1178546.000,58713,1,T1,1,100,37.595
1755214938.450716,1178679.000,58730,1,T1,1,100,37.506
1755214938.584717,1178813.000,58747,1,T1,1,100,37.432
1755214938.717718,1178946.000,58778,1,T1,1,100,37.541
1755214938.850719,1179079.000,58798,1,T1,1,100,37.482
1755214938.983720,1179212.000,58814,1,T1,1,100,37.492
1755214939.117721,1179346.000,58846,1,T1,1,100,37.532
1755214939.250722,1179479.000,58863,1,T1,1,100,37.514
1755214939.383723,1179612.000,58879,1,T1,1,100,37.435
1755214939.517723,1179746.000,58913,1,T1,1,100,37.507
1755214939.650724,1179879.000,58930,1,T1,1,100,37.539
1755214939.783725,1180012.000,58946,1,T1,1,100,37.481
1755214939.917726,1180146.000,58978,1,T1,1,100,37.492
1755214940.050727,1180279.000,58995,1,T1,1,100,37.496
1755214940.183728,1180412.000,59012,1,T1,1,100,37.534
1755214940.317729,1180546.000,59043,1,T1,1,100,37.550
1755214940.450730,1180679.000,59066,1,T1,1,100,37.628
1755214940.583731,1180812.000,59082,1,T1,1,100,37.555
1755214940.717732,1180946.000,59101,1,T1,1,100,37.489
1755214940.850733,1181079.000,59118,1,T1,1,100,37.530
1755214940.983733,1181212.000,59149,1,T1,1,100,37.549
1755214941.117734,1181346.000,59166,1,T1,1,100,37.557
1755214941.250735,1181479.000,59183,1,T1,1,100,37.560
1755214941.383736,1181612.000,59214,1,T1,1,100,37.455
1755214941.517737,1181746.000,59232,1,T1,1,100,37.445
1755214941.650738,1181879.000,59252,1,T1,1,100,37.547
1755214941.783739,1182012.000,59284,1,T1,1,100,37.556
1755214941.917740,1182146.000,59301,1,T1,1,100,37.595
1755214942.050741,1182279.000,59317,1,T1,1,100,37.577
1755214942.183742,1182412.000,59349,1,T1,1,100,37.533
1755214942.316743,1182545.000,59366,1,T1,1,100,37.585
1755214942.450743,1182679.000,59382,1,T1,1,100,37.572
1755214942.583744,1182812.000,59400,1,T1,1,100,37.567
1755214942.716745,1182945.000,59433,1,T1,1,100,37.423
1755214942.850746,1183079.000,59450,1,T1,1,100,37.502
1755214942.983747,1183212.000,59467,1,T1,1,100,37.607
1755214943.116748,1183345.000,59499,1,T1,1,100,37.582
1755214943.250749,1183479.000,59515,1,T1,1,100,37.500
1755214943.383750,1183612.000,59532,1,T1,1,100,37.535
1755214943.516751,1183745.000,59564,1,T1,1,100,37.480
1755214943.650752,1183879.000,59582,1,T1,1,100,37.491
1755214943.783753,1184012.000,59599,1,T1,1,100,37.567
1755214943.916753,1184145.000,59631,1,T1,1,100,37.494
1755214944.050754,1184279.000,59647,1,T1,1,100,37.497
1755214944.183755,1184412.000,59665,1,T1,1,100,37.499
1755214944.316756,1184545.000,59696,1,T1,1,100,37.535
1755214944.450757,1184679.000,59712,1,T1,1,100,37.586
1755214944.583758,1184812.000,59732,1,T1,1,100,37.644
1755214944.716759,1184945.000,59748,1,T1,1,100,37.456
1755214944.850760,1185079.000,59780,1,T1,1,100,37.552
1755214944.983761,1185212.000,59797,1,T1,1,100,37.558
1755214945.116762,1185345.000,59813,1,T1,1,100,37.490
1755214945.250763,1185479.000,59845,1,T1,1,100,37.495
1755214945.383763,1185612.000,59862,1,T1,1,100,37.569
1755214945.516764,1185745.000,59879,1,T1,1,100,37.530
1755214945.649765,1185878.000,59901,1,T1,1,100,37.619
1755214945.783766,1186012.000,59933,1,T1,1,100,37.658
1755214945.916767,1186145.000,59949,1,T1,1,100,37.568
1755214946.049768,1186278.000,59966,1,T1,1,100,37.565
1755214946.183769,1186412.000,59982,1,T1,1,100,37.635
1755214946.316770,1186545.000,60014,1,T1,1,100,37.523
1755214946.449771,1186678.000,60031,1,T1,1,100,37.581
1755214946.583772,1186812.000,60048,1,T1,1,100,37.641
1755214946.716773,1186945.000,60081,1,T1,1,100,37.561
1755214946.849773,1187078.000,60099,1,T1,1,100,37.526
1755214946.983774,1187212.000,60115,1,T1,1,100,37.582
1755214947.116775,1187345.000,60147,1,T1,1,100,37.500
1755214947.249776,1187478.000,60164,1,T1,1,100,37.642
1755214947.383777,1187612.000,60180,1,T1,1,100,37.597
1755214947.516778,1187745.000,60212,1,T1,1,100,37.613
1755214947.649779,1187878.000,60229,1,T1,1,100,37.513
1755214947.783780,1188012.000,60247,1,T1,1,100,37.470
1755214947.916781,1188145.000,60279,1,T1,1,100,37.558
1755214948.049782,1188278.000,60296,1,T1,1,100,37.454
1755214948.183783,1188412.000,60313,1,T1,1,100,37.551
1755214948.316783,1188545.000,60344,1,T1,1,100,37.664
1755214948.449784,1188678.000,60361,1,T1,1,100,37.535
1755214948.583785,1188812.000,60380,1,T1,1,100,37.622
1755214948.716786,1188945.000,60397,1,T1,1,100,37.659
1755214948.849787,1189078.000,60429,1,T1,1,100,37.533
1755214948.982788,1189211.000,60445,1,T1,1,100,37.550
1755214949.116789,1189345.000,60462,1,T1,1,100,37.593
1755214949.249790,1189478.000,60494,1,T1,1,100,37.505
1755214949.382791,1189611.000,60510,1,T1,1,100,37.537
1755214949.516792,1189745.000,60528,1,T1,1,100,37.552
1755214949.649793,1189878.000,60561,1,T1,1,100,37.629
1755214949.782793,1190011.000,60577,1,T1,1,100,37.556
1755214949.916794,1190145.000,60595,1,T1,1,100,37.560
1755214950.049795,1190278.000,60626,1,T1,1,100,37.490
1755214950.182796,1190411.000,60643,1,T1,1,100,37.638
1755214950.316797,1190545.000,60662,1,T1,1,100,37.630
1755214950.449798,1190678.000,60678,1,T1,1,100,37.663
1755214950.582799,1190811.000,60710,1,T1,1,100,37.570
1755214950.716800,1190945.000,60732,1,T1,1,100,37.530
1755214950.849801,1191078.000,60749,1,T1,1,100,37.549
1755214950.982802,1191211.000,60766,1,T1,1,100,37.627
1755214951.116803,1191345.000,60798,1,T1,1,100,37.555
1755214951.249803,1191478.000,60816,1,T1,1,100,37.488
1755214951.382804,1191611.000,60833,1,T1,1,100,37.637
1755214951.516805,1191745.000,60867,1,T1,1,100,37.595
1755214951.649806,1191878.000,60883,1,T1,1,100,37.541
1755214951.782807,1192011.000,60900,1,T1,1,100,37.589
1755214951.916808,1192145.000,60932,1,T1,1,100,37.609
1755214952.049809,1192278.000,60948,1,T1,1,100,37.476
1755214952.182810,1192411.000,60966,1,T1,1,100,37.454
1755214952.316811,1192545.000,60999,1,T1,1,100,37.551
1755214952.449812,1192678.000,61015,1,T1,1,100,37.593
1755214952.582813,1192811.000,61033,1,T1,1,100,37.540
1755214952.715813,1192944.000,61049,1,T1,1,100,37.624
1755214952.849814,1193078.000,61081,1,T1,1,100,37.624
1755214952.982815,1193211.000,61098,1,T1,1,100,37.483
1755214953.115816,1193344.000,61116,1,T1,1,100,37.599
1755214953.249817,1193478.000,61148,1,T1,1,100,37.685
1755214953.382818,1193611.000,61165,1,T1,1,100,37.615
1755214953.515819,1193744.000,61182,1,T1,1,100,37.550
1755214953.649820,1193878.000,61213,1,T1,1,100,37.593
1755214953.782821,1194011.000,61230,1,T1,1,100,37.575
1755214953.915822,1194144.000,61247,1,T1,1,100,37.639
1755214954.049823,1194278.000,61280,1,T1,1,100,37.631
1755214954.182823,1194411.000,61298,1,T1,1,100,37.486
1755214954.315824,1194544.000,61314,1,T1,1,100,37.494
1755214954.449825,1194678.000,61346,1,T1,1,100,37.568
1755214954.582826,1194811.000,61363,1,T1,1,100,37.565
1755214954.715827,1194944.000,61379,1,T1,1,100,37.599
1755214954.849828,1195078.000,61398,1,T1,1,100,37.614
1755214954.982829,1195211.000,61430,1,T1,1,100,37.549
1755214955.115830,1195344.000,61446,1,T1,1,100,37.486
1755214955.249831,1195478.000,61464,1,T1,1,100,37.529
1755214955.382832,1195611.000,61495,1,T1,1,100,37.584
1755214955.515833,1195744.000,61512,1,T1,1,100,37.572
1755214955.649833,1195878.000,61529,1,T1,1,100,37.566
1755214955.782834,1196011.000,61568,1,T1,1,100,37.458
1755214955.915835,1196144.000,61584,1,T1,1,100,37.517
1755214956.048836,1196277.000,61601,1,T1,1,100,37.614
1755214956.182837,1196411.000,61618,1,T1,1,100,37.549
1755214956.315838,1196544.000,61635,1,T1,1,100,37.557
1755214956.448839,1196677.000,61666,1,T1,1,100,37.595
1755214956.582840,1196811.000,61685,1,T1,1,100,37.506
1755214956.715841,1196944.000,61704,1,T1,1,100,37.538
1755214956.848842,1197077.000,61736,1,T1,1,100,37.623
1755214956.982843,1197211.000,61752,1,T1,1,100,37.589
1755214957.115843,1197344.000,61769,1,T1,1,100,37.574
1755214957.248844,1197477.000,61801,1,T1,1,100,37.567
1755214957.382845,1197611.000,61817,1,T1,1,100,37.529
1755214957.515846,1197744.000,61835,1,T1,1,100,37.548
1755214957.648847,1197877.000,61868,1,T1,1,100,37.556
1755214957.782848,1198011.000,61884,1,T1,1,100,37.560
1755214957.915849,1198144.000,61902,1,T1,1,100,37.526
1755214958.048850,1198277.000,61933,1,T1,1,100,37.547
1755214958.182851,1198411.000,61950,1,T1,1,100,37.556
1755214958.315852,1198544.000,61967,1,T1,1,100,37.453
1755214958.448853,1198677.000,61983,1,T1,1,100,37.515
1755214958.582853,1198811.000,62017,1,T1,1,100,37.577
1755214958.715854,1198944.000,62034,1,T1,1,100,37.534
1755214958.848855,1199077.000,62050,1,T1,1,100,37.515
1755214958.981856,1199210.000,62082,1,T1,1,100,37.577
1755214959.115857,1199344.000,62099,1,T1,1,100,37.569
1755214959.248858,1199477.000,62116,1,T1,1,100,37.601
1755214959.381859,1199610.000,62149,1,T1,1,100,37.614
1755214959.515860,1199744.000,62167,1,T1,1,100,37.585
1755214959.648861,1199877.000,62183,1,T1,1,100,37.643
1755214959.782862,1200011.000,62215,1,T1,1,100,37.668
1755214959.915863,1200144.000,62232,1,T1,1,100,37.608
1755214960.048863,1200277.000,62248,1,T1,1,100,37.582
1755214960.181864,1200410.000,62282,1,T1,1,100,37.500
1755214960.315865,1200544.000,62299,1,T1,1,100,37.500
1755214960.448866,1200677.000,62315,1,T1,1,100,37.571
1755214960.581867,1200810.000,62347,1,T1,1,100,37.602
1755214960.715868,1200944.000,62364,1,T1,1,100,37.615
1755214960.848869,1201077.000,62381,1,T1,1,100,37.585
1755214960.981870,1201210.000,62403,1,T1,1,100,37.572
1755214961.115871,1201344.000,62419,1,T1,1,100,37.567
1755214961.248872,1201477.000,62453,1,T1,1,100,37.564
1755214961.381873,1201610.000,62470,1,T1,1,100,37.563
1755214961.515873,1201744.000,62487,1,T1,1,100,37.563
1755214961.648874,1201877.000,62520,1,T1,1,100,37.598
1755214961.781875,1202010.000,62537,1,T1,1,100,37.649
1755214961.915876,1202144.000,62554,1,T1,1,100,37.635
1755214962.048877,1202277.000,62587,1,T1,1,100,37.559
1755214962.181878,1202410.000,62605,1,T1,1,100,37.525
1755214962.314879,1202543.000,62621,1,T1,1,100,37.617
1755214962.448880,1202677.000,62653,1,T1,1,100,37.622
1755214962.581881,1202810.000,62670,1,T1,1,100,37.659
1755214962.714882,1202943.000,62686,1,T1,1,100,37.640
1755214962.848883,1203077.000,62703,1,T1,1,100,37.560
1755214962.981883,1203210.000,62735,1,T1,1,100,37.491
1755214963.114884,1203343.000,62753,1,T1,1,100,37.602
1755214963.248885,1203477.000,62771,1,T1,1,100,37.544
1755214963.381886,1203610.000,62802,1,T1,1,100,37.590
1755214963.514887,1203743.000,62819,1,T1,1,100,37.574
1755214963.648888,1203877.000,62836,1,T1,1,100,37.497
1755214963.781889,1204010.000,62868,1,T1,1,100,37.534
1755214963.914890,1204143.000,62884,1,T1,1,100,37.586
1755214964.048891,1204277.000,62901,1,T1,1,100,37.537
1755214964.181892,1204410.000,62935,1,T1,1,100,37.551
1755214964.314893,1204543.000,62951,1,T1,1,100,37.558
1755214964.448893,1204677.000,62968,1,T1,1,100,37.525
1755214964.581894,1204810.000,63000,1,T1,1,100,37.617
1755214964.714895,1204943.000,63016,1,T1,1,100,37.657
1755214964.848896,1205077.000,63034,1,T1,1,100,37.533
1755214964.981897,1205210.000,63050,1,T1,1,100,37.514
1755214965.114898,1205343.000,63081,1,T1,1,100,37.612
1755214965.248899,1205477.000,63101,1,T1,1,100,37.549
1755214965.381900,1205610.000,63117,1,T1,1,100,37.698
1755214965.514901,1205743.000,63149,1,T1,1,100,37.728
1755214965.648902,1205877.000,63166,1,T1,1,100,37.563
1755214965.781903,1206010.000,63182,1,T1,1,100,37.634
1755214965.914903,1206143.000,63214,1,T1,1,100,37.664
1755214966.047904,1206276.000,63236,1,T1,1,100,37.607
1755214966.181905,1206410.000,63255,1,T1,1,100,37.617
1755214966.314906,1206543.000,63272,1,T1,1,100,37.657
1755214966.447907,1206676.000,63288,1,T1,1,100,37.603
1755214966.581908,1206810.000,63322,1,T1,1,100,37.545
1755214966.714909,1206943.000,63339,1,T1,1,100,37.555
1755214966.847910,1207076.000,63356,1,T1,1,100,37.559
1755214966.981911,1207210.000,63387,1,T1,1,100,37.490
1755214967.114912,1207343.000,63406,1,T1,1,100,37.425
1755214967.247913,1207476.000,63423,1,T1,1,100,37.574
1755214967.381913,1207610.000,63454,1,T1,1,100,37.532
1755214967.514914,1207743.000,63472,1,T1,1,100,37.549
1755214967.647915,1207876.000,63488,1,T1,1,100,37.557
1755214967.781916,1208010.000,63520,1,T1,1,100,37.525
1755214967.914917,1208143.000,63537,1,T1,1,100,37.475
1755214968.047918,1208276.000,63553,1,T1,1,100,37.596
1755214968.181919,1208410.000,63585,1,T1,1,100,37.541
1755214968.314920,1208543.000,63602,1,T1,1,100,37.518
1755214968.447921,1208676.000,63618,1,T1,1,100,37.579
1755214968.581922,1208810.000,63636,1,T1,1,100,37.569
1755214968.714923,1208943.000,63667,1,T1,1,100,37.566
1755214968.847923,1209076.000,63684,1,T1,1,100,37.599
1755214968.980924,1209209.000,63701,1,T1,1,100,37.614
1755214969.114925,1209343.000,63733,1,T1,1,100,37.620
1755214969.247926,1209476.000,63749,1,T1,1,100,37.552
1755214969.380927,1209609.000,63766,1,T1,1,100,37.522
1755214969.514928,1209743.000,63798,1,T1,1,100,37.687
1755214969.647929,1209876.000,63814,1,T1,1,100,37.687
1755214969.780930,1210009.000,63831,1,T1,1,100,37.546
1755214969.914931,1210143.000,63863,1,T1,1,100,37.591
1755214970.047932,1210276.000,63879,1,T1,1,100,37.646
1755214970.180933,1210409.000,63899,1,T1,1,100,37.528
1755214970.314933,1210543.000,63930,1,T1,1,100,37.654
1755214970.447934,1210676.000,63946,1,T1,1,100,37.673
1755214970.580935,1210809.000,63964,1,T1,1,100,37.575
1755214970.714936,1210943.000,63995,1,T1,1,100,37.568
1755214970.847937,1211076.000,64014,1,T1,1,100,37.600
1755214970.980938,1211209.000,64031,1,T1,1,100,37.614
1755214971.114439,1211342.500,64068,2,T1,1,100,37.762
1755214971.247940,1211476.000,64068,2,T1,1,100,37.720
1755214971.380941,1211609.000,64099,1,T1,1,100,37.595
1755214971.514942,1211743.000,64116,1,T1,1,100,37.612
1755214971.647943,1211876.000,64135,1,T1,1,100,37.690
1755214971.780943,1212009.000,64169,1,T1,1,100,37.653
1755214971.914944,1212143.000,64185,1,T1,1,100,37.566
1755214972.047945,1212276.000,64202,1,T1,1,100,37.671
1755214972.180946,1212409.000,64234,1,T1,1,100,37.645
1755214972.314947,1212543.000,64250,1,T1,1,100,37.634
1755214972.447948,1212676.000,64267,1,T1,1,100,37.771
1755214972.580949,1212809.000,64299,1,T1,1,100,37.723
1755214972.713950,1212942.000,64317,1,T1,1,100,37.632
1755214972.847951,1213076.000,64335,1,T1,1,100,37.664
1755214972.980952,1213209.000,64351,1,T1,1,100,37.642
1755214973.113953,1213342.000,64383,1,T1,1,100,37.597
1755214973.247953,1213476.000,64400,1,T1,1,100,37.648
1755214973.380954,1213609.000,64416,1,T1,1,100,37.741
1755214973.513955,1213742.000,64448,1,T1,1,100,37.711
1755214973.647956,1213876.000,64465,1,T1,1,100,37.698
1755214973.780957,1214009.000,64483,1,T1,1,100,37.763
1755214973.913958,1214142.000,64515,1,T1,1,100,37.685
1755214974.047959,1214276.000,64532,1,T1,1,100,37.686
1755214974.180960,1214409.000,64549,1,T1,1,100,37.687
1755214974.313961,1214542.000,64580,1,T1,1,100,37.616
1755214974.447962,1214676.000,64597,1,T1,1,100,37.621
1755214974.580963,1214809.000,64614,1,T1,1,100,37.694
1755214974.713963,1214942.000,64647,1,T1,1,100,37.620
1755214974.847964,1215076.000,64665,1,T1,1,100,37.587
1755214974.980965,1215209.000,64681,1,T1,1,100,37.538
1755214975.113966,1215342.000,64698,1,T1,1,100,37.481
1755214975.247967,1215476.000,64730,1,T1,1,100,37.563
1755214975.380968,1215609.000,64746,1,T1,1,100,37.669
1755214975.513969,1215742.000,64764,1,T1,1,100,37.715
1755214975.647970,1215876.000,64797,1,T1,1,100,37.699
1755214975.780971,1216009.000,64813,1,T1,1,100,37.657
1755214975.913972,1216142.000,64831,1,T1,1,100,37.639
1755214976.047973,1216276.000,64862,1,T1,1,100,37.666
1755214976.180973,1216409.000,64879,1,T1,1,100,37.678
1755214976.313974,1216542.000,64901,1,T1,1,100,37.542
1755214976.446975,1216675.000,64917,1,T1,1,100,37.624
1755214976.580976,1216809.000,64937,1,T1,1,100,37.660
1755214976.713977,1216942.000,64970,1,T1,1,100,37.676
1755214976.846978,1217075.000,64987,1,T1,1,100,37.682
1755214976.980979,1217209.000,65004,1,T1,1,100,37.685
1755214977.113980,1217342.000,65036,1,T1,1,100,37.651
1755214977.246981,1217475.000,65052,1,T1,1,100,37.565
1755214977.380982,1217609.000,65069,1,T1,1,100,37.706
1755214977.513983,1217742.000,65103,1,T1,1,100,37.660
1755214977.646983,1217875.000,65119,1,T1,1,100,37.534
1755214977.780984,1218009.000,65136,1,T1,1,100,37.586
1755214977.913985,1218142.000,65168,1,T1,1,100,37.643
1755214978.046986,1218275.000,65184,1,T1,1,100,37.527
1755214978.180987,1218409.000,65202,1,T1,1,100,37.547
1755214978.313988,1218542.000,65233,1,T1,1,100,37.627
1755214978.446989,1218675.000,65251,1,T1,1,100,37.519
1755214978.580990,1218809.000,65269,1,T1,1,100,37.615
1755214978.713991,1218942.000,65300,1,T1,1,100,37.585
1755214978.846992,1219075.000,65317,1,T1,1,100,37.501
1755214978.980993,1219209.000,65334,1,T1,1,100,37.642
1755214979.113993,1219342.000,65350,1,T1,1,100,37.668
1755214979.246994,1219475.000,65382,1,T1,1,100,37.573
1755214979.379995,1219608.000,65399,1,T1,1,100,37.673
1755214979.513996,1219742.000,65418,1,T1,1,100,37.646
1755214979.646997,1219875.000,65449,1,T1,1,100,37.634
1755214979.779998,1220008.000,65466,1,T1,1,100,37.664
1755214979.913999,1220142.000,65483,1,T1,1,100,37.677
1755214980.047000,1220275.000,65514,1,T1,1,100,37.612
1755214980.180001,1220408.000,65532,1,T1,1,100,37.655
1755214980.314002,1220542.000,12,1,T1,1,100,37.709
1755214980.447003,1220675.000,46,1,T1,1,100,37.768
1755214980.580003,1220808.000,63,1,T1,1,100,37.651
1755214980.714004,1220942.000,79,1,T1,1,100,37.636
1755214980.847005,1221075.000,111,1,T1,1,100,37.559
1755214980.980006,1221208.000,128,1,T1,1,100,37.667
1755214981.114007,1221342.000,144,1,T1,1,100,37.643
1755214981.247008,1221475.000,162,1,T1,1,100,37.633
1755214981.380009,1221608.000,200,1,T1,1,100,37.628
1755214981.514010,1221742.000,217,1,T1,1,100,37.591
1755214981.647011,1221875.000,236,1,T1,1,100,37.539
1755214981.780012,1222008.000,268,1,T1,1,100,37.552
1755214981.914013,1222142.000,284,1,T1,1,100,37.558
1755214982.047013,1222275.000,301,1,T1,1,100,37.561
1755214982.180014,1222408.000,333,1,T1,1,100,37.562
1755214982.313015,1222541.000,351,1,T1,1,100,37.598
1755214982.447016,1222675.000,368,1,T1,1,100,37.684
1755214982.580017,1222808.000,400,1,T1,1,100,37.651
1755214982.713018,1222941.000,416,1,T1,1,100,37.601
1755214982.847019,1223075.000,434,1,T1,1,100,37.650
1755214982.980020,1223208.000,465,1,T1,1,100,37.600
1755214983.113021,1223341.000,481,1,T1,1,100,37.650
1755214983.247022,1223475.000,501,1,T1,1,100,37.671
1755214983.380023,1223608.000,517,1,T1,1,100,37.610
1755214983.513023,1223741.000,549,1,T1,1,100,37.689
1755214983.647024,1223875.000,566,1,T1,1,100,37.617
1755214983.780025,1224008.000,582,1,T1,1,100,37.586
1755214983.913026,1224141.000,614,1,T1,1,100,37.644
1755214984.047027,1224275.000,631,1,T1,1,100,37.669
1755214984.180028,1224408.000,648,1,T1,1,100,37.644
1755214984.313029,1224541.000,681,1,T1,1,100,37.633
1755214984.447030,1224675.000,698,1,T1,1,100,37.699
1755214984.580031,1224808.000,715,1,T1,1,100,37.657
1755214984.713032,1224941.000,746,1,T1,1,100,37.639
1755214984.847033,1225075.000,764,1,T1,1,100,37.737
1755214984.980033,1225208.000,780,1,T1,1,100,37.496
1755214985.113034,1225341.000,814,1,T1,1,100,37.498
1755214985.247035,1225475.000,831,1,T1,1,100,37.570
1755214985.380036,1225608.000,847,1,T1,1,100,37.566
1755214985.513037,1225741.000,879,1,T1,1,100,37.564
1755214985.647038,1225875.000,896,1,T1,1,100,37.669
1755214985.780039,1226008.000,912,1,T1,1,100,37.644
1755214985.913040,1226141.000,930,1,T1,1,100,37.562
1755214986.046041,1226274.000,963,1,T1,1,100,37.598
1755214986.180042,1226408.000,980,1,T1,1,100,37.720
1755214986.313043,1226541.000,997,1,T1,1,100,37.666
1755214986.446043,1226674.000,1034,1,T1,1,100,37.607
1755214986.580044,1226808.000,1052,1,T1,1,100,37.688
1755214986.713045,1226941.000,1069,1,T1,1,100,37.688
1755214986.846046,1227074.000,1101,1,T1,1,100,37.688
1755214986.980047,1227208.000,1117,1,T1,1,100,37.617
1755214987.113048,1227341.000,1136,1,T1,1,100,37.586
1755214987.246049,1227474.000,1168,1,T1,1,100,37.679
1755214987.380050,1227608.000,1184,1,T1,1,100,37.684
1755214987.513051,1227741.000,1202,1,T1,1,100,37.650
1755214987.646052,1227874.000,1233,1,T1,1,100,37.671
1755214987.780053,1228008.000,1249,1,T1,1,100,37.716
1755214987.913053,1228141.000,1267,1,T1,1,100,37.593
1755214988.046054,1228274.000,1298,1,T1,1,100,37.647
1755214988.180055,1228408.000,1317,1,T1,1,100,37.634
1755214988.313056,1228541.000,1334,1,T1,1,100,37.629
1755214988.446057,1228674.000,1350,1,T1,1,100,37.698
1755214988.580058,1228808.000,1382,1,T1,1,100,37.621
1755214988.713059,1228941.000,1399,1,T1,1,100,37.623
1755214988.846060,1229074.000,1415,1,T1,1,100,37.660
1755214988.979061,1229207.000,1447,1,T1,1,100,37.640
1755214989.113062,1229341.000,1466,1,T1,1,100,37.667
1755214989.246063,1229474.000,1483,1,T1,1,100,37.714
1755214989.379063,1229607.000,1514,1,T1,1,100,37.734
1755214989.513064,1229741.000,1532,1,T1,1,100,37.672
1755214989.646065,1229874.000,1548,1,T1,1,100,37.681
1755214989.780066,1230008.000,1580,1,T1,1,100,37.685
1755214989.913067,1230141.000,1597,1,T1,1,100,37.722
1755214990.046068,1230274.000,1613,1,T1,1,100,37.702
1755214990.179069,1230407.000,1647,1,T1,1,100,37.729
1755214990.313070,1230541.000,1664,1,T1,1,100,37.635
1755214990.446071,1230674.000,1680,1,T1,1,100,37.700
1755214990.579072,1230807.000,1712,1,T1,1,100,37.728
1755214990.713073,1230941.000,1729,1,T1,1,100,37.599
1755214990.846073,1231074.000,1746,1,T1,1,100,37.578
1755214990.979074,1231207.000,1777,1,T1,1,100,37.711
1755214991.113075,1231341.000,1796,1,T1,1,100,37.769
1755214991.246076,1231474.000,1813,1,T1,1,100,37.652
1755214991.379077,1231607.000,1830,1,T1,1,100,37.707
1755214991.513078,1231741.000,1864,1,T1,1,100,37.696
1755214991.646079,1231874.000,1885,1,T1,1,100,37.691
1755214991.779080,1232007.000,1902,1,T1,1,100,37.689
1755214991.913081,1232141.000,1934,1,T1,1,100,37.724
1755214992.046082,1232274.000,1952,1,T1,1,100,37.632
1755214992.179083,1232407.000,1970,1,T1,1,100,37.628
1755214992.313083,1232541.000,2001,1,T1,1,100,37.626
1755214992.446084,1232674.000,2017,1,T1,1,100,37.626
1755214992.579085,1232807.000,2035,1,T1,1,100,37.696
1755214992.712086,1232940.000,2066,1,T1,1,100,37.691
1755214992.846087,1233074.000,2083,1,T1,1,100,37.654
1755214992.979088,1233207.000,2100,1,T1,1,100,37.673
1755214993.112089,1233340.000,2134,1,T1,1,100,37.717
1755214993.246090,1233474.000,2150,1,T1,1,100,37.700
1755214993.379091,1233607.000,2167,1,T1,1,100,37.764
1755214993.512092,1233740.000,2199,1,T1,1,100,37.721
1755214993.646093,1233874.000,2215,1,T1,1,100,37.631
1755214993.779093,1234007.000,2232,1,T1,1,100,37.592
1755214993.912094,1234140.000,2249,1,T1,1,100,37.717
1755214994.046095,1234274.000,2282,1,T1,1,100,37.665
1755214994.179096,1234407.000,2300,1,T1,1,100,37.571
1755214994.312097,1234540.000,2316,1,T1,1,100,37.637
1755214994.446098,1234674.000,2348,1,T1,1,100,37.524
1755214994.579099,1234807.000,2365,1,T1,1,100,37.688
1755214994.712100,1234940.000,2381,1,T1,1,100,37.758
1755214994.846101,1235074.000,2413,1,T1,1,100,37.683
1755214994.979102,1235207.000,2430,1,T1,1,100,37.650
1755214995.112102,1235340.000,2448,1,T1,1,100,37.707
1755214995.246103,1235474.000,2480,1,T1,1,100,37.660
1755214995.379104,1235607.000,2497,1,T1,1,100,37.747
1755214995.512105,1235740.000,2514,1,T1,1,100,37.819
1755214995.645106,1235873.000,2531,1,T1,1,100,37.674
1755214995.779107,1236007.000,2562,1,T1,1,100,37.717
1755214995.912108,1236140.000,2579,1,T1,1,100,37.771
1755214996.045109,1236273.000,2596,1,T1,1,100,37.795
1755214996.179110,1236407.000,2630,1,T1,1,100,37.663
1755214996.312111,1236540.000,2646,1,T1,1,100,37.606
1755214996.445112,1236673.000,2663,1,T1,1,100,37.652
1755214996.579112,1236807.000,2697,1,T1,1,100,37.566
1755214996.712113,1236940.000,2718,1,T1,1,100,37.670
1755214996.845114,1237073.000,2736,1,T1,1,100,37.751
1755214996.979115,1237207.000,2754,1,T1,1,100,37.680
1755214997.112116,1237340.000,2785,1,T1,1,100,37.578
1755214997.245117,1237473.000,2803,1,T1,1,100,37.640
1755214997.379118,1237607.000,2819,1,T1,1,100,37.631
1755214997.512119,1237740.000,2851,1,T1,1,100,37.663
1755214997.645120,1237873.000,2868,1,T1,1,100,37.748
1755214997.779121,1238007.000,2886,1,T1,1,100,37.714
1755214997.912122,1238140.000,2918,1,T1,1,100,37.734
1755214998.045122,1238273.000,2935,1,T1,1,100,37.743
1755214998.179123,1238407.000,2952,1,T1,1,100,37.747
1755214998.312124,1238540.000,2983,1,T1,1,100,37.678
1755214998.445125,1238673.000,3000,1,T1,1,100,37.754
1755214998.579126,1238807.000,3017,1,T1,1,100,37.645
1755214998.712127,1238940.000,3048,1,T1,1,100,37.669
1755214998.845128,1239073.000,3066,1,T1,1,100,37.715
1755214998.978129,1239206.000,3082,1,T1,1,100,37.735
1755214999.112130,1239340.000,3116,1,T1,1,100,37.814
1755214999.245131,1239473.000,3133,1,T1,1,100,37.813
1755214999.378132,1239606.000,3149,1,T1,1,100,37.742
1755214999.512132,1239740.000,3166,1,T1,1,100,37.817
1755214999.645133,1239873.000,3198,1,T1,1,100,37.815
1755214999.778134,1240006.000,3214,1,T1,1,100,37.707
1755214999.912135,1240140.000,3232,1,T1,1,100,37.731
1755215000.045136,1240273.000,3263,1,T1,1,100,37.671
1755215000.178137,1240406.000,3280,1,T1,1,100,37.645
1755215000.312138,1240540.000,3299,1,T1,1,100,37.775
1755215000.445139,1240673.000,3331,1,T1,1,100,37.761
1755215000.578140,1240806.000,3347,1,T1,1,100,37.684
1755215000.712141,1240940.000,3364,1,T1,1,100,37.686
1755215000.845142,1241073.000,3396,1,T1,1,100,37.687
1755215000.978142,1241206.000,3412,1,T1,1,100,37.687
1755215001.112143,1241340.000,3429,1,T1,1,100,37.616
1755215001.245144,1241473.000,3463,1,T1,1,100,37.692
1755215001.378145,1241606.000,3479,1,T1,1,100,37.654
1755215001.512146,1241740.000,3497,1,T1,1,100,37.602
1755215001.645147,1241873.000,3515,1,T1,1,100,37.686
1755215001.778148,1242006.000,3553,1,T1,1,100,37.687
1755215001.912149,1242140.000,3571,1,T1,1,100,37.687
1755215002.045150,1242273.000,3588,1,T1,1,100,37.723
1755215002.178151,1242406.000,3605,1,T1,1,100,37.703
1755215002.312152,1242540.000,3636,1,T1,1,100,37.659
1755215002.445152,1242673.000,3653,1,T1,1,100,37.710
1755215002.578153,1242806.000,3670,1,T1,1,100,37.733
1755215002.711154,1242939.000,3687,1,T1,1,100,37.672
1755215002.845155,1243073.000,3721,1,T1,1,100,37.681
1755215002.978156,1243206.000,3737,1,T1,1,100,37.685
1755215003.112157,1243340.000,3754,1,T1,1,100,37.651
1755215003.245158,1243473.000,3786,1,T1,1,100,37.778
1755215003.378159,1243606.000,3802,1,T1,1,100,37.798
1755215003.511160,1243739.000,3820,1,T1,1,100,37.664
1755215003.645161,1243873.000,3851,1,T1,1,100,37.571
1755215003.778162,1244006.000,3869,1,T1,1,100,37.779
1755215003.911162,1244139.000,3887,1,T1,1,100,37.727
1755215004.045163,1244273.000,3918,1,T1,1,100,37.669
1755215004.178164,1244406.000,3935,1,T1,1,100,37.680
1755215004.311165,1244539.000,3952,1,T1,1,100,37.649
1755215004.445166,1244673.000,3984,1,T1,1,100,37.564
1755215004.578167,1244806.000,4000,1,T1,1,100,37.634
1755215004.711168,1244939.000,4017,1,T1,1,100,37.700
1755215004.845169,1245073.000,4051,1,T1,1,100,37.693
1755215004.978170,1245206.000,4067,1,T1,1,100,37.690
1755215005.111171,1245339.000,4084,1,T1,1,100,37.618
1755215005.245172,1245473.000,4101,1,T1,1,100,37.728
1755215005.378172,1245606.000,4132,1,T1,1,100,37.741
1755215005.511173,1245739.000,4150,1,T1,1,100,37.675
1755215005.644174,1245872.000,4166,1,T1,1,100,37.753
1755215005.778175,1246006.000,4198,1,T1,1,100,37.751
1755215005.911176,1246139.000,4215,1,T1,1,100,37.715
1755215006.044177,1246272.000,4231,1,T1,1,100,37.664
1755215006.178178,1246406.000,4265,1,T1,1,100,37.713
1755215006.311179,1246539.000,4282,1,T1,1,100,37.769
1755215006.444180,1246672.000,4298,1,T1,1,100,37.723
1755215006.578181,1246806.000,4332,1,T1,1,100,37.667
1755215006.711182,1246939.000,4349,1,T1,1,100,37.679
1755215006.844182,1247072.000,4366,1,T1,1,100,37.648
1755215006.978183,1247206.000,4402,1,T1,1,100,37.671
1755215007.111184,1247339.000,4419,1,T1,1,100,37.680
1755215007.244185,1247472.000,4436,1,T1,1,100,37.613
1755215007.378186,1247606.000,4467,1,T1,1,100,37.691
1755215007.511187,1247739.000,4487,1,T1,1,100,37.689
1755215007.644188,1247872.000,4503,1,T1,1,100,37.688
1755215007.778189,1248006.000,4520,1,T1,1,100,37.759
1755215007.911190,1248139.000,4552,1,T1,1,100,37.718
1755215008.044191,1248272.000,4568,1,T1,1,100,37.630
1755215008.178192,1248406.000,4586,1,T1,1,100,37.769
1755215008.311192,1248539.000,4619,1,T1,1,100,37.794
1755215008.444193,1248672.000,4635,1,T1,1,100,37.733
1755215008.578194,1248806.000,4653,1,T1,1,100,37.707
1755215008.711195,1248939.000,4684,1,T1,1,100,37.661
1755215008.844196,1249072.000,4701,1,T1,1,100,37.676
1755215008.977197,1249205.000,4718,1,T1,1,100,37.718
1755215009.111198,1249339.000,4750,1,T1,1,100,37.736
1755215009.244199,1249472.000,4766,1,T1,1,100,37.638
1755215009.377200,1249605.000,4783,1,T1,1,100,37.737
1755215009.511201,1249739.000,4817,1,T1,1,100,37.780
1755215009.644202,1249872.000,4833,1,T1,1,100,37.763
1755215009.777202,1250005.000,4850,1,T1,1,100,37.826
1755215009.911203,1250139.000,4867,1,T1,1,100,37.819
1755215010.044204,1250272.000,4898,1,T1,1,100,37.744
1755215010.177205,1250405.000,4918,1,T1,1,100,37.712
1755215010.311206,1250539.000,4934,1,T1,1,100,37.698
1755215010.444207,1250672.000,4966,1,T1,1,100,37.834
1755215010.577208,1250805.000,4983,1,T1,1,100,37.680
1755215010.711209,1250939.000,4999,1,T1,1,100,37.613
1755215010.844210,1251072.000,5031,1,T1,1,100,37.655
1755215010.977211,1251205.000,5050,1,T1,1,100,37.674
1755215011.111212,1251339.000,5066,1,T1,1,100,37.788
1755215011.244212,1251472.000,5098,1,T1,1,100,37.766
1755215011.377213,1251605.000,5115,1,T1,1,100,37.615
1755215011.511214,1251739.000,5132,1,T1,1,100,37.585
1755215011.644215,1251872.000,5165,1,T1,1,100,37.679
1755215011.777216,1252005.000,5184,1,T1,1,100,37.684
1755215011.911217,1252139.000,5201,1,T1,1,100,37.650
1755215012.044218,1252272.000,5237,1,T1,1,100,37.742
1755215012.177219,1252405.000,5255,1,T1,1,100,37.711
1755215012.311220,1252539.000,5271,1,T1,1,100,37.769
1755215012.444221,1252672.000,5288,1,T1,1,100,37.794
1755215012.577222,1252805.000,5320,1,T1,1,100,37.698
1755215012.710222,1252938.000,5338,1,T1,1,100,37.727
1755215012.844223,1253072.000,5356,1,T1,1,100,37.705
1755215012.977224,1253205.000,5387,1,T1,1,100,37.660
1755215013.110225,1253338.000,5403,1,T1,1,100,37.782
1755215013.244226,1253472.000,5421,1,T1,1,100,37.764
1755215013.377227,1253605.000,5452,1,T1,1,100,37.756
1755215013.510228,1253738.000,5471,1,T1,1,100,37.753
1755215013.644229,1253872.000,5488,1,T1,1,100,37.787
1755215013.777230,1254005.000,5520,1,T1,1,100,37.624
1755215013.910231,1254138.000,5536,1,T1,1,100,37.695
1755215014.044232,1254272.000,5553,1,T1,1,100,37.762
1755215014.177232,1254405.000,5569,1,T1,1,100,37.684
1755215014.310233,1254538.000,5601,1,T1,1,100,37.651
1755215014.444234,1254672.000,5620,1,T1,1,100,37.707
1755215014.577235,1254805.000,5637,1,T1,1,100,37.696
1755215014.710236,1254938.000,5668,1,T1,1,100,37.727
1755215014.844237,1255072.000,5686,1,T1,1,100,37.740
1755215014.977238,1255205.000,5702,1,T1,1,100,37.710
1755215015.110239,1255338.000,5734,1,T1,1,100,37.697
1755215015.244240,1255472.000,5751,1,T1,1,100,37.763
1755215015.377241,1255605.000,5767,1,T1,1,100,37.791
1755215015.510242,1255738.000,5801,1,T1,1,100,37.697
1755215015.643242,1255871.000,5818,1,T1,1,100,37.692
1755215015.777243,1256005.000,5834,1,T1,1,100,37.725
1755215015.910244,1256138.000,5866,1,T1,1,100,37.633
1755215016.043245,1256271.000,5883,1,T1,1,100,37.699
1755215016.177246,1256405.000,5900,1,T1,1,100,37.763
1755215016.310247,1256538.000,5931,1,T1,1,100,37.720
1755215016.443248,1256671.000,5950,1,T1,1,100,37.737
1755215016.577249,1256805.000,5969,1,T1,1,100,37.744
1755215016.710250,1256938.000,5986,1,T1,1,100,37.641
1755215016.843251,1257071.000,6018,1,T1,1,100,37.738
1755215016.977252,1257205.000,6034,1,T1,1,100,37.710
1755215017.110252,1257338.000,6051,1,T1,1,100,37.732
1755215017.243253,1257471.000,6088,1,T1,1,100,37.742
1755215017.377254,1257605.000,6104,1,T1,1,100,37.711
1755215017.510255,1257738.000,6122,1,T1,1,100,37.733
1755215017.643256,1257871.000,6155,1,T1,1,100,37.849
1755215017.777257,1258005.000,6171,1,T1,1,100,37.793
1755215017.910258,1258138.000,6189,1,T1,1,100,37.698
1755215018.043259,1258271.000,6220,1,T1,1,100,37.692
1755215018.177260,1258405.000,6237,1,T1,1,100,37.725
1755215018.310261,1258538.000,6254,1,T1,1,100,37.739
1755215018.443262,1258671.000,6286,1,T1,1,100,37.710
1755215018.577262,1258805.000,6304,1,T1,1,100,37.768
1755215018.710263,1258938.000,6321,1,T1,1,100,37.687
1755215018.843264,1259071.000,6337,1,T1,1,100,37.758
1755215018.976265,1259204.000,6369,1,T1,1,100,37.789
1755215019.110266,1259338.000,6386,1,T1,1,100,37.731
1755215019.243267,1259471.000,6403,1,T1,1,100,37.742
1755215019.376268,1259604.000,6434,1,T1,1,100,37.782
1755215019.510269,1259738.000,6454,1,T1,1,100,37.728
1755215019.643270,1259871.000,6470,1,T1,1,100,37.705
1755215019.776271,1260004.000,6502,1,T1,1,100,37.766
1755215019.910272,1260138.000,6519,1,T1,1,100,37.686
1755215020.043272,1260271.000,6535,1,T1,1,100,37.758
1755215020.176273,1260404.000,6567,1,T1,1,100,37.753
1755215020.310274,1260538.000,6584,1,T1,1,100,37.751
1755215020.443275,1260671.000,6600,1,T1,1,100,37.715
1755215020.576276,1260804.000,6634,1,T1,1,100,37.735
1755215020.710277,1260938.000,6651,1,T1,1,100,37.708
1755215020.843278,1261071.000,6668,1,T1,1,100,37.696
1755215020.976279,1261204.000,6685,1,T1,1,100,37.762
1755215021.110280,1261338.000,6716,1,T1,1,100,37.791
1755215021.243281,1261471.000,6733,1,T1,1,100,37.697
1755215021.376282,1261604.000,6750,1,T1,1,100,37.762
1755215021.510282,1261738.000,6786,1,T1,1,100,37.791
1755215021.643283,1261871.000,6802,1,T1,1,100,37.732
1755215021.776284,1262004.000,6819,1,T1,1,100,37.742
1755215021.910285,1262138.000,6851,1,T1,1,100,37.818
1755215022.043286,1262271.000,6867,1,T1,1,100,37.744
1755215022.176287,1262404.000,6885,1,T1,1,100,37.712
1755215022.310288,1262538.000,6923,1,T1,1,100,37.733
1755215022.443289,1262671.000,6939,1,T1,1,100,37.672
1755215022.576290,1262804.000,6957,1,T1,1,100,37.716
1755215022.709291,1262937.000,6988,1,T1,1,100,37.806
1755215022.843292,1263071.000,7005,1,T1,1,100,37.810
1755215022.976292,1263204.000,7022,1,T1,1,100,37.776
1755215023.109293,1263337.000,7054,1,T1,1,100,37.761
1755215023.243294,1263471.000,7072,1,T1,1,100,37.684
1755215023.376295,1263604.000,7089,1,T1,1,100,37.686
1755215023.509296,1263737.000,7105,1,T1,1,100,37.687
1755215023.643297,1263871.000,7137,1,T1,1,100,37.616
1755215023.776298,1264004.000,7154,1,T1,1,100,37.586
1755215023.909299,1264137.000,7171,1,T1,1,100,37.643
1755215024.043300,1264271.000,7202,1,T1,1,100,37.633
1755215024.176301,1264404.000,7220,1,T1,1,100,37.699
1755215024.309302,1264537.000,7236,1,T1,1,100,37.693
1755215024.443302,1264671.000,7270,1,T1,1,100,37.654
1755215024.576303,1264804.000,7287,1,T1,1,100,37.744
1755215024.709304,1264937.000,7303,1,T1,1,100,37.818
1755215024.843305,1265071.000,7335,1,T1,1,100,37.744
1755215024.976306,1265204.000,7352,1,T1,1,100,37.712
1755215025.109307,1265337.000,7368,1,T1,1,100,37.769
1755215025.243308,1265471.000,7400,1,T1,1,100,37.758
1755215025.376309,1265604.000,7419,1,T1,1,100,37.647
1755215025.509310,1265737.000,7436,1,T1,1,100,37.776
1755215025.643311,1265871.000,7467,1,T1,1,100,37.868
1755215025.776312,1266004.000,7484,1,T1,1,100,37.730
1755215025.909312,1266137.000,7501,1,T1,1,100,37.741
1755215026.042313,1266270.000,7532,1,T1,1,100,37.782
1755215026.176314,1266404.000,7550,1,T1,1,100,37.764
1755215026.309315,1266537.000,7568,1,T1,1,100,37.827
1755215026.442316,1266670.000,7585,1,T1,1,100,37.748
1755215026.576317,1266804.000,7619,1,T1,1,100,37.678
1755215026.709318,1266937.000,7635,1,T1,1,100,37.719
1755215026.842319,1267070.000,7653,1,T1,1,100,37.737
1755215026.976320,1267204.000,7684,1,T1,1,100,37.780
1755215027.109321,1267337.000,7702,1,T1,1,100,37.763
1755215027.242322,1267470.000,7720,1,T1,1,100,37.791
1755215027.376322,1267604.000,7756,1,T1,1,100,37.697
1755215027.509323,1267737.000,7773,1,T1,1,100,37.727
1755215027.642324,1267870.000,7790,1,T1,1,100,37.846
1755215027.776325,1268004.000,7822,1,T1,1,100,37.685
1755215027.909326,1268137.000,7838,1,T1,1,100,37.687
1755215028.042327,1268270.000,7855,1,T1,1,100,37.723
1755215028.176328,1268404.000,7887,1,T1,1,100,37.703
1755215028.309329,1268537.000,7903,1,T1,1,100,37.800
1755215028.442330,1268670.000,7922,1,T1,1,100,37.878
1755215028.576331,1268804.000,7939,1,T1,1,100,37.770
1755215028.709332,1268937.000,7970,1,T1,1,100,37.759
1755215028.842332,1269070.000,7988,1,T1,1,100,37.789
1755215028.975333,1269203.000,8004,1,T1,1,100,37.802
1755215029.109334,1269337.000,8036,1,T1,1,100,37.737
1755215029.242335,1269470.000,8053,1,T1,1,100,37.709
1755215029.375336,1269603.000,8069,1,T1,1,100,37.697
1755215029.509337,1269737.000,8103,1,T1,1,100,37.727
1755215029.642338,1269870.000,8120,1,T1,1,100,37.776
1755215029.775339,1270003.000,8136,1,T1,1,100,37.832
1755215029.909340,1270137.000,8168,1,T1,1,100,37.785
1755215030.042341,1270270.000,8185,1,T1,1,100,37.765
1755215030.175342,1270403.000,8202,1,T1,1,100,37.757
1755215030.309342,1270537.000,8235,1,T1,1,100,37.753
1755215030.442343,1270670.000,8252,1,T1,1,100,37.716
1755215030.575344,1270803.000,8269,1,T1,1,100,37.806
1755215030.709345,1270937.000,8300,1,T1,1,100,37.774
1755215030.842346,1271070.000,8318,1,T1,1,100,37.761
1755215030.975347,1271203.000,8334,1,T1,1,100,37.719
1755215031.109348,1271337.000,8351,1,T1,1,100,37.666
1755215031.242349,1271470.000,8385,1,T1,1,100,37.784
1755215031.375350,1271603.000,8401,1,T1,1,100,37.729
1755215031.509351,1271737.000,8418,1,T1,1,100,37.635
1755215031.642352,1271870.000,8452,1,T1,1,100,37.700
1755215031.775352,1272003.000,8468,1,T1,1,100,37.764
1755215031.909353,1272137.000,8486,1,T1,1,100,37.721
1755215032.042354,1272270.000,8519,1,T1,1,100,37.808
1755215032.175355,1272403.000,8536,1,T1,1,100,37.811
1755215032.308356,1272536.000,8553,1,T1,1,100,37.705
1755215032.442357,1272670.000,8585,1,T1,1,100,37.766
1755215032.575358,1272803.000,8606,1,T1,1,100,37.828
1755215032.708359,1272936.000,8623,1,T1,1,100,37.819
1755215032.842360,1273070.000,8655,1,T1,1,100,37.780
1755215032.975361,1273203.000,8671,1,T1,1,100,37.834
1755215033.108362,1273336.000,8688,1,T1,1,100,37.715
1755215033.242362,1273470.000,8722,1,T1,1,100,37.770
1755215033.375363,1273603.000,8738,1,T1,1,100,37.830
1755215033.508364,1273736.000,8756,1,T1,1,100,37.749
1755215033.642365,1273870.000,8772,1,T1,1,100,37.714
1755215033.775366,1274003.000,8804,1,T1,1,100,37.770
1755215033.908367,1274136.000,8821,1,T1,1,100,37.759
1755215034.042368,1274270.000,8837,1,T1,1,100,37.754
1755215034.175369,1274403.000,8871,1,T1,1,100,37.858
1755215034.308370,1274536.000,8888,1,T1,1,100,37.690
1755215034.442371,1274670.000,8904,1,T1,1,100,37.760
1755215034.575372,1274803.000,8936,1,T1,1,100,37.861
1755215034.708372,1274936.000,8953,1,T1,1,100,37.940
1755215034.842373,1275070.000,8970,1,T1,1,100,37.797
1755215034.975374,1275203.000,9001,1,T1,1,100,37.770
1755215035.108375,1275336.000,9018,1,T1,1,100,37.794
1755215035.242376,1275470.000,9037,1,T1,1,100,37.734
1755215035.375377,1275603.000,9068,1,T1,1,100,37.814
1755215035.508378,1275736.000,9086,1,T1,1,100,37.813
1755215035.641379,1275869.000,9102,1,T1,1,100,37.742
1755215035.775380,1276003.000,9119,1,T1,1,100,37.782
1755215035.908381,1276136.000,9151,1,T1,1,100,37.728
1755215036.041382,1276269.000,9167,1,T1,1,100,37.812
1755215036.175382,1276403.000,9184,1,T1,1,100,37.812
1755215036.308383,1276536.000,9218,1,T1,1,100,37.812
1755215036.441384,1276669.000,9234,1,T1,1,100,37.706
1755215036.575385,1276803.000,9254,1,T1,1,100,37.731
1755215036.708386,1276936.000,9285,1,T1,1,100,37.671
1755215036.841387,1277069.000,9302,1,T1,1,100,37.751
1755215036.975388,1277203.000,9319,1,T1,1,100,37.715
1755215037.108389,1277336.000,9351,1,T1,1,100,37.735
1755215037.241390,1277469.000,9369,1,T1,1,100,37.708
1755215037.375391,1277603.000,9386,1,T1,1,100,37.696
1755215037.508392,1277736.000,9418,1,T1,1,100,37.833
1755215037.641392,1277869.000,9440,1,T1,1,100,37.786
1755215037.775393,1278003.000,9457,1,T1,1,100,37.801
1755215037.908394,1278136.000,9474,1,T1,1,100,37.808
1755215038.041395,1278269.000,9490,1,T1,1,100,37.775
1755215038.175396,1278403.000,9507,1,T1,1,100,37.796
1755215038.308397,1278536.000,9541,1,T1,1,100,37.770
1755215038.441398,1278669.000,9557,1,T1,1,100,37.723
1755215038.575399,1278803.000,9575,1,T1,1,100,37.774
1755215038.708400,1278936.000,9606,1,T1,1,100,37.796
1755215038.841401,1279069.000,9623,1,T1,1,100,37.699
1755215038.975402,1279203.000,9640,1,T1,1,100,37.834
1755215039.108402,1279336.000,9674,1,T1,1,100,37.857
1755215039.241403,1279469.000,9690,1,T1,1,100,37.761
1755215039.374404,1279602.000,9707,1,T1,1,100,37.719
1755215039.508405,1279736.000,9739,1,T1,1,100,37.808
1755215039.641406,1279869.000,9755,1,T1,1,100,37.775
1755215039.774407,1280002.000,9772,1,T1,1,100,37.725
1755215039.908408,1280136.000,9804,1,T1,1,100,37.775
1755215040.041409,1280269.000,9820,1,T1,1,100,37.725
1755215040.174410,1280402.000,9840,1,T1,1,100,37.668
1755215040.308411,1280536.000,9856,1,T1,1,100,37.537
1755215040.441412,1280669.000,9887,1,T1,1,100,37.658
1755215040.574412,1280802.000,9905,1,T1,1,100,37.817
1755215040.708413,1280936.000,9921,1,T1,1,100,37.779
1755215040.841414,1281069.000,9953,1,T1,1,100,37.762
1755215040.974415,1281202.000,9970,1,T1,1,100,37.649
1755215041.108416,1281336.000,9986,1,T1,1,100,37.777
1755215041.241417,1281469.000,10020,1,T1,1,100,37.797
1755215041.374418,1281602.000,10037,1,T1,1,100,37.806
1755215041.508419,1281736.000,10054,1,T1,1,100,37.810
1755215041.641420,1281869.000,10087,1,T1,1,100,37.776
1755215041.774421,1282002.000,10104,1,T1,1,100,37.761
1755215041.908422,1282136.000,10121,1,T1,1,100,37.826
1755215042.041422,1282269.000,10154,1,T1,1,100,37.783
1755215042.174423,1282402.000,10172,1,T1,1,100,37.764
1755215042.308424,1282536.000,10188,1,T1,1,100,37.827
1755215042.441425,1282669.000,10220,1,T1,1,100,37.783
1755215042.574426,1282802.000,10237,1,T1,1,100,37.764
1755215042.708427,1282936.000,10253,1,T1,1,100,37.792
1755215042.841428,1283069.000,10275,1,T1,1,100,37.804
1755215042.974429,1283202.000,10309,1,T1,1,100,37.702
1755215043.107430,1283335.000,10325,1,T1,1,100,37.694
1755215043.241431,1283469.000,10343,1,T1,1,100,37.726
1755215043.374432,1283602.000,10374,1,T1,1,100,37.704
1755215043.507432,1283735.000,10391,1,T1,1,100,37.695
1755215043.641433,1283869.000,10408,1,T1,1,100,37.762
1755215043.774434,1284002.000,10440,1,T1,1,100,37.720
1755215043.907435,1284135.000,10458,1,T1,1,100,37.701
1755215044.041436,1284269.000,10475,1,T1,1,100,37.729
1755215044.174437,1284402.000,10507,1,T1,1,100,37.741
1755215044.307438,1284535.000,10523,1,T1,1,100,37.640
1755215044.441439,1284669.000,10540,1,T1,1,100,37.702
1755215044.574440,1284802.000,10572,1,T1,1,100,37.729
1755215044.707441,1284935.000,10588,1,T1,1,100,37.741
1755215044.841442,1285069.000,10606,1,T1,1,100,37.782
1755215044.974442,1285202.000,10639,1,T1,1,100,37.835
1755215045.107443,1285335.000,10655,1,T1,1,100,37.716
1755215045.241444,1285469.000,10673,1,T1,1,100,37.806
1755215045.374445,1285602.000,10689,1,T1,1,100,37.881
1755215045.507446,1285735.000,10721,1,T1,1,100,37.771
1755215045.640447,1285868.000,10738,1,T1,1,100,37.865
1755215045.774448,1286002.000,10754,1,T1,1,100,37.835
1755215045.907449,1286135.000,10786,1,T1,1,100,37.752
1755215046.040450,1286268.000,10805,1,T1,1,100,37.786
1755215046.174451,1286402.000,10822,1,T1,1,100,37.837
1755215046.307452,1286535.000,10853,1,T1,1,100,37.752
1755215046.441452,1286669.000,10870,1,T1,1,100,37.786
1755215046.574453,1286802.000,10889,1,T1,1,100,37.837
1755215046.707454,1286935.000,10920,1,T1,1,100,37.681
1755215046.841455,1287069.000,10938,1,T1,1,100,37.791
1755215046.974456,1287202.000,10956,1,T1,1,100,37.874
1755215047.107457,1287335.000,10988,1,T1,1,100,37.733
1755215047.240458,1287468.000,11005,1,T1,1,100,37.849
1755215047.374459,1287602.000,11021,1,T1,1,100,37.828
1755215047.507460,1287735.000,11038,1,T1,1,100,37.748
1755215047.640461,1287868.000,11070,1,T1,1,100,37.785
1755215047.774462,1288002.000,11086,1,T1,1,100,37.836
1755215047.907462,1288135.000,11109,1,T1,1,100,37.752
1755215048.040463,1288268.000,11142,1,T1,1,100,37.715
1755215048.174464,1288402.000,11159,1,T1,1,100,37.700
1755215048.307465,1288535.000,11176,1,T1,1,100,37.728
1755215048.440466,1288668.000,11208,1,T1,1,100,37.741
1755215048.574467,1288802.000,11224,1,T1,1,100,37.781
1755215048.707468,1288935.000,11241,1,T1,1,100,37.657
1755215048.840469,1289068.000,11273,1,T1,1,100,37.710
1755215048.973470,1289201.000,11289,1,T1,1,100,37.768
1755215049.107471,1289335.000,11308,1,T1,1,100,37.793
1755215049.240472,1289468.000,11340,1,T1,1,100,37.769
1755215049.373472,1289601.000,11356,1,T1,1,100,37.829
1755215049.507473,1289735.000,11374,1,T1,1,100,37.784
1755215049.640474,1289868.000,11390,1,T1,1,100,37.729
1755215049.773475,1290001.000,11422,1,T1,1,100,37.777
1755215049.907476,1290135.000,11439,1,T1,1,100,37.797
1755215050.040477,1290268.000,11455,1,T1,1,100,37.806
1755215050.173478,1290401.000,11489,1,T1,1,100,37.774
1755215050.307479,1290535.000,11506,1,T1,1,100,37.796
1755215050.440480,1290668.000,11522,1,T1,1,100,37.699
1755215050.573481,1290801.000,11554,1,T1,1,100,37.799
1755215050.707482,1290935.000,11571,1,T1,1,100,37.842
1755215050.840482,1291068.000,11588,1,T1,1,100,37.754
1755215050.973483,1291201.000,11619,1,T1,1,100,37.858
1755215051.107484,1291335.000,11638,1,T1,1,100,37.832
1755215051.240485,1291468.000,11655,1,T1,1,100,37.786
1755215051.373486,1291601.000,11686,1,T1,1,100,37.836
1755215051.507487,1291735.000,11704,1,T1,1,100,37.787
1755215051.640488,1291868.000,11722,1,T1,1,100,37.731
1755215051.773489,1292001.000,11739,1,T1,1,100,37.777
1755215051.907490,1292135.000,11771,1,T1,1,100,37.797
1755215052.040491,1292268.000,11787,1,T1,1,100,37.806
1755215052.173492,1292401.000,11805,1,T1,1,100,37.739
1755215052.307492,1292535.000,11838,1,T1,1,100,37.781
1755215052.440493,1292668.000,11854,1,T1,1,100,37.763
1755215052.573494,1292801.000,11872,1,T1,1,100,37.756
1755215052.707495,1292935.000,11903,1,T1,1,100,37.823
1755215052.840496,1293068.000,11920,1,T1,1,100,37.746
1755215052.973497,1293201.000,11937,1,T1,1,100,37.713
1755215053.106498,1293334.000,11974,1,T1,1,100,37.876
1755215053.240499,1293468.000,11990,1,T1,1,100,37.804
1755215053.373500,1293601.000,12009,1,T1,1,100,37.809
1755215053.506501,1293734.000,12041,1,T1,1,100,37.811
1755215053.640502,1293868.000,12057,1,T1,1,100,37.776
1755215053.773502,1294001.000,12074,1,T1,1,100,37.797
1755215053.906503,1294134.000,12106,1,T1,1,100,37.770
1755215054.040504,1294268.000,12122,1,T1,1,100,37.830
1755215054.173505,1294401.000,12140,1,T1,1,100,37.820
1755215054.306506,1294534.000,12156,1,T1,1,100,37.780
1755215054.440507,1294668.000,12190,1,T1,1,100,37.799
1755215054.573508,1294801.000,12207,1,T1,1,100,37.771
1755215054.706509,1294934.000,12223,1,T1,1,100,37.724
1755215054.840510,1295068.000,12255,1,T1,1,100,37.845
1755215054.973511,1295201.000,12272,1,T1,1,100,37.791
1755215055.106512,1295334.000,12288,1,T1,1,100,37.839
1755215055.240512,1295468.000,12322,1,T1,1,100,37.788
1755215055.373513,1295601.000,12339,1,T1,1,100,37.731
1755215055.506514,1295734.000,12356,1,T1,1,100,37.777
1755215055.639515,1295867.000,12387,1,T1,1,100,37.762
1755215055.773516,1296001.000,12404,1,T1,1,100,37.720
1755215055.906517,1296134.000,12421,1,T1,1,100,37.808
1755215056.039518,1296267.000,12452,1,T1,1,100,37.775
1755215056.173519,1296401.000,12472,1,T1,1,100,37.796
1755215056.306520,1296534.000,12488,1,T1,1,100,37.805
1755215056.439521,1296667.000,12505,1,T1,1,100,37.916
1755215056.573522,1296801.000,12539,1,T1,1,100,37.822
1755215056.706522,1296934.000,12555,1,T1,1,100,37.675
1755215056.840523,1297068.000,12573,1,T1,1,100,37.717
1755215056.973524,1297201.000,12604,1,T1,1,100,37.771
1755215057.106525,1297334.000,12620,1,T1,1,100,37.901
1755215057.239526,1297467.000,12640,1,T1,1,100,37.851
1755215057.373527,1297601.000,12671,1,T1,1,100,37.758
1755215057.506528,1297734.000,12688,1,T1,1,100,37.824
1755215057.639529,1297867.000,12705,1,T1,1,100,37.782
1755215057.773530,1298001.000,12737,1,T1,1,100,37.799
1755215057.906531,1298134.000,12753,1,T1,1,100,37.878
1755215058.039532,1298267.000,12770,1,T1,1,100,37.841
1755215058.173532,1298401.000,12809,1,T1,1,100,37.754
1755215058.306533,1298534.000,12825,1,T1,1,100,37.752
1755215058.439534,1298667.000,12842,1,T1,1,100,37.822
1755215058.573535,1298801.000,12859,1,T1,1,100,37.852
1755215058.706536,1298934.000,12890,1,T1,1,100,37.830
1755215058.839537,1299067.000,12908,1,T1,1,100,37.820
1755215058.972538,1299200.000,12924,1,T1,1,100,37.816
1755215059.106539,1299334.000,12958,1,T1,1,100,37.778
1755215059.239540,1299467.000,12975,1,T1,1,100,37.833
1755215059.372541,1299600.000,12991,1,T1,1,100,37.857
1755215059.506542,1299734.000,13023,1,T1,1,100,37.761
1755215059.639542,1299867.000,13040,1,T1,1,100,37.826
1755215059.772543,1300000.000,13056,1,T1,1,100,37.818
1755215059.906544,1300134.000,13088,1,T1,1,100,37.779
1755215060.039545,1300267.000,13105,1,T1,1,100,37.834
1755215060.172546,1300400.000,13124,1,T1,1,100,37.857
1755215060.306547,1300534.000,13155,1,T1,1,100,37.796
1755215060.439548,1300667.000,13172,1,T1,1,100,37.735
1755215060.572549,1300800.000,13189,1,T1,1,100,37.850
1755215060.706550,1300934.000,13220,1,T1,1,100,37.864
1755215060.839551,1301067.000,13238,1,T1,1,100,37.941
1755215060.972551,1301200.000,13254,1,T1,1,100,37.833
1755215061.106552,1301334.000,13273,1,T1,1,100,37.786
1755215061.239553,1301467.000,13305,1,T1,1,100,37.730
1755215061.372554,1301600.000,13321,1,T1,1,100,37.812
1755215061.506555,1301734.000,13339,1,T1,1,100,37.812
1755215061.639556,1301867.000,13372,1,T1,1,100,37.812
1755215061.772557,1302000.000,13388,1,T1,1,100,37.742
1755215061.906558,1302134.000,13406,1,T1,1,100,37.782
1755215062.039559,1302267.000,13439,1,T1,1,100,37.835
1755215062.172560,1302400.000,13456,1,T1,1,100,37.822
1755215062.305561,1302533.000,13473,1,T1,1,100,37.781
1755215062.439561,1302667.000,13505,1,T1,1,100,37.834
1755215062.572562,1302800.000,13521,1,T1,1,100,37.857
1755215062.705563,1302933.000,13538,1,T1,1,100,37.761
1755215062.839564,1303067.000,13570,1,T1,1,100,37.826
1755215062.972565,1303200.000,13588,1,T1,1,100,37.854
1755215063.105566,1303333.000,13605,1,T1,1,100,37.830
1755215063.239567,1303467.000,13622,1,T1,1,100,37.820
1755215063.372568,1303600.000,13658,1,T1,1,100,37.816
1755215063.505569,1303733.000,13676,1,T1,1,100,37.814
1755215063.639570,1303867.000,13692,1,T1,1,100,37.778
1755215063.772571,1304000.000,13724,1,T1,1,100,37.727
1755215063.905571,1304133.000,13741,1,T1,1,100,37.704
1755215064.039572,1304267.000,13759,1,T1,1,100,37.730
1755215064.172573,1304400.000,13791,1,T1,1,100,37.741
1755215064.305574,1304533.000,13808,1,T1,1,100,37.888
1755215064.439575,1304667.000,13824,1,T1,1,100,37.810
1755215064.572576,1304800.000,13856,1,T1,1,100,37.847
1755215064.705577,1304933.000,13873,1,T1,1,100,37.863
1755215064.839578,1305067.000,13890,1,T1,1,100,37.834
1755215064.972579,1305200.000,13923,1,T1,1,100,37.822
1755215065.105580,1305333.000,13940,1,T1,1,100,37.887
1755215065.239581,1305467.000,13957,1,T1,1,100,37.809
1755215065.372581,1305600.000,13974,1,T1,1,100,37.740
1755215065.505582,1305733.000,14006,1,T1,1,100,37.781
1755215065.638583,1305866.000,14022,1,T1,1,100,37.764
1755215065.772584,1306000.000,14039,1,T1,1,100,37.862
