LocalTimestamp,EmotiBitTimestamp,PacketNumber,DataLength,TypeTag,ProtocolVersion,DataReliability,EL
1752617372.397581,287007.000,44532,2,EL,1,100,-17456.800781
1752617372.397581,287007.000,44532,2,EL,1,100,-17462.599609
1752617372.464080,287073.500,44549,2,EL,1,100,-17469.000000
1752617372.530580,287140.000,44549,2,EL,1,100,-17472.800781
1752617372.597580,287207.000,44566,1,EL,1,100,-17477.000000
1752617372.664080,287273.500,44583,2,EL,1,100,-17482.000000
1752617372.730580,287340.000,44583,2,EL,1,100,-17488.400391
1752617372.797579,287407.000,44599,1,EL,1,100,-17495.400391
1752617372.864079,287473.500,44615,2,EL,1,100,-17500.199219
1752617372.930579,287540.000,44615,2,EL,1,100,-17503.199219
1752617372.997579,287607.000,44631,1,EL,1,100,-17505.599609
1752617373.064078,287673.500,44648,2,EL,1,100,-17506.599609
1752617373.130578,287740.000,44648,2,EL,1,100,-17504.400391
1752617373.197578,287807.000,44664,1,EL,1,100,-17501.599609
1752617373.264078,287873.500,44680,2,EL,1,100,-17504.800781
1752617373.330577,287940.000,44680,2,EL,1,100,-17512.800781
1752617373.397577,288007.000,44696,1,EL,1,100,-17534.400391
1752617373.464077,288073.500,44713,2,EL,1,100,-17577.800781
1752617373.530577,288140.000,44713,2,EL,1,100,-17655.000000
1752617373.597577,288207.000,44730,1,EL,1,100,-17667.199219
1752617373.664076,288273.500,44745,2,EL,1,100,-17666.199219
1752617373.730576,288340.000,44745,2,EL,1,100,-17668.599609
1752617373.797576,288407.000,44763,1,EL,1,100,-17671.000000
1752617373.864076,288473.500,44781,2,EL,1,100,-17672.599609
1752617373.930575,288540.000,44781,2,EL,1,100,-17673.400391
1752617373.997575,288607.000,44797,1,EL,1,100,-17674.199219
1752617374.064075,288673.500,44812,2,EL,1,100,-17676.400391
1752617374.130575,288740.000,44812,2,EL,1,100,-17676.800781
1752617374.197574,288807.000,44828,1,EL,1,100,-17678.199219
1752617374.264074,288873.500,44846,2,EL,1,100,-17680.000000
1752617374.330574,288940.000,44846,2,EL,1,100,-17681.800781
1752617374.397574,289007.000,44862,1,EL,1,100,-17683.800781
1752617374.464073,289073.500,44880,2,EL,1,100,-17685.800781
1752617374.530573,289140.000,44880,2,EL,1,100,-17686.400391
1752617374.597073,289206.500,44896,2,EL,1,100,-17687.400391
1752617374.663573,289273.000,44896,2,EL,1,100,-17689.199219
1752617374.730573,289340.000,44913,1,EL,1,100,-17689.400391
1752617374.797072,289406.500,44929,2,EL,1,100,-17690.400391
1752617374.863572,289473.000,44929,2,EL,1,100,-17691.800781
1752617374.930572,289540.000,44947,1,EL,1,100,-17693.199219
1752617374.997072,289606.500,44961,2,EL,1,100,-17694.400391
1752617375.063571,289673.000,44961,2,EL,1,100,-17697.000000
1752617375.130571,289740.000,44980,1,EL,1,100,-17698.599609
1752617375.197071,289806.500,44997,2,EL,1,100,-17699.400391
1752617375.263571,289873.000,44997,2,EL,1,100,-17700.400391
1752617375.330570,289940.000,45014,1,EL,1,100,-17700.800781
1752617375.397070,290006.500,45028,2,EL,1,100,-17702.199219
1752617375.463570,290073.000,45028,2,EL,1,100,-17702.400391
1752617375.530570,290140.000,45045,1,EL,1,100,-17703.400391
1752617375.597070,290206.500,45062,2,EL,1,100,-17706.000000
1752617375.663569,290273.000,45062,2,EL,1,100,-17707.599609
1752617375.730569,290340.000,45079,1,EL,1,100,-17707.800781
1752617375.797069,290406.500,45093,2,EL,1,100,-17708.800781
1752617375.863569,290473.000,45093,2,EL,1,100,-17710.800781
1752617375.930568,290540.000,45111,1,EL,1,100,-17712.400391
1752617375.997068,290606.500,45127,2,EL,1,100,-17713.000000
1752617376.063568,290673.000,45127,2,EL,1,100,-17713.800781
1752617376.130568,290740.000,45144,1,EL,1,100,-17714.000000
1752617376.197067,290806.500,45161,2,EL,1,100,-17715.000000
1752617376.263567,290873.000,45161,2,EL,1,100,-17717.000000
1752617376.330567,290940.000,45178,1,EL,1,100,-17718.199219
1752617376.397067,291006.500,45194,2,EL,1,100,-17718.800781
1752617376.463566,291073.000,45194,2,EL,1,100,-17719.800781
1752617376.530566,291140.000,45211,1,EL,1,100,-17721.000000
1752617376.597066,291206.500,45227,2,EL,1,100,-17721.599609
1752617376.663566,291273.000,45227,2,EL,1,100,-17723.199219
1752617376.730566,291340.000,45243,1,EL,1,100,-17725.199219
1752617376.797065,291406.500,45261,2,EL,1,100,-17726.400391
1752617376.863565,291473.000,45261,2,EL,1,100,-17727.400391
1752617376.930565,291540.000,45279,1,EL,1,100,-17728.599609
1752617376.997065,291606.500,45294,2,EL,1,100,-17729.800781
1752617377.063564,291673.000,45294,2,EL,1,100,-17730.199219
1752617377.130064,291739.500,45310,2,EL,1,100,-17731.800781
1752617377.196564,291806.000,45310,2,EL,1,100,-17732.599609
1752617377.263564,291873.000,45327,1,EL,1,100,-17734.199219
1752617377.330063,291939.500,45346,2,EL,1,100,-17735.199219
1752617377.396563,292006.000,45346,2,EL,1,100,-17736.000000
1752617377.463563,292073.000,45368,2,EL,1,100,-17737.000000
1752617377.530563,292140.000,45368,2,EL,1,100,-17738.199219
1752617377.597063,292206.500,45385,2,EL,1,100,-17739.400391
1752617377.663562,292273.000,45385,2,EL,1,100,-17739.199219
1752617377.730562,292340.000,45402,1,EL,1,100,-17740.199219
1752617377.797062,292406.500,45416,2,EL,1,100,-17742.800781
1752617377.863562,292473.000,45416,2,EL,1,100,-17743.400391
1752617377.930561,292540.000,45434,1,EL,1,100,-17744.599609
1752617377.997061,292606.500,45450,2,EL,1,100,-17746.599609
1752617378.063561,292673.000,45450,2,EL,1,100,-17747.599609
1752617378.129561,292739.000,45469,1,EL,1,100,-17747.800781
1752617378.196560,292806.000,45484,2,EL,1,100,-17748.599609
1752617378.263560,292873.000,45484,2,EL,1,100,-17749.599609
1752617378.330560,292940.000,45501,1,EL,1,100,-17751.400391
1752617378.397060,293006.500,45517,2,EL,1,100,-17752.599609
1752617378.463559,293073.000,45517,2,EL,1,100,-17754.000000
1752617378.529559,293139.000,45536,1,EL,1,100,-17755.000000
1752617378.596559,293206.000,45553,2,EL,1,100,-17756.000000
1752617378.663559,293273.000,45553,2,EL,1,100,-17756.199219
1752617378.729559,293339.000,45570,1,EL,1,100,-17756.400391
1752617378.796558,293406.000,45586,2,EL,1,100,-17758.000000
1752617378.863558,293473.000,45586,2,EL,1,100,-17760.199219
1752617378.929558,293539.000,45604,1,EL,1,100,-17761.800781
1752617378.996558,293606.000,45620,2,EL,1,100,-17762.400391
1752617379.063557,293673.000,45620,2,EL,1,100,-17763.400391
1752617379.129557,293739.000,45637,1,EL,1,100,-17765.000000
1752617379.196557,293806.000,45654,2,EL,1,100,-17763.199219
1752617379.263557,293873.000,45654,2,EL,1,100,-17763.400391
1752617379.329556,293939.000,45671,1,EL,1,100,-17765.000000
1752617379.396556,294006.000,45686,2,EL,1,100,-17766.000000
1752617379.463556,294073.000,45686,2,EL,1,100,-17767.599609
1752617379.530056,294139.500,45703,2,EL,1,100,-17769.400391
1752617379.596556,294206.000,45703,2,EL,1,100,-17771.000000
1752617379.663555,294273.000,45719,1,EL,1,100,-17772.000000
1752617379.730055,294339.500,45736,2,EL,1,100,-17772.800781
1752617379.796555,294406.000,45736,2,EL,1,100,-17774.199219
1752617379.863555,294473.000,45754,1,EL,1,100,-17774.599609
1752617379.930054,294539.500,45770,2,EL,1,100,-17775.800781
1752617379.996554,294606.000,45770,2,EL,1,100,-17776.000000
1752617380.063554,294673.000,45786,1,EL,1,100,-17777.400391
1752617380.130054,294739.500,45803,2,EL,1,100,-17778.000000
1752617380.196553,294806.000,45803,2,EL,1,100,-17779.400391
1752617380.263553,294873.000,45820,1,EL,1,100,-17780.400391
1752617380.330053,294939.500,45837,2,EL,1,100,-17781.599609
1752617380.396553,295006.000,45837,2,EL,1,100,-17782.400391
1752617380.463552,295073.000,45853,1,EL,1,100,-17783.400391
1752617380.530052,295139.500,45871,2,EL,1,100,-17784.400391
1752617380.596552,295206.000,45871,2,EL,1,100,-17785.400391
1752617380.663552,295273.000,45887,1,EL,1,100,-17787.000000
1752617380.730052,295339.500,45902,2,EL,1,100,-17788.000000
1752617380.796551,295406.000,45902,2,EL,1,100,-17789.000000
1752617380.863551,295473.000,45918,1,EL,1,100,-17790.400391
1752617380.930051,295539.500,45938,2,EL,1,100,-17790.800781
1752617380.996551,295606.000,45938,2,EL,1,100,-17791.400391
1752617381.063550,295673.000,45954,1,EL,1,100,-17792.599609
1752617381.130050,295739.500,45969,2,EL,1,100,-17793.400391
1752617381.196550,295806.000,45969,2,EL,1,100,-17794.800781
1752617381.263550,295873.000,45986,1,EL,1,100,-17795.800781
1752617381.330049,295939.500,46005,2,EL,1,100,-17797.000000
1752617381.396549,296006.000,46005,2,EL,1,100,-17797.599609
1752617381.463549,296073.000,46021,1,EL,1,100,-17798.800781
1752617381.530049,296139.500,46040,2,EL,1,100,-17800.800781
1752617381.596549,296206.000,46040,2,EL,1,100,-17799.400391
1752617381.662548,296272.000,46055,1,EL,1,100,-17794.400391
1752617381.729548,296339.000,46072,2,EL,1,100,-17801.400391
1752617381.796548,296406.000,46072,2,EL,1,100,-17804.400391
1752617381.863048,296472.500,46089,2,EL,1,100,-17804.800781
1752617381.929547,296539.000,46089,2,EL,1,100,-17805.800781
1752617381.996547,296606.000,46108,1,EL,1,100,-17806.800781
1752617382.063047,296672.500,46124,2,EL,1,100,-17808.400391
1752617382.129547,296739.000,46124,2,EL,1,100,-17808.800781
1752617382.196546,296806.000,46141,1,EL,1,100,-17808.599609
1752617382.263046,296872.500,46160,2,EL,1,100,-17807.599609
1752617382.329546,296939.000,46160,2,EL,1,100,-17806.800781
1752617382.396546,297006.000,46177,1,EL,1,100,-17807.599609
1752617382.463046,297072.500,46191,2,EL,1,100,-17810.400391
1752617382.529545,297139.000,46191,2,EL,1,100,-17821.599609
1752617382.596045,297205.500,46214,2,EL,1,100,-17859.000000
1752617382.662545,297272.000,46214,2,EL,1,100,-17909.400391
1752617382.729545,297339.000,46232,2,EL,1,100,-17901.599609
1752617382.796544,297406.000,46232,2,EL,1,100,-17876.599609
1752617382.862544,297472.000,46251,1,EL,1,100,-17855.599609
1752617382.929544,297539.000,46268,2,EL,1,100,-17830.400391
1752617382.996544,297606.000,46268,2,EL,1,100,-17829.000000
1752617383.062543,297672.000,46285,1,EL,1,100,-17829.599609
1752617383.129543,297739.000,46300,2,EL,1,100,-17815.599609
1752617383.196543,297806.000,46300,2,EL,1,100,-17814.199219
1752617383.262543,297872.000,46317,1,EL,1,100,-17824.800781
1752617383.329542,297939.000,46333,2,EL,1,100,-17824.800781
1752617383.396542,298006.000,46333,2,EL,1,100,-17823.400391
1752617383.462542,298072.000,46350,1,EL,1,100,-17823.400391
1752617383.529542,298139.000,46368,2,EL,1,100,-17824.599609
1752617383.596542,298206.000,46368,2,EL,1,100,-17824.199219
1752617383.663041,298272.500,46384,2,EL,1,100,-17823.599609
1752617383.729541,298339.000,46384,2,EL,1,100,-17827.199219
1752617383.796541,298406.000,46400,1,EL,1,100,-17828.599609
1752617383.863041,298472.500,46418,2,EL,1,100,-17829.599609
1752617383.929540,298539.000,46418,2,EL,1,100,-17830.599609
1752617383.996540,298606.000,46434,1,EL,1,100,-17833.599609
1752617384.063040,298672.500,46449,2,EL,1,100,-17837.599609
1752617384.129540,298739.000,46449,2,EL,1,100,-17839.199219
1752617384.196539,298806.000,46465,1,EL,1,100,-17839.800781
1752617384.263039,298872.500,46483,2,EL,1,100,-17840.000000
1752617384.329539,298939.000,46483,2,EL,1,100,-17841.400391
1752617384.396539,299006.000,46499,1,EL,1,100,-17841.599609
1752617384.463039,299072.500,46516,2,EL,1,100,-17841.599609
1752617384.529538,299139.000,46516,2,EL,1,100,-17842.199219
1752617384.596538,299206.000,46533,1,EL,1,100,-17843.800781
1752617384.663038,299272.500,46552,2,EL,1,100,-17844.400391
1752617384.729538,299339.000,46552,2,EL,1,100,-17845.400391
1752617384.795537,299405.000,46568,1,EL,1,100,-17846.000000
1752617384.862537,299472.000,46586,2,EL,1,100,-17846.599609
1752617384.929537,299539.000,46586,2,EL,1,100,-17846.800781
1752617384.995537,299605.000,46602,1,EL,1,100,-17847.800781
1752617385.062536,299672.000,46619,2,EL,1,100,-17848.599609
1752617385.129536,299739.000,46619,2,EL,1,100,-17853.000000
1752617385.196536,299806.000,46637,1,EL,1,100,-17849.199219
1752617385.263036,299872.500,46653,2,EL,1,100,-17853.800781
1752617385.329535,299939.000,46653,2,EL,1,100,-17861.199219
1752617385.395535,300005.000,46669,1,EL,1,100,-17860.599609
1752617385.462535,300072.000,46688,2,EL,1,100,-17859.199219
1752617385.529535,300139.000,46688,2,EL,1,100,-17859.000000
1752617385.595535,300205.000,46705,1,EL,1,100,-17859.199219
1752617385.662534,300272.000,46720,2,EL,1,100,-17859.400391
1752617385.729534,300339.000,46720,2,EL,1,100,-17859.599609
1752617385.796534,300406.000,46736,1,EL,1,100,-17861.199219
1752617385.863034,300472.500,46754,2,EL,1,100,-17859.400391
1752617385.929533,300539.000,46754,2,EL,1,100,-17863.400391
1752617385.995533,300605.000,46770,1,EL,1,100,-17863.599609
1752617386.062533,300672.000,46790,2,EL,1,100,-17864.000000
1752617386.129533,300739.000,46790,2,EL,1,100,-17866.000000
1752617386.196032,300805.500,46808,2,EL,1,100,-17867.400391
1752617386.262532,300872.000,46808,2,EL,1,100,-17866.400391
1752617386.329532,300939.000,46825,1,EL,1,100,-17867.400391
1752617386.396032,301005.500,46841,2,EL,1,100,-17866.400391
1752617386.462532,301072.000,46841,2,EL,1,100,-17866.400391
1752617386.529531,301139.000,46858,1,EL,1,100,-17869.000000
1752617386.596031,301205.500,46875,2,EL,1,100,-17873.800781
1752617386.662531,301272.000,46875,2,EL,1,100,-17871.000000
1752617386.729531,301339.000,46892,1,EL,1,100,-17870.000000
1752617386.796030,301405.500,46910,2,EL,1,100,-17871.400391
1752617386.862530,301472.000,46910,2,EL,1,100,-17873.199219
1752617386.929530,301539.000,46928,1,EL,1,100,-17874.599609
1752617386.996030,301605.500,46944,2,EL,1,100,-17876.000000
1752617387.062529,301672.000,46944,2,EL,1,100,-17876.000000
1752617387.129529,301739.000,46961,1,EL,1,100,-17877.000000
1752617387.196029,301805.500,46980,2,EL,1,100,-17878.000000
1752617387.262529,301872.000,46980,2,EL,1,100,-17878.199219
1752617387.329528,301939.000,46999,1,EL,1,100,-17879.199219
1752617387.396028,302005.500,47015,2,EL,1,100,-17880.199219
1752617387.462528,302072.000,47015,2,EL,1,100,-17880.000000
1752617387.529528,302139.000,47034,1,EL,1,100,-17882.599609
1752617387.596028,302205.500,47051,2,EL,1,100,-17885.199219
1752617387.662527,302272.000,47051,2,EL,1,100,-17885.599609
1752617387.729027,302338.500,47075,2,EL,1,100,-17886.199219
1752617387.795527,302405.000,47075,2,EL,1,100,-17885.400391
1752617387.862527,302472.000,47092,2,EL,1,100,-17883.800781
1752617387.929526,302539.000,47092,2,EL,1,100,-17885.599609
1752617387.995526,302605.000,47109,1,EL,1,100,-17888.800781
1752617388.062026,302671.500,47125,2,EL,1,100,-17890.000000
1752617388.128526,302738.000,47125,2,EL,1,100,-17892.199219
1752617388.195525,302805.000,47142,1,EL,1,100,-17895.000000
1752617388.262025,302871.500,47161,2,EL,1,100,-17894.400391
1752617388.328525,302938.000,47161,2,EL,1,100,-17893.400391
1752617388.395525,303005.000,47178,1,EL,1,100,-17893.199219
1752617388.462025,303071.500,47192,2,EL,1,100,-17893.599609
1752617388.528524,303138.000,47192,2,EL,1,100,-17893.599609
1752617388.595524,303205.000,47210,1,EL,1,100,-17895.000000
1752617388.662024,303271.500,47226,2,EL,1,100,-17896.400391
1752617388.728524,303338.000,47226,2,EL,1,100,-17897.000000
1752617388.795523,303405.000,47243,1,EL,1,100,-17897.800781
1752617388.862023,303471.500,47258,2,EL,1,100,-17898.000000
1752617388.928523,303538.000,47258,2,EL,1,100,-17899.599609
1752617388.995523,303605.000,47275,1,EL,1,100,-17900.199219
1752617389.062022,303671.500,47291,2,EL,1,100,-17901.800781
1752617389.128522,303738.000,47291,2,EL,1,100,-17903.000000
1752617389.195522,303805.000,47308,1,EL,1,100,-17904.000000
1752617389.262022,303871.500,47325,2,EL,1,100,-17904.199219
1752617389.328521,303938.000,47325,2,EL,1,100,-17903.400391
1752617389.395521,304005.000,47342,1,EL,1,100,-17904.599609
1752617389.462021,304071.500,47358,2,EL,1,100,-17904.599609
1752617389.528521,304138.000,47358,2,EL,1,100,-17905.000000
1752617389.595521,304205.000,47378,1,EL,1,100,-17905.599609
1752617389.662020,304271.500,47393,2,EL,1,100,-17905.199219
1752617389.728520,304338.000,47393,2,EL,1,100,-17913.000000
1752617389.795520,304405.000,47409,1,EL,1,100,-17931.199219
1752617389.862020,304471.500,47426,2,EL,1,100,-17940.400391
1752617389.928519,304538.000,47426,2,EL,1,100,-17931.400391
1752617389.995519,304605.000,47445,1,EL,1,100,-17925.199219
1752617390.062019,304671.500,47460,2,EL,1,100,-17925.599609
1752617390.128519,304738.000,47460,2,EL,1,100,-17928.000000
1752617390.195518,304805.000,47477,2,EL,1,100,-17933.599609
1752617390.262518,304872.000,47477,2,EL,1,100,-17930.599609
1752617390.328518,304938.000,47493,1,EL,1,100,-17913.599609
1752617390.395518,305005.000,47512,2,EL,1,100,-17915.000000
1752617390.462518,305072.000,47512,2,EL,1,100,-17922.400391
1752617390.528517,305138.000,47528,1,EL,1,100,-17926.000000
1752617390.595517,305205.000,47544,2,EL,1,100,-17940.199219
1752617390.662517,305272.000,47544,2,EL,1,100,-17973.000000
1752617390.728517,305338.000,47560,1,EL,1,100,-18022.400391
1752617390.795516,305405.000,47577,2,EL,1,100,-18067.400391
1752617390.862516,305472.000,47577,2,EL,1,100,-18058.400391
1752617390.928516,305538.000,47596,1,EL,1,100,-18001.800781
1752617390.995516,305605.000,47611,2,EL,1,100,-17954.599609
1752617391.062515,305672.000,47611,2,EL,1,100,-17937.400391
1752617391.128515,305738.000,47627,1,EL,1,100,-17930.800781
1752617391.195515,305805.000,47645,2,EL,1,100,-17912.000000
1752617391.262515,305872.000,47645,2,EL,1,100,-17926.599609
1752617391.328514,305938.000,47661,1,EL,1,100,-17927.599609
1752617391.395514,306005.000,47676,2,EL,1,100,-17910.599609
1752617391.462514,306072.000,47676,2,EL,1,100,-17910.599609
1752617391.528514,306138.000,47692,1,EL,1,100,-17914.599609
1752617391.595014,306204.500,47710,2,EL,1,100,-17919.800781
1752617391.661513,306271.000,47710,2,EL,1,100,-17924.599609
1752617391.728513,306338.000,47726,1,EL,1,100,-17924.800781
1752617391.795013,306404.500,47741,2,EL,1,100,-17924.800781
1752617391.861513,306471.000,47741,2,EL,1,100,-17934.599609
1752617391.928512,306538.000,47758,1,EL,1,100,-17956.000000
1752617391.995012,306604.500,47775,2,EL,1,100,-17936.599609
1752617392.061512,306671.000,47775,2,EL,1,100,-17915.400391
1752617392.128512,306738.000,47791,1,EL,1,100,-17868.800781
1752617392.195011,306804.500,47810,2,EL,1,100,-17867.000000
1752617392.261511,306871.000,47810,2,EL,1,100,-17899.199219
1752617392.328511,306938.000,47827,1,EL,1,100,-17915.800781
1752617392.395011,307004.500,47844,2,EL,1,100,-17919.000000
1752617392.461511,307071.000,47844,2,EL,1,100,-17912.800781
1752617392.528510,307138.000,47861,2,EL,1,100,-17944.400391
1752617392.595510,307205.000,47861,2,EL,1,100,-17908.400391
1752617392.661510,307271.000,47878,1,EL,1,100,-17881.800781
1752617392.728510,307338.000,47892,2,EL,1,100,-17900.199219
1752617392.795509,307405.000,47892,2,EL,1,100,-17918.800781
1752617392.862009,307471.500,47915,2,EL,1,100,-17930.800781
1752617392.928509,307538.000,47915,2,EL,1,100,-17932.800781
1752617392.995509,307605.000,47931,1,EL,1,100,-17935.800781
1752617393.062008,307671.500,47948,2,EL,1,100,-17938.599609
1752617393.128508,307738.000,47948,2,EL,1,100,-17939.400391
1752617393.195508,307805.000,47964,1,EL,1,100,-17940.000000
1752617393.262008,307871.500,47980,2,EL,1,100,-17940.599609
1752617393.328507,307938.000,47980,2,EL,1,100,-17942.000000
1752617393.395507,308005.000,47996,1,EL,1,100,-17944.000000
1752617393.462007,308071.500,48015,2,EL,1,100,-17945.199219
1752617393.528507,308138.000,48015,2,EL,1,100,-17945.400391
1752617393.595507,308205.000,48032,1,EL,1,100,-17946.800781
1752617393.662006,308271.500,48048,2,EL,1,100,-17948.000000
1752617393.728506,308338.000,48048,2,EL,1,100,-17948.400391
1752617393.795006,308404.500,48063,2,EL,1,100,-17949.599609
1752617393.861506,308471.000,48063,2,EL,1,100,-17950.000000
1752617393.928505,308538.000,48081,1,EL,1,100,-17951.400391
1752617393.995005,308604.500,48097,2,EL,1,100,-17952.400391
1752617394.061505,308671.000,48097,2,EL,1,100,-17954.199219
1752617394.128505,308738.000,48116,1,EL,1,100,-17954.800781
1752617394.195004,308804.500,48131,2,EL,1,100,-17955.400391
1752617394.261504,308871.000,48131,2,EL,1,100,-17956.400391
1752617394.328504,308938.000,48148,1,EL,1,100,-17957.800781
1752617394.395004,309004.500,48166,2,EL,1,100,-17959.400391
1752617394.461504,309071.000,48166,2,EL,1,100,-17960.000000
1752617394.528503,309138.000,48185,1,EL,1,100,-17961.000000
1752617394.595003,309204.500,48200,2,EL,1,100,-17962.000000
1752617394.661503,309271.000,48200,2,EL,1,100,-17963.199219
1752617394.728503,309338.000,48217,1,EL,1,100,-17963.400391
1752617394.795002,309404.500,48233,2,EL,1,100,-17965.000000
1752617394.861502,309471.000,48233,2,EL,1,100,-17965.000000
1752617394.928502,309538.000,48251,1,EL,1,100,-17965.800781
1752617394.995002,309604.500,48265,2,EL,1,100,-17966.800781
1752617395.061501,309671.000,48265,2,EL,1,100,-17966.800781
1752617395.128501,309738.000,48282,1,EL,1,100,-17968.800781
1752617395.195001,309804.500,48301,2,EL,1,100,-17969.800781
1752617395.261501,309871.000,48301,2,EL,1,100,-17970.199219
1752617395.328500,309938.000,48320,1,EL,1,100,-17971.000000
1752617395.395000,310004.500,48334,2,EL,1,100,-17972.000000
1752617395.461500,310071.000,48334,2,EL,1,100,-17973.000000
1752617395.528500,310138.000,48351,1,EL,1,100,-17974.199219
1752617395.595000,310204.500,48370,2,EL,1,100,-17974.199219
1752617395.661499,310271.000,48370,2,EL,1,100,-17975.400391
1752617395.728499,310338.000,48387,1,EL,1,100,-17976.400391
1752617395.794999,310404.500,48402,2,EL,1,100,-17976.599609
1752617395.861499,310471.000,48402,2,EL,1,100,-17977.400391
1752617395.928498,310538.000,48419,1,EL,1,100,-17978.199219
1752617395.994998,310604.500,48437,2,EL,1,100,-17978.599609
1752617396.061498,310671.000,48437,2,EL,1,100,-17980.000000
1752617396.128498,310738.000,48454,1,EL,1,100,-17981.400391
1752617396.194997,310804.500,48472,2,EL,1,100,-17981.400391
1752617396.261497,310871.000,48472,2,EL,1,100,-17982.400391
1752617396.327997,310937.500,48488,2,EL,1,100,-17983.199219
1752617396.394497,311004.000,48488,2,EL,1,100,-17983.199219
1752617396.461497,311071.000,48504,1,EL,1,100,-17984.199219
1752617396.527996,311137.500,48522,2,EL,1,100,-17985.599609
1752617396.594496,311204.000,48522,2,EL,1,100,-17986.000000
1752617396.661496,311271.000,48538,1,EL,1,100,-17986.800781
1752617396.727996,311337.500,48553,2,EL,1,100,-17987.599609
1752617396.794495,311404.000,48553,2,EL,1,100,-17987.800781
1752617396.861495,311471.000,48571,1,EL,1,100,-17988.000000
1752617396.927995,311537.500,48589,2,EL,1,100,-17989.000000
1752617396.994495,311604.000,48589,2,EL,1,100,-17990.599609
1752617397.061494,311671.000,48607,1,EL,1,100,-17990.800781
1752617397.127994,311737.500,48622,2,EL,1,100,-17991.599609
1752617397.194494,311804.000,48622,2,EL,1,100,-17992.000000
1752617397.261494,311871.000,48639,1,EL,1,100,-17993.400391
1752617397.327994,311937.500,48658,2,EL,1,100,-17993.800781
1752617397.394493,312004.000,48658,2,EL,1,100,-17994.000000
1752617397.461493,312071.000,48676,1,EL,1,100,-17995.000000
1752617397.527993,312137.500,48692,2,EL,1,100,-17996.000000
1752617397.594493,312204.000,48692,2,EL,1,100,-17997.000000
1752617397.661492,312271.000,48708,1,EL,1,100,-17997.800781
1752617397.727992,312337.500,48727,2,EL,1,100,-17998.599609
1752617397.794492,312404.000,48727,2,EL,1,100,-17998.800781
1752617397.861492,312471.000,48743,1,EL,1,100,-17999.599609
1752617397.928158,312537.667,48764,3,EL,1,100,-18000.000000
1752617397.994825,312604.333,48764,3,EL,1,100,-18000.800781
1752617398.061491,312671.000,48764,3,EL,1,100,-18002.000000
1752617398.128491,312738.000,48780,1,EL,1,100,-18002.800781
1752617398.194990,312804.500,48798,2,EL,1,100,-18003.000000
1752617398.261490,312871.000,48798,2,EL,1,100,-18004.000000
1752617398.328490,312938.000,48816,1,EL,1,100,-18005.199219
1752617398.394990,313004.500,48835,2,EL,1,100,-18005.199219
1752617398.461490,313071.000,48835,2,EL,1,100,-18006.000000
1752617398.528489,313138.000,48851,1,EL,1,100,-18006.599609
1752617398.594989,313204.500,48867,2,EL,1,100,-18007.599609
1752617398.661489,313271.000,48867,2,EL,1,100,-18008.400391
1752617398.728489,313338.000,48883,1,EL,1,100,-18009.199219
1752617398.794988,313404.500,48902,2,EL,1,100,-18009.800781
1752617398.861488,313471.000,48902,2,EL,1,100,-18010.199219
1752617398.927488,313537.000,48919,1,EL,1,100,-18011.599609
1752617398.994488,313604.000,48937,2,EL,1,100,-18011.400391
1752617399.061487,313671.000,48937,2,EL,1,100,-18012.199219
1752617399.128487,313738.000,48952,1,EL,1,100,-18013.400391
1752617399.194987,313804.500,48972,2,EL,1,100,-18014.000000
1752617399.261487,313871.000,48972,2,EL,1,100,-18014.400391
1752617399.327487,313937.000,48988,1,EL,1,100,-18015.400391
1752617399.394486,314004.000,49004,2,EL,1,100,-18015.400391
1752617399.461486,314071.000,49004,2,EL,1,100,-18016.000000
1752617399.527986,314137.500,49020,2,EL,1,100,-18017.400391
1752617399.594486,314204.000,49020,2,EL,1,100,-18018.199219
1752617399.661485,314271.000,49039,1,EL,1,100,-18018.599609
1752617399.727985,314337.500,49057,2,EL,1,100,-18018.800781
1752617399.794485,314404.000,49057,2,EL,1,100,-18019.199219
1752617399.861485,314471.000,49074,1,EL,1,100,-18020.199219
1752617399.927984,314537.500,49089,2,EL,1,100,-18021.400391
1752617399.994484,314604.000,49089,2,EL,1,100,-18021.800781
1752617400.061484,314671.000,49106,1,EL,1,100,-18023.000000
1752617400.127984,314737.500,49124,2,EL,1,100,-18024.000000
1752617400.194483,314804.000,49124,2,EL,1,100,-18024.199219
1752617400.261483,314871.000,49142,1,EL,1,100,-18024.400391
1752617400.327983,314937.500,49156,2,EL,1,100,-18025.400391
1752617400.394483,315004.000,49156,2,EL,1,100,-18025.599609
1752617400.461483,315071.000,49173,1,EL,1,100,-18026.599609
1752617400.527982,315137.500,49192,2,EL,1,100,-18027.199219
1752617400.594482,315204.000,49192,2,EL,1,100,-18028.000000
1752617400.661482,315271.000,49209,1,EL,1,100,-18028.599609
1752617400.727982,315337.500,49223,2,EL,1,100,-18029.800781
1752617400.794481,315404.000,49223,2,EL,1,100,-18030.400391
1752617400.860481,315470.000,49242,1,EL,1,100,-18030.800781
1752617400.927481,315537.000,49259,2,EL,1,100,-18031.400391
1752617400.994481,315604.000,49259,2,EL,1,100,-18032.400391
1752617401.061480,315671.000,49278,1,EL,1,100,-18032.800781
1752617401.127980,315737.500,49292,2,EL,1,100,-18033.400391
1752617401.194480,315804.000,49292,2,EL,1,100,-18034.199219
1752617401.261480,315871.000,49312,1,EL,1,100,-18034.400391
1752617401.327980,315937.500,49328,2,EL,1,100,-18035.800781
1752617401.394479,316004.000,49328,2,EL,1,100,-18037.400391
1752617401.461479,316071.000,49345,1,EL,1,100,-18037.800781
1752617401.527979,316137.500,49360,2,EL,1,100,-18038.599609
1752617401.594479,316204.000,49360,2,EL,1,100,-18039.199219
1752617401.661478,316271.000,49379,1,EL,1,100,-18039.400391
1752617401.727978,316337.500,49395,2,EL,1,100,-18039.800781
1752617401.794478,316404.000,49395,2,EL,1,100,-18040.400391
1752617401.861478,316471.000,49412,1,EL,1,100,-18041.000000
1752617401.927977,316537.500,49428,2,EL,1,100,-18041.800781
1752617401.994477,316604.000,49428,2,EL,1,100,-18042.800781
1752617402.060977,316670.500,49446,2,EL,1,100,-18043.800781
1752617402.127477,316737.000,49446,2,EL,1,100,-18043.400391
1752617402.194476,316804.000,49462,1,EL,1,100,-18044.199219
1752617402.260976,316870.500,49482,2,EL,1,100,-18045.000000
1752617402.327476,316937.000,49482,2,EL,1,100,-18046.000000
1752617402.394476,317004.000,49498,1,EL,1,100,-18047.199219
1752617402.460976,317070.500,49513,2,EL,1,100,-18048.000000
1752617402.527475,317137.000,49513,2,EL,1,100,-18048.400391
1752617402.594475,317204.000,49530,1,EL,1,100,-18049.199219
1752617402.660975,317270.500,49547,2,EL,1,100,-18050.199219
1752617402.727475,317337.000,49547,2,EL,1,100,-18051.000000
1752617402.794474,317404.000,49563,1,EL,1,100,-18052.000000
1752617402.860974,317470.500,49581,2,EL,1,100,-18052.400391
1752617402.927474,317537.000,49581,2,EL,1,100,-18052.599609
1752617402.994474,317604.000,49597,1,EL,1,100,-18053.599609
1752617403.060973,317670.500,49619,2,EL,1,100,-18054.400391
1752617403.127473,317737.000,49619,2,EL,1,100,-18055.400391
1752617403.193973,317803.500,49638,2,EL,1,100,-18056.000000
1752617403.260473,317870.000,49638,2,EL,1,100,-18056.400391
1752617403.327473,317937.000,49655,1,EL,1,100,-18056.599609
1752617403.393972,318003.500,49670,2,EL,1,100,-18057.400391
1752617403.460472,318070.000,49670,2,EL,1,100,-18057.599609
1752617403.527472,318137.000,49686,1,EL,1,100,-18058.400391
1752617403.593972,318203.500,49703,2,EL,1,100,-18059.199219
1752617403.660471,318270.000,49703,2,EL,1,100,-18060.199219
1752617403.727471,318337.000,49722,2,EL,1,100,-18061.000000
1752617403.794471,318404.000,49722,2,EL,1,100,-18061.400391
1752617403.860471,318470.000,49738,1,EL,1,100,-18061.800781
1752617403.927470,318537.000,49754,2,EL,1,100,-18062.400391
1752617403.994470,318604.000,49754,2,EL,1,100,-18062.800781
1752617404.060470,318670.000,49770,1,EL,1,100,-18063.400391
1752617404.127470,318737.000,49787,2,EL,1,100,-18064.000000
1752617404.194469,318804.000,49787,2,EL,1,100,-18065.000000
1752617404.260469,318870.000,49804,1,EL,1,100,-18065.800781
1752617404.327469,318937.000,49821,2,EL,1,100,-18066.199219
1752617404.394469,319004.000,49821,2,EL,1,100,-18066.199219
1752617404.460469,319070.000,49837,1,EL,1,100,-18067.199219
1752617404.527468,319137.000,49855,2,EL,1,100,-18067.800781
1752617404.594468,319204.000,49855,2,EL,1,100,-18068.400391
1752617404.660468,319270.000,49871,1,EL,1,100,-18069.400391
1752617404.727468,319337.000,49890,2,EL,1,100,-18070.000000
1752617404.794467,319404.000,49890,2,EL,1,100,-18070.199219
1752617404.860467,319470.000,49906,1,EL,1,100,-18070.599609
1752617404.927467,319537.000,49924,2,EL,1,100,-18071.400391
1752617404.994467,319604.000,49924,2,EL,1,100,-18072.599609
1752617405.060466,319670.000,49940,1,EL,1,100,-18072.800781
1752617405.126966,319736.500,49955,2,EL,1,100,-18073.400391
1752617405.193466,319803.000,49955,2,EL,1,100,-18073.599609
1752617405.260466,319870.000,49972,1,EL,1,100,-18074.400391
1752617405.326966,319936.500,49989,2,EL,1,100,-18075.000000
1752617405.393465,320003.000,49989,2,EL,1,100,-18075.199219
1752617405.460465,320070.000,50005,1,EL,1,100,-18076.199219
1752617405.526965,320136.500,50022,2,EL,1,100,-18077.199219
1752617405.593465,320203.000,50022,2,EL,1,100,-18076.599609
1752617405.660464,320270.000,50037,2,EL,1,100,-18077.400391
1752617405.727464,320337.000,50037,2,EL,1,100,-18078.400391
1752617405.793464,320403.000,50054,1,EL,1,100,-18079.199219
1752617405.860464,320470.000,50071,2,EL,1,100,-18079.000000
1752617405.927463,320537.000,50071,2,EL,1,100,-18079.800781
1752617405.993463,320603.000,50088,1,EL,1,100,-18081.400391
1752617406.060463,320670.000,50102,2,EL,1,100,-18081.800781
1752617406.127463,320737.000,50102,2,EL,1,100,-18082.199219
1752617406.193462,320803.000,50119,1,EL,1,100,-18083.000000
1752617406.260462,320870.000,50138,2,EL,1,100,-18083.599609
1752617406.327462,320937.000,50138,2,EL,1,100,-18083.800781
1752617406.393462,321003.000,50157,1,EL,1,100,-18084.400391
1752617406.460462,321070.000,50171,2,EL,1,100,-18085.199219
1752617406.527461,321137.000,50171,2,EL,1,100,-18085.599609
1752617406.593461,321203.000,50189,1,EL,1,100,-18086.000000
1752617406.660461,321270.000,50205,2,EL,1,100,-18086.400391
1752617406.727461,321337.000,50205,2,EL,1,100,-18087.800781
1752617406.793460,321403.000,50222,1,EL,1,100,-18088.199219
1752617406.860460,321470.000,50237,2,EL,1,100,-18088.599609
1752617406.927460,321537.000,50237,2,EL,1,100,-18089.400391
1752617406.993460,321603.000,50256,1,EL,1,100,-18090.400391
1752617407.060459,321670.000,50274,2,EL,1,100,-18091.000000
1752617407.127459,321737.000,50274,2,EL,1,100,-18091.000000
1752617407.193459,321803.000,50291,1,EL,1,100,-18091.599609
1752617407.260459,321870.000,50308,2,EL,1,100,-18092.000000
1752617407.327459,321937.000,50308,2,EL,1,100,-18092.599609
1752617407.393458,322003.000,50325,1,EL,1,100,-18093.599609
1752617407.460458,322070.000,50341,2,EL,1,100,-18094.400391
1752617407.527458,322137.000,50341,2,EL,1,100,-18094.400391
1752617407.593458,322203.000,50359,1,EL,1,100,-18095.599609
1752617407.660457,322270.000,50374,2,EL,1,100,-18096.599609
1752617407.727457,322337.000,50374,2,EL,1,100,-18097.199219
1752617407.793957,322403.500,50392,2,EL,1,100,-18098.000000
1752617407.860457,322470.000,50392,2,EL,1,100,-18098.199219
1752617407.927456,322537.000,50409,1,EL,1,100,-18099.000000
1752617407.993956,322603.500,50426,2,EL,1,100,-18100.599609
1752617408.060456,322670.000,50426,2,EL,1,100,-18100.800781
1752617408.126456,322736.000,50444,1,EL,1,100,-18101.199219
1752617408.193455,322803.000,50465,2,EL,1,100,-18101.400391
1752617408.260455,322870.000,50465,2,EL,1,100,-18101.599609
1752617408.326955,322936.500,50481,2,EL,1,100,-18102.199219
1752617408.393455,323003.000,50481,2,EL,1,100,-18103.400391
1752617408.460455,323070.000,50498,1,EL,1,100,-18105.000000
1752617408.526954,323136.500,50515,2,EL,1,100,-18106.199219
1752617408.593454,323203.000,50515,2,EL,1,100,-18106.400391
1752617408.660454,323270.000,50534,1,EL,1,100,-18105.000000
1752617408.726954,323336.500,50549,2,EL,1,100,-18104.800781
1752617408.793453,323403.000,50549,2,EL,1,100,-18105.199219
1752617408.859953,323469.500,50566,2,EL,1,100,-18107.199219
1752617408.926453,323536.000,50566,2,EL,1,100,-18113.000000
1752617408.993453,323603.000,50582,1,EL,1,100,-18129.400391
1752617409.059952,323669.500,50599,2,EL,1,100,-18159.599609
1752617409.126452,323736.000,50599,2,EL,1,100,-18175.400391
1752617409.193452,323803.000,50615,1,EL,1,100,-18165.400391
1752617409.259952,323869.500,50633,2,EL,1,100,-18125.400391
1752617409.326452,323936.000,50633,2,EL,1,100,-18121.400391
1752617409.393451,324003.000,50649,1,EL,1,100,-18122.400391
1752617409.459951,324069.500,50666,2,EL,1,100,-18123.199219
1752617409.526451,324136.000,50666,2,EL,1,100,-18119.400391
1752617409.593451,324203.000,50683,1,EL,1,100,-18116.400391
1752617409.659950,324269.500,50698,2,EL,1,100,-18108.599609
1752617409.726450,324336.000,50698,2,EL,1,100,-18117.599609
1752617409.793450,324403.000,50714,1,EL,1,100,-18118.199219
1752617409.859950,324469.500,50732,2,EL,1,100,-18113.000000
1752617409.926449,324536.000,50732,2,EL,1,100,-18110.400391
1752617409.993449,324603.000,50748,1,EL,1,100,-18111.199219
1752617410.059949,324669.500,50763,2,EL,1,100,-18112.199219
1752617410.126449,324736.000,50763,2,EL,1,100,-18112.199219
1752617410.193448,324803.000,50779,1,EL,1,100,-18113.000000
1752617410.259948,324869.500,50797,2,EL,1,100,-18115.000000
1752617410.326448,324936.000,50797,2,EL,1,100,-18117.199219
1752617410.393448,325003.000,50813,1,EL,1,100,-18118.400391
1752617410.459948,325069.500,50828,2,EL,1,100,-18119.000000
1752617410.526447,325136.000,50828,2,EL,1,100,-18118.599609
1752617410.593447,325203.000,50845,1,EL,1,100,-18119.199219
1752617410.659947,325269.500,50864,2,EL,1,100,-18119.599609
1752617410.726447,325336.000,50864,2,EL,1,100,-18121.400391
1752617410.793446,325403.000,50880,1,EL,1,100,-18121.400391
1752617410.859946,325469.500,50897,2,EL,1,100,-18121.599609
1752617410.926446,325536.000,50897,2,EL,1,100,-18122.599609
1752617410.993446,325603.000,50912,1,EL,1,100,-18123.000000
1752617411.059945,325669.500,50929,2,EL,1,100,-18124.400391
1752617411.126445,325736.000,50929,2,EL,1,100,-18125.400391
1752617411.193445,325803.000,50946,2,EL,1,100,-18125.599609
1752617411.260445,325870.000,50946,2,EL,1,100,-18126.599609
1752617411.326445,325936.000,50963,1,EL,1,100,-18126.800781
1752617411.392944,326002.500,50977,2,EL,1,100,-18127.199219
1752617411.459444,326069.000,50977,2,EL,1,100,-18128.000000
1752617411.526444,326136.000,50994,1,EL,1,100,-18128.800781
1752617411.592944,326202.500,51011,2,EL,1,100,-18129.599609
1752617411.659443,326269.000,51011,2,EL,1,100,-18131.000000
1752617411.726443,326336.000,51028,1,EL,1,100,-18131.400391
1752617411.792943,326402.500,51042,2,EL,1,100,-18131.800781
1752617411.859443,326469.000,51042,2,EL,1,100,-18132.400391
1752617411.926442,326536.000,51060,1,EL,1,100,-18133.599609
1752617411.992942,326602.500,51076,2,EL,1,100,-18133.599609
1752617412.059442,326669.000,51076,2,EL,1,100,-18134.000000
1752617412.126442,326736.000,51093,1,EL,1,100,-18135.000000
1752617412.192942,326802.500,51108,2,EL,1,100,-18135.599609
1752617412.259441,326869.000,51108,2,EL,1,100,-18136.199219
1752617412.326441,326936.000,51127,1,EL,1,100,-18136.800781
1752617412.392941,327002.500,51143,2,EL,1,100,-18137.599609
1752617412.459441,327069.000,51143,2,EL,1,100,-18138.000000
1752617412.526440,327136.000,51160,1,EL,1,100,-18138.400391
1752617412.592940,327202.500,51175,2,EL,1,100,-18139.599609
1752617412.659440,327269.000,51175,2,EL,1,100,-18140.000000
1752617412.726440,327336.000,51192,1,EL,1,100,-18140.599609
1752617412.792939,327402.500,51210,2,EL,1,100,-18141.599609
1752617412.859439,327469.000,51210,2,EL,1,100,-18141.599609
1752617412.926439,327536.000,51228,1,EL,1,100,-18142.599609
1752617412.992939,327602.500,51245,2,EL,1,100,-18143.400391
1752617413.059438,327669.000,51245,2,EL,1,100,-18143.199219
1752617413.126438,327736.000,51261,1,EL,1,100,-18144.000000
1752617413.192938,327802.500,51278,2,EL,1,100,-18145.000000
1752617413.259438,327869.000,51278,2,EL,1,100,-18145.400391
1752617413.326438,327936.000,51300,2,EL,1,100,-18146.199219
1752617413.393437,328003.000,51300,2,EL,1,100,-18147.000000
1752617413.459937,328069.500,51318,2,EL,1,100,-18147.199219
1752617413.526437,328136.000,51318,2,EL,1,100,-18147.599609
1752617413.593437,328203.000,51336,1,EL,1,100,-18148.800781
1752617413.659936,328269.500,51350,2,EL,1,100,-18149.000000
1752617413.726436,328336.000,51350,2,EL,1,100,-18149.400391
1752617413.793436,328403.000,51367,1,EL,1,100,-18150.000000
1752617413.859936,328469.500,51384,2,EL,1,100,-18150.599609
1752617413.926435,328536.000,51384,2,EL,1,100,-18151.199219
1752617413.993435,328603.000,51401,1,EL,1,100,-18151.800781
1752617414.059935,328669.500,51415,2,EL,1,100,-18152.199219
1752617414.126435,328736.000,51415,2,EL,1,100,-18152.800781
1752617414.193435,328803.000,51432,1,EL,1,100,-18153.800781
1752617414.259934,328869.500,51449,2,EL,1,100,-18154.400391
1752617414.326434,328936.000,51449,2,EL,1,100,-18154.599609
1752617414.393434,329003.000,51466,1,EL,1,100,-18155.199219
1752617414.459934,329069.500,51480,2,EL,1,100,-18156.000000
1752617414.526433,329136.000,51480,2,EL,1,100,-18156.400391
1752617414.593433,329203.000,51498,1,EL,1,100,-18156.199219
1752617414.659933,329269.500,51514,2,EL,1,100,-18156.800781
1752617414.726433,329336.000,51514,2,EL,1,100,-18157.800781
1752617414.793432,329403.000,51531,1,EL,1,100,-18158.199219
1752617414.859932,329469.500,51547,2,EL,1,100,-18158.599609
1752617414.926432,329536.000,51547,2,EL,1,100,-18158.800781
1752617414.992932,329602.500,51563,2,EL,1,100,-18160.000000
1752617415.059431,329669.000,51563,2,EL,1,100,-18160.800781
1752617415.126431,329736.000,51581,1,EL,1,100,-18161.000000
1752617415.192931,329802.500,51599,2,EL,1,100,-18162.000000
1752617415.259431,329869.000,51599,2,EL,1,100,-18161.400391
1752617415.326431,329936.000,51615,1,EL,1,100,-18162.599609
1752617415.392930,330002.500,51630,2,EL,1,100,-18163.800781
1752617415.459430,330069.000,51630,2,EL,1,100,-18163.599609
1752617415.526430,330136.000,51646,1,EL,1,100,-18163.599609
1752617415.592930,330202.500,51664,2,EL,1,100,-18164.800781
1752617415.659429,330269.000,51664,2,EL,1,100,-18165.599609
1752617415.726429,330336.000,51680,1,EL,1,100,-18166.000000
1752617415.792929,330402.500,51697,2,EL,1,100,-18167.400391
1752617415.859429,330469.000,51697,2,EL,1,100,-18167.599609
1752617415.926428,330536.000,51714,1,EL,1,100,-18168.400391
1752617415.992928,330602.500,51731,2,EL,1,100,-18168.800781
1752617416.059428,330669.000,51731,2,EL,1,100,-18169.000000
1752617416.126428,330736.000,51747,1,EL,1,100,-18169.800781
1752617416.192928,330802.500,51763,2,EL,1,100,-18169.800781
1752617416.259427,330869.000,51763,2,EL,1,100,-18170.400391
1752617416.326427,330936.000,51779,1,EL,1,100,-18171.000000
1752617416.392927,331002.500,51796,2,EL,1,100,-18171.599609
1752617416.459427,331069.000,51796,2,EL,1,100,-18171.800781
1752617416.526426,331136.000,51812,1,EL,1,100,-18172.199219
1752617416.592926,331202.500,51828,2,EL,1,100,-18173.199219
1752617416.659426,331269.000,51828,2,EL,1,100,-18173.400391
1752617416.726426,331336.000,51844,1,EL,1,100,-18174.199219
1752617416.792925,331402.500,51861,2,EL,1,100,-18174.599609
1752617416.859425,331469.000,51861,2,EL,1,100,-18175.400391
1752617416.926425,331536.000,51878,1,EL,1,100,-18175.599609
1752617416.992925,331602.500,51894,2,EL,1,100,-18176.199219
1752617417.059424,331669.000,51894,2,EL,1,100,-18176.599609
1752617417.126424,331736.000,51909,1,EL,1,100,-18177.000000
1752617417.192924,331802.500,51927,2,EL,1,100,-18177.400391
1752617417.259424,331869.000,51927,2,EL,1,100,-18178.199219
1752617417.325924,331935.500,51945,2,EL,1,100,-18178.800781
1752617417.392423,332002.000,51945,2,EL,1,100,-18179.599609
1752617417.459423,332069.000,51964,1,EL,1,100,-18180.199219
1752617417.525923,332135.500,51979,2,EL,1,100,-18181.199219
1752617417.592423,332202.000,51979,2,EL,1,100,-18181.400391
1752617417.659422,332269.000,51996,1,EL,1,100,-18181.599609
1752617417.725922,332335.500,52012,2,EL,1,100,-18182.199219
1752617417.792422,332402.000,52012,2,EL,1,100,-18182.199219
1752617417.859422,332469.000,52029,1,EL,1,100,-18182.599609
1752617417.925921,332535.500,52044,2,EL,1,100,-18183.599609
1752617417.992421,332602.000,52044,2,EL,1,100,-18184.000000
1752617418.059421,332669.000,52061,1,EL,1,100,-18184.199219
1752617418.125921,332735.500,52077,2,EL,1,100,-18185.000000
1752617418.192421,332802.000,52077,2,EL,1,100,-18185.599609
1752617418.259420,332869.000,52097,1,EL,1,100,-18185.800781
1752617418.325920,332935.500,52111,2,EL,1,100,-18186.400391
1752617418.392420,333002.000,52111,2,EL,1,100,-18186.599609
1752617418.458920,333068.500,52133,2,EL,1,100,-18187.199219
1752617418.525419,333135.000,52133,2,EL,1,100,-18187.400391
1752617418.592419,333202.000,52150,1,EL,1,100,-18187.599609
1752617418.658919,333268.500,52167,2,EL,1,100,-18188.800781
1752617418.725419,333335.000,52167,2,EL,1,100,-18189.800781
1752617418.792418,333402.000,52183,1,EL,1,100,-18189.599609
1752617418.858918,333468.500,52201,2,EL,1,100,-18190.800781
1752617418.925418,333535.000,52201,2,EL,1,100,-18191.400391
1752617418.992418,333602.000,52217,1,EL,1,100,-18191.400391
1752617419.058917,333668.500,52234,2,EL,1,100,-18191.800781
1752617419.125417,333735.000,52234,2,EL,1,100,-18192.000000
1752617419.192417,333802.000,52250,1,EL,1,100,-18192.800781
1752617419.258917,333868.500,52267,2,EL,1,100,-18194.199219
1752617419.325417,333935.000,52267,2,EL,1,100,-18194.199219
1752617419.392416,334002.000,52282,1,EL,1,100,-18194.199219
1752617419.458916,334068.500,52299,2,EL,1,100,-18194.800781
1752617419.525416,334135.000,52299,2,EL,1,100,-18195.599609
1752617419.592416,334202.000,52316,2,EL,1,100,-18196.599609
1752617419.659415,334269.000,52316,2,EL,1,100,-18197.000000
1752617419.725415,334335.000,52333,1,EL,1,100,-18197.199219
1752617419.792415,334402.000,52347,2,EL,1,100,-18197.599609
1752617419.859415,334469.000,52347,2,EL,1,100,-18198.400391
1752617419.925414,334535.000,52365,1,EL,1,100,-18199.199219
1752617419.992414,334602.000,52381,2,EL,1,100,-18199.599609
1752617420.059414,334669.000,52381,2,EL,1,100,-18199.800781
1752617420.125414,334735.000,52398,1,EL,1,100,-18200.400391
1752617420.192414,334802.000,52413,2,EL,1,100,-18201.400391
1752617420.259413,334869.000,52413,2,EL,1,100,-18200.800781
1752617420.325413,334935.000,52430,1,EL,1,100,-18201.599609
1752617420.392413,335002.000,52446,2,EL,1,100,-18202.199219
1752617420.459413,335069.000,52446,2,EL,1,100,-18202.800781
1752617420.525412,335135.000,52463,1,EL,1,100,-18203.400391
1752617420.592412,335202.000,52478,2,EL,1,100,-18203.599609
1752617420.659412,335269.000,52478,2,EL,1,100,-18204.199219
1752617420.725412,335335.000,52495,1,EL,1,100,-18205.199219
1752617420.792411,335402.000,52511,2,EL,1,100,-18205.800781
1752617420.859411,335469.000,52511,2,EL,1,100,-18206.400391
1752617420.925411,335535.000,52531,1,EL,1,100,-18207.000000
1752617420.992411,335602.000,52545,2,EL,1,100,-18206.800781
1752617421.059410,335669.000,52545,2,EL,1,100,-18206.800781
1752617421.125410,335735.000,52562,1,EL,1,100,-18207.400391
1752617421.192410,335802.000,52579,2,EL,1,100,-18207.800781
1752617421.259410,335869.000,52579,2,EL,1,100,-18208.800781
1752617421.325410,335935.000,52596,1,EL,1,100,-18209.000000
1752617421.391909,336001.500,52610,2,EL,1,100,-18209.800781
1752617421.458409,336068.000,52610,2,EL,1,100,-18210.000000
1752617421.525409,336135.000,52627,1,EL,1,100,-18210.800781
1752617421.591909,336201.500,52644,2,EL,1,100,-18211.599609
1752617421.658408,336268.000,52644,2,EL,1,100,-18211.599609
1752617421.725408,336335.000,52661,1,EL,1,100,-18211.800781
1752617421.791908,336401.500,52676,2,EL,1,100,-18212.199219
1752617421.858408,336468.000,52676,2,EL,1,100,-18213.000000
1752617421.925407,336535.000,52693,1,EL,1,100,-18213.599609
1752617421.992407,336602.000,52709,2,EL,1,100,-18213.800781
1752617422.059407,336669.000,52709,2,EL,1,100,-18214.599609
1752617422.125907,336735.500,52728,2,EL,1,100,-18214.000000
1752617422.192407,336802.000,52728,2,EL,1,100,-18214.599609
1752617422.258406,336868.000,52745,1,EL,1,100,-18215.199219
1752617422.325406,336935.000,52762,2,EL,1,100,-18216.000000
1752617422.392406,337002.000,52762,2,EL,1,100,-18216.400391
1752617422.458406,337068.000,52778,1,EL,1,100,-18216.599609
1752617422.525405,337135.000,52796,2,EL,1,100,-18217.400391
1752617422.592405,337202.000,52796,2,EL,1,100,-18217.800781
1752617422.658405,337268.000,52812,1,EL,1,100,-18218.000000
1752617422.725405,337335.000,52827,2,EL,1,100,-18218.400391
1752617422.792404,337402.000,52827,2,EL,1,100,-18219.199219
1752617422.858404,337468.000,52845,1,EL,1,100,-18220.000000
1752617422.925404,337535.000,52863,2,EL,1,100,-18220.599609
1752617422.992404,337602.000,52863,2,EL,1,100,-18220.800781
1752617423.058403,337668.000,52879,1,EL,1,100,-18221.000000
1752617423.125403,337735.000,52894,2,EL,1,100,-18221.800781
1752617423.192403,337802.000,52894,2,EL,1,100,-18221.800781
1752617423.258403,337868.000,52911,1,EL,1,100,-18222.000000
1752617423.325403,337935.000,52928,2,EL,1,100,-18222.800781
1752617423.392402,338002.000,52928,2,EL,1,100,-18223.400391
1752617423.458402,338068.000,52944,1,EL,1,100,-18224.599609
1752617423.525069,338134.667,52965,3,EL,1,100,-18224.599609
1752617423.591735,338201.333,52965,3,EL,1,100,-18224.800781
1752617423.658401,338268.000,52965,3,EL,1,100,-18225.000000
1752617423.725401,338335.000,52981,1,EL,1,100,-18225.599609
1752617423.791901,338401.500,52996,2,EL,1,100,-18226.400391
1752617423.858401,338468.000,52996,2,EL,1,100,-18227.000000
1752617423.925400,338535.000,53013,1,EL,1,100,-18227.199219
1752617423.991900,338601.500,53030,2,EL,1,100,-18227.599609
1752617424.058400,338668.000,53030,2,EL,1,100,-18228.000000
1752617424.125400,338735.000,53048,1,EL,1,100,-18228.199219
1752617424.191900,338801.500,53065,2,EL,1,100,-18228.599609
1752617424.258399,338868.000,53065,2,EL,1,100,-18229.199219
1752617424.325399,338935.000,53080,1,EL,1,100,-18230.599609
1752617424.391899,339001.500,53097,2,EL,1,100,-18230.800781
1752617424.458399,339068.000,53097,2,EL,1,100,-18231.000000
1752617424.525398,339135.000,53114,2,EL,1,100,-18231.599609
1752617424.592398,339202.000,53114,2,EL,1,100,-18232.000000
1752617424.658398,339268.000,53131,1,EL,1,100,-18232.000000
1752617424.725398,339335.000,53145,2,EL,1,100,-18232.400391
1752617424.792397,339402.000,53145,2,EL,1,100,-18232.800781
1752617424.858397,339468.000,53162,1,EL,1,100,-18233.599609
1752617424.924897,339534.500,53179,2,EL,1,100,-18234.000000
1752617424.991397,339601.000,53179,2,EL,1,100,-18234.599609
1752617425.058396,339668.000,53196,1,EL,1,100,-18235.400391
1752617425.124896,339734.500,53210,2,EL,1,100,-18235.800781
1752617425.191396,339801.000,53210,2,EL,1,100,-18235.800781
1752617425.258396,339868.000,53228,1,EL,1,100,-18235.800781
1752617425.325396,339935.000,53244,2,EL,1,100,-18237.199219
1752617425.392395,340002.000,53244,2,EL,1,100,-18237.800781
1752617425.458395,340068.000,53261,1,EL,1,100,-18238.000000
1752617425.525395,340135.000,53276,2,EL,1,100,-18238.400391
1752617425.592395,340202.000,53276,2,EL,1,100,-18238.400391
1752617425.658394,340268.000,53293,1,EL,1,100,-18239.400391
1752617425.724894,340334.500,53309,2,EL,1,100,-18239.800781
1752617425.791394,340401.000,53309,2,EL,1,100,-18240.400391
1752617425.858394,340468.000,53326,1,EL,1,100,-18240.800781
1752617425.924893,340534.500,53341,2,EL,1,100,-18241.199219
1752617425.991393,340601.000,53341,2,EL,1,100,-18242.199219
1752617426.058393,340668.000,53358,1,EL,1,100,-18241.800781
1752617426.124893,340734.500,53376,2,EL,1,100,-18242.599609
1752617426.191393,340801.000,53376,2,EL,1,100,-18243.400391
1752617426.258392,340868.000,53394,1,EL,1,100,-18243.199219
1752617426.324892,340934.500,53408,2,EL,1,100,-18244.000000
1752617426.391392,341001.000,53408,2,EL,1,100,-18244.400391
1752617426.458392,341068.000,53425,1,EL,1,100,-18245.199219
1752617426.524891,341134.500,53442,2,EL,1,100,-18244.400391
1752617426.591391,341201.000,53442,2,EL,1,100,-18245.400391
1752617426.658391,341268.000,53459,1,EL,1,100,-18245.599609
1752617426.724891,341334.500,53474,2,EL,1,100,-18246.599609
1752617426.791390,341401.000,53474,2,EL,1,100,-18246.800781
1752617426.858390,341468.000,53490,1,EL,1,100,-18247.199219
1752617426.924890,341534.500,53509,2,EL,1,100,-18247.400391
1752617426.991390,341601.000,53509,2,EL,1,100,-18247.599609
1752617427.058389,341668.000,53526,2,EL,1,100,-18248.400391
1752617427.125389,341735.000,53526,2,EL,1,100,-18248.400391
1752617427.191389,341801.000,53542,1,EL,1,100,-18249.199219
1752617427.258389,341868.000,53560,2,EL,1,100,-18249.599609
1752617427.325389,341935.000,53560,2,EL,1,100,-18249.400391
1752617427.391388,342001.000,53576,1,EL,1,100,-18250.199219
1752617427.457888,342067.500,53593,2,EL,1,100,-18251.400391
1752617427.524388,342134.000,53593,2,EL,1,100,-18251.400391
1752617427.591388,342201.000,53610,1,EL,1,100,-18251.599609
1752617427.658387,342268.000,53625,2,EL,1,100,-18252.400391
1752617427.725387,342335.000,53625,2,EL,1,100,-18252.400391
1752617427.791387,342401.000,53641,1,EL,1,100,-18253.199219
1752617427.858387,342468.000,53659,2,EL,1,100,-18252.400391
1752617427.925386,342535.000,53659,2,EL,1,100,-18253.400391
1752617427.991386,342601.000,53675,1,EL,1,100,-18254.199219
1752617428.057886,342667.500,53690,2,EL,1,100,-18254.400391
1752617428.124386,342734.000,53690,2,EL,1,100,-18255.599609
1752617428.191386,342801.000,53706,1,EL,1,100,-18256.000000
1752617428.257885,342867.500,53724,2,EL,1,100,-18256.000000
1752617428.324385,342934.000,53724,2,EL,1,100,-18256.199219
1752617428.391385,343001.000,53740,1,EL,1,100,-18256.400391
1752617428.457885,343067.500,53755,2,EL,1,100,-18256.599609
1752617428.524384,343134.000,53755,2,EL,1,100,-18257.599609
1752617428.591384,343201.000,53772,1,EL,1,100,-18258.400391
1752617428.658051,343267.667,53796,3,EL,1,100,-18259.199219
1752617428.724717,343334.333,53796,3,EL,1,100,-18258.800781
1752617428.791383,343401.000,53796,3,EL,1,100,-18259.599609
1752617428.858383,343468.000,53812,1,EL,1,100,-18260.000000
1752617428.924883,343534.500,53830,2,EL,1,100,-18260.800781
1752617428.991383,343601.000,53830,2,EL,1,100,-18260.800781
1752617429.058383,343668.000,53846,1,EL,1,100,-18261.000000
1752617429.124882,343734.500,53861,2,EL,1,100,-18261.800781
1752617429.191382,343801.000,53861,2,EL,1,100,-18262.400391
1752617429.258382,343868.000,53878,1,EL,1,100,-18263.400391
1752617429.324882,343934.500,53895,2,EL,1,100,-18263.800781
1752617429.391381,344001.000,53895,2,EL,1,100,-18263.400391
1752617429.458381,344068.000,53911,1,EL,1,100,-18264.000000
1752617429.524881,344134.500,53927,2,EL,1,100,-18264.400391
1752617429.591381,344201.000,53927,2,EL,1,100,-18264.599609
1752617429.658380,344268.000,53943,1,EL,1,100,-18265.199219
1752617429.724880,344334.500,53960,2,EL,1,100,-18265.400391
1752617429.791380,344401.000,53960,2,EL,1,100,-18265.800781
1752617429.858380,344468.000,53976,1,EL,1,100,-18266.000000
1752617429.924879,344534.500,53992,2,EL,1,100,-18266.800781
1752617429.991379,344601.000,53992,2,EL,1,100,-18267.400391
1752617430.058379,344668.000,54008,1,EL,1,100,-18267.800781
1752617430.124879,344734.500,54027,2,EL,1,100,-18268.400391
1752617430.191379,344801.000,54027,2,EL,1,100,-18268.400391
1752617430.258378,344868.000,54044,1,EL,1,100,-18269.400391
1752617430.324878,344934.500,54060,2,EL,1,100,-18269.400391
1752617430.391378,345001.000,54060,2,EL,1,100,-18270.199219
1752617430.458378,345068.000,54075,1,EL,1,100,-18270.000000
1752617430.524877,345134.500,54093,2,EL,1,100,-18270.599609
1752617430.591377,345201.000,54093,2,EL,1,100,-18271.199219
1752617430.657877,345267.500,54111,2,EL,1,100,-18272.000000
1752617430.724377,345334.000,54111,2,EL,1,100,-18272.800781
1752617430.791376,345401.000,54128,1,EL,1,100,-18272.400391
1752617430.857876,345467.500,54143,2,EL,1,100,-18273.199219
1752617430.924376,345534.000,54143,2,EL,1,100,-18273.400391
1752617430.991376,345601.000,54160,1,EL,1,100,-18274.000000
1752617431.057876,345667.500,54176,2,EL,1,100,-18274.199219
1752617431.124375,345734.000,54176,2,EL,1,100,-18274.599609
1752617431.191375,345801.000,54193,1,EL,1,100,-18274.400391
1752617431.257875,345867.500,54208,2,EL,1,100,-18275.400391
1752617431.324375,345934.000,54208,2,EL,1,100,-18276.599609
1752617431.391374,346001.000,54225,1,EL,1,100,-18276.400391
1752617431.457874,346067.500,54241,2,EL,1,100,-18277.400391
1752617431.524374,346134.000,54241,2,EL,1,100,-18277.800781
1752617431.591374,346201.000,54259,1,EL,1,100,-18277.599609
1752617431.657873,346267.500,54273,2,EL,1,100,-18278.199219
1752617431.724373,346334.000,54273,2,EL,1,100,-18278.400391
1752617431.791373,346401.000,54290,1,EL,1,100,-18279.199219
1752617431.857873,346467.500,54307,2,EL,1,100,-18278.800781
1752617431.924372,346534.000,54307,2,EL,1,100,-18279.400391
1752617431.991372,346601.000,54324,1,EL,1,100,-18280.000000
1752617432.057872,346667.500,54338,2,EL,1,100,-18281.000000
1752617432.124372,346734.000,54338,2,EL,1,100,-18281.000000
1752617432.191372,346801.000,54355,1,EL,1,100,-18281.400391
1752617432.257871,346867.500,54374,2,EL,1,100,-18281.800781
1752617432.324371,346934.000,54374,2,EL,1,100,-18282.199219
1752617432.391371,347001.000,54391,1,EL,1,100,-18282.199219
1752617432.457871,347067.500,54405,2,EL,1,100,-18282.400391
1752617432.524370,347134.000,54405,2,EL,1,100,-18283.199219
1752617432.591370,347201.000,54423,1,EL,1,100,-18283.400391
1752617432.657870,347267.500,54441,2,EL,1,100,-18283.599609
1752617432.724370,347334.000,54441,2,EL,1,100,-18284.000000
1752617432.791369,347401.000,54458,1,EL,1,100,-18284.599609
1752617432.857869,347467.500,54474,2,EL,1,100,-18285.400391
1752617432.924369,347534.000,54474,2,EL,1,100,-18285.400391
1752617432.991369,347601.000,54490,1,EL,1,100,-18286.199219
1752617433.057869,347667.500,54506,2,EL,1,100,-18286.199219
1752617433.124368,347734.000,54506,2,EL,1,100,-18287.599609
1752617433.190868,347800.500,54524,2,EL,1,100,-18287.199219
1752617433.257368,347867.000,54524,2,EL,1,100,-18287.599609
1752617433.324368,347934.000,54540,1,EL,1,100,-18287.400391
1752617433.390867,348000.500,54555,2,EL,1,100,-18288.599609
1752617433.457367,348067.000,54555,2,EL,1,100,-18288.400391
1752617433.524367,348134.000,54573,1,EL,1,100,-18289.000000
1752617433.590867,348200.500,54591,2,EL,1,100,-18289.400391
1752617433.657366,348267.000,54591,2,EL,1,100,-18290.199219
1752617433.724366,348334.000,54607,1,EL,1,100,-18290.400391
1752617433.790866,348400.500,54627,2,EL,1,100,-18291.000000
1752617433.857366,348467.000,54627,2,EL,1,100,-18291.400391
1752617433.924365,348534.000,54644,2,EL,1,100,-18292.000000
1752617433.991365,348601.000,54644,2,EL,1,100,-18292.400391
1752617434.057365,348667.000,54660,1,EL,1,100,-18293.000000
1752617434.124365,348734.000,54676,2,EL,1,100,-18293.400391
1752617434.191365,348801.000,54676,2,EL,1,100,-18293.199219
1752617434.257364,348867.000,54694,1,EL,1,100,-18293.599609
1752617434.324364,348934.000,54709,2,EL,1,100,-18294.199219
1752617434.391364,349001.000,54709,2,EL,1,100,-18294.199219
1752617434.457864,349067.500,54725,2,EL,1,100,-18294.800781
1752617434.524363,349134.000,54725,2,EL,1,100,-18295.000000
1752617434.591363,349201.000,54742,1,EL,1,100,-18295.400391
1752617434.657863,349267.500,54759,2,EL,1,100,-18295.800781
1752617434.724363,349334.000,54759,2,EL,1,100,-18296.000000
1752617434.790362,349400.000,54775,1,EL,1,100,-18296.599609
1752617434.857362,349467.000,54791,2,EL,1,100,-18297.599609
1752617434.924362,349534.000,54791,2,EL,1,100,-18297.599609
1752617434.990362,349600.000,54807,1,EL,1,100,-18298.000000
1752617435.057362,349667.000,54824,2,EL,1,100,-18298.199219
1752617435.124361,349734.000,54824,2,EL,1,100,-18298.800781
1752617435.190361,349800.000,54840,1,EL,1,100,-18298.400391
1752617435.257361,349867.000,54856,2,EL,1,100,-18299.199219
1752617435.324361,349934.000,54856,2,EL,1,100,-18299.599609
1752617435.390360,350000.000,54872,1,EL,1,100,-18299.599609
1752617435.457360,350067.000,54889,2,EL,1,100,-18300.599609
1752617435.524360,350134.000,54889,2,EL,1,100,-18300.599609
1752617435.590360,350200.000,54906,1,EL,1,100,-18301.400391
1752617435.657359,350267.000,54921,2,EL,1,100,-18301.800781
1752617435.724359,350334.000,54921,2,EL,1,100,-18302.000000
1752617435.790359,350400.000,54937,1,EL,1,100,-18302.400391
1752617435.857359,350467.000,54955,2,EL,1,100,-18302.800781
1752617435.924358,350534.000,54955,2,EL,1,100,-18303.400391
1752617435.990358,350600.000,54971,1,EL,1,100,-18303.599609
1752617436.057358,350667.000,54988,2,EL,1,100,-18305.000000
1752617436.124358,350734.000,54988,2,EL,1,100,-18305.199219
1752617436.190358,350800.000,55004,1,EL,1,100,-18305.800781
1752617436.257357,350867.000,55022,2,EL,1,100,-18305.599609
1752617436.324357,350934.000,55022,2,EL,1,100,-18306.400391
1752617436.390357,351000.000,55038,1,EL,1,100,-18306.599609
1752617436.457357,351067.000,55054,2,EL,1,100,-18306.800781
1752617436.524356,351134.000,55054,2,EL,1,100,-18306.599609
1752617436.590356,351200.000,55070,1,EL,1,100,-18308.000000
1752617436.657356,351267.000,55087,2,EL,1,100,-18308.599609
1752617436.724356,351334.000,55087,2,EL,1,100,-18309.199219
1752617436.790355,351400.000,55103,1,EL,1,100,-18309.599609
1752617436.857355,351467.000,55120,2,EL,1,100,-18309.800781
1752617436.924355,351534.000,55120,2,EL,1,100,-18309.400391
1752617436.990855,351600.500,55135,2,EL,1,100,-18310.000000
1752617437.057355,351667.000,55135,2,EL,1,100,-18310.199219
1752617437.124354,351734.000,55152,1,EL,1,100,-18310.800781
1752617437.190854,351800.500,55169,2,EL,1,100,-18311.400391
1752617437.257354,351867.000,55169,2,EL,1,100,-18311.400391
1752617437.324354,351934.000,55188,1,EL,1,100,-18311.400391
1752617437.390853,352000.500,55202,2,EL,1,100,-18312.400391
1752617437.457353,352067.000,55202,2,EL,1,100,-18312.800781
1752617437.524353,352134.000,55219,1,EL,1,100,-18313.199219
1752617437.590853,352200.500,55236,2,EL,1,100,-18313.599609
1752617437.657352,352267.000,55236,2,EL,1,100,-18314.400391
1752617437.724352,352334.000,55253,1,EL,1,100,-18314.400391
1752617437.790852,352400.500,55267,2,EL,1,100,-18315.000000
1752617437.857352,352467.000,55267,2,EL,1,100,-18315.599609
1752617437.924351,352534.000,55287,1,EL,1,100,-18316.000000
1752617437.990851,352600.500,55303,2,EL,1,100,-18316.000000
1752617438.057351,352667.000,55303,2,EL,1,100,-18316.199219
1752617438.123351,352733.000,55320,1,EL,1,100,-18317.199219
1752617438.190351,352800.000,55335,2,EL,1,100,-18318.000000
1752617438.257350,352867.000,55335,2,EL,1,100,-18317.599609
1752617438.323350,352933.000,55352,1,EL,1,100,-18318.199219
1752617438.390350,353000.000,55368,2,EL,1,100,-18318.800781
1752617438.457350,353067.000,55368,2,EL,1,100,-18318.800781
1752617438.523349,353133.000,55385,1,EL,1,100,-18319.199219
1752617438.590349,353200.000,55400,2,EL,1,100,-18319.400391
1752617438.657349,353267.000,55400,2,EL,1,100,-18319.599609
1752617438.723349,353333.000,55417,1,EL,1,100,-18320.400391
1752617438.790348,353400.000,55433,2,EL,1,100,-18320.400391
1752617438.857348,353467.000,55433,2,EL,1,100,-18321.199219
1752617438.923848,353533.500,55456,2,EL,1,100,-18320.800781
1752617438.990348,353600.000,55456,2,EL,1,100,-18321.400391
1752617439.056848,353666.500,55472,2,EL,1,100,-18322.199219
1752617439.123347,353733.000,55472,2,EL,1,100,-18322.400391
1752617439.190347,353800.000,55489,1,EL,1,100,-18322.400391
1752617439.256847,353866.500,55506,2,EL,1,100,-18322.400391
1752617439.323347,353933.000,55506,2,EL,1,100,-18322.800781
1752617439.390346,354000.000,55523,1,EL,1,100,-18323.199219
1752617439.456846,354066.500,55539,2,EL,1,100,-18323.599609
1752617439.523346,354133.000,55539,2,EL,1,100,-18323.800781
1752617439.590346,354200.000,55557,1,EL,1,100,-18324.400391
1752617439.656845,354266.500,55571,2,EL,1,100,-18324.400391
1752617439.723345,354333.000,55571,2,EL,1,100,-18325.400391
1752617439.790345,354400.000,55588,1,EL,1,100,-18325.599609
1752617439.856845,354466.500,55605,2,EL,1,100,-18326.199219
1752617439.923344,354533.000,55605,2,EL,1,100,-18326.400391
1752617439.990344,354600.000,55622,1,EL,1,100,-18327.000000
1752617440.056844,354666.500,55636,2,EL,1,100,-18327.400391
1752617440.123344,354733.000,55636,2,EL,1,100,-18327.800781
1752617440.190344,354800.000,55653,1,EL,1,100,-18328.199219
1752617440.256843,354866.500,55670,2,EL,1,100,-18328.599609
1752617440.323343,354933.000,55670,2,EL,1,100,-18329.199219
1752617440.390343,355000.000,55687,1,EL,1,100,-18329.400391
1752617440.456843,355066.500,55702,2,EL,1,100,-18329.599609
1752617440.523342,355133.000,55702,2,EL,1,100,-18329.599609
1752617440.590342,355200.000,55719,2,EL,1,100,-18330.199219
1752617440.657342,355267.000,55719,2,EL,1,100,-18330.800781
1752617440.723342,355333.000,55735,1,EL,1,100,-18331.199219
1752617440.790341,355400.000,55752,2,EL,1,100,-18331.199219
1752617440.857341,355467.000,55752,2,EL,1,100,-18331.400391
1752617440.923341,355533.000,55769,1,EL,1,100,-18331.599609
1752617440.990341,355600.000,55784,2,EL,1,100,-18332.400391
1752617441.057341,355667.000,55784,2,EL,1,100,-18333.000000
1752617441.123340,355733.000,55800,1,EL,1,100,-18333.400391
1752617441.190340,355800.000,55818,2,EL,1,100,-18333.599609
1752617441.257340,355867.000,55818,2,EL,1,100,-18334.199219
1752617441.323340,355933.000,55834,1,EL,1,100,-18334.800781
1752617441.390339,356000.000,55849,2,EL,1,100,-18334.800781
1752617441.457339,356067.000,55849,2,EL,1,100,-18334.800781
1752617441.523339,356133.000,55865,1,EL,1,100,-18335.800781
1752617441.590339,356200.000,55883,2,EL,1,100,-18336.400391
1752617441.657338,356267.000,55883,2,EL,1,100,-18336.000000
1752617441.723338,356333.000,55899,1,EL,1,100,-18336.800781
1752617441.790338,356400.000,55914,2,EL,1,100,-18337.199219
1752617441.857338,356467.000,55914,2,EL,1,100,-18338.000000
1752617441.923337,356533.000,55931,1,EL,1,100,-18338.000000
1752617441.989837,356599.500,55948,2,EL,1,100,-18338.199219
1752617442.056337,356666.000,55948,2,EL,1,100,-18338.199219
1752617442.123337,356733.000,55964,1,EL,1,100,-18338.800781
1752617442.189837,356799.500,55980,2,EL,1,100,-18339.199219
1752617442.256336,356866.000,55980,2,EL,1,100,-18339.400391
1752617442.323336,356933.000,55998,1,EL,1,100,-18339.800781
1752617442.389836,356999.500,56015,2,EL,1,100,-18340.000000
1752617442.456336,357066.000,56015,2,EL,1,100,-18340.199219
1752617442.523335,357133.000,56033,1,EL,1,100,-18341.199219
1752617442.589835,357199.500,56050,2,EL,1,100,-18341.800781
1752617442.656335,357266.000,56050,2,EL,1,100,-18342.199219
1752617442.723335,357333.000,56065,2,EL,1,100,-18342.599609
1752617442.790334,357400.000,56065,2,EL,1,100,-18342.599609
1752617442.856334,357466.000,56082,1,EL,1,100,-18343.400391
1752617442.923334,357533.000,56099,2,EL,1,100,-18343.599609
1752617442.990334,357600.000,56099,2,EL,1,100,-18343.599609
1752617443.056334,357666.000,56118,1,EL,1,100,-18343.800781
1752617443.123333,357733.000,56132,2,EL,1,100,-18344.000000
1752617443.190333,357800.000,56132,2,EL,1,100,-18344.599609
1752617443.256333,357866.000,56150,1,EL,1,100,-18344.800781
1752617443.323333,357933.000,56166,2,EL,1,100,-18345.199219
1752617443.390332,358000.000,56166,2,EL,1,100,-18345.400391
1752617443.456332,358066.000,56183,1,EL,1,100,-18345.800781
1752617443.523332,358133.000,56198,2,EL,1,100,-18346.000000
1752617443.590332,358200.000,56198,2,EL,1,100,-18346.400391
1752617443.656331,358266.000,56215,1,EL,1,100,-18346.599609
1752617443.723331,358333.000,56231,2,EL,1,100,-18347.599609
1752617443.790331,358400.000,56231,2,EL,1,100,-18348.400391
1752617443.856331,358466.000,56248,1,EL,1,100,-18347.599609
1752617443.923331,358533.000,56263,2,EL,1,100,-18348.199219
1752617443.990330,358600.000,56263,2,EL,1,100,-18348.400391
1752617444.056830,358666.500,56285,2,EL,1,100,-18348.800781
1752617444.123330,358733.000,56285,2,EL,1,100,-18349.400391
1752617444.189830,358799.500,56302,2,EL,1,100,-18349.599609
1752617444.256329,358866.000,56302,2,EL,1,100,-18350.000000
1752617444.323329,358933.000,56319,1,EL,1,100,-18350.400391
1752617444.389829,358999.500,56337,2,EL,1,100,-18350.599609
1752617444.456329,359066.000,56337,2,EL,1,100,-18350.599609
1752617444.523328,359133.000,56354,1,EL,1,100,-18351.400391
1752617444.589828,359199.500,56369,2,EL,1,100,-18351.599609
1752617444.656328,359266.000,56369,2,EL,1,100,-18352.400391
1752617444.723328,359333.000,56386,1,EL,1,100,-18352.599609
1752617444.789827,359399.500,56402,2,EL,1,100,-18353.199219
1752617444.856327,359466.000,56402,2,EL,1,100,-18353.000000
1752617444.923327,359533.000,56420,1,EL,1,100,-18353.400391
1752617444.989827,359599.500,56434,2,EL,1,100,-18353.400391
1752617445.056327,359666.000,56434,2,EL,1,100,-18354.199219
1752617445.123326,359733.000,56451,1,EL,1,100,-18354.199219
1752617445.189826,359799.500,56468,2,EL,1,100,-18354.400391
1752617445.256326,359866.000,56468,2,EL,1,100,-18355.400391
1752617445.323326,359933.000,56485,1,EL,1,100,-18355.800781
1752617445.389825,359999.500,56499,2,EL,1,100,-18356.000000
1752617445.456325,360066.000,56499,2,EL,1,100,-18356.400391
1752617445.523325,360133.000,56516,1,EL,1,100,-18356.599609
1752617445.589825,360199.500,56533,2,EL,1,100,-18356.599609
1752617445.656324,360266.000,56533,2,EL,1,100,-18357.199219
1752617445.723324,360333.000,56550,1,EL,1,100,-18357.800781
1752617445.789824,360399.500,56564,2,EL,1,100,-18358.400391
1752617445.856324,360466.000,56564,2,EL,1,100,-18358.000000
1752617445.923324,360533.000,56584,1,EL,1,100,-18358.800781
1752617445.989823,360599.500,56600,2,EL,1,100,-18359.400391
1752617446.056323,360666.000,56600,2,EL,1,100,-18359.400391
1752617446.123323,360733.000,56617,1,EL,1,100,-18360.199219
1752617446.189823,360799.500,56633,2,EL,1,100,-18360.000000
1752617446.256322,360866.000,56633,2,EL,1,100,-18360.400391
1752617446.323322,360933.000,56649,1,EL,1,100,-18361.199219
1752617446.389822,360999.500,56665,2,EL,1,100,-18361.400391
1752617446.456322,361066.000,56665,2,EL,1,100,-18361.800781
1752617446.523321,361133.000,56682,1,EL,1,100,-18362.599609
1752617446.589821,361199.500,56698,2,EL,1,100,-18362.400391
1752617446.656321,361266.000,56698,2,EL,1,100,-18362.800781
1752617446.722821,361332.500,56714,2,EL,1,100,-18363.400391
1752617446.789320,361399.000,56714,2,EL,1,100,-18363.400391
1752617446.856320,361466.000,56730,1,EL,1,100,-18363.400391
1752617446.922820,361532.500,56748,2,EL,1,100,-18364.400391
1752617446.989320,361599.000,56748,2,EL,1,100,-18364.599609
1752617447.056320,361666.000,56764,1,EL,1,100,-18364.800781
1752617447.122819,361732.500,56779,2,EL,1,100,-18365.000000
1752617447.189319,361799.000,56779,2,EL,1,100,-18365.000000
1752617447.256319,361866.000,56796,1,EL,1,100,-18365.599609
1752617447.322819,361932.500,56815,2,EL,1,100,-18366.000000
1752617447.389318,361999.000,56815,2,EL,1,100,-18366.400391
1752617447.456318,362066.000,56831,1,EL,1,100,-18366.199219
1752617447.522818,362132.500,56847,2,EL,1,100,-18366.599609
1752617447.589318,362199.000,56847,2,EL,1,100,-18367.599609
1752617447.656317,362266.000,56863,1,EL,1,100,-18367.400391
1752617447.722817,362332.500,56880,2,EL,1,100,-18367.800781
1752617447.789317,362399.000,56880,2,EL,1,100,-18368.199219
1752617447.856317,362466.000,56896,1,EL,1,100,-18368.400391
1752617447.922817,362532.500,56912,2,EL,1,100,-18368.599609
1752617447.989316,362599.000,56912,2,EL,1,100,-18368.800781
1752617448.056316,362666.000,56928,1,EL,1,100,-18369.000000
1752617448.122816,362732.500,56945,2,EL,1,100,-18369.599609
1752617448.189316,362799.000,56945,2,EL,1,100,-18369.599609
1752617448.256315,362866.000,56962,1,EL,1,100,-18370.800781
1752617448.322815,362932.500,56977,2,EL,1,100,-18370.800781
1752617448.389315,362999.000,56977,2,EL,1,100,-18371.400391
1752617448.456315,363066.000,56993,1,EL,1,100,-18371.599609
1752617448.522814,363132.500,57011,2,EL,1,100,-18372.000000
1752617448.589314,363199.000,57011,2,EL,1,100,-18372.400391
1752617448.656314,363266.000,57027,1,EL,1,100,-18372.199219
1752617448.722814,363332.500,57043,2,EL,1,100,-18372.400391
1752617448.789313,363399.000,57043,2,EL,1,100,-18373.199219
1752617448.856313,363466.000,57058,1,EL,1,100,-18373.599609
1752617448.922813,363532.500,57076,2,EL,1,100,-18374.599609
1752617448.989313,363599.000,57076,2,EL,1,100,-18375.199219
1752617449.056313,363666.000,57094,1,EL,1,100,-18375.199219
1752617449.122979,363732.667,57116,3,EL,1,100,-18375.599609
1752617449.189645,363799.333,57116,3,EL,1,100,-18375.400391
1752617449.256312,363866.000,57116,3,EL,1,100,-18376.400391
1752617449.323312,363933.000,57132,1,EL,1,100,-18376.400391
1752617449.389811,363999.500,57147,2,EL,1,100,-18377.000000
1752617449.456311,364066.000,57147,2,EL,1,100,-18377.199219
1752617449.522311,364132.000,57163,1,EL,1,100,-18377.199219
1752617449.589311,364199.000,57181,2,EL,1,100,-18378.000000
1752617449.656310,364266.000,57181,2,EL,1,100,-18377.800781
1752617449.722310,364332.000,57197,1,EL,1,100,-18378.000000
1752617449.789310,364399.000,57212,2,EL,1,100,-18378.599609
1752617449.856310,364466.000,57212,2,EL,1,100,-18378.599609
1752617449.922310,364532.000,57229,1,EL,1,100,-18379.000000
1752617449.989309,364599.000,57246,2,EL,1,100,-18379.199219
1752617450.056309,364666.000,57246,2,EL,1,100,-18379.599609
1752617450.122309,364732.000,57262,1,EL,1,100,-18379.800781
1752617450.189309,364799.000,57279,2,EL,1,100,-18380.400391
1752617450.256308,364866.000,57279,2,EL,1,100,-18380.800781
1752617450.322308,364932.000,57294,1,EL,1,100,-18380.599609
1752617450.389308,364999.000,57311,2,EL,1,100,-18381.400391
1752617450.456308,365066.000,57311,2,EL,1,100,-18381.400391
1752617450.522307,365132.000,57327,1,EL,1,100,-18382.400391
1752617450.589307,365199.000,57344,2,EL,1,100,-18382.599609
1752617450.656307,365266.000,57344,2,EL,1,100,-18382.599609
1752617450.722807,365332.500,57359,2,EL,1,100,-18382.800781
1752617450.789306,365399.000,57359,2,EL,1,100,-18383.800781
1752617450.856306,365466.000,57376,1,EL,1,100,-18384.000000
1752617450.922806,365532.500,57393,2,EL,1,100,-18384.599609
1752617450.989306,365599.000,57393,2,EL,1,100,-18384.599609
1752617451.056306,365666.000,57410,1,EL,1,100,-18385.000000
1752617451.122805,365732.500,57424,2,EL,1,100,-18385.400391
1752617451.189305,365799.000,57424,2,EL,1,100,-18385.599609
1752617451.256305,365866.000,57442,1,EL,1,100,-18385.599609
1752617451.322805,365932.500,57458,2,EL,1,100,-18385.800781
1752617451.389304,365999.000,57458,2,EL,1,100,-18386.400391
1752617451.456304,366066.000,57475,1,EL,1,100,-18386.800781
1752617451.522804,366132.500,57492,2,EL,1,100,-18387.199219
1752617451.589304,366199.000,57492,2,EL,1,100,-18386.800781
1752617451.655303,366265.000,57509,1,EL,1,100,-18387.199219
1752617451.722303,366332.000,57525,2,EL,1,100,-18387.800781
1752617451.789303,366399.000,57525,2,EL,1,100,-18388.000000
1752617451.855303,366465.000,57542,1,EL,1,100,-18388.199219
1752617451.922303,366532.000,57557,2,EL,1,100,-18389.000000
1752617451.989302,366599.000,57557,2,EL,1,100,-18389.000000
1752617452.055302,366665.000,57574,1,EL,1,100,-18389.199219
1752617452.122302,366732.000,57590,2,EL,1,100,-18390.199219
1752617452.189302,366799.000,57590,2,EL,1,100,-18389.599609
1752617452.256301,366866.000,57608,1,EL,1,100,-18390.400391
1752617452.322801,366932.500,57624,2,EL,1,100,-18390.400391
1752617452.389301,366999.000,57624,2,EL,1,100,-18391.599609
1752617452.455301,367065.000,57641,1,EL,1,100,-18391.199219
1752617452.522300,367132.000,57658,2,EL,1,100,-18392.000000
1752617452.589300,367199.000,57658,2,EL,1,100,-18391.800781
1752617452.655300,367265.000,57675,1,EL,1,100,-18392.599609
1752617452.722300,367332.000,57690,2,EL,1,100,-18392.800781
1752617452.789299,367399.000,57690,2,EL,1,100,-18393.400391
1752617452.855299,367465.000,57706,1,EL,1,100,-18393.800781
1752617452.922299,367532.000,57723,2,EL,1,100,-18393.599609
1752617452.989299,367599.000,57723,2,EL,1,100,-18393.800781
1752617453.055799,367665.500,57740,2,EL,1,100,-18394.199219
1752617453.122298,367732.000,57740,2,EL,1,100,-18395.599609
1752617453.189298,367799.000,57756,1,EL,1,100,-18395.000000
1752617453.255798,367865.500,57772,2,EL,1,100,-18395.400391
1752617453.322298,367932.000,57772,2,EL,1,100,-18395.800781
1752617453.389297,367999.000,57788,1,EL,1,100,-18395.800781
1752617453.455797,368065.500,57805,2,EL,1,100,-18395.800781
1752617453.522297,368132.000,57805,2,EL,1,100,-18396.199219
1752617453.589297,368199.000,57822,1,EL,1,100,-18396.800781
1752617453.655796,368265.500,57837,2,EL,1,100,-18397.599609
1752617453.722296,368332.000,57837,2,EL,1,100,-18397.800781
1752617453.789296,368399.000,57853,1,EL,1,100,-18398.000000
1752617453.855796,368465.500,57871,2,EL,1,100,-18398.400391
1752617453.922296,368532.000,57871,2,EL,1,100,-18398.800781
1752617453.989295,368599.000,57887,1,EL,1,100,-18398.800781
1752617454.055795,368665.500,57902,2,EL,1,100,-18399.599609
1752617454.122295,368732.000,57902,2,EL,1,100,-18399.800781
1752617454.189295,368799.000,57918,1,EL,1,100,-18400.000000
1752617454.255794,368865.500,57941,2,EL,1,100,-18400.599609
1752617454.322294,368932.000,57941,2,EL,1,100,-18400.400391
1752617454.388794,368998.500,57959,2,EL,1,100,-18400.800781
1752617454.455294,369065.000,57959,2,EL,1,100,-18401.599609
1752617454.522293,369132.000,57976,1,EL,1,100,-18402.000000
1752617454.588793,369198.500,57992,2,EL,1,100,-18402.199219
1752617454.655293,369265.000,57992,2,EL,1,100,-18402.599609
1752617454.722293,369332.000,58008,1,EL,1,100,-18403.199219
1752617454.788792,369398.500,58024,2,EL,1,100,-18403.199219
1752617454.855292,369465.000,58024,2,EL,1,100,-18403.800781
1752617454.922292,369532.000,58042,2,EL,1,100,-18403.599609
1752617454.989292,369599.000,58042,2,EL,1,100,-18403.800781
1752617455.055292,369665.000,58058,1,EL,1,100,-18403.800781
1752617455.122291,369732.000,58073,2,EL,1,100,-18404.599609
1752617455.189291,369799.000,58073,2,EL,1,100,-18404.800781
1752617455.255291,369865.000,58090,1,EL,1,100,-18404.599609
1752617455.322291,369932.000,58107,2,EL,1,100,-18405.599609
1752617455.389290,369999.000,58107,2,EL,1,100,-18405.599609
1752617455.455290,370065.000,58123,1,EL,1,100,-18406.000000
1752617455.522290,370132.000,58139,2,EL,1,100,-18406.400391
1752617455.589290,370199.000,58139,2,EL,1,100,-18406.400391
1752617455.655289,370265.000,58155,1,EL,1,100,-18406.800781
1752617455.722289,370332.000,58172,2,EL,1,100,-18407.199219
1752617455.789289,370399.000,58172,2,EL,1,100,-18407.400391
1752617455.855289,370465.000,58190,1,EL,1,100,-18407.599609
1752617455.921789,370531.500,58206,2,EL,1,100,-18408.000000
1752617455.988288,370598.000,58206,2,EL,1,100,-18408.000000
1752617456.055288,370665.000,58222,1,EL,1,100,-18408.800781
1752617456.121788,370731.500,58239,2,EL,1,100,-18409.000000
1752617456.188288,370798.000,58239,2,EL,1,100,-18409.599609
1752617456.255287,370865.000,58256,1,EL,1,100,-18409.400391
1752617456.321787,370931.500,58271,2,EL,1,100,-18409.599609
1752617456.388287,370998.000,58271,2,EL,1,100,-18410.199219
1752617456.455287,371065.000,58289,1,EL,1,100,-18410.800781
1752617456.521786,371131.500,58307,2,EL,1,100,-18411.400391
1752617456.588286,371198.000,58307,2,EL,1,100,-18411.400391
1752617456.655286,371265.000,58323,1,EL,1,100,-18411.000000
1752617456.721786,371331.500,58339,2,EL,1,100,-18411.599609
1752617456.788285,371398.000,58339,2,EL,1,100,-18411.599609
1752617456.855285,371465.000,58354,1,EL,1,100,-18412.400391
1752617456.921785,371531.500,58372,2,EL,1,100,-18412.800781
1752617456.988285,371598.000,58372,2,EL,1,100,-18413.199219
1752617457.055285,371665.000,58388,1,EL,1,100,-18413.000000
1752617457.121784,371731.500,58404,2,EL,1,100,-18413.199219
1752617457.188284,371798.000,58404,2,EL,1,100,-18413.599609
1752617457.255284,371865.000,58422,2,EL,1,100,-18414.400391
1752617457.322284,371932.000,58422,2,EL,1,100,-18414.400391
1752617457.388283,371998.000,58439,1,EL,1,100,-18414.599609
1752617457.455283,372065.000,58455,2,EL,1,100,-18415.199219
1752617457.522283,372132.000,58455,2,EL,1,100,-18415.400391
1752617457.588283,372198.000,58473,1,EL,1,100,-18415.800781
1752617457.655282,372265.000,58487,2,EL,1,100,-18416.199219
1752617457.722282,372332.000,58487,2,EL,1,100,-18416.400391
1752617457.788282,372398.000,58504,1,EL,1,100,-18416.800781
1752617457.855282,372465.000,58521,2,EL,1,100,-18417.199219
1752617457.922282,372532.000,58521,2,EL,1,100,-18417.199219
1752617457.988281,372598.000,58538,1,EL,1,100,-18417.400391
1752617458.054781,372664.500,58552,2,EL,1,100,-18417.800781
1752617458.121281,372731.000,58552,2,EL,1,100,-18418.000000
1752617458.188281,372798.000,58569,1,EL,1,100,-18418.199219
1752617458.254780,372864.500,58586,2,EL,1,100,-18418.800781
1752617458.321280,372931.000,58586,2,EL,1,100,-18419.400391
1752617458.388280,372998.000,58603,1,EL,1,100,-18419.599609
1752617458.454780,373064.500,58617,2,EL,1,100,-18419.800781
1752617458.521279,373131.000,58617,2,EL,1,100,-18420.199219
1752617458.588279,373198.000,58635,1,EL,1,100,-18420.400391
1752617458.654779,373264.500,58651,2,EL,1,100,-18420.800781
1752617458.721279,373331.000,58651,2,EL,1,100,-18421.199219
1752617458.788278,373398.000,58668,1,EL,1,100,-18421.400391
1752617458.854778,373464.500,58683,2,EL,1,100,-18421.199219
1752617458.921278,373531.000,58683,2,EL,1,100,-18421.599609
1752617458.988278,373598.000,58702,1,EL,1,100,-18422.000000
1752617459.054778,373664.500,58718,2,EL,1,100,-18422.400391
1752617459.121277,373731.000,58718,2,EL,1,100,-18422.400391
1752617459.188277,373798.000,58735,1,EL,1,100,-18423.199219
1752617459.254777,373864.500,58751,2,EL,1,100,-18423.199219
1752617459.321277,373931.000,58751,2,EL,1,100,-18423.400391
1752617459.388276,373998.000,58772,2,EL,1,100,-18423.800781
1752617459.455276,374065.000,58772,2,EL,1,100,-18423.800781
1752617459.521776,374131.500,58789,2,EL,1,100,-18425.000000
1752617459.588276,374198.000,58789,2,EL,1,100,-18425.800781
1752617459.655275,374265.000,58806,1,EL,1,100,-18425.800781
1752617459.721775,374331.500,58822,2,EL,1,100,-18425.800781
1752617459.788275,374398.000,58822,2,EL,1,100,-18425.199219
1752617459.855275,374465.000,58839,1,EL,1,100,-18425.800781
1752617459.921775,374531.500,58855,2,EL,1,100,-18426.400391
1752617459.988274,374598.000,58855,2,EL,1,100,-18426.599609
1752617460.055274,374665.000,58871,1,EL,1,100,-18427.400391
1752617460.121774,374731.500,58887,2,EL,1,100,-18427.800781
1752617460.188274,374798.000,58887,2,EL,1,100,-18427.800781
1752617460.255273,374865.000,58905,1,EL,1,100,-18428.199219
1752617460.321773,374931.500,58920,2,EL,1,100,-18428.400391
1752617460.388273,374998.000,58920,2,EL,1,100,-18428.199219
1752617460.454773,375064.500,58936,2,EL,1,100,-18429.400391
1752617460.521272,375131.000,58936,2,EL,1,100,-18429.599609
1752617460.588272,375198.000,58953,1,EL,1,100,-18430.000000
1752617460.654772,375264.500,58970,2,EL,1,100,-18430.599609
1752617460.721272,375331.000,58970,2,EL,1,100,-18430.599609
1752617460.788272,375398.000,58986,1,EL,1,100,-18430.400391
1752617460.854771,375464.500,59002,2,EL,1,100,-18431.199219
1752617460.921271,375531.000,59002,2,EL,1,100,-18431.199219
1752617460.988271,375598.000,59018,1,EL,1,100,-18431.800781
1752617461.054771,375664.500,59035,2,EL,1,100,-18432.400391
1752617461.121270,375731.000,59035,2,EL,1,100,-18432.599609
1752617461.188270,375798.000,59051,1,EL,1,100,-18433.000000
1752617461.254770,375864.500,59067,2,EL,1,100,-18433.199219
1752617461.321270,375931.000,59067,2,EL,1,100,-18433.199219
1752617461.388269,375998.000,59083,1,EL,1,100,-18433.199219
1752617461.454769,376064.500,59100,2,EL,1,100,-18433.599609
1752617461.521269,376131.000,59100,2,EL,1,100,-18433.599609
1752617461.588269,376198.000,59117,1,EL,1,100,-18434.199219
1752617461.654768,376264.500,59132,2,EL,1,100,-18434.599609
1752617461.721268,376331.000,59132,2,EL,1,100,-18435.000000
1752617461.788268,376398.000,59148,1,EL,1,100,-18435.199219
1752617461.854768,376464.500,59166,2,EL,1,100,-18435.400391
1752617461.921268,376531.000,59166,2,EL,1,100,-18435.800781
1752617461.988267,376598.000,59182,1,EL,1,100,-18436.199219
1752617462.054767,376664.500,59197,2,EL,1,100,-18436.000000
1752617462.121267,376731.000,59197,2,EL,1,100,-18436.599609
1752617462.188267,376798.000,59213,1,EL,1,100,-18436.599609
1752617462.254766,376864.500,59233,2,EL,1,100,-18437.800781
1752617462.321266,376931.000,59233,2,EL,1,100,-18438.000000
1752617462.388266,376998.000,59249,1,EL,1,100,-18438.000000
1752617462.454766,377064.500,59265,2,EL,1,100,-18438.400391
1752617462.521265,377131.000,59265,2,EL,1,100,-18438.800781
1752617462.588265,377198.000,59281,1,EL,1,100,-18438.199219
1752617462.654765,377264.500,59298,2,EL,1,100,-18439.000000
1752617462.721265,377331.000,59298,2,EL,1,100,-18439.400391
1752617462.787765,377397.500,59314,2,EL,1,100,-18439.599609
1752617462.854264,377464.000,59314,2,EL,1,100,-18439.800781
1752617462.921264,377531.000,59332,1,EL,1,100,-18440.000000
1752617462.987764,377597.500,59346,2,EL,1,100,-18441.000000
1752617463.054264,377664.000,59346,2,EL,1,100,-18441.000000
1752617463.121263,377731.000,59363,1,EL,1,100,-18441.400391
1752617463.187763,377797.500,59380,2,EL,1,100,-18441.199219
1752617463.254263,377864.000,59380,2,EL,1,100,-18441.400391
1752617463.321263,377931.000,59397,1,EL,1,100,-18442.199219
1752617463.387762,377997.500,59411,2,EL,1,100,-18442.000000
1752617463.454262,378064.000,59411,2,EL,1,100,-18442.199219
1752617463.521262,378131.000,59428,1,EL,1,100,-18442.800781
1752617463.587762,378197.500,59445,2,EL,1,100,-18442.599609
1752617463.654261,378264.000,59445,2,EL,1,100,-18443.199219
1752617463.721261,378331.000,59462,1,EL,1,100,-18443.800781
1752617463.787761,378397.500,59476,2,EL,1,100,-18444.000000
1752617463.854261,378464.000,59476,2,EL,1,100,-18444.000000
1752617463.921261,378531.000,59494,1,EL,1,100,-18444.400391
1752617463.987760,378597.500,59510,2,EL,1,100,-18444.599609
1752617464.054260,378664.000,59510,2,EL,1,100,-18444.400391
1752617464.121260,378731.000,59527,1,EL,1,100,-18445.000000
1752617464.187760,378797.500,59542,2,EL,1,100,-18445.599609
1752617464.254259,378864.000,59542,2,EL,1,100,-18445.400391
1752617464.321259,378931.000,59559,1,EL,1,100,-18445.800781
1752617464.387759,378997.500,59575,2,EL,1,100,-18445.599609
1752617464.454259,379064.000,59575,2,EL,1,100,-18446.400391
1752617464.520758,379130.500,59600,2,EL,1,100,-18446.800781
1752617464.587258,379197.000,59600,2,EL,1,100,-18447.199219
1752617464.654258,379264.000,59616,2,EL,1,100,-18447.599609
1752617464.721258,379331.000,59616,2,EL,1,100,-18447.800781
1752617464.787258,379397.000,59633,1,EL,1,100,-18448.000000
1752617464.854257,379464.000,59648,2,EL,1,100,-18448.199219
1752617464.921257,379531.000,59648,2,EL,1,100,-18448.800781
1752617464.988257,379598.000,59665,1,EL,1,100,-18448.599609
1752617465.054757,379664.500,59681,2,EL,1,100,-18448.800781
1752617465.121256,379731.000,59681,2,EL,1,100,-18449.599609
1752617465.187256,379797.000,59698,1,EL,1,100,-18449.599609
1752617465.254256,379864.000,59713,2,EL,1,100,-18450.000000
1752617465.321256,379931.000,59713,2,EL,1,100,-18450.000000
1752617465.387255,379997.000,59730,1,EL,1,100,-18450.599609
1752617465.454255,380064.000,59746,2,EL,1,100,-18451.000000
1752617465.521255,380131.000,59746,2,EL,1,100,-18450.800781
1752617465.587255,380197.000,59764,1,EL,1,100,-18451.199219
1752617465.654254,380264.000,59778,2,EL,1,100,-18450.800781
1752617465.721254,380331.000,59778,2,EL,1,100,-18451.400391
1752617465.787254,380397.000,59795,1,EL,1,100,-18451.599609
1752617465.854254,380464.000,59812,2,EL,1,100,-18451.800781
1752617465.921254,380531.000,59812,2,EL,1,100,-18452.199219
1752617465.987253,380597.000,59829,1,EL,1,100,-18452.599609
1752617466.054253,380664.000,59843,2,EL,1,100,-18453.000000
1752617466.121253,380731.000,59843,2,EL,1,100,-18452.800781
1752617466.187253,380797.000,59860,1,EL,1,100,-18453.199219
1752617466.254252,380864.000,59877,2,EL,1,100,-18453.599609
1752617466.321252,380931.000,59877,2,EL,1,100,-18453.599609
1752617466.387252,380997.000,59894,1,EL,1,100,-18454.199219
1752617466.454252,381064.000,59909,2,EL,1,100,-18454.400391
1752617466.521251,381131.000,59909,2,EL,1,100,-18454.800781
1752617466.587251,381197.000,59926,1,EL,1,100,-18455.000000
1752617466.654251,381264.000,59942,2,EL,1,100,-18455.000000
1752617466.721251,381331.000,59942,2,EL,1,100,-18455.400391
1752617466.787751,381397.500,59959,2,EL,1,100,-18456.199219
1752617466.854250,381464.000,59959,2,EL,1,100,-18456.199219
1752617466.921250,381531.000,59976,1,EL,1,100,-18456.199219
1752617466.987750,381597.500,59991,2,EL,1,100,-18456.599609
1752617467.054250,381664.000,59991,2,EL,1,100,-18457.199219
1752617467.121249,381731.000,60007,1,EL,1,100,-18457.000000
1752617467.187749,381797.500,60025,2,EL,1,100,-18457.800781
1752617467.254249,381864.000,60025,2,EL,1,100,-18458.000000
1752617467.321249,381931.000,60043,1,EL,1,100,-18458.000000
1752617467.387748,381997.500,60058,2,EL,1,100,-18458.199219
1752617467.454248,382064.000,60058,2,EL,1,100,-18458.199219
1752617467.521248,382131.000,60074,1,EL,1,100,-18458.000000
1752617467.587748,382197.500,60092,2,EL,1,100,-18458.400391
1752617467.654247,382264.000,60092,2,EL,1,100,-18459.199219
1752617467.721247,382331.000,60108,1,EL,1,100,-18459.199219
1752617467.787747,382397.500,60125,2,EL,1,100,-18459.800781
1752617467.854247,382464.000,60125,2,EL,1,100,-18460.000000
1752617467.921247,382531.000,60142,1,EL,1,100,-18460.199219
1752617467.987746,382597.500,60159,2,EL,1,100,-18460.599609
1752617468.054246,382664.000,60159,2,EL,1,100,-18461.199219
1752617468.120246,382730.000,60175,1,EL,1,100,-18461.000000
1752617468.187246,382797.000,60191,2,EL,1,100,-18461.199219
1752617468.254245,382864.000,60191,2,EL,1,100,-18460.800781
1752617468.320245,382930.000,60207,1,EL,1,100,-18461.400391
1752617468.387245,382997.000,60224,2,EL,1,100,-18462.400391
1752617468.454245,383064.000,60224,2,EL,1,100,-18462.400391
1752617468.521244,383131.000,60240,1,EL,1,100,-18462.400391
1752617468.587744,383197.500,60256,2,EL,1,100,-18463.400391
1752617468.654244,383264.000,60256,2,EL,1,100,-18463.199219
1752617468.720244,383330.000,60272,1,EL,1,100,-18463.199219
1752617468.787244,383397.000,60289,2,EL,1,100,-18463.800781
1752617468.854243,383464.000,60289,2,EL,1,100,-18463.800781
1752617468.920243,383530.000,60306,1,EL,1,100,-18464.400391
1752617468.987243,383597.000,60322,2,EL,1,100,-18464.800781
1752617469.054243,383664.000,60322,2,EL,1,100,-18465.199219
1752617469.120742,383730.500,60337,2,EL,1,100,-18465.199219
1752617469.187242,383797.000,60337,2,EL,1,100,-18465.800781
1752617469.254242,383864.000,60355,1,EL,1,100,-18465.599609
1752617469.320742,383930.500,60371,2,EL,1,100,-18466.199219
1752617469.387241,383997.000,60371,2,EL,1,100,-18466.400391
1752617469.454241,384064.000,60388,1,EL,1,100,-18466.599609
1752617469.520741,384130.500,60403,2,EL,1,100,-18467.000000
1752617469.587241,384197.000,60403,2,EL,1,100,-18467.199219
1752617469.653740,384263.500,60423,2,EL,1,100,-18467.599609
1752617469.720240,384330.000,60423,2,EL,1,100,-18467.400391
1752617469.787240,384397.000,60439,1,EL,1,100,-18467.800781
1752617469.853740,384463.500,60457,2,EL,1,100,-18467.800781
1752617469.920240,384530.000,60457,2,EL,1,100,-18468.000000
1752617469.987239,384597.000,60473,1,EL,1,100,-18468.199219
1752617470.053739,384663.500,60488,2,EL,1,100,-18468.199219
1752617470.120239,384730.000,60488,2,EL,1,100,-18468.800781
1752617470.187239,384797.000,60504,1,EL,1,100,-18469.199219
1752617470.253738,384863.500,60522,2,EL,1,100,-18469.199219
1752617470.320238,384930.000,60522,2,EL,1,100,-18470.000000
1752617470.387238,384997.000,60538,2,EL,1,100,-18470.400391
1752617470.454238,385064.000,60538,2,EL,1,100,-18469.800781
1752617470.520737,385130.500,60556,2,EL,1,100,-18470.400391
1752617470.587237,385197.000,60556,2,EL,1,100,-18470.800781
1752617470.654237,385264.000,60572,1,EL,1,100,-18471.199219
1752617470.720737,385330.500,60587,2,EL,1,100,-18471.199219
1752617470.787237,385397.000,60587,2,EL,1,100,-18471.199219
1752617470.854236,385464.000,60603,1,EL,1,100,-18471.199219
1752617470.920736,385530.500,60621,2,EL,1,100,-18471.800781
1752617470.987236,385597.000,60621,2,EL,1,100,-18472.199219
1752617471.054236,385664.000,60637,1,EL,1,100,-18472.400391
1752617471.120735,385730.500,60652,2,EL,1,100,-18473.199219
1752617471.187235,385797.000,60652,2,EL,1,100,-18473.199219
1752617471.254235,385864.000,60669,1,EL,1,100,-18473.000000
1752617471.320735,385930.500,60686,2,EL,1,100,-18473.400391
1752617471.387234,385997.000,60686,2,EL,1,100,-18473.800781
1752617471.454234,386064.000,60702,1,EL,1,100,-18474.400391
1752617471.520734,386130.500,60718,2,EL,1,100,-18474.800781
1752617471.587234,386197.000,60718,2,EL,1,100,-18474.199219
1752617471.653233,386263.000,60734,1,EL,1,100,-18475.000000
1752617471.720233,386330.000,60751,2,EL,1,100,-18475.400391
1752617471.787233,386397.000,60751,2,EL,1,100,-18475.199219
1752617471.853233,386463.000,60767,1,EL,1,100,-18475.800781
1752617471.920233,386530.000,60784,2,EL,1,100,-18476.000000
1752617471.987232,386597.000,60784,2,EL,1,100,-18476.199219
1752617472.053232,386663.000,60799,1,EL,1,100,-18477.000000
1752617472.120232,386730.000,60816,2,EL,1,100,-18477.000000
1752617472.187232,386797.000,60816,2,EL,1,100,-18477.199219
1752617472.253731,386863.500,60835,2,EL,1,100,-18477.400391
1752617472.320231,386930.000,60835,2,EL,1,100,-18477.800781
1752617472.387231,386997.000,60852,1,EL,1,100,-18477.800781
1752617472.453731,387063.500,60866,2,EL,1,100,-18478.000000
1752617472.520230,387130.000,60866,2,EL,1,100,-18478.199219
1752617472.587230,387197.000,60884,1,EL,1,100,-18478.800781
1752617472.653730,387263.500,60902,2,EL,1,100,-18479.000000
1752617472.720230,387330.000,60902,2,EL,1,100,-18479.000000
1752617472.787230,387397.000,60919,1,EL,1,100,-18479.000000
1752617472.853729,387463.500,60934,2,EL,1,100,-18479.400391
1752617472.920229,387530.000,60934,2,EL,1,100,-18479.199219
1752617472.987229,387597.000,60951,1,EL,1,100,-18480.000000
1752617473.053729,387663.500,60967,2,EL,1,100,-18480.400391
1752617473.120228,387730.000,60967,2,EL,1,100,-18480.400391
1752617473.187228,387797.000,60984,1,EL,1,100,-18481.400391
1752617473.253728,387863.500,60999,2,EL,1,100,-18481.000000
1752617473.320228,387930.000,60999,2,EL,1,100,-18481.400391
1752617473.387227,387997.000,61018,1,EL,1,100,-18481.599609
1752617473.453727,388063.500,61034,2,EL,1,100,-18481.800781
1752617473.520227,388130.000,61034,2,EL,1,100,-18482.000000
1752617473.587227,388197.000,61052,1,EL,1,100,-18482.800781
1752617473.653726,388263.500,61066,2,EL,1,100,-18483.400391
1752617473.720226,388330.000,61066,2,EL,1,100,-18483.400391
1752617473.787226,388397.000,61083,1,EL,1,100,-18483.199219
1752617473.853726,388463.500,61100,2,EL,1,100,-18483.599609
1752617473.920226,388530.000,61100,2,EL,1,100,-18484.199219
1752617473.987225,388597.000,61117,1,EL,1,100,-18484.400391
1752617474.053725,388663.500,61133,2,EL,1,100,-18484.000000
1752617474.120225,388730.000,61133,2,EL,1,100,-18485.000000
1752617474.187225,388797.000,61150,1,EL,1,100,-18485.400391
1752617474.253724,388863.500,61167,2,EL,1,100,-18485.199219
1752617474.320224,388930.000,61167,2,EL,1,100,-18486.000000
1752617474.387224,388997.000,61184,1,EL,1,100,-18485.800781
1752617474.453724,389063.500,61199,2,EL,1,100,-18486.400391
1752617474.520223,389130.000,61199,2,EL,1,100,-18486.599609
1752617474.586723,389196.500,61216,2,EL,1,100,-18486.800781
1752617474.653223,389263.000,61216,2,EL,1,100,-18487.199219
1752617474.720223,389330.000,61240,2,EL,1,100,-18487.599609
1752617474.787223,389397.000,61240,2,EL,1,100,-18487.800781
1752617474.853722,389463.500,61257,2,EL,1,100,-18488.199219
1752617474.920222,389530.000,61257,2,EL,1,100,-18488.599609
1752617474.986722,389596.500,61273,2,EL,1,100,-18488.400391
1752617475.053222,389663.000,61273,2,EL,1,100,-18488.199219
1752617475.120221,389730.000,61289,1,EL,1,100,-18489.000000
1752617475.186721,389796.500,61307,2,EL,1,100,-18489.199219
1752617475.253221,389863.000,61307,2,EL,1,100,-18489.400391
1752617475.320221,389930.000,61323,1,EL,1,100,-18489.800781
1752617475.386720,389996.500,61338,2,EL,1,100,-18489.599609
1752617475.453220,390063.000,61338,2,EL,1,100,-18490.000000
1752617475.520220,390130.000,61354,1,EL,1,100,-18490.199219
1752617475.586720,390196.500,61372,2,EL,1,100,-18490.199219
1752617475.653220,390263.000,61372,2,EL,1,100,-18490.599609
1752617475.720219,390330.000,61388,1,EL,1,100,-18490.800781
1752617475.786719,390396.500,61403,2,EL,1,100,-18491.000000
1752617475.853219,390463.000,61403,2,EL,1,100,-18491.400391
1752617475.920219,390530.000,61420,1,EL,1,100,-18492.199219
1752617475.986718,390596.500,61437,2,EL,1,100,-18492.599609
1752617476.053218,390663.000,61437,2,EL,1,100,-18493.000000
1752617476.120218,390730.000,61453,1,EL,1,100,-18493.000000
1752617476.186718,390796.500,61469,2,EL,1,100,-18493.599609
1752617476.253217,390863.000,61469,2,EL,1,100,-18494.000000
1752617476.320217,390930.000,61485,1,EL,1,100,-18494.199219
1752617476.386717,390996.500,61502,2,EL,1,100,-18495.000000
1752617476.453217,391063.000,61502,2,EL,1,100,-18495.000000
1752617476.520216,391130.000,61518,1,EL,1,100,-18494.800781
1752617476.586716,391196.500,61534,2,EL,1,100,-18495.199219
1752617476.653216,391263.000,61534,2,EL,1,100,-18495.199219
1752617476.720216,391330.000,61550,1,EL,1,100,-18495.800781
1752617476.786716,391396.500,61567,2,EL,1,100,-18496.199219
1752617476.853215,391463.000,61567,2,EL,1,100,-18496.199219
1752617476.920215,391530.000,61584,1,EL,1,100,-18496.400391
1752617476.986715,391596.500,61599,2,EL,1,100,-18497.000000
1752617477.053215,391663.000,61599,2,EL,1,100,-18497.199219
1752617477.120214,391730.000,61615,1,EL,1,100,-18497.599609
1752617477.186714,391796.500,61633,2,EL,1,100,-18497.800781
1752617477.253214,391863.000,61633,2,EL,1,100,-18498.199219
1752617477.319714,391929.500,61651,2,EL,1,100,-18498.199219
1752617477.386213,391996.000,61651,2,EL,1,100,-18498.400391
1752617477.453213,392063.000,61668,1,EL,1,100,-18498.599609
1752617477.519713,392129.500,61683,2,EL,1,100,-18499.000000
1752617477.586213,392196.000,61683,2,EL,1,100,-18499.400391
1752617477.653213,392263.000,61700,1,EL,1,100,-18499.599609
1752617477.719712,392329.500,61716,2,EL,1,100,-18500.000000
1752617477.786212,392396.000,61716,2,EL,1,100,-18500.199219
1752617477.853212,392463.000,61735,1,EL,1,100,-18500.599609
1752617477.919712,392529.500,61750,2,EL,1,100,-18500.199219
1752617477.986211,392596.000,61750,2,EL,1,100,-18500.599609
1752617478.053211,392663.000,61767,1,EL,1,100,-18500.800781
1752617478.119711,392729.500,61783,2,EL,1,100,-18501.199219
1752617478.186211,392796.000,61783,2,EL,1,100,-18501.400391
1752617478.253210,392863.000,61801,1,EL,1,100,-18501.199219
1752617478.319710,392929.500,61815,2,EL,1,100,-18501.800781
1752617478.386210,392996.000,61815,2,EL,1,100,-18502.000000
1752617478.453210,393063.000,61832,1,EL,1,100,-18502.599609
1752617478.519709,393129.500,61849,2,EL,1,100,-18502.400391
1752617478.586209,393196.000,61849,2,EL,1,100,-18502.599609
1752617478.653209,393263.000,61866,1,EL,1,100,-18503.000000
1752617478.719709,393329.500,61880,2,EL,1,100,-18503.000000
1752617478.786209,393396.000,61880,2,EL,1,100,-18503.000000
1752617478.853208,393463.000,61897,1,EL,1,100,-18503.199219
1752617478.919708,393529.500,61914,2,EL,1,100,-18503.400391
1752617478.986208,393596.000,61914,2,EL,1,100,-18504.000000
1752617479.053208,393663.000,61931,1,EL,1,100,-18504.199219
1752617479.119707,393729.500,61946,2,EL,1,100,-18504.599609
1752617479.186207,393796.000,61946,2,EL,1,100,-18505.199219
1752617479.253207,393863.000,61963,1,EL,1,100,-18505.599609
1752617479.319707,393929.500,61979,2,EL,1,100,-18505.199219
1752617479.386206,393996.000,61979,2,EL,1,100,-18505.199219
1752617479.453206,394063.000,61996,1,EL,1,100,-18505.800781
1752617479.519706,394129.500,62014,2,EL,1,100,-18506.199219
1752617479.586206,394196.000,62014,2,EL,1,100,-18506.199219
1752617479.652706,394262.500,62030,2,EL,1,100,-18507.000000
1752617479.719205,394329.000,62030,2,EL,1,100,-18506.800781
1752617479.786205,394396.000,62046,1,EL,1,100,-18506.599609
1752617479.852705,394462.500,62069,2,EL,1,100,-18506.800781
1752617479.919205,394529.000,62069,2,EL,1,100,-18507.199219
1752617479.986204,394596.000,62085,2,EL,1,100,-18507.400391
1752617480.053204,394663.000,62085,2,EL,1,100,-18507.199219
1752617480.119204,394729.000,62102,1,EL,1,100,-18508.199219
1752617480.186204,394796.000,62117,2,EL,1,100,-18508.199219
1752617480.253203,394863.000,62117,2,EL,1,100,-18508.400391
1752617480.319203,394929.000,62134,1,EL,1,100,-18508.400391
1752617480.386203,394996.000,62150,2,EL,1,100,-18508.599609
1752617480.453203,395063.000,62150,2,EL,1,100,-18509.000000
1752617480.519202,395129.000,62167,1,EL,1,100,-18509.000000
1752617480.586202,395196.000,62182,2,EL,1,100,-18509.800781
1752617480.653202,395263.000,62182,2,EL,1,100,-18510.199219
1752617480.719202,395329.000,62199,1,EL,1,100,-18509.800781
1752617480.786202,395396.000,62215,2,EL,1,100,-18510.400391
1752617480.853201,395463.000,62215,2,EL,1,100,-18510.199219
1752617480.919201,395529.000,62233,1,EL,1,100,-18510.599609
1752617480.986201,395596.000,62248,2,EL,1,100,-18510.599609
1752617481.053201,395663.000,62248,2,EL,1,100,-18511.199219
1752617481.119200,395729.000,62264,1,EL,1,100,-18511.599609
1752617481.186200,395796.000,62281,2,EL,1,100,-18511.400391
1752617481.253200,395863.000,62281,2,EL,1,100,-18512.000000
1752617481.319200,395929.000,62298,1,EL,1,100,-18512.199219
1752617481.385699,395995.500,62315,2,EL,1,100,-18512.199219
1752617481.452199,396062.000,62315,2,EL,1,100,-18511.800781
1752617481.519199,396129.000,62332,2,EL,1,100,-18512.199219
1752617481.586199,396196.000,62332,2,EL,1,100,-18512.400391
1752617481.652199,396262.000,62348,1,EL,1,100,-18512.400391
1752617481.719198,396329.000,62365,2,EL,1,100,-18513.199219
1752617481.786198,396396.000,62365,2,EL,1,100,-18513.800781
1752617481.852198,396462.000,62381,1,EL,1,100,-18513.800781
1752617481.919198,396529.000,62397,2,EL,1,100,-18513.800781
1752617481.986197,396596.000,62397,2,EL,1,100,-18514.199219
1752617482.052197,396662.000,62413,1,EL,1,100,-18514.599609
1752617482.119197,396729.000,62430,2,EL,1,100,-18514.599609
1752617482.186197,396796.000,62430,2,EL,1,100,-18514.599609
1752617482.252196,396862.000,62447,1,EL,1,100,-18515.000000
1752617482.319196,396929.000,62464,2,EL,1,100,-18515.199219
1752617482.386196,396996.000,62464,2,EL,1,100,-18514.800781
1752617482.452196,397062.000,62480,1,EL,1,100,-18515.400391
1752617482.519195,397129.000,62498,2,EL,1,100,-18515.400391
1752617482.586195,397196.000,62498,2,EL,1,100,-18515.199219
1752617482.652195,397262.000,62516,1,EL,1,100,-18516.000000
1752617482.719195,397329.000,62531,2,EL,1,100,-18516.199219
1752617482.786195,397396.000,62531,2,EL,1,100,-18516.800781
1752617482.852194,397462.000,62547,1,EL,1,100,-18517.000000
1752617482.919194,397529.000,62565,2,EL,1,100,-18516.599609
1752617482.986194,397596.000,62565,2,EL,1,100,-18517.199219
1752617483.052194,397662.000,62581,1,EL,1,100,-18517.400391
1752617483.119193,397729.000,62596,2,EL,1,100,-18517.400391
1752617483.186193,397796.000,62596,2,EL,1,100,-18518.000000
1752617483.252193,397862.000,62613,1,EL,1,100,-18518.199219
1752617483.319193,397929.000,62630,2,EL,1,100,-18518.199219
1752617483.386192,397996.000,62630,2,EL,1,100,-18518.400391
1752617483.452192,398062.000,62646,1,EL,1,100,-18518.599609
1752617483.519192,398129.000,62663,2,EL,1,100,-18519.199219
1752617483.586192,398196.000,62663,2,EL,1,100,-18519.599609
1752617483.652192,398262.000,62678,1,EL,1,100,-18519.599609
1752617483.719191,398329.000,62695,2,EL,1,100,-18520.000000
1752617483.786191,398396.000,62695,2,EL,1,100,-18520.199219
1752617483.852191,398462.000,62711,1,EL,1,100,-18520.400391
1752617483.919191,398529.000,62728,2,EL,1,100,-18521.000000
1752617483.986190,398596.000,62728,2,EL,1,100,-18520.800781
1752617484.052690,398662.500,62743,2,EL,1,100,-18521.199219
1752617484.119190,398729.000,62743,2,EL,1,100,-18521.599609
1752617484.186190,398796.000,62760,1,EL,1,100,-18522.199219
1752617484.252689,398862.500,62777,2,EL,1,100,-18522.000000
1752617484.319189,398929.000,62777,2,EL,1,100,-18522.000000
1752617484.386189,398996.000,62794,1,EL,1,100,-18522.199219
1752617484.452689,399062.500,62808,2,EL,1,100,-18522.199219
1752617484.519188,399129.000,62808,2,EL,1,100,-18522.800781
1752617484.586188,399196.000,62828,1,EL,1,100,-18522.800781
1752617484.652688,399262.500,62844,2,EL,1,100,-18523.199219
1752617484.719188,399329.000,62844,2,EL,1,100,-18523.400391
1752617484.785188,399395.000,62861,1,EL,1,100,-18523.599609
1752617484.852187,399462.000,62876,2,EL,1,100,-18524.000000
1752617484.919187,399529.000,62876,2,EL,1,100,-18523.599609
1752617484.985687,399595.500,62898,2,EL,1,100,-18525.000000
1752617485.052187,399662.000,62898,2,EL,1,100,-18524.599609
1752617485.119186,399729.000,62914,1,EL,1,100,-18525.199219
1752617485.185686,399795.500,62932,2,EL,1,100,-18525.199219
1752617485.252186,399862.000,62932,2,EL,1,100,-18525.599609
1752617485.319186,399929.000,62948,1,EL,1,100,-18526.199219
1752617485.385685,399995.500,62964,2,EL,1,100,-18526.199219
1752617485.452185,400062.000,62964,2,EL,1,100,-18526.599609
1752617485.518685,400128.500,62980,2,EL,1,100,-18526.599609
1752617485.585185,400195.000,62980,2,EL,1,100,-18526.400391
1752617485.652185,400262.000,62997,1,EL,1,100,-18526.400391
1752617485.718684,400328.500,63013,2,EL,1,100,-18526.599609
1752617485.785184,400395.000,63013,2,EL,1,100,-18527.000000
1752617485.852184,400462.000,63030,1,EL,1,100,-18527.400391
1752617485.918684,400528.500,63045,2,EL,1,100,-18528.000000
1752617485.985183,400595.000,63045,2,EL,1,100,-18528.199219
1752617486.052183,400662.000,63062,1,EL,1,100,-18528.599609
1752617486.118683,400728.500,63078,2,EL,1,100,-18528.599609
1752617486.185183,400795.000,63078,2,EL,1,100,-18528.599609
1752617486.252182,400862.000,63096,1,EL,1,100,-18529.000000
1752617486.318682,400928.500,63110,2,EL,1,100,-18529.000000
1752617486.385182,400995.000,63110,2,EL,1,100,-18528.599609
1752617486.452182,401062.000,63127,1,EL,1,100,-18529.599609
1752617486.518681,401128.500,63144,2,EL,1,100,-18530.199219
1752617486.585181,401195.000,63144,2,EL,1,100,-18530.199219
1752617486.652181,401262.000,63161,1,EL,1,100,-18530.000000
1752617486.718681,401328.500,63175,2,EL,1,100,-18530.599609
1752617486.785181,401395.000,63175,2,EL,1,100,-18530.800781
1752617486.852180,401462.000,63192,1,EL,1,100,-18531.000000
1752617486.918680,401528.500,63209,2,EL,1,100,-18531.199219
1752617486.985180,401595.000,63209,2,EL,1,100,-18531.199219
1752617487.052180,401662.000,63226,1,EL,1,100,-18531.400391
1752617487.118679,401728.500,63240,2,EL,1,100,-18531.599609
1752617487.185179,401795.000,63240,2,EL,1,100,-18532.000000
1752617487.252179,401862.000,63258,1,EL,1,100,-18532.400391
1752617487.318679,401928.500,63276,2,EL,1,100,-18532.199219
1752617487.385178,401995.000,63276,2,EL,1,100,-18532.400391
1752617487.452178,402062.000,63293,1,EL,1,100,-18532.400391
1752617487.518678,402128.500,63309,2,EL,1,100,-18532.800781
1752617487.585178,402195.000,63309,2,EL,1,100,-18533.199219
1752617487.652178,402262.000,63325,1,EL,1,100,-18533.800781
1752617487.718677,402328.500,63341,2,EL,1,100,-18533.400391
1752617487.785177,402395.000,63341,2,EL,1,100,-18533.599609
1752617487.852177,402462.000,63359,2,EL,1,100,-18534.199219
1752617487.919177,402529.000,63359,2,EL,1,100,-18534.199219
1752617487.985176,402595.000,63377,1,EL,1,100,-18534.199219
1752617488.051676,402661.500,63392,2,EL,1,100,-18534.800781
1752617488.118176,402728.000,63392,2,EL,1,100,-18535.199219
1752617488.185176,402795.000,63408,1,EL,1,100,-18535.199219
1752617488.252175,402862.000,63426,2,EL,1,100,-18535.599609
1752617488.319175,402929.000,63426,2,EL,1,100,-18535.199219
1752617488.385175,402995.000,63442,1,EL,1,100,-18536.199219
1752617488.451675,403061.500,63457,2,EL,1,100,-18536.199219
1752617488.518174,403128.000,63457,2,EL,1,100,-18536.400391
1752617488.585174,403195.000,63474,1,EL,1,100,-18536.800781
1752617488.651674,403261.500,63491,2,EL,1,100,-18537.000000
1752617488.718174,403328.000,63491,2,EL,1,100,-18537.199219
1752617488.785174,403395.000,63509,1,EL,1,100,-18537.000000
1752617488.851673,403461.500,63525,2,EL,1,100,-18537.000000
1752617488.918173,403528.000,63525,2,EL,1,100,-18537.800781
1752617488.985173,403595.000,63541,1,EL,1,100,-18538.000000
1752617489.051673,403661.500,63558,2,EL,1,100,-18538.599609
1752617489.118172,403728.000,63558,2,EL,1,100,-18538.599609
1752617489.185172,403795.000,63574,1,EL,1,100,-18538.599609
1752617489.251672,403861.500,63590,2,EL,1,100,-18539.400391
1752617489.318172,403928.000,63590,2,EL,1,100,-18539.800781
1752617489.385171,403995.000,63606,1,EL,1,100,-18540.199219
1752617489.451671,404061.500,63623,2,EL,1,100,-18540.599609
1752617489.518171,404128.000,63623,2,EL,1,100,-18541.000000
1752617489.585171,404195.000,63640,1,EL,1,100,-18540.800781
1752617489.651671,404261.500,63656,2,EL,1,100,-18540.800781
1752617489.718170,404328.000,63656,2,EL,1,100,-18541.400391
1752617489.785170,404395.000,63671,2,EL,1,100,-18541.400391
1752617489.852170,404462.000,63671,2,EL,1,100,-18541.599609
1752617489.918170,404528.000,63689,1,EL,1,100,-18541.599609
1752617489.985169,404595.000,63707,2,EL,1,100,-18542.199219
1752617490.052169,404662.000,63707,2,EL,1,100,-18542.599609
1752617490.118669,404728.500,63729,2,EL,1,100,-18542.199219
1752617490.185169,404795.000,63729,2,EL,1,100,-18543.000000
1752617490.252168,404862.000,63746,1,EL,1,100,-18543.000000
1752617490.318668,404928.500,63761,2,EL,1,100,-18543.400391
1752617490.385168,404995.000,63761,2,EL,1,100,-18543.599609
1752617490.452168,405062.000,63777,1,EL,1,100,-18543.800781
1752617490.518667,405128.500,63795,2,EL,1,100,-18544.199219
1752617490.585167,405195.000,63795,2,EL,1,100,-18544.199219
1752617490.652167,405262.000,63811,1,EL,1,100,-18544.199219
1752617490.718667,405328.500,63827,2,EL,1,100,-18544.000000
1752617490.785167,405395.000,63827,2,EL,1,100,-18544.000000
1752617490.852166,405462.000,63842,1,EL,1,100,-18544.400391
1752617490.918666,405528.500,63860,2,EL,1,100,-18545.199219
1752617490.985166,405595.000,63860,2,EL,1,100,-18545.199219
1752617491.051666,405661.500,63876,2,EL,1,100,-18545.199219
1752617491.118165,405728.000,63876,2,EL,1,100,-18545.400391
1752617491.185165,405795.000,63893,1,EL,1,100,-18545.599609
1752617491.251665,405861.500,63908,2,EL,1,100,-18545.800781
1752617491.318165,405928.000,63908,2,EL,1,100,-18546.000000
1752617491.385164,405995.000,63925,1,EL,1,100,-18546.400391
1752617491.451664,406061.500,63943,2,EL,1,100,-18546.400391
1752617491.518164,406128.000,63943,2,EL,1,100,-18546.599609
1752617491.585164,406195.000,63961,1,EL,1,100,-18546.800781
1752617491.651664,406261.500,63975,2,EL,1,100,-18546.599609
1752617491.718163,406328.000,63975,2,EL,1,100,-18546.199219
1752617491.785163,406395.000,63992,1,EL,1,100,-18547.000000
1752617491.851663,406461.500,64009,2,EL,1,100,-18547.199219
1752617491.918163,406528.000,64009,2,EL,1,100,-18547.599609
1752617491.985162,406595.000,64028,1,EL,1,100,-18547.800781
1752617492.051662,406661.500,64042,2,EL,1,100,-18547.800781
1752617492.118162,406728.000,64042,2,EL,1,100,-18547.800781
1752617492.185162,406795.000,64059,1,EL,1,100,-18547.599609
1752617492.251661,406861.500,64078,2,EL,1,100,-18548.199219
1752617492.318161,406928.000,64078,2,EL,1,100,-18548.400391
1752617492.385161,406995.000,64095,1,EL,1,100,-18548.199219
1752617492.451661,407061.500,64109,2,EL,1,100,-18548.800781
1752617492.518161,407128.000,64109,2,EL,1,100,-18549.000000
1752617492.585160,407195.000,64127,1,EL,1,100,-18549.400391
1752617492.651660,407261.500,64143,2,EL,1,100,-18549.800781
1752617492.718160,407328.000,64143,2,EL,1,100,-18549.800781
1752617492.785160,407395.000,64160,1,EL,1,100,-18549.800781
1752617492.851659,407461.500,64176,2,EL,1,100,-18549.800781
1752617492.918159,407528.000,64176,2,EL,1,100,-18550.000000
1752617492.985159,407595.000,64192,1,EL,1,100,-18550.599609
1752617493.051659,407661.500,64208,2,EL,1,100,-18551.000000
1752617493.118158,407728.000,64208,2,EL,1,100,-18551.199219
1752617493.184658,407794.500,64226,2,EL,1,100,-18551.199219
1752617493.251158,407861.000,64226,2,EL,1,100,-18551.400391
1752617493.318158,407928.000,64242,1,EL,1,100,-18551.599609
1752617493.384657,407994.500,64257,2,EL,1,100,-18551.400391
1752617493.451157,408061.000,64257,2,EL,1,100,-18551.800781
1752617493.518157,408128.000,64273,1,EL,1,100,-18552.199219
1752617493.584657,408194.500,64291,2,EL,1,100,-18552.400391
1752617493.651157,408261.000,64291,2,EL,1,100,-18552.199219
1752617493.718156,408328.000,64307,1,EL,1,100,-18552.599609
1752617493.784656,408394.500,64324,2,EL,1,100,-18553.000000
1752617493.851156,408461.000,64324,2,EL,1,100,-18553.000000
1752617493.918156,408528.000,64341,1,EL,1,100,-18553.199219
1752617493.984655,408594.500,64358,2,EL,1,100,-18553.800781
1752617494.051155,408661.000,64358,2,EL,1,100,-18554.199219
1752617494.118155,408728.000,64374,1,EL,1,100,-18554.199219
1752617494.184655,408794.500,64390,2,EL,1,100,-18555.000000
1752617494.251154,408861.000,64390,2,EL,1,100,-18554.800781
1752617494.318154,408928.000,64406,1,EL,1,100,-18554.800781
1752617494.384654,408994.500,64425,2,EL,1,100,-18555.000000
1752617494.451154,409061.000,64425,2,EL,1,100,-18555.000000
1752617494.518154,409128.000,64441,1,EL,1,100,-18555.599609
1752617494.584653,409194.500,64457,2,EL,1,100,-18556.000000
1752617494.651153,409261.000,64457,2,EL,1,100,-18556.400391
1752617494.718153,409328.000,64473,1,EL,1,100,-18555.800781
1752617494.784653,409394.500,64490,2,EL,1,100,-18555.800781
1752617494.851152,409461.000,64490,2,EL,1,100,-18556.599609
1752617494.918152,409528.000,64507,1,EL,1,100,-18557.000000
1752617494.984652,409594.500,64523,2,EL,1,100,-18557.199219
1752617495.051152,409661.000,64523,2,EL,1,100,-18557.199219
1752617495.118151,409728.000,64538,1,EL,1,100,-18557.400391
1752617495.184818,409794.667,64561,3,EL,1,100,-18557.800781
1752617495.251484,409861.333,64561,3,EL,1,100,-18557.599609
1752617495.318151,409928.000,64561,3,EL,1,100,-18558.000000
1752617495.384150,409994.000,64577,1,EL,1,100,-18558.000000
1752617495.451150,410061.000,64594,2,EL,1,100,-18558.599609
1752617495.518150,410128.000,64594,2,EL,1,100,-18558.199219
1752617495.584150,410194.000,64611,1,EL,1,100,-18558.800781
1752617495.651150,410261.000,64626,2,EL,1,100,-18559.000000
1752617495.718149,410328.000,64626,2,EL,1,100,-18559.599609
1752617495.784149,410394.000,64642,1,EL,1,100,-18559.599609
1752617495.851149,410461.000,64660,2,EL,1,100,-18559.800781
1752617495.918149,410528.000,64660,2,EL,1,100,-18559.400391
1752617495.984148,410594.000,64676,1,EL,1,100,-18560.000000
1752617496.051148,410661.000,64691,2,EL,1,100,-18560.400391
1752617496.118148,410728.000,64691,2,EL,1,100,-18560.599609
1752617496.184148,410794.000,64707,1,EL,1,100,-18560.800781
1752617496.251147,410861.000,64725,2,EL,1,100,-18560.800781
1752617496.318147,410928.000,64725,2,EL,1,100,-18560.800781
1752617496.384147,410994.000,64741,1,EL,1,100,-18561.199219
1752617496.451147,411061.000,64757,2,EL,1,100,-18561.800781
1752617496.518147,411128.000,64757,2,EL,1,100,-18561.599609
1752617496.584646,411194.500,64773,2,EL,1,100,-18561.800781
1752617496.651146,411261.000,64773,2,EL,1,100,-18562.000000
1752617496.718146,411328.000,64790,1,EL,1,100,-18562.000000
1752617496.784646,411394.500,64806,2,EL,1,100,-18562.400391
1752617496.851145,411461.000,64806,2,EL,1,100,-18562.599609
1752617496.918145,411528.000,64824,1,EL,1,100,-18562.800781
1752617496.984645,411594.500,64838,2,EL,1,100,-18563.000000
1752617497.051145,411661.000,64838,2,EL,1,100,-18563.000000
1752617497.118144,411728.000,64855,1,EL,1,100,-18563.400391
1752617497.184644,411794.500,64872,2,EL,1,100,-18563.800781
1752617497.251144,411861.000,64872,2,EL,1,100,-18563.599609
1752617497.318144,411928.000,64891,1,EL,1,100,-18563.800781
1752617497.384643,411994.500,64905,2,EL,1,100,-18564.000000
1752617497.451143,412061.000,64905,2,EL,1,100,-18564.599609
1752617497.518143,412128.000,64922,1,EL,1,100,-18564.800781
1752617497.584643,412194.500,64939,2,EL,1,100,-18565.000000
1752617497.651143,412261.000,64939,2,EL,1,100,-18565.000000
1752617497.718142,412328.000,64958,1,EL,1,100,-18565.000000
1752617497.784642,412394.500,64972,2,EL,1,100,-18565.199219
1752617497.851142,412461.000,64972,2,EL,1,100,-18565.199219
1752617497.918142,412528.000,64990,1,EL,1,100,-18565.800781
1752617497.984641,412594.500,65006,2,EL,1,100,-18565.599609
1752617498.051141,412661.000,65006,2,EL,1,100,-18566.199219
1752617498.118141,412728.000,65023,1,EL,1,100,-18566.599609
1752617498.184641,412794.500,65038,2,EL,1,100,-18566.800781
1752617498.251140,412861.000,65038,2,EL,1,100,-18566.400391
1752617498.317140,412927.000,65055,1,EL,1,100,-18567.000000
1752617498.384140,412994.000,65071,2,EL,1,100,-18567.599609
1752617498.451140,413061.000,65071,2,EL,1,100,-18567.199219
1752617498.517140,413127.000,65088,1,EL,1,100,-18567.400391
1752617498.584139,413194.000,65104,2,EL,1,100,-18567.599609
1752617498.651139,413261.000,65104,2,EL,1,100,-18567.800781
1752617498.718139,413328.000,65120,1,EL,1,100,-18568.000000
1752617498.784639,413394.500,65136,2,EL,1,100,-18567.800781
1752617498.851138,413461.000,65136,2,EL,1,100,-18567.800781
1752617498.917638,413527.500,65154,2,EL,1,100,-18568.400391
1752617498.984138,413594.000,65154,2,EL,1,100,-18568.599609
1752617499.051138,413661.000,65170,1,EL,1,100,-18568.800781
1752617499.117637,413727.500,65185,2,EL,1,100,-18569.000000
1752617499.184137,413794.000,65185,2,EL,1,100,-18569.000000
1752617499.251137,413861.000,65202,1,EL,1,100,-18569.599609
1752617499.317637,413927.500,65219,2,EL,1,100,-18569.400391
1752617499.384136,413994.000,65219,2,EL,1,100,-18569.599609
1752617499.451136,414061.000,65235,1,EL,1,100,-18569.599609
1752617499.517636,414127.500,65251,2,EL,1,100,-18569.800781
1752617499.584136,414194.000,65251,2,EL,1,100,-18570.000000
1752617499.651136,414261.000,65269,1,EL,1,100,-18570.400391
1752617499.717635,414327.500,65286,2,EL,1,100,-18570.400391
1752617499.784135,414394.000,65286,2,EL,1,100,-18570.000000
1752617499.851135,414461.000,65302,1,EL,1,100,-18570.800781
1752617499.917635,414527.500,65318,2,EL,1,100,-18570.800781
1752617499.984134,414594.000,65318,2,EL,1,100,-18571.000000
1752617500.051134,414661.000,65334,1,EL,1,100,-18571.000000
1752617500.117634,414727.500,65351,2,EL,1,100,-18572.000000
1752617500.184134,414794.000,65351,2,EL,1,100,-18572.000000
1752617500.251133,414861.000,65368,1,EL,1,100,-18571.800781
1752617500.317800,414927.667,65390,3,EL,1,100,-18572.400391
1752617500.384466,414994.333,65390,3,EL,1,100,-18572.199219
1752617500.451133,415061.000,65390,3,EL,1,100,-18572.400391
1752617500.517133,415127.000,65406,1,EL,1,100,-18572.599609
1752617500.584132,415194.000,65422,2,EL,1,100,-18572.800781
1752617500.651132,415261.000,65422,2,EL,1,100,-18572.800781
1752617500.717132,415327.000,65438,1,EL,1,100,-18573.000000
1752617500.784132,415394.000,65455,2,EL,1,100,-18573.199219
1752617500.851131,415461.000,65455,2,EL,1,100,-18573.000000
1752617500.917131,415527.000,65472,1,EL,1,100,-18573.800781
1752617500.984131,415594.000,65489,2,EL,1,100,-18574.000000
1752617501.051131,415661.000,65489,2,EL,1,100,-18574.000000
1752617501.117130,415727.000,65505,1,EL,1,100,-18574.000000
1752617501.184130,415794.000,65523,2,EL,1,100,-18574.199219
1752617501.251130,415861.000,65523,2,EL,1,100,-18574.400391
1752617501.317130,415927.000,3,1,EL,1,100,-18575.000000
1752617501.384129,415994.000,18,2,EL,1,100,-18575.199219
1752617501.451129,416061.000,18,2,EL,1,100,-18575.000000
1752617501.517129,416127.000,34,1,EL,1,100,-18575.000000
1752617501.584129,416194.000,52,2,EL,1,100,-18575.800781
1752617501.651129,416261.000,52,2,EL,1,100,-18575.800781
1752617501.717128,416327.000,68,1,EL,1,100,-18575.599609
1752617501.783628,416393.500,84,2,EL,1,100,-18576.199219
1752617501.850128,416460.000,84,2,EL,1,100,-18576.599609
1752617501.917128,416527.000,100,1,EL,1,100,-18576.800781
1752617501.983627,416593.500,117,2,EL,1,100,-18576.800781
1752617502.050127,416660.000,117,2,EL,1,100,-18576.400391
1752617502.117127,416727.000,133,1,EL,1,100,-18576.800781
1752617502.183627,416793.500,150,2,EL,1,100,-18577.199219
1752617502.250126,416860.000,150,2,EL,1,100,-18577.000000
1752617502.317126,416927.000,167,2,EL,1,100,-18577.400391
1752617502.384126,416994.000,167,2,EL,1,100,-18577.400391
1752617502.450126,417060.000,184,1,EL,1,100,-18577.800781
1752617502.517126,417127.000,201,2,EL,1,100,-18577.800781
1752617502.584125,417194.000,201,2,EL,1,100,-18578.199219
1752617502.650125,417260.000,218,1,EL,1,100,-18578.599609
1752617502.717125,417327.000,232,2,EL,1,100,-18578.599609
1752617502.784125,417394.000,232,2,EL,1,100,-18578.800781
1752617502.850124,417460.000,249,1,EL,1,100,-18578.800781
1752617502.917124,417527.000,266,2,EL,1,100,-18578.800781
1752617502.984124,417594.000,266,2,EL,1,100,-18579.199219
1752617503.050124,417660.000,283,1,EL,1,100,-18579.599609
1752617503.117123,417727.000,297,2,EL,1,100,-18579.800781
1752617503.184123,417794.000,297,2,EL,1,100,-18579.599609
1752617503.250123,417860.000,315,1,EL,1,100,-18580.000000
1752617503.317123,417927.000,331,2,EL,1,100,-18580.400391
1752617503.384122,417994.000,331,2,EL,1,100,-18580.400391
1752617503.450122,418060.000,348,1,EL,1,100,-18580.400391
1752617503.517122,418127.000,363,2,EL,1,100,-18580.599609
1752617503.584122,418194.000,363,2,EL,1,100,-18581.000000
1752617503.650122,418260.000,380,1,EL,1,100,-18581.000000
1752617503.717121,418327.000,396,2,EL,1,100,-18580.800781
1752617503.784121,418394.000,396,2,EL,1,100,-18581.199219
1752617503.850121,418460.000,413,1,EL,1,100,-18581.800781
1752617503.917121,418527.000,428,2,EL,1,100,-18582.000000
1752617503.984120,418594.000,428,2,EL,1,100,-18581.800781
1752617504.050120,418660.000,445,1,EL,1,100,-18582.000000
1752617504.117120,418727.000,461,2,EL,1,100,-18582.400391
1752617504.184120,418794.000,461,2,EL,1,100,-18582.599609
1752617504.250119,418860.000,479,1,EL,1,100,-18582.800781
1752617504.317119,418927.000,494,2,EL,1,100,-18583.000000
1752617504.384119,418994.000,494,2,EL,1,100,-18582.599609
1752617504.450119,419060.000,510,1,EL,1,100,-18582.599609
1752617504.517119,419127.000,527,2,EL,1,100,-18583.199219
1752617504.584118,419194.000,527,2,EL,1,100,-18583.400391
1752617504.650618,419260.500,544,2,EL,1,100,-18583.400391
1752617504.717118,419327.000,544,2,EL,1,100,-18583.599609
1752617504.783118,419393.000,560,1,EL,1,100,-18583.800781
1752617504.850117,419460.000,576,2,EL,1,100,-18584.000000
1752617504.917117,419527.000,576,2,EL,1,100,-18584.800781
1752617504.983117,419593.000,592,1,EL,1,100,-18584.800781
1752617505.050117,419660.000,609,2,EL,1,100,-18584.800781
1752617505.117116,419727.000,609,2,EL,1,100,-18585.199219
1752617505.183116,419793.000,625,1,EL,1,100,-18585.199219
1752617505.250116,419860.000,641,2,EL,1,100,-18585.199219
1752617505.317116,419927.000,641,2,EL,1,100,-18585.199219
1752617505.383115,419993.000,657,1,EL,1,100,-18585.800781
1752617505.450115,420060.000,679,2,EL,1,100,-18586.000000
1752617505.517115,420127.000,679,2,EL,1,100,-18586.000000
1752617505.584115,420194.000,696,1,EL,1,100,-18586.199219
1752617505.650615,420260.500,711,2,EL,1,100,-18586.199219
1752617505.717114,420327.000,711,2,EL,1,100,-18586.400391
1752617505.783114,420393.000,727,1,EL,1,100,-18586.599609
1752617505.850114,420460.000,745,2,EL,1,100,-18586.800781
1752617505.917114,420527.000,745,2,EL,1,100,-18586.800781
1752617505.983113,420593.000,761,1,EL,1,100,-18586.800781
1752617506.050113,420660.000,776,2,EL,1,100,-18587.199219
1752617506.117113,420727.000,776,2,EL,1,100,-18587.800781
1752617506.183113,420793.000,792,1,EL,1,100,-18588.000000
1752617506.250112,420860.000,810,2,EL,1,100,-18588.000000
1752617506.317112,420927.000,810,2,EL,1,100,-18588.000000
1752617506.383112,420993.000,826,1,EL,1,100,-18588.199219
1752617506.450112,421060.000,842,2,EL,1,100,-18588.400391
1752617506.517112,421127.000,842,2,EL,1,100,-18588.800781
1752617506.583111,421193.000,858,1,EL,1,100,-18589.199219
1752617506.650111,421260.000,875,2,EL,1,100,-18589.199219
1752617506.717111,421327.000,875,2,EL,1,100,-18589.800781
1752617506.783611,421393.500,891,2,EL,1,100,-18589.800781
1752617506.850110,421460.000,891,2,EL,1,100,-18590.199219
1752617506.917110,421527.000,909,1,EL,1,100,-18590.599609
1752617506.983610,421593.500,923,2,EL,1,100,-18590.599609
1752617507.050110,421660.000,923,2,EL,1,100,-18590.400391
1752617507.117109,421727.000,940,1,EL,1,100,-18590.800781
1752617507.183609,421793.500,957,2,EL,1,100,-18591.000000
1752617507.250109,421860.000,957,2,EL,1,100,-18590.599609
1752617507.317109,421927.000,976,1,EL,1,100,-18591.400391
1752617507.383609,421993.500,990,2,EL,1,100,-18591.800781
1752617507.450108,422060.000,990,2,EL,1,100,-18591.800781
1752617507.517108,422127.000,1009,1,EL,1,100,-18592.199219
1752617507.583608,422193.500,1026,2,EL,1,100,-18592.000000
1752617507.650108,422260.000,1026,2,EL,1,100,-18592.199219
1752617507.717107,422327.000,1043,1,EL,1,100,-18592.400391
1752617507.783607,422393.500,1057,2,EL,1,100,-18592.599609
1752617507.850107,422460.000,1057,2,EL,1,100,-18592.599609
1752617507.917107,422527.000,1075,1,EL,1,100,-18592.800781
1752617507.983606,422593.500,1091,2,EL,1,100,-18593.400391
1752617508.050106,422660.000,1091,2,EL,1,100,-18593.599609
1752617508.117106,422727.000,1108,1,EL,1,100,-18593.599609
1752617508.183606,422793.500,1123,2,EL,1,100,-18593.599609
1752617508.250105,422860.000,1123,2,EL,1,100,-18594.000000
1752617508.317105,422927.000,1140,1,EL,1,100,-18593.800781
1752617508.383605,422993.500,1156,2,EL,1,100,-18593.800781
1752617508.450105,423060.000,1156,2,EL,1,100,-18594.400391
1752617508.517105,423127.000,1173,1,EL,1,100,-18595.000000
1752617508.583604,423193.500,1189,2,EL,1,100,-18595.000000
1752617508.650104,423260.000,1189,2,EL,1,100,-18595.000000
1752617508.717104,423327.000,1205,1,EL,1,100,-18595.199219
1752617508.783604,423393.500,1221,2,EL,1,100,-18595.800781
1752617508.850103,423460.000,1221,2,EL,1,100,-18595.800781
1752617508.917103,423527.000,1239,1,EL,1,100,-18595.800781
1752617508.983603,423593.500,1254,2,EL,1,100,-18596.599609
1752617509.050103,423660.000,1254,2,EL,1,100,-18596.000000
1752617509.116602,423726.500,1270,2,EL,1,100,-18596.599609
1752617509.183102,423793.000,1270,2,EL,1,100,-18596.400391
1752617509.250102,423860.000,1287,1,EL,1,100,-18596.800781
1752617509.316602,423926.500,1306,2,EL,1,100,-18597.000000
1752617509.383102,423993.000,1306,2,EL,1,100,-18597.199219
1752617509.450101,424060.000,1322,1,EL,1,100,-18597.400391
1752617509.516601,424126.500,1338,2,EL,1,100,-18597.599609
1752617509.583101,424193.000,1338,2,EL,1,100,-18598.000000
1752617509.650101,424260.000,1354,1,EL,1,100,-18598.000000
1752617509.716600,424326.500,1371,2,EL,1,100,-18598.199219
1752617509.783100,424393.000,1371,2,EL,1,100,-18598.400391
1752617509.850100,424460.000,1387,1,EL,1,100,-18598.400391
1752617509.916600,424526.500,1403,2,EL,1,100,-18598.800781
1752617509.983099,424593.000,1403,2,EL,1,100,-18598.800781
1752617510.050099,424660.000,1419,1,EL,1,100,-18598.800781
1752617510.116599,424726.500,1436,2,EL,1,100,-18599.000000
1752617510.183099,424793.000,1436,2,EL,1,100,-18599.000000
1752617510.250098,424860.000,1453,1,EL,1,100,-18599.199219
1752617510.316598,424926.500,1468,2,EL,1,100,-18599.599609
1752617510.383098,424993.000,1468,2,EL,1,100,-18599.800781
1752617510.450098,425060.000,1484,1,EL,1,100,-18599.800781
1752617510.516764,425126.667,1505,3,EL,1,100,-18600.199219
1752617510.583431,425193.333,1505,3,EL,1,100,-18600.599609
1752617510.650097,425260.000,1505,3,EL,1,100,-18600.599609
1752617510.716097,425326.000,1522,1,EL,1,100,-18601.000000
1752617510.783097,425393.000,1538,2,EL,1,100,-18601.199219
1752617510.850096,425460.000,1538,2,EL,1,100,-18601.000000
1752617510.916596,425526.500,1556,2,EL,1,100,-18601.400391
1752617510.983096,425593.000,1556,2,EL,1,100,-18601.599609
1752617511.050096,425660.000,1572,1,EL,1,100,-18601.800781
1752617511.116595,425726.500,1587,2,EL,1,100,-18602.000000
1752617511.183095,425793.000,1587,2,EL,1,100,-18602.000000
1752617511.250095,425860.000,1604,1,EL,1,100,-18601.800781
1752617511.316595,425926.500,1621,2,EL,1,100,-18602.400391
1752617511.383095,425993.000,1621,2,EL,1,100,-18602.599609
1752617511.449094,426059.000,1637,1,EL,1,100,-18602.800781
1752617511.516094,426126.000,1653,2,EL,1,100,-18603.400391
1752617511.583094,426193.000,1653,2,EL,1,100,-18603.000000
1752617511.649094,426259.000,1669,1,EL,1,100,-18603.000000
1752617511.716093,426326.000,1686,2,EL,1,100,-18603.400391
1752617511.783093,426393.000,1686,2,EL,1,100,-18603.599609
1752617511.850093,426460.000,1702,1,EL,1,100,-18603.800781
1752617511.916593,426526.500,1718,2,EL,1,100,-18604.199219
1752617511.983092,426593.000,1718,2,EL,1,100,-18604.400391
1752617512.049092,426659.000,1734,1,EL,1,100,-18604.599609
1752617512.116092,426726.000,1751,2,EL,1,100,-18604.800781
1752617512.183092,426793.000,1751,2,EL,1,100,-18604.599609
1752617512.249091,426859.000,1768,1,EL,1,100,-18605.000000
1752617512.316091,426926.000,1785,2,EL,1,100,-18605.199219
1752617512.383091,426993.000,1785,2,EL,1,100,-18605.400391
1752617512.449091,427059.000,1801,1,EL,1,100,-18605.599609
1752617512.516091,427126.000,1819,2,EL,1,100,-18605.800781
1752617512.583090,427193.000,1819,2,EL,1,100,-18606.000000
1752617512.649090,427259.000,1835,1,EL,1,100,-18606.199219
1752617512.716090,427326.000,1850,2,EL,1,100,-18606.199219
1752617512.783090,427393.000,1850,2,EL,1,100,-18605.800781
1752617512.849089,427459.000,1866,1,EL,1,100,-18606.000000
1752617512.916089,427526.000,1884,2,EL,1,100,-18606.599609
1752617512.983089,427593.000,1884,2,EL,1,100,-18606.800781
1752617513.049089,427659.000,1900,1,EL,1,100,-18607.199219
1752617513.116088,427726.000,1916,2,EL,1,100,-18607.599609
1752617513.183088,427793.000,1916,2,EL,1,100,-18607.599609
1752617513.249088,427859.000,1932,1,EL,1,100,-18607.800781
1752617513.316088,427926.000,1949,2,EL,1,100,-18608.000000
1752617513.383088,427993.000,1949,2,EL,1,100,-18608.199219
1752617513.449587,428059.500,1965,2,EL,1,100,-18608.000000
1752617513.516087,428126.000,1965,2,EL,1,100,-18608.599609
1752617513.583087,428193.000,1983,1,EL,1,100,-18608.800781
1752617513.649587,428259.500,1997,2,EL,1,100,-18609.000000
1752617513.716086,428326.000,1997,2,EL,1,100,-18609.199219
1752617513.783086,428393.000,2014,1,EL,1,100,-18609.000000
1752617513.849586,428459.500,2031,2,EL,1,100,-18609.599609
1752617513.916086,428526.000,2031,2,EL,1,100,-18609.599609
1752617513.983085,428593.000,2048,1,EL,1,100,-18609.599609
1752617514.049585,428659.500,2062,2,EL,1,100,-18610.000000
1752617514.116085,428726.000,2062,2,EL,1,100,-18610.400391
1752617514.183085,428793.000,2079,1,EL,1,100,-18610.000000
1752617514.249584,428859.500,2096,2,EL,1,100,-18610.400391
1752617514.316084,428926.000,2096,2,EL,1,100,-18610.599609
1752617514.383084,428993.000,2113,1,EL,1,100,-18610.800781
1752617514.449584,429059.500,2127,2,EL,1,100,-18610.800781
1752617514.516084,429126.000,2127,2,EL,1,100,-18610.800781
1752617514.583083,429193.000,2145,1,EL,1,100,-18611.199219
1752617514.649583,429259.500,2161,2,EL,1,100,-18611.400391
1752617514.716083,429326.000,2161,2,EL,1,100,-18611.800781
1752617514.783083,429393.000,2178,1,EL,1,100,-18612.000000
1752617514.849582,429459.500,2193,2,EL,1,100,-18612.199219
1752617514.916082,429526.000,2193,2,EL,1,100,-18612.000000
1752617514.982082,429592.000,2210,1,EL,1,100,-18612.599609
1752617515.049082,429659.000,2226,2,EL,1,100,-18612.599609
1752617515.116081,429726.000,2226,2,EL,1,100,-18612.800781
1752617515.183081,429793.000,2243,1,EL,1,100,-18613.199219
1752617515.249581,429859.500,2258,2,EL,1,100,-18612.800781
1752617515.316081,429926.000,2258,2,EL,1,100,-18613.199219
1752617515.383081,429993.000,2277,1,EL,1,100,-18613.400391
1752617515.449580,430059.500,2293,2,EL,1,100,-18613.000000
1752617515.516080,430126.000,2293,2,EL,1,100,-18613.400391
1752617515.583080,430193.000,2311,1,EL,1,100,-18613.800781
1752617515.649413,430259.333,2328,3,EL,1,100,-18613.599609
1752617515.715746,430325.667,2328,3,EL,1,100,-18614.000000
1752617515.782079,430392.000,2328,3,EL,1,100,-18614.000000
1752617515.849079,430459.000,2344,1,EL,1,100,-18614.199219
1752617515.915579,430525.500,2360,2,EL,1,100,-18614.599609
1752617515.982078,430592.000,2360,2,EL,1,100,-18615.000000
1752617516.049078,430659.000,2376,1,EL,1,100,-18615.000000
1752617516.115578,430725.500,2393,2,EL,1,100,-18614.800781
1752617516.182078,430792.000,2393,2,EL,1,100,-18614.800781
1752617516.249077,430859.000,2410,1,EL,1,100,-18615.000000
1752617516.315577,430925.500,2425,2,EL,1,100,-18615.000000
1752617516.382077,430992.000,2425,2,EL,1,100,-18615.199219
1752617516.449077,431059.000,2441,1,EL,1,100,-18615.400391
1752617516.515577,431125.500,2459,2,EL,1,100,-18615.800781
1752617516.582076,431192.000,2459,2,EL,1,100,-18616.000000
1752617516.649076,431259.000,2475,1,EL,1,100,-18615.800781
1752617516.715576,431325.500,2491,2,EL,1,100,-18616.000000
1752617516.782076,431392.000,2491,2,EL,1,100,-18616.599609
1752617516.849075,431459.000,2506,1,EL,1,100,-18616.599609
1752617516.915575,431525.500,2524,2,EL,1,100,-18616.199219
1752617516.982075,431592.000,2524,2,EL,1,100,-18617.000000
1752617517.049075,431659.000,2540,2,EL,1,100,-18617.800781
1752617517.116074,431726.000,2540,2,EL,1,100,-18617.800781
1752617517.182074,431792.000,2557,1,EL,1,100,-18617.599609
1752617517.249074,431859.000,2576,2,EL,1,100,-18618.000000
1752617517.316074,431926.000,2576,2,EL,1,100,-18617.800781
1752617517.382074,431992.000,2593,1,EL,1,100,-18618.599609
1752617517.449073,432059.000,2609,2,EL,1,100,-18619.000000
1752617517.516073,432126.000,2609,2,EL,1,100,-18619.000000
1752617517.582073,432192.000,2627,1,EL,1,100,-18619.199219
1752617517.649073,432259.000,2641,2,EL,1,100,-18619.199219
1752617517.716072,432326.000,2641,2,EL,1,100,-18619.000000
1752617517.782072,432392.000,2658,1,EL,1,100,-18619.400391
1752617517.849072,432459.000,2675,2,EL,1,100,-18619.800781
1752617517.916072,432526.000,2675,2,EL,1,100,-18619.800781
1752617517.982071,432592.000,2692,1,EL,1,100,-18620.400391
1752617518.049071,432659.000,2706,2,EL,1,100,-18620.000000
1752617518.116071,432726.000,2706,2,EL,1,100,-18620.199219
1752617518.182071,432792.000,2723,1,EL,1,100,-18620.599609
1752617518.248570,432858.500,2740,2,EL,1,100,-18620.800781
1752617518.315070,432925.000,2740,2,EL,1,100,-18620.800781
1752617518.382070,432992.000,2757,1,EL,1,100,-18621.199219
1752617518.448570,433058.500,2773,2,EL,1,100,-18621.400391
1752617518.515070,433125.000,2773,2,EL,1,100,-18621.400391
1752617518.582069,433192.000,2791,1,EL,1,100,-18621.599609
1752617518.648569,433258.500,2807,2,EL,1,100,-18622.000000
1752617518.715069,433325.000,2807,2,EL,1,100,-18622.000000
1752617518.782069,433392.000,2824,1,EL,1,100,-18622.199219
1752617518.848568,433458.500,2840,2,EL,1,100,-18622.599609
1752617518.915068,433525.000,2840,2,EL,1,100,-18623.000000
1752617518.982068,433592.000,2856,1,EL,1,100,-18623.000000
1752617519.048568,433658.500,2872,2,EL,1,100,-18623.199219
1752617519.115067,433725.000,2872,2,EL,1,100,-18622.599609
1752617519.182067,433792.000,2889,1,EL,1,100,-18623.199219
1752617519.248567,433858.500,2905,2,EL,1,100,-18623.199219
1752617519.315067,433925.000,2905,2,EL,1,100,-18623.199219
1752617519.382067,433992.000,2921,2,EL,1,100,-18623.199219
1752617519.449066,434059.000,2921,2,EL,1,100,-18623.400391
1752617519.515066,434125.000,2937,1,EL,1,100,-18623.599609
1752617519.582066,434192.000,2955,2,EL,1,100,-18623.800781
1752617519.649066,434259.000,2955,2,EL,1,100,-18624.199219
1752617519.715065,434325.000,2973,1,EL,1,100,-18624.199219
1752617519.782065,434392.000,2988,2,EL,1,100,-18624.199219
1752617519.849065,434459.000,2988,2,EL,1,100,-18624.400391
1752617519.915065,434525.000,3005,1,EL,1,100,-18624.400391
1752617519.982064,434592.000,3022,2,EL,1,100,-18624.599609
1752617520.049064,434659.000,3022,2,EL,1,100,-18624.800781
1752617520.115064,434725.000,3038,1,EL,1,100,-18625.400391
1752617520.182064,434792.000,3054,2,EL,1,100,-18625.000000
1752617520.249063,434859.000,3054,2,EL,1,100,-18625.199219
1752617520.315063,434925.000,3070,1,EL,1,100,-18625.400391
1752617520.382063,434992.000,3087,2,EL,1,100,-18625.400391
1752617520.449063,435059.000,3087,2,EL,1,100,-18625.400391
1752617520.515063,435125.000,3103,1,EL,1,100,-18625.599609
1752617520.582062,435192.000,3119,2,EL,1,100,-18626.199219
1752617520.649062,435259.000,3119,2,EL,1,100,-18626.000000
1752617520.715062,435325.000,3135,1,EL,1,100,-18626.400391
1752617520.782062,435392.000,3152,2,EL,1,100,-18626.599609
1752617520.849061,435459.000,3152,2,EL,1,100,-18626.599609
1752617520.915061,435525.000,3169,1,EL,1,100,-18627.199219
1752617520.982061,435592.000,3184,2,EL,1,100,-18626.800781
1752617521.049061,435659.000,3184,2,EL,1,100,-18626.800781
1752617521.115060,435725.000,3200,1,EL,1,100,-18627.000000
1752617521.182060,435792.000,3218,2,EL,1,100,-18627.199219
1752617521.249060,435859.000,3218,2,EL,1,100,-18627.599609
1752617521.315060,435925.000,3234,1,EL,1,100,-18627.599609
1752617521.381560,435991.500,3250,2,EL,1,100,-18628.000000
1752617521.448059,436058.000,3250,2,EL,1,100,-18627.599609
1752617521.515059,436125.000,3265,1,EL,1,100,-18628.400391
1752617521.581559,436191.500,3283,2,EL,1,100,-18628.199219
1752617521.648059,436258.000,3283,2,EL,1,100,-18627.599609
1752617521.715058,436325.000,3299,2,EL,1,100,-18628.000000
1752617521.782058,436392.000,3299,2,EL,1,100,-18628.400391
1752617521.848058,436458.000,3316,1,EL,1,100,-18628.599609
1752617521.915058,436525.000,3331,2,EL,1,100,-18628.400391
1752617521.982057,436592.000,3331,2,EL,1,100,-18628.599609
1752617522.048057,436658.000,3348,1,EL,1,100,-18629.400391
1752617522.115057,436725.000,3364,2,EL,1,100,-18629.400391
1752617522.182057,436792.000,3364,2,EL,1,100,-18629.199219
1752617522.248057,436858.000,3382,1,EL,1,100,-18629.000000
1752617522.315056,436925.000,3398,2,EL,1,100,-18629.400391
1752617522.382056,436992.000,3398,2,EL,1,100,-18630.000000
1752617522.448056,437058.000,3415,1,EL,1,100,-18630.000000
1752617522.515056,437125.000,3432,2,EL,1,100,-18629.400391
1752617522.582055,437192.000,3432,2,EL,1,100,-18629.800781
1752617522.648055,437258.000,3449,1,EL,1,100,-18630.199219
1752617522.715055,437325.000,3463,2,EL,1,100,-18630.400391
1752617522.782055,437392.000,3463,2,EL,1,100,-18630.400391
1752617522.848054,437458.000,3480,1,EL,1,100,-18631.199219
1752617522.915054,437525.000,3497,2,EL,1,100,-18631.000000
1752617522.982054,437592.000,3497,2,EL,1,100,-18631.000000
1752617523.048054,437658.000,3514,1,EL,1,100,-18631.800781
1752617523.115053,437725.000,3528,2,EL,1,100,-18631.599609
1752617523.182053,437792.000,3528,2,EL,1,100,-18631.800781
1752617523.248053,437858.000,3546,1,EL,1,100,-18632.000000
1752617523.315053,437925.000,3562,2,EL,1,100,-18631.599609
1752617523.382053,437992.000,3562,2,EL,1,100,-18632.400391
1752617523.448052,438058.000,3579,1,EL,1,100,-18632.199219
1752617523.515052,438125.000,3594,2,EL,1,100,-18632.400391
1752617523.582052,438192.000,3594,2,EL,1,100,-18632.599609
1752617523.648052,438258.000,3611,1,EL,1,100,-18632.800781
1752617523.715051,438325.000,3627,2,EL,1,100,-18633.000000
1752617523.782051,438392.000,3627,2,EL,1,100,-18633.599609
1752617523.848051,438458.000,3644,1,EL,1,100,-18633.800781
1752617523.915051,438525.000,3660,2,EL,1,100,-18633.199219
1752617523.982050,438592.000,3660,2,EL,1,100,-18633.599609
1752617524.048050,438658.000,3676,1,EL,1,100,-18634.000000
1752617524.115050,438725.000,3692,2,EL,1,100,-18634.199219
1752617524.182050,438792.000,3692,2,EL,1,100,-18634.000000
1752617524.248550,438858.500,3710,2,EL,1,100,-18634.199219
1752617524.315049,438925.000,3710,2,EL,1,100,-18634.800781
1752617524.382049,438992.000,3726,1,EL,1,100,-18635.000000
1752617524.448549,439058.500,3741,2,EL,1,100,-18635.000000
1752617524.515049,439125.000,3741,2,EL,1,100,-18635.400391
1752617524.582048,439192.000,3758,1,EL,1,100,-18635.400391
1752617524.648548,439258.500,3775,2,EL,1,100,-18635.800781
1752617524.715048,439325.000,3775,2,EL,1,100,-18635.800781
1752617524.781048,439391.000,3791,1,EL,1,100,-18636.000000
1752617524.848047,439458.000,3807,2,EL,1,100,-18636.400391
1752617524.915047,439525.000,3807,2,EL,1,100,-18636.400391
1752617524.981047,439591.000,3823,1,EL,1,100,-18636.199219
1752617525.048047,439658.000,3840,2,EL,1,100,-18636.599609
1752617525.115046,439725.000,3840,2,EL,1,100,-18637.000000
1752617525.181046,439791.000,3856,1,EL,1,100,-18637.199219
1752617525.248046,439858.000,3872,2,EL,1,100,-18637.400391
1752617525.315046,439925.000,3872,2,EL,1,100,-18637.199219
1752617525.381046,439991.000,3888,1,EL,1,100,-18637.400391
1752617525.448045,440058.000,3905,2,EL,1,100,-18637.199219
1752617525.515045,440125.000,3905,2,EL,1,100,-18637.800781
1752617525.581045,440191.000,3922,1,EL,1,100,-18637.400391
1752617525.648045,440258.000,3937,2,EL,1,100,-18638.000000
1752617525.715044,440325.000,3937,2,EL,1,100,-18638.199219
1752617525.781044,440391.000,3953,1,EL,1,100,-18638.400391
1752617525.848044,440458.000,3971,2,EL,1,100,-18638.599609
1752617525.915044,440525.000,3971,2,EL,1,100,-18638.400391
1752617525.981043,440591.000,3987,1,EL,1,100,-18638.599609
1752617526.048043,440658.000,4002,2,EL,1,100,-18638.599609
1752617526.115043,440725.000,4002,2,EL,1,100,-18639.000000
1752617526.181043,440791.000,4018,1,EL,1,100,-18639.400391
1752617526.248043,440858.000,4036,2,EL,1,100,-18639.400391
1752617526.315042,440925.000,4036,2,EL,1,100,-18639.400391
1752617526.381542,440991.500,4052,2,EL,1,100,-18639.599609
1752617526.448042,441058.000,4052,2,EL,1,100,-18640.000000
1752617526.515042,441125.000,4071,1,EL,1,100,-18640.400391
1752617526.581541,441191.500,4086,2,EL,1,100,-18640.199219
1752617526.648041,441258.000,4086,2,EL,1,100,-18640.599609
1752617526.715041,441325.000,4103,1,EL,1,100,-18640.400391
1752617526.781541,441391.500,4119,2,EL,1,100,-18640.599609
1752617526.848040,441458.000,4119,2,EL,1,100,-18640.599609
1752617526.915040,441525.000,4137,1,EL,1,100,-18641.000000
1752617526.981540,441591.500,4151,2,EL,1,100,-18641.400391
1752617527.048040,441658.000,4151,2,EL,1,100,-18641.199219
1752617527.115039,441725.000,4168,1,EL,1,100,-18641.400391
1752617527.181539,441791.500,4185,2,EL,1,100,-18641.599609
1752617527.248039,441858.000,4185,2,EL,1,100,-18641.599609
1752617527.315039,441925.000,4204,1,EL,1,100,-18641.199219
1752617527.381539,441991.500,4218,2,EL,1,100,-18641.599609
1752617527.448038,442058.000,4218,2,EL,1,100,-18642.000000
1752617527.515038,442125.000,4235,1,EL,1,100,-18642.199219
1752617527.581538,442191.500,4252,2,EL,1,100,-18642.400391
1752617527.648038,442258.000,4252,2,EL,1,100,-18642.599609
1752617527.715037,442325.000,4269,1,EL,1,100,-18642.599609
1752617527.781537,442391.500,4283,2,EL,1,100,-18643.000000
1752617527.848037,442458.000,4283,2,EL,1,100,-18643.400391
1752617527.915037,442525.000,4301,1,EL,1,100,-18642.800781
1752617527.981536,442591.500,4317,2,EL,1,100,-18643.599609
1752617528.048036,442658.000,4317,2,EL,1,100,-18643.599609
1752617528.114036,442724.000,4334,1,EL,1,100,-18643.400391
1752617528.181036,442791.000,4349,2,EL,1,100,-18643.599609
1752617528.248036,442858.000,4349,2,EL,1,100,-18644.199219
1752617528.314035,442924.000,4366,1,EL,1,100,-18644.599609
1752617528.381035,442991.000,4384,2,EL,1,100,-18644.800781
1752617528.448035,443058.000,4384,2,EL,1,100,-18644.800781
1752617528.514035,443124.000,4401,1,EL,1,100,-18644.800781
1752617528.581034,443191.000,4417,2,EL,1,100,-18645.199219
1752617528.648034,443258.000,4417,2,EL,1,100,-18645.000000
1752617528.714034,443324.000,4433,1,EL,1,100,-18645.199219
1752617528.781034,443391.000,4449,2,EL,1,100,-18645.400391
1752617528.848033,443458.000,4449,2,EL,1,100,-18645.599609
1752617528.914533,443524.500,4467,2,EL,1,100,-18645.800781
1752617528.981033,443591.000,4467,2,EL,1,100,-18646.000000
1752617529.048033,443658.000,4483,1,EL,1,100,-18646.000000
1752617529.114532,443724.500,4498,2,EL,1,100,-18646.800781
1752617529.181032,443791.000,4498,2,EL,1,100,-18646.800781
1752617529.248032,443858.000,4517,1,EL,1,100,-18646.800781
1752617529.314532,443924.500,4534,2,EL,1,100,-18646.400391
1752617529.381032,443991.000,4534,2,EL,1,100,-18646.599609
1752617529.448031,444058.000,4550,1,EL,1,100,-18646.800781
1752617529.514531,444124.500,4566,2,EL,1,100,-18647.000000
1752617529.581031,444191.000,4566,2,EL,1,100,-18647.000000
1752617529.648031,444258.000,4582,1,EL,1,100,-18647.199219
1752617529.714530,444324.500,4599,2,EL,1,100,-18647.000000
1752617529.781030,444391.000,4599,2,EL,1,100,-18647.000000
1752617529.848030,444458.000,4617,1,EL,1,100,-18647.800781
1752617529.914530,444524.500,4633,2,EL,1,100,-18647.800781
1752617529.981029,444591.000,4633,2,EL,1,100,-18647.599609
1752617530.048029,444658.000,4649,1,EL,1,100,-18648.000000
1752617530.114529,444724.500,4666,2,EL,1,100,-18648.000000
1752617530.181029,444791.000,4666,2,EL,1,100,-18648.000000
1752617530.248029,444858.000,4683,1,EL,1,100,-18648.000000
1752617530.314528,444924.500,4698,2,EL,1,100,-18648.599609
1752617530.381028,444991.000,4698,2,EL,1,100,-18648.400391
1752617530.448028,445058.000,4714,1,EL,1,100,-18648.800781
1752617530.514528,445124.500,4732,2,EL,1,100,-18648.400391
1752617530.581027,445191.000,4732,2,EL,1,100,-18648.599609
1752617530.648027,445258.000,4750,1,EL,1,100,-18649.199219
1752617530.714527,445324.500,4765,2,EL,1,100,-18649.199219
1752617530.781027,445391.000,4765,2,EL,1,100,-18649.199219
1752617530.848026,445458.000,4781,1,EL,1,100,-18649.400391
1752617530.914526,445524.500,4799,2,EL,1,100,-18649.400391
1752617530.981026,445591.000,4799,2,EL,1,100,-18649.599609
1752617531.048026,445658.000,4815,1,EL,1,100,-18649.800781
1752617531.114525,445724.500,4831,2,EL,1,100,-18650.000000
1752617531.181025,445791.000,4831,2,EL,1,100,-18650.199219
1752617531.247525,445857.500,4847,2,EL,1,100,-18650.199219
1752617531.314025,445924.000,4847,2,EL,1,100,-18650.000000
1752617531.381025,445991.000,4864,1,EL,1,100,-18650.199219
1752617531.447524,446057.500,4880,2,EL,1,100,-18650.199219
1752617531.514024,446124.000,4880,2,EL,1,100,-18650.199219
1752617531.581024,446191.000,4898,1,EL,1,100,-18650.599609
1752617531.647524,446257.500,4912,2,EL,1,100,-18650.800781
1752617531.714023,446324.000,4912,2,EL,1,100,-18650.599609
1752617531.781023,446391.000,4929,1,EL,1,100,-18651.199219
1752617531.847523,446457.500,4946,2,EL,1,100,-18651.199219
1752617531.914023,446524.000,4946,2,EL,1,100,-18651.400391
1752617531.981022,446591.000,4963,1,EL,1,100,-18651.800781
1752617532.047522,446657.500,4977,2,EL,1,100,-18651.599609
1752617532.114022,446724.000,4977,2,EL,1,100,-18651.800781
1752617532.181022,446791.000,4994,1,EL,1,100,-18652.000000
1752617532.247522,446857.500,5013,2,EL,1,100,-18651.599609
1752617532.314021,446924.000,5013,2,EL,1,100,-18652.000000
1752617532.381021,446991.000,5030,1,EL,1,100,-18652.199219
1752617532.447521,447057.500,5044,2,EL,1,100,-18652.800781
1752617532.514021,447124.000,5044,2,EL,1,100,-18652.599609
1752617532.581020,447191.000,5062,1,EL,1,100,-18653.400391
1752617532.647520,447257.500,5078,2,EL,1,100,-18653.599609
1752617532.714020,447324.000,5078,2,EL,1,100,-18653.599609
1752617532.781020,447391.000,5095,1,EL,1,100,-18653.800781
1752617532.847519,447457.500,5110,2,EL,1,100,-18653.599609
1752617532.914019,447524.000,5110,2,EL,1,100,-18653.800781
1752617532.981019,447591.000,5127,1,EL,1,100,-18654.199219
1752617533.047519,447657.500,5143,2,EL,1,100,-18654.400391
1752617533.114018,447724.000,5143,2,EL,1,100,-18654.199219
1752617533.181018,447791.000,5160,1,EL,1,100,-18654.400391
1752617533.247518,447857.500,5176,2,EL,1,100,-18654.800781
1752617533.314018,447924.000,5176,2,EL,1,100,-18654.800781
1752617533.381018,447991.000,5192,1,EL,1,100,-18655.400391
1752617533.447517,448057.500,5208,2,EL,1,100,-18655.599609
1752617533.514017,448124.000,5208,2,EL,1,100,-18656.000000
1752617533.581017,448191.000,5226,1,EL,1,100,-18655.599609
1752617533.647517,448257.500,5241,2,EL,1,100,-18655.599609
1752617533.714016,448324.000,5241,2,EL,1,100,-18655.599609
1752617533.780516,448390.500,5257,2,EL,1,100,-18656.000000
1752617533.847016,448457.000,5257,2,EL,1,100,-18656.199219
1752617533.914016,448524.000,5274,1,EL,1,100,-18656.400391
1752617533.980515,448590.500,5291,2,EL,1,100,-18656.599609
1752617534.047015,448657.000,5291,2,EL,1,100,-18656.599609
1752617534.114015,448724.000,5307,1,EL,1,100,-18656.599609
1752617534.180515,448790.500,5323,2,EL,1,100,-18656.800781
1752617534.247015,448857.000,5323,2,EL,1,100,-18656.800781
1752617534.314014,448924.000,5339,1,EL,1,100,-18657.400391
1752617534.380514,448990.500,5356,2,EL,1,100,-18657.000000
1752617534.447014,449057.000,5356,2,EL,1,100,-18657.400391
1752617534.514014,449124.000,5372,1,EL,1,100,-18657.400391
1752617534.580513,449190.500,5388,2,EL,1,100,-18658.000000
1752617534.647013,449257.000,5388,2,EL,1,100,-18658.400391
1752617534.714013,449324.000,5404,1,EL,1,100,-18657.800781
1752617534.780513,449390.500,5421,2,EL,1,100,-18658.000000
1752617534.847012,449457.000,5421,2,EL,1,100,-18658.199219
1752617534.914012,449524.000,5438,1,EL,1,100,-18658.599609
1752617534.980512,449590.500,5453,2,EL,1,100,-18658.800781
1752617535.047012,449657.000,5453,2,EL,1,100,-18659.000000
1752617535.114011,449724.000,5469,1,EL,1,100,-18659.400391
1752617535.180511,449790.500,5487,2,EL,1,100,-18659.400391
1752617535.247011,449857.000,5487,2,EL,1,100,-18659.599609
1752617535.314011,449924.000,5503,1,EL,1,100,-18659.599609
1752617535.380511,449990.500,5518,2,EL,1,100,-18659.599609
1752617535.447010,450057.000,5518,2,EL,1,100,-18659.800781
1752617535.514010,450124.000,5534,1,EL,1,100,-18660.400391
1752617535.580510,450190.500,5552,2,EL,1,100,-18660.199219
1752617535.647010,450257.000,5552,2,EL,1,100,-18660.599609
1752617535.714009,450324.000,5568,1,EL,1,100,-18660.400391
1752617535.780509,450390.500,5584,2,EL,1,100,-18660.599609
1752617535.847009,450457.000,5584,2,EL,1,100,-18660.800781
1752617535.914009,450524.000,5600,1,EL,1,100,-18661.400391
1752617535.980508,450590.500,5617,2,EL,1,100,-18661.199219
1752617536.047008,450657.000,5617,2,EL,1,100,-18661.400391
1752617536.114008,450724.000,5633,1,EL,1,100,-18661.400391
1752617536.180508,450790.500,5650,2,EL,1,100,-18661.199219
1752617536.247008,450857.000,5650,2,EL,1,100,-18661.800781
1752617536.313507,450923.500,5665,2,EL,1,100,-18661.800781
1752617536.380007,450990.000,5665,2,EL,1,100,-18663.199219
1752617536.447007,451057.000,5682,1,EL,1,100,-18667.800781
1752617536.513507,451123.500,5699,2,EL,1,100,-18670.000000
1752617536.580006,451190.000,5699,2,EL,1,100,-18670.800781
1752617536.647006,451257.000,5716,1,EL,1,100,-18671.199219
1752617536.713506,451323.500,5730,2,EL,1,100,-18671.800781
1752617536.780006,451390.000,5730,2,EL,1,100,-18672.199219
1752617536.847005,451457.000,5749,1,EL,1,100,-18672.199219
1752617536.913505,451523.500,5766,2,EL,1,100,-18672.800781
1752617536.980005,451590.000,5766,2,EL,1,100,-18672.800781
1752617537.047005,451657.000,5785,1,EL,1,100,-18673.000000
1752617537.113504,451723.500,5799,2,EL,1,100,-18673.000000
1752617537.180004,451790.000,5799,2,EL,1,100,-18673.000000
1752617537.247004,451857.000,5817,1,EL,1,100,-18673.199219
1752617537.313504,451923.500,5835,2,EL,1,100,-18673.199219
1752617537.380004,451990.000,5835,2,EL,1,100,-18673.400391
1752617537.447003,452057.000,5852,1,EL,1,100,-18673.400391
1752617537.513503,452123.500,5867,2,EL,1,100,-18673.800781
1752617537.580003,452190.000,5867,2,EL,1,100,-18674.199219
1752617537.647003,452257.000,5884,1,EL,1,100,-18674.000000
1752617537.713502,452323.500,5900,2,EL,1,100,-18674.400391
1752617537.780002,452390.000,5900,2,EL,1,100,-18674.599609
1752617537.847002,452457.000,5917,1,EL,1,100,-18675.000000
1752617537.913502,452523.500,5932,2,EL,1,100,-18675.000000
1752617537.980001,452590.000,5932,2,EL,1,100,-18675.199219
1752617538.047001,452657.000,5949,1,EL,1,100,-18675.400391
1752617538.113501,452723.500,5965,2,EL,1,100,-18675.800781
1752617538.180001,452790.000,5965,2,EL,1,100,-18675.800781
1752617538.247001,452857.000,5985,1,EL,1,100,-18676.000000
1752617538.313500,452923.500,6000,2,EL,1,100,-18676.000000
1752617538.380000,452990.000,6000,2,EL,1,100,-18676.199219
1752617538.447000,453057.000,6016,1,EL,1,100,-18676.000000
1752617538.513500,453123.500,6033,2,EL,1,100,-18676.800781
1752617538.579999,453190.000,6033,2,EL,1,100,-18676.800781
1752617538.646999,453257.000,6050,1,EL,1,100,-18676.599609
1752617538.713499,453323.500,6065,2,EL,1,100,-18676.800781
1752617538.779999,453390.000,6065,2,EL,1,100,-18677.000000
1752617538.846498,453456.500,6082,2,EL,1,100,-18676.800781
1752617538.912998,453523.000,6082,2,EL,1,100,-18677.000000
1752617538.979998,453590.000,6098,1,EL,1,100,-18678.000000
1752617539.046498,453656.500,6117,2,EL,1,100,-18677.599609
1752617539.112998,453723.000,6117,2,EL,1,100,-18678.000000
1752617539.179997,453790.000,6133,1,EL,1,100,-18677.800781
1752617539.246497,453856.500,6149,2,EL,1,100,-18677.800781
1752617539.312997,453923.000,6149,2,EL,1,100,-18678.000000
1752617539.379997,453990.000,6165,1,EL,1,100,-18678.000000
1752617539.446496,454056.500,6182,2,EL,1,100,-18678.400391
1752617539.512996,454123.000,6182,2,EL,1,100,-18678.800781
1752617539.579996,454190.000,6199,1,EL,1,100,-18678.800781
1752617539.646496,454256.500,6214,2,EL,1,100,-18679.000000
1752617539.712995,454323.000,6214,2,EL,1,100,-18678.800781
1752617539.779995,454390.000,6230,1,EL,1,100,-18679.000000
1752617539.846495,454456.500,6248,2,EL,1,100,-18679.199219
1752617539.912995,454523.000,6248,2,EL,1,100,-18679.199219
1752617539.979994,454590.000,6264,1,EL,1,100,-18679.000000
1752617540.046494,454656.500,6279,2,EL,1,100,-18679.599609
1752617540.112994,454723.000,6279,2,EL,1,100,-18679.800781
1752617540.179994,454790.000,6295,1,EL,1,100,-18680.199219
1752617540.246494,454856.500,6313,2,EL,1,100,-18680.000000
1752617540.312993,454923.000,6313,2,EL,1,100,-18680.199219
1752617540.379993,454990.000,6329,1,EL,1,100,-18680.199219
1752617540.446493,455056.500,6344,2,EL,1,100,-18680.199219
1752617540.512993,455123.000,6344,2,EL,1,100,-18680.800781
1752617540.579992,455190.000,6361,1,EL,1,100,-18680.400391
1752617540.646492,455256.500,6378,2,EL,1,100,-18680.800781
1752617540.712992,455323.000,6378,2,EL,1,100,-18681.000000
1752617540.779992,455390.000,6394,1,EL,1,100,-18681.199219
1752617540.846491,455456.500,6411,2,EL,1,100,-18681.199219
1752617540.912991,455523.000,6411,2,EL,1,100,-18681.000000
1752617540.979991,455590.000,6428,1,EL,1,100,-18681.400391
1752617541.046491,455656.500,6445,2,EL,1,100,-18682.000000
1752617541.112991,455723.000,6445,2,EL,1,100,-18682.000000
1752617541.179990,455790.000,6461,1,EL,1,100,-18681.599609
1752617541.246490,455856.500,6478,2,EL,1,100,-18681.800781
1752617541.312990,455923.000,6478,2,EL,1,100,-18682.000000
1752617541.379490,455989.500,6493,2,EL,1,100,-18682.199219
1752617541.445989,456056.000,6493,2,EL,1,100,-18682.199219
1752617541.512989,456123.000,6510,1,EL,1,100,-18682.599609
1752617541.579489,456189.500,6527,2,EL,1,100,-18682.400391
1752617541.645989,456256.000,6527,2,EL,1,100,-18682.599609
1752617541.712988,456323.000,6544,1,EL,1,100,-18683.199219
1752617541.779488,456389.500,6558,2,EL,1,100,-18683.000000
1752617541.845988,456456.000,6558,2,EL,1,100,-18682.800781
1752617541.912988,456523.000,6576,1,EL,1,100,-18682.800781
1752617541.979487,456589.500,6592,2,EL,1,100,-18683.800781
1752617542.045987,456656.000,6592,2,EL,1,100,-18684.000000
1752617542.112987,456723.000,6609,1,EL,1,100,-18684.000000
1752617542.179487,456789.500,6624,2,EL,1,100,-18683.800781
1752617542.245987,456856.000,6624,2,EL,1,100,-18684.000000
1752617542.312986,456923.000,6643,1,EL,1,100,-18684.199219
1752617542.379486,456989.500,6659,2,EL,1,100,-18684.199219
1752617542.445986,457056.000,6659,2,EL,1,100,-18684.400391
1752617542.512986,457123.000,6676,1,EL,1,100,-18684.599609
1752617542.579485,457189.500,6691,2,EL,1,100,-18684.599609
1752617542.645985,457256.000,6691,2,EL,1,100,-18684.599609
1752617542.712985,457323.000,6708,1,EL,1,100,-18685.199219
1752617542.779485,457389.500,6724,2,EL,1,100,-18685.199219
1752617542.845984,457456.000,6724,2,EL,1,100,-18685.599609
1752617542.912984,457523.000,6742,1,EL,1,100,-18685.400391
1752617542.979484,457589.500,6756,2,EL,1,100,-18685.800781
1752617543.045984,457656.000,6756,2,EL,1,100,-18685.599609
1752617543.112984,457723.000,6773,1,EL,1,100,-18685.800781
1752617543.179483,457789.500,6790,2,EL,1,100,-18685.800781
1752617543.245983,457856.000,6790,2,EL,1,100,-18685.800781
1752617543.312983,457923.000,6807,1,EL,1,100,-18686.400391
1752617543.379483,457989.500,6822,2,EL,1,100,-18686.599609
1752617543.445982,458056.000,6822,2,EL,1,100,-18686.599609
1752617543.512982,458123.000,6838,1,EL,1,100,-18686.800781
1752617543.579482,458189.500,6855,2,EL,1,100,-18687.599609
1752617543.645982,458256.000,6855,2,EL,1,100,-18687.400391
1752617543.712981,458323.000,6872,1,EL,1,100,-18687.199219
1752617543.779481,458389.500,6887,2,EL,1,100,-18687.599609
1752617543.845981,458456.000,6887,2,EL,1,100,-18687.599609
1752617543.912981,458523.000,6904,2,EL,1,100,-18687.599609
1752617543.979980,458590.000,6904,2,EL,1,100,-18688.199219
1752617544.045980,458656.000,6920,1,EL,1,100,-18688.199219
1752617544.112980,458723.000,6937,2,EL,1,100,-18688.400391
1752617544.179980,458790.000,6937,2,EL,1,100,-18688.400391
1752617544.245980,458856.000,6954,1,EL,1,100,-18688.400391
1752617544.312979,458923.000,6969,2,EL,1,100,-18688.599609
1752617544.379979,458990.000,6969,2,EL,1,100,-18689.199219
1752617544.445979,459056.000,6985,1,EL,1,100,-18688.800781
1752617544.512979,459123.000,7003,2,EL,1,100,-18688.800781
1752617544.579978,459190.000,7003,2,EL,1,100,-18689.199219
1752617544.645978,459256.000,7019,1,EL,1,100,-18689.199219
1752617544.712478,459322.500,7034,2,EL,1,100,-18689.599609
1752617544.778978,459389.000,7034,2,EL,1,100,-18689.599609
1752617544.845977,459456.000,7050,1,EL,1,100,-18689.400391
1752617544.912477,459522.500,7068,2,EL,1,100,-18689.800781
1752617544.978977,459589.000,7068,2,EL,1,100,-18690.000000
1752617545.045977,459656.000,7084,1,EL,1,100,-18690.400391
1752617545.112477,459722.500,7099,2,EL,1,100,-18690.599609
1752617545.178976,459789.000,7099,2,EL,1,100,-18690.599609
1752617545.245976,459856.000,7116,1,EL,1,100,-18691.000000
1752617545.312476,459922.500,7133,2,EL,1,100,-18690.800781
1752617545.378976,459989.000,7133,2,EL,1,100,-18691.400391
1752617545.445975,460056.000,7149,1,EL,1,100,-18691.400391
1752617545.512475,460122.500,7165,2,EL,1,100,-18691.400391
1752617545.578975,460189.000,7165,2,EL,1,100,-18691.599609
1752617545.645975,460256.000,7181,1,EL,1,100,-18692.000000
1752617545.712474,460322.500,7198,2,EL,1,100,-18691.599609
1752617545.778974,460389.000,7198,2,EL,1,100,-18691.599609
1752617545.845974,460456.000,7214,1,EL,1,100,-18692.199219
1752617545.912474,460522.500,7231,2,EL,1,100,-18691.800781
1752617545.978973,460589.000,7231,2,EL,1,100,-18692.000000
1752617546.045973,460656.000,7246,1,EL,1,100,-18692.400391
1752617546.112473,460722.500,7263,2,EL,1,100,-18692.599609
1752617546.178973,460789.000,7263,2,EL,1,100,-18692.400391
1752617546.245973,460856.000,7280,1,EL,1,100,-18692.400391
1752617546.312472,460922.500,7296,2,EL,1,100,-18692.800781
1752617546.378972,460989.000,7296,2,EL,1,100,-18693.000000
1752617546.445972,461056.000,7311,2,EL,1,100,-18692.800781
1752617546.512972,461123.000,7311,2,EL,1,100,-18693.199219
1752617546.578971,461189.000,7329,1,EL,1,100,-18693.199219
1752617546.645971,461256.000,7345,2,EL,1,100,-18693.000000
1752617546.712971,461323.000,7345,2,EL,1,100,-18693.400391
1752617546.778971,461389.000,7362,1,EL,1,100,-18693.400391
1752617546.845970,461456.000,7377,2,EL,1,100,-18693.400391
1752617546.912970,461523.000,7377,2,EL,1,100,-18693.800781
1752617546.978970,461589.000,7394,1,EL,1,100,-18693.800781
1752617547.045970,461656.000,7410,2,EL,1,100,-18694.000000
1752617547.112970,461723.000,7410,2,EL,1,100,-18694.000000
1752617547.178969,461789.000,7427,1,EL,1,100,-18694.400391
1752617547.245969,461856.000,7444,2,EL,1,100,-18694.599609
1752617547.312969,461923.000,7444,2,EL,1,100,-18695.000000
1752617547.378969,461989.000,7461,1,EL,1,100,-18695.000000
1752617547.445968,462056.000,7477,2,EL,1,100,-18695.199219
1752617547.512968,462123.000,7477,2,EL,1,100,-18695.000000
1752617547.578968,462189.000,7495,1,EL,1,100,-18695.000000
1752617547.645968,462256.000,7509,2,EL,1,100,-18695.599609
1752617547.712967,462323.000,7509,2,EL,1,100,-18695.400391
1752617547.778967,462389.000,7526,1,EL,1,100,-18695.800781
1752617547.845967,462456.000,7543,2,EL,1,100,-18696.000000
1752617547.912967,462523.000,7543,2,EL,1,100,-18696.000000
1752617547.978966,462589.000,7560,1,EL,1,100,-18696.000000
1752617548.045966,462656.000,7576,2,EL,1,100,-18696.000000
1752617548.112966,462723.000,7576,2,EL,1,100,-18696.000000
1752617548.178966,462789.000,7593,1,EL,1,100,-18696.000000
1752617548.245466,462855.500,7610,2,EL,1,100,-18696.199219
1752617548.311965,462922.000,7610,2,EL,1,100,-18696.000000
1752617548.378965,462989.000,7627,1,EL,1,100,-18696.199219
1752617548.445465,463055.500,7642,2,EL,1,100,-18696.400391
1752617548.511965,463122.000,7642,2,EL,1,100,-18697.000000
1752617548.578964,463189.000,7659,1,EL,1,100,-18696.800781
1752617548.645464,463255.500,7677,2,EL,1,100,-18697.199219
1752617548.711964,463322.000,7677,2,EL,1,100,-18697.000000
1752617548.778964,463389.000,7694,2,EL,1,100,-18697.599609
1752617548.845963,463456.000,7694,2,EL,1,100,-18697.400391
1752617548.911963,463522.000,7711,1,EL,1,100,-18697.400391
1752617548.978963,463589.000,7726,2,EL,1,100,-18697.599609
1752617549.045963,463656.000,7726,2,EL,1,100,-18698.000000
1752617549.111963,463722.000,7744,1,EL,1,100,-18697.800781
1752617549.178962,463789.000,7762,2,EL,1,100,-18698.199219
1752617549.245962,463856.000,7762,2,EL,1,100,-18698.599609
1752617549.311962,463922.000,7778,1,EL,1,100,-18698.599609
1752617549.378962,463989.000,7793,2,EL,1,100,-18698.400391
1752617549.445961,464056.000,7793,2,EL,1,100,-18698.599609
1752617549.511961,464122.000,7809,1,EL,1,100,-18699.199219
1752617549.578961,464189.000,7827,2,EL,1,100,-18699.400391
1752617549.645961,464256.000,7827,2,EL,1,100,-18699.199219
1752617549.711960,464322.000,7843,1,EL,1,100,-18699.400391
1752617549.778960,464389.000,7858,2,EL,1,100,-18699.400391
1752617549.845960,464456.000,7858,2,EL,1,100,-18699.400391
1752617549.911960,464522.000,7875,1,EL,1,100,-18700.000000
1752617549.978959,464589.000,7892,2,EL,1,100,-18699.800781
1752617550.045959,464656.000,7892,2,EL,1,100,-18699.800781
1752617550.111959,464722.000,7908,1,EL,1,100,-18700.000000
1752617550.178959,464789.000,7926,2,EL,1,100,-18700.400391
1752617550.245959,464856.000,7926,2,EL,1,100,-18700.400391
1752617550.311958,464922.000,7942,1,EL,1,100,-18700.599609
1752617550.378958,464989.000,7959,2,EL,1,100,-18700.800781
1752617550.445958,465056.000,7959,2,EL,1,100,-18701.199219
1752617550.511958,465122.000,7975,1,EL,1,100,-18701.199219
1752617550.578957,465189.000,7992,2,EL,1,100,-18701.400391
1752617550.645957,465256.000,7992,2,EL,1,100,-18701.000000
1752617550.711957,465322.000,8007,1,EL,1,100,-18701.199219
1752617550.778957,465389.000,8024,2,EL,1,100,-18701.400391
1752617550.845956,465456.000,8024,2,EL,1,100,-18701.800781
1752617550.912456,465522.500,8041,2,EL,1,100,-18702.000000
1752617550.978956,465589.000,8041,2,EL,1,100,-18702.199219
1752617551.045956,465656.000,8058,1,EL,1,100,-18702.599609
1752617551.112456,465722.500,8072,2,EL,1,100,-18702.599609
1752617551.178955,465789.000,8072,2,EL,1,100,-18702.800781
1752617551.245955,465856.000,8090,1,EL,1,100,-18703.000000
1752617551.312455,465922.500,8106,2,EL,1,100,-18703.000000
1752617551.378955,465989.000,8106,2,EL,1,100,-18703.000000
1752617551.444954,466055.000,8123,1,EL,1,100,-18703.000000
1752617551.511954,466122.000,8138,2,EL,1,100,-18703.800781
1752617551.578954,466189.000,8138,2,EL,1,100,-18703.199219
1752617551.644954,466255.000,8155,1,EL,1,100,-18703.800781
1752617551.711953,466322.000,8171,2,EL,1,100,-18703.800781
1752617551.778953,466389.000,8171,2,EL,1,100,-18704.000000
1752617551.844953,466455.000,8188,1,EL,1,100,-18704.000000
1752617551.911953,466522.000,8203,2,EL,1,100,-18704.199219
1752617551.978952,466589.000,8203,2,EL,1,100,-18704.199219
1752617552.044952,466655.000,8220,1,EL,1,100,-18704.400391
1752617552.111952,466722.000,8236,2,EL,1,100,-18704.199219
1752617552.178952,466789.000,8236,2,EL,1,100,-18704.400391
1752617552.244952,466855.000,8254,1,EL,1,100,-18704.800781
1752617552.311951,466922.000,8270,2,EL,1,100,-18704.800781
1752617552.378951,466989.000,8270,2,EL,1,100,-18704.800781
1752617552.444951,467055.000,8287,1,EL,1,100,-18705.000000
1752617552.511951,467122.000,8304,2,EL,1,100,-18705.400391
1752617552.578950,467189.000,8304,2,EL,1,100,-18705.400391
1752617552.644950,467255.000,8321,1,EL,1,100,-18705.199219
1752617552.711950,467322.000,8336,2,EL,1,100,-18705.199219
1752617552.778950,467389.000,8336,2,EL,1,100,-18705.400391
1752617552.845449,467455.500,8353,2,EL,1,100,-18705.800781
1752617552.911949,467522.000,8353,2,EL,1,100,-18705.000000
1752617552.978649,467588.700,8372,10,EL,1,100,-18705.400391
1752617553.045349,467655.400,8372,10,EL,1,100,-18705.800781
1752617553.112049,467722.100,8372,10,EL,1,100,-18706.000000
1752617553.178748,467788.800,8372,10,EL,1,100,-18706.000000
1752617553.245448,467855.500,8372,10,EL,1,100,-18706.000000
1752617553.312148,467922.200,8372,10,EL,1,100,-18706.599609
1752617553.378848,467988.900,8372,10,EL,1,100,-18706.400391
1752617553.445547,468055.600,8372,10,EL,1,100,-18706.599609
1752617553.512247,468122.300,8372,10,EL,1,100,-18706.599609
1752617553.578947,468189.000,8372,10,EL,1,100,-18707.000000
1752617553.645594,468255.647,8392,17,EL,1,100,-18707.199219
1752617553.712241,468322.294,8392,17,EL,1,100,-18707.199219
1752617553.778887,468388.941,8392,17,EL,1,100,-18707.000000
1752617553.845534,468455.588,8392,17,EL,1,100,-18707.400391
1752617553.912181,468522.235,8392,17,EL,1,100,-18707.199219
1752617553.978828,468588.882,8392,17,EL,1,100,-18707.599609
1752617554.045475,468655.529,8392,17,EL,1,100,-18707.800781
1752617554.112122,468722.176,8392,17,EL,1,100,-18707.800781
1752617554.178768,468788.824,8392,17,EL,1,100,-18707.599609
1752617554.245415,468855.471,8392,17,EL,1,100,-18708.599609
1752617554.312062,468922.118,8392,17,EL,1,100,-18708.400391
1752617554.378709,468988.765,8392,17,EL,1,100,-18708.199219
1752617554.445356,469055.412,8392,17,EL,1,100,-18708.400391
1752617554.512002,469122.059,8392,17,EL,1,100,-18708.599609
1752617554.578649,469188.706,8392,17,EL,1,100,-18708.599609
1752617554.645296,469255.353,8392,17,EL,1,100,-18708.599609
1752617554.711943,469322.000,8392,17,EL,1,100,-18709.000000
1752617554.778568,469388.625,8412,16,EL,1,100,-18709.000000
1752617554.845192,469455.250,8412,16,EL,1,100,-18709.000000
1752617554.911817,469521.875,8412,16,EL,1,100,-18709.000000
1752617554.978442,469588.500,8412,16,EL,1,100,-18709.400391
1752617555.045067,469655.125,8412,16,EL,1,100,-18709.199219
1752617555.111692,469721.750,8412,16,EL,1,100,-18709.599609
1752617555.178316,469788.375,8412,16,EL,1,100,-18709.199219
1752617555.244941,469855.000,8412,16,EL,1,100,-18709.400391
1752617555.311566,469921.625,8412,16,EL,1,100,-18709.400391
1752617555.378191,469988.250,8412,16,EL,1,100,-18709.599609
1752617555.444815,470054.875,8412,16,EL,1,100,-18710.000000
1752617555.511440,470121.500,8412,16,EL,1,100,-18710.000000
1752617555.578065,470188.125,8412,16,EL,1,100,-18709.800781
1752617555.644690,470254.750,8412,16,EL,1,100,-18710.800781
1752617555.711314,470321.375,8412,16,EL,1,100,-18710.599609
1752617555.777939,470388.000,8412,16,EL,1,100,-18710.800781
1752617555.844939,470455.000,8429,2,EL,1,100,-18711.000000
1752617555.911939,470522.000,8429,2,EL,1,100,-18711.199219
1752617555.978439,470588.500,8446,2,EL,1,100,-18711.199219
1752617556.044938,470655.000,8446,2,EL,1,100,-18711.400391
1752617556.111938,470722.000,8462,1,EL,1,100,-18711.400391
1752617556.178438,470788.500,8478,2,EL,1,100,-18711.400391
1752617556.244938,470855.000,8478,2,EL,1,100,-18711.599609
1752617556.311937,470922.000,8494,1,EL,1,100,-18711.599609
1752617556.378437,470988.500,8511,2,EL,1,100,-18712.000000
1752617556.444937,471055.000,8511,2,EL,1,100,-18712.400391
1752617556.511937,471122.000,8527,1,EL,1,100,-18712.199219
1752617556.578436,471188.500,8543,2,EL,1,100,-18712.400391
1752617556.644936,471255.000,8543,2,EL,1,100,-18712.599609
1752617556.711936,471322.000,8559,1,EL,1,100,-18712.599609
1752617556.778436,471388.500,8576,2,EL,1,100,-18713.199219
1752617556.844935,471455.000,8576,2,EL,1,100,-18713.199219
1752617556.911935,471522.000,8593,1,EL,1,100,-18713.400391
1752617556.978435,471588.500,8608,2,EL,1,100,-18713.599609
1752617557.044935,471655.000,8608,2,EL,1,100,-18713.599609
1752617557.111935,471722.000,8624,1,EL,1,100,-18713.599609
1752617557.178434,471788.500,8642,2,EL,1,100,-18713.800781
1752617557.244934,471855.000,8642,2,EL,1,100,-18713.599609
1752617557.311934,471922.000,8660,1,EL,1,100,-18713.599609
1752617557.378434,471988.500,8675,2,EL,1,100,-18714.199219
1752617557.444933,472055.000,8675,2,EL,1,100,-18714.800781
1752617557.511933,472122.000,8691,1,EL,1,100,-18714.599609
1752617557.578433,472188.500,8709,2,EL,1,100,-18714.800781
1752617557.644933,472255.000,8709,2,EL,1,100,-18715.000000
1752617557.711932,472322.000,8725,1,EL,1,100,-18715.000000
1752617557.778432,472388.500,8740,2,EL,1,100,-18714.599609
1752617557.844932,472455.000,8740,2,EL,1,100,-18715.199219
1752617557.911932,472522.000,8757,1,EL,1,100,-18715.400391
1752617557.978432,472588.500,8774,2,EL,1,100,-18715.199219
1752617558.044931,472655.000,8774,2,EL,1,100,-18715.400391
1752617558.111931,472722.000,8790,1,EL,1,100,-18715.400391
1752617558.178431,472788.500,8807,2,EL,1,100,-18715.599609
1752617558.244931,472855.000,8807,2,EL,1,100,-18715.599609
1752617558.311430,472921.500,8822,2,EL,1,100,-18715.800781
1752617558.377930,472988.000,8822,2,EL,1,100,-18716.000000
1752617558.444930,473055.000,8839,1,EL,1,100,-18715.800781
1752617558.511430,473121.500,8856,2,EL,1,100,-18715.400391
1752617558.577929,473188.000,8856,2,EL,1,100,-18716.000000
1752617558.644929,473255.000,8873,1,EL,1,100,-18716.000000
1752617558.711429,473321.500,8887,2,EL,1,100,-18716.000000
1752617558.777929,473388.000,8887,2,EL,1,100,-18716.199219
1752617558.844928,473455.000,8904,1,EL,1,100,-18716.599609
1752617558.911428,473521.500,8921,2,EL,1,100,-18717.000000
1752617558.977928,473588.000,8921,2,EL,1,100,-18717.000000
1752617559.044928,473655.000,8938,1,EL,1,100,-18717.199219
1752617559.111428,473721.500,8952,2,EL,1,100,-18717.000000
1752617559.177927,473788.000,8952,2,EL,1,100,-18716.599609
1752617559.244927,473855.000,8970,1,EL,1,100,-18717.000000
1752617559.311427,473921.500,8986,2,EL,1,100,-18717.000000
1752617559.377927,473988.000,8986,2,EL,1,100,-18717.400391
1752617559.444926,474055.000,9003,1,EL,1,100,-18717.599609
1752617559.511426,474121.500,9018,2,EL,1,100,-18717.800781
1752617559.577926,474188.000,9018,2,EL,1,100,-18717.199219
1752617559.644926,474255.000,9035,1,EL,1,100,-18717.800781
1752617559.711425,474321.500,9051,2,EL,1,100,-18718.199219
1752617559.777925,474388.000,9051,2,EL,1,100,-18718.400391
1752617559.844925,474455.000,9068,1,EL,1,100,-18718.800781
1752617559.911425,474521.500,9083,2,EL,1,100,-18718.599609
1752617559.977925,474588.000,9083,2,EL,1,100,-18718.400391
1752617560.044924,474655.000,9100,1,EL,1,100,-18718.800781
1752617560.111424,474721.500,9116,2,EL,1,100,-18719.000000
1752617560.177924,474788.000,9116,2,EL,1,100,-18718.800781
1752617560.244924,474855.000,9136,1,EL,1,100,-18719.199219
1752617560.311423,474921.500,9151,2,EL,1,100,-18719.000000
1752617560.377923,474988.000,9151,2,EL,1,100,-18719.000000
1752617560.444923,475055.000,9167,1,EL,1,100,-18719.199219
1752617560.511423,475121.500,9184,2,EL,1,100,-18719.400391
1752617560.577922,475188.000,9184,2,EL,1,100,-18719.199219
1752617560.644422,475254.500,9201,2,EL,1,100,-18719.599609
1752617560.710922,475321.000,9201,2,EL,1,100,-18719.800781
1752617560.777922,475388.000,9219,1,EL,1,100,-18719.800781
1752617560.844421,475454.500,9235,2,EL,1,100,-18720.400391
1752617560.910921,475521.000,9235,2,EL,1,100,-18720.400391
1752617560.977921,475588.000,9251,1,EL,1,100,-18720.599609
1752617561.044421,475654.500,9268,2,EL,1,100,-18721.000000
1752617561.110921,475721.000,9268,2,EL,1,100,-18720.800781
1752617561.177920,475788.000,9284,1,EL,1,100,-18720.800781
1752617561.244420,475854.500,9300,2,EL,1,100,-18721.000000
1752617561.310920,475921.000,9300,2,EL,1,100,-18720.599609
1752617561.377920,475988.000,9318,1,EL,1,100,-18721.000000
1752617561.444419,476054.500,9335,2,EL,1,100,-18721.000000
1752617561.510919,476121.000,9335,2,EL,1,100,-18721.199219
1752617561.577919,476188.000,9352,1,EL,1,100,-18721.800781
1752617561.644419,476254.500,9367,2,EL,1,100,-18721.400391
1752617561.710918,476321.000,9367,2,EL,1,100,-18722.000000
1752617561.777918,476388.000,9383,1,EL,1,100,-18722.000000
1752617561.844418,476454.500,9401,2,EL,1,100,-18722.199219
1752617561.910918,476521.000,9401,2,EL,1,100,-18722.199219
1752617561.977918,476588.000,9417,1,EL,1,100,-18722.199219
1752617562.044417,476654.500,9432,2,EL,1,100,-18722.000000
1752617562.110917,476721.000,9432,2,EL,1,100,-18722.199219
1752617562.177917,476788.000,9448,1,EL,1,100,-18722.599609
1752617562.244417,476854.500,9468,2,EL,1,100,-18722.199219
1752617562.310916,476921.000,9468,2,EL,1,100,-18722.599609
1752617562.377916,476988.000,9484,1,EL,1,100,-18723.199219
1752617562.444416,477054.500,9499,2,EL,1,100,-18723.199219
1752617562.510916,477121.000,9499,2,EL,1,100,-18723.199219
1752617562.577915,477188.000,9516,1,EL,1,100,-18723.199219
1752617562.644415,477254.500,9533,2,EL,1,100,-18723.000000
1752617562.710915,477321.000,9533,2,EL,1,100,-18723.000000
1752617562.777915,477388.000,9549,1,EL,1,100,-18723.000000
1752617562.844414,477454.500,9566,2,EL,1,100,-18723.199219
1752617562.910914,477521.000,9566,2,EL,1,100,-18723.400391
1752617562.977414,477587.500,9581,2,EL,1,100,-18723.800781
1752617563.043914,477654.000,9581,2,EL,1,100,-18724.000000
1752617563.110914,477721.000,9598,1,EL,1,100,-18724.000000
1752617563.177413,477787.500,9615,2,EL,1,100,-18724.199219
1752617563.243913,477854.000,9615,2,EL,1,100,-18724.000000
1752617563.310913,477921.000,9634,1,EL,1,100,-18724.599609
1752617563.377413,477987.500,9648,2,EL,1,100,-18724.800781
1752617563.443912,478054.000,9648,2,EL,1,100,-18724.000000
1752617563.510912,478121.000,9665,1,EL,1,100,-18724.599609
1752617563.577412,478187.500,9682,2,EL,1,100,-18724.800781
1752617563.643912,478254.000,9682,2,EL,1,100,-18725.000000
1752617563.710911,478321.000,9699,1,EL,1,100,-18725.199219
1752617563.777411,478387.500,9713,2,EL,1,100,-18725.400391
1752617563.843911,478454.000,9713,2,EL,1,100,-18725.400391
1752617563.910911,478521.000,9731,1,EL,1,100,-18725.599609
1752617563.977411,478587.500,9747,2,EL,1,100,-18725.599609
1752617564.043910,478654.000,9747,2,EL,1,100,-18725.599609
1752617564.110910,478721.000,9764,1,EL,1,100,-18726.000000
1752617564.177410,478787.500,9779,2,EL,1,100,-18725.800781
1752617564.243910,478854.000,9779,2,EL,1,100,-18726.000000
1752617564.310909,478921.000,9796,1,EL,1,100,-18726.199219
1752617564.377409,478987.500,9812,2,EL,1,100,-18726.800781
1752617564.443909,479054.000,9812,2,EL,1,100,-18727.000000
1752617564.510909,479121.000,9829,1,EL,1,100,-18727.199219
1752617564.577408,479187.500,9844,2,EL,1,100,-18727.400391
1752617564.643908,479254.000,9844,2,EL,1,100,-18727.199219
1752617564.710908,479321.000,9861,1,EL,1,100,-18727.599609
1752617564.777408,479387.500,9877,2,EL,1,100,-18727.199219
1752617564.843907,479454.000,9877,2,EL,1,100,-18727.400391
1752617564.910907,479521.000,9895,1,EL,1,100,-18727.800781
1752617564.977407,479587.500,9910,2,EL,1,100,-18728.000000
1752617565.043907,479654.000,9910,2,EL,1,100,-18728.000000
1752617565.110907,479721.000,9926,1,EL,1,100,-18728.400391
1752617565.177406,479787.500,9943,2,EL,1,100,-18728.800781
1752617565.243906,479854.000,9943,2,EL,1,100,-18729.000000
1752617565.310406,479920.500,9960,2,EL,1,100,-18729.599609
1752617565.376906,479987.000,9960,2,EL,1,100,-18729.199219
1752617565.443905,480054.000,9976,1,EL,1,100,-18729.400391
1752617565.510405,480120.500,9992,2,EL,1,100,-18729.199219
1752617565.576905,480187.000,9992,2,EL,1,100,-18729.400391
1752617565.643905,480254.000,10008,1,EL,1,100,-18729.000000
1752617565.710404,480320.500,10025,2,EL,1,100,-18729.000000
1752617565.776904,480387.000,10025,2,EL,1,100,-18729.800781
1752617565.843904,480454.000,10041,1,EL,1,100,-18729.599609
1752617565.910404,480520.500,10057,2,EL,1,100,-18729.800781
1752617565.976904,480587.000,10057,2,EL,1,100,-18730.000000
1752617566.043903,480654.000,10073,1,EL,1,100,-18729.800781
1752617566.110403,480720.500,10092,2,EL,1,100,-18730.199219
1752617566.176903,480787.000,10092,2,EL,1,100,-18730.800781
1752617566.243903,480854.000,10109,1,EL,1,100,-18730.599609
1752617566.310402,480920.500,10124,2,EL,1,100,-18731.199219
1752617566.376902,480987.000,10124,2,EL,1,100,-18730.800781
1752617566.443902,481054.000,10140,1,EL,1,100,-18730.599609
1752617566.510402,481120.500,10158,2,EL,1,100,-18731.000000
1752617566.576901,481187.000,10158,2,EL,1,100,-18731.000000
1752617566.643901,481254.000,10176,1,EL,1,100,-18731.000000
1752617566.710401,481320.500,10191,2,EL,1,100,-18731.000000
1752617566.776901,481387.000,10191,2,EL,1,100,-18730.800781
1752617566.843900,481454.000,10207,1,EL,1,100,-18730.800781
1752617566.910400,481520.500,10225,2,EL,1,100,-18731.000000
1752617566.976900,481587.000,10225,2,EL,1,100,-18731.599609
1752617567.043900,481654.000,10241,1,EL,1,100,-18731.800781
1752617567.110400,481720.500,10256,2,EL,1,100,-18732.000000
1752617567.176899,481787.000,10256,2,EL,1,100,-18731.599609
1752617567.243899,481854.000,10273,1,EL,1,100,-18731.400391
1752617567.310399,481920.500,10292,2,EL,1,100,-18731.800781
1752617567.376899,481987.000,10292,2,EL,1,100,-18731.599609
1752617567.443898,482054.000,10308,1,EL,1,100,-18731.800781
1752617567.510398,482120.500,10325,2,EL,1,100,-18731.599609
1752617567.576898,482187.000,10325,2,EL,1,100,-18732.000000
1752617567.643898,482254.000,10340,1,EL,1,100,-18732.199219
1752617567.710397,482320.500,10357,2,EL,1,100,-18732.599609
1752617567.776897,482387.000,10357,2,EL,1,100,-18732.400391
1752617567.843897,482454.000,10374,2,EL,1,100,-18732.400391
1752617567.910897,482521.000,10374,2,EL,1,100,-18732.599609
1752617567.976897,482587.000,10391,1,EL,1,100,-18732.400391
1752617568.043396,482653.500,10405,2,EL,1,100,-18732.599609
1752617568.109896,482720.000,10405,2,EL,1,100,-18732.599609
1752617568.176896,482787.000,10422,1,EL,1,100,-18733.400391
1752617568.243396,482853.500,10439,2,EL,1,100,-18733.800781
1752617568.309895,482920.000,10439,2,EL,1,100,-18733.599609
1752617568.376895,482987.000,10456,1,EL,1,100,-18733.599609
1752617568.443395,483053.500,10470,2,EL,1,100,-18733.400391
1752617568.509895,483120.000,10470,2,EL,1,100,-18733.599609
1752617568.576894,483187.000,10488,1,EL,1,100,-18733.599609
1752617568.643394,483253.500,10504,2,EL,1,100,-18733.599609
1752617568.709894,483320.000,10504,2,EL,1,100,-18734.000000
1752617568.776894,483387.000,10521,1,EL,1,100,-18734.599609
1752617568.843394,483453.500,10536,2,EL,1,100,-18734.800781
1752617568.909893,483520.000,10536,2,EL,1,100,-18734.199219
1752617568.976893,483587.000,10553,1,EL,1,100,-18734.400391
1752617569.043393,483653.500,10569,2,EL,1,100,-18734.599609
1752617569.109893,483720.000,10569,2,EL,1,100,-18734.400391
1752617569.176892,483787.000,10586,1,EL,1,100,-18734.800781
1752617569.243392,483853.500,10601,2,EL,1,100,-18734.599609
1752617569.309892,483920.000,10601,2,EL,1,100,-18735.199219
1752617569.376892,483987.000,10618,1,EL,1,100,-18735.000000
1752617569.443391,484053.500,10634,2,EL,1,100,-18734.800781
1752617569.509891,484120.000,10634,2,EL,1,100,-18735.000000
1752617569.576891,484187.000,10652,1,EL,1,100,-18735.199219
1752617569.643391,484253.500,10666,2,EL,1,100,-18735.400391
1752617569.709890,484320.000,10666,2,EL,1,100,-18736.000000
1752617569.776890,484387.000,10683,1,EL,1,100,-18736.199219
1752617569.843390,484453.500,10700,2,EL,1,100,-18736.199219
1752617569.909890,484520.000,10700,2,EL,1,100,-18736.800781
1752617569.976890,484587.000,10717,1,EL,1,100,-18736.400391
1752617570.043389,484653.500,10732,2,EL,1,100,-18736.400391
1752617570.109889,484720.000,10732,2,EL,1,100,-18736.400391
1752617570.176889,484787.000,10748,1,EL,1,100,-18736.400391
1752617570.243389,484853.500,10765,2,EL,1,100,-18736.599609
1752617570.309888,484920.000,10765,2,EL,1,100,-18736.599609
1752617570.376888,484987.000,10782,2,EL,1,100,-18737.000000
1752617570.443888,485054.000,10782,2,EL,1,100,-18737.800781
1752617570.509888,485120.000,10798,1,EL,1,100,-18737.599609
1752617570.576887,485187.000,10814,2,EL,1,100,-18737.599609
1752617570.643887,485254.000,10814,2,EL,1,100,-18737.800781
1752617570.709887,485320.000,10830,1,EL,1,100,-18737.599609
1752617570.776887,485387.000,10847,2,EL,1,100,-18737.400391
1752617570.843887,485454.000,10847,2,EL,1,100,-18737.800781
1752617570.909886,485520.000,10864,1,EL,1,100,-18737.800781
1752617570.976886,485587.000,10879,2,EL,1,100,-18738.199219
1752617571.043886,485654.000,10879,2,EL,1,100,-18738.599609
1752617571.109886,485720.000,10895,1,EL,1,100,-18738.800781
1752617571.176885,485787.000,10913,2,EL,1,100,-18738.800781
1752617571.243885,485854.000,10913,2,EL,1,100,-18738.599609
1752617571.309885,485920.000,10929,1,EL,1,100,-18738.599609
1752617571.376385,485986.500,10944,2,EL,1,100,-18738.800781
1752617571.442884,486053.000,10944,2,EL,1,100,-18738.800781
1752617571.509884,486120.000,10960,1,EL,1,100,-18739.000000
1752617571.576384,486186.500,10978,2,EL,1,100,-18739.000000
1752617571.642884,486253.000,10978,2,EL,1,100,-18739.400391
1752617571.709883,486320.000,10994,1,EL,1,100,-18739.599609
1752617571.776383,486386.500,11009,2,EL,1,100,-18739.800781
1752617571.842883,486453.000,11009,2,EL,1,100,-18739.599609
1752617571.909883,486520.000,11026,1,EL,1,100,-18739.400391
1752617571.976383,486586.500,11045,2,EL,1,100,-18739.800781
1752617572.042882,486653.000,11045,2,EL,1,100,-18739.800781
1752617572.109882,486720.000,11061,1,EL,1,100,-18740.400391
1752617572.176382,486786.500,11077,2,EL,1,100,-18740.599609
1752617572.242882,486853.000,11077,2,EL,1,100,-18740.800781
1752617572.309881,486920.000,11095,1,EL,1,100,-18740.400391
1752617572.376381,486986.500,11112,2,EL,1,100,-18740.400391
1752617572.442881,487053.000,11112,2,EL,1,100,-18740.599609
1752617572.509881,487120.000,11128,1,EL,1,100,-18740.599609
1752617572.576380,487186.500,11147,2,EL,1,100,-18741.000000
1752617572.642880,487253.000,11147,2,EL,1,100,-18741.199219
1752617572.709880,487320.000,11162,2,EL,1,100,-18741.199219
1752617572.776880,487387.000,11162,2,EL,1,100,-18741.599609
1752617572.842880,487453.000,11179,1,EL,1,100,-18741.599609
1752617572.909879,487520.000,11196,2,EL,1,100,-18741.400391
1752617572.976879,487587.000,11196,2,EL,1,100,-18741.599609
1752617573.042879,487653.000,11213,1,EL,1,100,-18741.599609
1752617573.109879,487720.000,11227,2,EL,1,100,-18741.800781
1752617573.176878,487787.000,11227,2,EL,1,100,-18742.000000
1752617573.242878,487853.000,11247,1,EL,1,100,-18741.800781
1752617573.309878,487920.000,11263,2,EL,1,100,-18742.400391
1752617573.376878,487987.000,11263,2,EL,1,100,-18742.599609
1752617573.442877,488053.000,11280,1,EL,1,100,-18742.400391
1752617573.509877,488120.000,11295,2,EL,1,100,-18742.199219
1752617573.576877,488187.000,11295,2,EL,1,100,-18742.400391
1752617573.642877,488253.000,11312,1,EL,1,100,-18743.000000
1752617573.709876,488320.000,11328,2,EL,1,100,-18742.800781
1752617573.776876,488387.000,11328,2,EL,1,100,-18742.599609
1752617573.842876,488453.000,11345,1,EL,1,100,-18742.800781
1752617573.909876,488520.000,11362,2,EL,1,100,-18744.199219
1752617573.976876,488587.000,11362,2,EL,1,100,-18744.000000
1752617574.042875,488653.000,11379,1,EL,1,100,-18743.599609
1752617574.109875,488720.000,11395,2,EL,1,100,-18743.599609
1752617574.176875,488787.000,11395,2,EL,1,100,-18743.599609
1752617574.242875,488853.000,11413,1,EL,1,100,-18744.199219
1752617574.309874,488920.000,11427,2,EL,1,100,-18743.800781
1752617574.376874,488987.000,11427,2,EL,1,100,-18744.000000
1752617574.442874,489053.000,11444,1,EL,1,100,-18744.400391
1752617574.509874,489120.000,11461,2,EL,1,100,-18744.599609
1752617574.576873,489187.000,11461,2,EL,1,100,-18744.599609
1752617574.642873,489253.000,11478,1,EL,1,100,-18744.599609
1752617574.709373,489319.500,11492,2,EL,1,100,-18745.000000
1752617574.775873,489386.000,11492,2,EL,1,100,-18744.599609
1752617574.842873,489453.000,11509,1,EL,1,100,-18744.800781
1752617574.909372,489519.500,11526,2,EL,1,100,-18744.800781
1752617574.975872,489586.000,11526,2,EL,1,100,-18744.800781
1752617575.042872,489653.000,11545,1,EL,1,100,-18745.400391
1752617575.109372,489719.500,11560,2,EL,1,100,-18745.599609
1752617575.175871,489786.000,11560,2,EL,1,100,-18745.599609
1752617575.242871,489853.000,11577,2,EL,1,100,-18746.199219
1752617575.309871,489920.000,11577,2,EL,1,100,-18745.800781
1752617575.375871,489986.000,11593,1,EL,1,100,-18745.800781
1752617575.442870,490053.000,11610,2,EL,1,100,-18746.199219
1752617575.509870,490120.000,11610,2,EL,1,100,-18745.800781
1752617575.575870,490186.000,11627,1,EL,1,100,-18745.800781
1752617575.642870,490253.000,11642,2,EL,1,100,-18745.800781
1752617575.709869,490320.000,11642,2,EL,1,100,-18746.000000
1752617575.775869,490386.000,11658,1,EL,1,100,-18746.599609
1752617575.842869,490453.000,11676,2,EL,1,100,-18747.000000
1752617575.909869,490520.000,11676,2,EL,1,100,-18747.199219
1752617575.975869,490586.000,11692,1,EL,1,100,-18747.000000
1752617576.042868,490653.000,11707,2,EL,1,100,-18746.800781
1752617576.109868,490720.000,11707,2,EL,1,100,-18747.000000
1752617576.175868,490786.000,11723,1,EL,1,100,-18747.599609
1752617576.242868,490853.000,11741,2,EL,1,100,-18747.199219
1752617576.309867,490920.000,11741,2,EL,1,100,-18747.000000
1752617576.375867,490986.000,11757,1,EL,1,100,-18747.599609
1752617576.442867,491053.000,11772,2,EL,1,100,-18748.000000
1752617576.509867,491120.000,11772,2,EL,1,100,-18748.199219
1752617576.575866,491186.000,11789,1,EL,1,100,-18748.199219
1752617576.642866,491253.000,11806,2,EL,1,100,-18748.000000
1752617576.709866,491320.000,11806,2,EL,1,100,-18747.599609
1752617576.775866,491386.000,11822,1,EL,1,100,-18747.800781
1752617576.842866,491453.000,11838,2,EL,1,100,-18748.199219
1752617576.909865,491520.000,11838,2,EL,1,100,-18748.000000
1752617576.975865,491586.000,11854,1,EL,1,100,-18748.000000
1752617577.042865,491653.000,11871,2,EL,1,100,-18748.400391
1752617577.109865,491720.000,11871,2,EL,1,100,-18748.800781
1752617577.175864,491786.000,11887,1,EL,1,100,-18749.000000
1752617577.242864,491853.000,11905,2,EL,1,100,-18749.199219
1752617577.309864,491920.000,11905,2,EL,1,100,-18748.599609
1752617577.375864,491986.000,11921,1,EL,1,100,-18749.000000
1752617577.442863,492053.000,11938,2,EL,1,100,-18748.800781
1752617577.509863,492120.000,11938,2,EL,1,100,-18749.000000
1752617577.575863,492186.000,11955,1,EL,1,100,-18749.000000
1752617577.642863,492253.000,11971,2,EL,1,100,-18749.199219
1752617577.709862,492320.000,11971,2,EL,1,100,-18749.199219
1752617577.776362,492386.500,11986,2,EL,1,100,-18749.800781
1752617577.842862,492453.000,11986,2,EL,1,100,-18750.000000
1752617577.908862,492519.000,12004,1,EL,1,100,-18750.000000
1752617577.975862,492586.000,12020,2,EL,1,100,-18750.000000
1752617578.042861,492653.000,12020,2,EL,1,100,-18749.400391
1752617578.108861,492719.000,12037,1,EL,1,100,-18749.599609
1752617578.175861,492786.000,12052,2,EL,1,100,-18749.800781
1752617578.242861,492853.000,12052,2,EL,1,100,-18750.000000
1752617578.308860,492919.000,12069,1,EL,1,100,-18750.199219
1752617578.375860,492986.000,12085,2,EL,1,100,-18750.199219
1752617578.442860,493053.000,12085,2,EL,1,100,-18750.400391
1752617578.508860,493119.000,12102,1,EL,1,100,-18751.000000
1752617578.575859,493186.000,12117,2,EL,1,100,-18750.800781
1752617578.642859,493253.000,12117,2,EL,1,100,-18750.199219
1752617578.708859,493319.000,12134,1,EL,1,100,-18750.000000
1752617578.775859,493386.000,12150,2,EL,1,100,-18749.800781
1752617578.842859,493453.000,12150,2,EL,1,100,-18750.000000
1752617578.908858,493519.000,12170,1,EL,1,100,-18750.199219
1752617578.975858,493586.000,12184,2,EL,1,100,-18750.800781
1752617579.042858,493653.000,12184,2,EL,1,100,-18751.000000
1752617579.108858,493719.000,12201,1,EL,1,100,-18751.400391
1752617579.175857,493786.000,12218,2,EL,1,100,-18752.000000
1752617579.242857,493853.000,12218,2,EL,1,100,-18751.800781
1752617579.308857,493919.000,12235,1,EL,1,100,-18751.800781
1752617579.375857,493986.000,12249,2,EL,1,100,-18752.000000
1752617579.442856,494053.000,12249,2,EL,1,100,-18751.599609
1752617579.508856,494119.000,12266,1,EL,1,100,-18751.800781
1752617579.575856,494186.000,12283,2,EL,1,100,-18752.000000
1752617579.642856,494253.000,12283,2,EL,1,100,-18752.000000
1752617579.708855,494319.000,12300,1,EL,1,100,-18752.000000
1752617579.775855,494386.000,12315,2,EL,1,100,-18752.400391
1752617579.842855,494453.000,12315,2,EL,1,100,-18752.400391
1752617579.908855,494519.000,12332,1,EL,1,100,-18753.000000
1752617579.975855,494586.000,12348,2,EL,1,100,-18753.199219
1752617580.042854,494653.000,12348,2,EL,1,100,-18753.400391
1752617580.108854,494719.000,12365,1,EL,1,100,-18753.599609
1752617580.175854,494786.000,12381,2,EL,1,100,-18753.599609
1752617580.242854,494853.000,12381,2,EL,1,100,-18753.599609
1752617580.309353,494919.500,12397,2,EL,1,100,-18753.400391
1752617580.375853,494986.000,12397,2,EL,1,100,-18753.000000
1752617580.442853,495053.000,12413,1,EL,1,100,-18753.000000
1752617580.509353,495119.500,12431,2,EL,1,100,-18753.400391
1752617580.575852,495186.000,12431,2,EL,1,100,-18753.599609
1752617580.642852,495253.000,12447,1,EL,1,100,-18753.800781
1752617580.709352,495319.500,12462,2,EL,1,100,-18754.000000
1752617580.775852,495386.000,12462,2,EL,1,100,-18754.599609
1752617580.842852,495453.000,12478,1,EL,1,100,-18755.000000
1752617580.909351,495519.500,12496,2,EL,1,100,-18755.000000
1752617580.975851,495586.000,12496,2,EL,1,100,-18755.199219
1752617581.042851,495653.000,12512,1,EL,1,100,-18755.199219
1752617581.109351,495719.500,12527,2,EL,1,100,-18755.000000
1752617581.175850,495786.000,12527,2,EL,1,100,-18755.000000
1752617581.242850,495853.000,12544,1,EL,1,100,-18755.000000
1752617581.309350,495919.500,12561,2,EL,1,100,-18755.199219
1752617581.375850,495986.000,12561,2,EL,1,100,-18755.400391
1752617581.441849,496052.000,12577,1,EL,1,100,-18755.599609
1752617581.508849,496119.000,12595,2,EL,1,100,-18756.000000
1752617581.575849,496186.000,12595,2,EL,1,100,-18756.800781
1752617581.641849,496252.000,12611,1,EL,1,100,-18756.800781
1752617581.708848,496319.000,12628,2,EL,1,100,-18756.400391
1752617581.775848,496386.000,12628,2,EL,1,100,-18756.199219
1752617581.841848,496452.000,12644,1,EL,1,100,-18756.000000
1752617581.908848,496519.000,12660,2,EL,1,100,-18756.000000
1752617581.975848,496586.000,12660,2,EL,1,100,-18756.000000
1752617582.041847,496652.000,12676,1,EL,1,100,-18756.000000
1752617582.108847,496719.000,12693,2,EL,1,100,-18756.199219
1752617582.175847,496786.000,12693,2,EL,1,100,-18756.000000
1752617582.241847,496852.000,12710,1,EL,1,100,-18756.000000
1752617582.308846,496919.000,12728,2,EL,1,100,-18756.000000
1752617582.375846,496986.000,12728,2,EL,1,100,-18756.599609
1752617582.441846,497052.000,12743,1,EL,1,100,-18756.800781
1752617582.508846,497119.000,12761,2,EL,1,100,-18757.000000
1752617582.575845,497186.000,12761,2,EL,1,100,-18757.000000
1752617582.641845,497252.000,12777,1,EL,1,100,-18757.199219
1752617582.708845,497319.000,12793,2,EL,1,100,-18757.400391
1752617582.775845,497386.000,12793,2,EL,1,100,-18757.000000
1752617582.842345,497452.500,12809,2,EL,1,100,-18757.199219
1752617582.908844,497519.000,12809,2,EL,1,100,-18757.599609
1752617582.975844,497586.000,12826,1,EL,1,100,-18758.000000
1752617583.042344,497652.500,12842,2,EL,1,100,-18757.800781
1752617583.108844,497719.000,12842,2,EL,1,100,-18757.800781
1752617583.175843,497786.000,12859,1,EL,1,100,-18758.400391
1752617583.242343,497852.500,12874,2,EL,1,100,-18758.199219
1752617583.308843,497919.000,12874,2,EL,1,100,-18758.400391
1752617583.375843,497986.000,12891,1,EL,1,100,-18758.599609
1752617583.442342,498052.500,12907,2,EL,1,100,-18759.000000
1752617583.508842,498119.000,12907,2,EL,1,100,-18758.800781
1752617583.575842,498186.000,12925,1,EL,1,100,-18758.800781
1752617583.642342,498252.500,12939,2,EL,1,100,-18758.599609
1752617583.708841,498319.000,12939,2,EL,1,100,-18758.800781
1752617583.775841,498386.000,12956,1,EL,1,100,-18758.800781
1752617583.842341,498452.500,12973,2,EL,1,100,-18758.800781
1752617583.908841,498519.000,12973,2,EL,1,100,-18759.400391
1752617583.975841,498586.000,12990,1,EL,1,100,-18759.000000
1752617584.042340,498652.500,13004,2,EL,1,100,-18759.199219
1752617584.108840,498719.000,13004,2,EL,1,100,-18759.400391
1752617584.175840,498786.000,13021,1,EL,1,100,-18759.599609
1752617584.242340,498852.500,13040,2,EL,1,100,-18759.800781
1752617584.308839,498919.000,13040,2,EL,1,100,-18759.400391
1752617584.374839,498985.000,13057,1,EL,1,100,-18759.800781
1752617584.441839,499052.000,13071,2,EL,1,100,-18759.599609
1752617584.508839,499119.000,13071,2,EL,1,100,-18760.199219
1752617584.575838,499186.000,13089,1,EL,1,100,-18760.000000
1752617584.642338,499252.500,13105,2,EL,1,100,-18760.000000
1752617584.708838,499319.000,13105,2,EL,1,100,-18760.400391
1752617584.774838,499385.000,13122,1,EL,1,100,-18760.400391
1752617584.841838,499452.000,13137,2,EL,1,100,-18760.400391
1752617584.908837,499519.000,13137,2,EL,1,100,-18760.800781
1752617584.975837,499586.000,13154,1,EL,1,100,-18760.800781
1752617585.042337,499652.500,13170,2,EL,1,100,-18760.400391
1752617585.108837,499719.000,13170,2,EL,1,100,-18760.800781
1752617585.175836,499786.000,13187,1,EL,1,100,-18760.800781
1752617585.242336,499852.500,13203,2,EL,1,100,-18761.199219
1752617585.308836,499919.000,13203,2,EL,1,100,-18761.000000
1752617585.375336,499985.500,13219,2,EL,1,100,-18761.199219
1752617585.441835,500052.000,13219,2,EL,1,100,-18761.199219
1752617585.508835,500119.000,13235,1,EL,1,100,-18761.400391
1752617585.575335,500185.500,13253,2,EL,1,100,-18761.599609
1752617585.641835,500252.000,13253,2,EL,1,100,-18761.599609
1752617585.708835,500319.000,13269,1,EL,1,100,-18761.800781
1752617585.775334,500385.500,13284,2,EL,1,100,-18762.000000
1752617585.841834,500452.000,13284,2,EL,1,100,-18762.000000
1752617585.908834,500519.000,13301,1,EL,1,100,-18762.000000
1752617585.975334,500585.500,13318,2,EL,1,100,-18762.400391
1752617586.041833,500652.000,13318,2,EL,1,100,-18762.400391
1752617586.108833,500719.000,13336,1,EL,1,100,-18762.400391
1752617586.175333,500785.500,13352,2,EL,1,100,-18762.400391
1752617586.241833,500852.000,13352,2,EL,1,100,-18762.599609
1752617586.308832,500919.000,13368,1,EL,1,100,-18762.800781
1752617586.375332,500985.500,13385,2,EL,1,100,-18763.199219
1752617586.441832,501052.000,13385,2,EL,1,100,-18763.400391
1752617586.508832,501119.000,13401,1,EL,1,100,-18763.000000
1752617586.575331,501185.500,13417,2,EL,1,100,-18763.400391
1752617586.641831,501252.000,13417,2,EL,1,100,-18763.199219
1752617586.708831,501319.000,13433,1,EL,1,100,-18763.800781
1752617586.775331,501385.500,13450,2,EL,1,100,-18763.599609
1752617586.841831,501452.000,13450,2,EL,1,100,-18763.599609
1752617586.908830,501519.000,13467,1,EL,1,100,-18763.400391
1752617586.975330,501585.500,13482,2,EL,1,100,-18763.400391
1752617587.041830,501652.000,13482,2,EL,1,100,-18763.599609
1752617587.108830,501719.000,13498,1,EL,1,100,-18764.000000
1752617587.175329,501785.500,13516,2,EL,1,100,-18764.000000
1752617587.241829,501852.000,13516,2,EL,1,100,-18764.000000
1752617587.308829,501919.000,13534,1,EL,1,100,-18764.000000
1752617587.375329,501985.500,13549,2,EL,1,100,-18763.599609
1752617587.441828,502052.000,13549,2,EL,1,100,-18764.400391
1752617587.508828,502119.000,13565,1,EL,1,100,-18764.400391
1752617587.575328,502185.500,13583,2,EL,1,100,-18764.000000
1752617587.641828,502252.000,13583,2,EL,1,100,-18764.000000
1752617587.708828,502319.000,13599,1,EL,1,100,-18764.199219
1752617587.775327,502385.500,13615,2,EL,1,100,-18764.599609
1752617587.841827,502452.000,13615,2,EL,1,100,-18764.400391
1752617587.908327,502518.500,13631,2,EL,1,100,-18765.000000
1752617587.974827,502585.000,13631,2,EL,1,100,-18764.800781
1752617588.041826,502652.000,13648,1,EL,1,100,-18765.000000
1752617588.108326,502718.500,13664,2,EL,1,100,-18765.000000
1752617588.174826,502785.000,13664,2,EL,1,100,-18765.599609
1752617588.241826,502852.000,13682,1,EL,1,100,-18765.400391
1752617588.308325,502918.500,13696,2,EL,1,100,-18765.599609
1752617588.374825,502985.000,13696,2,EL,1,100,-18765.599609
1752617588.441825,503052.000,13713,1,EL,1,100,-18765.599609
1752617588.508325,503118.500,13730,2,EL,1,100,-18765.800781
1752617588.574824,503185.000,13730,2,EL,1,100,-18765.800781
1752617588.641824,503252.000,13747,1,EL,1,100,-18766.000000
1752617588.708324,503318.500,13761,2,EL,1,100,-18766.000000
1752617588.774824,503385.000,13761,2,EL,1,100,-18766.400391
1752617588.841824,503452.000,13778,1,EL,1,100,-18766.599609
1752617588.908323,503518.500,13795,2,EL,1,100,-18766.400391
1752617588.974823,503585.000,13795,2,EL,1,100,-18766.800781
1752617589.041823,503652.000,13812,1,EL,1,100,-18766.599609
1752617589.108323,503718.500,13826,2,EL,1,100,-18766.599609
1752617589.174822,503785.000,13826,2,EL,1,100,-18766.800781
1752617589.241822,503852.000,13844,1,EL,1,100,-18767.000000
1752617589.308322,503918.500,13862,2,EL,1,100,-18766.400391
1752617589.374822,503985.000,13862,2,EL,1,100,-18766.599609
1752617589.441821,504052.000,13879,1,EL,1,100,-18766.400391
1752617589.508321,504118.500,13894,2,EL,1,100,-18766.800781
1752617589.574821,504185.000,13894,2,EL,1,100,-18767.199219
1752617589.641821,504252.000,13911,1,EL,1,100,-18767.400391
1752617589.708321,504318.500,13927,2,EL,1,100,-18767.199219
1752617589.774820,504385.000,13927,2,EL,1,100,-18767.199219
1752617589.841820,504452.000,13944,1,EL,1,100,-18767.800781
1752617589.908320,504518.500,13959,2,EL,1,100,-18767.800781
1752617589.974820,504585.000,13959,2,EL,1,100,-18767.599609
1752617590.041819,504652.000,13976,1,EL,1,100,-18767.800781
1752617590.108319,504718.500,13992,2,EL,1,100,-18767.800781
1752617590.174819,504785.000,13992,2,EL,1,100,-18768.000000
1752617590.241819,504852.000,14010,1,EL,1,100,-18768.000000
1752617590.308318,504918.500,14025,2,EL,1,100,-18768.000000
1752617590.374818,504985.000,14025,2,EL,1,100,-18768.000000
1752617590.441318,505051.500,14041,2,EL,1,100,-18768.000000
1752617590.507818,505118.000,14041,2,EL,1,100,-18768.400391
1752617590.574817,505185.000,14058,1,EL,1,100,-18768.599609
1752617590.641317,505251.500,14075,2,EL,1,100,-18769.000000
1752617590.707817,505318.000,14075,2,EL,1,100,-18768.599609
1752617590.774817,505385.000,14091,1,EL,1,100,-18768.800781
1752617590.841317,505451.500,14107,2,EL,1,100,-18769.000000
1752617590.907816,505518.000,14107,2,EL,1,100,-18768.599609
1752617590.974816,505585.000,14123,1,EL,1,100,-18769.000000
1752617591.041316,505651.500,14140,2,EL,1,100,-18769.000000
1752617591.107816,505718.000,14140,2,EL,1,100,-18769.199219
1752617591.174815,505785.000,14158,1,EL,1,100,-18769.199219
1752617591.241315,505851.500,14174,2,EL,1,100,-18769.400391
1752617591.307815,505918.000,14174,2,EL,1,100,-18769.800781
1752617591.374815,505985.000,14190,1,EL,1,100,-18769.800781
1752617591.441314,506051.500,14207,2,EL,1,100,-18770.000000
1752617591.507814,506118.000,14207,2,EL,1,100,-18769.599609
1752617591.574814,506185.000,14224,1,EL,1,100,-18769.599609
1752617591.641314,506251.500,14239,2,EL,1,100,-18770.000000
1752617591.707814,506318.000,14239,2,EL,1,100,-18769.800781
1752617591.774813,506385.000,14255,1,EL,1,100,-18770.199219
1752617591.841313,506451.500,14273,2,EL,1,100,-18770.000000
1752617591.907813,506518.000,14273,2,EL,1,100,-18770.000000
1752617591.974813,506585.000,14289,1,EL,1,100,-18770.000000
1752617592.041312,506651.500,14304,2,EL,1,100,-18770.199219
1752617592.107812,506718.000,14304,2,EL,1,100,-18770.199219
1752617592.174812,506785.000,14320,1,EL,1,100,-18770.599609
1752617592.241312,506851.500,14340,2,EL,1,100,-18770.400391
1752617592.307811,506918.000,14340,2,EL,1,100,-18770.199219
1752617592.374811,506985.000,14356,1,EL,1,100,-18770.400391
1752617592.441311,507051.500,14373,2,EL,1,100,-18771.000000
1752617592.507811,507118.000,14373,2,EL,1,100,-18771.000000
1752617592.574810,507185.000,14390,1,EL,1,100,-18771.000000
1752617592.641310,507251.500,14407,2,EL,1,100,-18771.000000
1752617592.707810,507318.000,14407,2,EL,1,100,-18771.000000
1752617592.774810,507385.000,14423,1,EL,1,100,-18771.599609
1752617592.841310,507451.500,14440,2,EL,1,100,-18771.400391
1752617592.907809,507518.000,14440,2,EL,1,100,-18771.599609
1752617592.974309,507584.500,14455,2,EL,1,100,-18771.199219
1752617593.040809,507651.000,14455,2,EL,1,100,-18771.599609
1752617593.107809,507718.000,14472,1,EL,1,100,-18771.199219
1752617593.174308,507784.500,14489,2,EL,1,100,-18771.800781
1752617593.240808,507851.000,14489,2,EL,1,100,-18772.000000
1752617593.307808,507918.000,14506,1,EL,1,100,-18772.199219
1752617593.374308,507984.500,14520,2,EL,1,100,-18772.400391
1752617593.440807,508051.000,14520,2,EL,1,100,-18772.000000
1752617593.507807,508118.000,14537,1,EL,1,100,-18772.599609
1752617593.574307,508184.500,14554,2,EL,1,100,-18772.199219
1752617593.640807,508251.000,14554,2,EL,1,100,-18772.199219
1752617593.707807,508318.000,14571,1,EL,1,100,-18772.400391
1752617593.774306,508384.500,14585,2,EL,1,100,-18772.599609
1752617593.840806,508451.000,14585,2,EL,1,100,-18772.400391
1752617593.907806,508518.000,14605,1,EL,1,100,-18772.800781
1752617593.974306,508584.500,14621,2,EL,1,100,-18773.000000
1752617594.040805,508651.000,14621,2,EL,1,100,-18773.000000
1752617594.107805,508718.000,14638,1,EL,1,100,-18773.000000
1752617594.174305,508784.500,14653,2,EL,1,100,-18773.400391
1752617594.240805,508851.000,14653,2,EL,1,100,-18773.199219
1752617594.307804,508918.000,14670,1,EL,1,100,-18773.400391
1752617594.374304,508984.500,14686,2,EL,1,100,-18773.199219
1752617594.440804,509051.000,14686,2,EL,1,100,-18773.400391
1752617594.507804,509118.000,14703,1,EL,1,100,-18773.400391
1752617594.574303,509184.500,14718,2,EL,1,100,-18773.599609
1752617594.640803,509251.000,14718,2,EL,1,100,-18773.599609
1752617594.707803,509318.000,14735,1,EL,1,100,-18773.800781
1752617594.774303,509384.500,14751,2,EL,1,100,-18773.599609
1752617594.840803,509451.000,14751,2,EL,1,100,-18773.800781
1752617594.907802,509518.000,14769,1,EL,1,100,-18774.000000
1752617594.974302,509584.500,14783,2,EL,1,100,-18774.199219
1752617595.040802,509651.000,14783,2,EL,1,100,-18774.000000
1752617595.107802,509718.000,14802,1,EL,1,100,-18774.400391
1752617595.174301,509784.500,14819,2,EL,1,100,-18774.400391
1752617595.240801,509851.000,14819,2,EL,1,100,-18774.400391
1752617595.307801,509918.000,14836,1,EL,1,100,-18774.400391
1752617595.374301,509984.500,14851,2,EL,1,100,-18774.400391
1752617595.440800,510051.000,14851,2,EL,1,100,-18774.400391
1752617595.507300,510117.500,14868,2,EL,1,100,-18774.400391
1752617595.573800,510184.000,14868,2,EL,1,100,-18774.800781
1752617595.640800,510251.000,14884,1,EL,1,100,-18774.599609
1752617595.707300,510317.500,14901,2,EL,1,100,-18775.400391
1752617595.773799,510384.000,14901,2,EL,1,100,-18775.000000
1752617595.840799,510451.000,14917,1,EL,1,100,-18775.199219
1752617595.907299,510517.500,14933,2,EL,1,100,-18775.400391
1752617595.973799,510584.000,14933,2,EL,1,100,-18775.400391
1752617596.040798,510651.000,14949,1,EL,1,100,-18775.800781
1752617596.107298,510717.500,14966,2,EL,1,100,-18775.599609
1752617596.173798,510784.000,14966,2,EL,1,100,-18775.199219
1752617596.240798,510851.000,14983,1,EL,1,100,-18775.599609
1752617596.307297,510917.500,14998,2,EL,1,100,-18775.599609
1752617596.373797,510984.000,14998,2,EL,1,100,-18776.000000
1752617596.440797,511051.000,15016,1,EL,1,100,-18776.199219
1752617596.507297,511117.500,15034,2,EL,1,100,-18776.599609
1752617596.573796,511184.000,15034,2,EL,1,100,-18776.400391
1752617596.640796,511251.000,15050,1,EL,1,100,-18776.199219
1752617596.707296,511317.500,15065,2,EL,1,100,-18776.199219
1752617596.773796,511384.000,15065,2,EL,1,100,-18776.599609
1752617596.840796,511451.000,15081,1,EL,1,100,-18777.000000
1752617596.907295,511517.500,15099,2,EL,1,100,-18777.000000
1752617596.973795,511584.000,15099,2,EL,1,100,-18776.599609
1752617597.040795,511651.000,15115,1,EL,1,100,-18777.000000
1752617597.107295,511717.500,15130,2,EL,1,100,-18776.599609
1752617597.173794,511784.000,15130,2,EL,1,100,-18776.800781
1752617597.240794,511851.000,15147,1,EL,1,100,-18776.599609
1752617597.307294,511917.500,15166,2,EL,1,100,-18777.400391
1752617597.373794,511984.000,15166,2,EL,1,100,-18777.599609
1752617597.440793,512051.000,15182,1,EL,1,100,-18777.599609
1752617597.507293,512117.500,15199,2,EL,1,100,-18778.400391
1752617597.573793,512184.000,15199,2,EL,1,100,-18777.800781
1752617597.640793,512251.000,15214,1,EL,1,100,-18777.599609
1752617597.707293,512317.500,15231,2,EL,1,100,-18778.400391
1752617597.773792,512384.000,15231,2,EL,1,100,-18778.599609
1752617597.840792,512451.000,15247,1,EL,1,100,-18779.199219
1752617597.907292,512517.500,15264,2,EL,1,100,-18779.000000
1752617597.973792,512584.000,15264,2,EL,1,100,-18778.599609
1752617598.040291,512650.500,15279,2,EL,1,100,-18778.800781
1752617598.106791,512717.000,15279,2,EL,1,100,-18778.599609
1752617598.173791,512784.000,15296,1,EL,1,100,-18779.000000
1752617598.240291,512850.500,15313,2,EL,1,100,-18779.400391
1752617598.306790,512917.000,15313,2,EL,1,100,-18779.400391
1752617598.373790,512984.000,15330,1,EL,1,100,-18779.199219
1752617598.440290,513050.500,15344,2,EL,1,100,-18779.199219
1752617598.506790,513117.000,15344,2,EL,1,100,-18779.599609
1752617598.573789,513184.000,15362,1,EL,1,100,-18779.800781
1752617598.640289,513250.500,15378,2,EL,1,100,-18779.800781
1752617598.706789,513317.000,15378,2,EL,1,100,-18780.000000
1752617598.773789,513384.000,15395,1,EL,1,100,-18779.800781
1752617598.840289,513450.500,15410,2,EL,1,100,-18780.000000
1752617598.906788,513517.000,15410,2,EL,1,100,-18779.800781
1752617598.973788,513584.000,15427,1,EL,1,100,-18780.000000
1752617599.040288,513650.500,15445,2,EL,1,100,-18780.000000
1752617599.106788,513717.000,15445,2,EL,1,100,-18779.800781
1752617599.173787,513784.000,15462,1,EL,1,100,-18779.800781
1752617599.240287,513850.500,15477,2,EL,1,100,-18780.199219
1752617599.306787,513917.000,15477,2,EL,1,100,-18780.400391
1752617599.373787,513984.000,15494,1,EL,1,100,-18780.599609
1752617599.440286,514050.500,15510,2,EL,1,100,-18780.599609
1752617599.506786,514117.000,15510,2,EL,1,100,-18780.000000
1752617599.573786,514184.000,15528,1,EL,1,100,-18780.400391
1752617599.640286,514250.500,15542,2,EL,1,100,-18780.199219
1752617599.706786,514317.000,15542,2,EL,1,100,-18780.599609
1752617599.773785,514384.000,15559,1,EL,1,100,-18780.599609
1752617599.840285,514450.500,15576,2,EL,1,100,-18780.400391
1752617599.906785,514517.000,15576,2,EL,1,100,-18780.800781
1752617599.973785,514584.000,15593,1,EL,1,100,-18780.400391
1752617600.040284,514650.500,15608,2,EL,1,100,-18780.800781
1752617600.106784,514717.000,15608,2,EL,1,100,-18780.800781
1752617600.173784,514784.000,15626,1,EL,1,100,-18780.400391
1752617600.240284,514850.500,15643,2,EL,1,100,-18780.599609
1752617600.306783,514917.000,15643,2,EL,1,100,-18781.000000
1752617600.373783,514984.000,15660,2,EL,1,100,-18781.000000
1752617600.440783,515051.000,15660,2,EL,1,100,-18781.000000
1752617600.506783,515117.000,15676,1,EL,1,100,-18781.000000
1752617600.573783,515184.000,15692,2,EL,1,100,-18781.400391
1752617600.640782,515251.000,15692,2,EL,1,100,-18781.199219
1752617600.706782,515317.000,15708,1,EL,1,100,-18781.599609
1752617600.773782,515384.000,15725,2,EL,1,100,-18781.599609
1752617600.840782,515451.000,15725,2,EL,1,100,-18781.599609
1752617600.906781,515517.000,15744,1,EL,1,100,-18781.400391
1752617600.973781,515584.000,15759,2,EL,1,100,-18781.400391
1752617601.040781,515651.000,15759,2,EL,1,100,-18781.599609
1752617601.106781,515717.000,15775,1,EL,1,100,-18782.000000
1752617601.173780,515784.000,15793,2,EL,1,100,-18781.800781
1752617601.240780,515851.000,15793,2,EL,1,100,-18782.000000
1752617601.306780,515917.000,15809,1,EL,1,100,-18782.000000
1752617601.373280,515983.500,15824,2,EL,1,100,-18782.000000
1752617601.439779,516050.000,15824,2,EL,1,100,-18782.400391
1752617601.506779,516117.000,15842,1,EL,1,100,-18782.199219
1752617601.573279,516183.500,15860,2,EL,1,100,-18782.400391
1752617601.639779,516250.000,15860,2,EL,1,100,-18782.800781
1752617601.706779,516317.000,15876,1,EL,1,100,-18782.599609
1752617601.773278,516383.500,15891,2,EL,1,100,-18782.800781
1752617601.839778,516450.000,15891,2,EL,1,100,-18783.000000
1752617601.906778,516517.000,15908,1,EL,1,100,-18783.000000
1752617601.973278,516583.500,15925,2,EL,1,100,-18783.000000
1752617602.039777,516650.000,15925,2,EL,1,100,-18783.000000
1752617602.106777,516717.000,15941,1,EL,1,100,-18783.400391
1752617602.173277,516783.500,15957,2,EL,1,100,-18783.599609
1752617602.239777,516850.000,15957,2,EL,1,100,-18783.800781
1752617602.306776,516917.000,15975,1,EL,1,100,-18783.800781
1752617602.373276,516983.500,15992,2,EL,1,100,-18783.800781
1752617602.439776,517050.000,15992,2,EL,1,100,-18783.800781
1752617602.506776,517117.000,16008,1,EL,1,100,-18783.800781
1752617602.573276,517183.500,16025,2,EL,1,100,-18784.000000
1752617602.639775,517250.000,16025,2,EL,1,100,-18784.000000
1752617602.706775,517317.000,16040,2,EL,1,100,-18784.199219
1752617602.773775,517384.000,16040,2,EL,1,100,-18784.400391
1752617602.839775,517450.000,16057,1,EL,1,100,-18784.800781
1752617602.906774,517517.000,16074,2,EL,1,100,-18784.400391
1752617602.973774,517584.000,16074,2,EL,1,100,-18784.400391
1752617603.039774,517650.000,16091,1,EL,1,100,-18784.800781
1752617603.106774,517717.000,16105,2,EL,1,100,-18785.000000
1752617603.173773,517784.000,16105,2,EL,1,100,-18785.000000
1752617603.239773,517850.000,16123,1,EL,1,100,-18785.599609
1752617603.306773,517917.000,16139,2,EL,1,100,-18785.000000
1752617603.373773,517984.000,16139,2,EL,1,100,-18785.000000
1752617603.439772,518050.000,16156,1,EL,1,100,-18785.000000
1752617603.506772,518117.000,16171,2,EL,1,100,-18785.599609
1752617603.573772,518184.000,16171,2,EL,1,100,-18785.800781
1752617603.639772,518250.000,16188,1,EL,1,100,-18785.599609
1752617603.706772,518317.000,16204,2,EL,1,100,-18785.400391
1752617603.773771,518384.000,16204,2,EL,1,100,-18785.599609
1752617603.839771,518450.000,16221,1,EL,1,100,-18785.800781
1752617603.906771,518517.000,16236,2,EL,1,100,-18786.000000
1752617603.973771,518584.000,16236,2,EL,1,100,-18785.599609
1752617604.039770,518650.000,16253,1,EL,1,100,-18786.000000
1752617604.106770,518717.000,16269,2,EL,1,100,-18786.199219
1752617604.173770,518784.000,16269,2,EL,1,100,-18786.000000
1752617604.239770,518850.000,16287,1,EL,1,100,-18786.000000
1752617604.306769,518917.000,16301,2,EL,1,100,-18786.199219
1752617604.373769,518984.000,16301,2,EL,1,100,-18786.199219
1752617604.439769,519050.000,16318,1,EL,1,100,-18786.000000
1752617604.506769,519117.000,16335,2,EL,1,100,-18786.199219
1752617604.573769,519184.000,16335,2,EL,1,100,-18786.400391
1752617604.639768,519250.000,16352,1,EL,1,100,-18787.000000
1752617604.706268,519316.500,16367,2,EL,1,100,-18786.800781
1752617604.772768,519383.000,16367,2,EL,1,100,-18786.800781
1752617604.839768,519450.000,16383,1,EL,1,100,-18786.800781
1752617604.906267,519516.500,16400,2,EL,1,100,-18786.800781
1752617604.972767,519583.000,16400,2,EL,1,100,-18787.000000
1752617605.039767,519650.000,16417,2,EL,1,100,-18787.000000
1752617605.106767,519717.000,16417,2,EL,1,100,-18787.000000
1752617605.172766,519783.000,16433,1,EL,1,100,-18787.000000
1752617605.239766,519850.000,16449,2,EL,1,100,-18787.199219
1752617605.306766,519917.000,16449,2,EL,1,100,-18787.000000
1752617605.372766,519983.000,16465,1,EL,1,100,-18787.199219
1752617605.439765,520050.000,16482,2,EL,1,100,-18787.000000
1752617605.506765,520117.000,16482,2,EL,1,100,-18787.400391
1752617605.572765,520183.000,16499,1,EL,1,100,-18787.599609
1752617605.639765,520250.000,16514,2,EL,1,100,-18788.000000
1752617605.706765,520317.000,16514,2,EL,1,100,-18787.599609
1752617605.772764,520383.000,16530,1,EL,1,100,-18788.000000
1752617605.839764,520450.000,16548,2,EL,1,100,-18787.800781
1752617605.906764,520517.000,16548,2,EL,1,100,-18787.800781
1752617605.972764,520583.000,16564,1,EL,1,100,-18787.800781
1752617606.039763,520650.000,16579,2,EL,1,100,-18788.199219
1752617606.106763,520717.000,16579,2,EL,1,100,-18788.199219
1752617606.172763,520783.000,16595,1,EL,1,100,-18788.400391
1752617606.239763,520850.000,16613,2,EL,1,100,-18789.000000
1752617606.306762,520917.000,16613,2,EL,1,100,-18788.599609
1752617606.372762,520983.000,16629,1,EL,1,100,-18788.800781
1752617606.439762,521050.000,16644,2,EL,1,100,-18788.800781
1752617606.506762,521117.000,16644,2,EL,1,100,-18789.400391
1752617606.572762,521183.000,16661,1,EL,1,100,-18789.400391
1752617606.639761,521250.000,16678,2,EL,1,100,-18789.400391
1752617606.706761,521317.000,16678,2,EL,1,100,-18789.599609
1752617606.772761,521383.000,16694,1,EL,1,100,-18789.599609
1752617606.839761,521450.000,16710,2,EL,1,100,-18790.000000
1752617606.906760,521517.000,16710,2,EL,1,100,-18789.400391
1752617606.972760,521583.000,16726,1,EL,1,100,-18789.199219
1752617607.039760,521650.000,16743,2,EL,1,100,-18790.000000
1752617607.106760,521717.000,16743,2,EL,1,100,-18790.400391
1752617607.172759,521783.000,16759,1,EL,1,100,-18790.000000
1752617607.239759,521850.000,16780,2,EL,1,100,-18790.400391
1752617607.306759,521917.000,16780,2,EL,1,100,-18790.599609
1752617607.373259,521983.500,16795,2,EL,1,100,-18790.400391
1752617607.439758,522050.000,16795,2,EL,1,100,-18790.400391
1752617607.506758,522117.000,16812,1,EL,1,100,-18790.400391
1752617607.573258,522183.500,16829,2,EL,1,100,-18790.599609
1752617607.639758,522250.000,16829,2,EL,1,100,-18790.800781
1752617607.706758,522317.000,16846,1,EL,1,100,-18791.000000
1752617607.773257,522383.500,16860,2,EL,1,100,-18791.199219
1752617607.839757,522450.000,16860,2,EL,1,100,-18790.800781
1752617607.906757,522517.000,16878,1,EL,1,100,-18790.599609
1752617607.973257,522583.500,16894,2,EL,1,100,-18791.199219
1752617608.039756,522650.000,16894,2,EL,1,100,-18791.199219
1752617608.105756,522716.000,16911,1,EL,1,100,-18790.800781
1752617608.172756,522783.000,16926,2,EL,1,100,-18790.800781
1752617608.239756,522850.000,16926,2,EL,1,100,-18791.000000
1752617608.305755,522916.000,16943,1,EL,1,100,-18791.400391
1752617608.372755,522983.000,16959,2,EL,1,100,-18791.199219
1752617608.439755,523050.000,16959,2,EL,1,100,-18791.000000
1752617608.505755,523116.000,16976,1,EL,1,100,-18791.400391
1752617608.572755,523183.000,16991,2,EL,1,100,-18792.000000
1752617608.639754,523250.000,16991,2,EL,1,100,-18791.599609
1752617608.705754,523316.000,17008,1,EL,1,100,-18791.599609
1752617608.772754,523383.000,17024,2,EL,1,100,-18791.800781
1752617608.839754,523450.000,17024,2,EL,1,100,-18792.000000
1752617608.906753,523517.000,17042,1,EL,1,100,-18792.199219
1752617608.973253,523583.500,17056,2,EL,1,100,-18792.199219
1752617609.039753,523650.000,17056,2,EL,1,100,-18792.199219
1752617609.105753,523716.000,17073,1,EL,1,100,-18792.199219
1752617609.172752,523783.000,17090,2,EL,1,100,-18792.199219
1752617609.239752,523850.000,17090,2,EL,1,100,-18792.000000
1752617609.305752,523916.000,17109,1,EL,1,100,-18792.000000
1752617609.372752,523983.000,17124,2,EL,1,100,-18792.000000
1752617609.439751,524050.000,17124,2,EL,1,100,-18792.199219
1752617609.505751,524116.000,17140,1,EL,1,100,-18792.800781
1752617609.572751,524183.000,17157,2,EL,1,100,-18792.800781
1752617609.639751,524250.000,17157,2,EL,1,100,-18792.400391
1752617609.706251,524316.500,17174,2,EL,1,100,-18792.800781
1752617609.772750,524383.000,17174,2,EL,1,100,-18793.199219
1752617609.839750,524450.000,17190,1,EL,1,100,-18793.000000
1752617609.906250,524516.500,17206,2,EL,1,100,-18793.400391
1752617609.972750,524583.000,17206,2,EL,1,100,-18793.400391
1752617610.039749,524650.000,17222,1,EL,1,100,-18793.400391
1752617610.106249,524716.500,17239,2,EL,1,100,-18793.400391
1752617610.172749,524783.000,17239,2,EL,1,100,-18793.599609
1752617610.239749,524850.000,17256,1,EL,1,100,-18793.800781
1752617610.306248,524916.500,17271,2,EL,1,100,-18794.000000
1752617610.372748,524983.000,17271,2,EL,1,100,-18793.599609
1752617610.439748,525050.000,17287,1,EL,1,100,-18793.599609
1752617610.506248,525116.500,17305,2,EL,1,100,-18794.000000
1752617610.572748,525183.000,17305,2,EL,1,100,-18794.400391
1752617610.639747,525250.000,17323,1,EL,1,100,-18794.400391
1752617610.706247,525316.500,17338,2,EL,1,100,-18794.400391
1752617610.772747,525383.000,17338,2,EL,1,100,-18794.199219
1752617610.839747,525450.000,17354,1,EL,1,100,-18795.000000
1752617610.906246,525516.500,17372,2,EL,1,100,-18794.800781
1752617610.972746,525583.000,17372,2,EL,1,100,-18795.000000
1752617611.039746,525650.000,17388,1,EL,1,100,-18794.800781
1752617611.106246,525716.500,17403,2,EL,1,100,-18795.199219
1752617611.172745,525783.000,17403,2,EL,1,100,-18795.199219
1752617611.239745,525850.000,17420,1,EL,1,100,-18795.199219
1752617611.306245,525916.500,17439,2,EL,1,100,-18795.400391
1752617611.372745,525983.000,17439,2,EL,1,100,-18795.599609
1752617611.438744,526049.000,17455,1,EL,1,100,-18795.400391
1752617611.505744,526116.000,17471,2,EL,1,100,-18795.199219
1752617611.572744,526183.000,17471,2,EL,1,100,-18795.400391
1752617611.638744,526249.000,17487,1,EL,1,100,-18796.000000
1752617611.705744,526316.000,17504,2,EL,1,100,-18795.400391
1752617611.772743,526383.000,17504,2,EL,1,100,-18795.800781
1752617611.838743,526449.000,17522,1,EL,1,100,-18795.599609
1752617611.905743,526516.000,17539,2,EL,1,100,-18796.000000
1752617611.972743,526583.000,17539,2,EL,1,100,-18796.000000
1752617612.038742,526649.000,17554,1,EL,1,100,-18796.000000
1752617612.105742,526716.000,17571,2,EL,1,100,-18796.000000
1752617612.172742,526783.000,17571,2,EL,1,100,-18796.000000
1752617612.239242,526849.500,17590,2,EL,1,100,-18796.000000
1752617612.305741,526916.000,17590,2,EL,1,100,-18796.199219
1752617612.372741,526983.000,17607,1,EL,1,100,-18796.199219
1752617612.439241,527049.500,17621,2,EL,1,100,-18796.199219
1752617612.505741,527116.000,17621,2,EL,1,100,-18796.400391
1752617612.572741,527183.000,17639,1,EL,1,100,-18796.599609
1752617612.639240,527249.500,17655,2,EL,1,100,-18796.599609
1752617612.705740,527316.000,17655,2,EL,1,100,-18796.599609
1752617612.772740,527383.000,17672,1,EL,1,100,-18796.599609
1752617612.839240,527449.500,17687,2,EL,1,100,-18797.000000
1752617612.905739,527516.000,17687,2,EL,1,100,-18797.000000
1752617612.972739,527583.000,17704,1,EL,1,100,-18797.000000
1752617613.039239,527649.500,17720,2,EL,1,100,-18797.000000
1752617613.105739,527716.000,17720,2,EL,1,100,-18797.000000
1752617613.172738,527783.000,17737,1,EL,1,100,-18796.800781
1752617613.239238,527849.500,17752,2,EL,1,100,-18797.400391
1752617613.305738,527916.000,17752,2,EL,1,100,-18797.400391
1752617613.372738,527983.000,17769,1,EL,1,100,-18797.599609
1752617613.439237,528049.500,17785,2,EL,1,100,-18797.800781
1752617613.505737,528116.000,17785,2,EL,1,100,-18797.599609
1752617613.572737,528183.000,17803,1,EL,1,100,-18797.800781
1752617613.639237,528249.500,17817,2,EL,1,100,-18798.000000
1752617613.705737,528316.000,17817,2,EL,1,100,-18797.599609
1752617613.772736,528383.000,17834,1,EL,1,100,-18798.199219
1752617613.839236,528449.500,17851,2,EL,1,100,-18798.199219
1752617613.905736,528516.000,17851,2,EL,1,100,-18798.199219
1752617613.972736,528583.000,17868,1,EL,1,100,-18798.400391
1752617614.039235,528649.500,17882,2,EL,1,100,-18798.400391
1752617614.105735,528716.000,17882,2,EL,1,100,-18798.199219
1752617614.172735,528783.000,17899,1,EL,1,100,-18798.599609
1752617614.239235,528849.500,17916,2,EL,1,100,-18799.000000
1752617614.305734,528916.000,17916,2,EL,1,100,-18799.000000
1752617614.372734,528983.000,17933,1,EL,1,100,-18799.000000
1752617614.439234,529049.500,17948,2,EL,1,100,-18799.199219
1752617614.505734,529116.000,17948,2,EL,1,100,-18799.000000
1752617614.572734,529183.000,17965,1,EL,1,100,-18799.000000
1752617614.639233,529249.500,17981,2,EL,1,100,-18799.400391
1752617614.705733,529316.000,17981,2,EL,1,100,-18799.400391
1752617614.772233,529382.500,17998,2,EL,1,100,-18800.000000
1752617614.838733,529449.000,17998,2,EL,1,100,-18800.199219
1752617614.905732,529516.000,18015,1,EL,1,100,-18800.400391
1752617614.972232,529582.500,18032,2,EL,1,100,-18800.199219
1752617615.038732,529649.000,18032,2,EL,1,100,-18800.400391
1752617615.105732,529716.000,18048,1,EL,1,100,-18800.400391
1752617615.172231,529782.500,18066,2,EL,1,100,-18800.400391
1752617615.238731,529849.000,18066,2,EL,1,100,-18800.000000
1752617615.305731,529916.000,18082,1,EL,1,100,-18800.599609
1752617615.372231,529982.500,18097,2,EL,1,100,-18800.800781
1752617615.438730,530049.000,18097,2,EL,1,100,-18800.800781
1752617615.505730,530116.000,18113,1,EL,1,100,-18801.000000
1752617615.572230,530182.500,18131,2,EL,1,100,-18801.000000
1752617615.638730,530249.000,18131,2,EL,1,100,-18801.199219
1752617615.705730,530316.000,18147,1,EL,1,100,-18801.400391
1752617615.772229,530382.500,18162,2,EL,1,100,-18801.599609
1752617615.838729,530449.000,18162,2,EL,1,100,-18801.400391
1752617615.905729,530516.000,18179,1,EL,1,100,-18801.199219
1752617615.972229,530582.500,18196,2,EL,1,100,-18801.400391
1752617616.038728,530649.000,18196,2,EL,1,100,-18801.199219
1752617616.105728,530716.000,18212,1,EL,1,100,-18801.400391
1752617616.172228,530782.500,18228,2,EL,1,100,-18801.800781
1752617616.238728,530849.000,18228,2,EL,1,100,-18802.199219
1752617616.305727,530916.000,18246,1,EL,1,100,-18802.000000
1752617616.372227,530982.500,18263,2,EL,1,100,-18802.000000
1752617616.438727,531049.000,18263,2,EL,1,100,-18802.400391
1752617616.505727,531116.000,18279,1,EL,1,100,-18802.199219
1752617616.572227,531182.500,18296,2,EL,1,100,-18802.800781
1752617616.638726,531249.000,18296,2,EL,1,100,-18802.400391
1752617616.705726,531316.000,18311,1,EL,1,100,-18802.800781
1752617616.772226,531382.500,18328,2,EL,1,100,-18802.800781
1752617616.838726,531449.000,18328,2,EL,1,100,-18803.000000
1752617616.905725,531516.000,18345,1,EL,1,100,-18803.000000
1752617616.972225,531582.500,18361,2,EL,1,100,-18803.000000
1752617617.038725,531649.000,18361,2,EL,1,100,-18802.800781
1752617617.105225,531715.500,18376,2,EL,1,100,-18803.000000
1752617617.171724,531782.000,18376,2,EL,1,100,-18803.000000
1752617617.238724,531849.000,18394,1,EL,1,100,-18803.000000
1752617617.305224,531915.500,18412,2,EL,1,100,-18803.199219
1752617617.371724,531982.000,18412,2,EL,1,100,-18802.800781
1752617617.438724,532049.000,18429,1,EL,1,100,-18802.400391
1752617617.505223,532115.500,18444,2,EL,1,100,-18802.000000
1752617617.571723,532182.000,18444,2,EL,1,100,-18802.000000
1752617617.638723,532249.000,18461,1,EL,1,100,-18802.000000
1752617617.705223,532315.500,18477,2,EL,1,100,-18802.599609
1752617617.771722,532382.000,18477,2,EL,1,100,-18802.599609
1752617617.838722,532449.000,18494,1,EL,1,100,-18802.800781
1752617617.905222,532515.500,18509,2,EL,1,100,-18802.800781
1752617617.971722,532582.000,18509,2,EL,1,100,-18803.000000
1752617618.038721,532649.000,18526,1,EL,1,100,-18803.000000
1752617618.105221,532715.500,18542,2,EL,1,100,-18802.800781
1752617618.171721,532782.000,18542,2,EL,1,100,-18803.000000
1752617618.238721,532849.000,18560,1,EL,1,100,-18802.800781
1752617618.305220,532915.500,18574,2,EL,1,100,-18803.800781
1752617618.371720,532982.000,18574,2,EL,1,100,-18803.400391
1752617618.438720,533049.000,18591,1,EL,1,100,-18803.400391
1752617618.505220,533115.500,18608,2,EL,1,100,-18803.400391
1752617618.571720,533182.000,18608,2,EL,1,100,-18803.800781
1752617618.638719,533249.000,18625,1,EL,1,100,-18803.800781
1752617618.705219,533315.500,18639,2,EL,1,100,-18804.000000
1752617618.771719,533382.000,18639,2,EL,1,100,-18804.000000
1752617618.838719,533449.000,18656,1,EL,1,100,-18804.000000
1752617618.905218,533515.500,18673,2,EL,1,100,-18804.000000
1752617618.971718,533582.000,18673,2,EL,1,100,-18804.000000
1752617619.038718,533649.000,18690,1,EL,1,100,-18804.000000
1752617619.105218,533715.500,18705,2,EL,1,100,-18804.199219
1752617619.171717,533782.000,18705,2,EL,1,100,-18804.400391
1752617619.238717,533849.000,18722,1,EL,1,100,-18804.199219
1752617619.305217,533915.500,18738,2,EL,1,100,-18804.599609
1752617619.371717,533982.000,18738,2,EL,1,100,-18804.400391
1752617619.438217,534048.500,18755,2,EL,1,100,-18804.800781
1752617619.504716,534115.000,18755,2,EL,1,100,-18804.599609
1752617619.571716,534182.000,18772,1,EL,1,100,-18804.599609
1752617619.638216,534248.500,18787,2,EL,1,100,-18805.000000
1752617619.704716,534315.000,18787,2,EL,1,100,-18805.000000
1752617619.771715,534382.000,18803,1,EL,1,100,-18805.199219
1752617619.838215,534448.500,18821,2,EL,1,100,-18805.400391
1752617619.904715,534515.000,18821,2,EL,1,100,-18805.599609
1752617619.971715,534582.000,18837,1,EL,1,100,-18805.199219
1752617620.038214,534648.500,18852,2,EL,1,100,-18805.400391
1752617620.104714,534715.000,18852,2,EL,1,100,-18805.599609
1752617620.171714,534782.000,18868,1,EL,1,100,-18805.599609
1752617620.238214,534848.500,18886,2,EL,1,100,-18805.800781
1752617620.304713,534915.000,18886,2,EL,1,100,-18805.599609
1752617620.371713,534982.000,18902,1,EL,1,100,-18806.000000
1752617620.438213,535048.500,18917,2,EL,1,100,-18806.000000
1752617620.504713,535115.000,18917,2,EL,1,100,-18806.199219
1752617620.571713,535182.000,18934,1,EL,1,100,-18806.000000
1752617620.638212,535248.500,18951,2,EL,1,100,-18806.000000
1752617620.704712,535315.000,18951,2,EL,1,100,-18806.000000
1752617620.771712,535382.000,18967,1,EL,1,100,-18806.000000
1752617620.838212,535448.500,18983,2,EL,1,100,-18806.400391
1752617620.904711,535515.000,18983,2,EL,1,100,-18806.199219
1752617620.971711,535582.000,18999,1,EL,1,100,-18806.000000
1752617621.038211,535648.500,19016,2,EL,1,100,-18806.400391
1752617621.104711,535715.000,19016,2,EL,1,100,-18806.599609
1752617621.171710,535782.000,19032,1,EL,1,100,-18806.199219
1752617621.238210,535848.500,19049,2,EL,1,100,-18806.599609
1752617621.304710,535915.000,19049,2,EL,1,100,-18806.400391
1752617621.371710,535982.000,19064,1,EL,1,100,-18806.599609
1752617621.438210,536048.500,19081,2,EL,1,100,-18806.800781
1752617621.504709,536115.000,19081,2,EL,1,100,-18806.800781
1752617621.571709,536182.000,19098,1,EL,1,100,-18807.000000
1752617621.638209,536248.500,19114,2,EL,1,100,-18807.000000
1752617621.704709,536315.000,19114,2,EL,1,100,-18807.000000
1752617621.771208,536381.500,19129,2,EL,1,100,-18806.800781
1752617621.837708,536448.000,19129,2,EL,1,100,-18806.800781
1752617621.904708,536515.000,19147,1,EL,1,100,-18807.000000
1752617621.971208,536581.500,19163,2,EL,1,100,-18807.000000
1752617622.037707,536648.000,19163,2,EL,1,100,-18807.199219
1752617622.104707,536715.000,19180,1,EL,1,100,-18807.400391
1752617622.171207,536781.500,19195,2,EL,1,100,-18807.000000
1752617622.237707,536848.000,19195,2,EL,1,100,-18807.599609
1752617622.304706,536915.000,19214,1,EL,1,100,-18808.000000
1752617622.371206,536981.500,19230,2,EL,1,100,-18808.000000
1752617622.437706,537048.000,19230,2,EL,1,100,-18808.000000
1752617622.504706,537115.000,19247,1,EL,1,100,-18807.800781
1752617622.571206,537181.500,19262,2,EL,1,100,-18808.000000
1752617622.637705,537248.000,19262,2,EL,1,100,-18808.000000
1752617622.704705,537315.000,19279,1,EL,1,100,-18808.000000
1752617622.771205,537381.500,19295,2,EL,1,100,-18808.199219
1752617622.837705,537448.000,19295,2,EL,1,100,-18808.199219
1752617622.904704,537515.000,19313,1,EL,1,100,-18808.400391
1752617622.971204,537581.500,19327,2,EL,1,100,-18808.199219
1752617623.037704,537648.000,19327,2,EL,1,100,-18808.400391
1752617623.104704,537715.000,19344,1,EL,1,100,-18808.800781
1752617623.171203,537781.500,19361,2,EL,1,100,-18808.800781
1752617623.237703,537848.000,19361,2,EL,1,100,-18808.599609
1752617623.304703,537915.000,19378,1,EL,1,100,-18808.800781
1752617623.371203,537981.500,19392,2,EL,1,100,-18809.000000
1752617623.437703,538048.000,19392,2,EL,1,100,-18808.800781
1752617623.504702,538115.000,19409,1,EL,1,100,-18809.000000
1752617623.571202,538181.500,19426,2,EL,1,100,-18809.199219
1752617623.637702,538248.000,19426,2,EL,1,100,-18809.599609
1752617623.704702,538315.000,19443,1,EL,1,100,-18809.400391
1752617623.771201,538381.500,19458,2,EL,1,100,-18809.800781
1752617623.837701,538448.000,19458,2,EL,1,100,-18809.199219
1752617623.904701,538515.000,19475,1,EL,1,100,-18809.400391
1752617623.971201,538581.500,19491,2,EL,1,100,-18809.400391
1752617624.037700,538648.000,19491,2,EL,1,100,-18810.000000
1752617624.104700,538715.000,19508,1,EL,1,100,-18810.000000
1752617624.171200,538781.500,19524,2,EL,1,100,-18810.000000
1752617624.237700,538848.000,19524,2,EL,1,100,-18810.000000
1752617624.304699,538915.000,19540,2,EL,1,100,-18810.000000
1752617624.371699,538982.000,19540,2,EL,1,100,-18810.000000
1752617624.437699,539048.000,19556,1,EL,1,100,-18810.400391
1752617624.504699,539115.000,19574,2,EL,1,100,-18811.000000
1752617624.571699,539182.000,19574,2,EL,1,100,-18811.000000
1752617624.637698,539248.000,19590,1,EL,1,100,-18810.800781
1752617624.704198,539314.500,19605,2,EL,1,100,-18811.000000
1752617624.770698,539381.000,19605,2,EL,1,100,-18811.199219
1752617624.837698,539448.000,19621,1,EL,1,100,-18811.400391
1752617624.904197,539514.500,19639,2,EL,1,100,-18811.199219
1752617624.970697,539581.000,19639,2,EL,1,100,-18811.199219
1752617625.037697,539648.000,19655,1,EL,1,100,-18811.400391
1752617625.104197,539714.500,19670,2,EL,1,100,-18811.000000
1752617625.170696,539781.000,19670,2,EL,1,100,-18810.599609
1752617625.237696,539848.000,19687,1,EL,1,100,-18811.199219
1752617625.304196,539914.500,19704,2,EL,1,100,-18811.400391
1752617625.370696,539981.000,19704,2,EL,1,100,-18811.199219
1752617625.437696,540048.000,19720,1,EL,1,100,-18811.199219
1752617625.504195,540114.500,19736,2,EL,1,100,-18811.199219
1752617625.570695,540181.000,19736,2,EL,1,100,-18811.199219
1752617625.637695,540248.000,19752,1,EL,1,100,-18811.000000
1752617625.704195,540314.500,19769,2,EL,1,100,-18811.199219
1752617625.770694,540381.000,19769,2,EL,1,100,-18811.599609
1752617625.837694,540448.000,19785,1,EL,1,100,-18811.599609
1752617625.904194,540514.500,19801,2,EL,1,100,-18812.000000
1752617625.970694,540581.000,19801,2,EL,1,100,-18811.599609
1752617626.037693,540648.000,19817,1,EL,1,100,-18811.800781
1752617626.104193,540714.500,19834,2,EL,1,100,-18812.000000
1752617626.170693,540781.000,19834,2,EL,1,100,-18812.000000
1752617626.237693,540848.000,19851,1,EL,1,100,-18812.199219
1752617626.304192,540914.500,19867,2,EL,1,100,-18812.199219
1752617626.370692,540981.000,19867,2,EL,1,100,-18812.400391
1752617626.437692,541048.000,19882,1,EL,1,100,-18812.599609
1752617626.504192,541114.500,19900,2,EL,1,100,-18812.400391
1752617626.570692,541181.000,19900,2,EL,1,100,-18812.400391
1752617626.637691,541248.000,19916,2,EL,1,100,-18812.599609
1752617626.704691,541315.000,19916,2,EL,1,100,-18812.800781
1752617626.770691,541381.000,19933,1,EL,1,100,-18812.599609
1752617626.837691,541448.000,19948,2,EL,1,100,-18813.199219
1752617626.904690,541515.000,19948,2,EL,1,100,-18813.199219
1752617626.970690,541581.000,19965,1,EL,1,100,-18813.199219
1752617627.037690,541648.000,19981,2,EL,1,100,-18813.199219
1752617627.104690,541715.000,19981,2,EL,1,100,-18813.199219
1752617627.170689,541781.000,19998,1,EL,1,100,-18812.800781
1752617627.237689,541848.000,20015,2,EL,1,100,-18813.599609
1752617627.304689,541915.000,20015,2,EL,1,100,-18814.000000
1752617627.370689,541981.000,20032,1,EL,1,100,-18813.400391
1752617627.437689,542048.000,20048,2,EL,1,100,-18813.400391
1752617627.504688,542115.000,20048,2,EL,1,100,-18813.599609
1752617627.570688,542181.000,20066,1,EL,1,100,-18813.599609
1752617627.637688,542248.000,20080,2,EL,1,100,-18813.800781
1752617627.704688,542315.000,20080,2,EL,1,100,-18813.400391
1752617627.770687,542381.000,20097,1,EL,1,100,-18813.800781
1752617627.837687,542448.000,20114,2,EL,1,100,-18813.800781
1752617627.904687,542515.000,20114,2,EL,1,100,-18814.000000
1752617627.970687,542581.000,20131,1,EL,1,100,-18814.199219
1752617628.037186,542647.500,20145,2,EL,1,100,-18814.199219
1752617628.103686,542714.000,20145,2,EL,1,100,-18814.000000
1752617628.170686,542781.000,20162,1,EL,1,100,-18814.199219
1752617628.237186,542847.500,20179,2,EL,1,100,-18814.400391
1752617628.303685,542914.000,20179,2,EL,1,100,-18814.400391
1752617628.370685,542981.000,20196,1,EL,1,100,-18814.599609
1752617628.437185,543047.500,20210,2,EL,1,100,-18814.599609
1752617628.503685,543114.000,20210,2,EL,1,100,-18814.400391
1752617628.570685,543181.000,20228,1,EL,1,100,-18814.400391
1752617628.637184,543247.500,20244,2,EL,1,100,-18814.400391
1752617628.703684,543314.000,20244,2,EL,1,100,-18814.599609
1752617628.770684,543381.000,20261,1,EL,1,100,-18815.000000
1752617628.837184,543447.500,20277,2,EL,1,100,-18815.400391
1752617628.903683,543514.000,20277,2,EL,1,100,-18815.199219
1752617628.970683,543581.000,20293,1,EL,1,100,-18815.000000
1752617629.037183,543647.500,20309,2,EL,1,100,-18815.199219
1752617629.103683,543714.000,20309,2,EL,1,100,-18815.199219
1752617629.170682,543781.000,20327,2,EL,1,100,-18815.400391
1752617629.237682,543848.000,20327,2,EL,1,100,-18815.400391
1752617629.303682,543914.000,20343,1,EL,1,100,-18815.400391
1752617629.370682,543981.000,20358,2,EL,1,100,-18815.400391
1752617629.437682,544048.000,20358,2,EL,1,100,-18815.800781
1752617629.503681,544114.000,20374,1,EL,1,100,-18815.599609
1752617629.570681,544181.000,20392,2,EL,1,100,-18815.400391
1752617629.637681,544248.000,20392,2,EL,1,100,-18815.400391
1752617629.703681,544314.000,20408,1,EL,1,100,-18816.199219
1752617629.770680,544381.000,20423,2,EL,1,100,-18816.199219
1752617629.837680,544448.000,20423,2,EL,1,100,-18815.800781
1752617629.903680,544514.000,20440,1,EL,1,100,-18816.000000
1752617629.970680,544581.000,20457,2,EL,1,100,-18816.400391
1752617630.037679,544648.000,20457,2,EL,1,100,-18815.800781
1752617630.103679,544714.000,20473,1,EL,1,100,-18816.400391
1752617630.170679,544781.000,20489,2,EL,1,100,-18816.400391
1752617630.237679,544848.000,20489,2,EL,1,100,-18816.599609
1752617630.303678,544914.000,20505,1,EL,1,100,-18816.800781
1752617630.370678,544981.000,20522,2,EL,1,100,-18816.400391
1752617630.437678,545048.000,20522,2,EL,1,100,-18816.400391
1752617630.503678,545114.000,20538,1,EL,1,100,-18816.400391
1752617630.570678,545181.000,20554,2,EL,1,100,-18817.000000
1752617630.637677,545248.000,20554,2,EL,1,100,-18817.000000
1752617630.703677,545314.000,20570,1,EL,1,100,-18817.000000
1752617630.770677,545381.000,20587,2,EL,1,100,-18817.400391
1752617630.837677,545448.000,20587,2,EL,1,100,-18817.400391
1752617630.903676,545514.000,20604,1,EL,1,100,-18817.400391
1752617630.970676,545581.000,20620,2,EL,1,100,-18817.400391
1752617631.037676,545648.000,20620,2,EL,1,100,-18817.599609
1752617631.103676,545714.000,20635,1,EL,1,100,-18817.800781
1752617631.170675,545781.000,20653,2,EL,1,100,-18817.599609
1752617631.237675,545848.000,20653,2,EL,1,100,-18817.599609
1752617631.304175,545914.500,20669,2,EL,1,100,-18817.400391
1752617631.370675,545981.000,20669,2,EL,1,100,-18817.599609
1752617631.436675,546047.000,20688,1,EL,1,100,-18817.400391
1752617631.503674,546114.000,20703,2,EL,1,100,-18817.400391
1752617631.570674,546181.000,20703,2,EL,1,100,-18817.599609
1752617631.636674,546247.000,20720,1,EL,1,100,-18818.000000
1752617631.703674,546314.000,20736,2,EL,1,100,-18817.599609
1752617631.770673,546381.000,20736,2,EL,1,100,-18818.199219
1752617631.836673,546447.000,20753,1,EL,1,100,-18818.000000
1752617631.903673,546514.000,20768,2,EL,1,100,-18818.400391
1752617631.970673,546581.000,20768,2,EL,1,100,-18818.400391
1752617632.036672,546647.000,20787,1,EL,1,100,-18818.000000
1752617632.103672,546714.000,20803,2,EL,1,100,-18818.400391
1752617632.170672,546781.000,20803,2,EL,1,100,-18818.000000
1752617632.236672,546847.000,20821,1,EL,1,100,-18818.199219
1752617632.303672,546914.000,20837,2,EL,1,100,-18818.599609
1752617632.370671,546981.000,20837,2,EL,1,100,-18818.400391
1752617632.436671,547047.000,20854,1,EL,1,100,-18818.400391
1752617632.503671,547114.000,20871,2,EL,1,100,-18818.599609
1752617632.570671,547181.000,20871,2,EL,1,100,-18818.800781
1752617632.636670,547247.000,20890,1,EL,1,100,-18819.000000
1752617632.703670,547314.000,20904,2,EL,1,100,-18818.800781
1752617632.770670,547381.000,20904,2,EL,1,100,-18818.800781
1752617632.836670,547447.000,20921,1,EL,1,100,-18819.000000
1752617632.903669,547514.000,20938,2,EL,1,100,-18819.199219
1752617632.970669,547581.000,20938,2,EL,1,100,-18819.199219
1752617633.036669,547647.000,20955,1,EL,1,100,-18819.199219
1752617633.103669,547714.000,20969,2,EL,1,100,-18819.599609
1752617633.170668,547781.000,20969,2,EL,1,100,-18819.800781
1752617633.236668,547847.000,20987,1,EL,1,100,-18820.199219
1752617633.303668,547914.000,21005,2,EL,1,100,-18820.000000
1752617633.370668,547981.000,21005,2,EL,1,100,-18820.000000
1752617633.436668,548047.000,21022,1,EL,1,100,-18820.000000
1752617633.503667,548114.000,21038,2,EL,1,100,-18820.199219
1752617633.570667,548181.000,21038,2,EL,1,100,-18820.400391
1752617633.636667,548247.000,21054,1,EL,1,100,-18820.599609
1752617633.703667,548314.000,21070,2,EL,1,100,-18820.599609
1752617633.770666,548381.000,21070,2,EL,1,100,-18820.199219
1752617633.837166,548447.500,21088,2,EL,1,100,-18820.400391
1752617633.903666,548514.000,21088,2,EL,1,100,-18820.400391
1752617633.970666,548581.000,21104,1,EL,1,100,-18820.000000
1752617634.037165,548647.500,21121,2,EL,1,100,-18820.800781
1752617634.103665,548714.000,21121,2,EL,1,100,-18820.800781
1752617634.170665,548781.000,21137,1,EL,1,100,-18820.599609
1752617634.237165,548847.500,21155,2,EL,1,100,-18821.000000
1752617634.303665,548914.000,21155,2,EL,1,100,-18820.800781
1752617634.370664,548981.000,21171,1,EL,1,100,-18821.199219
1752617634.437164,549047.500,21186,2,EL,1,100,-18821.400391
1752617634.503664,549114.000,21186,2,EL,1,100,-18821.000000
1752617634.570664,549181.000,21205,1,EL,1,100,-18821.000000
1752617634.637163,549247.500,21222,2,EL,1,100,-18821.199219
1752617634.703663,549314.000,21222,2,EL,1,100,-18821.199219
1752617634.769663,549380.000,21238,1,EL,1,100,-18821.199219
1752617634.836663,549447.000,21254,2,EL,1,100,-18821.199219
1752617634.903662,549514.000,21254,2,EL,1,100,-18821.400391
1752617634.969662,549580.000,21270,1,EL,1,100,-18821.199219
1752617635.036662,549647.000,21287,2,EL,1,100,-18821.599609
1752617635.103662,549714.000,21287,2,EL,1,100,-18821.599609
1752617635.169661,549780.000,21303,1,EL,1,100,-18822.000000
1752617635.236661,549847.000,21319,2,EL,1,100,-18822.199219
1752617635.303661,549914.000,21319,2,EL,1,100,-18822.000000
1752617635.370661,549981.000,21335,1,EL,1,100,-18822.199219
1752617635.437161,550047.500,21352,2,EL,1,100,-18822.199219
1752617635.503660,550114.000,21352,2,EL,1,100,-18822.000000
1752617635.569660,550180.000,21369,1,EL,1,100,-18822.400391
1752617635.636660,550247.000,21384,2,EL,1,100,-18822.599609
1752617635.703660,550314.000,21384,2,EL,1,100,-18822.800781
1752617635.769659,550380.000,21400,1,EL,1,100,-18822.400391
1752617635.836659,550447.000,21418,2,EL,1,100,-18822.199219
1752617635.903659,550514.000,21418,2,EL,1,100,-18822.199219
1752617635.969659,550580.000,21434,1,EL,1,100,-18822.599609
1752617636.036658,550647.000,21450,2,EL,1,100,-18823.000000
1752617636.103658,550714.000,21450,2,EL,1,100,-18822.599609
1752617636.169658,550780.000,21465,1,EL,1,100,-18822.800781
1752617636.236658,550847.000,21483,2,EL,1,100,-18822.800781
1752617636.303658,550914.000,21483,2,EL,1,100,-18822.800781
1752617636.370157,550980.500,21499,2,EL,1,100,-18823.000000
1752617636.436657,551047.000,21499,2,EL,1,100,-18823.000000
1752617636.503657,551114.000,21516,1,EL,1,100,-18823.199219
1752617636.570157,551180.500,21531,2,EL,1,100,-18823.000000
1752617636.636656,551247.000,21531,2,EL,1,100,-18823.400391
1752617636.703656,551314.000,21548,1,EL,1,100,-18823.400391
1752617636.770156,551380.500,21564,2,EL,1,100,-18823.400391
1752617636.836656,551447.000,21564,2,EL,1,100,-18823.400391
1752617636.903655,551514.000,21582,1,EL,1,100,-18824.000000
1752617636.970155,551580.500,21596,2,EL,1,100,-18823.800781
1752617637.036655,551647.000,21596,2,EL,1,100,-18823.800781
1752617637.103655,551714.000,21613,1,EL,1,100,-18823.800781
1752617637.170154,551780.500,21630,2,EL,1,100,-18824.000000
1752617637.236654,551847.000,21630,2,EL,1,100,-18824.000000
1752617637.303654,551914.000,21649,1,EL,1,100,-18824.000000
1752617637.370154,551980.500,21663,2,EL,1,100,-18824.000000
1752617637.436654,552047.000,21663,2,EL,1,100,-18824.000000
1752617637.503653,552114.000,21680,1,EL,1,100,-18824.000000
1752617637.570153,552180.500,21697,2,EL,1,100,-18824.400391
1752617637.636653,552247.000,21697,2,EL,1,100,-18824.199219
1752617637.703653,552314.000,21714,1,EL,1,100,-18824.400391
1752617637.770152,552380.500,21728,2,EL,1,100,-18824.599609
1752617637.836652,552447.000,21728,2,EL,1,100,-18824.599609
1752617637.902652,552513.000,21746,1,EL,1,100,-18824.599609
1752617637.969652,552580.000,21762,2,EL,1,100,-18824.599609
1752617638.036651,552647.000,21762,2,EL,1,100,-18824.599609
1752617638.103651,552714.000,21779,1,EL,1,100,-18824.599609
1752617638.170151,552780.500,21795,2,EL,1,100,-18824.800781
1752617638.236651,552847.000,21795,2,EL,1,100,-18824.599609
1752617638.303651,552914.000,21811,1,EL,1,100,-18824.599609
1752617638.370150,552980.500,21827,2,EL,1,100,-18824.800781
1752617638.436650,553047.000,21827,2,EL,1,100,-18824.599609
1752617638.503650,553114.000,21844,1,EL,1,100,-18825.000000
1752617638.570150,553180.500,21860,2,EL,1,100,-18825.599609
1752617638.636649,553247.000,21860,2,EL,1,100,-18825.400391
1752617638.703149,553313.500,21876,2,EL,1,100,-18825.199219
1752617638.769649,553380.000,21876,2,EL,1,100,-18825.400391
1752617638.836649,553447.000,21892,1,EL,1,100,-18825.199219
1752617638.903148,553513.500,21910,2,EL,1,100,-18825.000000
1752617638.969648,553580.000,21910,2,EL,1,100,-18825.199219
1752617639.036648,553647.000,21926,1,EL,1,100,-18825.599609
1752617639.103148,553713.500,21941,2,EL,1,100,-18825.599609
1752617639.169647,553780.000,21941,2,EL,1,100,-18825.599609
1752617639.236647,553847.000,21958,1,EL,1,100,-18825.800781
1752617639.303147,553913.500,21975,2,EL,1,100,-18825.599609
1752617639.369647,553980.000,21975,2,EL,1,100,-18825.800781
1752617639.436647,554047.000,21991,1,EL,1,100,-18825.599609
1752617639.503146,554113.500,22007,2,EL,1,100,-18826.000000
1752617639.569646,554180.000,22007,2,EL,1,100,-18825.800781
1752617639.636646,554247.000,22023,1,EL,1,100,-18825.800781
1752617639.703146,554313.500,22040,2,EL,1,100,-18826.199219
1752617639.769645,554380.000,22040,2,EL,1,100,-18825.599609
1752617639.836645,554447.000,22056,1,EL,1,100,-18825.800781
1752617639.903145,554513.500,22072,2,EL,1,100,-18826.000000
1752617639.969645,554580.000,22072,2,EL,1,100,-18826.199219
1752617640.036644,554647.000,22088,1,EL,1,100,-18825.599609
1752617640.103144,554713.500,22105,2,EL,1,100,-18826.400391
1752617640.169644,554780.000,22105,2,EL,1,100,-18826.400391
1752617640.236644,554847.000,22122,1,EL,1,100,-18826.400391
1752617640.303144,554913.500,22137,2,EL,1,100,-18826.800781
1752617640.369643,554980.000,22137,2,EL,1,100,-18826.599609
1752617640.436643,555047.000,22153,1,EL,1,100,-18826.599609
1752617640.503143,555113.500,22171,2,EL,1,100,-18826.400391
1752617640.569643,555180.000,22171,2,EL,1,100,-18826.599609
1752617640.636642,555247.000,22187,1,EL,1,100,-18826.599609
1752617640.703142,555313.500,22202,2,EL,1,100,-18826.599609
1752617640.769642,555380.000,22202,2,EL,1,100,-18826.800781
1752617640.836642,555447.000,22218,1,EL,1,100,-18827.199219
1752617640.903141,555513.500,22236,2,EL,1,100,-18826.800781
1752617640.969641,555580.000,22236,2,EL,1,100,-18826.800781
1752617641.036641,555647.000,22252,1,EL,1,100,-18827.000000
1752617641.103141,555713.500,22268,2,EL,1,100,-18827.000000
1752617641.169640,555780.000,22268,2,EL,1,100,-18827.199219
1752617641.236140,555846.500,22284,2,EL,1,100,-18827.000000
1752617641.302640,555913.000,22284,2,EL,1,100,-18827.000000
1752617641.369640,555980.000,22301,1,EL,1,100,-18826.800781
1752617641.436140,556046.500,22317,2,EL,1,100,-18827.000000
1752617641.502639,556113.000,22317,2,EL,1,100,-18827.199219
1752617641.569639,556180.000,22335,1,EL,1,100,-18827.199219
1752617641.636139,556246.500,22349,2,EL,1,100,-18827.199219
1752617641.702639,556313.000,22349,2,EL,1,100,-18827.400391
1752617641.769638,556380.000,22366,1,EL,1,100,-18827.599609
1752617641.836138,556446.500,22383,2,EL,1,100,-18827.400391
1752617641.902638,556513.000,22383,2,EL,1,100,-18827.599609
1752617641.969638,556580.000,22400,1,EL,1,100,-18827.800781
1752617642.036137,556646.500,22414,2,EL,1,100,-18827.800781
1752617642.102637,556713.000,22414,2,EL,1,100,-18827.800781
1752617642.169637,556780.000,22431,1,EL,1,100,-18828.000000
1752617642.236137,556846.500,22450,2,EL,1,100,-18828.199219
1752617642.302637,556913.000,22450,2,EL,1,100,-18828.000000
1752617642.369636,556980.000,22467,1,EL,1,100,-18827.800781
1752617642.436136,557046.500,22481,2,EL,1,100,-18828.199219
1752617642.502636,557113.000,22481,2,EL,1,100,-18828.400391
1752617642.569636,557180.000,22499,1,EL,1,100,-18828.400391
1752617642.636135,557246.500,22515,2,EL,1,100,-18828.599609
1752617642.702635,557313.000,22515,2,EL,1,100,-18828.400391
1752617642.769635,557380.000,22532,1,EL,1,100,-18828.400391
1752617642.836135,557446.500,22547,2,EL,1,100,-18828.599609
1752617642.902634,557513.000,22547,2,EL,1,100,-18828.599609
1752617642.969634,557580.000,22564,1,EL,1,100,-18828.400391
1752617643.036134,557646.500,22580,2,EL,1,100,-18828.599609
1752617643.102634,557713.000,22580,2,EL,1,100,-18828.599609
1752617643.169633,557780.000,22597,1,EL,1,100,-18828.599609
1752617643.236133,557846.500,22613,2,EL,1,100,-18828.599609
1752617643.302633,557913.000,22613,2,EL,1,100,-18828.599609
1752617643.369633,557980.000,22629,1,EL,1,100,-18828.599609
1752617643.436133,558046.500,22645,2,EL,1,100,-18829.000000
1752617643.502632,558113.000,22645,2,EL,1,100,-18829.000000
1752617643.569132,558179.500,22663,2,EL,1,100,-18829.199219
1752617643.635632,558246.000,22663,2,EL,1,100,-18829.199219
1752617643.702632,558313.000,22679,1,EL,1,100,-18829.599609
1752617643.769131,558379.500,22694,2,EL,1,100,-18829.199219
1752617643.835631,558446.000,22694,2,EL,1,100,-18829.400391
1752617643.902631,558513.000,22711,1,EL,1,100,-18829.599609
1752617643.969131,558579.500,22728,2,EL,1,100,-18829.599609
1752617644.035630,558646.000,22728,2,EL,1,100,-18829.599609
1752617644.102630,558713.000,22744,1,EL,1,100,-18829.599609
1752617644.169130,558779.500,22760,2,EL,1,100,-18830.000000
1752617644.235630,558846.000,22760,2,EL,1,100,-18829.400391
1752617644.302630,558913.000,22776,1,EL,1,100,-18830.000000
1752617644.369129,558979.500,22793,2,EL,1,100,-18830.599609
1752617644.435629,559046.000,22793,2,EL,1,100,-18830.000000
1752617644.502629,559113.000,22809,1,EL,1,100,-18829.599609
1752617644.569129,559179.500,22825,2,EL,1,100,-18830.000000
1752617644.635628,559246.000,22825,2,EL,1,100,-18830.000000
1752617644.702628,559313.000,22841,1,EL,1,100,-18829.800781
1752617644.769128,559379.500,22858,2,EL,1,100,-18830.199219
1752617644.835628,559446.000,22858,2,EL,1,100,-18830.000000
1752617644.902627,559513.000,22875,1,EL,1,100,-18830.199219
1752617644.969127,559579.500,22892,2,EL,1,100,-18830.400391
1752617645.035627,559646.000,22892,2,EL,1,100,-18830.400391
1752617645.102627,559713.000,22908,1,EL,1,100,-18830.199219
1752617645.169126,559779.500,22926,2,EL,1,100,-18830.800781
1752617645.235626,559846.000,22926,2,EL,1,100,-18830.599609
1752617645.302626,559913.000,22942,1,EL,1,100,-18830.400391
1752617645.369126,559979.500,22958,2,EL,1,100,-18830.599609
1752617645.435626,560046.000,22958,2,EL,1,100,-18830.599609
1752617645.502625,560113.000,22973,1,EL,1,100,-18830.599609
1752617645.569125,560179.500,22993,2,EL,1,100,-18830.800781
1752617645.635625,560246.000,22993,2,EL,1,100,-18831.000000
1752617645.702625,560313.000,23009,1,EL,1,100,-18830.800781
1752617645.769124,560379.500,23025,2,EL,1,100,-18830.599609
1752617645.835624,560446.000,23025,2,EL,1,100,-18830.599609
1752617645.902124,560512.500,23041,2,EL,1,100,-18830.800781
1752617645.968624,560579.000,23041,2,EL,1,100,-18830.800781
1752617646.035623,560646.000,23058,1,EL,1,100,-18831.199219
1752617646.102123,560712.500,23074,2,EL,1,100,-18831.199219
1752617646.168623,560779.000,23074,2,EL,1,100,-18831.000000
1752617646.235623,560846.000,23092,1,EL,1,100,-18830.599609
1752617646.302123,560912.500,23106,2,EL,1,100,-18831.400391
1752617646.368622,560979.000,23106,2,EL,1,100,-18831.400391
1752617646.435622,561046.000,23123,1,EL,1,100,-18831.599609
1752617646.502122,561112.500,23140,2,EL,1,100,-18831.800781
1752617646.568622,561179.000,23140,2,EL,1,100,-18831.800781
1752617646.635621,561246.000,23157,1,EL,1,100,-18831.599609
1752617646.702121,561312.500,23171,2,EL,1,100,-18831.599609
1752617646.768621,561379.000,23171,2,EL,1,100,-18831.599609
1752617646.835621,561446.000,23188,1,EL,1,100,-18832.000000
1752617646.902120,561512.500,23205,2,EL,1,100,-18832.199219
1752617646.968620,561579.000,23205,2,EL,1,100,-18832.199219
1752617647.035620,561646.000,23222,1,EL,1,100,-18832.400391
1752617647.102120,561712.500,23236,2,EL,1,100,-18832.199219
1752617647.168620,561779.000,23236,2,EL,1,100,-18832.199219
1752617647.235619,561846.000,23254,1,EL,1,100,-18832.400391
1752617647.302119,561912.500,23272,2,EL,1,100,-18832.599609
1752617647.368619,561979.000,23272,2,EL,1,100,-18832.599609
1752617647.435619,562046.000,23289,1,EL,1,100,-18832.800781
1752617647.502118,562112.500,23304,2,EL,1,100,-18833.400391
1752617647.568618,562179.000,23304,2,EL,1,100,-18833.199219
1752617647.635618,562246.000,23323,1,EL,1,100,-18833.199219
1752617647.702118,562312.500,23339,2,EL,1,100,-18833.199219
1752617647.768617,562379.000,23339,2,EL,1,100,-18832.800781
1752617647.835617,562446.000,23356,1,EL,1,100,-18832.599609
1752617647.902117,562512.500,23371,2,EL,1,100,-18833.000000
1752617647.968617,562579.000,23371,2,EL,1,100,-18833.000000
1752617648.035616,562646.000,23388,1,EL,1,100,-18833.199219
1752617648.102116,562712.500,23404,2,EL,1,100,-18833.199219
1752617648.168616,562779.000,23404,2,EL,1,100,-18833.199219
1752617648.235616,562846.000,23422,1,EL,1,100,-18833.199219
1752617648.302116,562912.500,23437,2,EL,1,100,-18833.599609
1752617648.368615,562979.000,23437,2,EL,1,100,-18833.599609
1752617648.435115,563045.500,23453,2,EL,1,100,-18833.400391
1752617648.501615,563112.000,23453,2,EL,1,100,-18833.599609
1752617648.568615,563179.000,23470,1,EL,1,100,-18833.599609
1752617648.635114,563245.500,23487,2,EL,1,100,-18833.599609
1752617648.701614,563312.000,23487,2,EL,1,100,-18833.599609
1752617648.768614,563379.000,23503,1,EL,1,100,-18833.599609
1752617648.835114,563445.500,23519,2,EL,1,100,-18833.400391
1752617648.901613,563512.000,23519,2,EL,1,100,-18833.599609
1752617648.968613,563579.000,23535,1,EL,1,100,-18833.599609
1752617649.035113,563645.500,23552,2,EL,1,100,-18833.599609
1752617649.101613,563712.000,23552,2,EL,1,100,-18833.599609
1752617649.168613,563779.000,23568,1,EL,1,100,-18833.599609
1752617649.235112,563845.500,23584,2,EL,1,100,-18833.800781
1752617649.301612,563912.000,23584,2,EL,1,100,-18833.800781
1752617649.368612,563979.000,23600,1,EL,1,100,-18833.800781
1752617649.435112,564045.500,23617,2,EL,1,100,-18834.199219
1752617649.501611,564112.000,23617,2,EL,1,100,-18834.000000
1752617649.568611,564179.000,23634,1,EL,1,100,-18833.800781
1752617649.635111,564245.500,23649,2,EL,1,100,-18833.599609
1752617649.701611,564312.000,23649,2,EL,1,100,-18834.199219
1752617649.768610,564379.000,23665,1,EL,1,100,-18834.000000
1752617649.835110,564445.500,23683,2,EL,1,100,-18834.400391
1752617649.901610,564512.000,23683,2,EL,1,100,-18834.599609
1752617649.968610,564579.000,23699,1,EL,1,100,-18834.599609
1752617650.035109,564645.500,23714,2,EL,1,100,-18834.800781
1752617650.101609,564712.000,23714,2,EL,1,100,-18835.199219
1752617650.168609,564779.000,23730,1,EL,1,100,-18835.000000
1752617650.235109,564845.500,23750,2,EL,1,100,-18834.599609
1752617650.301609,564912.000,23750,2,EL,1,100,-18834.599609
1752617650.368608,564979.000,23766,1,EL,1,100,-18835.000000
1752617650.435108,565045.500,23782,2,EL,1,100,-18834.599609
1752617650.501608,565112.000,23782,2,EL,1,100,-18834.800781
1752617650.568608,565179.000,23798,1,EL,1,100,-18835.400391
1752617650.635107,565245.500,23815,2,EL,1,100,-18835.199219
1752617650.701607,565312.000,23815,2,EL,1,100,-18835.199219
1752617650.768607,565379.000,23831,1,EL,1,100,-18835.199219
1752617650.835107,565445.500,23848,2,EL,1,100,-18835.199219
1752617650.901606,565512.000,23848,2,EL,1,100,-18835.000000
1752617650.968606,565579.000,23863,2,EL,1,100,-18835.000000
1752617651.035606,565646.000,23863,2,EL,1,100,-18835.400391
1752617651.101606,565712.000,23880,1,EL,1,100,-18835.400391
1752617651.168606,565779.000,23897,2,EL,1,100,-18834.800781
1752617651.235605,565846.000,23897,2,EL,1,100,-18835.000000
1752617651.301605,565912.000,23914,1,EL,1,100,-18834.800781
1752617651.368105,565978.500,23928,2,EL,1,100,-18835.400391
1752617651.434605,566045.000,23928,2,EL,1,100,-18835.599609
1752617651.501604,566112.000,23945,1,EL,1,100,-18835.000000
1752617651.568104,566178.500,23962,2,EL,1,100,-18835.599609
1752617651.634604,566245.000,23962,2,EL,1,100,-18835.400391
1752617651.701604,566312.000,23979,1,EL,1,100,-18835.400391
1752617651.768103,566378.500,23993,2,EL,1,100,-18835.400391
1752617651.834603,566445.000,23993,2,EL,1,100,-18835.400391
1752617651.901603,566512.000,24011,1,EL,1,100,-18835.000000
1752617651.968103,566578.500,24027,2,EL,1,100,-18835.599609
1752617652.034602,566645.000,24027,2,EL,1,100,-18835.199219
1752617652.101602,566712.000,24044,1,EL,1,100,-18835.599609
1752617652.168102,566778.500,24059,2,EL,1,100,-18835.599609
1752617652.234602,566845.000,24059,2,EL,1,100,-18835.599609
1752617652.301602,566912.000,24078,1,EL,1,100,-18836.000000
1752617652.368101,566978.500,24094,2,EL,1,100,-18836.199219
1752617652.434601,567045.000,24094,2,EL,1,100,-18836.599609
1752617652.501601,567112.000,24111,1,EL,1,100,-18836.400391
1752617652.568101,567178.500,24126,2,EL,1,100,-18836.599609
1752617652.634600,567245.000,24126,2,EL,1,100,-18836.400391
1752617652.701600,567312.000,24143,1,EL,1,100,-18836.400391
1752617652.768100,567378.500,24159,2,EL,1,100,-18836.599609
1752617652.834600,567445.000,24159,2,EL,1,100,-18836.400391
1752617652.901599,567512.000,24177,1,EL,1,100,-18836.599609
1752617652.968099,567578.500,24192,2,EL,1,100,-18836.599609
1752617653.034599,567645.000,24192,2,EL,1,100,-18836.599609
1752617653.101599,567712.000,24208,1,EL,1,100,-18837.000000
1752617653.168099,567778.500,24225,2,EL,1,100,-18837.000000
1752617653.234598,567845.000,24225,2,EL,1,100,-18837.000000
1752617653.301598,567912.000,24242,2,EL,1,100,-18837.199219
1752617653.368598,567979.000,24242,2,EL,1,100,-18836.800781
1752617653.434598,568045.000,24258,1,EL,1,100,-18836.599609
1752617653.501597,568112.000,24274,2,EL,1,100,-18837.000000
1752617653.568597,568179.000,24274,2,EL,1,100,-18837.199219
1752617653.634597,568245.000,24290,1,EL,1,100,-18837.400391
1752617653.701597,568312.000,24307,2,EL,1,100,-18837.400391
1752617653.768596,568379.000,24307,2,EL,1,100,-18837.599609
1752617653.834596,568445.000,24323,1,EL,1,100,-18837.599609
1752617653.901596,568512.000,24339,2,EL,1,100,-18837.199219
1752617653.968596,568579.000,24339,2,EL,1,100,-18837.599609
1752617654.034595,568645.000,24357,1,EL,1,100,-18837.599609
1752617654.101595,568712.000,24374,2,EL,1,100,-18837.800781
1752617654.168595,568779.000,24374,2,EL,1,100,-18837.800781
1752617654.234595,568845.000,24391,1,EL,1,100,-18838.400391
1752617654.301095,568911.500,24406,2,EL,1,100,-18837.800781
1752617654.367594,568978.000,24406,2,EL,1,100,-18837.599609
1752617654.434594,569045.000,24422,1,EL,1,100,-18837.800781
1752617654.501594,569112.000,24440,2,EL,1,100,-18838.000000
1752617654.568594,569179.000,24440,2,EL,1,100,-18838.199219
1752617654.634593,569245.000,24456,1,EL,1,100,-18838.599609
1752617654.701093,569311.500,24471,2,EL,1,100,-18838.199219
1752617654.767593,569378.000,24471,2,EL,1,100,-18838.199219
1752617654.834593,569445.000,24487,1,EL,1,100,-18838.400391
1752617654.901092,569511.500,24505,2,EL,1,100,-18838.199219
1752617654.967592,569578.000,24505,2,EL,1,100,-18838.400391
1752617655.034592,569645.000,24521,1,EL,1,100,-18838.599609
1752617655.101092,569711.500,24536,2,EL,1,100,-18838.599609
1752617655.167592,569778.000,24536,2,EL,1,100,-18838.599609
1752617655.234591,569845.000,24553,1,EL,1,100,-18838.599609
1752617655.301091,569911.500,24570,2,EL,1,100,-18838.599609
1752617655.367591,569978.000,24570,2,EL,1,100,-18838.800781
1752617655.434591,570045.000,24586,1,EL,1,100,-18838.599609
1752617655.501090,570111.500,24603,2,EL,1,100,-18839.000000
1752617655.567590,570178.000,24603,2,EL,1,100,-18838.599609
1752617655.634590,570245.000,24618,1,EL,1,100,-18838.800781
1752617655.701090,570311.500,24635,2,EL,1,100,-18839.000000
1752617655.767589,570378.000,24635,2,EL,1,100,-18839.199219
1752617655.834589,570445.000,24652,2,EL,1,100,-18838.800781
1752617655.901589,570512.000,24652,2,EL,1,100,-18839.199219
1752617655.967589,570578.000,24669,1,EL,1,100,-18839.599609
1752617656.034588,570645.000,24683,2,EL,1,100,-18839.400391
1752617656.101588,570712.000,24683,2,EL,1,100,-18839.400391
1752617656.167588,570778.000,24700,1,EL,1,100,-18839.000000
1752617656.234588,570845.000,24717,2,EL,1,100,-18839.599609
1752617656.301588,570912.000,24717,2,EL,1,100,-18839.599609
1752617656.367587,570978.000,24734,1,EL,1,100,-18839.400391
1752617656.434587,571045.000,24748,2,EL,1,100,-18839.599609
1752617656.501587,571112.000,24748,2,EL,1,100,-18839.599609
1752617656.567587,571178.000,24766,1,EL,1,100,-18839.599609
1752617656.634586,571245.000,24782,2,EL,1,100,-18839.599609
1752617656.701586,571312.000,24782,2,EL,1,100,-18839.599609
1752617656.767586,571378.000,24799,1,EL,1,100,-18839.599609
1752617656.834586,571445.000,24816,2,EL,1,100,-18840.000000
1752617656.901585,571512.000,24816,2,EL,1,100,-18839.800781
1752617656.967585,571578.000,24833,1,EL,1,100,-18840.199219
1752617657.034585,571645.000,24849,2,EL,1,100,-18840.400391
1752617657.101585,571712.000,24849,2,EL,1,100,-18840.400391
1752617657.167585,571778.000,24866,1,EL,1,100,-18840.000000
1752617657.234584,571845.000,24883,2,EL,1,100,-18840.400391
1752617657.301584,571912.000,24883,2,EL,1,100,-18840.000000
1752617657.367584,571978.000,24900,1,EL,1,100,-18840.599609
1752617657.434584,572045.000,24916,2,EL,1,100,-18840.599609
1752617657.501583,572112.000,24916,2,EL,1,100,-18840.599609
1752617657.567583,572178.000,24934,1,EL,1,100,-18840.599609
1752617657.634583,572245.000,24948,2,EL,1,100,-18840.800781
1752617657.701583,572312.000,24948,2,EL,1,100,-18840.800781
1752617657.767582,572378.000,24965,1,EL,1,100,-18840.599609
1752617657.834582,572445.000,24982,2,EL,1,100,-18840.800781
1752617657.901582,572512.000,24982,2,EL,1,100,-18840.800781
1752617657.967582,572578.000,24999,1,EL,1,100,-18840.599609
1752617658.034081,572644.500,25014,2,EL,1,100,-18840.599609
1752617658.100581,572711.000,25014,2,EL,1,100,-18840.800781
1752617658.167581,572778.000,25030,1,EL,1,100,-18840.599609
1752617658.234081,572844.500,25047,2,EL,1,100,-18840.599609
1752617658.300581,572911.000,25047,2,EL,1,100,-18841.000000
1752617658.367580,572978.000,25064,2,EL,1,100,-18841.400391
1752617658.434580,573045.000,25064,2,EL,1,100,-18841.000000
1752617658.500580,573111.000,25080,1,EL,1,100,-18841.000000
1752617658.567580,573178.000,25096,2,EL,1,100,-18841.599609
1752617658.634579,573245.000,25096,2,EL,1,100,-18841.599609
1752617658.700579,573311.000,25112,1,EL,1,100,-18841.599609
1752617658.767579,573378.000,25131,2,EL,1,100,-18841.599609
1752617658.834579,573445.000,25131,2,EL,1,100,-18841.599609
1752617658.900578,573511.000,25148,1,EL,1,100,-18841.199219
1752617658.967578,573578.000,25163,2,EL,1,100,-18841.599609
1752617659.034578,573645.000,25163,2,EL,1,100,-18841.599609
1752617659.100578,573711.000,25179,1,EL,1,100,-18841.400391
1752617659.167578,573778.000,25197,2,EL,1,100,-18841.800781
1752617659.234577,573845.000,25197,2,EL,1,100,-18841.400391
1752617659.300577,573911.000,25213,1,EL,1,100,-18841.599609
1752617659.367577,573978.000,25228,2,EL,1,100,-18841.199219
1752617659.434577,574045.000,25228,2,EL,1,100,-18841.800781
1752617659.500576,574111.000,25246,1,EL,1,100,-18841.800781
1752617659.567576,574178.000,25264,2,EL,1,100,-18842.199219
1752617659.634576,574245.000,25264,2,EL,1,100,-18842.000000
1752617659.700576,574311.000,25280,1,EL,1,100,-18841.800781
1752617659.767575,574378.000,25295,2,EL,1,100,-18841.800781
1752617659.834575,574445.000,25295,2,EL,1,100,-18842.400391
1752617659.900575,574511.000,25312,1,EL,1,100,-18842.599609
1752617659.967575,574578.000,25329,2,EL,1,100,-18842.800781
1752617660.034574,574645.000,25329,2,EL,1,100,-18843.400391
1752617660.100574,574711.000,25345,1,EL,1,100,-18842.800781
1752617660.167574,574778.000,25362,2,EL,1,100,-18843.000000
1752617660.234574,574845.000,25362,2,EL,1,100,-18843.000000
1752617660.300574,574911.000,25377,1,EL,1,100,-18842.800781
1752617660.367573,574978.000,25394,2,EL,1,100,-18843.000000
1752617660.434573,575045.000,25394,2,EL,1,100,-18843.400391
1752617660.501073,575111.500,25411,2,EL,1,100,-18843.000000
1752617660.567573,575178.000,25411,2,EL,1,100,-18843.199219
1752617660.634572,575245.000,25428,1,EL,1,100,-18843.400391
1752617660.701072,575311.500,25442,2,EL,1,100,-18843.199219
1752617660.767572,575378.000,25442,2,EL,1,100,-18843.400391
1752617660.834572,575445.000,25459,1,EL,1,100,-18843.800781
1752617660.901071,575511.500,25476,2,EL,1,100,-18843.599609
1752617660.967571,575578.000,25476,2,EL,1,100,-18843.800781
1752617661.034571,575645.000,25493,1,EL,1,100,-18843.800781
1752617661.101071,575711.500,25507,2,EL,1,100,-18843.800781
1752617661.167571,575778.000,25507,2,EL,1,100,-18843.800781
1752617661.234570,575845.000,25525,1,EL,1,100,-18843.599609
1752617661.301070,575911.500,25541,2,EL,1,100,-18843.599609
1752617661.367570,575978.000,25541,2,EL,1,100,-18843.800781
1752617661.434570,576045.000,25558,1,EL,1,100,-18844.000000
1752617661.501069,576111.500,25573,2,EL,1,100,-18844.000000
1752617661.567569,576178.000,25573,2,EL,1,100,-18843.800781
1752617661.633569,576244.000,25590,1,EL,1,100,-18844.000000
1752617661.700569,576311.000,25606,2,EL,1,100,-18844.800781
1752617661.767568,576378.000,25606,2,EL,1,100,-18844.199219
1752617661.833568,576444.000,25623,1,EL,1,100,-18844.000000
1752617661.900568,576511.000,25638,2,EL,1,100,-18844.400391
1752617661.967568,576578.000,25638,2,EL,1,100,-18844.599609
1752617662.033567,576644.000,25655,1,EL,1,100,-18844.400391
1752617662.100567,576711.000,25671,2,EL,1,100,-18844.599609
1752617662.167567,576778.000,25671,2,EL,1,100,-18844.599609
1752617662.233567,576844.000,25691,1,EL,1,100,-18844.199219
1752617662.300567,576911.000,25708,2,EL,1,100,-18844.000000
1752617662.367566,576978.000,25708,2,EL,1,100,-18844.400391
1752617662.433566,577044.000,25724,1,EL,1,100,-18844.599609
1752617662.500566,577111.000,25741,2,EL,1,100,-18844.800781
1752617662.567566,577178.000,25741,2,EL,1,100,-18844.400391
1752617662.634065,577244.500,25758,2,EL,1,100,-18844.800781
1752617662.700565,577311.000,25758,2,EL,1,100,-18844.800781
1752617662.767565,577378.000,25774,1,EL,1,100,-18845.000000
1752617662.834065,577444.500,25790,2,EL,1,100,-18845.000000
1752617662.900564,577511.000,25790,2,EL,1,100,-18845.000000
1752617662.967564,577578.000,25806,1,EL,1,100,-18845.000000
1752617663.034064,577644.500,25823,2,EL,1,100,-18845.199219
1752617663.100564,577711.000,25823,2,EL,1,100,-18845.800781
1752617663.167564,577778.000,25839,1,EL,1,100,-18845.599609
1752617663.234063,577844.500,25855,2,EL,1,100,-18845.800781
1752617663.300563,577911.000,25855,2,EL,1,100,-18845.800781
1752617663.367563,577978.000,25873,1,EL,1,100,-18845.800781
1752617663.434063,578044.500,25890,2,EL,1,100,-18845.800781
1752617663.500562,578111.000,25890,2,EL,1,100,-18846.000000
1752617663.567562,578178.000,25907,1,EL,1,100,-18846.000000
1752617663.634062,578244.500,25922,2,EL,1,100,-18845.599609
1752617663.700562,578311.000,25922,2,EL,1,100,-18845.800781
1752617663.767561,578378.000,25938,1,EL,1,100,-18846.000000
1752617663.834061,578444.500,25956,2,EL,1,100,-18846.199219
1752617663.900561,578511.000,25956,2,EL,1,100,-18846.000000
1752617663.967561,578578.000,25972,1,EL,1,100,-18846.000000
1752617664.034061,578644.500,25987,2,EL,1,100,-18846.000000
1752617664.100560,578711.000,25987,2,EL,1,100,-18846.400391
1752617664.167560,578778.000,26003,1,EL,1,100,-18846.199219
1752617664.234060,578844.500,26021,2,EL,1,100,-18846.199219
1752617664.300560,578911.000,26021,2,EL,1,100,-18846.000000
1752617664.367559,578978.000,26037,1,EL,1,100,-18846.000000
1752617664.434059,579044.500,26052,2,EL,1,100,-18846.199219
1752617664.500559,579111.000,26052,2,EL,1,100,-18846.599609
1752617664.567559,579178.000,26069,1,EL,1,100,-18846.599609
1752617664.634058,579244.500,26086,2,EL,1,100,-18846.599609
1752617664.700558,579311.000,26086,2,EL,1,100,-18846.199219
1752617664.767558,579378.000,26102,1,EL,1,100,-18847.000000
1752617664.834058,579444.500,26119,2,EL,1,100,-18847.000000
1752617664.900557,579511.000,26119,2,EL,1,100,-18846.599609
1752617664.966557,579577.000,26134,1,EL,1,100,-18846.800781
1752617665.033557,579644.000,26151,2,EL,1,100,-18847.000000
1752617665.100557,579711.000,26151,2,EL,1,100,-18847.000000
1752617665.167057,579777.500,26168,2,EL,1,100,-18847.000000
1752617665.233556,579844.000,26168,2,EL,1,100,-18847.199219
1752617665.300556,579911.000,26185,1,EL,1,100,-18847.000000
1752617665.367056,579977.500,26199,2,EL,1,100,-18847.400391
1752617665.433556,580044.000,26199,2,EL,1,100,-18847.400391
1752617665.500555,580111.000,26216,1,EL,1,100,-18847.400391
1752617665.567055,580177.500,26233,2,EL,1,100,-18847.400391
1752617665.633555,580244.000,26233,2,EL,1,100,-18847.400391
1752617665.700555,580311.000,26250,1,EL,1,100,-18847.400391
1752617665.767054,580377.500,26264,2,EL,1,100,-18847.400391
1752617665.833554,580444.000,26264,2,EL,1,100,-18847.400391
1752617665.900554,580511.000,26282,1,EL,1,100,-18847.800781
1752617665.967054,580577.500,26298,2,EL,1,100,-18848.000000
1752617666.033554,580644.000,26298,2,EL,1,100,-18847.599609
1752617666.100553,580711.000,26315,1,EL,1,100,-18848.000000
1752617666.167053,580777.500,26330,2,EL,1,100,-18848.000000
1752617666.233553,580844.000,26330,2,EL,1,100,-18847.599609
1752617666.300553,580911.000,26347,1,EL,1,100,-18848.000000
1752617666.367052,580977.500,26363,2,EL,1,100,-18848.199219
1752617666.433552,581044.000,26363,2,EL,1,100,-18848.199219
1752617666.500552,581111.000,26380,1,EL,1,100,-18848.199219
1752617666.567052,581177.500,26395,2,EL,1,100,-18848.199219
1752617666.633551,581244.000,26395,2,EL,1,100,-18848.400391
1752617666.700551,581311.000,26412,1,EL,1,100,-18848.199219
1752617666.767051,581377.500,26428,2,EL,1,100,-18848.400391
1752617666.833551,581444.000,26428,2,EL,1,100,-18848.400391
1752617666.900550,581511.000,26446,1,EL,1,100,-18848.800781
1752617666.967050,581577.500,26462,2,EL,1,100,-18849.000000
1752617667.033550,581644.000,26462,2,EL,1,100,-18848.599609
1752617667.100550,581711.000,26479,1,EL,1,100,-18848.800781
1752617667.167050,581777.500,26496,2,EL,1,100,-18848.800781
1752617667.233549,581844.000,26496,2,EL,1,100,-18849.199219
1752617667.300549,581911.000,26515,1,EL,1,100,-18849.199219
1752617667.367049,581977.500,26530,2,EL,1,100,-18849.000000
1752617667.433549,582044.000,26530,2,EL,1,100,-18848.800781
1752617667.500048,582110.500,26547,2,EL,1,100,-18848.800781
1752617667.566548,582177.000,26547,2,EL,1,100,-18849.400391
1752617667.633548,582244.000,26563,1,EL,1,100,-18849.400391
1752617667.700048,582310.500,26580,2,EL,1,100,-18849.199219
1752617667.766547,582377.000,26580,2,EL,1,100,-18849.199219
1752617667.833547,582444.000,26596,1,EL,1,100,-18848.599609
1752617667.900047,582510.500,26612,2,EL,1,100,-18849.199219
1752617667.966547,582577.000,26612,2,EL,1,100,-18849.400391
1752617668.033547,582644.000,26628,1,EL,1,100,-18849.199219
1752617668.100046,582710.500,26645,2,EL,1,100,-18849.400391
1752617668.166546,582777.000,26645,2,EL,1,100,-18849.400391
1752617668.233546,582844.000,26662,1,EL,1,100,-18849.400391
1752617668.300046,582910.500,26677,2,EL,1,100,-18849.400391
1752617668.366545,582977.000,26677,2,EL,1,100,-18849.400391
1752617668.433545,583044.000,26693,1,EL,1,100,-18849.400391
1752617668.500045,583110.500,26713,2,EL,1,100,-18849.400391
1752617668.566545,583177.000,26713,2,EL,1,100,-18849.400391
1752617668.633544,583244.000,26729,1,EL,1,100,-18849.400391
1752617668.700044,583310.500,26744,2,EL,1,100,-18849.800781
1752617668.766544,583377.000,26744,2,EL,1,100,-18849.599609
1752617668.833544,583444.000,26760,1,EL,1,100,-18849.800781
1752617668.900043,583510.500,26778,2,EL,1,100,-18850.000000
1752617668.966543,583577.000,26778,2,EL,1,100,-18850.199219
1752617669.033543,583644.000,26794,1,EL,1,100,-18849.800781
1752617669.100043,583710.500,26811,2,EL,1,100,-18849.800781
1752617669.166543,583777.000,26811,2,EL,1,100,-18850.199219
1752617669.233542,583844.000,26828,1,EL,1,100,-18850.199219
1752617669.300042,583910.500,26845,2,EL,1,100,-18849.800781
1752617669.366542,583977.000,26845,2,EL,1,100,-18849.800781
1752617669.433542,584044.000,26861,1,EL,1,100,-18850.400391
1752617669.500041,584110.500,26878,2,EL,1,100,-18850.199219
1752617669.566541,584177.000,26878,2,EL,1,100,-18850.199219
1752617669.633541,584244.000,26893,1,EL,1,100,-18850.199219
1752617669.700041,584310.500,26910,2,EL,1,100,-18850.400391
1752617669.766540,584377.000,26910,2,EL,1,100,-18850.599609
1752617669.833540,584444.000,26926,1,EL,1,100,-18851.000000
1752617669.900040,584510.500,26943,2,EL,1,100,-18850.800781
1752617669.966540,584577.000,26943,2,EL,1,100,-18851.000000
1752617670.033040,584643.500,26958,2,EL,1,100,-18850.800781
1752617670.099539,584710.000,26958,2,EL,1,100,-18851.000000
1752617670.166539,584777.000,26975,1,EL,1,100,-18851.000000
1752617670.233039,584843.500,26992,2,EL,1,100,-18851.199219
1752617670.299539,584910.000,26992,2,EL,1,100,-18851.599609
1752617670.366538,584977.000,27009,1,EL,1,100,-18852.000000
1752617670.433038,585043.500,27023,2,EL,1,100,-18852.000000
1752617670.499538,585110.000,27023,2,EL,1,100,-18851.800781
1752617670.566538,585177.000,27041,1,EL,1,100,-18852.199219
1752617670.633037,585243.500,27057,2,EL,1,100,-18852.000000
1752617670.699537,585310.000,27057,2,EL,1,100,-18852.000000
1752617670.766537,585377.000,27074,1,EL,1,100,-18852.000000
1752617670.833037,585443.500,27089,2,EL,1,100,-18852.000000
1752617670.899536,585510.000,27089,2,EL,1,100,-18852.199219
1752617670.966536,585577.000,27106,1,EL,1,100,-18852.400391
1752617671.033036,585643.500,27122,2,EL,1,100,-18852.199219
1752617671.099536,585710.000,27122,2,EL,1,100,-18852.199219
1752617671.166536,585777.000,27139,1,EL,1,100,-18852.400391
1752617671.233035,585843.500,27154,2,EL,1,100,-18852.599609
1752617671.299535,585910.000,27154,2,EL,1,100,-18852.599609
1752617671.366535,585977.000,27171,1,EL,1,100,-18852.400391
1752617671.433035,586043.500,27187,2,EL,1,100,-18852.599609
1752617671.499534,586110.000,27187,2,EL,1,100,-18852.599609
1752617671.566534,586177.000,27205,1,EL,1,100,-18852.599609
1752617671.633034,586243.500,27219,2,EL,1,100,-18853.000000
1752617671.699534,586310.000,27219,2,EL,1,100,-18852.800781
1752617671.766533,586377.000,27236,1,EL,1,100,-18852.599609
1752617671.833033,586443.500,27253,2,EL,1,100,-18852.599609
1752617671.899533,586510.000,27253,2,EL,1,100,-18852.400391
1752617671.966533,586577.000,27270,1,EL,1,100,-18852.599609
1752617672.033033,586643.500,27285,2,EL,1,100,-18853.000000
1752617672.099532,586710.000,27285,2,EL,1,100,-18853.199219
1752617672.166532,586777.000,27301,1,EL,1,100,-18853.199219
1752617672.233032,586843.500,27320,2,EL,1,100,-18853.199219
1752617672.299532,586910.000,27320,2,EL,1,100,-18853.000000
1752617672.366531,586977.000,27337,1,EL,1,100,-18853.199219
1752617672.433031,587043.500,27352,2,EL,1,100,-18853.000000
1752617672.499531,587110.000,27352,2,EL,1,100,-18853.199219
1752617672.566031,587176.500,27369,2,EL,1,100,-18853.400391
1752617672.632530,587243.000,27369,2,EL,1,100,-18853.000000
1752617672.699530,587310.000,27385,1,EL,1,100,-18853.199219
1752617672.766030,587376.500,27402,2,EL,1,100,-18853.199219
1752617672.832530,587443.000,27402,2,EL,1,100,-18853.599609
1752617672.899529,587510.000,27419,1,EL,1,100,-18853.199219
1752617672.966029,587576.500,27434,2,EL,1,100,-18853.199219
1752617673.032529,587643.000,27434,2,EL,1,100,-18853.199219
1752617673.099529,587710.000,27450,1,EL,1,100,-18853.199219
1752617673.166029,587776.500,27468,2,EL,1,100,-18853.000000
1752617673.232528,587843.000,27468,2,EL,1,100,-18853.000000
1752617673.299528,587910.000,27484,1,EL,1,100,-18853.400391
1752617673.366028,587976.500,27499,2,EL,1,100,-18853.199219
1752617673.432528,588043.000,27499,2,EL,1,100,-18853.199219
1752617673.499527,588110.000,27515,1,EL,1,100,-18853.199219
1752617673.566027,588176.500,27533,2,EL,1,100,-18853.199219
1752617673.632527,588243.000,27533,2,EL,1,100,-18853.199219
1752617673.699527,588310.000,27549,1,EL,1,100,-18853.199219
1752617673.766026,588376.500,27564,2,EL,1,100,-18853.800781
1752617673.832526,588443.000,27564,2,EL,1,100,-18853.199219
1752617673.899526,588510.000,27581,1,EL,1,100,-18853.400391
1752617673.966026,588576.500,27598,2,EL,1,100,-18853.400391
1752617674.032526,588643.000,27598,2,EL,1,100,-18853.400391
1752617674.099525,588710.000,27614,1,EL,1,100,-18853.599609
1752617674.166025,588776.500,27630,2,EL,1,100,-18853.800781
1752617674.232525,588843.000,27630,2,EL,1,100,-18854.000000
1752617674.299525,588910.000,27646,1,EL,1,100,-18853.800781
1752617674.366024,588976.500,27665,2,EL,1,100,-18853.599609
1752617674.432524,589043.000,27665,2,EL,1,100,-18853.400391
1752617674.499524,589110.000,27681,1,EL,1,100,-18853.800781
1752617674.566024,589176.500,27698,2,EL,1,100,-18854.000000
1752617674.632523,589243.000,27698,2,EL,1,100,-18854.199219
1752617674.699523,589310.000,27713,1,EL,1,100,-18853.800781
1752617674.766023,589376.500,27730,2,EL,1,100,-18854.199219
1752617674.832523,589443.000,27730,2,EL,1,100,-18854.000000
1752617674.899022,589509.500,27747,2,EL,1,100,-18854.000000
1752617674.965522,589576.000,27747,2,EL,1,100,-18854.000000
1752617675.032522,589643.000,27764,1,EL,1,100,-18854.000000
1752617675.099022,589709.500,27778,2,EL,1,100,-18854.199219
1752617675.165522,589776.000,27778,2,EL,1,100,-18854.199219
1752617675.232521,589843.000,27796,1,EL,1,100,-18854.199219
1752617675.299021,589909.500,27812,2,EL,1,100,-18854.000000
1752617675.365521,589976.000,27812,2,EL,1,100,-18854.000000
1752617675.432521,590043.000,27829,1,EL,1,100,-18854.000000
1752617675.499020,590109.500,27844,2,EL,1,100,-18854.599609
1752617675.565520,590176.000,27844,2,EL,1,100,-18854.400391
1752617675.632520,590243.000,27861,1,EL,1,100,-18854.199219
1752617675.699020,590309.500,27877,2,EL,1,100,-18854.800781
1752617675.765519,590376.000,27877,2,EL,1,100,-18854.599609
1752617675.832519,590443.000,27894,1,EL,1,100,-18854.400391
1752617675.899019,590509.500,27909,2,EL,1,100,-18854.400391
1752617675.965519,590576.000,27909,2,EL,1,100,-18854.800781
1752617676.032519,590643.000,27926,1,EL,1,100,-18854.599609
1752617676.099018,590709.500,27942,2,EL,1,100,-18855.199219
1752617676.165518,590776.000,27942,2,EL,1,100,-18854.599609
1752617676.232518,590843.000,27960,1,EL,1,100,-18855.199219
1752617676.299018,590909.500,27974,2,EL,1,100,-18855.000000
1752617676.365517,590976.000,27974,2,EL,1,100,-18855.199219
1752617676.432517,591043.000,27991,1,EL,1,100,-18855.199219
1752617676.499017,591109.500,28008,2,EL,1,100,-18855.199219
1752617676.565517,591176.000,28008,2,EL,1,100,-18855.199219
1752617676.632516,591243.000,28025,1,EL,1,100,-18855.400391
1752617676.699016,591309.500,28039,2,EL,1,100,-18855.599609
1752617676.765516,591376.000,28039,2,EL,1,100,-18855.599609
1752617676.832516,591443.000,28056,1,EL,1,100,-18856.000000
1752617676.899015,591509.500,28075,2,EL,1,100,-18856.000000
1752617676.965515,591576.000,28075,2,EL,1,100,-18856.000000
1752617677.032515,591643.000,28092,1,EL,1,100,-18855.599609
1752617677.099015,591709.500,28107,2,EL,1,100,-18855.800781
1752617677.165515,591776.000,28107,2,EL,1,100,-18855.800781
1752617677.232514,591843.000,28124,1,EL,1,100,-18856.199219
1752617677.299014,591909.500,28142,2,EL,1,100,-18855.800781
1752617677.365514,591976.000,28142,2,EL,1,100,-18856.000000
1752617677.432514,592043.000,28159,2,EL,1,100,-18856.199219
1752617677.499513,592110.000,28159,2,EL,1,100,-18856.199219
1752617677.565513,592176.000,28176,1,EL,1,100,-18856.400391
1752617677.632513,592243.000,28191,2,EL,1,100,-18856.599609
1752617677.699513,592310.000,28191,2,EL,1,100,-18856.800781
1752617677.765512,592376.000,28207,1,EL,1,100,-18856.400391
1752617677.832012,592442.500,28225,2,EL,1,100,-18856.400391
1752617677.898512,592509.000,28225,2,EL,1,100,-18856.599609
1752617677.965512,592576.000,28241,1,EL,1,100,-18856.800781
1752617678.032012,592642.500,28256,2,EL,1,100,-18856.400391
1752617678.098511,592709.000,28256,2,EL,1,100,-18856.599609
1752617678.165511,592776.000,28272,1,EL,1,100,-18857.000000
1752617678.232011,592842.500,28290,2,EL,1,100,-18856.800781
1752617678.298511,592909.000,28290,2,EL,1,100,-18856.800781
1752617678.365510,592976.000,28306,1,EL,1,100,-18856.800781
1752617678.432010,593042.500,28321,2,EL,1,100,-18857.199219
1752617678.498510,593109.000,28321,2,EL,1,100,-18857.000000
1752617678.565510,593176.000,28338,1,EL,1,100,-18857.199219
1752617678.632009,593242.500,28355,2,EL,1,100,-18857.199219
1752617678.698509,593309.000,28355,2,EL,1,100,-18857.000000
1752617678.765509,593376.000,28371,1,EL,1,100,-18857.000000
1752617678.832009,593442.500,28387,2,EL,1,100,-18857.000000
1752617678.898509,593509.000,28387,2,EL,1,100,-18857.000000
1752617678.965508,593576.000,28403,1,EL,1,100,-18857.000000
1752617679.032008,593642.500,28420,2,EL,1,100,-18857.400391
1752617679.098508,593709.000,28420,2,EL,1,100,-18857.199219
1752617679.165508,593776.000,28436,1,EL,1,100,-18857.199219
1752617679.232007,593842.500,28452,2,EL,1,100,-18857.199219
1752617679.298507,593909.000,28452,2,EL,1,100,-18857.400391
1752617679.365507,593976.000,28468,1,EL,1,100,-18857.400391
1752617679.432007,594042.500,28485,2,EL,1,100,-18857.800781
1752617679.498506,594109.000,28485,2,EL,1,100,-18857.599609
1752617679.565506,594176.000,28502,1,EL,1,100,-18857.400391
1752617679.632006,594242.500,28518,2,EL,1,100,-18857.800781
1752617679.698506,594309.000,28518,2,EL,1,100,-18857.599609
1752617679.765505,594376.000,28533,1,EL,1,100,-18857.599609
1752617679.832005,594442.500,28551,2,EL,1,100,-18857.800781
1752617679.898505,594509.000,28551,2,EL,1,100,-18858.199219
1752617679.965505,594576.000,28567,2,EL,1,100,-18858.000000
1752617680.032505,594643.000,28567,2,EL,1,100,-18858.199219
1752617680.098504,594709.000,28584,1,EL,1,100,-18858.000000
1752617680.165504,594776.000,28599,2,EL,1,100,-18858.400391
1752617680.232504,594843.000,28599,2,EL,1,100,-18858.199219
1752617680.298504,594909.000,28616,1,EL,1,100,-18858.599609
1752617680.365503,594976.000,28632,2,EL,1,100,-18858.199219
1752617680.432503,595043.000,28632,2,EL,1,100,-18858.199219
1752617680.498503,595109.000,28649,1,EL,1,100,-18858.199219
1752617680.565503,595176.000,28664,2,EL,1,100,-18858.400391
1752617680.632502,595243.000,28664,2,EL,1,100,-18858.800781
1752617680.698502,595309.000,28681,1,EL,1,100,-18858.599609
1752617680.765502,595376.000,28697,2,EL,1,100,-18858.199219
1752617680.832502,595443.000,28697,2,EL,1,100,-18859.000000
1752617680.898502,595509.000,28715,1,EL,1,100,-18858.599609
1752617680.965001,595575.500,28729,2,EL,1,100,-18858.400391
1752617681.031501,595642.000,28729,2,EL,1,100,-18858.599609
1752617681.098501,595709.000,28746,1,EL,1,100,-18858.800781
1752617681.165501,595776.000,28763,2,EL,1,100,-18858.599609
1752617681.232500,595843.000,28763,2,EL,1,100,-18859.400391
1752617681.298500,595909.000,28780,1,EL,1,100,-18859.000000
1752617681.365000,595975.500,28794,2,EL,1,100,-18859.400391
1752617681.431500,596042.000,28794,2,EL,1,100,-18859.199219
1752617681.498499,596109.000,28811,1,EL,1,100,-18859.400391
1752617681.564999,596175.500,28828,2,EL,1,100,-18859.199219
1752617681.631499,596242.000,28828,2,EL,1,100,-18859.199219
1752617681.698499,596309.000,28845,1,EL,1,100,-18859.400391
1752617681.764998,596375.500,28859,2,EL,1,100,-18859.400391
1752617681.831498,596442.000,28859,2,EL,1,100,-18859.800781
1752617681.898498,596509.000,28877,1,EL,1,100,-18859.400391
1752617681.964998,596575.500,28893,2,EL,1,100,-18859.400391
1752617682.031498,596642.000,28893,2,EL,1,100,-18859.199219
1752617682.098497,596709.000,28910,1,EL,1,100,-18859.599609
1752617682.164997,596775.500,28926,2,EL,1,100,-18859.599609
1752617682.231497,596842.000,28926,2,EL,1,100,-18859.400391
1752617682.298497,596909.000,28944,1,EL,1,100,-18859.400391
1752617682.364996,596975.500,28960,2,EL,1,100,-18859.400391
1752617682.431496,597042.000,28960,2,EL,1,100,-18860.000000
1752617682.498496,597109.000,28978,2,EL,1,100,-18860.199219
1752617682.565496,597176.000,28978,2,EL,1,100,-18860.000000
1752617682.631495,597242.000,28994,1,EL,1,100,-18860.199219
1752617682.698495,597309.000,29009,2,EL,1,100,-18860.199219
1752617682.765495,597376.000,29009,2,EL,1,100,-18860.199219
1752617682.831495,597442.000,29025,1,EL,1,100,-18860.400391
1752617682.898495,597509.000,29043,2,EL,1,100,-18860.400391
1752617682.965494,597576.000,29043,2,EL,1,100,-18860.400391
1752617683.031494,597642.000,29059,1,EL,1,100,-18860.400391
1752617683.098494,597709.000,29074,2,EL,1,100,-18860.400391
1752617683.165494,597776.000,29074,2,EL,1,100,-18860.599609
1752617683.231493,597842.000,29091,1,EL,1,100,-18860.599609
1752617683.298493,597909.000,29108,2,EL,1,100,-18860.599609
1752617683.365493,597976.000,29108,2,EL,1,100,-18860.400391
1752617683.431493,598042.000,29124,1,EL,1,100,-18861.000000
1752617683.498492,598109.000,29140,2,EL,1,100,-18860.599609
1752617683.565492,598176.000,29140,2,EL,1,100,-18860.400391
1752617683.631492,598242.000,29156,1,EL,1,100,-18861.000000
1752617683.698492,598309.000,29173,2,EL,1,100,-18861.000000
1752617683.765491,598376.000,29173,2,EL,1,100,-18861.000000
1752617683.831491,598442.000,29189,1,EL,1,100,-18861.000000
1752617683.898491,598509.000,29205,2,EL,1,100,-18861.400391
1752617683.965491,598576.000,29205,2,EL,1,100,-18861.000000
1752617684.031491,598642.000,29221,1,EL,1,100,-18861.400391
1752617684.098490,598709.000,29238,2,EL,1,100,-18861.400391
1752617684.165490,598776.000,29238,2,EL,1,100,-18861.800781
1752617684.231490,598842.000,29255,1,EL,1,100,-18861.599609
1752617684.298490,598909.000,29270,2,EL,1,100,-18861.400391
1752617684.365489,598976.000,29270,2,EL,1,100,-18861.599609
1752617684.431489,599042.000,29286,1,EL,1,100,-18861.800781
1752617684.498489,599109.000,29304,2,EL,1,100,-18861.599609
1752617684.565489,599176.000,29304,2,EL,1,100,-18861.800781
1752617684.631488,599242.000,29320,1,EL,1,100,-18861.599609
1752617684.697988,599308.500,29336,2,EL,1,100,-18862.000000
1752617684.764488,599375.000,29336,2,EL,1,100,-18862.000000
1752617684.831488,599442.000,29352,2,EL,1,100,-18862.199219
1752617684.898488,599509.000,29352,2,EL,1,100,-18862.199219
1752617684.964487,599575.000,29369,1,EL,1,100,-18861.800781
1752617685.031487,599642.000,29385,2,EL,1,100,-18862.400391
1752617685.098487,599709.000,29385,2,EL,1,100,-18862.400391
1752617685.164487,599775.000,29402,1,EL,1,100,-18862.000000
1752617685.231486,599842.000,29417,2,EL,1,100,-18862.199219
1752617685.298486,599909.000,29417,2,EL,1,100,-18862.400391
1752617685.364486,599975.000,29434,1,EL,1,100,-18862.599609
1752617685.431486,600042.000,29450,2,EL,1,100,-18862.400391
1752617685.498485,600109.000,29450,2,EL,1,100,-18862.400391
1752617685.564485,600175.000,29468,1,EL,1,100,-18862.800781
1752617685.631485,600242.000,29482,2,EL,1,100,-18862.599609
1752617685.698485,600309.000,29482,2,EL,1,100,-18862.400391
1752617685.764484,600375.000,29499,1,EL,1,100,-18862.800781
1752617685.831484,600442.000,29518,2,EL,1,100,-18863.199219
1752617685.898484,600509.000,29518,2,EL,1,100,-18862.599609
1752617685.964484,600575.000,29535,1,EL,1,100,-18862.800781
1752617686.031484,600642.000,29549,2,EL,1,100,-18863.400391
1752617686.098483,600709.000,29549,2,EL,1,100,-18862.599609
1752617686.164483,600775.000,29566,1,EL,1,100,-18863.000000
1752617686.231483,600842.000,29583,2,EL,1,100,-18862.800781
1752617686.298483,600909.000,29583,2,EL,1,100,-18863.000000
1752617686.364482,600975.000,29600,1,EL,1,100,-18863.199219
1752617686.431482,601042.000,29614,2,EL,1,100,-18863.400391
1752617686.498482,601109.000,29614,2,EL,1,100,-18863.400391
1752617686.564482,601175.000,29632,1,EL,1,100,-18863.400391
1752617686.631481,601242.000,29648,2,EL,1,100,-18863.400391
1752617686.698481,601309.000,29648,2,EL,1,100,-18863.599609
1752617686.764481,601375.000,29665,1,EL,1,100,-18863.400391
1752617686.831481,601442.000,29680,2,EL,1,100,-18863.599609
1752617686.898481,601509.000,29680,2,EL,1,100,-18863.400391
1752617686.964480,601575.000,29697,1,EL,1,100,-18863.199219
1752617687.031480,601642.000,29713,2,EL,1,100,-18863.599609
1752617687.098480,601709.000,29713,2,EL,1,100,-18863.599609
1752617687.164480,601775.000,29730,1,EL,1,100,-18864.000000
1752617687.231479,601842.000,29748,2,EL,1,100,-18864.000000
1752617687.298479,601909.000,29748,2,EL,1,100,-18863.599609
1752617687.364979,601975.500,29764,2,EL,1,100,-18864.000000
1752617687.431479,602042.000,29764,2,EL,1,100,-18863.800781
1752617687.498478,602109.000,29780,1,EL,1,100,-18863.800781
1752617687.564978,602175.500,29798,2,EL,1,100,-18864.199219
1752617687.631478,602242.000,29798,2,EL,1,100,-18863.800781
1752617687.698478,602309.000,29814,1,EL,1,100,-18864.400391
1752617687.764977,602375.500,29829,2,EL,1,100,-18864.400391
1752617687.831477,602442.000,29829,2,EL,1,100,-18864.199219
1752617687.898477,602509.000,29846,1,EL,1,100,-18864.000000
1752617687.964977,602575.500,29863,2,EL,1,100,-18864.199219
1752617688.031477,602642.000,29863,2,EL,1,100,-18864.400391
1752617688.098476,602709.000,29879,1,EL,1,100,-18864.199219
1752617688.164976,602775.500,29895,2,EL,1,100,-18864.400391
1752617688.231476,602842.000,29895,2,EL,1,100,-18864.599609
1752617688.297476,602908.000,29911,1,EL,1,100,-18864.400391
1752617688.364475,602975.000,29928,2,EL,1,100,-18864.800781
1752617688.431475,603042.000,29928,2,EL,1,100,-18864.599609
1752617688.497475,603108.000,29944,1,EL,1,100,-18864.400391
1752617688.564475,603175.000,29960,2,EL,1,100,-18864.599609
1752617688.631474,603242.000,29960,2,EL,1,100,-18864.599609
1752617688.697474,603308.000,29976,1,EL,1,100,-18864.800781
1752617688.764474,603375.000,29993,2,EL,1,100,-18865.000000
1752617688.831474,603442.000,29993,2,EL,1,100,-18865.000000
1752617688.897474,603508.000,30010,1,EL,1,100,-18865.000000
1752617688.964473,603575.000,30025,2,EL,1,100,-18865.000000
1752617689.031473,603642.000,30025,2,EL,1,100,-18865.000000
1752617689.097473,603708.000,30041,1,EL,1,100,-18865.000000
1752617689.164473,603775.000,30059,2,EL,1,100,-18865.199219
1752617689.231472,603842.000,30059,2,EL,1,100,-18865.000000
1752617689.297472,603908.000,30075,1,EL,1,100,-18865.199219
1752617689.364472,603975.000,30091,2,EL,1,100,-18865.199219
1752617689.431472,604042.000,30091,2,EL,1,100,-18865.400391
1752617689.497471,604108.000,30106,1,EL,1,100,-18865.400391
1752617689.564471,604175.000,30124,2,EL,1,100,-18865.199219
1752617689.631471,604242.000,30124,2,EL,1,100,-18865.000000
1752617689.697971,604308.500,30140,2,EL,1,100,-18865.199219
1752617689.764470,604375.000,30140,2,EL,1,100,-18865.800781
1752617689.831470,604442.000,30157,1,EL,1,100,-18865.800781
1752617689.897970,604508.500,30172,2,EL,1,100,-18865.599609
1752617689.964470,604575.000,30172,2,EL,1,100,-18865.800781
1752617690.031470,604642.000,30189,1,EL,1,100,-18865.800781
1752617690.097969,604708.500,30205,2,EL,1,100,-18866.000000
1752617690.164469,604775.000,30205,2,EL,1,100,-18866.000000
1752617690.231469,604842.000,30223,1,EL,1,100,-18865.599609
1752617690.297969,604908.500,30237,2,EL,1,100,-18865.599609
1752617690.364468,604975.000,30237,2,EL,1,100,-18865.800781
1752617690.431468,605042.000,30254,1,EL,1,100,-18866.199219
1752617690.497968,605108.500,30271,2,EL,1,100,-18866.400391
1752617690.564468,605175.000,30271,2,EL,1,100,-18866.400391
1752617690.631467,605242.000,30288,1,EL,1,100,-18866.000000
1752617690.697967,605308.500,30302,2,EL,1,100,-18866.400391
1752617690.764467,605375.000,30302,2,EL,1,100,-18866.400391
1752617690.831467,605442.000,30319,1,EL,1,100,-18866.400391
1752617690.897967,605508.500,30336,2,EL,1,100,-18866.000000
1752617690.964466,605575.000,30336,2,EL,1,100,-18866.000000
1752617691.031466,605642.000,30353,1,EL,1,100,-18866.400391
1752617691.097966,605708.500,30367,2,EL,1,100,-18866.199219
1752617691.164466,605775.000,30367,2,EL,1,100,-18866.400391
1752617691.231465,605842.000,30385,1,EL,1,100,-18866.800781
1752617691.297965,605908.500,30401,2,EL,1,100,-18866.800781
1752617691.364465,605975.000,30401,2,EL,1,100,-18866.800781
1752617691.430465,606041.000,30418,1,EL,1,100,-18866.599609
1752617691.497464,606108.000,30433,2,EL,1,100,-18866.800781
1752617691.564464,606175.000,30433,2,EL,1,100,-18867.199219
1752617691.630464,606241.000,30450,1,EL,1,100,-18867.000000
1752617691.697464,606308.000,30466,2,EL,1,100,-18867.199219
1752617691.764463,606375.000,30466,2,EL,1,100,-18867.199219
1752617691.831463,606442.000,30483,1,EL,1,100,-18867.000000
1752617691.897963,606508.500,30499,2,EL,1,100,-18866.800781
1752617691.964463,606575.000,30499,2,EL,1,100,-18867.000000
1752617692.030463,606641.000,30515,1,EL,1,100,-18867.400391
1752617692.097462,606708.000,30531,2,EL,1,100,-18867.599609
1752617692.164462,606775.000,30531,2,EL,1,100,-18867.800781
1752617692.230962,606841.500,30551,2,EL,1,100,-18867.599609
1752617692.297462,606908.000,30551,2,EL,1,100,-18867.599609
1752617692.364461,606975.000,30567,1,EL,1,100,-18867.400391
1752617692.430961,607041.500,30582,2,EL,1,100,-18867.599609
1752617692.497461,607108.000,30582,2,EL,1,100,-18867.800781
1752617692.564461,607175.000,30599,1,EL,1,100,-18867.800781
1752617692.630960,607241.500,30616,2,EL,1,100,-18867.800781
1752617692.697460,607308.000,30616,2,EL,1,100,-18868.000000
1752617692.764460,607375.000,30632,1,EL,1,100,-18867.800781
1752617692.830960,607441.500,30648,2,EL,1,100,-18867.800781
1752617692.897460,607508.000,30648,2,EL,1,100,-18867.800781
1752617692.964459,607575.000,30664,1,EL,1,100,-18868.000000
1752617693.030959,607641.500,30681,2,EL,1,100,-18868.199219
1752617693.097459,607708.000,30681,2,EL,1,100,-18868.000000
1752617693.164459,607775.000,30697,1,EL,1,100,-18868.400391
1752617693.230958,607841.500,30713,2,EL,1,100,-18868.599609
1752617693.297458,607908.000,30713,2,EL,1,100,-18868.400391
1752617693.364458,607975.000,30729,1,EL,1,100,-18868.599609
1752617693.430958,608041.500,30746,2,EL,1,100,-18868.599609
1752617693.497457,608108.000,30746,2,EL,1,100,-18868.599609
1752617693.564457,608175.000,30763,1,EL,1,100,-18868.400391
1752617693.630957,608241.500,30778,2,EL,1,100,-18868.800781
1752617693.697457,608308.000,30778,2,EL,1,100,-18868.599609
1752617693.764456,608375.000,30796,1,EL,1,100,-18868.400391
1752617693.830956,608441.500,30814,2,EL,1,100,-18868.599609
1752617693.897456,608508.000,30814,2,EL,1,100,-18868.599609
1752617693.964456,608575.000,30830,1,EL,1,100,-18868.800781
1752617694.030956,608641.500,30846,2,EL,1,100,-18868.800781
1752617694.097455,608708.000,30846,2,EL,1,100,-18868.800781
1752617694.164455,608775.000,30861,1,EL,1,100,-18868.599609
1752617694.230955,608841.500,30879,2,EL,1,100,-18868.599609
1752617694.297455,608908.000,30879,2,EL,1,100,-18868.800781
1752617694.364454,608975.000,30895,1,EL,1,100,-18868.800781
1752617694.430954,609041.500,30911,2,EL,1,100,-18869.199219
1752617694.497454,609108.000,30911,2,EL,1,100,-18868.800781
1752617694.563954,609174.500,30927,2,EL,1,100,-18869.000000
1752617694.630453,609241.000,30927,2,EL,1,100,-18869.400391
1752617694.697453,609308.000,30944,1,EL,1,100,-18869.400391
1752617694.763953,609374.500,30960,2,EL,1,100,-18869.599609
1752617694.830453,609441.000,30960,2,EL,1,100,-18869.599609
1752617694.897453,609508.000,30978,1,EL,1,100,-18869.400391
1752617694.963952,609574.500,30992,2,EL,1,100,-18869.599609
1752617695.030452,609641.000,30992,2,EL,1,100,-18869.400391
1752617695.097452,609708.000,31009,1,EL,1,100,-18869.599609
1752617695.163952,609774.500,31026,2,EL,1,100,-18869.599609
1752617695.230451,609841.000,31026,2,EL,1,100,-18869.599609
1752617695.297451,609908.000,31043,1,EL,1,100,-18869.599609
1752617695.363951,609974.500,31057,2,EL,1,100,-18869.599609
1752617695.430451,610041.000,31057,2,EL,1,100,-18869.599609
1752617695.497450,610108.000,31074,1,EL,1,100,-18870.000000
1752617695.563950,610174.500,31091,2,EL,1,100,-18869.599609
1752617695.630450,610241.000,31091,2,EL,1,100,-18869.800781
1752617695.697450,610308.000,31108,1,EL,1,100,-18870.000000
1752617695.763950,610374.500,31122,2,EL,1,100,-18870.599609
1752617695.830449,610441.000,31122,2,EL,1,100,-18870.000000
1752617695.897449,610508.000,31142,1,EL,1,100,-18870.000000
1752617695.963949,610574.500,31158,2,EL,1,100,-18870.000000
1752617696.030449,610641.000,31158,2,EL,1,100,-18869.800781
1752617696.097448,610708.000,31175,1,EL,1,100,-18870.400391
1752617696.163948,610774.500,31190,2,EL,1,100,-18870.599609
1752617696.230448,610841.000,31190,2,EL,1,100,-18870.599609
1752617696.297448,610908.000,31207,1,EL,1,100,-18870.599609
1752617696.363947,610974.500,31223,2,EL,1,100,-18870.400391
1752617696.430447,611041.000,31223,2,EL,1,100,-18870.599609
1752617696.497447,611108.000,31240,1,EL,1,100,-18870.599609
1752617696.563947,611174.500,31256,2,EL,1,100,-18870.800781
1752617696.630446,611241.000,31256,2,EL,1,100,-18870.800781
1752617696.697446,611308.000,31272,1,EL,1,100,-18870.800781
1752617696.763946,611374.500,31288,2,EL,1,100,-18870.599609
1752617696.830446,611441.000,31288,2,EL,1,100,-18870.599609
1752617696.897446,611508.000,31306,1,EL,1,100,-18870.800781
1752617696.963945,611574.500,31321,2,EL,1,100,-18871.599609
1752617697.030445,611641.000,31321,2,EL,1,100,-18870.800781
1752617697.096945,611707.500,31337,2,EL,1,100,-18871.000000
1752617697.163445,611774.000,31337,2,EL,1,100,-18871.000000
1752617697.230444,611841.000,31354,1,EL,1,100,-18871.400391
1752617697.296944,611907.500,31373,2,EL,1,100,-18871.599609
1752617697.363444,611974.000,31373,2,EL,1,100,-18871.400391
1752617697.430444,612041.000,31389,1,EL,1,100,-18871.599609
1752617697.496943,612107.500,31405,2,EL,1,100,-18871.599609
1752617697.563443,612174.000,31405,2,EL,1,100,-18871.599609
1752617697.630443,612241.000,31421,1,EL,1,100,-18871.400391
1752617697.696943,612307.500,31438,2,EL,1,100,-18871.400391
1752617697.763443,612374.000,31438,2,EL,1,100,-18871.599609
1752617697.830442,612441.000,31454,1,EL,1,100,-18871.599609
1752617697.896942,612507.500,31470,2,EL,1,100,-18871.800781
1752617697.963442,612574.000,31470,2,EL,1,100,-18871.800781
1752617698.030442,612641.000,31486,1,EL,1,100,-18871.800781
1752617698.096941,612707.500,31503,2,EL,1,100,-18871.800781
1752617698.163441,612774.000,31503,2,EL,1,100,-18871.800781
1752617698.230441,612841.000,31520,1,EL,1,100,-18871.599609
1752617698.296941,612907.500,31535,2,EL,1,100,-18871.599609
1752617698.363440,612974.000,31535,2,EL,1,100,-18871.800781
1752617698.430440,613041.000,31551,1,EL,1,100,-18871.800781
1752617698.496940,613107.500,31569,2,EL,1,100,-18871.800781
1752617698.563440,613174.000,31569,2,EL,1,100,-18872.400391
1752617698.630439,613241.000,31585,1,EL,1,100,-18872.400391
1752617698.696939,613307.500,31600,2,EL,1,100,-18872.400391
1752617698.763439,613374.000,31600,2,EL,1,100,-18872.400391
1752617698.830439,613441.000,31616,1,EL,1,100,-18872.599609
1752617698.896939,613507.500,31634,2,EL,1,100,-18872.599609
1752617698.963438,613574.000,31634,2,EL,1,100,-18872.599609
1752617699.030438,613641.000,31650,1,EL,1,100,-18872.400391
1752617699.096938,613707.500,31665,2,EL,1,100,-18872.599609
1752617699.163438,613774.000,31665,2,EL,1,100,-18872.599609
1752617699.230437,613841.000,31682,1,EL,1,100,-18872.800781
1752617699.296937,613907.500,31701,2,EL,1,100,-18873.000000
1752617699.363437,613974.000,31701,2,EL,1,100,-18873.199219
1752617699.430437,614041.000,31717,1,EL,1,100,-18873.000000
1752617699.496936,614107.500,31734,2,EL,1,100,-18872.800781
1752617699.563436,614174.000,31734,2,EL,1,100,-18873.000000
1752617699.629936,614240.500,31749,2,EL,1,100,-18873.400391
1752617699.696436,614307.000,31749,2,EL,1,100,-18873.199219
1752617699.763436,614374.000,31766,1,EL,1,100,-18873.000000
1752617699.829935,614440.500,31783,2,EL,1,100,-18873.599609
1752617699.896435,614507.000,31783,2,EL,1,100,-18873.599609
1752617699.963435,614574.000,31800,1,EL,1,100,-18873.599609
1752617700.029935,614640.500,31814,2,EL,1,100,-18873.599609
1752617700.096434,614707.000,31814,2,EL,1,100,-18873.800781
1752617700.163434,614774.000,31831,1,EL,1,100,-18873.599609
1752617700.229934,614840.500,31848,2,EL,1,100,-18873.599609
1752617700.296434,614907.000,31848,2,EL,1,100,-18873.800781
1752617700.363433,614974.000,31865,1,EL,1,100,-18873.800781
1752617700.429933,615040.500,31879,2,EL,1,100,-18873.599609
1752617700.496433,615107.000,31879,2,EL,1,100,-18873.800781
1752617700.563433,615174.000,31897,1,EL,1,100,-18873.599609
1752617700.629932,615240.500,31913,2,EL,1,100,-18873.599609
1752617700.696432,615307.000,31913,2,EL,1,100,-18874.000000
1752617700.763432,615374.000,31930,1,EL,1,100,-18873.800781
1752617700.829932,615440.500,31945,2,EL,1,100,-18874.199219
1752617700.896432,615507.000,31945,2,EL,1,100,-18873.800781
1752617700.963431,615574.000,31962,1,EL,1,100,-18874.199219
1752617701.029931,615640.500,31978,2,EL,1,100,-18874.000000
1752617701.096431,615707.000,31978,2,EL,1,100,-18874.199219
1752617701.163431,615774.000,31995,1,EL,1,100,-18874.199219
1752617701.229930,615840.500,32010,2,EL,1,100,-18873.599609
1752617701.296430,615907.000,32010,2,EL,1,100,-18874.199219
1752617701.363430,615974.000,32027,1,EL,1,100,-18874.400391
1752617701.429930,616040.500,32043,2,EL,1,100,-18874.599609
1752617701.496429,616107.000,32043,2,EL,1,100,-18874.400391
1752617701.563429,616174.000,32061,1,EL,1,100,-18874.599609
1752617701.629929,616240.500,32076,2,EL,1,100,-18874.599609
1752617701.696429,616307.000,32076,2,EL,1,100,-18874.400391
1752617701.763429,616374.000,32092,1,EL,1,100,-18874.400391
1752617701.829928,616440.500,32109,2,EL,1,100,-18874.800781
1752617701.896428,616507.000,32109,2,EL,1,100,-18874.599609
1752617701.963428,616574.000,32126,1,EL,1,100,-18874.599609
1752617702.029928,616640.500,32141,2,EL,1,100,-18874.599609
1752617702.096427,616707.000,32141,2,EL,1,100,-18874.599609
1752617702.162927,616773.500,32158,2,EL,1,100,-18874.400391
1752617702.229427,616840.000,32158,2,EL,1,100,-18874.599609
1752617702.296427,616907.000,32176,1,EL,1,100,-18874.599609
1752617702.362926,616973.500,32193,2,EL,1,100,-18874.599609
1752617702.429426,617040.000,32193,2,EL,1,100,-18874.800781
1752617702.496426,617107.000,32209,1,EL,1,100,-18874.800781
1752617702.562926,617173.500,32225,2,EL,1,100,-18875.000000
1752617702.629425,617240.000,32225,2,EL,1,100,-18875.000000
1752617702.696425,617307.000,32241,1,EL,1,100,-18874.599609
1752617702.762925,617373.500,32258,2,EL,1,100,-18874.800781
1752617702.829425,617440.000,32258,2,EL,1,100,-18875.599609
1752617702.896425,617507.000,32275,1,EL,1,100,-18875.400391
1752617702.962924,617573.500,32290,2,EL,1,100,-18875.599609
1752617703.029424,617640.000,32290,2,EL,1,100,-18875.199219
1752617703.096424,617707.000,32306,1,EL,1,100,-18875.199219
1752617703.162924,617773.500,32324,2,EL,1,100,-18875.400391
1752617703.229423,617840.000,32324,2,EL,1,100,-18875.400391
1752617703.296423,617907.000,32340,1,EL,1,100,-18875.199219
1752617703.362923,617973.500,32355,2,EL,1,100,-18875.599609
1752617703.429423,618040.000,32355,2,EL,1,100,-18875.599609
1752617703.496422,618107.000,32371,1,EL,1,100,-18875.400391
1752617703.562922,618173.500,32389,2,EL,1,100,-18875.599609
1752617703.629422,618240.000,32389,2,EL,1,100,-18875.599609
1752617703.696422,618307.000,32405,1,EL,1,100,-18875.400391
1752617703.762922,618373.500,32420,2,EL,1,100,-18875.599609
1752617703.829421,618440.000,32420,2,EL,1,100,-18875.400391
1752617703.896421,618507.000,32437,1,EL,1,100,-18875.599609
1752617703.962921,618573.500,32454,2,EL,1,100,-18875.599609
1752617704.029421,618640.000,32454,2,EL,1,100,-18875.800781
1752617704.096420,618707.000,32470,1,EL,1,100,-18875.599609
1752617704.162920,618773.500,32487,2,EL,1,100,-18875.599609
1752617704.229420,618840.000,32487,2,EL,1,100,-18875.800781
1752617704.296420,618907.000,32502,1,EL,1,100,-18876.000000
1752617704.362919,618973.500,32519,2,EL,1,100,-18875.800781
1752617704.429419,619040.000,32519,2,EL,1,100,-18875.800781
1752617704.496419,619107.000,32535,1,EL,1,100,-18876.199219
1752617704.562919,619173.500,32552,2,EL,1,100,-18876.000000
1752617704.629418,619240.000,32552,2,EL,1,100,-18876.000000
1752617704.695918,619306.500,32567,2,EL,1,100,-18876.000000
1752617704.762418,619373.000,32567,2,EL,1,100,-18876.400391
1752617704.829418,619440.000,32584,1,EL,1,100,-18876.199219
1752617704.895918,619506.500,32601,2,EL,1,100,-18876.599609
1752617704.962417,619573.000,32601,2,EL,1,100,-18876.400391
1752617705.029417,619640.000,32618,1,EL,1,100,-18876.400391
1752617705.095917,619706.500,32632,2,EL,1,100,-18876.599609
1752617705.162417,619773.000,32632,2,EL,1,100,-18876.599609
1752617705.229416,619840.000,32650,1,EL,1,100,-18876.400391
1752617705.295916,619906.500,32666,2,EL,1,100,-18876.800781
1752617705.362416,619973.000,32666,2,EL,1,100,-18876.800781
1752617705.429416,620040.000,32683,1,EL,1,100,-18876.800781
1752617705.495915,620106.500,32698,2,EL,1,100,-18876.800781
1752617705.562415,620173.000,32698,2,EL,1,100,-18877.000000
1752617705.629415,620240.000,32715,1,EL,1,100,-18876.800781
1752617705.695915,620306.500,32731,2,EL,1,100,-18876.800781
1752617705.762415,620373.000,32731,2,EL,1,100,-18876.800781
1752617705.829414,620440.000,32748,1,EL,1,100,-18876.800781
1752617705.895914,620506.500,32763,2,EL,1,100,-18877.199219
1752617705.962414,620573.000,32763,2,EL,1,100,-18877.199219
1752617706.029414,620640.000,32780,1,EL,1,100,-18877.199219
1752617706.095913,620706.500,32796,2,EL,1,100,-18877.199219
1752617706.162413,620773.000,32796,2,EL,1,100,-18877.599609
1752617706.229413,620840.000,32814,1,EL,1,100,-18877.599609
1752617706.295913,620906.500,32828,2,EL,1,100,-18877.599609
1752617706.362412,620973.000,32828,2,EL,1,100,-18877.199219
1752617706.429412,621040.000,32845,1,EL,1,100,-18877.400391
1752617706.495912,621106.500,32862,2,EL,1,100,-18877.599609
1752617706.562412,621173.000,32862,2,EL,1,100,-18877.199219
1752617706.629411,621240.000,32879,1,EL,1,100,-18877.400391
1752617706.695911,621306.500,32894,2,EL,1,100,-18877.800781
1752617706.762411,621373.000,32894,2,EL,1,100,-18877.800781
1752617706.829411,621440.000,32910,1,EL,1,100,-18877.599609
1752617706.895911,621506.500,32927,2,EL,1,100,-18877.599609
1752617706.962410,621573.000,32927,2,EL,1,100,-18877.800781
1752617707.029410,621640.000,32944,2,EL,1,100,-18877.800781
1752617707.096410,621707.000,32944,2,EL,1,100,-18877.599609
1752617707.162410,621773.000,32960,1,EL,1,100,-18877.800781
1752617707.229409,621840.000,32978,2,EL,1,100,-18877.599609
1752617707.296409,621907.000,32978,2,EL,1,100,-18877.800781
1752617707.362409,621973.000,32994,1,EL,1,100,-18878.199219
1752617707.429409,622040.000,33011,2,EL,1,100,-18878.199219
1752617707.496408,622107.000,33011,2,EL,1,100,-18878.199219
1752617707.562408,622173.000,33028,1,EL,1,100,-18878.000000
1752617707.629408,622240.000,33043,2,EL,1,100,-18878.400391
1752617707.696408,622307.000,33043,2,EL,1,100,-18878.199219
1752617707.762408,622373.000,33059,1,EL,1,100,-18878.400391
1752617707.829407,622440.000,33077,2,EL,1,100,-18878.400391
1752617707.896407,622507.000,33077,2,EL,1,100,-18878.599609
1752617707.962407,622573.000,33093,1,EL,1,100,-18878.400391
1752617708.028907,622639.500,33108,2,EL,1,100,-18878.199219
1752617708.095406,622706.000,33108,2,EL,1,100,-18878.000000
1752617708.162406,622773.000,33124,1,EL,1,100,-18878.000000
1752617708.228906,622839.500,33142,2,EL,1,100,-18877.599609
1752617708.295406,622906.000,33142,2,EL,1,100,-18877.599609
1752617708.362405,622973.000,33158,1,EL,1,100,-18877.599609
1752617708.428905,623039.500,33173,2,EL,1,100,-18877.400391
1752617708.495405,623106.000,33173,2,EL,1,100,-18877.599609
1752617708.562405,623173.000,33190,1,EL,1,100,-18877.400391
1752617708.628904,623239.500,33207,2,EL,1,100,-18877.599609
1752617708.695404,623306.000,33207,2,EL,1,100,-18877.599609
1752617708.762404,623373.000,33223,1,EL,1,100,-18877.800781
1752617708.828904,623439.500,33239,2,EL,1,100,-18877.800781
1752617708.895404,623506.000,33239,2,EL,1,100,-18877.400391
1752617708.962403,623573.000,33255,1,EL,1,100,-18877.599609
1752617709.028903,623639.500,33272,2,EL,1,100,-18877.800781
1752617709.095403,623706.000,33272,2,EL,1,100,-18877.599609
1752617709.162403,623773.000,33288,1,EL,1,100,-18877.599609
1752617709.228902,623839.500,33305,2,EL,1,100,-18877.800781
1752617709.295402,623906.000,33305,2,EL,1,100,-18877.599609
1752617709.362402,623973.000,33320,1,EL,1,100,-18877.599609
1752617709.428902,624039.500,33337,2,EL,1,100,-18877.599609
1752617709.495401,624106.000,33337,2,EL,1,100,-18877.599609
1752617709.562401,624173.000,33354,2,EL,1,100,-18877.800781
1752617709.629401,624240.000,33354,2,EL,1,100,-18877.800781
1752617709.695401,624306.000,33371,1,EL,1,100,-18878.000000
1752617709.762401,624373.000,33385,2,EL,1,100,-18878.000000
1752617709.829400,624440.000,33385,2,EL,1,100,-18878.199219
1752617709.895400,624506.000,33403,1,EL,1,100,-18878.000000
1752617709.962400,624573.000,33419,2,EL,1,100,-18878.000000
1752617710.029400,624640.000,33419,2,EL,1,100,-18878.000000
1752617710.095399,624706.000,33436,1,EL,1,100,-18877.800781
1752617710.162399,624773.000,33451,2,EL,1,100,-18877.800781
1752617710.229399,624840.000,33451,2,EL,1,100,-18877.800781
1752617710.295399,624906.000,33468,1,EL,1,100,-18878.000000
1752617710.362398,624973.000,33484,2,EL,1,100,-18878.199219
1752617710.429398,625040.000,33484,2,EL,1,100,-18878.000000
1752617710.495398,625106.000,33501,1,EL,1,100,-18878.000000
1752617710.562398,625173.000,33516,2,EL,1,100,-18878.599609
1752617710.629397,625240.000,33516,2,EL,1,100,-18878.000000
1752617710.695397,625306.000,33533,1,EL,1,100,-18878.199219
1752617710.762397,625373.000,33549,2,EL,1,100,-18878.599609
1752617710.829397,625440.000,33549,2,EL,1,100,-18878.400391
1752617710.895397,625506.000,33567,1,EL,1,100,-18878.599609
1752617710.962396,625573.000,33581,2,EL,1,100,-18878.199219
1752617711.029396,625640.000,33581,2,EL,1,100,-18878.400391
1752617711.095396,625706.000,33598,1,EL,1,100,-18878.400391
1752617711.162396,625773.000,33615,2,EL,1,100,-18878.599609
1752617711.229395,625840.000,33615,2,EL,1,100,-18878.400391
1752617711.295395,625906.000,33632,1,EL,1,100,-18878.599609
1752617711.361895,625972.500,33646,2,EL,1,100,-18878.599609
1752617711.428395,626039.000,33646,2,EL,1,100,-18878.400391
1752617711.495394,626106.000,33663,1,EL,1,100,-18878.599609
1752617711.561894,626172.500,33680,2,EL,1,100,-18878.400391
1752617711.628394,626239.000,33680,2,EL,1,100,-18878.599609
1752617711.695394,626306.000,33697,1,EL,1,100,-18878.599609
1752617711.761894,626372.500,33712,2,EL,1,100,-18878.599609
1752617711.828393,626439.000,33712,2,EL,1,100,-18878.599609
1752617711.895393,626506.000,33729,1,EL,1,100,-18878.599609
1752617711.961893,626572.500,33745,2,EL,1,100,-18878.599609
1752617712.028393,626639.000,33745,2,EL,1,100,-18878.599609
1752617712.095392,626706.000,33762,2,EL,1,100,-18878.800781
1752617712.162392,626773.000,33762,2,EL,1,100,-18878.599609
1752617712.228392,626839.000,33779,1,EL,1,100,-18878.599609
1752617712.295392,626906.000,33796,2,EL,1,100,-18878.599609
1752617712.362391,626973.000,33796,2,EL,1,100,-18878.800781
1752617712.428391,627039.000,33812,1,EL,1,100,-18879.199219
1752617712.495391,627106.000,33830,2,EL,1,100,-18878.599609
1752617712.562391,627173.000,33830,2,EL,1,100,-18879.000000
1752617712.628391,627239.000,33846,1,EL,1,100,-18879.000000
1752617712.695390,627306.000,33861,2,EL,1,100,-18879.000000
1752617712.762390,627373.000,33861,2,EL,1,100,-18878.800781
1752617712.828390,627439.000,33877,1,EL,1,100,-18879.000000
1752617712.895390,627506.000,33895,2,EL,1,100,-18879.000000
1752617712.962389,627573.000,33895,2,EL,1,100,-18879.199219
1752617713.028389,627639.000,33911,1,EL,1,100,-18879.199219
1752617713.095389,627706.000,33926,2,EL,1,100,-18879.000000
1752617713.162389,627773.000,33926,2,EL,1,100,-18879.599609
1752617713.228388,627839.000,33945,1,EL,1,100,-18879.199219
1752617713.295388,627906.000,33962,2,EL,1,100,-18879.400391
1752617713.362388,627973.000,33962,2,EL,1,100,-18879.199219
1752617713.428388,628039.000,33978,1,EL,1,100,-18879.400391
1752617713.495387,628106.000,33994,2,EL,1,100,-18879.599609
1752617713.562387,628173.000,33994,2,EL,1,100,-18879.800781
1752617713.628387,628239.000,34010,1,EL,1,100,-18879.599609
1752617713.695387,628306.000,34027,2,EL,1,100,-18879.599609
1752617713.762387,628373.000,34027,2,EL,1,100,-18879.599609
1752617713.828386,628439.000,34043,1,EL,1,100,-18879.800781
1752617713.895386,628506.000,34059,2,EL,1,100,-18880.000000
1752617713.962386,628573.000,34059,2,EL,1,100,-18880.000000
1752617714.028386,628639.000,34075,1,EL,1,100,-18880.199219
1752617714.095385,628706.000,34092,2,EL,1,100,-18880.000000
1752617714.162385,628773.000,34092,2,EL,1,100,-18880.400391
1752617714.228385,628839.000,34109,1,EL,1,100,-18880.400391
1752617714.295385,628906.000,34125,2,EL,1,100,-18880.400391
1752617714.362384,628973.000,34125,2,EL,1,100,-18880.000000
1752617714.428384,629039.000,34140,1,EL,1,100,-18880.599609
1752617714.495384,629106.000,34158,2,EL,1,100,-18880.400391
1752617714.562384,629173.000,34158,2,EL,1,100,-18880.400391
1752617714.628884,629239.500,34174,2,EL,1,100,-18880.599609
1752617714.695383,629306.000,34174,2,EL,1,100,-18880.599609
1752617714.761383,629372.000,34191,1,EL,1,100,-18880.599609
1752617714.828383,629439.000,34206,2,EL,1,100,-18880.599609
1752617714.895383,629506.000,34206,2,EL,1,100,-18880.599609
1752617714.961382,629572.000,34223,1,EL,1,100,-18880.599609
1752617715.028382,629639.000,34239,2,EL,1,100,-18880.599609
1752617715.095382,629706.000,34239,2,EL,1,100,-18880.800781
1752617715.161382,629772.000,34256,1,EL,1,100,-18880.800781
1752617715.228381,629839.000,34271,2,EL,1,100,-18880.800781
1752617715.295381,629906.000,34271,2,EL,1,100,-18881.000000
1752617715.361381,629972.000,34288,1,EL,1,100,-18881.000000
1752617715.428381,630039.000,34304,2,EL,1,100,-18881.199219
1752617715.495380,630106.000,34304,2,EL,1,100,-18880.800781
1752617715.561380,630172.000,34322,1,EL,1,100,-18881.400391
1752617715.628380,630239.000,34336,2,EL,1,100,-18881.400391
1752617715.695380,630306.000,34336,2,EL,1,100,-18881.000000
1752617715.761380,630372.000,34353,1,EL,1,100,-18881.599609
1752617715.828379,630439.000,34370,2,EL,1,100,-18881.599609
1752617715.895379,630506.000,34370,2,EL,1,100,-18881.599609
1752617715.961379,630572.000,34387,1,EL,1,100,-18881.599609
1752617716.028379,630639.000,34401,2,EL,1,100,-18881.599609
1752617716.095378,630706.000,34401,2,EL,1,100,-18881.199219
1752617716.161378,630772.000,34418,1,EL,1,100,-18881.400391
1752617716.228378,630839.000,34435,2,EL,1,100,-18881.599609
1752617716.295378,630906.000,34435,2,EL,1,100,-18881.800781
1752617716.361377,630972.000,34452,1,EL,1,100,-18881.599609
1752617716.428377,631039.000,34466,2,EL,1,100,-18881.599609
1752617716.495377,631106.000,34466,2,EL,1,100,-18881.599609
1752617716.561377,631172.000,34484,1,EL,1,100,-18881.800781
1752617716.628377,631239.000,34500,2,EL,1,100,-18881.800781
1752617716.695376,631306.000,34500,2,EL,1,100,-18881.599609
1752617716.761876,631372.500,34517,2,EL,1,100,-18881.800781
1752617716.828376,631439.000,34517,2,EL,1,100,-18882.000000
1752617716.895376,631506.000,34534,1,EL,1,100,-18881.599609
1752617716.961875,631572.500,34549,2,EL,1,100,-18881.599609
1752617717.028375,631639.000,34549,2,EL,1,100,-18881.599609
1752617717.095375,631706.000,34565,1,EL,1,100,-18881.599609
1752617717.161875,631772.500,34583,2,EL,1,100,-18881.599609
1752617717.228374,631839.000,34583,2,EL,1,100,-18881.599609
1752617717.295374,631906.000,34601,1,EL,1,100,-18882.400391
1752617717.361874,631972.500,34616,2,EL,1,100,-18881.599609
1752617717.428374,632039.000,34616,2,EL,1,100,-18881.599609
1752617717.495373,632106.000,34632,1,EL,1,100,-18881.599609
1752617717.561873,632172.500,34650,2,EL,1,100,-18882.400391
1752617717.628373,632239.000,34650,2,EL,1,100,-18882.199219
1752617717.695373,632306.000,34666,1,EL,1,100,-18882.400391
1752617717.761873,632372.500,34681,2,EL,1,100,-18882.599609
1752617717.828372,632439.000,34681,2,EL,1,100,-18882.400391
1752617717.894372,632505.000,34698,1,EL,1,100,-18882.599609
1752617717.961372,632572.000,34715,2,EL,1,100,-18882.199219
1752617718.028372,632639.000,34715,2,EL,1,100,-18882.199219
1752617718.095371,632706.000,34731,1,EL,1,100,-18882.400391
1752617718.161871,632772.500,34747,2,EL,1,100,-18882.599609
1752617718.228371,632839.000,34747,2,EL,1,100,-18882.599609
1752617718.294371,632905.000,34763,1,EL,1,100,-18882.599609
1752617718.361370,632972.000,34780,2,EL,1,100,-18882.800781
1752617718.428370,633039.000,34780,2,EL,1,100,-18882.599609
1752617718.494370,633105.000,34796,1,EL,1,100,-18882.599609
1752617718.561370,633172.000,34812,2,EL,1,100,-18882.599609
1752617718.628370,633239.000,34812,2,EL,1,100,-18882.599609
1752617718.694369,633305.000,34828,1,EL,1,100,-18883.000000
1752617718.761369,633372.000,34845,2,EL,1,100,-18883.000000
1752617718.828369,633439.000,34845,2,EL,1,100,-18883.400391
1752617718.894369,633505.000,34862,1,EL,1,100,-18883.199219
1752617718.961368,633572.000,34878,2,EL,1,100,-18883.199219
1752617719.028368,633639.000,34878,2,EL,1,100,-18883.400391
1752617719.094368,633705.000,34893,1,EL,1,100,-18883.599609
1752617719.161368,633772.000,34911,2,EL,1,100,-18883.400391
1752617719.228367,633839.000,34911,2,EL,1,100,-18883.599609
1752617719.294867,633905.500,34927,2,EL,1,100,-18883.800781
1752617719.361367,633972.000,34927,2,EL,1,100,-18883.599609
1752617719.428367,634039.000,34944,1,EL,1,100,-18883.599609
1752617719.494866,634105.500,34959,2,EL,1,100,-18884.199219
1752617719.561366,634172.000,34959,2,EL,1,100,-18884.400391
1752617719.628366,634239.000,34976,1,EL,1,100,-18884.400391
1752617719.694866,634305.500,34992,2,EL,1,100,-18884.599609
1752617719.761366,634372.000,34992,2,EL,1,100,-18884.400391
1752617719.828365,634439.000,35009,1,EL,1,100,-18884.400391
1752617719.894865,634505.500,35024,2,EL,1,100,-18884.599609
1752617719.961365,634572.000,35024,2,EL,1,100,-18884.599609
1752617720.028365,634639.000,35041,1,EL,1,100,-18884.599609
1752617720.094864,634705.500,35057,2,EL,1,100,-18884.599609
1752617720.161364,634772.000,35057,2,EL,1,100,-18884.800781
1752617720.228364,634839.000,35075,1,EL,1,100,-18884.599609
1752617720.294864,634905.500,35089,2,EL,1,100,-18884.800781
1752617720.361363,634972.000,35089,2,EL,1,100,-18884.800781
1752617720.428363,635039.000,35106,1,EL,1,100,-18885.400391
1752617720.494863,635105.500,35125,2,EL,1,100,-18884.800781
1752617720.561363,635172.000,35125,2,EL,1,100,-18884.599609
1752617720.628363,635239.000,35142,1,EL,1,100,-18884.599609
1752617720.694862,635305.500,35156,2,EL,1,100,-18885.199219
1752617720.761362,635372.000,35156,2,EL,1,100,-18885.000000
1752617720.828362,635439.000,35173,1,EL,1,100,-18885.199219
1752617720.894862,635505.500,35190,2,EL,1,100,-18885.000000
1752617720.961361,635572.000,35190,2,EL,1,100,-18884.800781
1752617721.028361,635639.000,35207,1,EL,1,100,-18884.800781
1752617721.094861,635705.500,35221,2,EL,1,100,-18885.199219
1752617721.161361,635772.000,35221,2,EL,1,100,-18885.199219
1752617721.228360,635839.000,35239,1,EL,1,100,-18885.000000
1752617721.294860,635905.500,35255,2,EL,1,100,-18885.400391
1752617721.361360,635972.000,35255,2,EL,1,100,-18885.400391
1752617721.427360,636038.000,35274,1,EL,1,100,-18885.199219
1752617721.494359,636105.000,35290,2,EL,1,100,-18885.199219
1752617721.561359,636172.000,35290,2,EL,1,100,-18885.199219
1752617721.627359,636238.000,35306,1,EL,1,100,-18885.400391
1752617721.694359,636305.000,35322,2,EL,1,100,-18885.599609
1752617721.761359,636372.000,35322,2,EL,1,100,-18885.599609
1752617721.827858,636438.500,35340,2,EL,1,100,-18885.599609
1752617721.894358,636505.000,35340,2,EL,1,100,-18886.000000
1752617721.961358,636572.000,35356,1,EL,1,100,-18885.599609
1752617722.027858,636638.500,35371,2,EL,1,100,-18885.800781
1752617722.094357,636705.000,35371,2,EL,1,100,-18885.800781
1752617722.161357,636772.000,35387,1,EL,1,100,-18885.599609
1752617722.227857,636838.500,35407,2,EL,1,100,-18885.800781
1752617722.294357,636905.000,35407,2,EL,1,100,-18886.000000
1752617722.361356,636972.000,35423,1,EL,1,100,-18885.599609
1752617722.427856,637038.500,35438,2,EL,1,100,-18885.800781
1752617722.494356,637105.000,35438,2,EL,1,100,-18886.199219
1752617722.561356,637172.000,35455,1,EL,1,100,-18886.199219
1752617722.627856,637238.500,35474,2,EL,1,100,-18886.000000
1752617722.694355,637305.000,35474,2,EL,1,100,-18886.400391
1752617722.761355,637372.000,35490,1,EL,1,100,-18886.400391
1752617722.827855,637438.500,35506,2,EL,1,100,-18886.400391
1752617722.894355,637505.000,35506,2,EL,1,100,-18886.000000
1752617722.961354,637572.000,35522,1,EL,1,100,-18886.599609
1752617723.027854,637638.500,35539,2,EL,1,100,-18886.599609
1752617723.094354,637705.000,35539,2,EL,1,100,-18886.400391
1752617723.161354,637772.000,35555,1,EL,1,100,-18886.400391
1752617723.227853,637838.500,35571,2,EL,1,100,-18886.599609
1752617723.294353,637905.000,35571,2,EL,1,100,-18886.800781
1752617723.361353,637972.000,35587,1,EL,1,100,-18886.599609
1752617723.427853,638038.500,35604,2,EL,1,100,-18886.800781
1752617723.494352,638105.000,35604,2,EL,1,100,-18886.400391
1752617723.561352,638172.000,35621,1,EL,1,100,-18886.400391
1752617723.627852,638238.500,35637,2,EL,1,100,-18886.599609
1752617723.694352,638305.000,35637,2,EL,1,100,-18886.400391
1752617723.761352,638372.000,35652,1,EL,1,100,-18886.199219
1752617723.827851,638438.500,35670,2,EL,1,100,-18886.599609
1752617723.894351,638505.000,35670,2,EL,1,100,-18887.000000
1752617723.960851,638571.500,35686,2,EL,1,100,-18887.000000
1752617724.027351,638638.000,35686,2,EL,1,100,-18886.599609
1752617724.094350,638705.000,35703,1,EL,1,100,-18886.800781
1752617724.160850,638771.500,35718,2,EL,1,100,-18887.199219
1752617724.227350,638838.000,35718,2,EL,1,100,-18887.000000
1752617724.294350,638905.000,35735,1,EL,1,100,-18887.199219
1752617724.360849,638971.500,35751,2,EL,1,100,-18887.400391
1752617724.427349,639038.000,35751,2,EL,1,100,-18887.599609
1752617724.494349,639105.000,35768,1,EL,1,100,-18887.199219
1752617724.560849,639171.500,35785,2,EL,1,100,-18887.400391
1752617724.627349,639238.000,35785,2,EL,1,100,-18887.599609
1752617724.694348,639305.000,35802,1,EL,1,100,-18887.599609
1752617724.760848,639371.500,35818,2,EL,1,100,-18887.400391
1752617724.827348,639438.000,35818,2,EL,1,100,-18887.400391
1752617724.894348,639505.000,35836,1,EL,1,100,-18887.800781
1752617724.960847,639571.500,35850,2,EL,1,100,-18887.800781
1752617725.027347,639638.000,35850,2,EL,1,100,-18887.599609
1752617725.094347,639705.000,35867,1,EL,1,100,-18888.000000
1752617725.160847,639771.500,35884,2,EL,1,100,-18887.400391
1752617725.227346,639838.000,35884,2,EL,1,100,-18887.400391
1752617725.294346,639905.000,35901,1,EL,1,100,-18887.599609
1752617725.360846,639971.500,35915,2,EL,1,100,-18887.599609
1752617725.427346,640038.000,35915,2,EL,1,100,-18887.800781
1752617725.494345,640105.000,35932,1,EL,1,100,-18888.000000
1752617725.560845,640171.500,35949,2,EL,1,100,-18888.000000
1752617725.627345,640238.000,35949,2,EL,1,100,-18888.000000
1752617725.694345,640305.000,35966,1,EL,1,100,-18888.400391
1752617725.760845,640371.500,35981,2,EL,1,100,-18888.199219
1752617725.827344,640438.000,35981,2,EL,1,100,-18888.400391
1752617725.894344,640505.000,35998,1,EL,1,100,-18888.400391
1752617725.960844,640571.500,36014,2,EL,1,100,-18888.400391
1752617726.027344,640638.000,36014,2,EL,1,100,-18888.599609
1752617726.094343,640705.000,36031,1,EL,1,100,-18888.400391
1752617726.160843,640771.500,36047,2,EL,1,100,-18888.800781
1752617726.227343,640838.000,36047,2,EL,1,100,-18888.400391
1752617726.293843,640904.500,36063,2,EL,1,100,-18888.599609
1752617726.360342,640971.000,36063,2,EL,1,100,-18888.800781
1752617726.427342,641038.000,36079,1,EL,1,100,-18888.400391
1752617726.493842,641104.500,36097,2,EL,1,100,-18888.599609
1752617726.560342,641171.000,36097,2,EL,1,100,-18889.199219
1752617726.627342,641238.000,36113,1,EL,1,100,-18888.800781
1752617726.693841,641304.500,36128,2,EL,1,100,-18888.599609
1752617726.760341,641371.000,36128,2,EL,1,100,-18888.800781
1752617726.827341,641438.000,36144,1,EL,1,100,-18889.000000
1752617726.893841,641504.500,36162,2,EL,1,100,-18889.400391
1752617726.960340,641571.000,36162,2,EL,1,100,-18889.000000
1752617727.027340,641638.000,36178,1,EL,1,100,-18889.199219
1752617727.093840,641704.500,36193,2,EL,1,100,-18889.199219
1752617727.160340,641771.000,36193,2,EL,1,100,-18889.199219
1752617727.227339,641838.000,36210,1,EL,1,100,-18889.000000
1752617727.293839,641904.500,36229,2,EL,1,100,-18889.199219
1752617727.360339,641971.000,36229,2,EL,1,100,-18889.199219
1752617727.427339,642038.000,36245,1,EL,1,100,-18889.000000
1752617727.493839,642104.500,36261,2,EL,1,100,-18889.199219
1752617727.560338,642171.000,36261,2,EL,1,100,-18889.400391
1752617727.627338,642238.000,36277,1,EL,1,100,-18889.599609
1752617727.693838,642304.500,36294,2,EL,1,100,-18889.800781
1752617727.760338,642371.000,36294,2,EL,1,100,-18889.400391
1752617727.827337,642438.000,36310,1,EL,1,100,-18889.400391
1752617727.893837,642504.500,36326,2,EL,1,100,-18889.400391
1752617727.960337,642571.000,36326,2,EL,1,100,-18889.599609
1752617728.027337,642638.000,36342,1,EL,1,100,-18889.599609
1752617728.093836,642704.500,36359,2,EL,1,100,-18889.599609
1752617728.160336,642771.000,36359,2,EL,1,100,-18889.599609
1752617728.227336,642838.000,36376,1,EL,1,100,-18889.400391
1752617728.293836,642904.500,36392,2,EL,1,100,-18889.800781
1752617728.360335,642971.000,36392,2,EL,1,100,-18889.599609
1752617728.427335,643038.000,36407,1,EL,1,100,-18889.400391
1752617728.493835,643104.500,36425,2,EL,1,100,-18890.000000
1752617728.560335,643171.000,36425,2,EL,1,100,-18889.599609
1752617728.626835,643237.500,36441,2,EL,1,100,-18889.400391
1752617728.693334,643304.000,36441,2,EL,1,100,-18889.599609
1752617728.760334,643371.000,36458,1,EL,1,100,-18889.599609
1752617728.826834,643437.500,36473,2,EL,1,100,-18889.599609
1752617728.893334,643504.000,36473,2,EL,1,100,-18890.000000
1752617728.960333,643571.000,36490,1,EL,1,100,-18890.000000
1752617729.026833,643637.500,36506,2,EL,1,100,-18889.800781
1752617729.093333,643704.000,36506,2,EL,1,100,-18890.000000
1752617729.160333,643771.000,36523,1,EL,1,100,-18890.000000
1752617729.226832,643837.500,36538,2,EL,1,100,-18890.199219
1752617729.293332,643904.000,36538,2,EL,1,100,-18889.400391
1752617729.360332,643971.000,36555,1,EL,1,100,-18889.599609
1752617729.426832,644037.500,36571,2,EL,1,100,-18890.400391
1752617729.493332,644104.000,36571,2,EL,1,100,-18890.000000
1752617729.560331,644171.000,36589,1,EL,1,100,-18890.199219
1752617729.626831,644237.500,36603,2,EL,1,100,-18890.199219
1752617729.693331,644304.000,36603,2,EL,1,100,-18889.599609
1752617729.760331,644371.000,36620,1,EL,1,100,-18889.599609
1752617729.826830,644437.500,36637,2,EL,1,100,-18889.800781
1752617729.893330,644504.000,36637,2,EL,1,100,-18890.199219
1752617729.960330,644571.000,36654,1,EL,1,100,-18890.199219
1752617730.026830,644637.500,36668,2,EL,1,100,-18889.400391
1752617730.093329,644704.000,36668,2,EL,1,100,-18889.800781
1752617730.160329,644771.000,36685,1,EL,1,100,-18890.400391
1752617730.226829,644837.500,36702,2,EL,1,100,-18890.400391
1752617730.293329,644904.000,36702,2,EL,1,100,-18890.199219
1752617730.360328,644971.000,36719,1,EL,1,100,-18890.400391
1752617730.426828,645037.500,36734,2,EL,1,100,-18890.400391
1752617730.493328,645104.000,36734,2,EL,1,100,-18890.000000
1752617730.560328,645171.000,36751,1,EL,1,100,-18890.400391
1752617730.626828,645237.500,36767,2,EL,1,100,-18890.400391
1752617730.693327,645304.000,36767,2,EL,1,100,-18890.199219
1752617730.760327,645371.000,36784,1,EL,1,100,-18890.400391
1752617730.826827,645437.500,36800,2,EL,1,100,-18890.400391
1752617730.893327,645504.000,36800,2,EL,1,100,-18890.400391
1752617730.960326,645571.000,36816,2,EL,1,100,-18890.400391
1752617731.027326,645638.000,36816,2,EL,1,100,-18890.599609
1752617731.093326,645704.000,36832,1,EL,1,100,-18890.599609
1752617731.160326,645771.000,36850,2,EL,1,100,-18890.599609
1752617731.227325,645838.000,36850,2,EL,1,100,-18890.800781
1752617731.293325,645904.000,36866,1,EL,1,100,-18890.400391
1752617731.359825,645970.500,36881,2,EL,1,100,-18890.400391
1752617731.426325,646037.000,36881,2,EL,1,100,-18890.599609
1752617731.493325,646104.000,36897,1,EL,1,100,-18890.599609
1752617731.559824,646170.500,36915,2,EL,1,100,-18890.400391
1752617731.626324,646237.000,36915,2,EL,1,100,-18890.400391
1752617731.693324,646304.000,36931,1,EL,1,100,-18890.800781
1752617731.759824,646370.500,36946,2,EL,1,100,-18891.000000
1752617731.826323,646437.000,36946,2,EL,1,100,-18890.199219
1752617731.893323,646504.000,36963,1,EL,1,100,-18890.599609
1752617731.960323,646571.000,36980,2,EL,1,100,-18890.599609
1752617732.027323,646638.000,36980,2,EL,1,100,-18890.599609
1752617732.093322,646704.000,36996,1,EL,1,100,-18890.599609
1752617732.159822,646770.500,37012,2,EL,1,100,-18891.000000
1752617732.226322,646837.000,37012,2,EL,1,100,-18890.599609
1752617732.293322,646904.000,37030,1,EL,1,100,-18891.199219
1752617732.359821,646970.500,37047,2,EL,1,100,-18890.800781
1752617732.426321,647037.000,37047,2,EL,1,100,-18891.199219
1752617732.493321,647104.000,37063,1,EL,1,100,-18891.000000
1752617732.559821,647170.500,37079,2,EL,1,100,-18891.000000
1752617732.626321,647237.000,37079,2,EL,1,100,-18891.199219
1752617732.693320,647304.000,37095,1,EL,1,100,-18891.199219
1752617732.759820,647370.500,37114,2,EL,1,100,-18891.400391
1752617732.826320,647437.000,37114,2,EL,1,100,-18891.000000
1752617732.893320,647504.000,37131,1,EL,1,100,-18891.199219
1752617732.959819,647570.500,37147,2,EL,1,100,-18891.199219
1752617733.026319,647637.000,37147,2,EL,1,100,-18891.000000
1752617733.093319,647704.000,37162,1,EL,1,100,-18891.400391
1752617733.159819,647770.500,37180,2,EL,1,100,-18891.400391
1752617733.226318,647837.000,37180,2,EL,1,100,-18891.800781
1752617733.293318,647904.000,37196,2,EL,1,100,-18891.599609
1752617733.360318,647971.000,37196,2,EL,1,100,-18891.599609
1752617733.426318,648037.000,37213,1,EL,1,100,-18891.599609
1752617733.493318,648104.000,37228,2,EL,1,100,-18891.800781
1752617733.560317,648171.000,37228,2,EL,1,100,-18892.000000
1752617733.626317,648237.000,37245,1,EL,1,100,-18892.000000
1752617733.693317,648304.000,37261,2,EL,1,100,-18891.800781
1752617733.760317,648371.000,37261,2,EL,1,100,-18892.199219
1752617733.826316,648437.000,37278,1,EL,1,100,-18892.199219
1752617733.893316,648504.000,37293,2,EL,1,100,-18892.000000
1752617733.960316,648571.000,37293,2,EL,1,100,-18892.199219
1752617734.026316,648637.000,37310,1,EL,1,100,-18892.199219
1752617734.093315,648704.000,37326,2,EL,1,100,-18892.000000
1752617734.160315,648771.000,37326,2,EL,1,100,-18892.199219
1752617734.226315,648837.000,37344,1,EL,1,100,-18892.199219
1752617734.293315,648904.000,37358,2,EL,1,100,-18892.400391
1752617734.360314,648971.000,37358,2,EL,1,100,-18892.400391
1752617734.426314,649037.000,37375,1,EL,1,100,-18892.000000
1752617734.493314,649104.000,37392,2,EL,1,100,-18892.800781
1752617734.560314,649171.000,37392,2,EL,1,100,-18892.199219
1752617734.626314,649237.000,37409,1,EL,1,100,-18892.199219
1752617734.692813,649303.500,37423,2,EL,1,100,-18892.599609
1752617734.759313,649370.000,37423,2,EL,1,100,-18892.599609
1752617734.826313,649437.000,37440,1,EL,1,100,-18892.599609
1752617734.892813,649503.500,37459,2,EL,1,100,-18892.000000
1752617734.959312,649570.000,37459,2,EL,1,100,-18892.199219
1752617735.026312,649637.000,37476,1,EL,1,100,-18892.199219
1752617735.092812,649703.500,37490,2,EL,1,100,-18892.599609
1752617735.159312,649770.000,37490,2,EL,1,100,-18892.400391
1752617735.226311,649837.000,37508,1,EL,1,100,-18892.400391
1752617735.292811,649903.500,37524,2,EL,1,100,-18892.599609
1752617735.359311,649970.000,37524,2,EL,1,100,-18892.599609
1752617735.426311,650037.000,37541,1,EL,1,100,-18892.800781
1752617735.492811,650103.500,37557,2,EL,1,100,-18892.599609
1752617735.559310,650170.000,37557,2,EL,1,100,-18892.599609
1752617735.626310,650237.000,37573,1,EL,1,100,-18892.400391
1752617735.692810,650303.500,37589,2,EL,1,100,-18892.599609
1752617735.759310,650370.000,37589,2,EL,1,100,-18892.800781
1752617735.826309,650437.000,37607,2,EL,1,100,-18893.199219
1752617735.893309,650504.000,37607,2,EL,1,100,-18893.000000
1752617735.959309,650570.000,37623,1,EL,1,100,-18892.800781
1752617736.026309,650637.000,37638,2,EL,1,100,-18892.599609
1752617736.093308,650704.000,37638,2,EL,1,100,-18893.400391
1752617736.159308,650770.000,37654,1,EL,1,100,-18893.000000
1752617736.226308,650837.000,37672,2,EL,1,100,-18893.400391
1752617736.293308,650904.000,37672,2,EL,1,100,-18893.599609
1752617736.359307,650970.000,37688,1,EL,1,100,-18893.400391
1752617736.426307,651037.000,37703,2,EL,1,100,-18893.400391
1752617736.493307,651104.000,37703,2,EL,1,100,-18892.800781
1752617736.559307,651170.000,37720,1,EL,1,100,-18892.800781
1752617736.626307,651237.000,37737,2,EL,1,100,-18893.000000
1752617736.693306,651304.000,37737,2,EL,1,100,-18893.199219
1752617736.759306,651370.000,37753,1,EL,1,100,-18893.000000
1752617736.826306,651437.000,37769,2,EL,1,100,-18893.400391
1752617736.893306,651504.000,37769,2,EL,1,100,-18893.400391
1752617736.959305,651570.000,37785,1,EL,1,100,-18893.599609
1752617737.026305,651637.000,37802,2,EL,1,100,-18893.599609
1752617737.093305,651704.000,37802,2,EL,1,100,-18893.599609
1752617737.159305,651770.000,37818,1,EL,1,100,-18893.599609
1752617737.226304,651837.000,37836,2,EL,1,100,-18893.599609
1752617737.293304,651904.000,37836,2,EL,1,100,-18893.599609
1752617737.359304,651970.000,37852,1,EL,1,100,-18894.000000
1752617737.426304,652037.000,37869,2,EL,1,100,-18894.199219
1752617737.493304,652104.000,37869,2,EL,1,100,-18893.800781
1752617737.559303,652170.000,37886,1,EL,1,100,-18893.800781
1752617737.626303,652237.000,37901,2,EL,1,100,-18894.199219
1752617737.693303,652304.000,37901,2,EL,1,100,-18894.400391
1752617737.759303,652370.000,37917,1,EL,1,100,-18893.800781
1752617737.826302,652437.000,37935,2,EL,1,100,-18893.800781
1752617737.893302,652504.000,37935,2,EL,1,100,-18894.400391
1752617737.959302,652570.000,37951,1,EL,1,100,-18894.400391
1752617738.025802,652636.500,37967,2,EL,1,100,-18894.000000
1752617738.092301,652703.000,37967,2,EL,1,100,-18894.599609
1752617738.159301,652770.000,37983,2,EL,1,100,-18894.400391
1752617738.226301,652837.000,37983,2,EL,1,100,-18894.400391
1752617738.292301,652903.000,38000,1,EL,1,100,-18894.599609
1752617738.359300,652970.000,38016,2,EL,1,100,-18894.400391
1752617738.426300,653037.000,38016,2,EL,1,100,-18894.400391
1752617738.492300,653103.000,38033,1,EL,1,100,-18894.599609
1752617738.559300,653170.000,38048,2,EL,1,100,-18894.400391
1752617738.626300,653237.000,38048,2,EL,1,100,-18894.400391
1752617738.692299,653303.000,38065,1,EL,1,100,-18894.599609
1752617738.759299,653370.000,38081,2,EL,1,100,-18894.400391
1752617738.826299,653437.000,38081,2,EL,1,100,-18894.400391
1752617738.892299,653503.000,38099,1,EL,1,100,-18894.199219
1752617738.959298,653570.000,38113,2,EL,1,100,-18894.400391
1752617739.026298,653637.000,38113,2,EL,1,100,-18894.199219
1752617739.092298,653703.000,38130,1,EL,1,100,-18894.599609
1752617739.159298,653770.000,38147,2,EL,1,100,-18894.599609
1752617739.226297,653837.000,38147,2,EL,1,100,-18894.800781
1752617739.292297,653903.000,38164,1,EL,1,100,-18894.599609
1752617739.359297,653970.000,38178,2,EL,1,100,-18894.599609
1752617739.426297,654037.000,38178,2,EL,1,100,-18894.599609
1752617739.492297,654103.000,38195,1,EL,1,100,-18894.800781
1752617739.559296,654170.000,38212,2,EL,1,100,-18894.599609
1752617739.626296,654237.000,38212,2,EL,1,100,-18894.800781
1752617739.692296,654303.000,38231,1,EL,1,100,-18895.000000
1752617739.759296,654370.000,38245,2,EL,1,100,-18895.000000
1752617739.826295,654437.000,38245,2,EL,1,100,-18894.800781
1752617739.892295,654503.000,38263,1,EL,1,100,-18895.199219
1752617739.959295,654570.000,38279,2,EL,1,100,-18895.199219
1752617740.026295,654637.000,38279,2,EL,1,100,-18895.599609
1752617740.092294,654703.000,38296,1,EL,1,100,-18895.400391
1752617740.159294,654770.000,38312,2,EL,1,100,-18895.599609
1752617740.226294,654837.000,38312,2,EL,1,100,-18895.400391
1752617740.292294,654903.000,38328,1,EL,1,100,-18895.599609
1752617740.359293,654970.000,38344,2,EL,1,100,-18896.000000
1752617740.426293,655037.000,38344,2,EL,1,100,-18895.800781
1752617740.492793,655103.500,38362,2,EL,1,100,-18895.599609
1752617740.559293,655170.000,38362,2,EL,1,100,-18895.800781
1752617740.626293,655237.000,38378,1,EL,1,100,-18895.599609
1752617740.692792,655303.500,38393,2,EL,1,100,-18895.800781
1752617740.759292,655370.000,38393,2,EL,1,100,-18895.800781
1752617740.826292,655437.000,38409,1,EL,1,100,-18895.599609
1752617740.892792,655503.500,38427,2,EL,1,100,-18895.800781
1752617740.959291,655570.000,38427,2,EL,1,100,-18895.800781
1752617741.026291,655637.000,38443,1,EL,1,100,-18895.400391
1752617741.092791,655703.500,38458,2,EL,1,100,-18895.800781
1752617741.159291,655770.000,38458,2,EL,1,100,-18896.000000
1752617741.226290,655837.000,38475,1,EL,1,100,-18896.000000
1752617741.292790,655903.500,38492,2,EL,1,100,-18895.800781
1752617741.359290,655970.000,38492,2,EL,1,100,-18895.599609
1752617741.425290,656036.000,38508,1,EL,1,100,-18895.800781
1752617741.492290,656103.000,38524,2,EL,1,100,-18896.000000
1752617741.559289,656170.000,38524,2,EL,1,100,-18895.800781
1752617741.625289,656236.000,38540,1,EL,1,100,-18896.000000
1752617741.692289,656303.000,38557,2,EL,1,100,-18896.000000
1752617741.759289,656370.000,38557,2,EL,1,100,-18896.000000
1752617741.825288,656436.000,38573,1,EL,1,100,-18896.000000
1752617741.892288,656503.000,38589,2,EL,1,100,-18896.000000
1752617741.959288,656570.000,38589,2,EL,1,100,-18896.000000
1752617742.025288,656636.000,38605,1,EL,1,100,-18895.800781
1752617742.092287,656703.000,38622,2,EL,1,100,-18896.000000
1752617742.159287,656770.000,38622,2,EL,1,100,-18895.400391
1752617742.225287,656836.000,38639,1,EL,1,100,-18896.000000
1752617742.292287,656903.000,38657,2,EL,1,100,-18895.800781
1752617742.359287,656970.000,38657,2,EL,1,100,-18896.000000
1752617742.425286,657036.000,38672,1,EL,1,100,-18896.199219
1752617742.492286,657103.000,38690,2,EL,1,100,-18896.199219
1752617742.559286,657170.000,38690,2,EL,1,100,-18896.000000
1752617742.625786,657236.500,38706,2,EL,1,100,-18896.199219
1752617742.692285,657303.000,38706,2,EL,1,100,-18896.000000
1752617742.759285,657370.000,38723,1,EL,1,100,-18896.000000
1752617742.825785,657436.500,38738,2,EL,1,100,-18895.800781
1752617742.892285,657503.000,38738,2,EL,1,100,-18896.000000
1752617742.959284,657570.000,38755,1,EL,1,100,-18896.599609
1752617743.025784,657636.500,38771,2,EL,1,100,-18896.199219
1752617743.092284,657703.000,38771,2,EL,1,100,-18896.400391
1752617743.159284,657770.000,38788,1,EL,1,100,-18896.400391
1752617743.225783,657836.500,38803,2,EL,1,100,-18896.199219
1752617743.292283,657903.000,38803,2,EL,1,100,-18896.199219
1752617743.359283,657970.000,38820,1,EL,1,100,-18896.400391
1752617743.425783,658036.500,38836,2,EL,1,100,-18896.400391
1752617743.492283,658103.000,38836,2,EL,1,100,-18896.400391
1752617743.559282,658170.000,38854,1,EL,1,100,-18896.599609
1752617743.625782,658236.500,38868,2,EL,1,100,-18896.599609
1752617743.692282,658303.000,38868,2,EL,1,100,-18896.199219
1752617743.759282,658370.000,38885,1,EL,1,100,-18896.400391
1752617743.825781,658436.500,38902,2,EL,1,100,-18896.400391
1752617743.892281,658503.000,38902,2,EL,1,100,-18896.199219
1752617743.959281,658570.000,38919,1,EL,1,100,-18896.400391
1752617744.025781,658636.500,38933,2,EL,1,100,-18896.400391
1752617744.092280,658703.000,38933,2,EL,1,100,-18896.400391
1752617744.159280,658770.000,38950,1,EL,1,100,-18896.199219
1752617744.225780,658836.500,38967,2,EL,1,100,-18896.400391
1752617744.292280,658903.000,38967,2,EL,1,100,-18896.599609
1752617744.359280,658970.000,38984,1,EL,1,100,-18896.400391
1752617744.425779,659036.500,38998,2,EL,1,100,-18896.400391
1752617744.492279,659103.000,38998,2,EL,1,100,-18896.199219
1752617744.559279,659170.000,39016,1,EL,1,100,-18896.599609
1752617744.625779,659236.500,39032,2,EL,1,100,-18896.400391
1752617744.692278,659303.000,39032,2,EL,1,100,-18896.400391
1752617744.759278,659370.000,39049,1,EL,1,100,-18896.400391
1752617744.825778,659436.500,39065,2,EL,1,100,-18896.400391
1752617744.892278,659503.000,39065,2,EL,1,100,-18896.400391
1752617744.959277,659570.000,39081,1,EL,1,100,-18896.400391
1752617745.025777,659636.500,39097,2,EL,1,100,-18896.400391
1752617745.092277,659703.000,39097,2,EL,1,100,-18896.400391
1752617745.158777,659769.500,39115,2,EL,1,100,-18896.400391
1752617745.225276,659836.000,39115,2,EL,1,100,-18896.599609
1752617745.292276,659903.000,39131,1,EL,1,100,-18896.400391
1752617745.358776,659969.500,39146,2,EL,1,100,-18896.800781
1752617745.425276,660036.000,39146,2,EL,1,100,-18896.800781
1752617745.492276,660103.000,39162,1,EL,1,100,-18897.000000
1752617745.558775,660169.500,39180,2,EL,1,100,-18897.199219
1752617745.625275,660236.000,39180,2,EL,1,100,-18897.199219
1752617745.692275,660303.000,39196,1,EL,1,100,-18896.800781
1752617745.758775,660369.500,39211,2,EL,1,100,-18897.000000
1752617745.825274,660436.000,39211,2,EL,1,100,-18897.000000
1752617745.892274,660503.000,39228,1,EL,1,100,-18897.000000
1752617745.958774,660569.500,39245,2,EL,1,100,-18897.000000
1752617746.025274,660636.000,39245,2,EL,1,100,-18896.800781
1752617746.092273,660703.000,39261,1,EL,1,100,-18896.599609
1752617746.158773,660769.500,39277,2,EL,1,100,-18897.000000
1752617746.225273,660836.000,39277,2,EL,1,100,-18897.000000
1752617746.292273,660903.000,39293,1,EL,1,100,-18897.199219
1752617746.358773,660969.500,39310,2,EL,1,100,-18897.400391
1752617746.425272,661036.000,39310,2,EL,1,100,-18897.400391
1752617746.492272,661103.000,39326,1,EL,1,100,-18897.599609
1752617746.558772,661169.500,39342,2,EL,1,100,-18898.000000
1752617746.625272,661236.000,39342,2,EL,1,100,-18897.800781
1752617746.692271,661303.000,39358,1,EL,1,100,-18898.000000
1752617746.758771,661369.500,39375,2,EL,1,100,-18898.000000
1752617746.825271,661436.000,39375,2,EL,1,100,-18897.599609
1752617746.892271,661503.000,39392,1,EL,1,100,-18897.800781
1752617746.958770,661569.500,39407,2,EL,1,100,-18897.800781
1752617747.025270,661636.000,39407,2,EL,1,100,-18897.800781
1752617747.092270,661703.000,39423,1,EL,1,100,-18898.000000
1752617747.158770,661769.500,39441,2,EL,1,100,-18898.000000
1752617747.225269,661836.000,39441,2,EL,1,100,-18897.599609
1752617747.292269,661903.000,39459,1,EL,1,100,-18898.000000
1752617747.358769,661969.500,39475,2,EL,1,100,-18898.199219
1752617747.425269,662036.000,39475,2,EL,1,100,-18898.400391
1752617747.491769,662102.500,39491,2,EL,1,100,-18898.000000
1752617747.558268,662169.000,39491,2,EL,1,100,-18898.400391
1752617747.625268,662236.000,39508,1,EL,1,100,-18898.199219
1752617747.691768,662302.500,39526,2,EL,1,100,-18898.199219
1752617747.758268,662369.000,39526,2,EL,1,100,-18898.199219
1752617747.825267,662436.000,39543,1,EL,1,100,-18898.400391
1752617747.891767,662502.500,39558,2,EL,1,100,-18898.400391
1752617747.958267,662569.000,39558,2,EL,1,100,-18898.400391
1752617748.025267,662636.000,39575,1,EL,1,100,-18898.400391
1752617748.091766,662702.500,39591,2,EL,1,100,-18898.400391
1752617748.158266,662769.000,39591,2,EL,1,100,-18898.599609
1752617748.225266,662836.000,39609,1,EL,1,100,-18898.599609
1752617748.291766,662902.500,39623,2,EL,1,100,-18898.599609
1752617748.358266,662969.000,39623,2,EL,1,100,-18898.400391
1752617748.425265,663036.000,39642,1,EL,1,100,-18898.800781
1752617748.491765,663102.500,39659,2,EL,1,100,-18898.400391
1752617748.558265,663169.000,39659,2,EL,1,100,-18898.400391
1752617748.625265,663236.000,39676,1,EL,1,100,-18898.599609
1752617748.691764,663302.500,39690,2,EL,1,100,-18898.599609
1752617748.758264,663369.000,39690,2,EL,1,100,-18898.599609
1752617748.825264,663436.000,39707,1,EL,1,100,-18899.000000
1752617748.891764,663502.500,39724,2,EL,1,100,-18898.800781
1752617748.958263,663569.000,39724,2,EL,1,100,-18898.599609
1752617749.025263,663636.000,39741,1,EL,1,100,-18899.000000
1752617749.091763,663702.500,39755,2,EL,1,100,-18899.199219
1752617749.158263,663769.000,39755,2,EL,1,100,-18898.800781
1752617749.225262,663836.000,39773,1,EL,1,100,-18899.199219
1752617749.291762,663902.500,39789,2,EL,1,100,-18899.400391
1752617749.358262,663969.000,39789,2,EL,1,100,-18899.400391
1752617749.425262,664036.000,39806,1,EL,1,100,-18899.000000
1752617749.491762,664102.500,39821,2,EL,1,100,-18899.199219
1752617749.558261,664169.000,39821,2,EL,1,100,-18899.199219
1752617749.625261,664236.000,39838,1,EL,1,100,-18899.599609
1752617749.691761,664302.500,39854,2,EL,1,100,-18899.599609
1752617749.758261,664369.000,39854,2,EL,1,100,-18899.599609
1752617749.825260,664436.000,39871,1,EL,1,100,-18899.400391
1752617749.891760,664502.500,39887,2,EL,1,100,-18899.599609
1752617749.958260,664569.000,39887,2,EL,1,100,-18899.199219
1752617750.024760,664635.500,39903,2,EL,1,100,-18899.599609
1752617750.091259,664702.000,39903,2,EL,1,100,-18899.400391
1752617750.158259,664769.000,39919,1,EL,1,100,-18899.400391
1752617750.224759,664835.500,39937,2,EL,1,100,-18900.199219
1752617750.291259,664902.000,39937,2,EL,1,100,-18900.000000
1752617750.358259,664969.000,39953,1,EL,1,100,-18899.800781
1752617750.424758,665035.500,39968,2,EL,1,100,-18899.800781
1752617750.491258,665102.000,39968,2,EL,1,100,-18900.000000
1752617750.558258,665169.000,39985,1,EL,1,100,-18899.599609
1752617750.624758,665235.500,40002,2,EL,1,100,-18900.000000
1752617750.691257,665302.000,40002,2,EL,1,100,-18900.000000
1752617750.758257,665369.000,40018,1,EL,1,100,-18900.199219
1752617750.824757,665435.500,40034,2,EL,1,100,-18899.800781
1752617750.891257,665502.000,40034,2,EL,1,100,-18900.000000
1752617750.958256,665569.000,40050,1,EL,1,100,-18900.599609
1752617751.024756,665635.500,40067,2,EL,1,100,-18900.199219
1752617751.091256,665702.000,40067,2,EL,1,100,-18900.199219
1752617751.158256,665769.000,40085,1,EL,1,100,-18900.400391
1752617751.224755,665835.500,40101,2,EL,1,100,-18900.599609
1752617751.291255,665902.000,40101,2,EL,1,100,-18900.199219
1752617751.358255,665969.000,40117,1,EL,1,100,-18900.000000
1752617751.424755,666035.500,40134,2,EL,1,100,-18900.199219
1752617751.491255,666102.000,40134,2,EL,1,100,-18900.400391
1752617751.558254,666169.000,40151,1,EL,1,100,-18900.000000
1752617751.624754,666235.500,40166,2,EL,1,100,-18900.599609
1752617751.691254,666302.000,40166,2,EL,1,100,-18900.800781
1752617751.758254,666369.000,40182,1,EL,1,100,-18900.400391
1752617751.824753,666435.500,40200,2,EL,1,100,-18900.199219
1752617751.891253,666502.000,40200,2,EL,1,100,-18900.599609
1752617751.958253,666569.000,40216,1,EL,1,100,-18900.400391
1752617752.024753,666635.500,40232,2,EL,1,100,-18900.599609
1752617752.091252,666702.000,40232,2,EL,1,100,-18900.400391
1752617752.158252,666769.000,40247,1,EL,1,100,-18901.000000
1752617752.224752,666835.500,40267,2,EL,1,100,-18901.000000
1752617752.291252,666902.000,40267,2,EL,1,100,-18901.000000
1752617752.357752,666968.500,40285,2,EL,1,100,-18901.000000
1752617752.424251,667035.000,40285,2,EL,1,100,-18901.000000
1752617752.491251,667102.000,40302,1,EL,1,100,-18900.599609
1752617752.557751,667168.500,40317,2,EL,1,100,-18901.199219
1752617752.624251,667235.000,40317,2,EL,1,100,-18900.599609
1752617752.691250,667302.000,40334,1,EL,1,100,-18901.199219
1752617752.757750,667368.500,40350,2,EL,1,100,-18901.199219
1752617752.824250,667435.000,40350,2,EL,1,100,-18901.199219
1752617752.891250,667502.000,40368,1,EL,1,100,-18901.199219
1752617752.957749,667568.500,40382,2,EL,1,100,-18901.199219
1752617753.024249,667635.000,40382,2,EL,1,100,-18901.400391
1752617753.091249,667702.000,40399,1,EL,1,100,-18900.800781
1752617753.157749,667768.500,40416,2,EL,1,100,-18901.199219
1752617753.224248,667835.000,40416,2,EL,1,100,-18901.199219
1752617753.291248,667902.000,40433,1,EL,1,100,-18901.000000
1752617753.357748,667968.500,40447,2,EL,1,100,-18901.199219
1752617753.424248,668035.000,40447,2,EL,1,100,-18901.400391
1752617753.491248,668102.000,40464,1,EL,1,100,-18900.800781
1752617753.557747,668168.500,40481,2,EL,1,100,-18901.400391
1752617753.624247,668235.000,40481,2,EL,1,100,-18901.400391
1752617753.691247,668302.000,40498,1,EL,1,100,-18901.400391
1752617753.757747,668368.500,40512,2,EL,1,100,-18901.400391
1752617753.824246,668435.000,40512,2,EL,1,100,-18901.400391
1752617753.891246,668502.000,40530,1,EL,1,100,-18901.400391
1752617753.957746,668568.500,40546,2,EL,1,100,-18901.599609
1752617754.024246,668635.000,40546,2,EL,1,100,-18901.599609
1752617754.091245,668702.000,40563,1,EL,1,100,-18902.000000
1752617754.157745,668768.500,40578,2,EL,1,100,-18902.000000
1752617754.224245,668835.000,40578,2,EL,1,100,-18901.400391
1752617754.291245,668902.000,40595,1,EL,1,100,-18901.400391
1752617754.357745,668968.500,40611,2,EL,1,100,-18902.400391
1752617754.424244,669035.000,40611,2,EL,1,100,-18901.599609
1752617754.491244,669102.000,40628,1,EL,1,100,-18901.599609
1752617754.557744,669168.500,40644,2,EL,1,100,-18902.199219
1752617754.624244,669235.000,40644,2,EL,1,100,-18902.000000
1752617754.691243,669302.000,40660,1,EL,1,100,-18902.199219
1752617754.757743,669368.500,40676,2,EL,1,100,-18902.199219
1752617754.824243,669435.000,40676,2,EL,1,100,-18902.000000
1752617754.891243,669502.000,40694,2,EL,1,100,-18901.599609
1752617754.958242,669569.000,40694,2,EL,1,100,-18902.000000
1752617755.024242,669635.000,40710,1,EL,1,100,-18902.199219
1752617755.090742,669701.500,40725,2,EL,1,100,-18902.000000
1752617755.157242,669768.000,40725,2,EL,1,100,-18902.400391
1752617755.224241,669835.000,40742,1,EL,1,100,-18901.800781
1752617755.290741,669901.500,40759,2,EL,1,100,-18902.000000
1752617755.357241,669968.000,40759,2,EL,1,100,-18901.800781
1752617755.424241,670035.000,40775,1,EL,1,100,-18902.000000
1752617755.490741,670101.500,40791,2,EL,1,100,-18902.199219
1752617755.557240,670168.000,40791,2,EL,1,100,-18902.000000
1752617755.624240,670235.000,40807,1,EL,1,100,-18901.800781
1752617755.690740,670301.500,40824,2,EL,1,100,-18902.199219
1752617755.757240,670368.000,40824,2,EL,1,100,-18902.400391
1752617755.824239,670435.000,40840,1,EL,1,100,-18901.800781
1752617755.890739,670501.500,40856,2,EL,1,100,-18902.199219
1752617755.957239,670568.000,40856,2,EL,1,100,-18902.199219
1752617756.024239,670635.000,40872,1,EL,1,100,-18902.400391
1752617756.090738,670701.500,40889,2,EL,1,100,-18902.199219
1752617756.157238,670768.000,40889,2,EL,1,100,-18902.199219
1752617756.224238,670835.000,40906,1,EL,1,100,-18902.199219
1752617756.290738,670901.500,40921,2,EL,1,100,-18902.199219
1752617756.357238,670968.000,40921,2,EL,1,100,-18902.400391
1752617756.424237,671035.000,40937,1,EL,1,100,-18902.800781
1752617756.490737,671101.500,40955,2,EL,1,100,-18902.599609
1752617756.557237,671168.000,40955,2,EL,1,100,-18902.800781
1752617756.624237,671235.000,40971,1,EL,1,100,-18902.800781
1752617756.690736,671301.500,40986,2,EL,1,100,-18903.000000
1752617756.757236,671368.000,40986,2,EL,1,100,-18902.800781
1752617756.824236,671435.000,41002,1,EL,1,100,-18903.000000
1752617756.890736,671501.500,41020,2,EL,1,100,-18903.000000
1752617756.957235,671568.000,41020,2,EL,1,100,-18903.000000
1752617757.024235,671635.000,41036,1,EL,1,100,-18902.800781
1752617757.090735,671701.500,41052,2,EL,1,100,-18903.000000
1752617757.157235,671768.000,41052,2,EL,1,100,-18903.000000
1752617757.224234,671835.000,41068,1,EL,1,100,-18902.800781
1752617757.290734,671901.500,41087,2,EL,1,100,-18903.000000
1752617757.357234,671968.000,41087,2,EL,1,100,-18903.400391
1752617757.424234,672035.000,41103,2,EL,1,100,-18902.800781
1752617757.491234,672102.000,41103,2,EL,1,100,-18903.000000
1752617757.557233,672168.000,41121,1,EL,1,100,-18903.000000
1752617757.624233,672235.000,41135,2,EL,1,100,-18903.000000
1752617757.691233,672302.000,41135,2,EL,1,100,-18903.000000
1752617757.757233,672368.000,41152,1,EL,1,100,-18903.199219
1752617757.824232,672435.000,41169,2,EL,1,100,-18903.400391
1752617757.891232,672502.000,41169,2,EL,1,100,-18903.000000
1752617757.957232,672568.000,41186,1,EL,1,100,-18903.000000
1752617758.023732,672634.500,41200,2,EL,1,100,-18903.199219
1752617758.090231,672701.000,41200,2,EL,1,100,-18903.000000
1752617758.157231,672768.000,41217,1,EL,1,100,-18903.199219
1752617758.223731,672834.500,41234,2,EL,1,100,-18903.400391
1752617758.290231,672901.000,41234,2,EL,1,100,-18903.199219
1752617758.357231,672968.000,41251,1,EL,1,100,-18903.400391
1752617758.423730,673034.500,41267,2,EL,1,100,-18903.400391
1752617758.490230,673101.000,41267,2,EL,1,100,-18903.599609
1752617758.557230,673168.000,41285,1,EL,1,100,-18903.599609
1752617758.623730,673234.500,41301,2,EL,1,100,-18903.800781
1752617758.690229,673301.000,41301,2,EL,1,100,-18903.800781
1752617758.757229,673368.000,41318,1,EL,1,100,-18903.599609
1752617758.823729,673434.500,41333,2,EL,1,100,-18903.800781
1752617758.890229,673501.000,41333,2,EL,1,100,-18903.800781
1752617758.957228,673568.000,41350,1,EL,1,100,-18903.800781
1752617759.023728,673634.500,41366,2,EL,1,100,-18903.800781
1752617759.090228,673701.000,41366,2,EL,1,100,-18904.000000
1752617759.157228,673768.000,41383,1,EL,1,100,-18904.599609
1752617759.223728,673834.500,41398,2,EL,1,100,-18904.199219
1752617759.290227,673901.000,41398,2,EL,1,100,-18904.400391
1752617759.357227,673968.000,41417,1,EL,1,100,-18904.400391
1752617759.423727,674034.500,41433,2,EL,1,100,-18904.400391
1752617759.490227,674101.000,41433,2,EL,1,100,-18904.599609
1752617759.557226,674168.000,41451,1,EL,1,100,-18904.599609
1752617759.623726,674234.500,41466,2,EL,1,100,-18904.800781
1752617759.690226,674301.000,41466,2,EL,1,100,-18904.599609
1752617759.757226,674368.000,41482,1,EL,1,100,-18904.599609
1752617759.823725,674434.500,41499,2,EL,1,100,-18904.599609
1752617759.890225,674501.000,41499,2,EL,1,100,-18904.599609
1752617759.957225,674568.000,41516,2,EL,1,100,-18904.800781
1752617760.024225,674635.000,41516,2,EL,1,100,-18904.800781
1752617760.090224,674701.000,41532,1,EL,1,100,-18904.599609
1752617760.157224,674768.000,41548,2,EL,1,100,-18905.000000
1752617760.224224,674835.000,41548,2,EL,1,100,-18904.800781
1752617760.290224,674901.000,41564,1,EL,1,100,-18904.599609
1752617760.357224,674968.000,41581,2,EL,1,100,-18904.800781
1752617760.424223,675035.000,41581,2,EL,1,100,-18905.000000
1752617760.490223,675101.000,41597,1,EL,1,100,-18904.800781
1752617760.557223,675168.000,41613,2,EL,1,100,-18905.000000
1752617760.624223,675235.000,41613,2,EL,1,100,-18905.000000
1752617760.690222,675301.000,41629,1,EL,1,100,-18904.800781
1752617760.757222,675368.000,41646,2,EL,1,100,-18905.599609
1752617760.824222,675435.000,41646,2,EL,1,100,-18905.599609
1752617760.890222,675501.000,41663,1,EL,1,100,-18905.199219
1752617760.957221,675568.000,41678,2,EL,1,100,-18904.800781
1752617761.024221,675635.000,41678,2,EL,1,100,-18904.800781
1752617761.090221,675701.000,41694,1,EL,1,100,-18905.199219
1752617761.157221,675768.000,41712,2,EL,1,100,-18905.199219
1752617761.224221,675835.000,41712,2,EL,1,100,-18905.400391
1752617761.290220,675901.000,41730,1,EL,1,100,-18905.000000
1752617761.356720,675967.500,41745,2,EL,1,100,-18904.800781
1752617761.423220,676034.000,41745,2,EL,1,100,-18905.400391
1752617761.490220,676101.000,41761,1,EL,1,100,-18905.599609
1752617761.556719,676167.500,41779,2,EL,1,100,-18905.599609
1752617761.623219,676234.000,41779,2,EL,1,100,-18905.400391
1752617761.690219,676301.000,41795,1,EL,1,100,-18905.599609
1752617761.756719,676367.500,41810,2,EL,1,100,-18905.800781
1752617761.823218,676434.000,41810,2,EL,1,100,-18905.800781
1752617761.890218,676501.000,41827,1,EL,1,100,-18905.599609
1752617761.957218,676568.000,41844,2,EL,1,100,-18905.599609
1752617762.024218,676635.000,41844,2,EL,1,100,-18906.599609
1752617762.090217,676701.000,41860,1,EL,1,100,-18905.800781
1752617762.156717,676767.500,41877,2,EL,1,100,-18905.599609
1752617762.223217,676834.000,41877,2,EL,1,100,-18905.800781
1752617762.290217,676901.000,41894,2,EL,1,100,-18905.599609
1752617762.357217,676968.000,41894,2,EL,1,100,-18905.800781
1752617762.423216,677034.000,41911,1,EL,1,100,-18905.800781
1752617762.490216,677101.000,41928,2,EL,1,100,-18906.199219
1752617762.557216,677168.000,41928,2,EL,1,100,-18905.800781
1752617762.623216,677234.000,41945,1,EL,1,100,-18905.599609
1752617762.690215,677301.000,41959,2,EL,1,100,-18906.000000
1752617762.757215,677368.000,41959,2,EL,1,100,-18906.000000
1752617762.823215,677434.000,41976,1,EL,1,100,-18906.400391
1752617762.890215,677501.000,41993,2,EL,1,100,-18906.400391
1752617762.957214,677568.000,41993,2,EL,1,100,-18906.000000
1752617763.023214,677634.000,42010,1,EL,1,100,-18906.599609
1752617763.090214,677701.000,42024,2,EL,1,100,-18906.400391
1752617763.157214,677768.000,42024,2,EL,1,100,-18906.599609
1752617763.223214,677834.000,42042,1,EL,1,100,-18906.400391
1752617763.289880,677900.667,42059,3,EL,1,100,-18906.599609
1752617763.356546,677967.333,42059,3,EL,1,100,-18905.800781
1752617763.423213,678034.000,42059,3,EL,1,100,-18905.800781
1752617763.489879,678100.667,42077,6,EL,1,100,-18906.599609
1752617763.556546,678167.333,42077,6,EL,1,100,-18906.000000
1752617763.623212,678234.000,42077,6,EL,1,100,-18906.599609
1752617763.689879,678300.667,42077,6,EL,1,100,-18906.199219
1752617763.756545,678367.333,42077,6,EL,1,100,-18906.000000
1752617763.823211,678434.000,42077,6,EL,1,100,-18906.400391
1752617763.890211,678501.000,42094,1,EL,1,100,-18906.599609
1752617763.956711,678567.500,42111,2,EL,1,100,-18906.400391
1752617764.023211,678634.000,42111,2,EL,1,100,-18906.599609
1752617764.090210,678701.000,42127,1,EL,1,100,-18906.599609
1752617764.156710,678767.500,42143,2,EL,1,100,-18906.599609
1752617764.223210,678834.000,42143,2,EL,1,100,-18906.599609
1752617764.290210,678901.000,42159,1,EL,1,100,-18906.599609
1752617764.356710,678967.500,42176,2,EL,1,100,-18906.599609
1752617764.423209,679034.000,42176,2,EL,1,100,-18906.800781
1752617764.490209,679101.000,42192,1,EL,1,100,-18906.599609
1752617764.556709,679167.500,42209,2,EL,1,100,-18907.000000
1752617764.623209,679234.000,42209,2,EL,1,100,-18906.599609
1752617764.690208,679301.000,42224,1,EL,1,100,-18906.599609
1752617764.756708,679367.500,42241,2,EL,1,100,-18906.800781
1752617764.823208,679434.000,42241,2,EL,1,100,-18907.000000
1752617764.890208,679501.000,42258,1,EL,1,100,-18906.800781
1752617764.956707,679567.500,42274,2,EL,1,100,-18906.599609
1752617765.023207,679634.000,42274,2,EL,1,100,-18906.800781
1752617765.089707,679700.500,42289,2,EL,1,100,-18906.800781
1752617765.156207,679767.000,42289,2,EL,1,100,-18906.599609
1752617765.223207,679834.000,42307,1,EL,1,100,-18906.599609
1752617765.289706,679900.500,42323,2,EL,1,100,-18906.800781
1752617765.356206,679967.000,42323,2,EL,1,100,-18906.599609
1752617765.423206,680034.000,42340,1,EL,1,100,-18906.800781
1752617765.489706,680100.500,42355,2,EL,1,100,-18906.599609
1752617765.556205,680167.000,42355,2,EL,1,100,-18906.800781
1752617765.623205,680234.000,42372,1,EL,1,100,-18906.800781
1752617765.689705,680300.500,42388,2,EL,1,100,-18906.800781
1752617765.756205,680367.000,42388,2,EL,1,100,-18906.800781
1752617765.823204,680434.000,42405,1,EL,1,100,-18907.199219
1752617765.889704,680500.500,42420,2,EL,1,100,-18907.199219
1752617765.956204,680567.000,42420,2,EL,1,100,-18907.000000
1752617766.023204,680634.000,42437,1,EL,1,100,-18907.199219
1752617766.089703,680700.500,42453,2,EL,1,100,-18907.599609
1752617766.156203,680767.000,42453,2,EL,1,100,-18907.400391
1752617766.223203,680834.000,42471,1,EL,1,100,-18907.400391
1752617766.289703,680900.500,42485,2,EL,1,100,-18907.599609
1752617766.356203,680967.000,42485,2,EL,1,100,-18907.599609
1752617766.423202,681034.000,42502,1,EL,1,100,-18907.599609
1752617766.489702,681100.500,42519,2,EL,1,100,-18907.400391
1752617766.556202,681167.000,42519,2,EL,1,100,-18907.599609
1752617766.623202,681234.000,42536,1,EL,1,100,-18907.599609
1752617766.689701,681300.500,42550,2,EL,1,100,-18907.599609
1752617766.756201,681367.000,42550,2,EL,1,100,-18907.400391
1752617766.823201,681434.000,42567,1,EL,1,100,-18907.599609
1752617766.889701,681500.500,42584,2,EL,1,100,-18907.400391
1752617766.956200,681567.000,42584,2,EL,1,100,-18907.800781
1752617767.023200,681634.000,42601,1,EL,1,100,-18907.599609
1752617767.089700,681700.500,42616,2,EL,1,100,-18907.599609
1752617767.156200,681767.000,42616,2,EL,1,100,-18908.000000
1752617767.223200,681834.000,42633,1,EL,1,100,-18908.000000
1752617767.289699,681900.500,42651,2,EL,1,100,-18908.000000
1752617767.356199,681967.000,42651,2,EL,1,100,-18907.800781
1752617767.423199,682034.000,42668,1,EL,1,100,-18907.800781
1752617767.489699,682100.500,42684,2,EL,1,100,-18908.000000
1752617767.556198,682167.000,42684,2,EL,1,100,-18908.400391
1752617767.623198,682234.000,42700,2,EL,1,100,-18908.199219
1752617767.690198,682301.000,42700,2,EL,1,100,-18908.400391
1752617767.756198,682367.000,42716,1,EL,1,100,-18908.000000
1752617767.823197,682434.000,42734,2,EL,1,100,-18908.199219
1752617767.890197,682501.000,42734,2,EL,1,100,-18908.599609
1752617767.956197,682567.000,42750,1,EL,1,100,-18908.599609
1752617768.022697,682633.500,42765,2,EL,1,100,-18908.800781
1752617768.089196,682700.000,42765,2,EL,1,100,-18908.599609
1752617768.156196,682767.000,42781,1,EL,1,100,-18908.400391
1752617768.222696,682833.500,42799,2,EL,1,100,-18908.599609
1752617768.289196,682900.000,42799,2,EL,1,100,-18908.599609
1752617768.356196,682967.000,42815,1,EL,1,100,-18908.400391
1752617768.422695,683033.500,42830,2,EL,1,100,-18908.800781
1752617768.489195,683100.000,42830,2,EL,1,100,-18908.599609
1752617768.556195,683167.000,42847,1,EL,1,100,-18908.800781
1752617768.622695,683233.500,42864,2,EL,1,100,-18908.599609
1752617768.689194,683300.000,42864,2,EL,1,100,-18909.000000
1752617768.756194,683367.000,42880,1,EL,1,100,-18909.199219
1752617768.822694,683433.500,42896,2,EL,1,100,-18909.199219
1752617768.889194,683500.000,42896,2,EL,1,100,-18909.199219
1752617768.956193,683567.000,42912,1,EL,1,100,-18909.000000
1752617769.022693,683633.500,42929,2,EL,1,100,-18909.400391
1752617769.089193,683700.000,42929,2,EL,1,100,-18909.400391
1752617769.156193,683767.000,42945,1,EL,1,100,-18909.599609
1752617769.222693,683833.500,42961,2,EL,1,100,-18909.199219
1752617769.289192,683900.000,42961,2,EL,1,100,-18909.599609
1752617769.356192,683967.000,42979,1,EL,1,100,-18909.599609
1752617769.422692,684033.500,42996,2,EL,1,100,-18909.400391
1752617769.489192,684100.000,42996,2,EL,1,100,-18909.800781
1752617769.556191,684167.000,43013,1,EL,1,100,-18909.800781
1752617769.622691,684233.500,43029,2,EL,1,100,-18910.199219
1752617769.689191,684300.000,43029,2,EL,1,100,-18910.400391
1752617769.756191,684367.000,43044,1,EL,1,100,-18910.000000
1752617769.822690,684433.500,43062,2,EL,1,100,-18910.400391
1752617769.889190,684500.000,43062,2,EL,1,100,-18910.199219
1752617769.956190,684567.000,43078,2,EL,1,100,-18910.199219
1752617770.023190,684634.000,43078,2,EL,1,100,-18910.199219
1752617770.089189,684700.000,43097,1,EL,1,100,-18910.199219
1752617770.156189,684767.000,43112,2,EL,1,100,-18910.400391
1752617770.223189,684834.000,43112,2,EL,1,100,-18910.199219
1752617770.289189,684900.000,43129,1,EL,1,100,-18910.199219
1752617770.356189,684967.000,43145,2,EL,1,100,-18910.199219
1752617770.423188,685034.000,43145,2,EL,1,100,-18910.599609
1752617770.489188,685100.000,43162,1,EL,1,100,-18910.400391
1752617770.556188,685167.000,43177,2,EL,1,100,-18910.800781
1752617770.623188,685234.000,43177,2,EL,1,100,-18910.400391
1752617770.689187,685300.000,43194,1,EL,1,100,-18910.800781
1752617770.756187,685367.000,43212,2,EL,1,100,-18911.000000
1752617770.823187,685434.000,43212,2,EL,1,100,-18910.400391
1752617770.889187,685500.000,43230,1,EL,1,100,-18910.800781
1752617770.956186,685567.000,43244,2,EL,1,100,-18911.000000
1752617771.023186,685634.000,43244,2,EL,1,100,-18910.800781
1752617771.089186,685700.000,43261,1,EL,1,100,-18910.800781
1752617771.156186,685767.000,43278,2,EL,1,100,-18910.599609
1752617771.223186,685834.000,43278,2,EL,1,100,-18910.400391
1752617771.289185,685900.000,43295,1,EL,1,100,-18910.800781
1752617771.355685,685966.500,43309,2,EL,1,100,-18910.800781
1752617771.422185,686033.000,43309,2,EL,1,100,-18910.800781
1752617771.489185,686100.000,43326,1,EL,1,100,-18910.800781
1752617771.555684,686166.500,43343,2,EL,1,100,-18910.800781
1752617771.622184,686233.000,43343,2,EL,1,100,-18910.400391
1752617771.689184,686300.000,43360,1,EL,1,100,-18910.599609
1752617771.755684,686366.500,43375,2,EL,1,100,-18910.800781
1752617771.822183,686433.000,43375,2,EL,1,100,-18910.400391
1752617771.889183,686500.000,43392,1,EL,1,100,-18910.599609
1752617771.955683,686566.500,43408,2,EL,1,100,-18910.599609
1752617772.022183,686633.000,43408,2,EL,1,100,-18910.599609
1752617772.089182,686700.000,43425,2,EL,1,100,-18910.599609
1752617772.156182,686767.000,43425,2,EL,1,100,-18910.400391
1752617772.222182,686833.000,43442,1,EL,1,100,-18910.400391
1752617772.289182,686900.000,43461,2,EL,1,100,-18910.599609
1752617772.356182,686967.000,43461,2,EL,1,100,-18910.400391
1752617772.422181,687033.000,43477,1,EL,1,100,-18910.599609
1752617772.489181,687100.000,43495,2,EL,1,100,-18910.599609
1752617772.556181,687167.000,43495,2,EL,1,100,-18910.400391
1752617772.622181,687233.000,43511,1,EL,1,100,-18910.400391
1752617772.689180,687300.000,43526,2,EL,1,100,-18910.599609
1752617772.756180,687367.000,43526,2,EL,1,100,-18911.199219
1752617772.822180,687433.000,43542,1,EL,1,100,-18911.000000
1752617772.889180,687500.000,43560,2,EL,1,100,-18911.400391
1752617772.956179,687567.000,43560,2,EL,1,100,-18911.199219
1752617773.022179,687633.000,43576,1,EL,1,100,-18911.400391
1752617773.089179,687700.000,43593,2,EL,1,100,-18911.400391
1752617773.156179,687767.000,43593,2,EL,1,100,-18911.599609
1752617773.222179,687833.000,43610,1,EL,1,100,-18911.000000
1752617773.289178,687900.000,43627,2,EL,1,100,-18911.199219
1752617773.356178,687967.000,43627,2,EL,1,100,-18911.400391
1752617773.422178,688033.000,43643,1,EL,1,100,-18911.400391
1752617773.489178,688100.000,43659,2,EL,1,100,-18911.599609
1752617773.556177,688167.000,43659,2,EL,1,100,-18911.400391
1752617773.622177,688233.000,43675,1,EL,1,100,-18911.400391
1752617773.689177,688300.000,43692,2,EL,1,100,-18911.599609
1752617773.756177,688367.000,43692,2,EL,1,100,-18911.400391
1752617773.822176,688433.000,43708,1,EL,1,100,-18911.599609
1752617773.889176,688500.000,43724,2,EL,1,100,-18911.400391
1752617773.956176,688567.000,43724,2,EL,1,100,-18911.199219
1752617774.022176,688633.000,43740,1,EL,1,100,-18911.400391
1752617774.089176,688700.000,43757,2,EL,1,100,-18911.400391
1752617774.156175,688767.000,43757,2,EL,1,100,-18911.400391
1752617774.222175,688833.000,43774,1,EL,1,100,-18911.199219
1752617774.289175,688900.000,43790,2,EL,1,100,-18911.400391
1752617774.356175,688967.000,43790,2,EL,1,100,-18911.400391
1752617774.422674,689033.500,43805,2,EL,1,100,-18911.400391
1752617774.489174,689100.000,43805,2,EL,1,100,-18911.400391
1752617774.556174,689167.000,43823,1,EL,1,100,-18911.400391
1752617774.622674,689233.500,43841,2,EL,1,100,-18911.400391
1752617774.689173,689300.000,43841,2,EL,1,100,-18911.400391
1752617774.755173,689366.000,43858,1,EL,1,100,-18911.000000
1752617774.822173,689433.000,43873,2,EL,1,100,-18911.400391
1752617774.889173,689500.000,43873,2,EL,1,100,-18911.199219
1752617774.955172,689566.000,43890,1,EL,1,100,-18911.400391
1752617775.022172,689633.000,43906,2,EL,1,100,-18911.400391
1752617775.089172,689700.000,43906,2,EL,1,100,-18911.199219
1752617775.155172,689766.000,43923,1,EL,1,100,-18911.400391
1752617775.222172,689833.000,43940,2,EL,1,100,-18911.199219
1752617775.289171,689900.000,43940,2,EL,1,100,-18911.400391
1752617775.355171,689966.000,43957,1,EL,1,100,-18911.400391
1752617775.422171,690033.000,43973,2,EL,1,100,-18911.199219
1752617775.489171,690100.000,43973,2,EL,1,100,-18911.199219
1752617775.555170,690166.000,43991,1,EL,1,100,-18910.599609
1752617775.622170,690233.000,44005,2,EL,1,100,-18911.400391
1752617775.689170,690300.000,44005,2,EL,1,100,-18911.000000
1752617775.755170,690366.000,44022,1,EL,1,100,-18911.199219
1752617775.822169,690433.000,44039,2,EL,1,100,-18911.000000
1752617775.889169,690500.000,44039,2,EL,1,100,-18910.800781
1752617775.955169,690566.000,44056,1,EL,1,100,-18911.199219
1752617776.022169,690633.000,44070,2,EL,1,100,-18911.199219
1752617776.089169,690700.000,44070,2,EL,1,100,-18911.000000
1752617776.155168,690766.000,44087,1,EL,1,100,-18910.800781
1752617776.222168,690833.000,44104,2,EL,1,100,-18911.199219
1752617776.289168,690900.000,44104,2,EL,1,100,-18911.199219
1752617776.355168,690966.000,44121,1,EL,1,100,-18911.400391
1752617776.422167,691033.000,44138,2,EL,1,100,-18911.199219
1752617776.489167,691100.000,44138,2,EL,1,100,-18911.199219
1752617776.555167,691166.000,44155,1,EL,1,100,-18911.400391
1752617776.622167,691233.000,44171,2,EL,1,100,-18911.400391
1752617776.689166,691300.000,44171,2,EL,1,100,-18911.199219
1752617776.755166,691366.000,44188,1,EL,1,100,-18911.199219
1752617776.822166,691433.000,44204,2,EL,1,100,-18911.199219
1752617776.889166,691500.000,44204,2,EL,1,100,-18911.199219
1752617776.955665,691566.500,44220,2,EL,1,100,-18911.199219
1752617777.022165,691633.000,44220,2,EL,1,100,-18911.199219
1752617777.089165,691700.000,44236,1,EL,1,100,-18911.400391
1752617777.155665,691766.500,44254,2,EL,1,100,-18911.400391
1752617777.222165,691833.000,44254,2,EL,1,100,-18911.400391
1752617777.289164,691900.000,44272,1,EL,1,100,-18911.400391
1752617777.355664,691966.500,44287,2,EL,1,100,-18911.400391
1752617777.422164,692033.000,44287,2,EL,1,100,-18911.400391
1752617777.489164,692100.000,44303,1,EL,1,100,-18911.400391
1752617777.555663,692166.500,44321,2,EL,1,100,-18911.400391
1752617777.622163,692233.000,44321,2,EL,1,100,-18911.599609
1752617777.689163,692300.000,44337,1,EL,1,100,-18911.400391
1752617777.755663,692366.500,44352,2,EL,1,100,-18911.400391
1752617777.822162,692433.000,44352,2,EL,1,100,-18911.400391
1752617777.889162,692500.000,44371,1,EL,1,100,-18911.400391
1752617777.955662,692566.500,44388,2,EL,1,100,-18911.400391
1752617778.022162,692633.000,44388,2,EL,1,100,-18911.400391
1752617778.088162,692699.000,44404,1,EL,1,100,-18911.400391
1752617778.155161,692766.000,44420,2,EL,1,100,-18911.400391
1752617778.222161,692833.000,44420,2,EL,1,100,-18911.199219
1752617778.288161,692899.000,44436,1,EL,1,100,-18911.400391
1752617778.355161,692966.000,44453,2,EL,1,100,-18911.400391
1752617778.422160,693033.000,44453,2,EL,1,100,-18911.800781
1752617778.488160,693099.000,44469,1,EL,1,100,-18911.400391
1752617778.555160,693166.000,44485,2,EL,1,100,-18911.599609
1752617778.622160,693233.000,44485,2,EL,1,100,-18911.400391
1752617778.688159,693299.000,44501,1,EL,1,100,-18911.599609
1752617778.755159,693366.000,44518,2,EL,1,100,-18911.400391
1752617778.822159,693433.000,44518,2,EL,1,100,-18912.000000
1752617778.888159,693499.000,44535,1,EL,1,100,-18911.800781
1752617778.955158,693566.000,44551,2,EL,1,100,-18912.400391
1752617779.022158,693633.000,44551,2,EL,1,100,-18912.400391
1752617779.088158,693699.000,44566,1,EL,1,100,-18912.199219
1752617779.155158,693766.000,44584,2,EL,1,100,-18912.199219
1752617779.222158,693833.000,44584,2,EL,1,100,-18912.400391
1752617779.288157,693899.000,44600,1,EL,1,100,-18912.199219
1752617779.355157,693966.000,44616,2,EL,1,100,-18912.199219
1752617779.422157,694033.000,44616,2,EL,1,100,-18911.599609
1752617779.488657,694099.500,44632,2,EL,1,100,-18911.800781
1752617779.555156,694166.000,44632,2,EL,1,100,-18912.000000
1752617779.622156,694233.000,44649,1,EL,1,100,-18912.199219
1752617779.688656,694299.500,44665,2,EL,1,100,-18911.800781
1752617779.755156,694366.000,44665,2,EL,1,100,-18912.000000
1752617779.822155,694433.000,44682,1,EL,1,100,-18912.000000
1752617779.888655,694499.500,44699,2,EL,1,100,-18911.800781
1752617779.955155,694566.000,44699,2,EL,1,100,-18912.000000
1752617780.022155,694633.000,44716,1,EL,1,100,-18911.800781
1752617780.088655,694699.500,44732,2,EL,1,100,-18912.000000
1752617780.155154,694766.000,44732,2,EL,1,100,-18911.800781
1752617780.222154,694833.000,44750,1,EL,1,100,-18912.000000
1752617780.288654,694899.500,44764,2,EL,1,100,-18912.199219
1752617780.355154,694966.000,44764,2,EL,1,100,-18912.199219
1752617780.422153,695033.000,44781,1,EL,1,100,-18912.000000
1752617780.488653,695099.500,44798,2,EL,1,100,-18912.199219
1752617780.555153,695166.000,44798,2,EL,1,100,-18912.599609
1752617780.622153,695233.000,44815,1,EL,1,100,-18912.400391
1752617780.688652,695299.500,44829,2,EL,1,100,-18912.199219
1752617780.755152,695366.000,44829,2,EL,1,100,-18912.199219
1752617780.822152,695433.000,44846,1,EL,1,100,-18912.199219
1752617780.888652,695499.500,44863,2,EL,1,100,-18912.199219
1752617780.955151,695566.000,44863,2,EL,1,100,-18912.599609
1752617781.022151,695633.000,44880,1,EL,1,100,-18912.599609
1752617781.088651,695699.500,44896,2,EL,1,100,-18912.800781
1752617781.155151,695766.000,44896,2,EL,1,100,-18912.400391
1752617781.222151,695833.000,44914,1,EL,1,100,-18912.599609
1752617781.288650,695899.500,44930,2,EL,1,100,-18912.599609
1752617781.355150,695966.000,44930,2,EL,1,100,-18913.199219
1752617781.422150,696033.000,44947,1,EL,1,100,-18913.000000
1752617781.488650,696099.500,44962,2,EL,1,100,-18913.000000
1752617781.555149,696166.000,44962,2,EL,1,100,-18913.000000
1752617781.622149,696233.000,44979,1,EL,1,100,-18912.800781
1752617781.688649,696299.500,44995,2,EL,1,100,-18913.199219
1752617781.755149,696366.000,44995,2,EL,1,100,-18913.199219
1752617781.822148,696433.000,45012,1,EL,1,100,-18913.199219
1752617781.888648,696499.500,45028,2,EL,1,100,-18913.400391
1752617781.955148,696566.000,45028,2,EL,1,100,-18913.599609
1752617782.021648,696632.500,45044,2,EL,1,100,-18913.800781
1752617782.088148,696699.000,45044,2,EL,1,100,-18913.599609
1752617782.155147,696766.000,45060,1,EL,1,100,-18913.599609
1752617782.221647,696832.500,45080,2,EL,1,100,-18913.800781
1752617782.288147,696899.000,45080,2,EL,1,100,-18913.199219
1752617782.355147,696966.000,45096,1,EL,1,100,-18913.599609
1752617782.421646,697032.500,45111,2,EL,1,100,-18913.800781
1752617782.488146,697099.000,45111,2,EL,1,100,-18914.000000
1752617782.555146,697166.000,45128,1,EL,1,100,-18913.800781
1752617782.621646,697232.500,45145,2,EL,1,100,-18913.800781
1752617782.688145,697299.000,45145,2,EL,1,100,-18913.800781
1752617782.755145,697366.000,45161,1,EL,1,100,-18913.800781
1752617782.821645,697432.500,45177,2,EL,1,100,-18914.000000
1752617782.888145,697499.000,45177,2,EL,1,100,-18914.199219
1752617782.955144,697566.000,45193,1,EL,1,100,-18914.000000
1752617783.021644,697632.500,45210,2,EL,1,100,-18914.000000
1752617783.088144,697699.000,45210,2,EL,1,100,-18913.800781
1752617783.155144,697766.000,45226,1,EL,1,100,-18913.800781
1752617783.221644,697832.500,45244,2,EL,1,100,-18914.400391
1752617783.288143,697899.000,45244,2,EL,1,100,-18914.199219
1752617783.355143,697966.000,45260,1,EL,1,100,-18913.599609
1752617783.421643,698032.500,45277,2,EL,1,100,-18914.000000
1752617783.488143,698099.000,45277,2,EL,1,100,-18914.000000
1752617783.555142,698166.000,45294,1,EL,1,100,-18914.000000
1752617783.621642,698232.500,45309,2,EL,1,100,-18913.800781
1752617783.688142,698299.000,45309,2,EL,1,100,-18913.800781
1752617783.755142,698366.000,45325,1,EL,1,100,-18913.800781
1752617783.821641,698432.500,45343,2,EL,1,100,-18913.599609
1752617783.888141,698499.000,45343,2,EL,1,100,-18913.599609
1752617783.955141,698566.000,45359,1,EL,1,100,-18913.599609
1752617784.021641,698632.500,45375,2,EL,1,100,-18913.400391
1752617784.088141,698699.000,45375,2,EL,1,100,-18913.400391
1752617784.155140,698766.000,45390,1,EL,1,100,-18913.599609
1752617784.221640,698832.500,45408,2,EL,1,100,-18913.599609
1752617784.288140,698899.000,45408,2,EL,1,100,-18913.599609
1752617784.355140,698966.000,45424,1,EL,1,100,-18914.599609
1752617784.421639,699032.500,45440,2,EL,1,100,-18914.000000
1752617784.488139,699099.000,45440,2,EL,1,100,-18913.599609
1752617784.554639,699165.500,45456,2,EL,1,100,-18913.800781
1752617784.621139,699232.000,45456,2,EL,1,100,-18914.000000
1752617784.688138,699299.000,45473,1,EL,1,100,-18914.000000
1752617784.754638,699365.500,45489,2,EL,1,100,-18914.199219
1752617784.821138,699432.000,45489,2,EL,1,100,-18913.199219
1752617784.888138,699499.000,45507,1,EL,1,100,-18914.199219
1752617784.954637,699565.500,45521,2,EL,1,100,-18913.800781
1752617785.021137,699632.000,45521,2,EL,1,100,-18913.199219
1752617785.088137,699699.000,45538,1,EL,1,100,-18913.599609
1752617785.154637,699765.500,45555,2,EL,1,100,-18914.199219
1752617785.221137,699832.000,45555,2,EL,1,100,-18915.199219
1752617785.288136,699899.000,45572,1,EL,1,100,-18914.800781
1752617785.354636,699965.500,45586,2,EL,1,100,-18912.800781
1752617785.421136,700032.000,45586,2,EL,1,100,-18914.400391
1752617785.488136,700099.000,45603,1,EL,1,100,-18915.800781
1752617785.554635,700165.500,45620,2,EL,1,100,-18913.199219
1752617785.621135,700232.000,45620,2,EL,1,100,-18913.199219
1752617785.688135,700299.000,45637,1,EL,1,100,-18914.400391
1752617785.754635,700365.500,45651,2,EL,1,100,-18914.599609
1752617785.821134,700432.000,45651,2,EL,1,100,-18915.199219
1752617785.888134,700499.000,45669,1,EL,1,100,-18914.000000
1752617785.954634,700565.500,45685,2,EL,1,100,-18913.800781
1752617786.021134,700632.000,45685,2,EL,1,100,-18915.800781
1752617786.088134,700699.000,45702,1,EL,1,100,-18912.199219
1752617786.154633,700765.500,45717,2,EL,1,100,-18913.400391
1752617786.221133,700832.000,45717,2,EL,1,100,-18915.199219
1752617786.288133,700899.000,45734,1,EL,1,100,-18916.199219
1752617786.354633,700965.500,45750,2,EL,1,100,-18916.599609
1752617786.421132,701032.000,45750,2,EL,1,100,-18915.599609
1752617786.488132,701099.000,45767,1,EL,1,100,-18914.599609
1752617786.554632,701165.500,45782,2,EL,1,100,-18916.599609
1752617786.621132,701232.000,45782,2,EL,1,100,-18916.000000
1752617786.688131,701299.000,45799,1,EL,1,100,-18914.199219
1752617786.754631,701365.500,45815,2,EL,1,100,-18915.199219
1752617786.821131,701432.000,45815,2,EL,1,100,-18915.599609
1752617786.888131,701499.000,45833,1,EL,1,100,-18916.000000
1752617786.954630,701565.500,45848,2,EL,1,100,-18916.000000
1752617787.021130,701632.000,45848,2,EL,1,100,-18915.599609
1752617787.087630,701698.500,45864,2,EL,1,100,-18915.599609
1752617787.154130,701765.000,45864,2,EL,1,100,-18916.199219
1752617787.221130,701832.000,45881,1,EL,1,100,-18915.599609
1752617787.287629,701898.500,45900,2,EL,1,100,-18915.800781
1752617787.354129,701965.000,45900,2,EL,1,100,-18916.599609
1752617787.421129,702032.000,45916,1,EL,1,100,-18916.599609
1752617787.487629,702098.500,45932,2,EL,1,100,-18916.400391
1752617787.554128,702165.000,45932,2,EL,1,100,-18916.000000
1752617787.621128,702232.000,45948,1,EL,1,100,-18916.000000
1752617787.687628,702298.500,45965,2,EL,1,100,-18916.599609
1752617787.754128,702365.000,45965,2,EL,1,100,-18916.599609
1752617787.821127,702432.000,45981,1,EL,1,100,-18916.000000
1752617787.887627,702498.500,45997,2,EL,1,100,-18916.400391
1752617787.954127,702565.000,45997,2,EL,1,100,-18916.400391
1752617788.021127,702632.000,46015,1,EL,1,100,-18916.400391
1752617788.087627,702698.500,46032,2,EL,1,100,-18916.599609
1752617788.154126,702765.000,46032,2,EL,1,100,-18916.199219
1752617788.221126,702832.000,46049,1,EL,1,100,-18916.199219
1752617788.287626,702898.500,46064,2,EL,1,100,-18916.199219
1752617788.354126,702965.000,46064,2,EL,1,100,-18916.199219
1752617788.421125,703032.000,46080,1,EL,1,100,-18916.199219
1752617788.487625,703098.500,46098,2,EL,1,100,-18916.599609
1752617788.554125,703165.000,46098,2,EL,1,100,-18916.400391
1752617788.621125,703232.000,46114,1,EL,1,100,-18916.400391
1752617788.687624,703298.500,46129,2,EL,1,100,-18916.599609
1752617788.754124,703365.000,46129,2,EL,1,100,-18916.599609
1752617788.821124,703432.000,46145,1,EL,1,100,-18916.599609
1752617788.887624,703498.500,46163,2,EL,1,100,-18916.800781
1752617788.954124,703565.000,46163,2,EL,1,100,-18916.599609
1752617789.021123,703632.000,46179,1,EL,1,100,-18916.599609
1752617789.087623,703698.500,46195,2,EL,1,100,-18916.599609
1752617789.154123,703765.000,46195,2,EL,1,100,-18916.400391
1752617789.221123,703832.000,46213,1,EL,1,100,-18916.400391
1752617789.287622,703898.500,46230,2,EL,1,100,-18916.800781
1752617789.354122,703965.000,46230,2,EL,1,100,-18916.599609
1752617789.421122,704032.000,46246,1,EL,1,100,-18917.199219
1752617789.487622,704098.500,46263,2,EL,1,100,-18917.199219
1752617789.554121,704165.000,46263,2,EL,1,100,-18916.800781
1752617789.620621,704231.500,46278,2,EL,1,100,-18916.800781
1752617789.687121,704298.000,46278,2,EL,1,100,-18916.599609
1752617789.754121,704365.000,46295,1,EL,1,100,-18916.800781
1752617789.820620,704431.500,46312,2,EL,1,100,-18916.800781
1752617789.887120,704498.000,46312,2,EL,1,100,-18917.000000
1752617789.954120,704565.000,46329,1,EL,1,100,-18916.400391
1752617790.020620,704631.500,46343,2,EL,1,100,-18916.599609
1752617790.087120,704698.000,46343,2,EL,1,100,-18916.599609
1752617790.154119,704765.000,46360,1,EL,1,100,-18916.800781
1752617790.220619,704831.500,46377,2,EL,1,100,-18916.800781
1752617790.287119,704898.000,46377,2,EL,1,100,-18917.199219
1752617790.354119,704965.000,46394,1,EL,1,100,-18917.000000
1752617790.420618,705031.500,46408,2,EL,1,100,-18917.400391
1752617790.487118,705098.000,46408,2,EL,1,100,-18917.199219
1752617790.554118,705165.000,46426,1,EL,1,100,-18917.000000
1752617790.620618,705231.500,46442,2,EL,1,100,-18917.199219
1752617790.687117,705298.000,46442,2,EL,1,100,-18917.000000
1752617790.754117,705365.000,46459,1,EL,1,100,-18917.199219
1752617790.820617,705431.500,46474,2,EL,1,100,-18917.000000
1752617790.887117,705498.000,46474,2,EL,1,100,-18917.400391
1752617790.954117,705565.000,46491,1,EL,1,100,-18917.400391
1752617791.020616,705631.500,46507,2,EL,1,100,-18917.199219
1752617791.087116,705698.000,46507,2,EL,1,100,-18917.599609
1752617791.154116,705765.000,46524,1,EL,1,100,-18917.800781
1752617791.220616,705831.500,46539,2,EL,1,100,-18918.000000
1752617791.287115,705898.000,46539,2,EL,1,100,-18918.000000
1752617791.354115,705965.000,46556,1,EL,1,100,-18918.000000
1752617791.420615,706031.500,46572,2,EL,1,100,-18917.800781
1752617791.487115,706098.000,46572,2,EL,1,100,-18918.199219
1752617791.554114,706165.000,46590,1,EL,1,100,-18917.800781
1752617791.620614,706231.500,46605,2,EL,1,100,-18918.199219
1752617791.687114,706298.000,46605,2,EL,1,100,-18918.199219
1752617791.754114,706365.000,46621,1,EL,1,100,-18918.400391
1752617791.820613,706431.500,46638,2,EL,1,100,-18918.199219
1752617791.887113,706498.000,46638,2,EL,1,100,-18918.199219
1752617791.954113,706565.000,46655,1,EL,1,100,-18918.199219
1752617792.020613,706631.500,46670,2,EL,1,100,-18918.400391
1752617792.087113,706698.000,46670,2,EL,1,100,-18918.199219
1752617792.153612,706764.500,46687,2,EL,1,100,-18918.400391
1752617792.220112,706831.000,46687,2,EL,1,100,-18918.400391
1752617792.287112,706898.000,46705,1,EL,1,100,-18918.199219
1752617792.353612,706964.500,46722,2,EL,1,100,-18918.400391
1752617792.420111,707031.000,46722,2,EL,1,100,-18918.400391
1752617792.487111,707098.000,46738,1,EL,1,100,-18918.000000
1752617792.553611,707164.500,46754,2,EL,1,100,-18918.199219
1752617792.620111,707231.000,46754,2,EL,1,100,-18918.199219
1752617792.687110,707298.000,46770,1,EL,1,100,-18918.000000
1752617792.753610,707364.500,46787,2,EL,1,100,-18918.400391
1752617792.820110,707431.000,46787,2,EL,1,100,-18918.400391
1752617792.887110,707498.000,46804,1,EL,1,100,-18918.199219
1752617792.953610,707564.500,46819,2,EL,1,100,-18918.400391
1752617793.020109,707631.000,46819,2,EL,1,100,-18918.199219
1752617793.087109,707698.000,46835,1,EL,1,100,-18918.400391
1752617793.153609,707764.500,46853,2,EL,1,100,-18918.199219
1752617793.220109,707831.000,46853,2,EL,1,100,-18918.199219
1752617793.287108,707898.000,46869,1,EL,1,100,-18918.400391
1752617793.353608,707964.500,46884,2,EL,1,100,-18918.400391
1752617793.420108,708031.000,46884,2,EL,1,100,-18918.400391
1752617793.487108,708098.000,46900,1,EL,1,100,-18918.199219
1752617793.553607,708164.500,46918,2,EL,1,100,-18918.400391
1752617793.620107,708231.000,46918,2,EL,1,100,-18918.199219
1752617793.687107,708298.000,46934,1,EL,1,100,-18918.199219
1752617793.753607,708364.500,46949,2,EL,1,100,-18918.400391
1752617793.820106,708431.000,46949,2,EL,1,100,-18918.199219
1752617793.887106,708498.000,46966,1,EL,1,100,-18918.400391
1752617793.953606,708564.500,46983,2,EL,1,100,-18918.400391
1752617794.020106,708631.000,46983,2,EL,1,100,-18918.400391
1752617794.087106,708698.000,46999,1,EL,1,100,-18918.800781
1752617794.153605,708764.500,47016,2,EL,1,100,-18918.400391
1752617794.220105,708831.000,47016,2,EL,1,100,-18918.599609
1752617794.287105,708898.000,47031,1,EL,1,100,-18918.599609
1752617794.353605,708964.500,47048,2,EL,1,100,-18918.400391
1752617794.420104,709031.000,47048,2,EL,1,100,-18918.599609
1752617794.487104,709098.000,47065,2,EL,1,100,-18918.800781
1752617794.554104,709165.000,47065,2,EL,1,100,-18918.800781
1752617794.620104,709231.000,47082,1,EL,1,100,-18918.599609
1752617794.686603,709297.500,47096,2,EL,1,100,-18918.400391
1752617794.753103,709364.000,47096,2,EL,1,100,-18918.800781
1752617794.820103,709431.000,47113,1,EL,1,100,-18918.800781
1752617794.886603,709497.500,47130,2,EL,1,100,-18918.800781
1752617794.953103,709564.000,47130,2,EL,1,100,-18918.800781
1752617795.020102,709631.000,47147,1,EL,1,100,-18918.800781
1752617795.086602,709697.500,47161,2,EL,1,100,-18919.199219
1752617795.153102,709764.000,47161,2,EL,1,100,-18918.599609
1752617795.220102,709831.000,47181,1,EL,1,100,-18919.000000
1752617795.286601,709897.500,47197,2,EL,1,100,-18919.199219
1752617795.353101,709964.000,47197,2,EL,1,100,-18919.199219
1752617795.420101,710031.000,47214,1,EL,1,100,-18919.400391
1752617795.486601,710097.500,47229,2,EL,1,100,-18919.199219
1752617795.553100,710164.000,47229,2,EL,1,100,-18919.400391
1752617795.620100,710231.000,47246,1,EL,1,100,-18919.400391
1752617795.686600,710297.500,47262,2,EL,1,100,-18919.400391
1752617795.753100,710364.000,47262,2,EL,1,100,-18919.400391
1752617795.820099,710431.000,47279,1,EL,1,100,-18919.400391
1752617795.886599,710497.500,47294,2,EL,1,100,-18919.400391
1752617795.953099,710564.000,47294,2,EL,1,100,-18919.400391
1752617796.020099,710631.000,47311,1,EL,1,100,-18919.400391
1752617796.086599,710697.500,47327,2,EL,1,100,-18919.400391
1752617796.153098,710764.000,47327,2,EL,1,100,-18919.400391
1752617796.220098,710831.000,47345,1,EL,1,100,-18919.400391
1752617796.286598,710897.500,47359,2,EL,1,100,-18919.400391
1752617796.353098,710964.000,47359,2,EL,1,100,-18919.599609
1752617796.420097,711031.000,47376,1,EL,1,100,-18919.400391
1752617796.486597,711097.500,47393,2,EL,1,100,-18919.400391
1752617796.553097,711164.000,47393,2,EL,1,100,-18919.199219
1752617796.620097,711231.000,47410,1,EL,1,100,-18919.400391
1752617796.686596,711297.500,47425,2,EL,1,100,-18919.400391
1752617796.753096,711364.000,47425,2,EL,1,100,-18919.599609
1752617796.820096,711431.000,47441,1,EL,1,100,-18919.400391
1752617796.886596,711497.500,47458,2,EL,1,100,-18919.599609
1752617796.953096,711564.000,47458,2,EL,1,100,-18919.400391
1752617797.020095,711631.000,47475,2,EL,1,100,-18919.599609
1752617797.087095,711698.000,47475,2,EL,1,100,-18919.400391
1752617797.153095,711764.000,47491,1,EL,1,100,-18919.599609
1752617797.220095,711831.000,47509,2,EL,1,100,-18919.400391
1752617797.287094,711898.000,47509,2,EL,1,100,-18919.400391
1752617797.353094,711964.000,47525,1,EL,1,100,-18919.599609
1752617797.420094,712031.000,47542,2,EL,1,100,-18919.800781
1752617797.487094,712098.000,47542,2,EL,1,100,-18919.800781
1752617797.553093,712164.000,47559,1,EL,1,100,-18919.400391
1752617797.620093,712231.000,47574,2,EL,1,100,-18919.400391
1752617797.687093,712298.000,47574,2,EL,1,100,-18920.000000
1752617797.753093,712364.000,47590,1,EL,1,100,-18919.599609
1752617797.820092,712431.000,47608,2,EL,1,100,-18919.599609
1752617797.887092,712498.000,47608,2,EL,1,100,-18919.599609
1752617797.953092,712564.000,47624,1,EL,1,100,-18919.599609
1752617798.019592,712630.500,47639,2,EL,1,100,-18920.000000
1752617798.086092,712697.000,47639,2,EL,1,100,-18919.599609
1752617798.153091,712764.000,47655,1,EL,1,100,-18919.800781
1752617798.219591,712830.500,47673,2,EL,1,100,-18920.199219
1752617798.286091,712897.000,47673,2,EL,1,100,-18920.400391
1752617798.353091,712964.000,47691,1,EL,1,100,-18920.400391
1752617798.419590,713030.500,47706,2,EL,1,100,-18920.599609
1752617798.486090,713097.000,47706,2,EL,1,100,-18920.199219
1752617798.553090,713164.000,47723,1,EL,1,100,-18920.000000
1752617798.619590,713230.500,47740,2,EL,1,100,-18920.199219
1752617798.686089,713297.000,47740,2,EL,1,100,-18920.400391
1752617798.753089,713364.000,47756,1,EL,1,100,-18920.400391
1752617798.819589,713430.500,47772,2,EL,1,100,-18920.400391
1752617798.886089,713497.000,47772,2,EL,1,100,-18920.400391
1752617798.953089,713564.000,47788,1,EL,1,100,-18920.199219
1752617799.019588,713630.500,47805,2,EL,1,100,-18920.400391
1752617799.086088,713697.000,47805,2,EL,1,100,-18920.400391
1752617799.153088,713764.000,47821,1,EL,1,100,-18920.800781
1752617799.219588,713830.500,47838,2,EL,1,100,-18920.800781
1752617799.286087,713897.000,47838,2,EL,1,100,-18921.199219
1752617799.353087,713964.000,47853,1,EL,1,100,-18921.199219
1752617799.419587,714030.500,47870,2,EL,1,100,-18921.199219
1752617799.486087,714097.000,47870,2,EL,1,100,-18921.199219
1752617799.553086,714164.000,47887,2,EL,1,100,-18921.000000
1752617799.620086,714231.000,47887,2,EL,1,100,-18921.400391
1752617799.686086,714297.000,47904,1,EL,1,100,-18921.400391
1752617799.753086,714364.000,47918,2,EL,1,100,-18921.400391
1752617799.820085,714431.000,47918,2,EL,1,100,-18921.400391
1752617799.886085,714497.000,47936,1,EL,1,100,-18921.199219
1752617799.953085,714564.000,47952,2,EL,1,100,-18921.599609
1752617800.020085,714631.000,47952,2,EL,1,100,-18921.400391
1752617800.086085,714697.000,47969,1,EL,1,100,-18921.400391
1752617800.153084,714764.000,47984,2,EL,1,100,-18921.199219
1752617800.220084,714831.000,47984,2,EL,1,100,-18921.400391
1752617800.286084,714897.000,48001,1,EL,1,100,-18921.400391
1752617800.353084,714964.000,48017,2,EL,1,100,-18921.400391
1752617800.420083,715031.000,48017,2,EL,1,100,-18921.400391
1752617800.486083,715097.000,48034,1,EL,1,100,-18921.400391
1752617800.553083,715164.000,48049,2,EL,1,100,-18921.400391
1752617800.620083,715231.000,48049,2,EL,1,100,-18921.400391
1752617800.686082,715297.000,48066,1,EL,1,100,-18921.400391
1752617800.753082,715364.000,48082,2,EL,1,100,-18921.599609
1752617800.820082,715431.000,48082,2,EL,1,100,-18921.199219
1752617800.886082,715497.000,48100,1,EL,1,100,-18921.400391
1752617800.953082,715564.000,48114,2,EL,1,100,-18921.400391
1752617801.020081,715631.000,48114,2,EL,1,100,-18921.599609
1752617801.086081,715697.000,48131,1,EL,1,100,-18921.000000
1752617801.153081,715764.000,48148,2,EL,1,100,-18921.599609
1752617801.220081,715831.000,48148,2,EL,1,100,-18922.000000
1752617801.286080,715897.000,48165,1,EL,1,100,-18921.800781
1752617801.352580,715963.500,48179,2,EL,1,100,-18921.800781
1752617801.419080,716030.000,48179,2,EL,1,100,-18921.800781
1752617801.486080,716097.000,48196,1,EL,1,100,-18922.000000
1752617801.552579,716163.500,48213,2,EL,1,100,-18921.599609
1752617801.619079,716230.000,48213,2,EL,1,100,-18921.800781
1752617801.686079,716297.000,48230,1,EL,1,100,-18921.400391
1752617801.752579,716363.500,48245,2,EL,1,100,-18921.800781
1752617801.819078,716430.000,48245,2,EL,1,100,-18921.599609
1752617801.886078,716497.000,48262,1,EL,1,100,-18922.000000
1752617801.952578,716563.500,48278,2,EL,1,100,-18922.000000
1752617802.019078,716630.000,48278,2,EL,1,100,-18922.000000
1752617802.086078,716697.000,48295,2,EL,1,100,-18922.000000
1752617802.153077,716764.000,48295,2,EL,1,100,-18922.199219
1752617802.219077,716830.000,48312,1,EL,1,100,-18922.199219
1752617802.286077,716897.000,48329,2,EL,1,100,-18922.199219
1752617802.353077,716964.000,48329,2,EL,1,100,-18921.800781
1752617802.419076,717030.000,48345,1,EL,1,100,-18921.599609
1752617802.486076,717097.000,48363,2,EL,1,100,-18921.599609
1752617802.553076,717164.000,48363,2,EL,1,100,-18922.000000
1752617802.619076,717230.000,48381,1,EL,1,100,-18921.800781
1752617802.686075,717297.000,48396,2,EL,1,100,-18922.199219
1752617802.753075,717364.000,48396,2,EL,1,100,-18922.000000
1752617802.819075,717430.000,48412,1,EL,1,100,-18921.800781
1752617802.886075,717497.000,48430,2,EL,1,100,-18921.800781
1752617802.953075,717564.000,48430,2,EL,1,100,-18922.000000
1752617803.019074,717630.000,48446,1,EL,1,100,-18922.199219
1752617803.086074,717697.000,48461,2,EL,1,100,-18922.199219
1752617803.153074,717764.000,48461,2,EL,1,100,-18922.199219
1752617803.219074,717830.000,48478,1,EL,1,100,-18921.800781
1752617803.286073,717897.000,48495,2,EL,1,100,-18922.199219
1752617803.353073,717964.000,48495,2,EL,1,100,-18922.199219
1752617803.419073,718030.000,48511,1,EL,1,100,-18922.000000
1752617803.486073,718097.000,48527,2,EL,1,100,-18922.199219
1752617803.553072,718164.000,48527,2,EL,1,100,-18922.199219
1752617803.619072,718230.000,48543,1,EL,1,100,-18922.199219
1752617803.686072,718297.000,48560,2,EL,1,100,-18922.400391
1752617803.753072,718364.000,48560,2,EL,1,100,-18922.599609
1752617803.819071,718430.000,48576,1,EL,1,100,-18922.599609
1752617803.886071,718497.000,48592,2,EL,1,100,-18922.599609
1752617803.953071,718564.000,48592,2,EL,1,100,-18922.599609
1752617804.019071,718630.000,48608,1,EL,1,100,-18923.000000
1752617804.086071,718697.000,48625,2,EL,1,100,-18922.599609
1752617804.153070,718764.000,48625,2,EL,1,100,-18922.599609
1752617804.219070,718830.000,48642,1,EL,1,100,-18923.199219
1752617804.286070,718897.000,48658,2,EL,1,100,-18922.800781
1752617804.353070,718964.000,48658,2,EL,1,100,-18922.599609
1752617804.419069,719030.000,48673,1,EL,1,100,-18923.000000
1752617804.486069,719097.000,48691,2,EL,1,100,-18923.000000
1752617804.553069,719164.000,48691,2,EL,1,100,-18922.800781
1752617804.619569,719230.500,48707,2,EL,1,100,-18922.800781
1752617804.686068,719297.000,48707,2,EL,1,100,-18922.800781
1752617804.753068,719364.000,48724,1,EL,1,100,-18923.000000
1752617804.819568,719430.500,48739,2,EL,1,100,-18923.199219
1752617804.886068,719497.000,48739,2,EL,1,100,-18923.000000
1752617804.952068,719563.000,48756,1,EL,1,100,-18923.000000
1752617805.019067,719630.000,48772,2,EL,1,100,-18923.000000
1752617805.086067,719697.000,48772,2,EL,1,100,-18923.000000
1752617805.152067,719763.000,48789,1,EL,1,100,-18922.800781
1752617805.219067,719830.000,48804,2,EL,1,100,-18923.400391
1752617805.286066,719897.000,48804,2,EL,1,100,-18923.199219
1752617805.352066,719963.000,48821,1,EL,1,100,-18923.000000
1752617805.419066,720030.000,48837,2,EL,1,100,-18922.800781
1752617805.486066,720097.000,48837,2,EL,1,100,-18923.199219
1752617805.552065,720163.000,48855,1,EL,1,100,-18923.000000
1752617805.619065,720230.000,48869,2,EL,1,100,-18923.000000
1752617805.686065,720297.000,48869,2,EL,1,100,-18923.000000
1752617805.752065,720363.000,48886,1,EL,1,100,-18923.000000
1752617805.819065,720430.000,48903,2,EL,1,100,-18922.800781
1752617805.886064,720497.000,48903,2,EL,1,100,-18923.000000
1752617805.952064,720563.000,48920,1,EL,1,100,-18923.000000
1752617806.019064,720630.000,48934,2,EL,1,100,-18923.000000
1752617806.086064,720697.000,48934,2,EL,1,100,-18922.800781
1752617806.152063,720763.000,48951,1,EL,1,100,-18923.400391
1752617806.219063,720830.000,48968,2,EL,1,100,-18923.400391
1752617806.286063,720897.000,48968,2,EL,1,100,-18923.199219
1752617806.352063,720963.000,48985,1,EL,1,100,-18923.000000
1752617806.419062,721030.000,48999,2,EL,1,100,-18923.599609
1752617806.486062,721097.000,48999,2,EL,1,100,-18923.400391
1752617806.552062,721163.000,49017,1,EL,1,100,-18923.000000
1752617806.619062,721230.000,49033,2,EL,1,100,-18923.400391
1752617806.686061,721297.000,49033,2,EL,1,100,-18923.199219
1752617806.752061,721363.000,49050,1,EL,1,100,-18923.400391
1752617806.819061,721430.000,49066,2,EL,1,100,-18923.800781
1752617806.886061,721497.000,49066,2,EL,1,100,-18923.599609
1752617806.952561,721563.500,49084,2,EL,1,100,-18923.599609
1752617807.019060,721630.000,49084,2,EL,1,100,-18923.400391
1752617807.086060,721697.000,49100,1,EL,1,100,-18923.400391
1752617807.152560,721763.500,49118,2,EL,1,100,-18923.199219
1752617807.219060,721830.000,49118,2,EL,1,100,-18923.599609
1752617807.286059,721897.000,49136,1,EL,1,100,-18923.400391
1752617807.352559,721963.500,49151,2,EL,1,100,-18923.199219
1752617807.419059,722030.000,49151,2,EL,1,100,-18923.199219
1752617807.486059,722097.000,49167,1,EL,1,100,-18923.199219
1752617807.552558,722163.500,49185,2,EL,1,100,-18923.000000
1752617807.619058,722230.000,49185,2,EL,1,100,-18923.400391
1752617807.686058,722297.000,49201,1,EL,1,100,-18923.000000
1752617807.752558,722363.500,49216,2,EL,1,100,-18923.199219
1752617807.819058,722430.000,49216,2,EL,1,100,-18923.199219
1752617807.886057,722497.000,49233,1,EL,1,100,-18923.599609
1752617807.952557,722563.500,49250,2,EL,1,100,-18923.400391
1752617808.019057,722630.000,49250,2,EL,1,100,-18923.400391
1752617808.085057,722696.000,49266,1,EL,1,100,-18923.400391
1752617808.152056,722763.000,49282,2,EL,1,100,-18923.599609
1752617808.219056,722830.000,49282,2,EL,1,100,-18923.599609
1752617808.285056,722896.000,49298,1,EL,1,100,-18923.599609
1752617808.352056,722963.000,49315,2,EL,1,100,-18923.800781
1752617808.419055,723030.000,49315,2,EL,1,100,-18923.800781
1752617808.485055,723096.000,49331,1,EL,1,100,-18923.800781
1752617808.552055,723163.000,49347,2,EL,1,100,-18924.000000
1752617808.619055,723230.000,49347,2,EL,1,100,-18923.800781
1752617808.685054,723296.000,49363,1,EL,1,100,-18924.199219
1752617808.752054,723363.000,49380,2,EL,1,100,-18924.199219
1752617808.819054,723430.000,49380,2,EL,1,100,-18924.199219
1752617808.885054,723496.000,49397,1,EL,1,100,-18924.199219
1752617808.952054,723563.000,49413,2,EL,1,100,-18924.000000
1752617809.019053,723630.000,49413,2,EL,1,100,-18923.800781
1752617809.085053,723696.000,49428,1,EL,1,100,-18924.000000
1752617809.152053,723763.000,49446,2,EL,1,100,-18924.000000
1752617809.219053,723830.000,49446,2,EL,1,100,-18924.199219
1752617809.285052,723896.000,49462,1,EL,1,100,-18924.400391
1752617809.352052,723963.000,49478,2,EL,1,100,-18924.800781
1752617809.419052,724030.000,49478,2,EL,1,100,-18924.199219
1752617809.485552,724096.500,49494,2,EL,1,100,-18924.599609
1752617809.552051,724163.000,49494,2,EL,1,100,-18924.599609
1752617809.619051,724230.000,49511,1,EL,1,100,-18924.599609
1752617809.685551,724296.500,49527,2,EL,1,100,-18924.800781
1752617809.752051,724363.000,49527,2,EL,1,100,-18924.800781
1752617809.819051,724430.000,49544,1,EL,1,100,-18924.599609
1752617809.885550,724496.500,49559,2,EL,1,100,-18924.400391
1752617809.952050,724563.000,49559,2,EL,1,100,-18924.199219
1752617810.019050,724630.000,49576,1,EL,1,100,-18924.199219
1752617810.085550,724696.500,49592,2,EL,1,100,-18924.400391
1752617810.152049,724763.000,49592,2,EL,1,100,-18924.599609
1752617810.219049,724830.000,49612,1,EL,1,100,-18924.400391
1752617810.285549,724896.500,49626,2,EL,1,100,-18924.800781
1752617810.352049,724963.000,49626,2,EL,1,100,-18925.000000
1752617810.419048,725030.000,49643,1,EL,1,100,-18924.800781
1752617810.485548,725096.500,49660,2,EL,1,100,-18924.599609
1752617810.552048,725163.000,49660,2,EL,1,100,-18924.599609
1752617810.619048,725230.000,49677,1,EL,1,100,-18924.400391
1752617810.685547,725296.500,49691,2,EL,1,100,-18924.800781
1752617810.752047,725363.000,49691,2,EL,1,100,-18924.800781
1752617810.819047,725430.000,49708,1,EL,1,100,-18924.800781
1752617810.885547,725496.500,49725,2,EL,1,100,-18924.800781
1752617810.952047,725563.000,49725,2,EL,1,100,-18924.800781
1752617811.019046,725630.000,49742,1,EL,1,100,-18924.400391
1752617811.085546,725696.500,49756,2,EL,1,100,-18924.800781
1752617811.152046,725763.000,49756,2,EL,1,100,-18924.599609
1752617811.219046,725830.000,49774,1,EL,1,100,-18924.800781
1752617811.285545,725896.500,49790,2,EL,1,100,-18924.800781
1752617811.352045,725963.000,49790,2,EL,1,100,-18925.000000
1752617811.418045,726029.000,49807,1,EL,1,100,-18924.800781
1752617811.485045,726096.000,49823,2,EL,1,100,-18924.800781
1752617811.552044,726163.000,49823,2,EL,1,100,-18924.800781
1752617811.618044,726229.000,49839,1,EL,1,100,-18924.800781
1752617811.685044,726296.000,49855,2,EL,1,100,-18924.800781
1752617811.752044,726363.000,49855,2,EL,1,100,-18925.199219
1752617811.819044,726430.000,49872,1,EL,1,100,-18925.000000
1752617811.885543,726496.500,49888,2,EL,1,100,-18924.800781
1752617811.952043,726563.000,49888,2,EL,1,100,-18925.199219
1752617812.018543,726629.500,49904,2,EL,1,100,-18925.400391
1752617812.085043,726696.000,49904,2,EL,1,100,-18925.199219
1752617812.152042,726763.000,49920,1,EL,1,100,-18925.199219
1752617812.218542,726829.500,49940,2,EL,1,100,-18925.199219
1752617812.285042,726896.000,49940,2,EL,1,100,-18925.400391
1752617812.352042,726963.000,49956,1,EL,1,100,-18925.400391
1752617812.418541,727029.500,49971,2,EL,1,100,-18925.599609
1752617812.485041,727096.000,49971,2,EL,1,100,-18925.800781
1752617812.552041,727163.000,49988,1,EL,1,100,-18925.599609
1752617812.618541,727229.500,50005,2,EL,1,100,-18925.800781
1752617812.685040,727296.000,50005,2,EL,1,100,-18925.800781
1752617812.752040,727363.000,50021,1,EL,1,100,-18925.400391
1752617812.818540,727429.500,50037,2,EL,1,100,-18925.400391
1752617812.885040,727496.000,50037,2,EL,1,100,-18925.400391
1752617812.952040,727563.000,50053,1,EL,1,100,-18925.800781
1752617813.018539,727629.500,50070,2,EL,1,100,-18925.800781
1752617813.085039,727696.000,50070,2,EL,1,100,-18925.599609
1752617813.152039,727763.000,50086,1,EL,1,100,-18926.000000
1752617813.218539,727829.500,50102,2,EL,1,100,-18926.000000
1752617813.285038,727896.000,50102,2,EL,1,100,-18925.599609
1752617813.352038,727963.000,50118,1,EL,1,100,-18925.800781
1752617813.418538,728029.500,50135,2,EL,1,100,-18925.599609
1752617813.485038,728096.000,50135,2,EL,1,100,-18926.000000
1752617813.552037,728163.000,50152,1,EL,1,100,-18925.800781
1752617813.618537,728229.500,50167,2,EL,1,100,-18925.800781
1752617813.685037,728296.000,50167,2,EL,1,100,-18926.000000
1752617813.752037,728363.000,50183,1,EL,1,100,-18926.000000
1752617813.818537,728429.500,50201,2,EL,1,100,-18926.000000
1752617813.885036,728496.000,50201,2,EL,1,100,-18926.199219
1752617813.952036,728563.000,50217,1,EL,1,100,-18926.000000
1752617814.018536,728629.500,50232,2,EL,1,100,-18926.599609
1752617814.085036,728696.000,50232,2,EL,1,100,-18926.199219
1752617814.152035,728763.000,50248,1,EL,1,100,-18925.800781
1752617814.218535,728829.500,50266,2,EL,1,100,-18926.000000
1752617814.285035,728896.000,50266,2,EL,1,100,-18926.000000
1752617814.352035,728963.000,50282,1,EL,1,100,-18926.000000
1752617814.418534,729029.500,50298,2,EL,1,100,-18926.599609
1752617814.485034,729096.000,50298,2,EL,1,100,-18926.599609
1752617814.551534,729162.500,50314,2,EL,1,100,-18926.199219
1752617814.618034,729229.000,50314,2,EL,1,100,-18926.199219
1752617814.685033,729296.000,50331,1,EL,1,100,-18926.400391
1752617814.751533,729362.500,50347,2,EL,1,100,-18926.599609
1752617814.818033,729429.000,50347,2,EL,1,100,-18926.599609
1752617814.885033,729496.000,50365,1,EL,1,100,-18926.800781
1752617814.951533,729562.500,50379,2,EL,1,100,-18926.599609
1752617815.018032,729629.000,50379,2,EL,1,100,-18926.599609
1752617815.085032,729696.000,50396,1,EL,1,100,-18926.400391
1752617815.151532,729762.500,50413,2,EL,1,100,-18926.599609
1752617815.218032,729829.000,50413,2,EL,1,100,-18926.599609
1752617815.285031,729896.000,50430,1,EL,1,100,-18926.400391
1752617815.351531,729962.500,50444,2,EL,1,100,-18926.599609
1752617815.418031,730029.000,50444,2,EL,1,100,-18926.599609
1752617815.485031,730096.000,50461,1,EL,1,100,-18926.599609
1752617815.551530,730162.500,50478,2,EL,1,100,-18926.800781
1752617815.618030,730229.000,50478,2,EL,1,100,-18926.800781
1752617815.685030,730296.000,50495,1,EL,1,100,-18926.800781
1752617815.751530,730362.500,50509,2,EL,1,100,-18926.599609
1752617815.818030,730429.000,50509,2,EL,1,100,-18926.800781
1752617815.885029,730496.000,50527,1,EL,1,100,-18926.599609
1752617815.951529,730562.500,50543,2,EL,1,100,-18927.000000
1752617816.018029,730629.000,50543,2,EL,1,100,-18927.000000
1752617816.085029,730696.000,50560,1,EL,1,100,-18927.000000
1752617816.151528,730762.500,50575,2,EL,1,100,-18926.800781
1752617816.218028,730829.000,50575,2,EL,1,100,-18927.199219
1752617816.285028,730896.000,50592,1,EL,1,100,-18927.400391
1752617816.351528,730962.500,50608,2,EL,1,100,-18927.400391
1752617816.418027,731029.000,50608,2,EL,1,100,-18927.000000
1752617816.485027,731096.000,50625,1,EL,1,100,-18927.199219
1752617816.551527,731162.500,50641,2,EL,1,100,-18927.400391
1752617816.618027,731229.000,50641,2,EL,1,100,-18927.000000
1752617816.685026,731296.000,50657,1,EL,1,100,-18927.400391
1752617816.751526,731362.500,50673,2,EL,1,100,-18927.599609
1752617816.818026,731429.000,50673,2,EL,1,100,-18927.400391
1752617816.885026,731496.000,50691,1,EL,1,100,-18927.400391
1752617816.951526,731562.500,50706,2,EL,1,100,-18927.599609
1752617817.018025,731629.000,50706,2,EL,1,100,-18927.400391
1752617817.084525,731695.500,50722,2,EL,1,100,-18927.199219
1752617817.151025,731762.000,50722,2,EL,1,100,-18927.000000
1752617817.218025,731829.000,50739,1,EL,1,100,-18927.599609
1752617817.284524,731895.500,50758,2,EL,1,100,-18927.599609
1752617817.351024,731962.000,50758,2,EL,1,100,-18927.199219
1752617817.418024,732029.000,50774,1,EL,1,100,-18927.599609
1752617817.484524,732095.500,50790,2,EL,1,100,-18927.599609
1752617817.551023,732162.000,50790,2,EL,1,100,-18927.599609
1752617817.618023,732229.000,50806,1,EL,1,100,-18927.599609
1752617817.684523,732295.500,50823,2,EL,1,100,-18927.599609
1752617817.751023,732362.000,50823,2,EL,1,100,-18927.599609
1752617817.818023,732429.000,50839,1,EL,1,100,-18927.800781
1752617817.884522,732495.500,50855,2,EL,1,100,-18927.599609
1752617817.951022,732562.000,50855,2,EL,1,100,-18927.599609
1752617818.018022,732629.000,50871,1,EL,1,100,-18927.599609
1752617818.084522,732695.500,50888,2,EL,1,100,-18927.599609
1752617818.151021,732762.000,50888,2,EL,1,100,-18927.400391
1752617818.218021,732829.000,50905,1,EL,1,100,-18927.599609
1752617818.284521,732895.500,50920,2,EL,1,100,-18927.599609
1752617818.351021,732962.000,50920,2,EL,1,100,-18927.599609
1752617818.418020,733029.000,50936,1,EL,1,100,-18927.800781
1752617818.484520,733095.500,50954,2,EL,1,100,-18927.800781
1752617818.551020,733162.000,50954,2,EL,1,100,-18927.800781
1752617818.618020,733229.000,50970,1,EL,1,100,-18928.000000
1752617818.684519,733295.500,50987,2,EL,1,100,-18928.199219
1752617818.751019,733362.000,50987,2,EL,1,100,-18928.400391
1752617818.818019,733429.000,51003,1,EL,1,100,-18928.599609
1752617818.884519,733495.500,51021,2,EL,1,100,-18928.599609
1752617818.951019,733562.000,51021,2,EL,1,100,-18928.599609
1752617819.018018,733629.000,51037,1,EL,1,100,-18928.599609
1752617819.084518,733695.500,51053,2,EL,1,100,-18928.599609
1752617819.151018,733762.000,51053,2,EL,1,100,-18928.800781
1752617819.218018,733829.000,51069,1,EL,1,100,-18928.800781
1752617819.284517,733895.500,51088,2,EL,1,100,-18928.800781
1752617819.351017,733962.000,51088,2,EL,1,100,-18929.000000
1752617819.418017,734029.000,51104,1,EL,1,100,-18929.199219
1752617819.484517,734095.500,51121,2,EL,1,100,-18929.400391
1752617819.551016,734162.000,51121,2,EL,1,100,-18929.400391
1752617819.617516,734228.500,51136,2,EL,1,100,-18929.400391
1752617819.684016,734295.000,51136,2,EL,1,100,-18929.199219
1752617819.751016,734362.000,51153,1,EL,1,100,-18929.000000
1752617819.817516,734428.500,51170,2,EL,1,100,-18929.199219
1752617819.884015,734495.000,51170,2,EL,1,100,-18929.800781
1752617819.951015,734562.000,51187,1,EL,1,100,-18929.599609
1752617820.017515,734628.500,51201,2,EL,1,100,-18929.599609
1752617820.084015,734695.000,51201,2,EL,1,100,-18929.400391
1752617820.151014,734762.000,51218,1,EL,1,100,-18929.599609
1752617820.217514,734828.500,51235,2,EL,1,100,-18929.000000
1752617820.284014,734895.000,51235,2,EL,1,100,-18929.400391
1752617820.351014,734962.000,51252,1,EL,1,100,-18929.599609
1752617820.417513,735028.500,51266,2,EL,1,100,-18929.599609
1752617820.484013,735095.000,51266,2,EL,1,100,-18929.599609
1752617820.551013,735162.000,51284,1,EL,1,100,-18929.599609
1752617820.617513,735228.500,51300,2,EL,1,100,-18929.599609
1752617820.684013,735295.000,51300,2,EL,1,100,-18929.400391
1752617820.751012,735362.000,51317,1,EL,1,100,-18929.599609
1752617820.817512,735428.500,51332,2,EL,1,100,-18929.599609
1752617820.884012,735495.000,51332,2,EL,1,100,-18929.400391
1752617820.951012,735562.000,51349,1,EL,1,100,-18929.599609
1752617821.017511,735628.500,51365,2,EL,1,100,-18929.599609
1752617821.084011,735695.000,51365,2,EL,1,100,-18929.400391
1752617821.151011,735762.000,51382,1,EL,1,100,-18929.599609
1752617821.217511,735828.500,51397,2,EL,1,100,-18929.400391
1752617821.284010,735895.000,51397,2,EL,1,100,-18929.599609
1752617821.351010,735962.000,51414,1,EL,1,100,-18929.800781
1752617821.417510,736028.500,51430,2,EL,1,100,-18929.599609
1752617821.484010,736095.000,51430,2,EL,1,100,-18929.400391
1752617821.551009,736162.000,51448,1,EL,1,100,-18929.599609
1752617821.617509,736228.500,51463,2,EL,1,100,-18929.800781
1752617821.684009,736295.000,51463,2,EL,1,100,-18929.599609
1752617821.751009,736362.000,51479,1,EL,1,100,-18929.599609
1752617821.817509,736428.500,51496,2,EL,1,100,-18929.599609
1752617821.884008,736495.000,51496,2,EL,1,100,-18929.599609
1752617821.951008,736562.000,51513,1,EL,1,100,-18929.599609
1752617822.017508,736628.500,51528,2,EL,1,100,-18929.599609
1752617822.084008,736695.000,51528,2,EL,1,100,-18929.599609
1752617822.150507,736761.500,51545,2,EL,1,100,-18929.599609
1752617822.217007,736828.000,51545,2,EL,1,100,-18929.599609
1752617822.284007,736895.000,51563,1,EL,1,100,-18929.599609
1752617822.350507,736961.500,51580,2,EL,1,100,-18929.800781
1752617822.417006,737028.000,51580,2,EL,1,100,-18929.599609
1752617822.484006,737095.000,51596,1,EL,1,100,-18929.599609
1752617822.550506,737161.500,51612,2,EL,1,100,-18929.599609
1752617822.617006,737228.000,51612,2,EL,1,100,-18929.800781
1752617822.684006,737295.000,51628,1,EL,1,100,-18930.000000
1752617822.750505,737361.500,51645,2,EL,1,100,-18930.199219
1752617822.817005,737428.000,51645,2,EL,1,100,-18930.400391
1752617822.884005,737495.000,51662,1,EL,1,100,-18930.199219
1752617822.950505,737561.500,51677,2,EL,1,100,-18930.199219
1752617823.017004,737628.000,51677,2,EL,1,100,-18930.400391
1752617823.084004,737695.000,51693,1,EL,1,100,-18930.400391
1752617823.150504,737761.500,51711,2,EL,1,100,-18930.400391
1752617823.217004,737828.000,51711,2,EL,1,100,-18930.199219
1752617823.284003,737895.000,51727,1,EL,1,100,-18930.000000
1752617823.350503,737961.500,51742,2,EL,1,100,-18930.400391
1752617823.417003,738028.000,51742,2,EL,1,100,-18930.000000
1752617823.484003,738095.000,51758,1,EL,1,100,-18930.599609
1752617823.550502,738161.500,51776,2,EL,1,100,-18930.599609
1752617823.617002,738228.000,51776,2,EL,1,100,-18930.599609
1752617823.684002,738295.000,51792,1,EL,1,100,-18930.599609
1752617823.750502,738361.500,51807,2,EL,1,100,-18930.599609
1752617823.817002,738428.000,51807,2,EL,1,100,-18930.599609
1752617823.884001,738495.000,51824,1,EL,1,100,-18930.400391
1752617823.950501,738561.500,51841,2,EL,1,100,-18930.599609
1752617824.017001,738628.000,51841,2,EL,1,100,-18930.599609
1752617824.084001,738695.000,51857,1,EL,1,100,-18930.599609
1752617824.150500,738761.500,51874,2,EL,1,100,-18930.599609
1752617824.217000,738828.000,51874,2,EL,1,100,-18930.599609
1752617824.284000,738895.000,51889,1,EL,1,100,-18930.599609
1752617824.350500,738961.500,51906,2,EL,1,100,-18930.599609
1752617824.416999,739028.000,51906,2,EL,1,100,-18930.599609
1752617824.483999,739095.000,51922,1,EL,1,100,-18930.400391
1752617824.550499,739161.500,51939,2,EL,1,100,-18930.599609
1752617824.616999,739228.000,51939,2,EL,1,100,-18930.599609
1752617824.683499,739294.500,51954,2,EL,1,100,-18930.400391
1752617824.749998,739361.000,51954,2,EL,1,100,-18930.599609
1752617824.816998,739428.000,51971,1,EL,1,100,-18930.599609
1752617824.883498,739494.500,51988,2,EL,1,100,-18930.599609
1752617824.949998,739561.000,51988,2,EL,1,100,-18930.800781
1752617825.016997,739628.000,52005,1,EL,1,100,-18930.599609
1752617825.083497,739694.500,52019,2,EL,1,100,-18930.599609
1752617825.149997,739761.000,52019,2,EL,1,100,-18930.400391
1752617825.216997,739828.000,52037,1,EL,1,100,-18930.599609
1752617825.283496,739894.500,52053,2,EL,1,100,-18930.599609
1752617825.349996,739961.000,52053,2,EL,1,100,-18930.400391
1752617825.416996,740028.000,52070,1,EL,1,100,-18930.599609
1752617825.483496,740094.500,52085,2,EL,1,100,-18930.400391
1752617825.549995,740161.000,52085,2,EL,1,100,-18930.400391
1752617825.616995,740228.000,52102,1,EL,1,100,-18930.400391
1752617825.683495,740294.500,52118,2,EL,1,100,-18930.599609
1752617825.749995,740361.000,52118,2,EL,1,100,-18930.599609
1752617825.816995,740428.000,52135,1,EL,1,100,-18930.199219
1752617825.883494,740494.500,52150,2,EL,1,100,-18930.599609
1752617825.949994,740561.000,52150,2,EL,1,100,-18930.199219
1752617826.016994,740628.000,52167,1,EL,1,100,-18930.599609
1752617826.083494,740694.500,52183,2,EL,1,100,-18930.400391
1752617826.149993,740761.000,52183,2,EL,1,100,-18930.199219
1752617826.216993,740828.000,52201,1,EL,1,100,-18930.599609
1752617826.283493,740894.500,52215,2,EL,1,100,-18930.599609
1752617826.349993,740961.000,52215,2,EL,1,100,-18930.599609
1752617826.416992,741028.000,52232,1,EL,1,100,-18930.199219
1752617826.483492,741094.500,52249,2,EL,1,100,-18930.599609
1752617826.549992,741161.000,52249,2,EL,1,100,-18931.000000
1752617826.616992,741228.000,52266,1,EL,1,100,-18930.599609
1752617826.683492,741294.500,52281,2,EL,1,100,-18930.599609
1752617826.749991,741361.000,52281,2,EL,1,100,-18930.599609
1752617826.816991,741428.000,52297,1,EL,1,100,-18930.599609
1752617826.883491,741494.500,52314,2,EL,1,100,-18930.800781
1752617826.949991,741561.000,52314,2,EL,1,100,-18930.800781
1752617827.016990,741628.000,52331,2,EL,1,100,-18930.800781
1752617827.083990,741695.000,52331,2,EL,1,100,-18930.599609
1752617827.149990,741761.000,52347,1,EL,1,100,-18930.800781
1752617827.216990,741828.000,52365,2,EL,1,100,-18930.800781
1752617827.283989,741895.000,52365,2,EL,1,100,-18930.599609
1752617827.349989,741961.000,52381,1,EL,1,100,-18930.599609
1752617827.416989,742028.000,52398,2,EL,1,100,-18930.599609
1752617827.483989,742095.000,52398,2,EL,1,100,-18930.599609
1752617827.549988,742161.000,52415,1,EL,1,100,-18930.599609
1752617827.616988,742228.000,52430,2,EL,1,100,-18931.199219
1752617827.683988,742295.000,52430,2,EL,1,100,-18930.599609
1752617827.749988,742361.000,52446,1,EL,1,100,-18930.599609
1752617827.816988,742428.000,52464,2,EL,1,100,-18930.800781
1752617827.883987,742495.000,52464,2,EL,1,100,-18930.599609
1752617827.949987,742561.000,52480,1,EL,1,100,-18930.599609
1752617828.016487,742627.500,52495,2,EL,1,100,-18931.199219
1752617828.082987,742694.000,52495,2,EL,1,100,-18930.800781
1752617828.149986,742761.000,52511,1,EL,1,100,-18930.800781
1752617828.216486,742827.500,52529,2,EL,1,100,-18931.199219
1752617828.282986,742894.000,52529,2,EL,1,100,-18931.599609
1752617828.349986,742961.000,52545,1,EL,1,100,-18931.400391
1752617828.416485,743027.500,52560,2,EL,1,100,-18931.199219
1752617828.482985,743094.000,52560,2,EL,1,100,-18931.199219
1752617828.549985,743161.000,52577,1,EL,1,100,-18931.400391
1752617828.616485,743227.500,52594,2,EL,1,100,-18931.400391
1752617828.682985,743294.000,52594,2,EL,1,100,-18931.400391
1752617828.749984,743361.000,52610,1,EL,1,100,-18931.400391
1752617828.816484,743427.500,52626,2,EL,1,100,-18931.599609
1752617828.882984,743494.000,52626,2,EL,1,100,-18931.599609
1752617828.949984,743561.000,52642,1,EL,1,100,-18931.800781
1752617829.016483,743627.500,52659,2,EL,1,100,-18931.599609
1752617829.082983,743694.000,52659,2,EL,1,100,-18931.599609
1752617829.149983,743761.000,52675,1,EL,1,100,-18931.800781
1752617829.216483,743827.500,52692,2,EL,1,100,-18931.800781
1752617829.282982,743894.000,52692,2,EL,1,100,-18931.599609
1752617829.349982,743961.000,52707,1,EL,1,100,-18931.599609
1752617829.416482,744027.500,52724,2,EL,1,100,-18931.599609
1752617829.482982,744094.000,52724,2,EL,1,100,-18931.599609
1752617829.549981,744161.000,52741,2,EL,1,100,-18931.400391
1752617829.616981,744228.000,52741,2,EL,1,100,-18931.599609
1752617829.682981,744294.000,52758,1,EL,1,100,-18931.599609
1752617829.749981,744361.000,52772,2,EL,1,100,-18931.400391
1752617829.816981,744428.000,52772,2,EL,1,100,-18931.400391
1752617829.882980,744494.000,52790,1,EL,1,100,-18931.599609
1752617829.949980,744561.000,52806,2,EL,1,100,-18931.599609
1752617830.016980,744628.000,52806,2,EL,1,100,-18931.800781
1752617830.082980,744694.000,52823,1,EL,1,100,-18931.800781
1752617830.149979,744761.000,52838,2,EL,1,100,-18931.800781
1752617830.216979,744828.000,52838,2,EL,1,100,-18931.800781
1752617830.282979,744894.000,52855,1,EL,1,100,-18931.599609
1752617830.349979,744961.000,52871,2,EL,1,100,-18931.599609
1752617830.416978,745028.000,52871,2,EL,1,100,-18931.400391
1752617830.482978,745094.000,52888,1,EL,1,100,-18931.599609
1752617830.549978,745161.000,52903,2,EL,1,100,-18931.599609
1752617830.616978,745228.000,52903,2,EL,1,100,-18931.199219
1752617830.682978,745294.000,52920,1,EL,1,100,-18931.599609
1752617830.749977,745361.000,52936,2,EL,1,100,-18931.599609
1752617830.816977,745428.000,52936,2,EL,1,100,-18931.400391
1752617830.882977,745494.000,52954,1,EL,1,100,-18931.599609
1752617830.949977,745561.000,52968,2,EL,1,100,-18931.000000
1752617831.016976,745628.000,52968,2,EL,1,100,-18931.199219
1752617831.082976,745694.000,52985,1,EL,1,100,-18930.800781
1752617831.149976,745761.000,53002,2,EL,1,100,-18931.199219
1752617831.216976,745828.000,53002,2,EL,1,100,-18930.800781
1752617831.282975,745894.000,53019,1,EL,1,100,-18931.000000
1752617831.349475,745960.500,53033,2,EL,1,100,-18931.400391
1752617831.415975,746027.000,53033,2,EL,1,100,-18931.400391
1752617831.482975,746094.000,53050,1,EL,1,100,-18931.599609
1752617831.549474,746160.500,53067,2,EL,1,100,-18931.400391
1752617831.615974,746227.000,53067,2,EL,1,100,-18931.400391
1752617831.682974,746294.000,53084,1,EL,1,100,-18931.400391
1752617831.749474,746360.500,53099,2,EL,1,100,-18931.599609
1752617831.815974,746427.000,53099,2,EL,1,100,-18931.599609
1752617831.882973,746494.000,53116,2,EL,1,100,-18931.599609
1752617831.949973,746561.000,53116,2,EL,1,100,-18931.599609
1752617832.015973,746627.000,53132,1,EL,1,100,-18931.800781
1752617832.082973,746694.000,53149,2,EL,1,100,-18931.599609
1752617832.149972,746761.000,53149,2,EL,1,100,-18931.599609
1752617832.215972,746827.000,53166,1,EL,1,100,-18931.800781
1752617832.282972,746894.000,53183,2,EL,1,100,-18931.599609
1752617832.349972,746961.000,53183,2,EL,1,100,-18931.599609
1752617832.415971,747027.000,53199,1,EL,1,100,-18931.599609
1752617832.482971,747094.000,53217,2,EL,1,100,-18931.599609
1752617832.549971,747161.000,53217,2,EL,1,100,-18931.599609
1752617832.615971,747227.000,53233,1,EL,1,100,-18931.599609
1752617832.682971,747294.000,53248,2,EL,1,100,-18931.800781
1752617832.749970,747361.000,53248,2,EL,1,100,-18931.400391
1752617832.815970,747427.000,53264,1,EL,1,100,-18931.599609
1752617832.882970,747494.000,53282,2,EL,1,100,-18931.400391
1752617832.949970,747561.000,53282,2,EL,1,100,-18931.599609
1752617833.015969,747627.000,53298,1,EL,1,100,-18931.800781
1752617833.082969,747694.000,53313,2,EL,1,100,-18932.000000
1752617833.149969,747761.000,53313,2,EL,1,100,-18932.000000
1752617833.215969,747827.000,53330,1,EL,1,100,-18932.000000
1752617833.282968,747894.000,53347,2,EL,1,100,-18932.599609
1752617833.349968,747961.000,53347,2,EL,1,100,-18932.400391
1752617833.415968,748027.000,53363,1,EL,1,100,-18932.400391
1752617833.482968,748094.000,53379,2,EL,1,100,-18932.599609
1752617833.549967,748161.000,53379,2,EL,1,100,-18932.400391
1752617833.615967,748227.000,53395,1,EL,1,100,-18932.599609
1752617833.682967,748294.000,53412,2,EL,1,100,-18932.400391
1752617833.749967,748361.000,53412,2,EL,1,100,-18932.199219
1752617833.815967,748427.000,53428,1,EL,1,100,-18932.199219
1752617833.882966,748494.000,53445,2,EL,1,100,-18932.599609
1752617833.949966,748561.000,53445,2,EL,1,100,-18932.599609
1752617834.015966,748627.000,53460,1,EL,1,100,-18932.400391
1752617834.082966,748694.000,53477,2,EL,1,100,-18932.599609
1752617834.149965,748761.000,53477,2,EL,1,100,-18932.599609
1752617834.216465,748827.500,53494,2,EL,1,100,-18932.400391
1752617834.282965,748894.000,53494,2,EL,1,100,-18932.599609
1752617834.349965,748961.000,53511,1,EL,1,100,-18932.599609
1752617834.416464,749027.500,53525,2,EL,1,100,-18932.599609
1752617834.482964,749094.000,53525,2,EL,1,100,-18932.599609
1752617834.549964,749161.000,53543,1,EL,1,100,-18932.599609
1752617834.616464,749227.500,53559,2,EL,1,100,-18932.599609
1752617834.682964,749294.000,53559,2,EL,1,100,-18932.599609
1752617834.748963,749360.000,53576,1,EL,1,100,-18932.800781
1752617834.815963,749427.000,53591,2,EL,1,100,-18933.000000
1752617834.882963,749494.000,53591,2,EL,1,100,-18932.800781
1752617834.948963,749560.000,53608,1,EL,1,100,-18932.800781
1752617835.015962,749627.000,53624,2,EL,1,100,-18933.199219
1752617835.082962,749694.000,53624,2,EL,1,100,-18932.800781
1752617835.148962,749760.000,53641,1,EL,1,100,-18933.199219
1752617835.215962,749827.000,53658,2,EL,1,100,-18932.800781
1752617835.282961,749894.000,53658,2,EL,1,100,-18932.599609
1752617835.348961,749960.000,53675,1,EL,1,100,-18933.199219
1752617835.415961,750027.000,53691,2,EL,1,100,-18933.000000
1752617835.482961,750094.000,53691,2,EL,1,100,-18933.599609
1752617835.548961,750160.000,53709,1,EL,1,100,-18933.199219
1752617835.615960,750227.000,53723,2,EL,1,100,-18933.199219
1752617835.682960,750294.000,53723,2,EL,1,100,-18933.000000
1752617835.748960,750360.000,53740,1,EL,1,100,-18933.199219
1752617835.815960,750427.000,53757,2,EL,1,100,-18933.199219
1752617835.882959,750494.000,53757,2,EL,1,100,-18933.400391
1752617835.948959,750560.000,53774,1,EL,1,100,-18933.400391
1752617836.015959,750627.000,53788,2,EL,1,100,-18933.400391
1752617836.082959,750694.000,53788,2,EL,1,100,-18933.000000
1752617836.148958,750760.000,53805,1,EL,1,100,-18933.199219
1752617836.215958,750827.000,53822,2,EL,1,100,-18933.599609
1752617836.282958,750894.000,53822,2,EL,1,100,-18933.199219
1752617836.348958,750960.000,53839,1,EL,1,100,-18933.599609
1752617836.415957,751027.000,53854,2,EL,1,100,-18933.800781
1752617836.482957,751094.000,53854,2,EL,1,100,-18933.400391
1752617836.548957,751160.000,53871,1,EL,1,100,-18933.599609
1752617836.615957,751227.000,53887,2,EL,1,100,-18933.599609
1752617836.682957,751294.000,53887,2,EL,1,100,-18933.800781
1752617836.749456,751360.500,53904,2,EL,1,100,-18934.000000
1752617836.815956,751427.000,53904,2,EL,1,100,-18933.599609
1752617836.882956,751494.000,53921,1,EL,1,100,-18933.400391
1752617836.949456,751560.500,53936,2,EL,1,100,-18934.000000
1752617837.015955,751627.000,53936,2,EL,1,100,-18933.800781
1752617837.082955,751694.000,53952,1,EL,1,100,-18934.000000
1752617837.149455,751760.500,53970,2,EL,1,100,-18934.199219
1752617837.215955,751827.000,53970,2,EL,1,100,-18933.800781
1752617837.282954,751894.000,53988,1,EL,1,100,-18934.199219
1752617837.349454,751960.500,54003,2,EL,1,100,-18934.599609
1752617837.415954,752027.000,54003,2,EL,1,100,-18933.599609
1752617837.482954,752094.000,54019,1,EL,1,100,-18933.400391
1752617837.549454,752160.500,54037,2,EL,1,100,-18934.000000
1752617837.615953,752227.000,54037,2,EL,1,100,-18934.800781
1752617837.681953,752293.000,54053,1,EL,1,100,-18934.800781
1752617837.748953,752360.000,54068,2,EL,1,100,-18935.000000
1752617837.815953,752427.000,54068,2,EL,1,100,-18933.400391
1752617837.882952,752494.000,54085,1,EL,1,100,-18934.199219
1752617837.949452,752560.500,54102,2,EL,1,100,-18934.199219
1752617838.015952,752627.000,54102,2,EL,1,100,-18932.800781
1752617838.081952,752693.000,54118,1,EL,1,100,-18932.199219
1752617838.148951,752760.000,54134,2,EL,1,100,-18933.800781
1752617838.215951,752827.000,54134,2,EL,1,100,-18934.000000
1752617838.281951,752893.000,54150,1,EL,1,100,-18935.000000
1752617838.348951,752960.000,54167,2,EL,1,100,-18934.599609
1752617838.415950,753027.000,54167,2,EL,1,100,-18933.000000
1752617838.481950,753093.000,54183,1,EL,1,100,-18934.400391
1752617838.548950,753160.000,54199,2,EL,1,100,-18934.599609
1752617838.615950,753227.000,54199,2,EL,1,100,-18932.400391
1752617838.681950,753293.000,54215,1,EL,1,100,-18932.199219
1752617838.748949,753360.000,54232,2,EL,1,100,-18933.800781
1752617838.815949,753427.000,54232,2,EL,1,100,-18934.599609
1752617838.881949,753493.000,54249,1,EL,1,100,-18935.400391
1752617838.948949,753560.000,54265,2,EL,1,100,-18935.800781
1752617839.015948,753627.000,54265,2,EL,1,100,-18933.199219
1752617839.081948,753693.000,54280,1,EL,1,100,-18934.000000
1752617839.148948,753760.000,54298,2,EL,1,100,-18934.599609
1752617839.215948,753827.000,54298,2,EL,1,100,-18932.599609
1752617839.282447,753893.500,54314,2,EL,1,100,-18933.000000
1752617839.348947,753960.000,54314,2,EL,1,100,-18934.800781
1752617839.415947,754027.000,54331,1,EL,1,100,-18935.400391
1752617839.482447,754093.500,54346,2,EL,1,100,-18935.800781
1752617839.548947,754160.000,54346,2,EL,1,100,-18935.000000
1752617839.615946,754227.000,54363,1,EL,1,100,-18934.199219
1752617839.682446,754293.500,54379,2,EL,1,100,-18934.800781
1752617839.748946,754360.000,54379,2,EL,1,100,-18934.000000
1752617839.815946,754427.000,54396,1,EL,1,100,-18932.800781
1752617839.882445,754493.500,54411,2,EL,1,100,-18934.400391
1752617839.948945,754560.000,54411,2,EL,1,100,-18934.800781
1752617840.015945,754627.000,54428,1,EL,1,100,-18934.800781
1752617840.082445,754693.500,54444,2,EL,1,100,-18935.599609
1752617840.148944,754760.000,54444,2,EL,1,100,-18934.199219
1752617840.215944,754827.000,54462,1,EL,1,100,-18934.400391
1752617840.282444,754893.500,54476,2,EL,1,100,-18935.000000
1752617840.348944,754960.000,54476,2,EL,1,100,-18934.199219
1752617840.415943,755027.000,54493,1,EL,1,100,-18933.800781
1752617840.482443,755093.500,54510,2,EL,1,100,-18934.800781
1752617840.548943,755160.000,54510,2,EL,1,100,-18934.800781
1752617840.615943,755227.000,54527,1,EL,1,100,-18934.800781
1752617840.682443,755293.500,54541,2,EL,1,100,-18935.199219
1752617840.748942,755360.000,54541,2,EL,1,100,-18934.599609
1752617840.815942,755427.000,54558,1,EL,1,100,-18934.800781
1752617840.882442,755493.500,54575,2,EL,1,100,-18934.800781
1752617840.948942,755560.000,54575,2,EL,1,100,-18934.599609
1752617841.015941,755627.000,54592,1,EL,1,100,-18934.400391
1752617841.082441,755693.500,54607,2,EL,1,100,-18935.000000
1752617841.148941,755760.000,54607,2,EL,1,100,-18935.400391
1752617841.215941,755827.000,54624,1,EL,1,100,-18935.000000
1752617841.282440,755893.500,54640,2,EL,1,100,-18935.000000
1752617841.348940,755960.000,54640,2,EL,1,100,-18934.800781
1752617841.415940,756027.000,54657,1,EL,1,100,-18935.199219
1752617841.482440,756093.500,54673,2,EL,1,100,-18935.199219
1752617841.548940,756160.000,54673,2,EL,1,100,-18935.000000
1752617841.615439,756226.500,54689,2,EL,1,100,-18935.000000
1752617841.681939,756293.000,54689,2,EL,1,100,-18935.199219
1752617841.748939,756360.000,54705,1,EL,1,100,-18935.199219
1752617841.815439,756426.500,54723,2,EL,1,100,-18935.199219
1752617841.881938,756493.000,54723,2,EL,1,100,-18935.199219
1752617841.948938,756560.000,54739,1,EL,1,100,-18935.199219
1752617842.015438,756626.500,54754,2,EL,1,100,-18935.199219
1752617842.081938,756693.000,54754,2,EL,1,100,-18935.199219
1752617842.148937,756760.000,54770,1,EL,1,100,-18935.199219
1752617842.215437,756826.500,54790,2,EL,1,100,-18935.400391
1752617842.281937,756893.000,54790,2,EL,1,100,-18935.400391
1752617842.348937,756960.000,54806,1,EL,1,100,-18935.000000
1752617842.415436,757026.500,54821,2,EL,1,100,-18935.400391
1752617842.481936,757093.000,54821,2,EL,1,100,-18935.199219
1752617842.548936,757160.000,54838,1,EL,1,100,-18935.199219
1752617842.615436,757226.500,54855,2,EL,1,100,-18935.199219
1752617842.681936,757293.000,54855,2,EL,1,100,-18935.400391
1752617842.748935,757360.000,54871,1,EL,1,100,-18935.199219
1752617842.815435,757426.500,54887,2,EL,1,100,-18935.599609
1752617842.881935,757493.000,54887,2,EL,1,100,-18935.400391
1752617842.948935,757560.000,54903,1,EL,1,100,-18935.400391
1752617843.015434,757626.500,54920,2,EL,1,100,-18935.400391
1752617843.081934,757693.000,54920,2,EL,1,100,-18935.599609
1752617843.148934,757760.000,54936,1,EL,1,100,-18935.599609
1752617843.215434,757826.500,54952,2,EL,1,100,-18935.599609
1752617843.281933,757893.000,54952,2,EL,1,100,-18935.599609
1752617843.348933,757960.000,54970,1,EL,1,100,-18936.000000
1752617843.415433,758026.500,54987,2,EL,1,100,-18935.599609
1752617843.481933,758093.000,54987,2,EL,1,100,-18935.400391
1752617843.548933,758160.000,55004,1,EL,1,100,-18935.800781
1752617843.615432,758226.500,55020,2,EL,1,100,-18935.599609
1752617843.681932,758293.000,55020,2,EL,1,100,-18935.800781
1752617843.748932,758360.000,55035,1,EL,1,100,-18935.800781
1752617843.815432,758426.500,55053,2,EL,1,100,-18936.199219
1752617843.881931,758493.000,55053,2,EL,1,100,-18936.400391
1752617843.948931,758560.000,55069,1,EL,1,100,-18936.199219
1752617844.015431,758626.500,55085,2,EL,1,100,-18936.199219
1752617844.081931,758693.000,55085,2,EL,1,100,-18936.400391
1752617844.148430,758759.500,55101,2,EL,1,100,-18936.199219
1752617844.214930,758826.000,55101,2,EL,1,100,-18936.199219
1752617844.281930,758893.000,55118,1,EL,1,100,-18936.400391
1752617844.348430,758959.500,55134,2,EL,1,100,-18936.400391
1752617844.414929,759026.000,55134,2,EL,1,100,-18936.400391
1752617844.481929,759093.000,55151,1,EL,1,100,-18936.400391
1752617844.548429,759159.500,55166,2,EL,1,100,-18936.400391
1752617844.614929,759226.000,55166,2,EL,1,100,-18936.400391
1752617844.681929,759293.000,55183,1,EL,1,100,-18936.400391
1752617844.748428,759359.500,55199,2,EL,1,100,-18936.400391
1752617844.814928,759426.000,55199,2,EL,1,100,-18936.199219
1752617844.881928,759493.000,55217,1,EL,1,100,-18936.400391
1752617844.948428,759559.500,55231,2,EL,1,100,-18936.800781
1752617845.014927,759626.000,55231,2,EL,1,100,-18936.599609
1752617845.081927,759693.000,55248,1,EL,1,100,-18936.599609
1752617845.148427,759759.500,55265,2,EL,1,100,-18936.599609
1752617845.214927,759826.000,55265,2,EL,1,100,-18936.599609
1752617845.281926,759893.000,55282,1,EL,1,100,-18936.599609
1752617845.348426,759959.500,55296,2,EL,1,100,-18937.000000
1752617845.414926,760026.000,55296,2,EL,1,100,-18936.599609
1752617845.481926,760093.000,55313,1,EL,1,100,-18936.800781
1752617845.548426,760159.500,55330,2,EL,1,100,-18937.000000
1752617845.614925,760226.000,55330,2,EL,1,100,-18936.800781
1752617845.681925,760293.000,55347,1,EL,1,100,-18937.000000
1752617845.748425,760359.500,55361,2,EL,1,100,-18936.400391
1752617845.814925,760426.000,55361,2,EL,1,100,-18936.800781
1752617845.881924,760493.000,55379,1,EL,1,100,-18937.000000
1752617845.948424,760559.500,55395,2,EL,1,100,-18937.199219
1752617846.014924,760626.000,55395,2,EL,1,100,-18937.199219
1752617846.081924,760693.000,55412,1,EL,1,100,-18937.400391
1752617846.148423,760759.500,55428,2,EL,1,100,-18937.199219
1752617846.214923,760826.000,55428,2,EL,1,100,-18937.199219
1752617846.281923,760893.000,55444,1,EL,1,100,-18937.199219
1752617846.348423,760959.500,55460,2,EL,1,100,-18937.000000
1752617846.414922,761026.000,55460,2,EL,1,100,-18936.599609
1752617846.481922,761093.000,55477,1,EL,1,100,-18936.800781
1752617846.548422,761159.500,55493,2,EL,1,100,-18936.800781
1752617846.614922,761226.000,55493,2,EL,1,100,-18937.199219
1752617846.681422,761292.500,55509,2,EL,1,100,-18937.199219
1752617846.747921,761359.000,55509,2,EL,1,100,-18937.199219
1752617846.814921,761426.000,55525,1,EL,1,100,-18937.000000
1752617846.881421,761492.500,55543,2,EL,1,100,-18937.000000
1752617846.947921,761559.000,55543,2,EL,1,100,-18937.400391
1752617847.014920,761626.000,55559,1,EL,1,100,-18937.400391
1752617847.081420,761692.500,55574,2,EL,1,100,-18937.199219
1752617847.147920,761759.000,55574,2,EL,1,100,-18937.199219
1752617847.214920,761826.000,55591,1,EL,1,100,-18937.400391
1752617847.281419,761892.500,55610,2,EL,1,100,-18937.400391
1752617847.347919,761959.000,55610,2,EL,1,100,-18937.400391
1752617847.414919,762026.000,55626,1,EL,1,100,-18937.599609
1752617847.481419,762092.500,55642,2,EL,1,100,-18937.800781
1752617847.547919,762159.000,55642,2,EL,1,100,-18937.400391
1752617847.614918,762226.000,55658,1,EL,1,100,-18937.400391
1752617847.681418,762292.500,55675,2,EL,1,100,-18937.800781
1752617847.747918,762359.000,55675,2,EL,1,100,-18937.599609
1752617847.814918,762426.000,55691,1,EL,1,100,-18937.400391
1752617847.881417,762492.500,55707,2,EL,1,100,-18937.400391
1752617847.947917,762559.000,55707,2,EL,1,100,-18937.599609
1752617848.014917,762626.000,55723,1,EL,1,100,-18937.800781
1752617848.081417,762692.500,55740,2,EL,1,100,-18937.800781
1752617848.147916,762759.000,55740,2,EL,1,100,-18937.400391
1752617848.214916,762826.000,55757,1,EL,1,100,-18937.199219
1752617848.281416,762892.500,55772,2,EL,1,100,-18937.400391
1752617848.347916,762959.000,55772,2,EL,1,100,-18937.599609
1752617848.414915,763026.000,55788,1,EL,1,100,-18937.599609
1752617848.481415,763092.500,55806,2,EL,1,100,-18937.199219
1752617848.547915,763159.000,55806,2,EL,1,100,-18937.599609
1752617848.614915,763226.000,55822,1,EL,1,100,-18937.400391
1752617848.681415,763292.500,55838,2,EL,1,100,-18937.800781
1752617848.747914,763359.000,55838,2,EL,1,100,-18937.400391
1752617848.814914,763426.000,55853,1,EL,1,100,-18937.599609
1752617848.881414,763492.500,55871,2,EL,1,100,-18937.800781
1752617848.947914,763559.000,55871,2,EL,1,100,-18937.599609
1752617849.014913,763626.000,55887,1,EL,1,100,-18937.599609
1752617849.081413,763692.500,55903,2,EL,1,100,-18938.400391
1752617849.147913,763759.000,55903,2,EL,1,100,-18937.800781
1752617849.214413,763825.500,55919,2,EL,1,100,-18937.800781
1752617849.280912,763892.000,55919,2,EL,1,100,-18937.800781
1752617849.347912,763959.000,55936,1,EL,1,100,-18938.000000
1752617849.414412,764025.500,55952,2,EL,1,100,-18938.000000
1752617849.480912,764092.000,55952,2,EL,1,100,-18937.800781
1752617849.547912,764159.000,55970,1,EL,1,100,-18937.400391
1752617849.614411,764225.500,55984,2,EL,1,100,-18937.400391
1752617849.680911,764292.000,55984,2,EL,1,100,-18938.000000
1752617849.747911,764359.000,56001,1,EL,1,100,-18937.599609
1752617849.814411,764425.500,56018,2,EL,1,100,-18937.400391
1752617849.880910,764492.000,56018,2,EL,1,100,-18937.599609
1752617849.947910,764559.000,56035,1,EL,1,100,-18937.800781
1752617850.014410,764625.500,56049,2,EL,1,100,-18938.000000
1752617850.080910,764692.000,56049,2,EL,1,100,-18937.599609
1752617850.147909,764759.000,56068,1,EL,1,100,-18938.199219
1752617850.214409,764825.500,56085,2,EL,1,100,-18937.800781
1752617850.280909,764892.000,56085,2,EL,1,100,-18937.800781
1752617850.347909,764959.000,56102,1,EL,1,100,-18938.199219
1752617850.414408,765025.500,56116,2,EL,1,100,-18938.400391
1752617850.480908,765092.000,56116,2,EL,1,100,-18937.599609
1752617850.547908,765159.000,56134,1,EL,1,100,-18937.800781
1752617850.614408,765225.500,56150,2,EL,1,100,-18937.800781
1752617850.680908,765292.000,56150,2,EL,1,100,-18938.199219
1752617850.747907,765359.000,56167,1,EL,1,100,-18938.199219
1752617850.814407,765425.500,56182,2,EL,1,100,-18938.199219
1752617850.880907,765492.000,56182,2,EL,1,100,-18938.199219
1752617850.947907,765559.000,56199,1,EL,1,100,-18938.199219
1752617851.014406,765625.500,56215,2,EL,1,100,-18938.199219
1752617851.080906,765692.000,56215,2,EL,1,100,-18938.199219
1752617851.147906,765759.000,56232,1,EL,1,100,-18938.199219
1752617851.214406,765825.500,56248,2,EL,1,100,-18938.199219
1752617851.280905,765892.000,56248,2,EL,1,100,-18938.199219
1752617851.347905,765959.000,56264,1,EL,1,100,-18938.400391
1752617851.414405,766025.500,56280,2,EL,1,100,-18938.599609
1752617851.480905,766092.000,56280,2,EL,1,100,-18938.800781
1752617851.547905,766159.000,56298,1,EL,1,100,-18938.599609
1752617851.614404,766225.500,56313,2,EL,1,100,-18938.199219
1752617851.680904,766292.000,56313,2,EL,1,100,-18938.800781
1752617851.747404,766358.500,56329,2,EL,1,100,-18938.599609
1752617851.813904,766425.000,56329,2,EL,1,100,-18938.800781
1752617851.880903,766492.000,56346,1,EL,1,100,-18938.800781
1752617851.947403,766558.500,56363,2,EL,1,100,-18938.800781
1752617852.013903,766625.000,56363,2,EL,1,100,-18938.599609
1752617852.080903,766692.000,56379,1,EL,1,100,-18938.800781
1752617852.147402,766758.500,56395,2,EL,1,100,-18938.599609
1752617852.213902,766825.000,56395,2,EL,1,100,-18938.800781
1752617852.280902,766892.000,56413,1,EL,1,100,-18938.599609
1752617852.347402,766958.500,56430,2,EL,1,100,-18938.800781
1752617852.413902,767025.000,56430,2,EL,1,100,-18939.000000
1752617852.480901,767092.000,56446,1,EL,1,100,-18938.800781
1752617852.547401,767158.500,56462,2,EL,1,100,-18938.800781
1752617852.613901,767225.000,56462,2,EL,1,100,-18938.800781
1752617852.680901,767292.000,56478,1,EL,1,100,-18938.800781
1752617852.747400,767358.500,56495,2,EL,1,100,-18939.000000
1752617852.813900,767425.000,56495,2,EL,1,100,-18938.800781
1752617852.880900,767492.000,56512,1,EL,1,100,-18938.800781
1752617852.947400,767558.500,56527,2,EL,1,100,-18939.000000
1752617853.013899,767625.000,56527,2,EL,1,100,-18938.800781
1752617853.080899,767692.000,56543,1,EL,1,100,-18938.800781
1752617853.147399,767758.500,56561,2,EL,1,100,-18939.199219
1752617853.213899,767825.000,56561,2,EL,1,100,-18939.199219
1752617853.280898,767892.000,56577,1,EL,1,100,-18939.199219
1752617853.347398,767958.500,56592,2,EL,1,100,-18939.000000
1752617853.413898,768025.000,56592,2,EL,1,100,-18939.199219
1752617853.480898,768092.000,56608,1,EL,1,100,-18939.199219
1752617853.547398,768158.500,56626,2,EL,1,100,-18939.199219
1752617853.613897,768225.000,56626,2,EL,1,100,-18939.199219
1752617853.680897,768292.000,56642,1,EL,1,100,-18939.000000
1752617853.747397,768358.500,56658,2,EL,1,100,-18939.199219
1752617853.813897,768425.000,56658,2,EL,1,100,-18939.000000
1752617853.880896,768492.000,56674,1,EL,1,100,-18939.000000
1752617853.947396,768558.500,56691,2,EL,1,100,-18939.199219
1752617854.013896,768625.000,56691,2,EL,1,100,-18939.199219
1752617854.080896,768692.000,56707,1,EL,1,100,-18939.199219
1752617854.147395,768758.500,56724,2,EL,1,100,-18939.599609
1752617854.213895,768825.000,56724,2,EL,1,100,-18939.400391
1752617854.280895,768892.000,56739,2,EL,1,100,-18939.199219
1752617854.347895,768959.000,56739,2,EL,1,100,-18939.199219
1752617854.413895,769025.000,56756,1,EL,1,100,-18939.199219
1752617854.480894,769092.000,56773,2,EL,1,100,-18939.599609
1752617854.547894,769159.000,56773,2,EL,1,100,-18939.800781
1752617854.613894,769225.000,56790,1,EL,1,100,-18939.800781
1752617854.680394,769291.500,56804,2,EL,1,100,-18940.000000
1752617854.746893,769358.000,56804,2,EL,1,100,-18939.800781
1752617854.813893,769425.000,56821,1,EL,1,100,-18939.800781
1752617854.880393,769491.500,56838,2,EL,1,100,-18939.599609
1752617854.946893,769558.000,56838,2,EL,1,100,-18939.199219
1752617855.013892,769625.000,56855,1,EL,1,100,-18939.599609
1752617855.080392,769691.500,56869,2,EL,1,100,-18939.599609
1752617855.146892,769758.000,56869,2,EL,1,100,-18939.800781
1752617855.213892,769825.000,56887,1,EL,1,100,-18940.000000
1752617855.280391,769891.500,56903,2,EL,1,100,-18939.800781
1752617855.346891,769958.000,56903,2,EL,1,100,-18939.800781
1752617855.413891,770025.000,56920,1,EL,1,100,-18940.000000
1752617855.480391,770091.500,56935,2,EL,1,100,-18940.400391
1752617855.546891,770158.000,56935,2,EL,1,100,-18940.199219
1752617855.613890,770225.000,56952,1,EL,1,100,-18940.199219
1752617855.680390,770291.500,56968,2,EL,1,100,-18939.800781
1752617855.746890,770358.000,56968,2,EL,1,100,-18939.800781
1752617855.813890,770425.000,56985,1,EL,1,100,-18939.800781
1752617855.880389,770491.500,57000,2,EL,1,100,-18939.800781
1752617855.946889,770558.000,57000,2,EL,1,100,-18940.000000
1752617856.013889,770625.000,57017,1,EL,1,100,-18940.199219
1752617856.080389,770691.500,57033,2,EL,1,100,-18940.400391
1752617856.146888,770758.000,57033,2,EL,1,100,-18939.800781
1752617856.213888,770825.000,57051,1,EL,1,100,-18940.000000
1752617856.280388,770891.500,57066,2,EL,1,100,-18940.199219
1752617856.346888,770958.000,57066,2,EL,1,100,-18940.000000
1752617856.413888,771025.000,57082,1,EL,1,100,-18940.000000
1752617856.480387,771091.500,57099,2,EL,1,100,-18940.400391
1752617856.546887,771158.000,57099,2,EL,1,100,-18940.199219
1752617856.613887,771225.000,57116,1,EL,1,100,-18940.599609
1752617856.680387,771291.500,57131,2,EL,1,100,-18940.800781
1752617856.746886,771358.000,57131,2,EL,1,100,-18940.599609
1752617856.813886,771425.000,57148,2,EL,1,100,-18940.400391
1752617856.880886,771492.000,57148,2,EL,1,100,-18940.400391
1752617856.946886,771558.000,57164,1,EL,1,100,-18940.599609
1752617857.013885,771625.000,57181,2,EL,1,100,-18940.599609
1752617857.080885,771692.000,57181,2,EL,1,100,-18940.400391
1752617857.146885,771758.000,57197,1,EL,1,100,-18940.199219
1752617857.213885,771825.000,57215,2,EL,1,100,-18940.000000
1752617857.280884,771892.000,57215,2,EL,1,100,-18940.199219
1752617857.346884,771958.000,57231,1,EL,1,100,-18939.800781
1752617857.413884,772025.000,57248,2,EL,1,100,-18939.800781
1752617857.480884,772092.000,57248,2,EL,1,100,-18939.599609
1752617857.546884,772158.000,57265,1,EL,1,100,-18939.599609
1752617857.613883,772225.000,57280,2,EL,1,100,-18939.800781
1752617857.680883,772292.000,57280,2,EL,1,100,-18939.599609
1752617857.746883,772358.000,57296,1,EL,1,100,-18940.000000
1752617857.813883,772425.000,57314,2,EL,1,100,-18939.599609
1752617857.880882,772492.000,57314,2,EL,1,100,-18940.000000
1752617857.946882,772558.000,57332,1,EL,1,100,-18939.800781
1752617858.013382,772624.500,57347,2,EL,1,100,-18939.599609
1752617858.079882,772691.000,57347,2,EL,1,100,-18939.599609
1752617858.146881,772758.000,57363,1,EL,1,100,-18939.599609
1752617858.213381,772824.500,57381,2,EL,1,100,-18939.800781
1752617858.279881,772891.000,57381,2,EL,1,100,-18939.599609
1752617858.346881,772958.000,57397,1,EL,1,100,-18939.599609
1752617858.413381,773024.500,57412,2,EL,1,100,-18939.800781
1752617858.479880,773091.000,57412,2,EL,1,100,-18939.599609
1752617858.546880,773158.000,57429,1,EL,1,100,-18939.599609
1752617858.613380,773224.500,57446,2,EL,1,100,-18939.599609
1752617858.679880,773291.000,57446,2,EL,1,100,-18939.599609
1752617858.746879,773358.000,57462,1,EL,1,100,-18939.599609
1752617858.813379,773424.500,57479,2,EL,1,100,-18939.599609
1752617858.879879,773491.000,57479,2,EL,1,100,-18939.800781
1752617858.946879,773558.000,57494,1,EL,1,100,-18939.599609
1752617859.013378,773624.500,57511,2,EL,1,100,-18939.800781
1752617859.079878,773691.000,57511,2,EL,1,100,-18939.599609
1752617859.146878,773758.000,57527,1,EL,1,100,-18939.599609
1752617859.213378,773824.500,57544,2,EL,1,100,-18940.000000
1752617859.279877,773891.000,57544,2,EL,1,100,-18940.199219
1752617859.346877,773958.000,57559,2,EL,1,100,-18939.800781
1752617859.413877,774025.000,57559,2,EL,1,100,-18940.199219
1752617859.479877,774091.000,57576,1,EL,1,100,-18940.199219
1752617859.546877,774158.000,57593,2,EL,1,100,-18939.599609
1752617859.613876,774225.000,57593,2,EL,1,100,-18939.800781
1752617859.679876,774291.000,57610,1,EL,1,100,-18940.000000
1752617859.746876,774358.000,57624,2,EL,1,100,-18940.000000
1752617859.813876,774425.000,57624,2,EL,1,100,-18939.800781
1752617859.879875,774491.000,57642,1,EL,1,100,-18939.800781
1752617859.946875,774558.000,57658,2,EL,1,100,-18939.800781
1752617860.013875,774625.000,57658,2,EL,1,100,-18940.000000
1752617860.079875,774691.000,57677,1,EL,1,100,-18940.199219
1752617860.146874,774758.000,57692,2,EL,1,100,-18940.199219
1752617860.213874,774825.000,57692,2,EL,1,100,-18940.199219
1752617860.279874,774891.000,57709,1,EL,1,100,-18940.400391
1752617860.346874,774958.000,57725,2,EL,1,100,-18940.000000
1752617860.413874,775025.000,57725,2,EL,1,100,-18940.400391
1752617860.479873,775091.000,57742,1,EL,1,100,-18940.400391
1752617860.546873,775158.000,57757,2,EL,1,100,-18940.800781
1752617860.613873,775225.000,57757,2,EL,1,100,-18940.199219
1752617860.679873,775291.000,57774,1,EL,1,100,-18940.599609
1752617860.746872,775358.000,57792,2,EL,1,100,-18940.800781
1752617860.813872,775425.000,57792,2,EL,1,100,-18940.599609
1752617860.879872,775491.000,57810,1,EL,1,100,-18940.400391
1752617860.946872,775558.000,57824,2,EL,1,100,-18940.800781
1752617861.013871,775625.000,57824,2,EL,1,100,-18940.599609
1752617861.079871,775691.000,57841,1,EL,1,100,-18940.599609
1752617861.146871,775758.000,57858,2,EL,1,100,-18940.800781
1752617861.213871,775825.000,57858,2,EL,1,100,-18940.800781
1752617861.279870,775891.000,57875,1,EL,1,100,-18940.800781
1752617861.346370,775957.500,57889,2,EL,1,100,-18940.800781
1752617861.412870,776024.000,57889,2,EL,1,100,-18940.599609
1752617861.479870,776091.000,57906,1,EL,1,100,-18940.800781
1752617861.546370,776157.500,57923,2,EL,1,100,-18940.800781
1752617861.612869,776224.000,57923,2,EL,1,100,-18940.599609
1752617861.679869,776291.000,57940,1,EL,1,100,-18940.800781
1752617861.746369,776357.500,57955,2,EL,1,100,-18941.199219
1752617861.812869,776424.000,57955,2,EL,1,100,-18940.800781
1752617861.879868,776491.000,57972,2,EL,1,100,-18940.800781
1752617861.946868,776558.000,57972,2,EL,1,100,-18941.199219
1752617862.012868,776624.000,57988,1,EL,1,100,-18941.199219
1752617862.079868,776691.000,58005,2,EL,1,100,-18941.000000
1752617862.146867,776758.000,58005,2,EL,1,100,-18941.199219
1752617862.212867,776824.000,58022,1,EL,1,100,-18941.199219
1752617862.279867,776891.000,58039,2,EL,1,100,-18940.800781
1752617862.346867,776958.000,58039,2,EL,1,100,-18941.199219
1752617862.412867,777024.000,58055,1,EL,1,100,-18941.400391
1752617862.479866,777091.000,58073,2,EL,1,100,-18941.599609
1752617862.546866,777158.000,58073,2,EL,1,100,-18941.400391
1752617862.612866,777224.000,58089,1,EL,1,100,-18941.000000
1752617862.679866,777291.000,58104,2,EL,1,100,-18941.400391
1752617862.746865,777358.000,58104,2,EL,1,100,-18941.599609
1752617862.812865,777424.000,58120,1,EL,1,100,-18941.800781
1752617862.879865,777491.000,58138,2,EL,1,100,-18941.800781
1752617862.946865,777558.000,58138,2,EL,1,100,-18941.599609
1752617863.012864,777624.000,58154,1,EL,1,100,-18941.800781
1752617863.079864,777691.000,58169,2,EL,1,100,-18942.000000
1752617863.146864,777758.000,58169,2,EL,1,100,-18942.400391
1752617863.212864,777824.000,58186,1,EL,1,100,-18942.199219
1752617863.279863,777891.000,58205,2,EL,1,100,-18942.199219
1752617863.346863,777958.000,58205,2,EL,1,100,-18942.199219
1752617863.412863,778024.000,58221,1,EL,1,100,-18942.000000
1752617863.479863,778091.000,58237,2,EL,1,100,-18942.400391
1752617863.546863,778158.000,58237,2,EL,1,100,-18942.199219
1752617863.612862,778224.000,58253,1,EL,1,100,-18942.199219
1752617863.679862,778291.000,58270,2,EL,1,100,-18942.199219
1752617863.746862,778358.000,58270,2,EL,1,100,-18942.199219
1752617863.812862,778424.000,58286,1,EL,1,100,-18942.199219
1752617863.879861,778491.000,58302,2,EL,1,100,-18942.400391
1752617863.946861,778558.000,58302,2,EL,1,100,-18942.199219
1752617864.012861,778624.000,58318,1,EL,1,100,-18942.599609
1752617864.079861,778691.000,58335,2,EL,1,100,-18942.800781
1752617864.146860,778758.000,58335,2,EL,1,100,-18942.599609
1752617864.212860,778824.000,58352,1,EL,1,100,-18942.800781
1752617864.279860,778891.000,58368,2,EL,1,100,-18942.599609
1752617864.346860,778958.000,58368,2,EL,1,100,-18942.400391
1752617864.413360,779024.500,58383,2,EL,1,100,-18942.800781
1752617864.479859,779091.000,58383,2,EL,1,100,-18942.800781
1752617864.546859,779158.000,58401,1,EL,1,100,-18942.599609
1752617864.613359,779224.500,58417,2,EL,1,100,-18942.599609
1752617864.679859,779291.000,58417,2,EL,1,100,-18942.800781
1752617864.745858,779357.000,58434,1,EL,1,100,-18942.599609
1752617864.812858,779424.000,58449,2,EL,1,100,-18942.800781
1752617864.879858,779491.000,58449,2,EL,1,100,-18942.400391
1752617864.945858,779557.000,58466,1,EL,1,100,-18942.800781
1752617865.012857,779624.000,58482,2,EL,1,100,-18943.000000
1752617865.079857,779691.000,58482,2,EL,1,100,-18942.400391
1752617865.145857,779757.000,58499,1,EL,1,100,-18942.800781
1752617865.212857,779824.000,58514,2,EL,1,100,-18943.199219
1752617865.279856,779891.000,58514,2,EL,1,100,-18942.800781
1752617865.345856,779957.000,58531,1,EL,1,100,-18942.800781
1752617865.412856,780024.000,58547,2,EL,1,100,-18943.000000
1752617865.479856,780091.000,58547,2,EL,1,100,-18942.800781
1752617865.545856,780157.000,58565,1,EL,1,100,-18943.000000
1752617865.612855,780224.000,58579,2,EL,1,100,-18943.000000
1752617865.679855,780291.000,58579,2,EL,1,100,-18943.400391
1752617865.745855,780357.000,58596,1,EL,1,100,-18943.400391
1752617865.812855,780424.000,58613,2,EL,1,100,-18943.199219
1752617865.879854,780491.000,58613,2,EL,1,100,-18943.400391
1752617865.945854,780557.000,58630,1,EL,1,100,-18943.199219
1752617866.012854,780624.000,58644,2,EL,1,100,-18943.000000
1752617866.079854,780691.000,58644,2,EL,1,100,-18943.199219
1752617866.145853,780757.000,58661,1,EL,1,100,-18943.199219
1752617866.212853,780824.000,58678,2,EL,1,100,-18943.400391
1752617866.279853,780891.000,58678,2,EL,1,100,-18943.000000
1752617866.345853,780957.000,58695,1,EL,1,100,-18942.599609
1752617866.412853,781024.000,58709,2,EL,1,100,-18943.000000
1752617866.479852,781091.000,58709,2,EL,1,100,-18943.199219
1752617866.545852,781157.000,58727,1,EL,1,100,-18943.000000
1752617866.612852,781224.000,58743,2,EL,1,100,-18942.800781
1752617866.679852,781291.000,58743,2,EL,1,100,-18943.000000
1752617866.745851,781357.000,58760,1,EL,1,100,-18943.000000
1752617866.812851,781424.000,58776,2,EL,1,100,-18943.000000
1752617866.879851,781491.000,58776,2,EL,1,100,-18943.000000
1752617866.946351,781557.500,58792,2,EL,1,100,-18943.000000
1752617867.012850,781624.000,58792,2,EL,1,100,-18943.000000
1752617867.079850,781691.000,58808,1,EL,1,100,-18943.000000
1752617867.146350,781757.500,58826,2,EL,1,100,-18943.000000
1752617867.212850,781824.000,58826,2,EL,1,100,-18943.199219
1752617867.279849,781891.000,58844,1,EL,1,100,-18943.199219
1752617867.346349,781957.500,58859,2,EL,1,100,-18943.400391
1752617867.412849,782024.000,58859,2,EL,1,100,-18943.400391
1752617867.479849,782091.000,58875,1,EL,1,100,-18943.199219
1752617867.546349,782157.500,58893,2,EL,1,100,-18943.199219
1752617867.612848,782224.000,58893,2,EL,1,100,-18943.400391
1752617867.679848,782291.000,58909,1,EL,1,100,-18943.199219
1752617867.746348,782357.500,58924,2,EL,1,100,-18943.000000
1752617867.812848,782424.000,58924,2,EL,1,100,-18943.000000
1752617867.879847,782491.000,58941,1,EL,1,100,-18942.400391
1752617867.946347,782557.500,58958,2,EL,1,100,-18943.000000
1752617868.012847,782624.000,58958,2,EL,1,100,-18943.000000
1752617868.078847,782690.000,58974,1,EL,1,100,-18943.199219
1752617868.145846,782757.000,58990,2,EL,1,100,-18943.199219
1752617868.212846,782824.000,58990,2,EL,1,100,-18943.199219
1752617868.278846,782890.000,59006,1,EL,1,100,-18943.000000
1752617868.345846,782957.000,59023,2,EL,1,100,-18943.199219
1752617868.412846,783024.000,59023,2,EL,1,100,-18943.400391
1752617868.478845,783090.000,59039,1,EL,1,100,-18943.400391
1752617868.545845,783157.000,59055,2,EL,1,100,-18943.400391
1752617868.612845,783224.000,59055,2,EL,1,100,-18943.400391
1752617868.678845,783290.000,59071,1,EL,1,100,-18943.400391
1752617868.745844,783357.000,59088,2,EL,1,100,-18943.599609
1752617868.812844,783424.000,59088,2,EL,1,100,-18943.400391
1752617868.878844,783490.000,59105,1,EL,1,100,-18943.400391
1752617868.945844,783557.000,59120,2,EL,1,100,-18943.400391
1752617869.012843,783624.000,59120,2,EL,1,100,-18943.400391
1752617869.078843,783690.000,59136,1,EL,1,100,-18943.599609
1752617869.145843,783757.000,59154,2,EL,1,100,-18943.599609
1752617869.212843,783824.000,59154,2,EL,1,100,-18943.400391
1752617869.279343,783890.500,59170,2,EL,1,100,-18943.400391
1752617869.345842,783957.000,59170,2,EL,1,100,-18943.400391
1752617869.412842,784024.000,59187,1,EL,1,100,-18943.599609
1752617869.479342,784090.500,59202,2,EL,1,100,-18943.599609
1752617869.545842,784157.000,59202,2,EL,1,100,-18943.800781
1752617869.612841,784224.000,59219,1,EL,1,100,-18943.400391
1752617869.679341,784290.500,59235,2,EL,1,100,-18943.800781
1752617869.745841,784357.000,59235,2,EL,1,100,-18943.599609
1752617869.812841,784424.000,59252,1,EL,1,100,-18943.400391
1752617869.879340,784490.500,59267,2,EL,1,100,-18943.400391
1752617869.945840,784557.000,59267,2,EL,1,100,-18943.599609
1752617870.012840,784624.000,59284,1,EL,1,100,-18943.599609
1752617870.079340,784690.500,59300,2,EL,1,100,-18943.599609
1752617870.145839,784757.000,59300,2,EL,1,100,-18943.800781
1752617870.212839,784824.000,59318,1,EL,1,100,-18943.599609
1752617870.279339,784890.500,59332,2,EL,1,100,-18943.800781
1752617870.345839,784957.000,59332,2,EL,1,100,-18943.800781
1752617870.412839,785024.000,59349,1,EL,1,100,-18943.800781
1752617870.479338,785090.500,59366,2,EL,1,100,-18943.800781
1752617870.545838,785157.000,59366,2,EL,1,100,-18943.400391
1752617870.612838,785224.000,59383,1,EL,1,100,-18943.400391
1752617870.679338,785290.500,59397,2,EL,1,100,-18943.400391
1752617870.745837,785357.000,59397,2,EL,1,100,-18943.599609
1752617870.812837,785424.000,59414,1,EL,1,100,-18944.000000
1752617870.879337,785490.500,59431,2,EL,1,100,-18943.400391
1752617870.945837,785557.000,59431,2,EL,1,100,-18943.800781
1752617871.012836,785624.000,59448,1,EL,1,100,-18943.800781
1752617871.079336,785690.500,59462,2,EL,1,100,-18944.000000
1752617871.145836,785757.000,59462,2,EL,1,100,-18943.800781
1752617871.212836,785824.000,59480,1,EL,1,100,-18944.000000
1752617871.279336,785890.500,59496,2,EL,1,100,-18943.800781
1752617871.345835,785957.000,59496,2,EL,1,100,-18944.199219
1752617871.412835,786024.000,59513,1,EL,1,100,-18944.000000
1752617871.479335,786090.500,59529,2,EL,1,100,-18944.199219
1752617871.545835,786157.000,59529,2,EL,1,100,-18944.199219
1752617871.611834,786223.000,59545,1,EL,1,100,-18943.800781
1752617871.678834,786290.000,59561,2,EL,1,100,-18943.800781
1752617871.745834,786357.000,59561,2,EL,1,100,-18944.199219
1752617871.812334,786423.500,59579,2,EL,1,100,-18944.199219
1752617871.878833,786490.000,59579,2,EL,1,100,-18944.400391
1752617871.945833,786557.000,59595,1,EL,1,100,-18943.599609
1752617872.012333,786623.500,59610,2,EL,1,100,-18944.000000
1752617872.078833,786690.000,59610,2,EL,1,100,-18944.400391
1752617872.145832,786757.000,59626,1,EL,1,100,-18944.199219
1752617872.212332,786823.500,59646,2,EL,1,100,-18944.400391
1752617872.278832,786890.000,59646,2,EL,1,100,-18944.400391
1752617872.345832,786957.000,59662,1,EL,1,100,-18943.800781
1752617872.412332,787023.500,59677,2,EL,1,100,-18944.199219
1752617872.478831,787090.000,59677,2,EL,1,100,-18944.199219
1752617872.545831,787157.000,59694,1,EL,1,100,-18944.199219
1752617872.612331,787223.500,59711,2,EL,1,100,-18944.400391
1752617872.678831,787290.000,59711,2,EL,1,100,-18944.400391
1752617872.745830,787357.000,59727,1,EL,1,100,-18944.400391
1752617872.812330,787423.500,59743,2,EL,1,100,-18944.400391
1752617872.878830,787490.000,59743,2,EL,1,100,-18944.400391
1752617872.945830,787557.000,59759,1,EL,1,100,-18944.400391
1752617873.012329,787623.500,59776,2,EL,1,100,-18944.400391
1752617873.078829,787690.000,59776,2,EL,1,100,-18944.400391
1752617873.145829,787757.000,59792,1,EL,1,100,-18944.599609
1752617873.212329,787823.500,59808,2,EL,1,100,-18944.199219
1752617873.278829,787890.000,59808,2,EL,1,100,-18944.400391
1752617873.345828,787957.000,59824,1,EL,1,100,-18944.400391
1752617873.412328,788023.500,59841,2,EL,1,100,-18944.599609
1752617873.478828,788090.000,59841,2,EL,1,100,-18944.599609
1752617873.545828,788157.000,59858,1,EL,1,100,-18944.400391
1752617873.612327,788223.500,59873,2,EL,1,100,-18944.400391
1752617873.678827,788290.000,59873,2,EL,1,100,-18944.400391
1752617873.745827,788357.000,59889,1,EL,1,100,-18944.400391
1752617873.812327,788423.500,59907,2,EL,1,100,-18944.800781
1752617873.878826,788490.000,59907,2,EL,1,100,-18944.599609
1752617873.945826,788557.000,59923,1,EL,1,100,-18945.000000
1752617874.012326,788623.500,59939,2,EL,1,100,-18945.199219
1752617874.078826,788690.000,59939,2,EL,1,100,-18944.800781
1752617874.145325,788756.500,59955,2,EL,1,100,-18945.199219
1752617874.211825,788823.000,59955,2,EL,1,100,-18945.000000
1752617874.278825,788890.000,59972,1,EL,1,100,-18944.800781
1752617874.345325,788956.500,59988,2,EL,1,100,-18945.000000
1752617874.411825,789023.000,59988,2,EL,1,100,-18945.400391
1752617874.478824,789090.000,60005,1,EL,1,100,-18945.000000
1752617874.545324,789156.500,60022,2,EL,1,100,-18945.199219
1752617874.611824,789223.000,60022,2,EL,1,100,-18945.199219
1752617874.678824,789290.000,60039,1,EL,1,100,-18945.400391
1752617874.745323,789356.500,60055,2,EL,1,100,-18945.400391
1752617874.811823,789423.000,60055,2,EL,1,100,-18945.400391
1752617874.878823,789490.000,60073,1,EL,1,100,-18945.199219
1752617874.945323,789556.500,60087,2,EL,1,100,-18945.400391
1752617875.011822,789623.000,60087,2,EL,1,100,-18945.199219
1752617875.078822,789690.000,60104,1,EL,1,100,-18945.000000
1752617875.145322,789756.500,60121,2,EL,1,100,-18945.400391
1752617875.211822,789823.000,60121,2,EL,1,100,-18945.199219
1752617875.278822,789890.000,60138,1,EL,1,100,-18945.199219
1752617875.345321,789956.500,60152,2,EL,1,100,-18945.199219
1752617875.411821,790023.000,60152,2,EL,1,100,-18945.199219
1752617875.478821,790090.000,60169,1,EL,1,100,-18945.199219
1752617875.545321,790156.500,60186,2,EL,1,100,-18945.400391
1752617875.611820,790223.000,60186,2,EL,1,100,-18945.400391
1752617875.678820,790290.000,60203,1,EL,1,100,-18945.400391
1752617875.745320,790356.500,60219,2,EL,1,100,-18945.400391
1752617875.811820,790423.000,60219,2,EL,1,100,-18945.400391
1752617875.878819,790490.000,60237,1,EL,1,100,-18945.400391
1752617875.945319,790556.500,60253,2,EL,1,100,-18945.400391
1752617876.011819,790623.000,60253,2,EL,1,100,-18945.400391
1752617876.078819,790690.000,60270,1,EL,1,100,-18945.400391
1752617876.145318,790756.500,60286,2,EL,1,100,-18945.199219
1752617876.211818,790823.000,60286,2,EL,1,100,-18945.199219
1752617876.278318,790889.500,60302,2,EL,1,100,-18945.199219
1752617876.344818,790956.000,60302,2,EL,1,100,-18945.400391
1752617876.411818,791023.000,60318,1,EL,1,100,-18945.400391
1752617876.478317,791089.500,60336,2,EL,1,100,-18945.599609
1752617876.544817,791156.000,60336,2,EL,1,100,-18945.800781
1752617876.611817,791223.000,60352,1,EL,1,100,-18945.400391
1752617876.678317,791289.500,60367,2,EL,1,100,-18946.000000
1752617876.744816,791356.000,60367,2,EL,1,100,-18946.199219
1752617876.811816,791423.000,60383,1,EL,1,100,-18946.199219
1752617876.878316,791489.500,60401,2,EL,1,100,-18945.800781
1752617876.944816,791556.000,60401,2,EL,1,100,-18946.000000
1752617877.011815,791623.000,60417,1,EL,1,100,-18945.599609
1752617877.078315,791689.500,60432,2,EL,1,100,-18945.800781
1752617877.144815,791756.000,60432,2,EL,1,100,-18945.800781
1752617877.211815,791823.000,60451,1,EL,1,100,-18945.599609
1752617877.278315,791889.500,60470,2,EL,1,100,-18945.800781
1752617877.344814,791956.000,60470,2,EL,1,100,-18945.800781
1752617877.411814,792023.000,60486,1,EL,1,100,-18945.400391
1752617877.478314,792089.500,60502,2,EL,1,100,-18946.199219
1752617877.544814,792156.000,60502,2,EL,1,100,-18945.400391
1752617877.611813,792223.000,60518,1,EL,1,100,-18945.400391
1752617877.678313,792289.500,60535,2,EL,1,100,-18945.400391
1752617877.744813,792356.000,60535,2,EL,1,100,-18945.400391
1752617877.811813,792423.000,60551,1,EL,1,100,-18945.599609
1752617877.878312,792489.500,60567,2,EL,1,100,-18945.400391
1752617877.944812,792556.000,60567,2,EL,1,100,-18945.400391
1752617878.011812,792623.000,60583,1,EL,1,100,-18945.400391
1752617878.078312,792689.500,60600,2,EL,1,100,-18945.599609
1752617878.144811,792756.000,60600,2,EL,1,100,-18945.599609
1752617878.211811,792823.000,60617,1,EL,1,100,-18945.400391
1752617878.278311,792889.500,60633,2,EL,1,100,-18945.599609
1752617878.344811,792956.000,60633,2,EL,1,100,-18945.599609
1752617878.411811,793023.000,60648,1,EL,1,100,-18945.800781
1752617878.478310,793089.500,60666,2,EL,1,100,-18946.199219
1752617878.544810,793156.000,60666,2,EL,1,100,-18946.000000
1752617878.611810,793223.000,60682,1,EL,1,100,-18946.000000
1752617878.678310,793289.500,60698,2,EL,1,100,-18946.199219
1752617878.744809,793356.000,60698,2,EL,1,100,-18945.599609
1752617878.811309,793422.500,60714,2,EL,1,100,-18946.199219
1752617878.877809,793489.000,60714,2,EL,1,100,-18946.400391
1752617878.944809,793556.000,60731,1,EL,1,100,-18946.400391
1752617879.011308,793622.500,60747,2,EL,1,100,-18946.400391
1752617879.077808,793689.000,60747,2,EL,1,100,-18946.400391
1752617879.144808,793756.000,60764,1,EL,1,100,-18946.400391
1752617879.211308,793822.500,60779,2,EL,1,100,-18946.400391
1752617879.277808,793889.000,60779,2,EL,1,100,-18947.000000
1752617879.344807,793956.000,60796,1,EL,1,100,-18946.400391
1752617879.411307,794022.500,60812,2,EL,1,100,-18946.400391
1752617879.477807,794089.000,60812,2,EL,1,100,-18946.800781
1752617879.544807,794156.000,60830,1,EL,1,100,-18946.599609
1752617879.611306,794222.500,60844,2,EL,1,100,-18946.800781
1752617879.677806,794289.000,60844,2,EL,1,100,-18946.800781
1752617879.744806,794356.000,60861,1,EL,1,100,-18946.599609
1752617879.811306,794422.500,60878,2,EL,1,100,-18947.000000
1752617879.877805,794489.000,60878,2,EL,1,100,-18947.000000
1752617879.944805,794556.000,60895,1,EL,1,100,-18947.400391
1752617880.011305,794622.500,60909,2,EL,1,100,-18947.199219
1752617880.077805,794689.000,60909,2,EL,1,100,-18946.800781
1752617880.144804,794756.000,60926,1,EL,1,100,-18947.199219
1752617880.211304,794822.500,60943,2,EL,1,100,-18947.000000
1752617880.277804,794889.000,60943,2,EL,1,100,-18946.599609
1752617880.344804,794956.000,60960,1,EL,1,100,-18946.599609
1752617880.411304,795022.500,60974,2,EL,1,100,-18946.800781
1752617880.477803,795089.000,60974,2,EL,1,100,-18946.800781
1752617880.544803,795156.000,60992,1,EL,1,100,-18946.599609
1752617880.611303,795222.500,61008,2,EL,1,100,-18946.599609
1752617880.677803,795289.000,61008,2,EL,1,100,-18946.599609
1752617880.744802,795356.000,61025,1,EL,1,100,-18947.000000
1752617880.811302,795422.500,61041,2,EL,1,100,-18947.000000
1752617880.877802,795489.000,61041,2,EL,1,100,-18947.199219
1752617880.944802,795556.000,61057,1,EL,1,100,-18947.400391
1752617881.011301,795622.500,61073,2,EL,1,100,-18947.400391
1752617881.077801,795689.000,61073,2,EL,1,100,-18946.800781
1752617881.144801,795756.000,61090,1,EL,1,100,-18947.000000
1752617881.211301,795822.500,61106,2,EL,1,100,-18946.599609
1752617881.277801,795889.000,61106,2,EL,1,100,-18947.199219
1752617881.344300,795955.500,61122,2,EL,1,100,-18947.000000
1752617881.410800,796022.000,61122,2,EL,1,100,-18947.199219
1752617881.477800,796089.000,61138,1,EL,1,100,-18947.400391
1752617881.544300,796155.500,61156,2,EL,1,100,-18947.400391
1752617881.610799,796222.000,61156,2,EL,1,100,-18947.400391
1752617881.677799,796289.000,61172,1,EL,1,100,-18947.400391
1752617881.744299,796355.500,61187,2,EL,1,100,-18947.599609
1752617881.810799,796422.000,61187,2,EL,1,100,-18947.400391
1752617881.877798,796489.000,61204,1,EL,1,100,-18947.400391
1752617881.944298,796555.500,61221,2,EL,1,100,-18947.599609
1752617882.010798,796622.000,61221,2,EL,1,100,-18947.400391
1752617882.077798,796689.000,61237,1,EL,1,100,-18947.400391
1752617882.144297,796755.500,61253,2,EL,1,100,-18947.400391
1752617882.210797,796822.000,61253,2,EL,1,100,-18947.199219
1752617882.277797,796889.000,61271,1,EL,1,100,-18947.800781
1752617882.344297,796955.500,61288,2,EL,1,100,-18948.199219
1752617882.410797,797022.000,61288,2,EL,1,100,-18947.599609
1752617882.477796,797089.000,61304,1,EL,1,100,-18948.000000
1752617882.544296,797155.500,61320,2,EL,1,100,-18948.199219
1752617882.610796,797222.000,61320,2,EL,1,100,-18948.000000
1752617882.677796,797289.000,61336,1,EL,1,100,-18948.000000
1752617882.744295,797355.500,61353,2,EL,1,100,-18947.800781
1752617882.810795,797422.000,61353,2,EL,1,100,-18948.000000
1752617882.877795,797489.000,61370,1,EL,1,100,-18948.000000
1752617882.944295,797555.500,61385,2,EL,1,100,-18948.000000
1752617883.010794,797622.000,61385,2,EL,1,100,-18948.000000
1752617883.077794,797689.000,61401,1,EL,1,100,-18947.800781
1752617883.144294,797755.500,61419,2,EL,1,100,-18947.599609
1752617883.210794,797822.000,61419,2,EL,1,100,-18948.000000
1752617883.277794,797889.000,61435,1,EL,1,100,-18948.000000
1752617883.344293,797955.500,61451,2,EL,1,100,-18948.000000
1752617883.410793,798022.000,61451,2,EL,1,100,-18947.800781
1752617883.477793,798089.000,61466,1,EL,1,100,-18947.800781
1752617883.544293,798155.500,61484,2,EL,1,100,-18947.800781
1752617883.610792,798222.000,61484,2,EL,1,100,-18947.599609
1752617883.677792,798289.000,61500,1,EL,1,100,-18947.400391
1752617883.744292,798355.500,61516,2,EL,1,100,-18948.000000
1752617883.810792,798422.000,61516,2,EL,1,100,-18947.599609
1752617883.877791,798489.000,61532,2,EL,1,100,-18947.599609
1752617883.944791,798556.000,61532,2,EL,1,100,-18947.400391
1752617884.010791,798622.000,61549,1,EL,1,100,-18947.599609
1752617884.077791,798689.000,61565,2,EL,1,100,-18947.800781
1752617884.144791,798756.000,61565,2,EL,1,100,-18947.599609
1752617884.210790,798822.000,61583,1,EL,1,100,-18947.400391
1752617884.277790,798889.000,61597,2,EL,1,100,-18947.400391
1752617884.344790,798956.000,61597,2,EL,1,100,-18947.199219
1752617884.410790,799022.000,61614,1,EL,1,100,-18947.599609
1752617884.477789,799089.000,61631,2,EL,1,100,-18947.599609
1752617884.544789,799156.000,61631,2,EL,1,100,-18947.599609
1752617884.610789,799222.000,61648,1,EL,1,100,-18947.199219
1752617884.677289,799288.500,61662,2,EL,1,100,-18947.800781
1752617884.743788,799355.000,61662,2,EL,1,100,-18947.599609
1752617884.810788,799422.000,61679,1,EL,1,100,-18947.599609
1752617884.877288,799488.500,61696,2,EL,1,100,-18947.599609
1752617884.943788,799555.000,61696,2,EL,1,100,-18947.800781
1752617885.010787,799622.000,61713,1,EL,1,100,-18947.599609
1752617885.077287,799688.500,61727,2,EL,1,100,-18948.199219
1752617885.143787,799755.000,61727,2,EL,1,100,-18948.000000
1752617885.210787,799822.000,61747,1,EL,1,100,-18948.199219
1752617885.277287,799888.500,61763,2,EL,1,100,-18948.000000
1752617885.343786,799955.000,61763,2,EL,1,100,-18947.400391
1752617885.410786,800022.000,61780,1,EL,1,100,-18947.599609
1752617885.477286,800088.500,61795,2,EL,1,100,-18948.199219
1752617885.543786,800155.000,61795,2,EL,1,100,-18947.800781
1752617885.610785,800222.000,61812,1,EL,1,100,-18948.199219
1752617885.677285,800288.500,61828,2,EL,1,100,-18948.000000
1752617885.743785,800355.000,61828,2,EL,1,100,-18947.599609
1752617885.810785,800422.000,61845,1,EL,1,100,-18948.199219
1752617885.877284,800488.500,61860,2,EL,1,100,-18948.199219
1752617885.943784,800555.000,61860,2,EL,1,100,-18947.800781
1752617886.010784,800622.000,61877,1,EL,1,100,-18948.199219
1752617886.077284,800688.500,61893,2,EL,1,100,-18948.000000
1752617886.143784,800755.000,61893,2,EL,1,100,-18948.000000
1752617886.210783,800822.000,61911,1,EL,1,100,-18948.000000
1752617886.277283,800888.500,61926,2,EL,1,100,-18948.000000
1752617886.343783,800955.000,61926,2,EL,1,100,-18948.000000
1752617886.410783,801022.000,61942,2,EL,1,100,-18948.000000
1752617886.477782,801089.000,61942,2,EL,1,100,-18948.000000
1752617886.543782,801155.000,61959,1,EL,1,100,-18948.199219
1752617886.610782,801222.000,61976,2,EL,1,100,-18948.199219
1752617886.677782,801289.000,61976,2,EL,1,100,-18948.400391
1752617886.743781,801355.000,61992,1,EL,1,100,-18948.400391
1752617886.810781,801422.000,62008,2,EL,1,100,-18948.400391
1752617886.877781,801489.000,62008,2,EL,1,100,-18948.400391
1752617886.943781,801555.000,62024,1,EL,1,100,-18948.400391
1752617887.010780,801622.000,62041,2,EL,1,100,-18948.400391
1752617887.077780,801689.000,62041,2,EL,1,100,-18948.199219
1752617887.143780,801755.000,62057,1,EL,1,100,-18948.400391
1752617887.210780,801822.000,62077,2,EL,1,100,-18948.599609
1752617887.277780,801889.000,62077,2,EL,1,100,-18948.599609
1752617887.343779,801955.000,62093,1,EL,1,100,-18948.800781
1752617887.410779,802022.000,62110,2,EL,1,100,-18948.599609
1752617887.477779,802089.000,62110,2,EL,1,100,-18948.400391
1752617887.543779,802155.000,62127,1,EL,1,100,-18948.400391
1752617887.610778,802222.000,62142,2,EL,1,100,-18948.599609
1752617887.677778,802289.000,62142,2,EL,1,100,-18948.599609
1752617887.743778,802355.000,62158,1,EL,1,100,-18948.599609
1752617887.810778,802422.000,62176,2,EL,1,100,-18948.199219
1752617887.877777,802489.000,62176,2,EL,1,100,-18948.400391
1752617887.943777,802555.000,62192,1,EL,1,100,-18948.599609
1752617888.010277,802621.500,62207,2,EL,1,100,-18948.800781
1752617888.076777,802688.000,62207,2,EL,1,100,-18948.599609
1752617888.143777,802755.000,62223,1,EL,1,100,-18948.400391
1752617888.210276,802821.500,62241,2,EL,1,100,-18948.400391
1752617888.276776,802888.000,62241,2,EL,1,100,-18948.400391
1752617888.343776,802955.000,62257,1,EL,1,100,-18948.800781
1752617888.410276,803021.500,62273,2,EL,1,100,-18948.400391
1752617888.476775,803088.000,62273,2,EL,1,100,-18948.599609
1752617888.543775,803155.000,62289,1,EL,1,100,-18948.800781
1752617888.610275,803221.500,62306,2,EL,1,100,-18948.800781
1752617888.676775,803288.000,62306,2,EL,1,100,-18948.599609
1752617888.743774,803355.000,62322,1,EL,1,100,-18948.599609
1752617888.810274,803421.500,62339,2,EL,1,100,-18949.000000
1752617888.876774,803488.000,62339,2,EL,1,100,-18948.800781
1752617888.943774,803555.000,62354,2,EL,1,100,-18948.800781
1752617889.010773,803622.000,62354,2,EL,1,100,-18948.800781
1752617889.076773,803688.000,62371,1,EL,1,100,-18948.800781
1752617889.143773,803755.000,62388,2,EL,1,100,-18949.000000
1752617889.210773,803822.000,62388,2,EL,1,100,-18949.000000
1752617889.276773,803888.000,62405,1,EL,1,100,-18949.199219
1752617889.343772,803955.000,62419,2,EL,1,100,-18949.400391
1752617889.410772,804022.000,62419,2,EL,1,100,-18949.199219
1752617889.476772,804088.000,62436,1,EL,1,100,-18949.000000
1752617889.543772,804155.000,62453,2,EL,1,100,-18948.800781
1752617889.610771,804222.000,62453,2,EL,1,100,-18949.199219
1752617889.676771,804288.000,62470,1,EL,1,100,-18949.199219
1752617889.743771,804355.000,62484,2,EL,1,100,-18949.000000
1752617889.810771,804422.000,62484,2,EL,1,100,-18948.800781
1752617889.876770,804488.000,62502,1,EL,1,100,-18949.000000
1752617889.943770,804555.000,62518,2,EL,1,100,-18948.599609
1752617890.010770,804622.000,62518,2,EL,1,100,-18948.800781
1752617890.076770,804688.000,62535,1,EL,1,100,-18948.599609
1752617890.143770,804755.000,62550,2,EL,1,100,-18948.800781
1752617890.210769,804822.000,62550,2,EL,1,100,-18948.800781
1752617890.276769,804888.000,62567,1,EL,1,100,-18949.000000
1752617890.343769,804955.000,62583,2,EL,1,100,-18948.800781
1752617890.410769,805022.000,62583,2,EL,1,100,-18949.000000
1752617890.476768,805088.000,62600,1,EL,1,100,-18948.800781
1752617890.543768,805155.000,62615,2,EL,1,100,-18949.199219
1752617890.610768,805222.000,62615,2,EL,1,100,-18949.000000
1752617890.676768,805288.000,62632,1,EL,1,100,-18949.199219
1752617890.743767,805355.000,62648,2,EL,1,100,-18949.199219
1752617890.810767,805422.000,62648,2,EL,1,100,-18949.199219
1752617890.876767,805488.000,62666,1,EL,1,100,-18949.599609
1752617890.943767,805555.000,62680,2,EL,1,100,-18949.599609
1752617891.010766,805622.000,62680,2,EL,1,100,-18949.400391
1752617891.076766,805688.000,62697,1,EL,1,100,-18949.400391
1752617891.143766,805755.000,62714,2,EL,1,100,-18949.599609
1752617891.210766,805822.000,62714,2,EL,1,100,-18949.400391
1752617891.276766,805888.000,62731,1,EL,1,100,-18949.599609
1752617891.343265,805954.500,62746,2,EL,1,100,-18949.400391
1752617891.409765,806021.000,62746,2,EL,1,100,-18949.400391
1752617891.476765,806088.000,62763,2,EL,1,100,-18949.199219
1752617891.543765,806155.000,62763,2,EL,1,100,-18949.199219
1752617891.609764,806221.000,62779,1,EL,1,100,-18949.199219
1752617891.676764,806288.000,62796,2,EL,1,100,-18949.400391
1752617891.743764,806355.000,62796,2,EL,1,100,-18949.400391
1752617891.809764,806421.000,62812,1,EL,1,100,-18949.199219
1752617891.876763,806488.000,62828,2,EL,1,100,-18949.599609
1752617891.943763,806555.000,62828,2,EL,1,100,-18949.599609
1752617892.009763,806621.000,62844,1,EL,1,100,-18949.400391
1752617892.076763,806688.000,62861,2,EL,1,100,-18949.400391
1752617892.143763,806755.000,62861,2,EL,1,100,-18949.599609
1752617892.209762,806821.000,62878,1,EL,1,100,-18949.400391
1752617892.276762,806888.000,62895,2,EL,1,100,-18949.599609
1752617892.343762,806955.000,62895,2,EL,1,100,-18949.400391
1752617892.409762,807021.000,62911,1,EL,1,100,-18949.800781
1752617892.476761,807088.000,62929,2,EL,1,100,-18950.000000
1752617892.543761,807155.000,62929,2,EL,1,100,-18949.199219
1752617892.609761,807221.000,62945,1,EL,1,100,-18949.599609
1752617892.676761,807288.000,62960,2,EL,1,100,-18949.400391
1752617892.743760,807355.000,62960,2,EL,1,100,-18949.199219
1752617892.809760,807421.000,62976,1,EL,1,100,-18949.400391
1752617892.876760,807488.000,62994,2,EL,1,100,-18949.400391
1752617892.943760,807555.000,62994,2,EL,1,100,-18949.400391
1752617893.009759,807621.000,63010,1,EL,1,100,-18949.400391
1752617893.076759,807688.000,63025,2,EL,1,100,-18949.400391
1752617893.143759,807755.000,63025,2,EL,1,100,-18949.599609
1752617893.209759,807821.000,63042,1,EL,1,100,-18949.400391
1752617893.276759,807888.000,63059,2,EL,1,100,-18949.400391
1752617893.343758,807955.000,63059,2,EL,1,100,-18949.400391
1752617893.409758,808021.000,63075,1,EL,1,100,-18949.599609
1752617893.476758,808088.000,63092,2,EL,1,100,-18949.400391
1752617893.543758,808155.000,63092,2,EL,1,100,-18949.400391
1752617893.609757,808221.000,63107,1,EL,1,100,-18949.400391
1752617893.676757,808288.000,63124,2,EL,1,100,-18949.599609
1752617893.743757,808355.000,63124,2,EL,1,100,-18949.400391
1752617893.810257,808421.500,63141,2,EL,1,100,-18949.599609
1752617893.876756,808488.000,63141,2,EL,1,100,-18949.599609
1752617893.943756,808555.000,63158,1,EL,1,100,-18949.400391
1752617894.010256,808621.500,63172,2,EL,1,100,-18949.400391
1752617894.076756,808688.000,63172,2,EL,1,100,-18949.800781
1752617894.143756,808755.000,63189,1,EL,1,100,-18949.400391
1752617894.210255,808821.500,63206,2,EL,1,100,-18949.400391
1752617894.276755,808888.000,63206,2,EL,1,100,-18949.800781
1752617894.343755,808955.000,63223,1,EL,1,100,-18949.400391
1752617894.410255,809021.500,63237,2,EL,1,100,-18949.400391
1752617894.476754,809088.000,63237,2,EL,1,100,-18949.400391
1752617894.543754,809155.000,63255,1,EL,1,100,-18949.400391
1752617894.610254,809221.500,63271,2,EL,1,100,-18949.800781
1752617894.676754,809288.000,63271,2,EL,1,100,-18949.599609
1752617894.742753,809354.000,63288,1,EL,1,100,-18949.599609
1752617894.809753,809421.000,63303,2,EL,1,100,-18950.199219
1752617894.876753,809488.000,63303,2,EL,1,100,-18949.599609
1752617894.943753,809555.000,63320,1,EL,1,100,-18949.599609
1752617895.010252,809621.500,63336,2,EL,1,100,-18950.000000
1752617895.076752,809688.000,63336,2,EL,1,100,-18949.599609
1752617895.142752,809754.000,63353,1,EL,1,100,-18949.400391
1752617895.209752,809821.000,63368,2,EL,1,100,-18949.599609
1752617895.276752,809888.000,63368,2,EL,1,100,-18949.599609
1752617895.342751,809954.000,63385,1,EL,1,100,-18949.400391
1752617895.409751,810021.000,63401,2,EL,1,100,-18950.000000
1752617895.476751,810088.000,63401,2,EL,1,100,-18950.000000
1752617895.542751,810154.000,63419,1,EL,1,100,-18949.599609
1752617895.609750,810221.000,63433,2,EL,1,100,-18950.199219
1752617895.676750,810288.000,63433,2,EL,1,100,-18949.800781
1752617895.742750,810354.000,63450,1,EL,1,100,-18949.599609
1752617895.809750,810421.000,63467,2,EL,1,100,-18950.000000
1752617895.876749,810488.000,63467,2,EL,1,100,-18950.199219
1752617895.942749,810554.000,63484,1,EL,1,100,-18950.199219
1752617896.009749,810621.000,63501,2,EL,1,100,-18950.000000
1752617896.076749,810688.000,63501,2,EL,1,100,-18950.400391
1752617896.142749,810754.000,63517,1,EL,1,100,-18950.000000
1752617896.209748,810821.000,63534,2,EL,1,100,-18950.400391
1752617896.276748,810888.000,63534,2,EL,1,100,-18950.000000
1752617896.343248,810954.500,63551,2,EL,1,100,-18949.800781
1752617896.409748,811021.000,63551,2,EL,1,100,-18950.199219
1752617896.476747,811088.000,63567,1,EL,1,100,-18950.400391
1752617896.543247,811154.500,63583,2,EL,1,100,-18950.599609
1752617896.609747,811221.000,63583,2,EL,1,100,-18950.400391
1752617896.676747,811288.000,63599,1,EL,1,100,-18950.400391
1752617896.743246,811354.500,63616,2,EL,1,100,-18951.000000
1752617896.809746,811421.000,63616,2,EL,1,100,-18950.599609
1752617896.876746,811488.000,63633,1,EL,1,100,-18950.199219
1752617896.943246,811554.500,63648,2,EL,1,100,-18950.400391
1752617897.009745,811621.000,63648,2,EL,1,100,-18951.000000
1752617897.076745,811688.000,63664,1,EL,1,100,-18950.800781
1752617897.143245,811754.500,63682,2,EL,1,100,-18951.199219
1752617897.209745,811821.000,63682,2,EL,1,100,-18950.400391
1752617897.276745,811888.000,63700,1,EL,1,100,-18950.599609
1752617897.343244,811954.500,63715,2,EL,1,100,-18950.800781
1752617897.409744,812021.000,63715,2,EL,1,100,-18950.599609
1752617897.476744,812088.000,63731,1,EL,1,100,-18950.599609
1752617897.543244,812154.500,63749,2,EL,1,100,-18951.000000
1752617897.609743,812221.000,63749,2,EL,1,100,-18951.199219
1752617897.676743,812288.000,63765,1,EL,1,100,-18950.800781
1752617897.743243,812354.500,63780,2,EL,1,100,-18950.800781
1752617897.809743,812421.000,63780,2,EL,1,100,-18950.599609
1752617897.876742,812488.000,63797,1,EL,1,100,-18950.800781
1752617897.943242,812554.500,63814,2,EL,1,100,-18950.400391
1752617898.009742,812621.000,63814,2,EL,1,100,-18950.400391
1752617898.075742,812687.000,63830,1,EL,1,100,-18950.599609
1752617898.142742,812754.000,63846,2,EL,1,100,-18950.800781
1752617898.209741,812821.000,63846,2,EL,1,100,-18950.599609
1752617898.275741,812887.000,63862,1,EL,1,100,-18950.400391
1752617898.342741,812954.000,63879,2,EL,1,100,-18950.400391
1752617898.409741,813021.000,63879,2,EL,1,100,-18950.400391
1752617898.475740,813087.000,63895,1,EL,1,100,-18950.400391
1752617898.542740,813154.000,63912,2,EL,1,100,-18950.599609
1752617898.609740,813221.000,63912,2,EL,1,100,-18950.400391
1752617898.675740,813287.000,63927,1,EL,1,100,-18950.800781
1752617898.742739,813354.000,63944,2,EL,1,100,-18951.199219
1752617898.809739,813421.000,63944,2,EL,1,100,-18950.400391
1752617898.876239,813487.500,63961,2,EL,1,100,-18950.599609
1752617898.942739,813554.000,63961,2,EL,1,100,-18950.400391
1752617899.009738,813621.000,63978,1,EL,1,100,-18950.800781
1752617899.076238,813687.500,63992,2,EL,1,100,-18951.000000
1752617899.142738,813754.000,63992,2,EL,1,100,-18950.400391
1752617899.209738,813821.000,64010,1,EL,1,100,-18950.800781
1752617899.276238,813887.500,64026,2,EL,1,100,-18950.599609
1752617899.342737,813954.000,64026,2,EL,1,100,-18950.400391
1752617899.409737,814021.000,64043,1,EL,1,100,-18950.400391
1752617899.476237,814087.500,64058,2,EL,1,100,-18950.800781
1752617899.542737,814154.000,64058,2,EL,1,100,-18950.599609
1752617899.609736,814221.000,64075,1,EL,1,100,-18950.599609
1752617899.676236,814287.500,64091,2,EL,1,100,-18951.000000
1752617899.742736,814354.000,64091,2,EL,1,100,-18951.199219
1752617899.809736,814421.000,64108,1,EL,1,100,-18951.199219
1752617899.876235,814487.500,64123,2,EL,1,100,-18951.199219
1752617899.942735,814554.000,64123,2,EL,1,100,-18950.800781
1752617900.009735,814621.000,64140,1,EL,1,100,-18950.400391
1752617900.076235,814687.500,64156,2,EL,1,100,-18951.000000
1752617900.142735,814754.000,64156,2,EL,1,100,-18951.199219
1752617900.209734,814821.000,64174,1,EL,1,100,-18951.199219
1752617900.276234,814887.500,64188,2,EL,1,100,-18951.400391
1752617900.342734,814954.000,64188,2,EL,1,100,-18951.400391
1752617900.409734,815021.000,64207,1,EL,1,100,-18951.199219
1752617900.476233,815087.500,64224,2,EL,1,100,-18951.400391
1752617900.542733,815154.000,64224,2,EL,1,100,-18951.400391
1752617900.609733,815221.000,64241,1,EL,1,100,-18951.000000
1752617900.676233,815287.500,64255,2,EL,1,100,-18951.199219
1752617900.742732,815354.000,64255,2,EL,1,100,-18951.199219
1752617900.809732,815421.000,64272,1,EL,1,100,-18951.199219
1752617900.876232,815487.500,64289,2,EL,1,100,-18951.400391
1752617900.942732,815554.000,64289,2,EL,1,100,-18951.199219
1752617901.009732,815621.000,64306,1,EL,1,100,-18951.400391
1752617901.076231,815687.500,64321,2,EL,1,100,-18951.400391
1752617901.142731,815754.000,64321,2,EL,1,100,-18951.400391
1752617901.209731,815821.000,64338,1,EL,1,100,-18951.400391
1752617901.276231,815887.500,64354,2,EL,1,100,-18951.400391
1752617901.342730,815954.000,64354,2,EL,1,100,-18951.199219
1752617901.409230,816020.500,64371,2,EL,1,100,-18951.000000
1752617901.475730,816087.000,64371,2,EL,1,100,-18951.400391
1752617901.542730,816154.000,64388,1,EL,1,100,-18951.400391
1752617901.609229,816220.500,64403,2,EL,1,100,-18951.400391
1752617901.675729,816287.000,64403,2,EL,1,100,-18951.400391
1752617901.742729,816354.000,64419,1,EL,1,100,-18951.400391
1752617901.809229,816420.500,64437,2,EL,1,100,-18951.400391
1752617901.875728,816487.000,64437,2,EL,1,100,-18951.400391
1752617901.942728,816554.000,64453,1,EL,1,100,-18951.199219
1752617902.009228,816620.500,64468,2,EL,1,100,-18951.400391
1752617902.075728,816687.000,64468,2,EL,1,100,-18951.400391
1752617902.142728,816754.000,64484,1,EL,1,100,-18951.400391
1752617902.209227,816820.500,64504,2,EL,1,100,-18951.400391
1752617902.275727,816887.000,64504,2,EL,1,100,-18951.599609
1752617902.342727,816954.000,64520,1,EL,1,100,-18951.400391
1752617902.409227,817020.500,64535,2,EL,1,100,-18951.400391
1752617902.475726,817087.000,64535,2,EL,1,100,-18951.400391
1752617902.542726,817154.000,64552,1,EL,1,100,-18951.400391
1752617902.609226,817220.500,64569,2,EL,1,100,-18951.400391
1752617902.675726,817287.000,64569,2,EL,1,100,-18951.400391
1752617902.742725,817354.000,64585,1,EL,1,100,-18951.199219
1752617902.809225,817420.500,64601,2,EL,1,100,-18951.400391
1752617902.875725,817487.000,64601,2,EL,1,100,-18951.400391
1752617902.942725,817554.000,64617,1,EL,1,100,-18951.199219
1752617903.009225,817620.500,64634,2,EL,1,100,-18951.199219
1752617903.075724,817687.000,64634,2,EL,1,100,-18951.400391
1752617903.142724,817754.000,64650,1,EL,1,100,-18951.199219
1752617903.209224,817820.500,64667,2,EL,1,100,-18951.400391
1752617903.275724,817887.000,64667,2,EL,1,100,-18951.400391
1752617903.342723,817954.000,64682,1,EL,1,100,-18951.000000
1752617903.409223,818020.500,64699,2,EL,1,100,-18951.400391
1752617903.475723,818087.000,64699,2,EL,1,100,-18951.400391
1752617903.542723,818154.000,64716,1,EL,1,100,-18951.400391
1752617903.609222,818220.500,64732,2,EL,1,100,-18951.599609
1752617903.675722,818287.000,64732,2,EL,1,100,-18951.400391
1752617903.742222,818353.500,64747,2,EL,1,100,-18951.400391
1752617903.808722,818420.000,64747,2,EL,1,100,-18951.400391
1752617903.875721,818487.000,64765,1,EL,1,100,-18951.599609
1752617903.942221,818553.500,64781,2,EL,1,100,-18951.599609
1752617904.008721,818620.000,64781,2,EL,1,100,-18951.400391
1752617904.075721,818687.000,64798,1,EL,1,100,-18951.599609
1752617904.142221,818753.500,64813,2,EL,1,100,-18952.000000
1752617904.208720,818820.000,64813,2,EL,1,100,-18952.199219
1752617904.275720,818887.000,64830,1,EL,1,100,-18951.800781
1752617904.342220,818953.500,64846,2,EL,1,100,-18952.400391
1752617904.408720,819020.000,64846,2,EL,1,100,-18952.400391
1752617904.475719,819087.000,64863,1,EL,1,100,-18952.400391
1752617904.542219,819153.500,64878,2,EL,1,100,-18952.400391
1752617904.608719,819220.000,64878,2,EL,1,100,-18952.199219
1752617904.675719,819287.000,64895,1,EL,1,100,-18952.400391
1752617904.742218,819353.500,64911,2,EL,1,100,-18952.199219
1752617904.808718,819420.000,64911,2,EL,1,100,-18952.199219
1752617904.875718,819487.000,64929,1,EL,1,100,-18952.000000
1752617904.942218,819553.500,64943,2,EL,1,100,-18952.400391
1752617905.008718,819620.000,64943,2,EL,1,100,-18952.400391
1752617905.075717,819687.000,64960,1,EL,1,100,-18952.400391
1752617905.142217,819753.500,64977,2,EL,1,100,-18952.400391
1752617905.208717,819820.000,64977,2,EL,1,100,-18952.400391
1752617905.275717,819887.000,64994,1,EL,1,100,-18952.400391
1752617905.342216,819953.500,65008,2,EL,1,100,-18952.400391
1752617905.408716,820020.000,65008,2,EL,1,100,-18952.400391
1752617905.475716,820087.000,65025,1,EL,1,100,-18952.199219
1752617905.542216,820153.500,65042,2,EL,1,100,-18952.400391
1752617905.608715,820220.000,65042,2,EL,1,100,-18952.400391
1752617905.675715,820287.000,65059,1,EL,1,100,-18952.400391
1752617905.742215,820353.500,65074,2,EL,1,100,-18952.400391
1752617905.808715,820420.000,65074,2,EL,1,100,-18952.400391
1752617905.875714,820487.000,65091,1,EL,1,100,-18952.400391
1752617905.942214,820553.500,65107,2,EL,1,100,-18952.400391
1752617906.008714,820620.000,65107,2,EL,1,100,-18952.400391
1752617906.075714,820687.000,65124,1,EL,1,100,-18952.800781
1752617906.142214,820753.500,65140,2,EL,1,100,-18952.599609
1752617906.208713,820820.000,65140,2,EL,1,100,-18952.599609
1752617906.275213,820886.500,65156,2,EL,1,100,-18953.000000
1752617906.341713,820953.000,65156,2,EL,1,100,-18952.599609
1752617906.408713,821020.000,65172,1,EL,1,100,-18952.800781
1752617906.475212,821086.500,65190,2,EL,1,100,-18952.800781
1752617906.541712,821153.000,65190,2,EL,1,100,-18952.599609
1752617906.608712,821220.000,65206,1,EL,1,100,-18952.599609
1752617906.675212,821286.500,65221,2,EL,1,100,-18953.000000
1752617906.741711,821353.000,65221,2,EL,1,100,-18953.000000
1752617906.808711,821420.000,65237,1,EL,1,100,-18953.199219
1752617906.875211,821486.500,65255,2,EL,1,100,-18952.599609
1752617906.941711,821553.000,65255,2,EL,1,100,-18953.000000
1752617907.008711,821620.000,65271,1,EL,1,100,-18952.599609
1752617907.075210,821686.500,65286,2,EL,1,100,-18952.800781
1752617907.141710,821753.000,65286,2,EL,1,100,-18953.000000
1752617907.208710,821820.000,65303,1,EL,1,100,-18953.000000
1752617907.275210,821886.500,65322,2,EL,1,100,-18953.000000
1752617907.341709,821953.000,65322,2,EL,1,100,-18953.199219
1752617907.408709,822020.000,65338,1,EL,1,100,-18952.800781
1752617907.475209,822086.500,65354,2,EL,1,100,-18953.199219
1752617907.541709,822153.000,65354,2,EL,1,100,-18953.199219
1752617907.608708,822220.000,65370,1,EL,1,100,-18953.400391
1752617907.675208,822286.500,65387,2,EL,1,100,-18953.400391
1752617907.741708,822353.000,65387,2,EL,1,100,-18953.400391
1752617907.808708,822420.000,65403,1,EL,1,100,-18953.400391
1752617907.875207,822486.500,65419,2,EL,1,100,-18953.400391
1752617907.941707,822553.000,65419,2,EL,1,100,-18953.400391
1752617908.008707,822620.000,65435,1,EL,1,100,-18953.199219
1752617908.075207,822686.500,65452,2,EL,1,100,-18953.599609
1752617908.141707,822753.000,65452,2,EL,1,100,-18953.400391
1752617908.208706,822820.000,65469,1,EL,1,100,-18953.199219
1752617908.275206,822886.500,65485,2,EL,1,100,-18953.400391
1752617908.341706,822953.000,65485,2,EL,1,100,-18953.400391
1752617908.408706,823020.000,65500,1,EL,1,100,-18953.400391
1752617908.475205,823086.500,65518,2,EL,1,100,-18953.400391
1752617908.541705,823153.000,65518,2,EL,1,100,-18953.400391
1752617908.608705,823220.000,65534,1,EL,1,100,-18953.400391
1752617908.675205,823286.500,14,2,EL,1,100,-18953.400391
1752617908.741704,823353.000,14,2,EL,1,100,-18953.400391
1752617908.808204,823419.500,30,2,EL,1,100,-18953.199219
1752617908.874704,823486.000,30,2,EL,1,100,-18953.400391
1752617908.941704,823553.000,47,1,EL,1,100,-18953.199219
1752617909.008204,823619.500,63,2,EL,1,100,-18953.199219
1752617909.074703,823686.000,63,2,EL,1,100,-18953.400391
1752617909.141703,823753.000,80,1,EL,1,100,-18953.400391
1752617909.208203,823819.500,95,2,EL,1,100,-18953.400391
1752617909.274703,823886.000,95,2,EL,1,100,-18953.400391
1752617909.341702,823953.000,112,1,EL,1,100,-18953.199219
1752617909.408202,824019.500,128,2,EL,1,100,-18953.400391
1752617909.474702,824086.000,128,2,EL,1,100,-18953.400391
1752617909.541702,824153.000,146,1,EL,1,100,-18953.400391
1752617909.608201,824219.500,160,2,EL,1,100,-18953.800781
1752617909.674701,824286.000,160,2,EL,1,100,-18953.400391
1752617909.741701,824353.000,177,1,EL,1,100,-18953.599609
1752617909.808201,824419.500,194,2,EL,1,100,-18953.400391
1752617909.874700,824486.000,194,2,EL,1,100,-18953.199219
1752617909.941700,824553.000,211,1,EL,1,100,-18953.400391
1752617910.008200,824619.500,225,2,EL,1,100,-18953.599609
1752617910.074700,824686.000,225,2,EL,1,100,-18953.800781
1752617910.141700,824753.000,242,1,EL,1,100,-18953.800781
1752617910.208199,824819.500,259,2,EL,1,100,-18954.400391
1752617910.274699,824886.000,259,2,EL,1,100,-18954.400391
1752617910.341699,824953.000,276,1,EL,1,100,-18954.199219
1752617910.408199,825019.500,290,2,EL,1,100,-18954.400391
1752617910.474698,825086.000,290,2,EL,1,100,-18954.400391
1752617910.541698,825153.000,308,1,EL,1,100,-18954.199219
1752617910.608198,825219.500,324,2,EL,1,100,-18954.000000
1752617910.674698,825286.000,324,2,EL,1,100,-18954.199219
1752617910.741697,825353.000,341,1,EL,1,100,-18954.199219
1752617910.808197,825419.500,359,2,EL,1,100,-18954.599609
1752617910.874697,825486.000,359,2,EL,1,100,-18954.400391
1752617910.941697,825553.000,375,1,EL,1,100,-18954.400391
1752617911.008197,825619.500,391,2,EL,1,100,-18954.599609
1752617911.074696,825686.000,391,2,EL,1,100,-18954.400391
1752617911.141696,825753.000,408,1,EL,1,100,-18954.400391
1752617911.208196,825819.500,424,2,EL,1,100,-18954.800781
1752617911.274696,825886.000,424,2,EL,1,100,-18954.400391
1752617911.341195,825952.500,440,2,EL,1,100,-18955.000000
1752617911.407695,826019.000,440,2,EL,1,100,-18954.800781
1752617911.474695,826086.000,456,1,EL,1,100,-18954.400391
1752617911.541195,826152.500,474,2,EL,1,100,-18954.800781
1752617911.607694,826219.000,474,2,EL,1,100,-18954.599609
1752617911.674694,826286.000,490,1,EL,1,100,-18954.599609
1752617911.741194,826352.500,505,2,EL,1,100,-18954.800781
1752617911.807694,826419.000,505,2,EL,1,100,-18954.599609
1752617911.874693,826486.000,522,1,EL,1,100,-18954.599609
1752617911.941193,826552.500,539,2,EL,1,100,-18954.599609
1752617912.007693,826619.000,539,2,EL,1,100,-18955.000000
1752617912.074693,826686.000,555,1,EL,1,100,-18954.400391
1752617912.141193,826752.500,571,2,EL,1,100,-18954.800781
1752617912.207692,826819.000,571,2,EL,1,100,-18954.599609
1752617912.274692,826886.000,589,1,EL,1,100,-18954.400391
1752617912.341192,826952.500,606,2,EL,1,100,-18954.599609
1752617912.407692,827019.000,606,2,EL,1,100,-18954.599609
1752617912.474691,827086.000,622,1,EL,1,100,-18954.599609
1752617912.541191,827152.500,638,2,EL,1,100,-18954.599609
1752617912.607691,827219.000,638,2,EL,1,100,-18954.599609
1752617912.674691,827286.000,654,1,EL,1,100,-18954.599609
1752617912.741190,827352.500,671,2,EL,1,100,-18954.800781
1752617912.807690,827419.000,671,2,EL,1,100,-18954.400391
1752617912.874690,827486.000,688,1,EL,1,100,-18954.400391
1752617912.941190,827552.500,703,2,EL,1,100,-18954.599609
1752617913.007690,827619.000,703,2,EL,1,100,-18954.599609
1752617913.074689,827686.000,719,1,EL,1,100,-18954.800781
1752617913.141189,827752.500,737,2,EL,1,100,-18954.800781
1752617913.207689,827819.000,737,2,EL,1,100,-18954.400391
1752617913.274689,827886.000,753,1,EL,1,100,-18954.800781
1752617913.341188,827952.500,771,2,EL,1,100,-18954.800781
1752617913.407688,828019.000,771,2,EL,1,100,-18955.000000
1752617913.474688,828086.000,786,1,EL,1,100,-18954.599609
1752617913.541188,828152.500,804,2,EL,1,100,-18954.599609
1752617913.607687,828219.000,804,2,EL,1,100,-18954.800781
1752617913.674687,828286.000,820,1,EL,1,100,-18954.400391
1752617913.741187,828352.500,836,2,EL,1,100,-18954.599609
1752617913.807687,828419.000,836,2,EL,1,100,-18954.599609
1752617913.874686,828486.000,852,2,EL,1,100,-18954.800781
1752617913.941686,828553.000,852,2,EL,1,100,-18954.599609
1752617914.007686,828619.000,869,1,EL,1,100,-18955.000000
1752617914.074686,828686.000,885,2,EL,1,100,-18954.800781
1752617914.141686,828753.000,885,2,EL,1,100,-18954.800781
1752617914.207685,828819.000,903,1,EL,1,100,-18954.800781
1752617914.274685,828886.000,917,2,EL,1,100,-18954.800781
1752617914.341685,828953.000,917,2,EL,1,100,-18954.599609
1752617914.407685,829019.000,934,1,EL,1,100,-18954.800781
1752617914.474684,829086.000,951,2,EL,1,100,-18954.800781
1752617914.541684,829153.000,951,2,EL,1,100,-18954.800781
1752617914.607684,829219.000,968,1,EL,1,100,-18954.800781
1752617914.674184,829285.500,982,2,EL,1,100,-18955.000000
1752617914.740683,829352.000,982,2,EL,1,100,-18954.800781
1752617914.807683,829419.000,999,1,EL,1,100,-18955.199219
1752617914.874183,829485.500,1016,2,EL,1,100,-18955.000000
1752617914.940683,829552.000,1016,2,EL,1,100,-18955.199219
1752617915.007683,829619.000,1033,1,EL,1,100,-18955.199219
1752617915.074182,829685.500,1047,2,EL,1,100,-18955.199219
1752617915.140682,829752.000,1047,2,EL,1,100,-18955.400391
1752617915.207682,829819.000,1065,1,EL,1,100,-18955.199219
1752617915.274182,829885.500,1081,2,EL,1,100,-18955.400391
1752617915.340681,829952.000,1081,2,EL,1,100,-18955.199219
1752617915.407681,830019.000,1100,1,EL,1,100,-18954.800781
1752617915.474181,830085.500,1115,2,EL,1,100,-18955.199219
1752617915.540681,830152.000,1115,2,EL,1,100,-18955.000000
1752617915.607680,830219.000,1132,1,EL,1,100,-18954.800781
1752617915.674180,830285.500,1148,2,EL,1,100,-18954.599609
1752617915.740680,830352.000,1148,2,EL,1,100,-18954.599609
1752617915.807680,830419.000,1165,1,EL,1,100,-18954.599609
1752617915.874180,830485.500,1180,2,EL,1,100,-18954.599609
1752617915.940679,830552.000,1180,2,EL,1,100,-18954.599609
1752617916.007679,830619.000,1197,1,EL,1,100,-18954.599609
1752617916.074179,830685.500,1213,2,EL,1,100,-18954.800781
1752617916.140679,830752.000,1213,2,EL,1,100,-18954.800781
1752617916.207678,830819.000,1231,1,EL,1,100,-18955.000000
1752617916.274178,830885.500,1246,2,EL,1,100,-18954.800781
1752617916.340678,830952.000,1246,2,EL,1,100,-18954.800781
1752617916.407678,831019.000,1262,2,EL,1,100,-18954.599609
1752617916.474677,831086.000,1262,2,EL,1,100,-18954.599609
1752617916.540677,831152.000,1279,1,EL,1,100,-18954.599609
1752617916.607677,831219.000,1298,2,EL,1,100,-18954.599609
1752617916.674677,831286.000,1298,2,EL,1,100,-18954.599609
1752617916.740676,831352.000,1314,1,EL,1,100,-18954.599609
1752617916.807676,831419.000,1330,2,EL,1,100,-18954.599609
1752617916.874676,831486.000,1330,2,EL,1,100,-18954.599609
1752617916.940676,831552.000,1346,1,EL,1,100,-18954.599609
1752617917.007676,831619.000,1363,2,EL,1,100,-18954.599609
1752617917.074675,831686.000,1363,2,EL,1,100,-18954.400391
1752617917.140675,831752.000,1379,1,EL,1,100,-18954.599609
1752617917.207675,831819.000,1397,2,EL,1,100,-18954.599609
1752617917.274675,831886.000,1397,2,EL,1,100,-18954.599609
1752617917.340674,831952.000,1413,1,EL,1,100,-18954.599609
1752617917.407674,832019.000,1430,2,EL,1,100,-18954.599609
1752617917.474674,832086.000,1430,2,EL,1,100,-18954.599609
1752617917.540674,832152.000,1447,1,EL,1,100,-18954.800781
1752617917.607673,832219.000,1462,2,EL,1,100,-18954.400391
1752617917.674673,832286.000,1462,2,EL,1,100,-18954.599609
1752617917.740673,832352.000,1478,1,EL,1,100,-18954.599609
1752617917.807673,832419.000,1496,2,EL,1,100,-18954.800781
1752617917.874673,832486.000,1496,2,EL,1,100,-18954.599609
1752617917.940672,832552.000,1512,1,EL,1,100,-18954.599609
1752617918.007172,832618.500,1527,2,EL,1,100,-18954.599609
1752617918.073672,832685.000,1527,2,EL,1,100,-18954.599609
1752617918.140672,832752.000,1543,1,EL,1,100,-18954.599609
1752617918.207171,832818.500,1561,2,EL,1,100,-18954.599609
1752617918.273671,832885.000,1561,2,EL,1,100,-18954.400391
1752617918.340671,832952.000,1577,1,EL,1,100,-18954.800781
1752617918.407171,833018.500,1592,2,EL,1,100,-18954.599609
1752617918.473670,833085.000,1592,2,EL,1,100,-18954.599609
1752617918.540670,833152.000,1609,1,EL,1,100,-18954.400391
1752617918.607170,833218.500,1628,2,EL,1,100,-18954.599609
1752617918.673670,833285.000,1628,2,EL,1,100,-18954.599609
1752617918.740669,833352.000,1644,2,EL,1,100,-18954.599609
1752617918.807669,833419.000,1644,2,EL,1,100,-18954.599609
1752617918.873669,833485.000,1662,1,EL,1,100,-18954.599609
1752617918.940669,833552.000,1676,2,EL,1,100,-18954.199219
1752617919.007669,833619.000,1676,2,EL,1,100,-18954.599609
1752617919.073668,833685.000,1693,1,EL,1,100,-18954.400391
1752617919.140668,833752.000,1710,2,EL,1,100,-18954.400391
1752617919.207668,833819.000,1710,2,EL,1,100,-18954.599609
1752617919.273668,833885.000,1727,1,EL,1,100,-18954.400391
1752617919.340667,833952.000,1741,2,EL,1,100,-18954.599609
1752617919.407667,834019.000,1741,2,EL,1,100,-18954.800781
1752617919.473667,834085.000,1758,1,EL,1,100,-18954.599609
1752617919.540667,834152.000,1775,2,EL,1,100,-18954.800781
1752617919.607666,834219.000,1775,2,EL,1,100,-18955.000000
1752617919.673666,834285.000,1792,1,EL,1,100,-18954.400391
1752617919.740666,834352.000,1806,2,EL,1,100,-18954.800781
1752617919.807666,834419.000,1806,2,EL,1,100,-18954.599609
1752617919.873666,834485.000,1824,1,EL,1,100,-18954.800781
1752617919.940665,834552.000,1840,2,EL,1,100,-18954.800781
1752617920.007665,834619.000,1840,2,EL,1,100,-18954.599609
1752617920.073665,834685.000,1857,1,EL,1,100,-18954.599609
1752617920.140665,834752.000,1872,2,EL,1,100,-18954.599609
1752617920.207664,834819.000,1872,2,EL,1,100,-18954.599609
1752617920.273664,834885.000,1889,1,EL,1,100,-18954.800781
1752617920.340664,834952.000,1905,2,EL,1,100,-18954.599609
1752617920.407664,835019.000,1905,2,EL,1,100,-18954.800781
1752617920.473663,835085.000,1922,1,EL,1,100,-18955.000000
1752617920.540663,835152.000,1937,2,EL,1,100,-18955.000000
1752617920.607663,835219.000,1937,2,EL,1,100,-18954.800781
1752617920.673663,835285.000,1954,1,EL,1,100,-18954.800781
1752617920.740662,835352.000,1970,2,EL,1,100,-18955.000000
1752617920.807662,835419.000,1970,2,EL,1,100,-18955.000000
1752617920.873662,835485.000,1988,1,EL,1,100,-18955.000000
1752617920.940662,835552.000,2003,2,EL,1,100,-18955.199219
1752617921.007662,835619.000,2003,2,EL,1,100,-18954.800781
1752617921.073661,835685.000,2019,1,EL,1,100,-18955.199219
1752617921.140661,835752.000,2036,2,EL,1,100,-18955.199219
1752617921.207661,835819.000,2036,2,EL,1,100,-18955.400391
1752617921.274161,835885.500,2053,2,EL,1,100,-18955.599609
1752617921.340660,835952.000,2053,2,EL,1,100,-18955.599609
1752617921.406660,836018.000,2069,1,EL,1,100,-18955.400391
1752617921.473660,836085.000,2085,2,EL,1,100,-18955.800781
1752617921.540660,836152.000,2085,2,EL,1,100,-18955.800781
1752617921.606659,836218.000,2101,1,EL,1,100,-18955.599609
1752617921.673659,836285.000,2118,2,EL,1,100,-18955.599609
1752617921.740659,836352.000,2118,2,EL,1,100,-18955.800781
1752617921.806659,836418.000,2134,1,EL,1,100,-18955.800781
1752617921.873659,836485.000,2150,2,EL,1,100,-18956.000000
1752617921.940658,836552.000,2150,2,EL,1,100,-18955.800781
1752617922.006658,836618.000,2166,1,EL,1,100,-18955.800781
1752617922.073658,836685.000,2183,2,EL,1,100,-18955.800781
1752617922.140658,836752.000,2183,2,EL,1,100,-18956.000000
1752617922.206657,836818.000,2200,1,EL,1,100,-18956.199219
1752617922.273657,836885.000,2217,2,EL,1,100,-18956.000000
1752617922.340657,836952.000,2217,2,EL,1,100,-18956.199219
1752617922.406657,837018.000,2233,1,EL,1,100,-18956.000000
1752617922.473656,837085.000,2251,2,EL,1,100,-18956.199219
1752617922.540656,837152.000,2251,2,EL,1,100,-18956.400391
1752617922.606656,837218.000,2267,1,EL,1,100,-18956.599609
1752617922.673656,837285.000,2282,2,EL,1,100,-18956.599609
1752617922.740655,837352.000,2282,2,EL,1,100,-18956.199219
1752617922.806655,837418.000,2298,1,EL,1,100,-18956.400391
1752617922.873655,837485.000,2316,2,EL,1,100,-18956.400391
1752617922.940655,837552.000,2316,2,EL,1,100,-18956.199219
1752617923.006655,837618.000,2332,1,EL,1,100,-18956.199219
1752617923.073654,837685.000,2347,2,EL,1,100,-18956.199219
1752617923.140654,837752.000,2347,2,EL,1,100,-18956.000000
1752617923.206654,837818.000,2364,1,EL,1,100,-18956.400391
1752617923.273654,837885.000,2381,2,EL,1,100,-18956.400391
1752617923.340653,837952.000,2381,2,EL,1,100,-18956.199219
1752617923.406653,838018.000,2397,1,EL,1,100,-18956.400391
1752617923.473653,838085.000,2414,2,EL,1,100,-18956.599609
1752617923.540653,838152.000,2414,2,EL,1,100,-18956.400391
1752617923.606652,838218.000,2429,1,EL,1,100,-18956.599609
1752617923.673652,838285.000,2446,2,EL,1,100,-18956.800781
1752617923.740652,838352.000,2446,2,EL,1,100,-18956.599609
1752617923.807152,838418.500,2463,2,EL,1,100,-18956.400391
1752617923.873652,838485.000,2463,2,EL,1,100,-18956.400391
1752617923.940651,838552.000,2480,1,EL,1,100,-18956.800781
1752617924.007151,838618.500,2494,2,EL,1,100,-18956.400391
1752617924.073651,838685.000,2494,2,EL,1,100,-18956.400391
1752617924.140651,838752.000,2511,1,EL,1,100,-18956.599609
1752617924.207150,838818.500,2528,2,EL,1,100,-18956.199219
1752617924.273650,838885.000,2528,2,EL,1,100,-18956.400391
1752617924.340650,838952.000,2545,1,EL,1,100,-18956.400391
1752617924.407150,839018.500,2559,2,EL,1,100,-18956.599609
1752617924.473649,839085.000,2559,2,EL,1,100,-18956.599609
1752617924.540649,839152.000,2577,1,EL,1,100,-18956.599609
1752617924.607149,839218.500,2593,2,EL,1,100,-18956.800781
1752617924.673649,839285.000,2593,2,EL,1,100,-18956.599609
1752617924.739648,839351.000,2610,1,EL,1,100,-18956.599609
1752617924.806648,839418.000,2625,2,EL,1,100,-18957.000000
1752617924.873648,839485.000,2625,2,EL,1,100,-18956.800781
1752617924.940648,839552.000,2642,1,EL,1,100,-18957.199219
1752617925.007148,839618.500,2658,2,EL,1,100,-18957.000000
1752617925.073647,839685.000,2658,2,EL,1,100,-18957.199219
1752617925.139647,839751.000,2675,1,EL,1,100,-18957.000000
1752617925.206647,839818.000,2690,2,EL,1,100,-18957.199219
1752617925.273647,839885.000,2690,2,EL,1,100,-18957.000000
1752617925.339646,839951.000,2707,1,EL,1,100,-18957.000000
1752617925.406646,840018.000,2723,2,EL,1,100,-18957.199219
1752617925.473646,840085.000,2723,2,EL,1,100,-18957.199219
1752617925.539646,840151.000,2741,1,EL,1,100,-18957.400391
1752617925.606645,840218.000,2756,2,EL,1,100,-18957.400391
1752617925.673645,840285.000,2756,2,EL,1,100,-18957.400391
1752617925.739645,840351.000,2772,1,EL,1,100,-18957.400391
1752617925.806645,840418.000,2789,2,EL,1,100,-18957.400391
1752617925.873645,840485.000,2789,2,EL,1,100,-18957.199219
1752617925.939644,840551.000,2806,1,EL,1,100,-18957.199219
1752617926.006644,840618.000,2821,2,EL,1,100,-18957.400391
1752617926.073644,840685.000,2821,2,EL,1,100,-18957.199219
1752617926.140144,840751.500,2840,2,EL,1,100,-18957.199219
1752617926.206643,840818.000,2840,2,EL,1,100,-18957.400391
1752617926.273643,840885.000,2856,1,EL,1,100,-18957.400391
1752617926.340143,840951.500,2873,2,EL,1,100,-18957.400391
1752617926.406643,841018.000,2873,2,EL,1,100,-18957.400391
1752617926.473642,841085.000,2889,1,EL,1,100,-18957.199219
1752617926.540142,841151.500,2905,2,EL,1,100,-18957.400391
1752617926.606642,841218.000,2905,2,EL,1,100,-18957.599609
1752617926.673642,841285.000,2921,1,EL,1,100,-18957.400391
1752617926.740141,841351.500,2938,2,EL,1,100,-18957.400391
1752617926.806641,841418.000,2938,2,EL,1,100,-18957.199219
1752617926.873641,841485.000,2955,1,EL,1,100,-18957.400391
1752617926.940141,841551.500,2970,2,EL,1,100,-18957.400391
1752617927.006641,841618.000,2970,2,EL,1,100,-18957.400391
1752617927.073640,841685.000,2986,1,EL,1,100,-18957.400391
1752617927.140140,841751.500,3004,2,EL,1,100,-18957.599609
1752617927.206640,841818.000,3004,2,EL,1,100,-18957.599609
1752617927.273640,841885.000,3024,1,EL,1,100,-18957.800781
1752617927.340139,841951.500,3039,2,EL,1,100,-18957.800781
1752617927.406639,842018.000,3039,2,EL,1,100,-18957.599609
1752617927.473639,842085.000,3055,1,EL,1,100,-18957.800781
1752617927.540139,842151.500,3073,2,EL,1,100,-18957.400391
1752617927.606638,842218.000,3073,2,EL,1,100,-18957.400391
1752617927.673638,842285.000,3089,1,EL,1,100,-18957.400391
1752617927.740138,842351.500,3104,2,EL,1,100,-18957.400391
1752617927.806638,842418.000,3104,2,EL,1,100,-18958.000000
1752617927.873638,842485.000,3121,1,EL,1,100,-18957.800781
1752617927.940137,842551.500,3138,2,EL,1,100,-18958.199219
1752617928.006637,842618.000,3138,2,EL,1,100,-18957.599609
1752617928.072637,842684.000,3154,1,EL,1,100,-18958.000000
1752617928.139637,842751.000,3170,2,EL,1,100,-18958.000000
1752617928.206636,842818.000,3170,2,EL,1,100,-18957.800781
1752617928.272636,842884.000,3186,1,EL,1,100,-18958.000000
1752617928.339636,842951.000,3203,2,EL,1,100,-18958.000000
1752617928.406636,843018.000,3203,2,EL,1,100,-18957.800781
1752617928.472635,843084.000,3219,1,EL,1,100,-18958.000000
1752617928.539635,843151.000,3236,2,EL,1,100,-18958.400391
1752617928.606635,843218.000,3236,2,EL,1,100,-18958.000000
1752617928.673135,843284.500,3251,2,EL,1,100,-18958.000000
1752617928.739634,843351.000,3251,2,EL,1,100,-18958.000000
1752617928.806634,843418.000,3268,1,EL,1,100,-18957.599609
1752617928.873134,843484.500,3285,2,EL,1,100,-18958.199219
1752617928.939634,843551.000,3285,2,EL,1,100,-18958.199219
1752617929.006634,843618.000,3302,1,EL,1,100,-18958.199219
1752617929.073133,843684.500,3316,2,EL,1,100,-18957.800781
1752617929.139633,843751.000,3316,2,EL,1,100,-18958.400391
1752617929.206633,843818.000,3334,1,EL,1,100,-18957.800781
1752617929.273133,843884.500,3350,2,EL,1,100,-18958.199219
1752617929.339632,843951.000,3350,2,EL,1,100,-18957.800781
1752617929.406632,844018.000,3367,1,EL,1,100,-18957.800781
1752617929.473132,844084.500,3382,2,EL,1,100,-18958.400391
1752617929.539632,844151.000,3382,2,EL,1,100,-18957.800781
1752617929.606631,844218.000,3399,1,EL,1,100,-18957.800781
1752617929.673131,844284.500,3415,2,EL,1,100,-18958.400391
1752617929.739631,844351.000,3415,2,EL,1,100,-18958.199219
1752617929.806631,844418.000,3432,1,EL,1,100,-18958.000000
1752617929.873131,844484.500,3449,2,EL,1,100,-18958.000000
1752617929.939630,844551.000,3449,2,EL,1,100,-18957.599609
1752617930.006630,844618.000,3466,1,EL,1,100,-18957.800781
1752617930.073130,844684.500,3482,2,EL,1,100,-18958.199219
1752617930.139630,844751.000,3482,2,EL,1,100,-18957.800781
1752617930.206629,844818.000,3500,1,EL,1,100,-18957.599609
1752617930.273129,844884.500,3514,2,EL,1,100,-18957.800781
1752617930.339629,844951.000,3514,2,EL,1,100,-18957.400391
1752617930.406629,845018.000,3531,1,EL,1,100,-18958.000000
1752617930.473128,845084.500,3548,2,EL,1,100,-18958.000000
1752617930.539628,845151.000,3548,2,EL,1,100,-18957.800781
1752617930.606628,845218.000,3565,1,EL,1,100,-18958.000000
1752617930.673128,845284.500,3580,2,EL,1,100,-18958.000000
1752617930.739628,845351.000,3580,2,EL,1,100,-18957.800781
1752617930.806627,845418.000,3596,1,EL,1,100,-18957.800781
1752617930.873127,845484.500,3613,2,EL,1,100,-18958.199219
1752617930.939627,845551.000,3613,2,EL,1,100,-18958.199219
1752617931.006627,845618.000,3630,1,EL,1,100,-18958.199219
1752617931.073126,845684.500,3645,2,EL,1,100,-18957.800781
1752617931.139626,845751.000,3645,2,EL,1,100,-18957.599609
1752617931.206126,845817.500,3662,2,EL,1,100,-18958.199219
1752617931.272626,845884.000,3662,2,EL,1,100,-18958.000000
1752617931.339625,845951.000,3678,1,EL,1,100,-18958.000000
1752617931.406125,846017.500,3695,2,EL,1,100,-18958.199219
1752617931.472625,846084.000,3695,2,EL,1,100,-18958.199219
1752617931.539625,846151.000,3712,1,EL,1,100,-18958.400391
1752617931.606124,846217.500,3727,2,EL,1,100,-18958.199219
1752617931.672624,846284.000,3727,2,EL,1,100,-18958.199219
1752617931.739624,846351.000,3743,1,EL,1,100,-18958.400391
1752617931.806124,846417.500,3761,2,EL,1,100,-18958.000000
1752617931.872624,846484.000,3761,2,EL,1,100,-18958.000000
1752617931.939623,846551.000,3777,1,EL,1,100,-18958.199219
1752617932.006123,846617.500,3792,2,EL,1,100,-18958.199219
1752617932.072623,846684.000,3792,2,EL,1,100,-18958.199219
1752617932.139623,846751.000,3808,1,EL,1,100,-18958.199219
1752617932.206122,846817.500,3828,2,EL,1,100,-18958.199219
1752617932.272622,846884.000,3828,2,EL,1,100,-18958.000000
1752617932.339622,846951.000,3844,1,EL,1,100,-18958.199219
1752617932.406122,847017.500,3859,2,EL,1,100,-18958.400391
1752617932.472621,847084.000,3859,2,EL,1,100,-18958.400391
1752617932.539621,847151.000,3876,1,EL,1,100,-18958.400391
1752617932.606121,847217.500,3893,2,EL,1,100,-18958.400391
1752617932.672621,847284.000,3893,2,EL,1,100,-18958.400391
1752617932.739621,847351.000,3909,1,EL,1,100,-18958.199219
1752617932.806120,847417.500,3925,2,EL,1,100,-18958.199219
1752617932.872620,847484.000,3925,2,EL,1,100,-18958.199219
1752617932.939620,847551.000,3941,1,EL,1,100,-18958.199219
1752617933.006120,847617.500,3958,2,EL,1,100,-18958.800781
1752617933.072619,847684.000,3958,2,EL,1,100,-18958.400391
1752617933.139619,847751.000,3974,1,EL,1,100,-18958.400391
1752617933.206119,847817.500,3990,2,EL,1,100,-18958.400391
1752617933.272619,847884.000,3990,2,EL,1,100,-18958.400391
1752617933.339618,847951.000,4006,1,EL,1,100,-18958.800781
1752617933.406118,848017.500,4023,2,EL,1,100,-18958.599609
1752617933.472618,848084.000,4023,2,EL,1,100,-18958.199219
1752617933.539618,848151.000,4042,1,EL,1,100,-18958.800781
1752617933.606117,848217.500,4058,2,EL,1,100,-18958.599609
1752617933.672617,848284.000,4058,2,EL,1,100,-18958.599609
1752617933.739117,848350.500,4073,2,EL,1,100,-18958.400391
1752617933.805617,848417.000,4073,2,EL,1,100,-18958.800781
1752617933.872617,848484.000,4091,1,EL,1,100,-18958.800781
1752617933.939116,848550.500,4107,2,EL,1,100,-18958.400391
1752617934.005616,848617.000,4107,2,EL,1,100,-18958.800781
1752617934.072616,848684.000,4124,1,EL,1,100,-18958.400391
1752617934.139116,848750.500,4139,2,EL,1,100,-18958.599609
1752617934.205615,848817.000,4139,2,EL,1,100,-18958.800781
1752617934.272615,848884.000,4156,1,EL,1,100,-18959.000000
1752617934.339115,848950.500,4172,2,EL,1,100,-18959.199219
1752617934.405615,849017.000,4172,2,EL,1,100,-18958.800781
1752617934.472614,849084.000,4189,1,EL,1,100,-18959.000000
1752617934.539114,849150.500,4204,2,EL,1,100,-18958.800781
1752617934.605614,849217.000,4204,2,EL,1,100,-18958.800781
1752617934.672614,849284.000,4221,1,EL,1,100,-18958.800781
1752617934.739114,849350.500,4237,2,EL,1,100,-18958.800781
1752617934.805613,849417.000,4237,2,EL,1,100,-18958.800781
1752617934.872613,849484.000,4255,1,EL,1,100,-18958.800781
1752617934.939113,849550.500,4269,2,EL,1,100,-18958.800781
1752617935.005613,849617.000,4269,2,EL,1,100,-18958.800781
1752617935.072612,849684.000,4286,1,EL,1,100,-18959.000000
1752617935.139112,849750.500,4303,2,EL,1,100,-18959.199219
1752617935.205612,849817.000,4303,2,EL,1,100,-18959.199219
1752617935.272612,849884.000,4320,1,EL,1,100,-18959.000000
1752617935.339111,849950.500,4334,2,EL,1,100,-18959.000000
1752617935.405611,850017.000,4334,2,EL,1,100,-18959.000000
1752617935.472611,850084.000,4351,1,EL,1,100,-18958.800781
1752617935.539111,850150.500,4368,2,EL,1,100,-18959.000000
1752617935.605610,850217.000,4368,2,EL,1,100,-18959.400391
1752617935.672610,850284.000,4387,1,EL,1,100,-18959.400391
1752617935.739110,850350.500,4402,2,EL,1,100,-18959.000000
1752617935.805610,850417.000,4402,2,EL,1,100,-18959.199219
1752617935.872610,850484.000,4419,1,EL,1,100,-18959.000000
1752617935.939109,850550.500,4435,2,EL,1,100,-18959.000000
1752617936.005609,850617.000,4435,2,EL,1,100,-18959.199219
1752617936.072609,850684.000,4452,1,EL,1,100,-18959.400391
1752617936.139109,850750.500,4468,2,EL,1,100,-18959.400391
1752617936.205608,850817.000,4468,2,EL,1,100,-18959.400391
1752617936.272108,850883.500,4484,2,EL,1,100,-18959.599609
1752617936.338608,850950.000,4484,2,EL,1,100,-18959.400391
1752617936.405608,851017.000,4500,1,EL,1,100,-18959.800781
1752617936.472107,851083.500,4518,2,EL,1,100,-18959.400391
1752617936.538607,851150.000,4518,2,EL,1,100,-18959.199219
1752617936.605607,851217.000,4534,1,EL,1,100,-18959.800781
1752617936.672107,851283.500,4549,2,EL,1,100,-18959.400391
1752617936.738607,851350.000,4549,2,EL,1,100,-18959.400391
1752617936.805606,851417.000,4565,1,EL,1,100,-18959.599609
1752617936.872106,851483.500,4583,2,EL,1,100,-18959.599609
1752617936.938606,851550.000,4583,2,EL,1,100,-18959.599609
1752617937.005606,851617.000,4599,1,EL,1,100,-18959.400391
1752617937.072105,851683.500,4616,2,EL,1,100,-18959.599609
1752617937.138605,851750.000,4616,2,EL,1,100,-18959.800781
1752617937.205605,851817.000,4633,1,EL,1,100,-18959.599609
1752617937.272105,851883.500,4652,2,EL,1,100,-18959.800781
1752617937.338604,851950.000,4652,2,EL,1,100,-18959.800781
1752617937.405604,852017.000,4668,1,EL,1,100,-18959.800781
1752617937.472104,852083.500,4684,2,EL,1,100,-18959.599609
1752617937.538604,852150.000,4684,2,EL,1,100,-18959.599609
1752617937.605603,852217.000,4700,1,EL,1,100,-18959.599609
1752617937.672103,852283.500,4717,2,EL,1,100,-18959.800781
1752617937.738603,852350.000,4717,2,EL,1,100,-18960.000000
1752617937.805603,852417.000,4733,1,EL,1,100,-18960.000000
1752617937.872103,852483.500,4749,2,EL,1,100,-18960.400391
1752617937.938602,852550.000,4749,2,EL,1,100,-18960.000000
1752617938.005602,852617.000,4765,1,EL,1,100,-18960.000000
1752617938.072102,852683.500,4782,2,EL,1,100,-18960.000000
1752617938.138602,852750.000,4782,2,EL,1,100,-18959.800781
1752617938.205601,852817.000,4799,1,EL,1,100,-18960.000000
1752617938.272101,852883.500,4815,2,EL,1,100,-18960.000000
1752617938.338601,852950.000,4815,2,EL,1,100,-18960.000000
1752617938.405601,853017.000,4830,1,EL,1,100,-18960.199219
1752617938.472100,853083.500,4848,2,EL,1,100,-18960.199219
1752617938.538600,853150.000,4848,2,EL,1,100,-18960.199219
1752617938.605100,853216.500,4864,2,EL,1,100,-18959.800781
1752617938.671600,853283.000,4864,2,EL,1,100,-18960.000000
1752617938.738600,853350.000,4881,1,EL,1,100,-18960.199219
1752617938.805099,853416.500,4896,2,EL,1,100,-18960.400391
1752617938.871599,853483.000,4896,2,EL,1,100,-18960.199219
1752617938.938599,853550.000,4913,1,EL,1,100,-18960.400391
1752617939.005099,853616.500,4929,2,EL,1,100,-18960.599609
1752617939.071598,853683.000,4929,2,EL,1,100,-18960.400391
1752617939.138598,853750.000,4946,1,EL,1,100,-18960.199219
1752617939.205098,853816.500,4961,2,EL,1,100,-18960.400391
1752617939.271598,853883.000,4961,2,EL,1,100,-18959.800781
1752617939.338597,853950.000,4978,1,EL,1,100,-18960.000000
1752617939.405097,854016.500,4994,2,EL,1,100,-18959.800781
1752617939.471597,854083.000,4994,2,EL,1,100,-18960.199219
1752617939.538597,854150.000,5012,1,EL,1,100,-18960.000000
1752617939.605096,854216.500,5026,2,EL,1,100,-18960.000000
1752617939.671596,854283.000,5026,2,EL,1,100,-18959.800781
1752617939.738596,854350.000,5043,1,EL,1,100,-18960.000000
1752617939.805096,854416.500,5060,2,EL,1,100,-18960.000000
1752617939.871596,854483.000,5060,2,EL,1,100,-18960.199219
1752617939.938595,854550.000,5077,1,EL,1,100,-18960.199219
1752617940.005095,854616.500,5091,2,EL,1,100,-18960.599609
1752617940.071595,854683.000,5091,2,EL,1,100,-18960.400391
1752617940.138595,854750.000,5108,1,EL,1,100,-18960.599609
1752617940.205094,854816.500,5125,2,EL,1,100,-18960.800781
1752617940.271594,854883.000,5125,2,EL,1,100,-18960.800781
1752617940.338594,854950.000,5142,1,EL,1,100,-18961.000000
1752617940.405094,855016.500,5156,2,EL,1,100,-18960.599609
1752617940.471593,855083.000,5156,2,EL,1,100,-18960.800781
1752617940.538593,855150.000,5174,1,EL,1,100,-18960.599609
1752617940.605093,855216.500,5190,2,EL,1,100,-18960.599609
1752617940.671593,855283.000,5190,2,EL,1,100,-18960.599609
1752617940.738593,855350.000,5207,1,EL,1,100,-18960.800781
1752617940.805092,855416.500,5223,2,EL,1,100,-18960.800781
1752617940.871592,855483.000,5223,2,EL,1,100,-18960.599609
1752617940.938592,855550.000,5239,2,EL,1,100,-18960.800781
1752617941.005592,855617.000,5239,2,EL,1,100,-18961.199219
1752617941.071591,855683.000,5255,1,EL,1,100,-18961.400391
1752617941.138591,855750.000,5273,2,EL,1,100,-18961.000000
1752617941.205591,855817.000,5273,2,EL,1,100,-18961.599609
1752617941.271591,855883.000,5289,1,EL,1,100,-18961.400391
1752617941.338090,855949.500,5304,2,EL,1,100,-18961.400391
1752617941.404590,856016.000,5304,2,EL,1,100,-18961.599609
1752617941.471590,856083.000,5320,1,EL,1,100,-18961.599609
1752617941.538090,856149.500,5338,2,EL,1,100,-18960.800781
1752617941.604589,856216.000,5338,2,EL,1,100,-18959.199219
1752617941.671589,856283.000,5354,1,EL,1,100,-18960.000000
1752617941.738089,856349.500,5369,2,EL,1,100,-18960.599609
1752617941.804589,856416.000,5369,2,EL,1,100,-18960.599609
1752617941.871589,856483.000,5386,1,EL,1,100,-18960.800781
1752617941.938088,856549.500,5403,2,EL,1,100,-18960.599609
1752617942.004588,856616.000,5403,2,EL,1,100,-18960.800781
1752617942.071588,856683.000,5419,1,EL,1,100,-18961.199219
1752617942.138088,856749.500,5435,2,EL,1,100,-18961.599609
1752617942.204587,856816.000,5435,2,EL,1,100,-18961.400391
1752617942.271587,856883.000,5453,1,EL,1,100,-18961.599609
1752617942.338087,856949.500,5470,2,EL,1,100,-18961.599609
1752617942.404587,857016.000,5470,2,EL,1,100,-18961.599609
1752617942.471586,857083.000,5488,1,EL,1,100,-18961.199219
1752617942.538086,857149.500,5504,2,EL,1,100,-18961.400391
1752617942.604586,857216.000,5504,2,EL,1,100,-18961.400391
1752617942.671586,857283.000,5520,1,EL,1,100,-18961.199219
1752617942.738086,857349.500,5537,2,EL,1,100,-18961.599609
1752617942.804585,857416.000,5537,2,EL,1,100,-18961.000000
1752617942.871585,857483.000,5554,1,EL,1,100,-18961.400391
1752617942.938085,857549.500,5570,2,EL,1,100,-18961.599609
1752617943.004585,857616.000,5570,2,EL,1,100,-18961.599609
1752617943.071584,857683.000,5585,1,EL,1,100,-18961.599609
1752617943.138084,857749.500,5603,2,EL,1,100,-18961.599609
1752617943.204584,857816.000,5603,2,EL,1,100,-18961.599609
1752617943.271584,857883.000,5619,1,EL,1,100,-18961.400391
1752617943.338083,857949.500,5635,2,EL,1,100,-18961.599609
1752617943.404583,858016.000,5635,2,EL,1,100,-18961.400391
1752617943.471583,858083.000,5651,2,EL,1,100,-18961.400391
1752617943.538583,858150.000,5651,2,EL,1,100,-18961.000000
1752617943.604582,858216.000,5668,1,EL,1,100,-18961.400391
1752617943.671582,858283.000,5684,2,EL,1,100,-18961.599609
1752617943.738582,858350.000,5684,2,EL,1,100,-18961.400391
1752617943.804582,858416.000,5701,1,EL,1,100,-18961.000000
1752617943.871582,858483.000,5716,2,EL,1,100,-18960.800781
1752617943.938581,858550.000,5716,2,EL,1,100,-18961.400391
1752617944.004581,858616.000,5733,1,EL,1,100,-18960.800781
1752617944.071581,858683.000,5749,2,EL,1,100,-18961.000000
1752617944.138581,858750.000,5749,2,EL,1,100,-18960.800781
1752617944.204580,858816.000,5767,1,EL,1,100,-18961.000000
1752617944.271580,858883.000,5781,2,EL,1,100,-18961.199219
1752617944.338580,858950.000,5781,2,EL,1,100,-18961.000000
1752617944.404580,859016.000,5798,1,EL,1,100,-18961.199219
1752617944.471579,859083.000,5815,2,EL,1,100,-18961.000000
1752617944.538579,859150.000,5815,2,EL,1,100,-18960.599609
1752617944.604579,859216.000,5832,1,EL,1,100,-18960.599609
1752617944.671079,859282.500,5846,2,EL,1,100,-18961.199219
1752617944.737579,859349.000,5846,2,EL,1,100,-18960.599609
1752617944.804578,859416.000,5865,1,EL,1,100,-18961.000000
1752617944.871078,859482.500,5882,2,EL,1,100,-18961.000000
1752617944.937578,859549.000,5882,2,EL,1,100,-18960.800781
1752617945.004578,859616.000,5899,1,EL,1,100,-18960.800781
1752617945.071077,859682.500,5913,2,EL,1,100,-18960.599609
1752617945.137577,859749.000,5913,2,EL,1,100,-18960.800781
1752617945.204577,859816.000,5931,1,EL,1,100,-18960.599609
1752617945.271077,859882.500,5947,2,EL,1,100,-18961.000000
1752617945.337576,859949.000,5947,2,EL,1,100,-18961.199219
1752617945.404576,860016.000,5964,1,EL,1,100,-18961.199219
1752617945.471076,860082.500,5979,2,EL,1,100,-18961.000000
1752617945.537576,860149.000,5979,2,EL,1,100,-18960.800781
1752617945.604575,860216.000,5996,1,EL,1,100,-18960.400391
1752617945.671075,860282.500,6012,2,EL,1,100,-18960.400391
1752617945.737575,860349.000,6012,2,EL,1,100,-18960.599609
1752617945.804575,860416.000,6029,1,EL,1,100,-18960.599609
1752617945.871075,860482.500,6045,2,EL,1,100,-18960.599609
1752617945.937574,860549.000,6045,2,EL,1,100,-18960.599609
1752617946.004574,860616.000,6061,2,EL,1,100,-18960.800781
1752617946.071574,860683.000,6061,2,EL,1,100,-18960.400391
1752617946.137574,860749.000,6077,1,EL,1,100,-18960.599609
1752617946.204573,860816.000,6095,2,EL,1,100,-18960.599609
1752617946.271573,860883.000,6095,2,EL,1,100,-18961.000000
1752617946.337573,860949.000,6111,1,EL,1,100,-18960.800781
1752617946.404573,861016.000,6126,2,EL,1,100,-18961.000000
1752617946.471572,861083.000,6126,2,EL,1,100,-18961.000000
1752617946.537572,861149.000,6143,1,EL,1,100,-18961.000000
1752617946.604572,861216.000,6160,2,EL,1,100,-18961.199219
1752617946.671572,861283.000,6160,2,EL,1,100,-18961.400391
1752617946.737572,861349.000,6176,1,EL,1,100,-18961.000000
1752617946.804571,861416.000,6192,2,EL,1,100,-18961.199219
1752617946.871571,861483.000,6192,2,EL,1,100,-18961.400391
1752617946.937571,861549.000,6208,1,EL,1,100,-18961.400391
1752617947.004571,861616.000,6225,2,EL,1,100,-18961.400391
1752617947.071570,861683.000,6225,2,EL,1,100,-18961.400391
1752617947.137570,861749.000,6241,1,EL,1,100,-18961.000000
1752617947.204570,861816.000,6259,2,EL,1,100,-18961.599609
1752617947.271570,861883.000,6259,2,EL,1,100,-18961.400391
1752617947.337569,861949.000,6275,1,EL,1,100,-18961.199219
1752617947.404569,862016.000,6292,2,EL,1,100,-18961.400391
1752617947.471569,862083.000,6292,2,EL,1,100,-18961.599609
1752617947.537569,862149.000,6309,1,EL,1,100,-18961.400391
1752617947.604569,862216.000,6324,2,EL,1,100,-18961.599609
1752617947.671568,862283.000,6324,2,EL,1,100,-18961.599609
1752617947.737568,862349.000,6340,1,EL,1,100,-18961.400391
1752617947.804568,862416.000,6358,2,EL,1,100,-18961.599609
1752617947.871568,862483.000,6358,2,EL,1,100,-18961.599609
1752617947.937567,862549.000,6374,1,EL,1,100,-18961.599609
1752617948.004067,862615.500,6390,2,EL,1,100,-18961.599609
1752617948.070567,862682.000,6390,2,EL,1,100,-18961.800781
1752617948.137567,862749.000,6405,1,EL,1,100,-18961.599609
1752617948.204066,862815.500,6423,2,EL,1,100,-18961.599609
1752617948.270566,862882.000,6423,2,EL,1,100,-18961.599609
1752617948.337566,862949.000,6439,2,EL,1,100,-18961.599609
1752617948.404566,863016.000,6439,2,EL,1,100,-18961.599609
1752617948.470565,863082.000,6456,1,EL,1,100,-18961.800781
1752617948.537565,863149.000,6471,2,EL,1,100,-18962.000000
1752617948.604565,863216.000,6471,2,EL,1,100,-18961.800781
1752617948.670565,863282.000,6488,1,EL,1,100,-18962.000000
1752617948.737565,863349.000,6504,2,EL,1,100,-18962.400391
1752617948.804564,863416.000,6504,2,EL,1,100,-18962.599609
1752617948.870564,863482.000,6524,1,EL,1,100,-18962.400391
1752617948.937564,863549.000,6538,2,EL,1,100,-18962.400391
1752617949.004564,863616.000,6538,2,EL,1,100,-18962.599609
1752617949.070563,863682.000,6555,1,EL,1,100,-18962.800781
1752617949.137563,863749.000,6572,2,EL,1,100,-18962.800781
1752617949.204563,863816.000,6572,2,EL,1,100,-18962.599609
1752617949.270563,863882.000,6589,1,EL,1,100,-18962.400391
1752617949.337562,863949.000,6603,2,EL,1,100,-18962.800781
1752617949.404562,864016.000,6603,2,EL,1,100,-18962.599609
1752617949.470562,864082.000,6620,1,EL,1,100,-18963.000000
1752617949.537562,864149.000,6637,2,EL,1,100,-18963.199219
1752617949.604562,864216.000,6637,2,EL,1,100,-18962.599609
1752617949.670561,864282.000,6654,1,EL,1,100,-18962.800781
1752617949.737561,864349.000,6668,2,EL,1,100,-18963.000000
1752617949.804561,864416.000,6668,2,EL,1,100,-18962.599609
1752617949.870561,864482.000,6686,1,EL,1,100,-18962.800781
1752617949.937560,864549.000,6702,2,EL,1,100,-18962.599609
1752617950.004560,864616.000,6702,2,EL,1,100,-18962.800781
1752617950.070560,864682.000,6719,1,EL,1,100,-18963.000000
1752617950.137560,864749.000,6734,2,EL,1,100,-18962.599609
1752617950.204559,864816.000,6734,2,EL,1,100,-18962.800781
1752617950.270559,864882.000,6751,1,EL,1,100,-18962.800781
1752617950.337559,864949.000,6767,2,EL,1,100,-18963.199219
1752617950.404559,865016.000,6767,2,EL,1,100,-18963.000000
1752617950.470558,865082.000,6784,1,EL,1,100,-18963.000000
1752617950.537558,865149.000,6800,2,EL,1,100,-18963.400391
1752617950.604558,865216.000,6800,2,EL,1,100,-18963.000000
1752617950.671058,865282.500,6816,2,EL,1,100,-18962.800781
1752617950.737558,865349.000,6816,2,EL,1,100,-18963.199219
1752617950.804557,865416.000,6832,1,EL,1,100,-18963.000000
1752617950.871057,865482.500,6850,2,EL,1,100,-18963.199219
1752617950.937557,865549.000,6850,2,EL,1,100,-18963.199219
1752617951.004557,865616.000,6866,1,EL,1,100,-18963.199219
1752617951.071056,865682.500,6881,2,EL,1,100,-18962.800781
1752617951.137556,865749.000,6881,2,EL,1,100,-18962.800781
1752617951.204556,865816.000,6898,1,EL,1,100,-18962.800781
1752617951.271056,865882.500,6915,2,EL,1,100,-18963.400391
1752617951.337555,865949.000,6915,2,EL,1,100,-18963.199219
1752617951.403555,866015.000,6931,1,EL,1,100,-18963.199219
1752617951.470555,866082.000,6947,2,EL,1,100,-18963.000000
1752617951.537555,866149.000,6947,2,EL,1,100,-18963.000000
1752617951.603555,866215.000,6963,1,EL,1,100,-18963.199219
1752617951.670554,866282.000,6980,2,EL,1,100,-18963.000000
1752617951.737554,866349.000,6980,2,EL,1,100,-18962.800781
1752617951.803554,866415.000,6996,1,EL,1,100,-18963.199219
1752617951.870554,866482.000,7012,2,EL,1,100,-18963.199219
1752617951.937553,866549.000,7012,2,EL,1,100,-18963.000000
1752617952.003553,866615.000,7028,1,EL,1,100,-18963.199219
1752617952.070553,866682.000,7045,2,EL,1,100,-18963.599609
1752617952.137553,866749.000,7045,2,EL,1,100,-18963.199219
1752617952.203552,866815.000,7062,1,EL,1,100,-18963.400391
1752617952.270552,866882.000,7079,2,EL,1,100,-18963.000000
1752617952.337552,866949.000,7079,2,EL,1,100,-18962.800781
1752617952.403552,867015.000,7095,1,EL,1,100,-18962.800781
1752617952.470551,867082.000,7113,2,EL,1,100,-18963.000000
1752617952.537551,867149.000,7113,2,EL,1,100,-18963.199219
1752617952.603551,867215.000,7129,1,EL,1,100,-18963.199219
1752617952.670551,867282.000,7145,2,EL,1,100,-18963.400391
1752617952.737551,867349.000,7145,2,EL,1,100,-18963.199219
1752617952.803550,867415.000,7160,1,EL,1,100,-18963.400391
1752617952.870550,867482.000,7178,2,EL,1,100,-18963.199219
1752617952.937550,867549.000,7178,2,EL,1,100,-18963.199219
1752617953.004050,867615.500,7194,2,EL,1,100,-18963.199219
1752617953.070549,867682.000,7194,2,EL,1,100,-18963.199219
1752617953.137549,867749.000,7211,1,EL,1,100,-18963.400391
1752617953.204049,867815.500,7226,2,EL,1,100,-18963.400391
1752617953.270549,867882.000,7226,2,EL,1,100,-18963.599609
1752617953.337548,867949.000,7243,1,EL,1,100,-18963.000000
1752617953.404048,868015.500,7259,2,EL,1,100,-18963.599609
1752617953.470548,868082.000,7259,2,EL,1,100,-18963.400391
1752617953.537548,868149.000,7277,1,EL,1,100,-18963.199219
1752617953.604048,868215.500,7291,2,EL,1,100,-18963.400391
1752617953.670547,868282.000,7291,2,EL,1,100,-18963.599609
1752617953.737547,868349.000,7308,1,EL,1,100,-18963.599609
1752617953.804047,868415.500,7325,2,EL,1,100,-18963.599609
1752617953.870547,868482.000,7325,2,EL,1,100,-18963.800781
1752617953.937546,868549.000,7342,1,EL,1,100,-18963.599609
1752617954.004046,868615.500,7356,2,EL,1,100,-18963.599609
1752617954.070546,868682.000,7356,2,EL,1,100,-18963.599609
1752617954.137546,868749.000,7373,1,EL,1,100,-18963.599609
1752617954.204045,868815.500,7390,2,EL,1,100,-18963.599609
1752617954.270545,868882.000,7390,2,EL,1,100,-18963.800781
1752617954.337545,868949.000,7407,1,EL,1,100,-18963.599609
1752617954.404045,869015.500,7421,2,EL,1,100,-18963.599609
1752617954.470544,869082.000,7421,2,EL,1,100,-18963.400391
1752617954.537544,869149.000,7439,1,EL,1,100,-18963.400391
1752617954.604044,869215.500,7455,2,EL,1,100,-18963.400391
1752617954.670544,869282.000,7455,2,EL,1,100,-18963.599609
1752617954.737544,869349.000,7472,1,EL,1,100,-18963.400391
1752617954.804043,869415.500,7488,2,EL,1,100,-18963.400391
1752617954.870543,869482.000,7488,2,EL,1,100,-18963.400391
1752617954.937543,869549.000,7504,1,EL,1,100,-18963.800781
1752617955.004043,869615.500,7520,2,EL,1,100,-18963.400391
1752617955.070542,869682.000,7520,2,EL,1,100,-18963.400391
1752617955.136542,869748.000,7537,1,EL,1,100,-18963.400391
1752617955.203542,869815.000,7553,2,EL,1,100,-18963.599609
1752617955.270542,869882.000,7553,2,EL,1,100,-18963.599609
1752617955.337041,869948.500,7569,2,EL,1,100,-18963.599609
1752617955.403541,870015.000,7569,2,EL,1,100,-18963.599609
1752617955.470541,870082.000,7585,1,EL,1,100,-18963.800781
1752617955.537041,870148.500,7603,2,EL,1,100,-18964.000000
1752617955.603541,870215.000,7603,2,EL,1,100,-18963.800781
1752617955.670540,870282.000,7619,1,EL,1,100,-18963.400391
1752617955.737040,870348.500,7634,2,EL,1,100,-18963.800781
1752617955.803540,870415.000,7634,2,EL,1,100,-18963.800781
1752617955.870540,870482.000,7651,1,EL,1,100,-18964.000000
1752617955.937039,870548.500,7668,2,EL,1,100,-18963.599609
1752617956.003539,870615.000,7668,2,EL,1,100,-18964.000000
1752617956.070539,870682.000,7684,1,EL,1,100,-18963.800781
1752617956.137039,870748.500,7700,2,EL,1,100,-18963.800781
1752617956.203538,870815.000,7700,2,EL,1,100,-18964.000000
1752617956.270538,870882.000,7716,1,EL,1,100,-18964.199219
1752617956.337038,870948.500,7733,2,EL,1,100,-18964.000000
1752617956.403538,871015.000,7733,2,EL,1,100,-18964.199219
1752617956.470537,871082.000,7751,1,EL,1,100,-18964.199219
1752617956.537037,871148.500,7767,2,EL,1,100,-18964.199219
1752617956.603537,871215.000,7767,2,EL,1,100,-18964.000000
1752617956.670537,871282.000,7783,1,EL,1,100,-18963.800781
1752617956.737037,871348.500,7800,2,EL,1,100,-18964.199219
1752617956.803536,871415.000,7800,2,EL,1,100,-18964.199219
1752617956.870536,871482.000,7817,1,EL,1,100,-18964.400391
1752617956.937036,871548.500,7832,2,EL,1,100,-18963.800781
1752617957.003536,871615.000,7832,2,EL,1,100,-18964.199219
1752617957.070535,871682.000,7848,1,EL,1,100,-18964.199219
1752617957.137035,871748.500,7866,2,EL,1,100,-18964.199219
1752617957.203535,871815.000,7866,2,EL,1,100,-18964.000000
1752617957.270535,871882.000,7884,1,EL,1,100,-18964.199219
1752617957.337034,871948.500,7899,2,EL,1,100,-18964.199219
1752617957.403534,872015.000,7899,2,EL,1,100,-18963.800781
1752617957.470534,872082.000,7915,1,EL,1,100,-18964.000000
1752617957.537034,872148.500,7933,2,EL,1,100,-18964.199219
1752617957.603534,872215.000,7933,2,EL,1,100,-18963.599609
1752617957.670533,872282.000,7949,1,EL,1,100,-18963.800781
1752617957.737033,872348.500,7965,2,EL,1,100,-18964.000000
1752617957.803533,872415.000,7965,2,EL,1,100,-18963.800781
1752617957.870033,872481.500,7981,2,EL,1,100,-18963.800781
1752617957.936532,872548.000,7981,2,EL,1,100,-18963.599609
1752617958.003532,872615.000,7998,1,EL,1,100,-18963.599609
1752617958.070032,872681.500,8014,2,EL,1,100,-18963.599609
1752617958.136532,872748.000,8014,2,EL,1,100,-18963.400391
1752617958.203531,872815.000,8032,1,EL,1,100,-18963.599609
1752617958.270031,872881.500,8046,2,EL,1,100,-18963.400391
1752617958.336531,872948.000,8046,2,EL,1,100,-18963.400391
1752617958.403531,873015.000,8063,1,EL,1,100,-18963.599609
1752617958.470030,873081.500,8080,2,EL,1,100,-18962.800781
1752617958.536530,873148.000,8080,2,EL,1,100,-18963.400391
1752617958.603530,873215.000,8097,1,EL,1,100,-18963.400391
1752617958.670030,873281.500,8111,2,EL,1,100,-18963.800781
1752617958.736530,873348.000,8111,2,EL,1,100,-18963.400391
1752617958.803529,873415.000,8128,1,EL,1,100,-18963.199219
1752617958.870029,873481.500,8145,2,EL,1,100,-18963.599609
1752617958.936529,873548.000,8145,2,EL,1,100,-18963.400391
1752617959.003529,873615.000,8162,1,EL,1,100,-18963.400391
1752617959.070028,873681.500,8176,2,EL,1,100,-18963.400391
1752617959.136528,873748.000,8176,2,EL,1,100,-18963.400391
1752617959.203528,873815.000,8194,1,EL,1,100,-18963.599609
1752617959.270028,873881.500,8210,2,EL,1,100,-18963.599609
1752617959.336527,873948.000,8210,2,EL,1,100,-18963.400391
1752617959.403527,874015.000,8227,1,EL,1,100,-18964.199219
1752617959.470027,874081.500,8242,2,EL,1,100,-18963.800781
1752617959.536527,874148.000,8242,2,EL,1,100,-18963.599609
1752617959.603527,874215.000,8259,1,EL,1,100,-18963.599609
1752617959.670026,874281.500,8275,2,EL,1,100,-18963.400391
1752617959.736526,874348.000,8275,2,EL,1,100,-18963.400391
1752617959.803526,874415.000,8292,1,EL,1,100,-18963.800781
1752617959.870026,874481.500,8308,2,EL,1,100,-18963.800781
1752617959.936525,874548.000,8308,2,EL,1,100,-18963.599609
1752617960.003525,874615.000,8324,1,EL,1,100,-18963.599609
1752617960.070025,874681.500,8340,2,EL,1,100,-18964.000000
1752617960.136525,874748.000,8340,2,EL,1,100,-18963.599609
1752617960.203524,874815.000,8358,1,EL,1,100,-18963.800781
1752617960.270024,874881.500,8373,2,EL,1,100,-18963.800781
1752617960.336524,874948.000,8373,2,EL,1,100,-18963.800781
1752617960.403024,875014.500,8389,2,EL,1,100,-18963.599609
1752617960.469523,875081.000,8389,2,EL,1,100,-18963.800781
1752617960.536523,875148.000,8406,1,EL,1,100,-18963.599609
1752617960.603023,875214.500,8423,2,EL,1,100,-18963.400391
1752617960.669523,875281.000,8423,2,EL,1,100,-18963.400391
1752617960.736523,875348.000,8439,1,EL,1,100,-18963.400391
1752617960.803022,875414.500,8455,2,EL,1,100,-18963.800781
1752617960.869522,875481.000,8455,2,EL,1,100,-18963.800781
1752617960.936522,875548.000,8471,1,EL,1,100,-18963.800781
1752617961.003022,875614.500,8488,2,EL,1,100,-18963.400391
1752617961.069521,875681.000,8488,2,EL,1,100,-18963.800781
1752617961.136521,875748.000,8504,1,EL,1,100,-18963.400391
1752617961.203021,875814.500,8520,2,EL,1,100,-18963.599609
1752617961.269521,875881.000,8520,2,EL,1,100,-18963.800781
1752617961.336520,875948.000,8536,1,EL,1,100,-18963.400391
1752617961.403020,876014.500,8553,2,EL,1,100,-18963.599609
1752617961.469520,876081.000,8553,2,EL,1,100,-18963.199219
1752617961.536520,876148.000,8570,1,EL,1,100,-18963.599609
1752617961.603020,876214.500,8585,2,EL,1,100,-18963.400391
1752617961.669519,876281.000,8585,2,EL,1,100,-18963.199219
1752617961.736519,876348.000,8601,1,EL,1,100,-18963.400391
1752617961.803019,876414.500,8619,2,EL,1,100,-18963.599609
1752617961.869519,876481.000,8619,2,EL,1,100,-18963.199219
1752617961.936518,876548.000,8635,1,EL,1,100,-18963.400391
1752617962.003018,876614.500,8650,2,EL,1,100,-18963.599609
1752617962.069518,876681.000,8650,2,EL,1,100,-18963.599609
1752617962.136518,876748.000,8666,1,EL,1,100,-18963.400391
1752617962.203017,876814.500,8686,2,EL,1,100,-18963.000000
1752617962.269517,876881.000,8686,2,EL,1,100,-18963.199219
1752617962.336517,876948.000,8702,1,EL,1,100,-18963.400391
1752617962.403017,877014.500,8718,2,EL,1,100,-18963.599609
1752617962.469517,877081.000,8718,2,EL,1,100,-18963.400391
1752617962.536516,877148.000,8734,1,EL,1,100,-18963.599609
1752617962.603016,877214.500,8751,2,EL,1,100,-18963.599609
1752617962.669516,877281.000,8751,2,EL,1,100,-18963.599609
1752617962.736516,877348.000,8767,1,EL,1,100,-18964.000000
1752617962.803015,877414.500,8784,2,EL,1,100,-18964.000000
1752617962.869515,877481.000,8784,2,EL,1,100,-18963.800781
1752617962.936015,877547.500,8799,2,EL,1,100,-18963.599609
1752617963.002515,877614.000,8799,2,EL,1,100,-18964.400391
1752617963.069514,877681.000,8816,1,EL,1,100,-18964.199219
1752617963.136014,877747.500,8833,2,EL,1,100,-18964.000000
1752617963.202514,877814.000,8833,2,EL,1,100,-18963.800781
1752617963.269514,877881.000,8850,1,EL,1,100,-18963.800781
1752617963.336013,877947.500,8864,2,EL,1,100,-18964.599609
1752617963.402513,878014.000,8864,2,EL,1,100,-18964.599609
1752617963.469513,878081.000,8883,1,EL,1,100,-18964.400391
1752617963.536013,878147.500,8900,2,EL,1,100,-18964.400391
1752617963.602513,878214.000,8900,2,EL,1,100,-18964.400391
1752617963.669512,878281.000,8917,1,EL,1,100,-18964.400391
1752617963.736012,878347.500,8931,2,EL,1,100,-18964.599609
1752617963.802512,878414.000,8931,2,EL,1,100,-18964.599609
1752617963.869512,878481.000,8949,1,EL,1,100,-18964.199219
1752617963.936011,878547.500,8965,2,EL,1,100,-18964.400391
1752617964.002511,878614.000,8965,2,EL,1,100,-18964.199219
1752617964.069511,878681.000,8984,1,EL,1,100,-18964.199219
1752617964.136011,878747.500,8999,2,EL,1,100,-18964.400391
1752617964.202510,878814.000,8999,2,EL,1,100,-18964.199219
1752617964.269510,878881.000,9016,1,EL,1,100,-18964.400391
1752617964.336010,878947.500,9032,2,EL,1,100,-18964.400391
1752617964.402510,879014.000,9032,2,EL,1,100,-18964.199219
1752617964.469510,879081.000,9049,1,EL,1,100,-18964.199219
1752617964.536009,879147.500,9064,2,EL,1,100,-18964.199219
1752617964.602509,879214.000,9064,2,EL,1,100,-18964.400391
1752617964.669509,879281.000,9081,1,EL,1,100,-18964.199219
1752617964.736009,879347.500,9099,2,EL,1,100,-18964.000000
1752617964.802508,879414.000,9099,2,EL,1,100,-18964.400391
1752617964.869508,879481.000,9117,1,EL,1,100,-18964.400391
1752617964.936008,879547.500,9132,2,EL,1,100,-18964.599609
1752617965.002508,879614.000,9132,2,EL,1,100,-18964.800781
1752617965.069507,879681.000,9148,1,EL,1,100,-18964.599609
1752617965.136007,879747.500,9165,2,EL,1,100,-18964.400391
1752617965.202507,879814.000,9165,2,EL,1,100,-18964.400391
1752617965.269507,879881.000,9182,1,EL,1,100,-18964.400391
1752617965.336006,879947.500,9197,2,EL,1,100,-18964.400391
1752617965.402506,880014.000,9197,2,EL,1,100,-18964.400391
1752617965.469006,880080.500,9214,2,EL,1,100,-18964.599609
1752617965.535506,880147.000,9214,2,EL,1,100,-18964.599609
1752617965.602506,880214.000,9230,1,EL,1,100,-18964.800781
1752617965.669005,880280.500,9247,2,EL,1,100,-18964.800781
1752617965.735505,880347.000,9247,2,EL,1,100,-18964.599609
1752617965.802505,880414.000,9263,1,EL,1,100,-18964.599609
1752617965.869005,880480.500,9279,2,EL,1,100,-18964.800781
1752617965.935504,880547.000,9279,2,EL,1,100,-18964.800781
1752617966.002504,880614.000,9295,1,EL,1,100,-18965.000000
1752617966.069004,880680.500,9314,2,EL,1,100,-18965.000000
1752617966.135504,880747.000,9314,2,EL,1,100,-18964.800781
1752617966.202503,880814.000,9331,1,EL,1,100,-18964.800781
1752617966.269003,880880.500,9346,2,EL,1,100,-18965.199219
1752617966.335503,880947.000,9346,2,EL,1,100,-18964.800781
1752617966.402503,881014.000,9362,1,EL,1,100,-18965.000000
1752617966.469003,881080.500,9380,2,EL,1,100,-18965.000000
1752617966.535502,881147.000,9380,2,EL,1,100,-18965.199219
1752617966.602502,881214.000,9396,1,EL,1,100,-18965.199219
1752617966.669002,881280.500,9411,2,EL,1,100,-18965.199219
1752617966.735502,881347.000,9411,2,EL,1,100,-18965.000000
1752617966.802501,881414.000,9427,1,EL,1,100,-18965.000000
1752617966.869001,881480.500,9445,2,EL,1,100,-18965.199219
1752617966.935501,881547.000,9445,2,EL,1,100,-18964.800781
1752617967.002501,881614.000,9461,1,EL,1,100,-18965.000000
1752617967.069000,881680.500,9476,2,EL,1,100,-18965.000000
1752617967.135500,881747.000,9476,2,EL,1,100,-18964.800781
1752617967.202500,881814.000,9493,1,EL,1,100,-18965.400391
1752617967.269000,881880.500,9512,2,EL,1,100,-18964.800781
1752617967.335499,881947.000,9512,2,EL,1,100,-18964.800781
1752617967.402499,882014.000,9530,1,EL,1,100,-18965.199219
1752617967.468999,882080.500,9547,2,EL,1,100,-18965.400391
1752617967.535499,882147.000,9547,2,EL,1,100,-18965.000000
1752617967.602499,882214.000,9562,1,EL,1,100,-18965.400391
1752617967.668998,882280.500,9579,2,EL,1,100,-18965.199219
1752617967.735498,882347.000,9579,2,EL,1,100,-18965.199219
1752617967.802498,882414.000,9595,1,EL,1,100,-18965.000000
1752617967.868998,882480.500,9612,2,EL,1,100,-18965.400391
1752617967.935497,882547.000,9612,2,EL,1,100,-18965.199219
1752617968.001997,882613.500,9627,2,EL,1,100,-18965.000000
1752617968.068497,882680.000,9627,2,EL,1,100,-18965.400391
1752617968.135497,882747.000,9644,1,EL,1,100,-18965.199219
1752617968.201996,882813.500,9661,2,EL,1,100,-18965.400391
1752617968.268496,882880.000,9661,2,EL,1,100,-18965.199219
1752617968.335496,882947.000,9678,1,EL,1,100,-18965.199219
1752617968.401996,883013.500,9692,2,EL,1,100,-18965.000000
1752617968.468496,883080.000,9692,2,EL,1,100,-18964.599609
1752617968.535495,883147.000,9710,1,EL,1,100,-18964.800781
1752617968.601995,883213.500,9726,2,EL,1,100,-18965.400391
1752617968.668495,883280.000,9726,2,EL,1,100,-18965.400391
1752617968.735495,883347.000,9743,1,EL,1,100,-18965.199219
1752617968.801994,883413.500,9758,2,EL,1,100,-18965.400391
1752617968.868494,883480.000,9758,2,EL,1,100,-18965.000000
1752617968.935494,883547.000,9775,1,EL,1,100,-18965.000000
1752617969.001994,883613.500,9791,2,EL,1,100,-18965.000000
1752617969.068493,883680.000,9791,2,EL,1,100,-18965.000000
1752617969.135493,883747.000,9808,1,EL,1,100,-18964.800781
1752617969.201993,883813.500,9823,2,EL,1,100,-18965.000000
1752617969.268493,883880.000,9823,2,EL,1,100,-18965.000000
1752617969.335492,883947.000,9840,1,EL,1,100,-18965.000000
1752617969.401992,884013.500,9856,2,EL,1,100,-18964.800781
1752617969.468492,884080.000,9856,2,EL,1,100,-18965.000000
1752617969.535492,884147.000,9874,1,EL,1,100,-18964.800781
1752617969.601992,884213.500,9888,2,EL,1,100,-18965.199219
1752617969.668491,884280.000,9888,2,EL,1,100,-18965.400391
1752617969.735491,884347.000,9905,1,EL,1,100,-18965.199219
1752617969.801991,884413.500,9922,2,EL,1,100,-18965.000000
1752617969.868491,884480.000,9922,2,EL,1,100,-18965.199219
1752617969.935490,884547.000,9939,1,EL,1,100,-18965.000000
1752617970.001990,884613.500,9954,2,EL,1,100,-18965.000000
1752617970.068490,884680.000,9954,2,EL,1,100,-18965.000000
1752617970.135490,884747.000,9970,1,EL,1,100,-18965.199219
1752617970.201989,884813.500,9987,2,EL,1,100,-18965.400391
1752617970.268489,884880.000,9987,2,EL,1,100,-18965.400391
1752617970.335489,884947.000,10004,1,EL,1,100,-18965.400391
1752617970.401989,885013.500,10019,2,EL,1,100,-18965.400391
1752617970.468489,885080.000,10019,2,EL,1,100,-18965.599609
1752617970.535488,885147.000,10036,2,EL,1,100,-18965.400391
1752617970.602488,885214.000,10036,2,EL,1,100,-18965.800781
1752617970.668488,885280.000,10052,1,EL,1,100,-18965.599609
1752617970.735488,885347.000,10069,2,EL,1,100,-18966.000000
1752617970.802487,885414.000,10069,2,EL,1,100,-18965.800781
1752617970.868487,885480.000,10086,1,EL,1,100,-18965.599609
1752617970.935487,885547.000,10101,2,EL,1,100,-18965.400391
1752617971.002487,885614.000,10101,2,EL,1,100,-18965.800781
1752617971.068486,885680.000,10117,1,EL,1,100,-18966.199219
1752617971.134986,885746.500,10135,2,EL,1,100,-18965.599609
1752617971.201486,885813.000,10135,2,EL,1,100,-18965.599609
1752617971.268486,885880.000,10151,1,EL,1,100,-18965.599609
1752617971.334985,885946.500,10166,2,EL,1,100,-18965.599609
1752617971.401485,886013.000,10166,2,EL,1,100,-18965.400391
1752617971.468485,886080.000,10182,1,EL,1,100,-18965.599609
1752617971.534985,886146.500,10200,2,EL,1,100,-18965.599609
1752617971.601485,886213.000,10200,2,EL,1,100,-18965.599609
1752617971.668484,886280.000,10216,1,EL,1,100,-18965.800781
1752617971.734984,886346.500,10231,2,EL,1,100,-18965.800781
1752617971.801484,886413.000,10231,2,EL,1,100,-18965.400391
1752617971.868484,886480.000,10248,1,EL,1,100,-18965.599609
1752617971.934983,886546.500,10265,2,EL,1,100,-18965.599609
1752617972.001483,886613.000,10265,2,EL,1,100,-18965.800781
1752617972.068483,886680.000,10281,1,EL,1,100,-18965.599609
1752617972.134983,886746.500,10297,2,EL,1,100,-18965.800781
1752617972.201482,886813.000,10297,2,EL,1,100,-18966.000000
1752617972.268482,886880.000,10315,1,EL,1,100,-18965.800781
1752617972.334982,886946.500,10332,2,EL,1,100,-18965.800781
1752617972.401482,887013.000,10332,2,EL,1,100,-18966.000000
1752617972.468482,887080.000,10350,1,EL,1,100,-18965.800781
1752617972.534981,887146.500,10367,2,EL,1,100,-18966.000000
1752617972.601481,887213.000,10367,2,EL,1,100,-18965.800781
1752617972.668481,887280.000,10382,2,EL,1,100,-18965.800781
1752617972.735481,887347.000,10382,2,EL,1,100,-18966.199219
1752617972.801480,887413.000,10399,1,EL,1,100,-18965.800781
1752617972.868480,887480.000,10416,2,EL,1,100,-18965.800781
1752617972.935480,887547.000,10416,2,EL,1,100,-18966.000000
1752617973.001480,887613.000,10433,1,EL,1,100,-18965.599609
1752617973.068479,887680.000,10447,2,EL,1,100,-18966.000000
1752617973.135479,887747.000,10447,2,EL,1,100,-18965.599609
1752617973.201479,887813.000,10465,1,EL,1,100,-18965.800781
1752617973.268479,887880.000,10481,2,EL,1,100,-18965.599609
1752617973.335478,887947.000,10481,2,EL,1,100,-18965.800781
1752617973.401478,888013.000,10498,1,EL,1,100,-18965.599609
1752617973.468478,888080.000,10513,2,EL,1,100,-18966.000000
1752617973.535478,888147.000,10513,2,EL,1,100,-18966.199219
1752617973.601478,888213.000,10530,1,EL,1,100,-18966.400391
1752617973.668477,888280.000,10546,2,EL,1,100,-18966.199219
1752617973.735477,888347.000,10546,2,EL,1,100,-18966.400391
1752617973.801477,888413.000,10563,1,EL,1,100,-18965.599609
1752617973.868477,888480.000,10578,2,EL,1,100,-18966.199219
1752617973.935476,888547.000,10578,2,EL,1,100,-18966.199219
1752617974.001476,888613.000,10595,1,EL,1,100,-18966.000000
1752617974.068476,888680.000,10611,2,EL,1,100,-18966.400391
1752617974.135476,888747.000,10611,2,EL,1,100,-18966.199219
1752617974.201475,888813.000,10629,1,EL,1,100,-18966.400391
1752617974.268475,888880.000,10643,2,EL,1,100,-18966.400391
1752617974.335475,888947.000,10643,2,EL,1,100,-18966.400391
1752617974.401475,889013.000,10660,1,EL,1,100,-18966.599609
1752617974.468475,889080.000,10677,2,EL,1,100,-18966.599609
1752617974.535474,889147.000,10677,2,EL,1,100,-18966.400391
1752617974.601474,889213.000,10694,1,EL,1,100,-18966.400391
1752617974.667974,889279.500,10708,2,EL,1,100,-18966.400391
1752617974.734474,889346.000,10708,2,EL,1,100,-18966.800781
1752617974.801473,889413.000,10725,1,EL,1,100,-18966.599609
1752617974.867973,889479.500,10742,2,EL,1,100,-18966.599609
1752617974.934473,889546.000,10742,2,EL,1,100,-18966.599609
1752617975.001473,889613.000,10759,1,EL,1,100,-18967.000000
1752617975.067972,889679.500,10774,2,EL,1,100,-18966.199219
1752617975.134472,889746.000,10774,2,EL,1,100,-18966.599609
1752617975.201472,889813.000,10791,2,EL,1,100,-18966.800781
1752617975.268472,889880.000,10791,2,EL,1,100,-18967.199219
1752617975.334471,889946.000,10807,1,EL,1,100,-18966.800781
1752617975.401471,890013.000,10824,2,EL,1,100,-18966.199219
1752617975.468471,890080.000,10824,2,EL,1,100,-18967.000000
1752617975.534471,890146.000,10841,1,EL,1,100,-18966.599609
1752617975.601471,890213.000,10856,2,EL,1,100,-18966.000000
1752617975.668470,890280.000,10856,2,EL,1,100,-18966.599609
1752617975.734470,890346.000,10872,1,EL,1,100,-18967.000000
1752617975.801470,890413.000,10890,2,EL,1,100,-18967.199219
1752617975.868470,890480.000,10890,2,EL,1,100,-18967.400391
1752617975.934469,890546.000,10908,1,EL,1,100,-18966.400391
1752617976.001469,890613.000,10923,2,EL,1,100,-18967.199219
1752617976.068469,890680.000,10923,2,EL,1,100,-18967.000000
1752617976.134469,890746.000,10939,1,EL,1,100,-18966.599609
1752617976.201468,890813.000,10957,2,EL,1,100,-18966.800781
1752617976.268468,890880.000,10957,2,EL,1,100,-18967.000000
1752617976.334468,890946.000,10973,1,EL,1,100,-18967.000000
1752617976.401468,891013.000,10988,2,EL,1,100,-18967.000000
1752617976.468468,891080.000,10988,2,EL,1,100,-18966.800781
1752617976.534467,891146.000,11005,1,EL,1,100,-18967.400391
1752617976.601467,891213.000,11022,2,EL,1,100,-18967.199219
1752617976.668467,891280.000,11022,2,EL,1,100,-18966.800781
1752617976.734467,891346.000,11038,1,EL,1,100,-18967.000000
1752617976.801466,891413.000,11054,2,EL,1,100,-18967.199219
1752617976.868466,891480.000,11054,2,EL,1,100,-18967.000000
1752617976.934466,891546.000,11070,1,EL,1,100,-18967.000000
1752617977.001466,891613.000,11087,2,EL,1,100,-18967.000000
1752617977.068465,891680.000,11087,2,EL,1,100,-18967.199219
1752617977.134465,891746.000,11103,1,EL,1,100,-18966.599609
1752617977.201465,891813.000,11121,2,EL,1,100,-18966.800781
1752617977.268465,891880.000,11121,2,EL,1,100,-18966.800781
1752617977.334465,891946.000,11137,1,EL,1,100,-18967.000000
1752617977.401464,892013.000,11154,2,EL,1,100,-18967.000000
1752617977.468464,892080.000,11154,2,EL,1,100,-18966.800781
1752617977.534964,892146.500,11171,2,EL,1,100,-18967.400391
1752617977.601464,892213.000,11171,2,EL,1,100,-18967.400391
1752617977.668463,892280.000,11188,1,EL,1,100,-18967.400391
1752617977.734963,892346.500,11202,2,EL,1,100,-18967.400391
1752617977.801463,892413.000,11202,2,EL,1,100,-18967.400391
1752617977.868463,892480.000,11220,1,EL,1,100,-18967.599609
1752617977.934962,892546.500,11236,2,EL,1,100,-18967.599609
1752617978.001462,892613.000,11236,2,EL,1,100,-18968.800781
1752617978.067462,892679.000,11253,1,EL,1,100,-18969.599609
1752617978.134462,892746.000,11268,2,EL,1,100,-18970.000000
1752617978.201461,892813.000,11268,2,EL,1,100,-18978.000000
1752617978.267461,892879.000,11285,1,EL,1,100,-18994.400391
1752617978.334461,892946.000,11301,2,EL,1,100,-18989.800781
1752617978.401461,893013.000,11301,2,EL,1,100,-18976.800781
1752617978.467461,893079.000,11318,1,EL,1,100,-18970.199219
1752617978.534460,893146.000,11333,2,EL,1,100,-18971.400391
1752617978.601460,893213.000,11333,2,EL,1,100,-18970.400391
1752617978.667460,893279.000,11350,1,EL,1,100,-18969.599609
1752617978.734460,893346.000,11366,2,EL,1,100,-18969.400391
1752617978.801459,893413.000,11366,2,EL,1,100,-18968.400391
1752617978.867459,893479.000,11384,1,EL,1,100,-18966.400391
1752617978.934459,893546.000,11398,2,EL,1,100,-18966.599609
1752617979.001459,893613.000,11398,2,EL,1,100,-18964.000000
1752617979.067458,893679.000,11415,1,EL,1,100,-18959.000000
1752617979.134458,893746.000,11432,2,EL,1,100,-18965.800781
1752617979.201458,893813.000,11432,2,EL,1,100,-18969.000000
1752617979.267458,893879.000,11449,1,EL,1,100,-18967.800781
1752617979.334458,893946.000,11463,2,EL,1,100,-18968.599609
1752617979.401457,894013.000,11463,2,EL,1,100,-18969.800781
1752617979.467457,894079.000,11480,1,EL,1,100,-18968.000000
1752617979.534457,894146.000,11497,2,EL,1,100,-18968.800781
1752617979.601457,894213.000,11497,2,EL,1,100,-18968.400391
1752617979.667456,894279.000,11514,1,EL,1,100,-18968.800781
1752617979.734456,894346.000,11531,2,EL,1,100,-18968.800781
1752617979.801456,894413.000,11531,2,EL,1,100,-18969.800781
1752617979.867456,894479.000,11548,1,EL,1,100,-18969.599609
1752617979.934455,894546.000,11564,2,EL,1,100,-18969.800781
1752617980.001455,894613.000,11564,2,EL,1,100,-18969.800781
1752617980.067955,894679.500,11581,2,EL,1,100,-18970.400391
1752617980.134455,894746.000,11581,2,EL,1,100,-18975.199219
1752617980.201454,894813.000,11598,1,EL,1,100,-18978.199219
1752617980.267954,894879.500,11613,2,EL,1,100,-18973.199219
1752617980.334454,894946.000,11613,2,EL,1,100,-18971.000000
1752617980.401454,895013.000,11629,1,EL,1,100,-18974.400391
1752617980.467954,895079.500,11647,2,EL,1,100,-18979.400391
1752617980.534453,895146.000,11647,2,EL,1,100,-18978.400391
1752617980.601453,895213.000,11663,1,EL,1,100,-18973.199219
1752617980.667953,895279.500,11678,2,EL,1,100,-18969.199219
1752617980.734453,895346.000,11678,2,EL,1,100,-18966.199219
1752617980.801452,895413.000,11694,1,EL,1,100,-18965.400391
1752617980.867952,895479.500,11714,2,EL,1,100,-18965.800781
1752617980.934452,895546.000,11714,2,EL,1,100,-18965.800781
1752617981.001452,895613.000,11730,1,EL,1,100,-18966.400391
1752617981.067951,895679.500,11745,2,EL,1,100,-18966.400391
1752617981.134451,895746.000,11745,2,EL,1,100,-18966.199219
1752617981.201451,895813.000,11762,1,EL,1,100,-18966.599609
1752617981.267951,895879.500,11779,2,EL,1,100,-18967.599609
1752617981.334451,895946.000,11779,2,EL,1,100,-18968.199219
1752617981.400450,896012.000,11795,1,EL,1,100,-18968.199219
1752617981.467450,896079.000,11811,2,EL,1,100,-18968.199219
1752617981.534450,896146.000,11811,2,EL,1,100,-18968.199219
1752617981.600450,896212.000,11827,1,EL,1,100,-18967.800781
1752617981.667449,896279.000,11844,2,EL,1,100,-18968.000000
1752617981.734449,896346.000,11844,2,EL,1,100,-18968.199219
1752617981.800449,896412.000,11860,1,EL,1,100,-18969.000000
1752617981.867449,896479.000,11876,2,EL,1,100,-18968.400391
1752617981.934448,896546.000,11876,2,EL,1,100,-18968.000000
1752617982.000448,896612.000,11892,1,EL,1,100,-18967.800781
1752617982.067448,896679.000,11909,2,EL,1,100,-18967.800781
1752617982.134448,896746.000,11909,2,EL,1,100,-18968.000000
1752617982.200947,896812.500,11930,2,EL,1,100,-18967.800781
1752617982.267447,896879.000,11930,2,EL,1,100,-18968.199219
1752617982.334447,896946.000,11947,1,EL,1,100,-18968.000000
1752617982.400947,897012.500,11961,2,EL,1,100,-18968.199219
1752617982.467447,897079.000,11961,2,EL,1,100,-18968.000000
1752617982.534446,897146.000,11979,1,EL,1,100,-18968.000000
1752617982.600946,897212.500,11995,2,EL,1,100,-18967.800781
1752617982.667446,897279.000,11995,2,EL,1,100,-18968.000000
1752617982.734446,897346.000,12012,1,EL,1,100,-18967.800781
1752617982.800945,897412.500,12027,2,EL,1,100,-18968.199219
1752617982.867445,897479.000,12027,2,EL,1,100,-18967.800781
1752617982.934445,897546.000,12044,1,EL,1,100,-18968.000000
1752617983.000945,897612.500,12060,2,EL,1,100,-18967.800781
1752617983.067444,897679.000,12060,2,EL,1,100,-18968.000000
1752617983.134444,897746.000,12077,1,EL,1,100,-18968.199219
1752617983.200944,897812.500,12092,2,EL,1,100,-18968.000000
1752617983.267444,897879.000,12092,2,EL,1,100,-18968.000000
1752617983.334444,897946.000,12109,1,EL,1,100,-18968.199219
1752617983.400943,898012.500,12125,2,EL,1,100,-18968.199219
1752617983.467443,898079.000,12125,2,EL,1,100,-18967.800781
1752617983.534443,898146.000,12143,1,EL,1,100,-18968.000000
1752617983.600943,898212.500,12157,2,EL,1,100,-18967.800781
1752617983.667442,898279.000,12157,2,EL,1,100,-18967.599609
1752617983.734442,898346.000,12174,1,EL,1,100,-18968.199219
1752617983.800942,898412.500,12191,2,EL,1,100,-18968.599609
1752617983.867442,898479.000,12191,2,EL,1,100,-18968.000000
1752617983.934441,898546.000,12208,1,EL,1,100,-18966.400391
1752617984.000941,898612.500,12224,2,EL,1,100,-18968.400391
1752617984.067441,898679.000,12224,2,EL,1,100,-18969.000000
1752617984.134441,898746.000,12241,1,EL,1,100,-18968.800781
1752617984.200940,898812.500,12258,2,EL,1,100,-18969.199219
1752617984.267440,898879.000,12258,2,EL,1,100,-18968.800781
1752617984.334440,898946.000,12275,1,EL,1,100,-18968.599609
1752617984.400940,899012.500,12290,2,EL,1,100,-18968.800781
1752617984.467440,899079.000,12290,2,EL,1,100,-18968.800781
1752617984.533939,899145.500,12307,2,EL,1,100,-18968.400391
1752617984.600439,899212.000,12307,2,EL,1,100,-18969.000000
1752617984.667439,899279.000,12323,1,EL,1,100,-18968.800781
1752617984.733939,899345.500,12340,2,EL,1,100,-18968.599609
1752617984.800438,899412.000,12340,2,EL,1,100,-18968.800781
1752617984.867438,899479.000,12357,1,EL,1,100,-18969.000000
1752617984.933938,899545.500,12372,2,EL,1,100,-18969.400391
1752617985.000438,899612.000,12372,2,EL,1,100,-18968.800781
1752617985.067437,899679.000,12388,1,EL,1,100,-18969.199219
1752617985.133937,899745.500,12406,2,EL,1,100,-18969.000000
1752617985.200437,899812.000,12406,2,EL,1,100,-18969.199219
1752617985.267437,899879.000,12422,1,EL,1,100,-18969.199219
1752617985.333937,899945.500,12437,2,EL,1,100,-18969.199219
1752617985.400436,900012.000,12437,2,EL,1,100,-18969.599609
1752617985.467436,900079.000,12453,1,EL,1,100,-18969.199219
1752617985.533936,900145.500,12471,2,EL,1,100,-18969.400391
1752617985.600436,900212.000,12471,2,EL,1,100,-18969.400391
1752617985.667435,900279.000,12487,1,EL,1,100,-18969.199219
1752617985.733935,900345.500,12502,2,EL,1,100,-18969.400391
1752617985.800435,900412.000,12502,2,EL,1,100,-18969.199219
1752617985.867435,900479.000,12519,1,EL,1,100,-18969.400391
1752617985.933934,900545.500,12536,2,EL,1,100,-18969.400391
1752617986.000434,900612.000,12536,2,EL,1,100,-18969.599609
1752617986.067434,900679.000,12552,1,EL,1,100,-18969.599609
1752617986.133934,900745.500,12568,2,EL,1,100,-18969.400391
1752617986.200433,900812.000,12568,2,EL,1,100,-18969.599609
1752617986.267433,900879.000,12584,1,EL,1,100,-18969.000000
1752617986.333933,900945.500,12601,2,EL,1,100,-18969.199219
1752617986.400433,901012.000,12601,2,EL,1,100,-18969.599609
1752617986.467433,901079.000,12617,1,EL,1,100,-18969.199219
1752617986.533932,901145.500,12633,2,EL,1,100,-18969.599609
1752617986.600432,901212.000,12633,2,EL,1,100,-18969.599609
1752617986.667432,901279.000,12649,1,EL,1,100,-18969.400391
1752617986.733932,901345.500,12666,2,EL,1,100,-18969.599609
1752617986.800431,901412.000,12666,2,EL,1,100,-18969.599609
1752617986.867431,901479.000,12683,1,EL,1,100,-18969.599609
1752617986.933931,901545.500,12699,2,EL,1,100,-18969.599609
1752617987.000431,901612.000,12699,2,EL,1,100,-18969.599609
1752617987.066930,901678.500,12714,2,EL,1,100,-18969.599609
1752617987.133430,901745.000,12714,2,EL,1,100,-18969.599609
1752617987.200430,901812.000,12732,1,EL,1,100,-18970.800781
1752617987.266930,901878.500,12750,2,EL,1,100,-18976.199219
1752617987.333430,901945.000,12750,2,EL,1,100,-18986.199219
1752617987.400429,902012.000,12767,1,EL,1,100,-18986.400391
1752617987.466929,902078.500,12782,2,EL,1,100,-18985.800781
1752617987.533429,902145.000,12782,2,EL,1,100,-18991.400391
1752617987.600429,902212.000,12801,1,EL,1,100,-18985.400391
1752617987.666928,902278.500,12817,2,EL,1,100,-18978.400391
1752617987.733428,902345.000,12817,2,EL,1,100,-18975.800781
1752617987.799928,902411.500,12835,2,EL,1,100,-18973.000000
1752617987.866428,902478.000,12835,2,EL,1,100,-18971.800781
1752617987.933227,902544.800,12853,5,EL,1,100,-18971.599609
1752617988.000027,902611.600,12853,5,EL,1,100,-18970.400391
1752617988.066827,902678.400,12853,5,EL,1,100,-18969.400391
1752617988.133627,902745.200,12853,5,EL,1,100,-18968.400391
1752617988.200426,902812.000,12853,5,EL,1,100,-18967.599609
1752617988.266926,902878.500,12869,2,EL,1,100,-18967.599609
1752617988.333426,902945.000,12869,2,EL,1,100,-18967.599609
1752617988.400426,903012.000,12886,1,EL,1,100,-18967.599609
1752617988.466926,903078.500,12903,2,EL,1,100,-18967.599609
1752617988.533425,903145.000,12903,2,EL,1,100,-18967.400391
1752617988.600425,903212.000,12920,1,EL,1,100,-18967.599609
1752617988.666925,903278.500,12934,2,EL,1,100,-18968.000000
1752617988.733425,903345.000,12934,2,EL,1,100,-18967.800781
1752617988.800424,903412.000,12951,1,EL,1,100,-18968.199219
1752617988.866924,903478.500,12968,2,EL,1,100,-18970.800781
1752617988.933424,903545.000,12968,2,EL,1,100,-18979.800781
1752617989.000424,903612.000,12987,1,EL,1,100,-18992.000000
1752617989.066923,903678.500,13001,2,EL,1,100,-19000.000000
1752617989.133423,903745.000,13001,2,EL,1,100,-19008.000000
1752617989.200423,903812.000,13019,1,EL,1,100,-19013.599609
1752617989.266923,903878.500,13037,2,EL,1,100,-19010.199219
1752617989.333423,903945.000,13037,2,EL,1,100,-19006.599609
1752617989.400422,904012.000,13054,1,EL,1,100,-19003.800781
1752617989.466922,904078.500,13070,2,EL,1,100,-19001.199219
1752617989.533422,904145.000,13070,2,EL,1,100,-19001.000000
1752617989.600422,904212.000,13086,1,EL,1,100,-19000.400391
1752617989.666921,904278.500,13102,2,EL,1,100,-18999.800781
1752617989.733421,904345.000,13102,2,EL,1,100,-18999.599609
1752617989.800421,904412.000,13119,1,EL,1,100,-18999.400391
1752617989.866921,904478.500,13135,2,EL,1,100,-18999.800781
1752617989.933420,904545.000,13135,2,EL,1,100,-18999.599609
1752617989.999920,904611.500,13151,2,EL,1,100,-18998.800781
1752617990.066420,904678.000,13151,2,EL,1,100,-18997.800781
1752617990.133420,904745.000,13167,1,EL,1,100,-18997.599609
1752617990.199919,904811.500,13185,2,EL,1,100,-18997.400391
1752617990.266419,904878.000,13185,2,EL,1,100,-18996.599609
1752617990.333419,904945.000,13203,1,EL,1,100,-18996.599609
1752617990.399919,905011.500,13218,2,EL,1,100,-18995.800781
1752617990.466419,905078.000,13218,2,EL,1,100,-18995.199219
1752617990.533418,905145.000,13235,1,EL,1,100,-18996.000000
1752617990.599918,905211.500,13252,2,EL,1,100,-18995.599609
1752617990.666418,905278.000,13252,2,EL,1,100,-18995.800781
1752617990.733418,905345.000,13268,1,EL,1,100,-18995.599609
1752617990.799917,905411.500,13284,2,EL,1,100,-18995.599609
1752617990.866417,905478.000,13284,2,EL,1,100,-18995.599609
1752617990.933417,905545.000,13300,1,EL,1,100,-18995.599609
1752617990.999917,905611.500,13317,2,EL,1,100,-18995.400391
1752617991.066416,905678.000,13317,2,EL,1,100,-18996.800781
1752617991.133416,905745.000,13335,1,EL,1,100,-18997.599609
1752617991.199916,905811.500,13351,2,EL,1,100,-18996.800781
1752617991.266416,905878.000,13351,2,EL,1,100,-18997.199219
1752617991.333416,905945.000,13367,1,EL,1,100,-18995.599609
1752617991.399915,906011.500,13384,2,EL,1,100,-18994.000000
1752617991.466415,906078.000,13384,2,EL,1,100,-18992.800781
1752617991.533415,906145.000,13401,1,EL,1,100,-18992.400391
1752617991.599915,906211.500,13416,2,EL,1,100,-18992.199219
1752617991.666414,906278.000,13416,2,EL,1,100,-18992.199219
1752617991.733414,906345.000,13432,1,EL,1,100,-18992.000000
1752617991.799914,906411.500,13450,2,EL,1,100,-18992.000000
1752617991.866414,906478.000,13450,2,EL,1,100,-18992.000000
1752617991.933413,906545.000,13466,1,EL,1,100,-18991.800781
1752617991.999913,906611.500,13482,2,EL,1,100,-18991.599609
1752617992.066413,906678.000,13482,2,EL,1,100,-18991.000000
1752617992.133413,906745.000,13497,1,EL,1,100,-18991.199219
1752617992.199912,906811.500,13517,2,EL,1,100,-18991.199219
1752617992.266412,906878.000,13517,2,EL,1,100,-18991.000000
1752617992.333412,906945.000,13533,1,EL,1,100,-18990.400391
1752617992.399912,907011.500,13549,2,EL,1,100,-18991.000000
1752617992.466412,907078.000,13549,2,EL,1,100,-18990.599609
1752617992.532911,907144.500,13565,2,EL,1,100,-18990.800781
1752617992.599411,907211.000,13565,2,EL,1,100,-18990.800781
1752617992.666411,907278.000,13582,1,EL,1,100,-18990.800781
1752617992.732911,907344.500,13598,2,EL,1,100,-18990.199219
1752617992.799410,907411.000,13598,2,EL,1,100,-18990.199219
1752617992.866410,907478.000,13616,1,EL,1,100,-18990.400391
1752617992.932910,907544.500,13630,2,EL,1,100,-18990.400391
1752617992.999410,907611.000,13630,2,EL,1,100,-18990.199219
1752617993.066409,907678.000,13647,1,EL,1,100,-18990.400391
1752617993.132909,907744.500,13664,2,EL,1,100,-18990.199219
1752617993.199409,907811.000,13664,2,EL,1,100,-18990.000000
1752617993.266409,907878.000,13681,1,EL,1,100,-18990.199219
1752617993.332909,907944.500,13695,2,EL,1,100,-18990.199219
1752617993.399408,908011.000,13695,2,EL,1,100,-18990.400391
1752617993.466408,908078.000,13712,1,EL,1,100,-18989.800781
1752617993.532908,908144.500,13729,2,EL,1,100,-18990.199219
1752617993.599408,908211.000,13729,2,EL,1,100,-18990.000000
1752617993.666407,908278.000,13746,1,EL,1,100,-18989.800781
1752617993.732907,908344.500,13760,2,EL,1,100,-18990.199219
1752617993.799407,908411.000,13760,2,EL,1,100,-18989.800781
1752617993.866407,908478.000,13780,1,EL,1,100,-18990.400391
1752617993.932906,908544.500,13796,2,EL,1,100,-18990.599609
1752617993.999406,908611.000,13796,2,EL,1,100,-18991.199219
1752617994.066406,908678.000,13813,1,EL,1,100,-18990.800781
1752617994.132906,908744.500,13828,2,EL,1,100,-18990.800781
1752617994.199406,908811.000,13828,2,EL,1,100,-18990.800781
1752617994.266405,908878.000,13845,1,EL,1,100,-18990.800781
1752617994.332905,908944.500,13861,2,EL,1,100,-18991.599609
1752617994.399405,909011.000,13861,2,EL,1,100,-18993.800781
1752617994.466405,909078.000,13878,1,EL,1,100,-18995.000000
1752617994.532904,909144.500,13894,2,EL,1,100,-18994.400391
1752617994.599404,909211.000,13894,2,EL,1,100,-18994.599609
1752617994.666404,909278.000,13910,1,EL,1,100,-18994.800781
1752617994.732904,909344.500,13926,2,EL,1,100,-18992.599609
1752617994.799403,909411.000,13926,2,EL,1,100,-18990.199219
1752617994.866403,909478.000,13944,1,EL,1,100,-18989.800781
1752617994.932903,909544.500,13959,2,EL,1,100,-18989.400391
1752617994.999403,909611.000,13959,2,EL,1,100,-18988.800781
1752617995.065902,909677.500,13975,2,EL,1,100,-18988.000000
1752617995.132402,909744.000,13975,2,EL,1,100,-18987.800781
1752617995.199402,909811.000,13992,1,EL,1,100,-18988.800781
1752617995.265902,909877.500,14009,2,EL,1,100,-18989.400391
1752617995.332402,909944.000,14009,2,EL,1,100,-18984.599609
1752617995.399401,910011.000,14025,1,EL,1,100,-18978.199219
1752617995.465901,910077.500,14041,2,EL,1,100,-18981.000000
1752617995.532401,910144.000,14041,2,EL,1,100,-18979.000000
1752617995.599401,910211.000,14057,1,EL,1,100,-18986.199219
1752617995.665900,910277.500,14074,2,EL,1,100,-18992.000000
1752617995.732400,910344.000,14074,2,EL,1,100,-18992.400391
1752617995.799400,910411.000,14092,1,EL,1,100,-18989.400391
1752617995.865900,910477.500,14108,2,EL,1,100,-18979.599609
1752617995.932399,910544.000,14108,2,EL,1,100,-18985.599609
1752617995.999399,910611.000,14124,1,EL,1,100,-18990.199219
1752617996.065899,910677.500,14141,2,EL,1,100,-18991.599609
1752617996.132399,910744.000,14141,2,EL,1,100,-18993.400391
1752617996.199399,910811.000,14158,1,EL,1,100,-18994.199219
1752617996.265898,910877.500,14173,2,EL,1,100,-18995.400391
1752617996.332398,910944.000,14173,2,EL,1,100,-18994.800781
1752617996.399398,911011.000,14189,1,EL,1,100,-18995.000000
1752617996.465898,911077.500,14207,2,EL,1,100,-18993.199219
1752617996.532397,911144.000,14207,2,EL,1,100,-18990.800781
1752617996.599397,911211.000,14223,1,EL,1,100,-18989.599609
1752617996.665897,911277.500,14238,2,EL,1,100,-18988.800781
1752617996.732397,911344.000,14238,2,EL,1,100,-18988.599609
1752617996.799396,911411.000,14254,1,EL,1,100,-18989.400391
1752617996.865896,911477.500,14272,2,EL,1,100,-18990.400391
1752617996.932396,911544.000,14272,2,EL,1,100,-18989.400391
1752617996.999396,911611.000,14288,1,EL,1,100,-18989.199219
1752617997.065895,911677.500,14303,2,EL,1,100,-18991.599609
1752617997.132395,911744.000,14303,2,EL,1,100,-18990.800781
1752617997.199395,911811.000,14320,1,EL,1,100,-18989.800781
1752617997.265895,911877.500,14339,2,EL,1,100,-18990.199219
1752617997.332395,911944.000,14339,2,EL,1,100,-18990.400391
1752617997.399394,912011.000,14355,1,EL,1,100,-18990.400391
1752617997.465894,912077.500,14374,2,EL,1,100,-18990.599609
1752617997.532394,912144.000,14374,2,EL,1,100,-18991.400391
1752617997.599394,912211.000,14389,2,EL,1,100,-18991.199219
1752617997.666393,912278.000,14389,2,EL,1,100,-18990.599609
1752617997.732393,912344.000,14406,1,EL,1,100,-18990.599609
1752617997.799393,912411.000,14423,2,EL,1,100,-18989.800781
1752617997.866393,912478.000,14423,2,EL,1,100,-18990.199219
1752617997.932392,912544.000,14440,1,EL,1,100,-18991.000000
1752617997.998892,912610.500,14454,2,EL,1,100,-18990.599609
1752617998.065392,912677.000,14454,2,EL,1,100,-18990.800781
1752617998.132392,912744.000,14471,1,EL,1,100,-18990.599609
1752617998.198892,912810.500,14488,2,EL,1,100,-18990.599609
1752617998.265391,912877.000,14488,2,EL,1,100,-18990.400391
1752617998.332391,912944.000,14505,1,EL,1,100,-18990.400391
1752617998.398891,913010.500,14519,2,EL,1,100,-18990.800781
1752617998.465391,913077.000,14519,2,EL,1,100,-18990.400391
1752617998.532390,913144.000,14537,1,EL,1,100,-18990.800781
1752617998.598890,913210.500,14553,2,EL,1,100,-18991.599609
1752617998.665390,913277.000,14553,2,EL,1,100,-18992.000000
1752617998.732390,913344.000,14570,1,EL,1,100,-18992.000000
1752617998.798889,913410.500,14587,2,EL,1,100,-18992.199219
1752617998.865389,913477.000,14587,2,EL,1,100,-18992.000000
1752617998.932389,913544.000,14604,1,EL,1,100,-18992.000000
1752617998.998889,913610.500,14620,2,EL,1,100,-18991.599609
1752617999.065388,913677.000,14620,2,EL,1,100,-18989.800781
1752617999.132388,913744.000,14637,1,EL,1,100,-18990.000000
1752617999.198888,913810.500,14652,2,EL,1,100,-18991.000000
1752617999.265388,913877.000,14652,2,EL,1,100,-18990.800781
1752617999.332388,913944.000,14669,1,EL,1,100,-18990.599609
1752617999.398887,914010.500,14687,2,EL,1,100,-18991.000000
1752617999.465387,914077.000,14687,2,EL,1,100,-18990.400391
1752617999.532387,914144.000,14705,1,EL,1,100,-18990.400391
1752617999.598887,914210.500,14720,2,EL,1,100,-18990.800781
1752617999.665386,914277.000,14720,2,EL,1,100,-18990.400391
1752617999.732386,914344.000,14736,1,EL,1,100,-18990.599609
1752617999.798886,914410.500,14753,2,EL,1,100,-18991.000000
1752617999.865386,914477.000,14753,2,EL,1,100,-18991.400391
1752617999.932385,914544.000,14770,2,EL,1,100,-18991.199219
1752617999.999385,914611.000,14770,2,EL,1,100,-18991.199219
1752618000.065385,914677.000,14786,1,EL,1,100,-18990.800781
1752618000.132385,914744.000,14802,2,EL,1,100,-18990.800781
1752618000.199385,914811.000,14802,2,EL,1,100,-18990.800781
1752618000.265384,914877.000,14818,1,EL,1,100,-18990.800781
1752618000.332384,914944.000,14835,2,EL,1,100,-18990.599609
1752618000.399384,915011.000,14835,2,EL,1,100,-18990.800781
1752618000.465384,915077.000,14851,1,EL,1,100,-18990.400391
1752618000.532383,915144.000,14867,2,EL,1,100,-18990.599609
1752618000.599383,915211.000,14867,2,EL,1,100,-18990.800781
1752618000.665383,915277.000,14883,1,EL,1,100,-18990.800781
1752618000.732383,915344.000,14900,2,EL,1,100,-18991.000000
1752618000.799382,915411.000,14900,2,EL,1,100,-18991.000000
1752618000.865382,915477.000,14917,1,EL,1,100,-18991.199219
1752618000.932382,915544.000,14934,2,EL,1,100,-18991.599609
1752618000.999382,915611.000,14934,2,EL,1,100,-18991.599609
1752618001.065381,915677.000,14950,1,EL,1,100,-18991.400391
1752618001.132381,915744.000,14968,2,EL,1,100,-18991.599609
1752618001.199381,915811.000,14968,2,EL,1,100,-18991.800781
1752618001.265381,915877.000,14984,1,EL,1,100,-18991.400391
1752618001.331881,915943.500,14999,2,EL,1,100,-18991.599609
1752618001.398380,916010.000,14999,2,EL,1,100,-18991.800781
1752618001.465380,916077.000,15015,1,EL,1,100,-18991.800781
1752618001.531880,916143.500,15033,2,EL,1,100,-18991.800781
1752618001.598380,916210.000,15033,2,EL,1,100,-18991.599609
1752618001.665379,916277.000,15049,1,EL,1,100,-18991.800781
1752618001.731879,916343.500,15064,2,EL,1,100,-18991.800781
1752618001.798379,916410.000,15064,2,EL,1,100,-18992.000000
1752618001.865379,916477.000,15081,1,EL,1,100,-18992.000000
1752618001.931878,916543.500,15098,2,EL,1,100,-18993.599609
1752618001.998378,916610.000,15098,2,EL,1,100,-18991.599609
1752618002.065378,916677.000,15114,1,EL,1,100,-18991.599609
1752618002.131878,916743.500,15131,2,EL,1,100,-18991.400391
1752618002.198378,916810.000,15131,2,EL,1,100,-18991.599609
1752618002.265377,916877.000,15148,1,EL,1,100,-18992.199219
1752618002.331877,916943.500,15165,2,EL,1,100,-18993.000000
1752618002.398377,917010.000,15165,2,EL,1,100,-18993.000000
1752618002.465377,917077.000,15182,2,EL,1,100,-18992.000000
1752618002.532376,917144.000,15182,2,EL,1,100,-18991.800781
1752618002.598376,917210.000,15199,1,EL,1,100,-18992.000000
1752618002.665376,917277.000,15213,2,EL,1,100,-18992.599609
1752618002.732376,917344.000,15213,2,EL,1,100,-18993.000000
1752618002.798375,917410.000,15230,1,EL,1,100,-18993.000000
1752618002.865375,917477.000,15247,2,EL,1,100,-18992.800781
1752618002.932375,917544.000,15247,2,EL,1,100,-18992.599609
1752618002.998375,917610.000,15264,1,EL,1,100,-18991.800781
1752618003.065374,917677.000,15278,2,EL,1,100,-18990.599609
1752618003.132374,917744.000,15278,2,EL,1,100,-18988.400391
1752618003.198374,917810.000,15296,1,EL,1,100,-18986.199219
1752618003.265374,917877.000,15312,2,EL,1,100,-18988.400391
1752618003.332374,917944.000,15312,2,EL,1,100,-18990.199219
1752618003.398373,918010.000,15329,1,EL,1,100,-18989.400391
1752618003.465373,918077.000,15344,2,EL,1,100,-18993.400391
1752618003.532373,918144.000,15344,2,EL,1,100,-18993.000000
1752618003.598373,918210.000,15361,1,EL,1,100,-18985.199219
1752618003.665372,918277.000,15377,2,EL,1,100,-19000.800781
1752618003.732372,918344.000,15377,2,EL,1,100,-19001.800781
1752618003.798372,918410.000,15394,1,EL,1,100,-18984.000000
1752618003.865372,918477.000,15409,2,EL,1,100,-18983.199219
1752618003.932371,918544.000,15409,2,EL,1,100,-18968.000000
1752618003.998371,918610.000,15426,1,EL,1,100,-18949.199219
1752618004.065371,918677.000,15442,2,EL,1,100,-18932.199219
1752618004.132371,918744.000,15442,2,EL,1,100,-18924.800781
1752618004.198371,918810.000,15460,1,EL,1,100,-18948.599609
1752618004.265370,918877.000,15475,2,EL,1,100,-18962.199219
1752618004.332370,918944.000,15475,2,EL,1,100,-18910.800781
1752618004.398370,919010.000,15491,1,EL,1,100,-18759.000000
1752618004.465370,919077.000,15508,2,EL,1,100,-18725.400391
1752618004.532369,919144.000,15508,2,EL,1,100,-18728.599609
1752618004.598369,919210.000,15525,1,EL,1,100,-18684.400391
1752618004.664869,919276.500,15540,2,EL,1,100,-18606.000000
1752618004.731369,919343.000,15540,2,EL,1,100,-18587.800781
1752618004.798368,919410.000,15557,2,EL,1,100,-18539.599609
1752618004.865368,919477.000,15557,2,EL,1,100,-18437.000000
1752618004.931368,919543.000,15573,1,EL,1,100,-18445.199219
1752618004.998368,919610.000,15590,2,EL,1,100,-18577.199219
1752618005.065367,919677.000,15590,2,EL,1,100,-18572.400391
1752618005.131367,919743.000,15606,1,EL,1,100,-18482.800781
1752618005.198367,919810.000,15622,2,EL,1,100,-18475.000000
1752618005.265367,919877.000,15622,2,EL,1,100,-18482.400391
1752618005.331367,919943.000,15638,1,EL,1,100,-18496.199219
1752618005.398366,920010.000,15655,2,EL,1,100,-18470.800781
1752618005.465366,920077.000,15655,2,EL,1,100,-18465.000000
1752618005.531366,920143.000,15672,1,EL,1,100,-18481.800781
1752618005.598366,920210.000,15687,2,EL,1,100,-18546.800781
1752618005.665365,920277.000,15687,2,EL,1,100,-18634.400391
1752618005.731365,920343.000,15703,1,EL,1,100,-18710.599609
1752618005.798365,920410.000,15721,2,EL,1,100,-18590.199219
1752618005.865365,920477.000,15721,2,EL,1,100,-18328.599609
1752618005.931364,920543.000,15737,1,EL,1,100,-18399.400391
1752618005.998364,920610.000,15752,2,EL,1,100,-18667.400391
1752618006.065364,920677.000,15752,2,EL,1,100,-18797.199219
1752618006.131364,920743.000,15768,1,EL,1,100,-18809.400391
1752618006.198364,920810.000,15786,2,EL,1,100,-18806.199219
1752618006.265363,920877.000,15786,2,EL,1,100,-18844.800781
1752618006.331363,920943.000,15802,1,EL,1,100,-18856.800781
1752618006.398363,921010.000,15817,2,EL,1,100,-18919.400391
1752618006.465363,921077.000,15817,2,EL,1,100,-19001.800781
1752618006.531362,921143.000,15834,1,EL,1,100,-19004.199219
1752618006.598362,921210.000,15853,2,EL,1,100,-18968.800781
1752618006.665362,921277.000,15853,2,EL,1,100,-18814.199219
1752618006.731362,921343.000,15869,1,EL,1,100,-18713.800781
1752618006.798361,921410.000,15886,2,EL,1,100,-18720.800781
1752618006.865361,921477.000,15886,2,EL,1,100,-18711.000000
1752618006.931361,921543.000,15901,1,EL,1,100,-18730.000000
1752618006.998361,921610.000,15918,2,EL,1,100,-18786.400391
1752618007.065360,921677.000,15918,2,EL,1,100,-18810.800781
1752618007.131360,921743.000,15934,1,EL,1,100,-18882.599609
1752618007.198360,921810.000,15953,2,EL,1,100,-18962.800781
1752618007.265360,921877.000,15953,2,EL,1,100,-18973.000000
1752618007.331860,921943.500,15968,2,EL,1,100,-18973.400391
1752618007.398359,922010.000,15968,2,EL,1,100,-18975.599609
1752618007.465359,922077.000,15985,1,EL,1,100,-18978.000000
1752618007.531859,922143.500,16004,2,EL,1,100,-18977.800781
1752618007.598359,922210.000,16004,2,EL,1,100,-18978.400391
1752618007.665358,922277.000,16021,1,EL,1,100,-18980.599609
1752618007.731858,922343.500,16035,2,EL,1,100,-18978.800781
1752618007.798358,922410.000,16035,2,EL,1,100,-18978.000000
1752618007.865358,922477.000,16053,1,EL,1,100,-18980.400391
1752618007.931857,922543.500,16069,2,EL,1,100,-18983.800781
1752618007.998357,922610.000,16069,2,EL,1,100,-18986.400391
1752618008.064357,922676.000,16086,1,EL,1,100,-18986.400391
1752618008.131357,922743.000,16101,2,EL,1,100,-18982.599609
1752618008.198357,922810.000,16101,2,EL,1,100,-18982.800781
1752618008.264356,922876.000,16118,1,EL,1,100,-18981.400391
1752618008.331356,922943.000,16134,2,EL,1,100,-18984.000000
1752618008.398356,923010.000,16134,2,EL,1,100,-18984.199219
1752618008.464356,923076.000,16151,1,EL,1,100,-18983.000000
1752618008.531355,923143.000,16166,2,EL,1,100,-18987.199219
1752618008.598355,923210.000,16166,2,EL,1,100,-18988.000000
1752618008.664355,923276.000,16183,1,EL,1,100,-18986.400391
1752618008.731355,923343.000,16199,2,EL,1,100,-18987.800781
1752618008.798354,923410.000,16199,2,EL,1,100,-18988.199219
1752618008.864354,923476.000,16217,1,EL,1,100,-18987.000000
1752618008.931354,923543.000,16231,2,EL,1,100,-18982.400391
1752618008.998354,923610.000,16231,2,EL,1,100,-18982.000000
1752618009.064354,923676.000,16248,1,EL,1,100,-18983.400391
1752618009.131353,923743.000,16265,2,EL,1,100,-18983.400391
1752618009.198353,923810.000,16265,2,EL,1,100,-18984.000000
1752618009.264353,923876.000,16282,1,EL,1,100,-18984.400391
1752618009.331353,923943.000,16296,2,EL,1,100,-18984.800781
1752618009.398352,924010.000,16296,2,EL,1,100,-18984.800781
1752618009.464352,924076.000,16313,1,EL,1,100,-18985.000000
1752618009.531352,924143.000,16330,2,EL,1,100,-18984.800781
1752618009.598352,924210.000,16330,2,EL,1,100,-18985.000000
1752618009.664851,924276.500,16347,2,EL,1,100,-18985.199219
1752618009.731351,924343.000,16347,2,EL,1,100,-18985.599609
1752618009.798351,924410.000,16363,1,EL,1,100,-18986.000000
1752618009.864851,924476.500,16379,2,EL,1,100,-18986.199219
1752618009.931350,924543.000,16379,2,EL,1,100,-18986.199219
1752618009.998350,924610.000,16395,1,EL,1,100,-18986.199219
1752618010.064850,924676.500,16412,2,EL,1,100,-18986.199219
1752618010.131350,924743.000,16412,2,EL,1,100,-18986.199219
1752618010.198350,924810.000,16429,1,EL,1,100,-18985.800781
1752618010.264849,924876.500,16446,2,EL,1,100,-18986.400391
1752618010.331349,924943.000,16446,2,EL,1,100,-18986.199219
1752618010.398349,925010.000,16462,1,EL,1,100,-18986.599609
1752618010.464849,925076.500,16480,2,EL,1,100,-18986.400391
1752618010.531348,925143.000,16480,2,EL,1,100,-18986.800781
1752618010.598348,925210.000,16496,1,EL,1,100,-18987.000000
1752618010.664848,925276.500,16511,2,EL,1,100,-18987.000000
1752618010.731348,925343.000,16511,2,EL,1,100,-18986.800781
1752618010.798347,925410.000,16527,1,EL,1,100,-18987.199219
1752618010.864847,925476.500,16545,2,EL,1,100,-18987.199219
1752618010.931347,925543.000,16545,2,EL,1,100,-18986.800781
1752618010.998347,925610.000,16561,1,EL,1,100,-18987.400391
1752618011.064847,925676.500,16576,2,EL,1,100,-18990.199219
1752618011.131346,925743.000,16576,2,EL,1,100,-18996.599609
1752618011.198346,925810.000,16593,1,EL,1,100,-19015.000000
1752618011.264846,925876.500,16610,2,EL,1,100,-19008.800781
1752618011.331346,925943.000,16610,2,EL,1,100,-19001.000000
1752618011.397345,926009.000,16626,1,EL,1,100,-18994.199219
1752618011.464345,926076.000,16642,2,EL,1,100,-18992.199219
1752618011.531345,926143.000,16642,2,EL,1,100,-18989.599609
1752618011.597345,926209.000,16658,1,EL,1,100,-18988.000000
1752618011.664344,926276.000,16677,2,EL,1,100,-18982.000000
1752618011.731344,926343.000,16677,2,EL,1,100,-18963.400391
1752618011.797344,926409.000,16693,1,EL,1,100,-18978.000000
1752618011.864344,926476.000,16710,2,EL,1,100,-18986.000000
1752618011.931343,926543.000,16710,2,EL,1,100,-18987.400391
1752618011.997843,926609.500,16725,2,EL,1,100,-18987.599609
1752618012.064343,926676.000,16725,2,EL,1,100,-18988.000000
1752618012.131343,926743.000,16742,1,EL,1,100,-18988.199219
1752618012.197843,926809.500,16761,2,EL,1,100,-18988.000000
1752618012.264342,926876.000,16761,2,EL,1,100,-18990.000000
1752618012.331342,926943.000,16778,1,EL,1,100,-18993.199219
1752618012.397842,927009.500,16792,2,EL,1,100,-18988.599609
1752618012.464342,927076.000,16792,2,EL,1,100,-18987.199219
1752618012.531341,927143.000,16810,1,EL,1,100,-18988.599609
1752618012.597841,927209.500,16826,2,EL,1,100,-18988.599609
1752618012.664341,927276.000,16826,2,EL,1,100,-18988.400391
1752618012.731341,927343.000,16843,1,EL,1,100,-18988.400391
1752618012.797840,927409.500,16858,2,EL,1,100,-18988.599609
1752618012.864340,927476.000,16858,2,EL,1,100,-18989.400391
1752618012.931340,927543.000,16877,1,EL,1,100,-18988.599609
1752618012.997840,927609.500,16893,2,EL,1,100,-18989.000000
1752618013.064340,927676.000,16893,2,EL,1,100,-18991.599609
1752618013.131339,927743.000,16910,1,EL,1,100,-18990.400391
1752618013.197839,927809.500,16925,2,EL,1,100,-18989.000000
1752618013.264339,927876.000,16925,2,EL,1,100,-18991.000000
1752618013.331339,927943.000,16942,1,EL,1,100,-18991.400391
1752618013.397838,928009.500,16958,2,EL,1,100,-18989.400391
1752618013.464338,928076.000,16958,2,EL,1,100,-18989.199219
1752618013.531338,928143.000,16976,1,EL,1,100,-18990.000000
1752618013.597838,928209.500,16990,2,EL,1,100,-18990.000000
1752618013.664337,928276.000,16990,2,EL,1,100,-18989.599609
1752618013.731337,928343.000,17007,1,EL,1,100,-18990.000000
1752618013.797837,928409.500,17024,2,EL,1,100,-18990.000000
1752618013.864337,928476.000,17024,2,EL,1,100,-18989.400391
1752618013.931336,928543.000,17041,1,EL,1,100,-18989.199219
1752618013.997836,928609.500,17055,2,EL,1,100,-18989.199219
1752618014.064336,928676.000,17055,2,EL,1,100,-18989.800781
1752618014.131336,928743.000,17072,1,EL,1,100,-18991.000000
1752618014.197836,928809.500,17091,2,EL,1,100,-18990.599609
1752618014.264335,928876.000,17091,2,EL,1,100,-18990.199219
1752618014.331335,928943.000,17108,1,EL,1,100,-18990.000000
1752618014.397835,929009.500,17123,2,EL,1,100,-18990.599609
1752618014.464335,929076.000,17123,2,EL,1,100,-18990.199219
1752618014.530834,929142.500,17140,2,EL,1,100,-18990.400391
1752618014.597334,929209.000,17140,2,EL,1,100,-18990.400391
1752618014.664334,929276.000,17156,1,EL,1,100,-18990.800781
1752618014.730834,929342.500,17173,2,EL,1,100,-18991.199219
1752618014.797333,929409.000,17173,2,EL,1,100,-18991.000000
1752618014.864333,929476.000,17190,1,EL,1,100,-18991.199219
1752618014.930833,929542.500,17205,2,EL,1,100,-18991.199219
1752618014.997333,929609.000,17205,2,EL,1,100,-18991.400391
1752618015.064333,929676.000,17221,1,EL,1,100,-18991.000000
1752618015.130832,929742.500,17239,2,EL,1,100,-18991.800781
1752618015.197332,929809.000,17239,2,EL,1,100,-18991.599609
1752618015.264332,929876.000,17255,1,EL,1,100,-18991.199219
1752618015.330832,929942.500,17270,2,EL,1,100,-18991.400391
1752618015.397331,930009.000,17270,2,EL,1,100,-18991.400391
1752618015.464331,930076.000,17286,1,EL,1,100,-18991.400391
1752618015.530831,930142.500,17304,2,EL,1,100,-18991.800781
1752618015.597331,930209.000,17304,2,EL,1,100,-18992.000000
1752618015.664330,930276.000,17320,1,EL,1,100,-18991.599609
1752618015.730830,930342.500,17335,2,EL,1,100,-18991.800781
1752618015.797330,930409.000,17335,2,EL,1,100,-18992.000000
1752618015.864330,930476.000,17352,1,EL,1,100,-18992.000000
1752618015.930829,930542.500,17369,2,EL,1,100,-18991.800781
1752618015.997329,930609.000,17369,2,EL,1,100,-18991.599609
1752618016.064329,930676.000,17385,1,EL,1,100,-18991.000000
1752618016.130829,930742.500,17401,2,EL,1,100,-18991.000000
1752618016.197329,930809.000,17401,2,EL,1,100,-18990.800781
1752618016.264328,930876.000,17417,1,EL,1,100,-18990.800781
1752618016.330828,930942.500,17434,2,EL,1,100,-18991.000000
1752618016.397328,931009.000,17434,2,EL,1,100,-18991.199219
1752618016.464328,931076.000,17450,1,EL,1,100,-18992.400391
1752618016.530827,931142.500,17467,2,EL,1,100,-18998.400391
1752618016.597327,931209.000,17467,2,EL,1,100,-19018.400391
1752618016.664327,931276.000,17482,1,EL,1,100,-19013.800781
1752618016.730827,931342.500,17499,2,EL,1,100,-19008.800781
1752618016.797326,931409.000,17499,2,EL,1,100,-19020.800781
1752618016.863826,931475.500,17518,2,EL,1,100,-19025.400391
1752618016.930326,931542.000,17518,2,EL,1,100,-19011.000000
1752618016.997326,931609.000,17535,1,EL,1,100,-19004.400391
1752618017.063826,931675.500,17549,2,EL,1,100,-19006.199219
1752618017.130325,931742.000,17549,2,EL,1,100,-19003.000000
1752618017.197325,931809.000,17567,1,EL,1,100,-19000.400391
1752618017.263825,931875.500,17585,2,EL,1,100,-18999.199219
1752618017.330325,931942.000,17585,2,EL,1,100,-18995.800781
1752618017.397324,932009.000,17602,1,EL,1,100,-18995.000000
1752618017.463824,932075.500,17617,2,EL,1,100,-18997.800781
1752618017.530324,932142.000,17617,2,EL,1,100,-18998.400391
1752618017.597324,932209.000,17634,1,EL,1,100,-18985.000000
1752618017.663823,932275.500,17650,2,EL,1,100,-18970.199219
1752618017.730323,932342.000,17650,2,EL,1,100,-18991.000000
1752618017.797323,932409.000,17667,1,EL,1,100,-18992.800781
1752618017.863823,932475.500,17682,2,EL,1,100,-18993.400391
1752618017.930322,932542.000,17682,2,EL,1,100,-18993.800781
1752618017.997322,932609.000,17699,1,EL,1,100,-18994.800781
1752618018.063822,932675.500,17715,2,EL,1,100,-18994.599609
1752618018.130322,932742.000,17715,2,EL,1,100,-18993.800781
1752618018.197322,932809.000,17733,1,EL,1,100,-18993.199219
1752618018.263821,932875.500,17747,2,EL,1,100,-18992.199219
1752618018.330321,932942.000,17747,2,EL,1,100,-18992.400391
1752618018.397321,933009.000,17764,1,EL,1,100,-18992.800781
1752618018.463821,933075.500,17781,2,EL,1,100,-18992.800781
1752618018.530320,933142.000,17781,2,EL,1,100,-18992.400391
1752618018.597320,933209.000,17798,1,EL,1,100,-18991.800781
1752618018.663820,933275.500,17812,2,EL,1,100,-18992.000000
1752618018.730320,933342.000,17812,2,EL,1,100,-18992.400391
1752618018.797319,933409.000,17829,1,EL,1,100,-18992.800781
1752618018.863819,933475.500,17846,2,EL,1,100,-18993.000000
1752618018.930319,933542.000,17846,2,EL,1,100,-18993.000000
1752618018.997319,933609.000,17863,1,EL,1,100,-18993.400391
1752618019.063819,933675.500,17878,2,EL,1,100,-18992.599609
1752618019.130318,933742.000,17878,2,EL,1,100,-18992.599609
1752618019.196818,933808.500,17897,2,EL,1,100,-18991.599609
1752618019.263318,933875.000,17897,2,EL,1,100,-18992.199219
1752618019.330318,933942.000,17913,1,EL,1,100,-18992.599609
1752618019.396817,934008.500,17930,2,EL,1,100,-18993.199219
1752618019.463317,934075.000,17930,2,EL,1,100,-18993.599609
1752618019.530317,934142.000,17947,1,EL,1,100,-18993.400391
1752618019.596817,934208.500,17962,2,EL,1,100,-18992.599609
1752618019.663316,934275.000,17962,2,EL,1,100,-18992.599609
1752618019.730316,934342.000,17980,1,EL,1,100,-18993.000000
1752618019.796816,934408.500,17998,2,EL,1,100,-18993.400391
1752618019.863316,934475.000,17998,2,EL,1,100,-18993.400391
1752618019.930315,934542.000,18014,1,EL,1,100,-18993.400391
1752618019.996815,934608.500,18029,2,EL,1,100,-18993.199219
1752618020.063315,934675.000,18029,2,EL,1,100,-18993.000000
1752618020.130315,934742.000,18045,1,EL,1,100,-18993.400391
1752618020.196815,934808.500,18063,2,EL,1,100,-18993.199219
1752618020.263314,934875.000,18063,2,EL,1,100,-18993.400391
1752618020.330314,934942.000,18079,1,EL,1,100,-18991.599609
1752618020.396814,935008.500,18094,2,EL,1,100,-18978.800781
1752618020.463314,935075.000,18094,2,EL,1,100,-18909.400391
1752618020.530313,935142.000,18111,1,EL,1,100,-14660.400391
1752618020.596813,935208.500,18128,2,EL,1,100,2748.600098
1752618020.663313,935275.000,18128,2,EL,1,100,7498.200195
1752618020.730313,935342.000,18144,1,EL,1,100,6777.399902
1752618020.796812,935408.500,18160,2,EL,1,100,10726.400391
1752618020.863312,935475.000,18160,2,EL,1,100,24285.199219
1752618020.930312,935542.000,18176,1,EL,1,100,26473.800781
1752618020.996812,935608.500,18193,2,EL,1,100,26473.800781
1752618021.063312,935675.000,18193,2,EL,1,100,26466.400391
1752618021.130311,935742.000,18209,1,EL,1,100,26457.000000
1752618021.196811,935808.500,18226,2,EL,1,100,26458.199219
1752618021.263311,935875.000,18226,2,EL,1,100,26460.800781
1752618021.329811,935941.500,18241,2,EL,1,100,26463.199219
1752618021.396310,936008.000,18241,2,EL,1,100,26464.599609
1752618021.463310,936075.000,18258,1,EL,1,100,26464.800781
1752618021.529810,936141.500,18275,2,EL,1,100,26467.000000
1752618021.596310,936208.000,18275,2,EL,1,100,26466.800781
1752618021.663309,936275.000,18292,1,EL,1,100,26467.000000
1752618021.729809,936341.500,18306,2,EL,1,100,26469.199219
1752618021.796309,936408.000,18306,2,EL,1,100,26469.800781
1752618021.863309,936475.000,18324,1,EL,1,100,26466.599609
1752618021.929808,936541.500,18340,2,EL,1,100,26466.800781
1752618021.996308,936608.000,18340,2,EL,1,100,26469.800781
1752618022.063308,936675.000,18357,1,EL,1,100,26471.400391
1752618022.129808,936741.500,18372,2,EL,1,100,26470.599609
1752618022.196308,936808.000,18372,2,EL,1,100,26472.400391
1752618022.263307,936875.000,18391,1,EL,1,100,26471.000000
1752618022.329807,936941.500,18407,2,EL,1,100,26472.800781
1752618022.396307,937008.000,18407,2,EL,1,100,26473.199219
1752618022.463307,937075.000,18424,1,EL,1,100,26473.000000
1752618022.529806,937141.500,18439,2,EL,1,100,26471.800781
1752618022.596306,937208.000,18439,2,EL,1,100,26471.000000
1752618022.663306,937275.000,18456,1,EL,1,100,26472.800781
1752618022.729806,937341.500,18472,2,EL,1,100,26473.199219
1752618022.796305,937408.000,18472,2,EL,1,100,26473.000000
1752618022.863305,937475.000,18490,1,EL,1,100,26473.199219
1752618022.929805,937541.500,18504,2,EL,1,100,26473.199219
1752618022.996305,937608.000,18504,2,EL,1,100,26473.400391
1752618023.063305,937675.000,18521,1,EL,1,100,26473.199219
1752618023.129804,937741.500,18538,2,EL,1,100,26473.000000
1752618023.196304,937808.000,18538,2,EL,1,100,26473.199219
1752618023.263304,937875.000,18555,1,EL,1,100,26473.000000
1752618023.329804,937941.500,18570,2,EL,1,100,26473.000000
1752618023.396303,938008.000,18570,2,EL,1,100,26473.199219
1752618023.463303,938075.000,18586,1,EL,1,100,26473.000000
1752618023.529803,938141.500,18603,2,EL,1,100,26473.000000
1752618023.596303,938208.000,18603,2,EL,1,100,26473.000000
1752618023.663302,938275.000,18620,1,EL,1,100,26473.199219
1752618023.729802,938341.500,18635,2,EL,1,100,26473.199219
1752618023.796302,938408.000,18635,2,EL,1,100,26473.000000
1752618023.863302,938475.000,18652,2,EL,1,100,20502.199219
1752618023.930301,938542.000,18652,2,EL,1,100,9204.599609
1752618023.996301,938608.000,18668,1,EL,1,100,6582.399902
1752618024.063301,938675.000,18685,2,EL,1,100,9365.599609
1752618024.130301,938742.000,18685,2,EL,1,100,18484.199219
1752618024.196301,938808.000,18702,1,EL,1,100,9953.200195
1752618024.263300,938875.000,18717,2,EL,1,100,6446.799805
1752618024.330300,938942.000,18717,2,EL,1,100,6731.399902
1752618024.396300,939008.000,18733,1,EL,1,100,6833.600098
1752618024.463300,939075.000,18751,2,EL,1,100,6781.600098
1752618024.530299,939142.000,18751,2,EL,1,100,6773.399902
1752618024.596299,939208.000,18767,1,EL,1,100,7039.799805
1752618024.662799,939274.500,18782,2,EL,1,100,7426.200195
1752618024.729299,939341.000,18782,2,EL,1,100,7497.799805
1752618024.796298,939408.000,18798,1,EL,1,100,7519.000000
1752618024.862798,939474.500,18816,2,EL,1,100,7201.000000
1752618024.929298,939541.000,18816,2,EL,1,100,6893.200195
1752618024.996298,939608.000,18834,1,EL,1,100,6854.000000
1752618025.062798,939674.500,18849,2,EL,1,100,8380.000000
1752618025.129297,939741.000,18849,2,EL,1,100,8005.799805
1752618025.196297,939808.000,18866,1,EL,1,100,7753.799805
1752618025.262797,939874.500,18883,2,EL,1,100,9374.799805
1752618025.329297,939941.000,18883,2,EL,1,100,8198.799805
1752618025.396296,940008.000,18899,1,EL,1,100,7536.000000
1752618025.462796,940074.500,18915,2,EL,1,100,8061.200195
1752618025.529296,940141.000,18915,2,EL,1,100,8752.400391
1752618025.596296,940208.000,18931,1,EL,1,100,9727.200195
1752618025.662795,940274.500,18948,2,EL,1,100,10440.000000
1752618025.729295,940341.000,18948,2,EL,1,100,16279.400391
1752618025.796295,940408.000,18964,1,EL,1,100,24995.000000
1752618025.862795,940474.500,18981,2,EL,1,100,26473.000000
1752618025.929295,940541.000,18981,2,EL,1,100,26472.800781
1752618025.996294,940608.000,18996,1,EL,1,100,26470.800781
1752618026.062794,940674.500,19013,2,EL,1,100,26466.599609
1752618026.129294,940741.000,19013,2,EL,1,100,26467.599609
1752618026.196294,940808.000,19030,1,EL,1,100,26470.000000
1752618026.262793,940874.500,19046,2,EL,1,100,26469.199219
1752618026.329293,940941.000,19046,2,EL,1,100,26471.400391
1752618026.396293,941008.000,19061,2,EL,1,100,26472.000000
1752618026.463293,941075.000,19061,2,EL,1,100,26472.000000
1752618026.529292,941141.000,19079,1,EL,1,100,26472.199219
1752618026.596292,941208.000,19095,2,EL,1,100,26472.199219
1752618026.663292,941275.000,19095,2,EL,1,100,26472.199219
1752618026.729292,941341.000,19112,1,EL,1,100,26472.000000
1752618026.795958,941407.667,19128,3,EL,1,100,26472.000000
1752618026.862625,941474.333,19128,3,EL,1,100,26471.400391
1752618026.929291,941541.000,19128,3,EL,1,100,26471.400391
1752618026.995957,941607.667,19147,9,EL,1,100,26471.800781
1752618027.062624,941674.333,19147,9,EL,1,100,26471.400391
1752618027.129290,941741.000,19147,9,EL,1,100,26471.199219
1752618027.195957,941807.667,19147,9,EL,1,100,26471.199219
1752618027.262623,941874.333,19147,9,EL,1,100,26471.599609
1752618027.329290,941941.000,19147,9,EL,1,100,26471.400391
1752618027.395956,942007.667,19147,9,EL,1,100,26471.599609
1752618027.462622,942074.333,19147,9,EL,1,100,26471.199219
1752618027.529289,942141.000,19147,9,EL,1,100,26471.400391
1752618027.595939,942207.650,19172,20,EL,1,100,26471.599609
1752618027.662588,942274.300,19172,20,EL,1,100,26471.400391
1752618027.729238,942340.950,19172,20,EL,1,100,26471.199219
1752618027.795888,942407.600,19172,20,EL,1,100,26471.000000
1752618027.862538,942474.250,19172,20,EL,1,100,26471.000000
1752618027.929188,942540.900,19172,20,EL,1,100,26471.000000
1752618027.995837,942607.550,19172,20,EL,1,100,26471.199219
1752618028.062487,942674.200,19172,20,EL,1,100,26471.400391
1752618028.129137,942740.850,19172,20,EL,1,100,26471.000000
1752618028.195787,942807.500,19172,20,EL,1,100,26471.000000
1752618028.262436,942874.150,19172,20,EL,1,100,26471.199219
1752618028.329086,942940.800,19172,20,EL,1,100,26205.599609
1752618028.395736,943007.450,19172,20,EL,1,100,12639.599609
1752618028.462386,943074.100,19172,20,EL,1,100,-7055.799805
1752618028.529035,943140.750,19172,20,EL,1,100,-13125.799805
1752618028.595685,943207.400,19172,20,EL,1,100,-14587.799805
1752618028.662335,943274.050,19172,20,EL,1,100,-15203.000000
1752618028.728985,943340.700,19172,20,EL,1,100,-15564.000000
1752618028.795634,943407.350,19172,20,EL,1,100,-15741.599609
1752618028.862284,943474.000,19172,20,EL,1,100,-15739.200195
1752618028.928951,943540.667,19196,15,EL,1,100,-15742.599609
1752618028.995617,943607.333,19196,15,EL,1,100,-15867.200195
1752618029.062284,943674.000,19196,15,EL,1,100,-16285.000000
1752618029.128950,943740.667,19196,15,EL,1,100,-16678.400391
1752618029.195616,943807.333,19196,15,EL,1,100,-16899.400391
1752618029.262283,943874.000,19196,15,EL,1,100,-17060.800781
1752618029.328949,943940.667,19196,15,EL,1,100,-17162.400391
1752618029.395616,944007.333,19196,15,EL,1,100,-17229.599609
1752618029.462282,944074.000,19196,15,EL,1,100,-17255.199219
1752618029.528949,944140.667,19196,15,EL,1,100,-17279.199219
1752618029.595615,944207.333,19196,15,EL,1,100,-17292.199219
1752618029.662281,944274.000,19196,15,EL,1,100,-17299.400391
1752618029.728948,944340.667,19196,15,EL,1,100,-17323.199219
1752618029.795614,944407.333,19196,15,EL,1,100,-17383.400391
1752618029.862281,944474.000,19196,15,EL,1,100,-17444.400391
1752618029.929281,944541.000,19212,2,EL,1,100,-17475.000000
1752618029.996280,944608.000,19212,2,EL,1,100,-17525.599609
1752618030.062780,944674.500,19229,2,EL,1,100,-17629.400391
1752618030.129280,944741.000,19229,2,EL,1,100,-17651.599609
