LocalTimestamp,EmotiBitTimestamp,PacketNumber,DataLength,TypeTag,ProtocolVersion,DataReliability,EA
1755628823.767239,2542995.000,18220,1,EA,1,100,0.167042
1755628823.833240,2543061.000,18225,1,EA,1,100,0.167871
1755628823.900241,2543128.000,18244,2,EA,1,100,0.167851
1755628823.967242,2543195.000,18244,2,EA,1,100,0.167786
1755628824.033242,2543261.000,18261,1,EA,1,100,0.168086
1755628824.100243,2543328.000,18276,2,EA,1,100,0.168180
1755628824.167244,2543395.000,18276,2,EA,1,100,0.168216
1755628824.233245,2543461.000,18292,1,EA,1,100,0.168297
1755628824.300246,2543528.000,18312,2,EA,1,100,0.168306
1755628824.367247,2543595.000,18312,2,EA,1,100,0.168277
1755628824.433247,2543661.000,18328,1,EA,1,100,0.168289
1755628824.500248,2543728.000,18345,2,EA,1,100,0.168415
1755628824.567249,2543795.000,18345,2,EA,1,100,0.167552
1755628824.633250,2543861.000,18361,1,EA,1,100,0.165246
1755628824.700251,2543928.000,18379,2,EA,1,100,0.162027
1755628824.767251,2543995.000,18379,2,EA,1,100,0.161310
1755628824.833252,2544061.000,18395,1,EA,1,100,0.167916
1755628824.900253,2544128.000,18410,2,EA,1,100,0.173693
1755628824.967254,2544195.000,18410,2,EA,1,100,0.171866
1755628825.033255,2544261.000,18429,1,EA,1,100,0.168090
1755628825.100255,2544328.000,18446,2,EA,1,100,0.166978
1755628825.167256,2544395.000,18446,2,EA,1,100,0.166938
1755628825.233257,2544461.000,18462,1,EA,1,100,0.166742
1755628825.299758,2544527.500,18479,2,EA,1,100,0.164636
1755628825.366259,2544594.000,18479,2,EA,1,100,0.165785
1755628825.433259,2544661.000,18494,1,EA,1,100,0.169891
1755628825.499760,2544727.500,18511,2,EA,1,100,0.172419
1755628825.566261,2544794.000,18511,2,EA,1,100,0.171993
1755628825.633262,2544861.000,18527,1,EA,1,100,0.170086
1755628825.699763,2544927.500,18544,2,EA,1,100,0.168664
1755628825.766264,2544994.000,18544,2,EA,1,100,0.167315
1755628825.833264,2545061.000,18559,2,EA,1,100,0.166058
1755628825.900265,2545128.000,18559,2,EA,1,100,0.165670
1755628825.966266,2545194.000,18576,1,EA,1,100,0.164987
1755628826.033267,2545261.000,18595,2,EA,1,100,0.160326
1755628826.100268,2545328.000,18595,2,EA,1,100,0.155955
1755628826.166268,2545394.000,18612,1,EA,1,100,0.153527
1755628826.233269,2545461.000,18626,2,EA,1,100,0.151668
1755628826.300270,2545528.000,18626,2,EA,1,100,0.149675
1755628826.366271,2545594.000,18644,1,EA,1,100,0.148046
1755628826.433272,2545661.000,18660,2,EA,1,100,0.147388
1755628826.500272,2545728.000,18660,2,EA,1,100,0.147385
1755628826.566273,2545794.000,18677,1,EA,1,100,0.147188
1755628826.633274,2545861.000,18692,2,EA,1,100,0.146169
1755628826.700275,2545928.000,18692,2,EA,1,100,0.145372
1755628826.766276,2545994.000,18709,1,EA,1,100,0.144864
1755628826.833277,2546061.000,18725,2,EA,1,100,0.144641
1755628826.900277,2546128.000,18725,2,EA,1,100,0.145985
1755628826.966278,2546194.000,18742,1,EA,1,100,0.144966
1755628827.033279,2546261.000,18757,2,EA,1,100,0.144323
1755628827.100280,2546328.000,18757,2,EA,1,100,0.145311
1755628827.166281,2546394.000,18774,1,EA,1,100,0.146169
1755628827.233281,2546461.000,18792,2,EA,1,100,0.147438
1755628827.300282,2546528.000,18792,2,EA,1,100,0.148251
1755628827.366283,2546594.000,18810,1,EA,1,100,0.148821
1755628827.433284,2546661.000,18826,2,EA,1,100,0.150435
1755628827.500285,2546728.000,18826,2,EA,1,100,0.152749
1755628827.566785,2546794.500,18848,2,EA,1,100,0.155725
1755628827.633286,2546861.000,18848,2,EA,1,100,0.157209
1755628827.700287,2546928.000,18865,1,EA,1,100,0.157629
1755628827.766788,2546994.500,18882,2,EA,1,100,0.158195
1755628827.833289,2547061.000,18882,2,EA,1,100,0.159422
1755628827.900289,2547128.000,18898,1,EA,1,100,0.159708
1755628827.966790,2547194.500,18914,2,EA,1,100,0.160167
1755628828.033291,2547261.000,18914,2,EA,1,100,0.161123
1755628828.100292,2547328.000,18932,1,EA,1,100,0.162087
1755628828.166793,2547394.500,18949,2,EA,1,100,0.162671
1755628828.233294,2547461.000,18949,2,EA,1,100,0.162994
1755628828.300294,2547528.000,18967,1,EA,1,100,0.163166
1755628828.366795,2547594.500,18983,2,EA,1,100,0.163503
1755628828.433296,2547661.000,18983,2,EA,1,100,0.163308
1755628828.500297,2547728.000,18999,1,EA,1,100,0.164043
1755628828.566798,2547794.500,19016,2,EA,1,100,0.164186
1755628828.633298,2547861.000,19016,2,EA,1,100,0.163942
1755628828.700299,2547928.000,19033,1,EA,1,100,0.164023
1755628828.766800,2547994.500,19048,2,EA,1,100,0.163749
1755628828.833301,2548061.000,19048,2,EA,1,100,0.165643
1755628828.900302,2548128.000,19064,1,EA,1,100,0.166869
1755628828.966802,2548194.500,19084,2,EA,1,100,0.166574
1755628829.033303,2548261.000,19084,2,EA,1,100,0.165250
1755628829.100304,2548328.000,19102,1,EA,1,100,0.162583
1755628829.166805,2548394.500,19117,2,EA,1,100,0.159865
1755628829.233306,2548461.000,19117,2,EA,1,100,0.162728
1755628829.299307,2548527.000,19133,1,EA,1,100,0.167661
1755628829.366307,2548594.000,19151,2,EA,1,100,0.170040
1755628829.433308,2548661.000,19151,2,EA,1,100,0.170356
1755628829.500309,2548728.000,19167,1,EA,1,100,0.170657
1755628829.566810,2548794.500,19185,2,EA,1,100,0.169675
1755628829.633311,2548861.000,19185,2,EA,1,100,0.170854
1755628829.699811,2548927.500,19201,2,EA,1,100,0.175634
1755628829.766312,2548994.000,19201,2,EA,1,100,0.173745
1755628829.833313,2549061.000,19220,1,EA,1,100,0.167026
1755628829.899814,2549127.500,19236,2,EA,1,100,0.156344
1755628829.966315,2549194.000,19236,2,EA,1,100,0.152201
1755628830.033315,2549261.000,19254,1,EA,1,100,0.159247
1755628830.099816,2549327.500,19268,2,EA,1,100,0.170992
1755628830.166317,2549394.000,19268,2,EA,1,100,0.182924
1755628830.233318,2549461.000,19287,1,EA,1,100,0.186962
1755628830.299819,2549527.500,19306,2,EA,1,100,0.178589
1755628830.366319,2549594.000,19306,2,EA,1,100,0.184270
1755628830.433320,2549661.000,19323,1,EA,1,100,0.186237
1755628830.499821,2549727.500,19339,2,EA,1,100,0.181192
1755628830.566322,2549794.000,19339,2,EA,1,100,0.174389
1755628830.633323,2549861.000,19356,1,EA,1,100,0.166478
1755628830.699824,2549927.500,19373,2,EA,1,100,0.163873
1755628830.766324,2549994.000,19373,2,EA,1,100,0.173615
1755628830.833325,2550061.000,19390,1,EA,1,100,0.180923
1755628830.899826,2550127.500,19404,2,EA,1,100,0.184095
1755628830.966327,2550194.000,19404,2,EA,1,100,0.184256
1755628831.033328,2550261.000,19424,1,EA,1,100,0.181362
1755628831.099828,2550327.500,19440,2,EA,1,100,0.184192
1755628831.166329,2550394.000,19440,2,EA,1,100,0.182598
1755628831.233330,2550461.000,19459,1,EA,1,100,0.176229
1755628831.299831,2550527.500,19474,2,EA,1,100,0.167710
1755628831.366332,2550594.000,19474,2,EA,1,100,0.158439
1755628831.433332,2550661.000,19491,1,EA,1,100,0.154866
1755628831.499833,2550727.500,19507,2,EA,1,100,0.164062
1755628831.566334,2550794.000,19507,2,EA,1,100,0.179602
1755628831.633335,2550861.000,19524,1,EA,1,100,0.190659
1755628831.699836,2550927.500,19539,2,EA,1,100,0.191688
1755628831.766337,2550994.000,19539,2,EA,1,100,0.185775
1755628831.833337,2551061.000,19556,1,EA,1,100,0.188777
1755628831.899838,2551127.500,19574,2,EA,1,100,0.192243
1755628831.966339,2551194.000,19574,2,EA,1,100,0.188982
1755628832.033340,2551261.000,19592,1,EA,1,100,0.186681
1755628832.099841,2551327.500,19607,2,EA,1,100,0.184568
1755628832.166341,2551394.000,19607,2,EA,1,100,0.181978
1755628832.232842,2551460.500,19625,2,EA,1,100,0.183542
1755628832.299343,2551527.000,19625,2,EA,1,100,0.188634
1755628832.366344,2551594.000,19642,1,EA,1,100,0.187941
1755628832.432845,2551660.500,19661,2,EA,1,100,0.182206
1755628832.499345,2551727.000,19661,2,EA,1,100,0.180999
1755628832.566346,2551794.000,19677,1,EA,1,100,0.181428
1755628832.632847,2551860.500,19693,2,EA,1,100,0.174101
1755628832.699348,2551927.000,19693,2,EA,1,100,0.179899
1755628832.766349,2551994.000,19714,1,EA,1,100,0.191093
1755628832.832849,2552060.500,19731,2,EA,1,100,0.186327
1755628832.899350,2552127.000,19731,2,EA,1,100,0.183818
1755628832.966351,2552194.000,19747,1,EA,1,100,0.182049
1755628833.032852,2552260.500,19763,2,EA,1,100,0.181437
1755628833.099353,2552327.000,19763,2,EA,1,100,0.184324
1755628833.166354,2552394.000,19779,1,EA,1,100,0.184319
1755628833.232854,2552460.500,19798,2,EA,1,100,0.178726
1755628833.299355,2552527.000,19798,2,EA,1,100,0.173260
1755628833.366356,2552594.000,19815,1,EA,1,100,0.176363
1755628833.432857,2552660.500,19830,2,EA,1,100,0.185177
1755628833.499358,2552727.000,19830,2,EA,1,100,0.189208
1755628833.566358,2552794.000,19846,1,EA,1,100,0.197983
1755628833.632859,2552860.500,19866,2,EA,1,100,0.199110
1755628833.699360,2552927.000,19866,2,EA,1,100,0.182116
1755628833.766361,2552994.000,19882,1,EA,1,100,0.175709
1755628833.832862,2553060.500,19897,2,EA,1,100,0.184275
1755628833.899362,2553127.000,19897,2,EA,1,100,0.186123
1755628833.966363,2553194.000,19913,1,EA,1,100,0.183930
1755628834.032864,2553260.500,19931,2,EA,1,100,0.183576
1755628834.099365,2553327.000,19931,2,EA,1,100,0.188997
1755628834.166366,2553394.000,19947,1,EA,1,100,0.192068
1755628834.232867,2553460.500,19965,2,EA,1,100,0.192058
1755628834.299367,2553527.000,19965,2,EA,1,100,0.193531
1755628834.366368,2553594.000,19983,1,EA,1,100,0.181631
1755628834.432869,2553660.500,20000,2,EA,1,100,0.165702
1755628834.499370,2553727.000,20000,2,EA,1,100,0.170628
1755628834.565871,2553793.500,20016,2,EA,1,100,0.182498
1755628834.632371,2553860.000,20016,2,EA,1,100,0.188048
1755628834.699372,2553927.000,20034,1,EA,1,100,0.193467
1755628834.765873,2553993.500,20048,2,EA,1,100,0.197321
1755628834.832374,2554060.000,20048,2,EA,1,100,0.195482
1755628834.899375,2554127.000,20065,1,EA,1,100,0.194374
1755628834.965875,2554193.500,20084,2,EA,1,100,0.198837
1755628835.032376,2554260.000,20084,2,EA,1,100,0.190648
1755628835.099377,2554327.000,20101,1,EA,1,100,0.185810
1755628835.165878,2554393.500,20115,2,EA,1,100,0.185064
1755628835.232379,2554460.000,20115,2,EA,1,100,0.187992
1755628835.299379,2554527.000,20134,1,EA,1,100,0.195680
1755628835.365880,2554593.500,20151,2,EA,1,100,0.197691
1755628835.432381,2554660.000,20151,2,EA,1,100,0.197933
1755628835.499382,2554727.000,20168,1,EA,1,100,0.198463
1755628835.565883,2554793.500,20184,2,EA,1,100,0.196226
1755628835.632384,2554860.000,20184,2,EA,1,100,0.193774
1755628835.699384,2554927.000,20202,1,EA,1,100,0.191878
1755628835.765885,2554993.500,20218,2,EA,1,100,0.189079
1755628835.832386,2555060.000,20218,2,EA,1,100,0.185646
1755628835.899387,2555127.000,20235,1,EA,1,100,0.182149
1755628835.965888,2555193.500,20251,2,EA,1,100,0.181017
1755628836.032388,2555260.000,20251,2,EA,1,100,0.185740
1755628836.098889,2555326.500,20267,2,EA,1,100,0.190988
1755628836.165390,2555393.000,20267,2,EA,1,100,0.192435
1755628836.232391,2555460.000,20283,1,EA,1,100,0.196691
1755628836.298892,2555526.500,20303,2,EA,1,100,0.200984
1755628836.365392,2555593.000,20303,2,EA,1,100,0.200816
1755628836.432393,2555660.000,20319,1,EA,1,100,0.201472
1755628836.498894,2555726.500,20334,2,EA,1,100,0.202204
1755628836.565395,2555793.000,20334,2,EA,1,100,0.202551
1755628836.632396,2555860.000,20350,1,EA,1,100,0.343677
1755628836.698897,2555926.500,20370,2,EA,1,100,0.691160
1755628836.765397,2555993.000,20370,2,EA,1,100,0.301984
1755628836.832398,2556060.000,20386,1,EA,1,100,0.236836
1755628836.898899,2556126.500,20401,2,EA,1,100,0.215364
1755628836.965400,2556193.000,20401,2,EA,1,100,0.213783
1755628837.032401,2556260.000,20418,1,EA,1,100,0.214244
1755628837.098901,2556326.500,20435,2,EA,1,100,0.207414
1755628837.165402,2556393.000,20435,2,EA,1,100,0.205644
1755628837.232403,2556460.000,20451,1,EA,1,100,0.207668
1755628837.298904,2556526.500,20467,2,EA,1,100,0.209146
1755628837.365405,2556593.000,20467,2,EA,1,100,0.208877
1755628837.432405,2556660.000,20487,1,EA,1,100,0.206835
1755628837.498906,2556726.500,20504,2,EA,1,100,0.205438
1755628837.565407,2556793.000,20504,2,EA,1,100,0.204972
1755628837.632408,2556860.000,20520,1,EA,1,100,0.204226
1755628837.698909,2556926.500,20536,2,EA,1,100,0.203867
1755628837.765409,2556993.000,20536,2,EA,1,100,0.204053
1755628837.832410,2557060.000,20557,1,EA,1,100,0.203963
1755628837.898911,2557126.500,20574,2,EA,1,100,0.204274
1755628837.965412,2557193.000,20574,2,EA,1,100,0.204695
1755628838.032413,2557260.000,20591,1,EA,1,100,0.204178
1755628838.098914,2557326.500,20607,2,EA,1,100,0.203569
1755628838.165414,2557393.000,20607,2,EA,1,100,0.203367
1755628838.232415,2557460.000,20622,2,EA,1,100,0.204083
1755628838.299416,2557527.000,20622,2,EA,1,100,0.205565
1755628838.365417,2557593.000,20640,1,EA,1,100,0.207223
1755628838.432418,2557660.000,20658,2,EA,1,100,0.208314
1755628838.499418,2557727.000,20658,2,EA,1,100,0.211247
1755628838.565419,2557793.000,20675,1,EA,1,100,0.214257
1755628838.632420,2557860.000,20690,2,EA,1,100,0.213567
1755628838.699421,2557927.000,20690,2,EA,1,100,0.210391
1755628838.765422,2557993.000,20707,1,EA,1,100,0.207612
1755628838.831922,2558059.500,20723,2,EA,1,100,0.206675
1755628838.898423,2558126.000,20723,2,EA,1,100,0.206418
1755628838.965424,2558193.000,20740,1,EA,1,100,0.204232
1755628839.031925,2558259.500,20755,2,EA,1,100,0.202604
1755628839.098426,2558326.000,20755,2,EA,1,100,0.200555
1755628839.165427,2558393.000,20772,1,EA,1,100,0.196830
1755628839.231927,2558459.500,20788,2,EA,1,100,0.196719
1755628839.298428,2558526.000,20788,2,EA,1,100,0.201911
1755628839.365429,2558593.000,20806,1,EA,1,100,0.206430
1755628839.431930,2558659.500,20822,2,EA,1,100,0.204797
1755628839.498431,2558726.000,20822,2,EA,1,100,0.201794
1755628839.565431,2558793.000,20839,1,EA,1,100,0.200106
1755628839.631932,2558859.500,20856,2,EA,1,100,0.200348
1755628839.698433,2558926.000,20856,2,EA,1,100,0.201123
1755628839.765434,2558993.000,20873,1,EA,1,100,0.205905
1755628839.831935,2559059.500,20887,2,EA,1,100,0.209134
1755628839.898435,2559126.000,20887,2,EA,1,100,0.208714
1755628839.965436,2559193.000,20904,1,EA,1,100,0.208171
1755628840.031937,2559259.500,20921,2,EA,1,100,0.208015
1755628840.098438,2559326.000,20921,2,EA,1,100,0.207687
1755628840.165439,2559393.000,20938,1,EA,1,100,0.206155
1755628840.231939,2559459.500,20953,2,EA,1,100,0.204695
1755628840.298440,2559526.000,20953,2,EA,1,100,0.204719
1755628840.365441,2559593.000,20970,1,EA,1,100,0.205674
1755628840.431942,2559659.500,20988,2,EA,1,100,0.206076
1755628840.498443,2559726.000,20988,2,EA,1,100,0.203581
1755628840.565444,2559793.000,21005,2,EA,1,100,0.202498
1755628840.632444,2559860.000,21005,2,EA,1,100,0.203243
1755628840.698445,2559926.000,21022,1,EA,1,100,0.205656
1755628840.765446,2559993.000,21037,2,EA,1,100,0.207353
1755628840.832447,2560060.000,21037,2,EA,1,100,0.207081
1755628840.898448,2560126.000,21053,1,EA,1,100,0.205080
1755628840.965448,2560193.000,21071,2,EA,1,100,0.200856
1755628841.032449,2560260.000,21071,2,EA,1,100,0.199002
1755628841.098450,2560326.000,21087,1,EA,1,100,0.201536
1755628841.165451,2560393.000,21102,2,EA,1,100,0.204041
1755628841.232452,2560460.000,21102,2,EA,1,100,0.205280
1755628841.298452,2560526.000,21118,1,EA,1,100,0.206933
1755628841.365453,2560593.000,21136,2,EA,1,100,0.207736
1755628841.432454,2560660.000,21136,2,EA,1,100,0.209518
1755628841.498455,2560726.000,21154,1,EA,1,100,0.210519
1755628841.565456,2560793.000,21171,2,EA,1,100,0.209796
1755628841.632457,2560860.000,21171,2,EA,1,100,0.209360
1755628841.698457,2560926.000,21188,1,EA,1,100,0.208620
1755628841.765458,2560993.000,21205,2,EA,1,100,0.207656
1755628841.832459,2561060.000,21205,2,EA,1,100,0.206694
1755628841.898460,2561126.000,21221,1,EA,1,100,0.206052
1755628841.965461,2561193.000,21237,2,EA,1,100,0.205286
1755628842.032461,2561260.000,21237,2,EA,1,100,0.204550
1755628842.098462,2561326.000,21253,1,EA,1,100,0.205165
1755628842.165463,2561393.000,21270,2,EA,1,100,0.209033
1755628842.232464,2561460.000,21270,2,EA,1,100,0.216119
1755628842.298465,2561526.000,21286,1,EA,1,100,0.241762
1755628842.365465,2561593.000,21304,2,EA,1,100,0.262103
1755628842.432466,2561660.000,21304,2,EA,1,100,0.251263
1755628842.498467,2561726.000,21324,1,EA,1,100,0.237855
1755628842.564968,2561792.500,21341,2,EA,1,100,0.229309
1755628842.631469,2561859.000,21341,2,EA,1,100,0.224170
1755628842.698469,2561926.000,21358,1,EA,1,100,0.220318
1755628842.764970,2561992.500,21374,2,EA,1,100,0.217232
1755628842.831471,2562059.000,21374,2,EA,1,100,0.214151
1755628842.898472,2562126.000,21394,2,EA,1,100,0.212368
1755628842.965473,2562193.000,21394,2,EA,1,100,0.210914
1755628843.031474,2562259.000,21412,1,EA,1,100,0.208190
1755628843.098474,2562326.000,21428,2,EA,1,100,0.203166
1755628843.165475,2562393.000,21428,2,EA,1,100,0.199939
1755628843.231476,2562459.000,21445,1,EA,1,100,0.204791
1755628843.298477,2562526.000,21460,2,EA,1,100,0.209430
1755628843.365478,2562593.000,21460,2,EA,1,100,0.211183
1755628843.431478,2562659.000,21479,1,EA,1,100,0.210283
1755628843.498479,2562726.000,21495,2,EA,1,100,0.210589
1755628843.565480,2562793.000,21495,2,EA,1,100,0.208514
1755628843.631481,2562859.000,21512,1,EA,1,100,0.208764
1755628843.698482,2562926.000,21527,2,EA,1,100,0.215597
1755628843.765482,2562993.000,21527,2,EA,1,100,0.215958
1755628843.831483,2563059.000,21544,1,EA,1,100,0.211812
1755628843.898484,2563126.000,21560,2,EA,1,100,0.211909
1755628843.965485,2563193.000,21560,2,EA,1,100,0.215397
1755628844.031486,2563259.000,21578,1,EA,1,100,0.220311
1755628844.098487,2563326.000,21592,2,EA,1,100,0.317953
1755628844.165487,2563393.000,21592,2,EA,1,100,8.475693
1755628844.231488,2563459.000,21611,1,EA,1,100,0.377560
1755628844.298489,2563526.000,21628,2,EA,1,100,0.245695
1755628844.365490,2563593.000,21628,2,EA,1,100,0.241561
1755628844.431491,2563659.000,21645,1,EA,1,100,0.214660
1755628844.498491,2563726.000,21662,2,EA,1,100,0.195356
1755628844.565492,2563793.000,21662,2,EA,1,100,0.202805
1755628844.631993,2563859.500,21679,2,EA,1,100,0.209992
1755628844.698494,2563926.000,21679,2,EA,1,100,0.213724
1755628844.765495,2563993.000,21695,1,EA,1,100,0.211864
1755628844.831995,2564059.500,21712,2,EA,1,100,0.209581
1755628844.898496,2564126.000,21712,2,EA,1,100,0.209846
1755628844.964497,2564192.000,21728,1,EA,1,100,0.212920
1755628845.031498,2564259.000,21744,2,EA,1,100,0.217653
1755628845.098499,2564326.000,21744,2,EA,1,100,0.222117
1755628845.165499,2564393.000,21760,1,EA,1,100,0.220172
1755628845.232000,2564459.500,21777,2,EA,1,100,0.215711
1755628845.298501,2564526.000,21777,2,EA,1,100,0.214376
1755628845.365502,2564593.000,21794,1,EA,1,100,0.215237
1755628845.432003,2564659.500,21809,2,EA,1,100,0.217911
1755628845.498504,2564726.000,21809,2,EA,1,100,0.220919
1755628845.565504,2564793.000,21827,1,EA,1,100,0.221510
1755628845.632005,2564859.500,21845,2,EA,1,100,0.219098
1755628845.698506,2564926.000,21845,2,EA,1,100,0.216213
1755628845.764507,2564992.000,21861,1,EA,1,100,0.214395
1755628845.831508,2565059.000,21876,2,EA,1,100,0.214349
1755628845.898508,2565126.000,21876,2,EA,1,100,0.215864
1755628845.965509,2565193.000,21892,1,EA,1,100,0.218479
1755628846.032010,2565259.500,21910,2,EA,1,100,0.220395
1755628846.098511,2565326.000,21910,2,EA,1,100,0.219880
1755628846.165512,2565393.000,21926,1,EA,1,100,0.218315
1755628846.232012,2565459.500,21941,2,EA,1,100,0.217843
1755628846.298513,2565526.000,21941,2,EA,1,100,0.217734
1755628846.364514,2565592.000,21958,1,EA,1,100,0.218507
1755628846.431515,2565659.000,21975,2,EA,1,100,0.219167
1755628846.498516,2565726.000,21975,2,EA,1,100,0.221039
1755628846.564517,2565792.000,21993,1,EA,1,100,0.222607
1755628846.631517,2565859.000,22010,2,EA,1,100,0.222018
1755628846.698518,2565926.000,22010,2,EA,1,100,0.220234
1755628846.764519,2565992.000,22025,1,EA,1,100,0.219914
1755628846.831520,2566059.000,22042,2,EA,1,100,0.221137
1755628846.898521,2566126.000,22042,2,EA,1,100,0.221863
1755628846.965021,2566192.500,22059,2,EA,1,100,0.223379
1755628847.031522,2566259.000,22059,2,EA,1,100,0.224756
1755628847.098523,2566326.000,22076,1,EA,1,100,0.224727
1755628847.165024,2566392.500,22090,2,EA,1,100,0.223644
1755628847.231525,2566459.000,22090,2,EA,1,100,0.221947
1755628847.298525,2566526.000,22107,1,EA,1,100,0.221785
1755628847.365026,2566592.500,22126,2,EA,1,100,0.223150
1755628847.431527,2566659.000,22126,2,EA,1,100,0.223071
1755628847.498528,2566726.000,22145,1,EA,1,100,0.221820
1755628847.565029,2566792.500,22159,2,EA,1,100,0.222835
1755628847.631529,2566859.000,22159,2,EA,1,100,0.223042
1755628847.698530,2566926.000,22177,1,EA,1,100,0.221039
1755628847.765031,2566992.500,22193,2,EA,1,100,0.220947
1755628847.831532,2567059.000,22193,2,EA,1,100,0.224394
1755628847.898533,2567126.000,22210,1,EA,1,100,0.229180
1755628847.965034,2567192.500,22225,2,EA,1,100,0.229596
1755628848.031534,2567259.000,22225,2,EA,1,100,0.227414
1755628848.098535,2567326.000,22247,1,EA,1,100,0.225938
1755628848.165036,2567392.500,22263,2,EA,1,100,0.224792
1755628848.231537,2567459.000,22263,2,EA,1,100,0.225149
1755628848.298538,2567526.000,22280,1,EA,1,100,0.226969
1755628848.365038,2567592.500,22295,2,EA,1,100,0.228338
1755628848.431539,2567659.000,22295,2,EA,1,100,0.229717
1755628848.498540,2567726.000,22312,1,EA,1,100,0.228121
1755628848.565041,2567792.500,22330,2,EA,1,100,0.226474
1755628848.631542,2567859.000,22330,2,EA,1,100,0.226327
1755628848.698542,2567926.000,22348,1,EA,1,100,0.227132
1755628848.765043,2567992.500,22363,2,EA,1,100,0.228181
1755628848.831544,2568059.000,22363,2,EA,1,100,0.228294
1755628848.897545,2568125.000,22379,1,EA,1,100,0.228024
1755628848.964546,2568192.000,22396,2,EA,1,100,0.227592
1755628849.031547,2568259.000,22396,2,EA,1,100,0.227637
1755628849.098547,2568326.000,22413,1,EA,1,100,0.227674
1755628849.165048,2568392.500,22428,2,EA,1,100,0.226688
1755628849.231549,2568459.000,22428,2,EA,1,100,0.226607
1755628849.298050,2568525.500,22445,2,EA,1,100,0.226143
1755628849.364551,2568592.000,22445,2,EA,1,100,0.224285
1755628849.431551,2568659.000,22461,1,EA,1,100,0.222423
1755628849.498052,2568725.500,22478,2,EA,1,100,0.223214
1755628849.564553,2568792.000,22478,2,EA,1,100,0.226887
1755628849.631554,2568859.000,22496,1,EA,1,100,0.230860
1755628849.698055,2568925.500,22512,2,EA,1,100,0.230241
1755628849.764555,2568992.000,22512,2,EA,1,100,0.228107
1755628849.831556,2569059.000,22528,1,EA,1,100,0.231635
1755628849.898057,2569125.500,22545,2,EA,1,100,0.234673
1755628849.964558,2569192.000,22545,2,EA,1,100,0.233187
1755628850.031559,2569259.000,22564,1,EA,1,100,0.232556
1755628850.098059,2569325.500,22579,2,EA,1,100,0.232914
1755628850.164560,2569392.000,22579,2,EA,1,100,0.232680
1755628850.231561,2569459.000,22595,1,EA,1,100,0.230783
1755628850.298062,2569525.500,22613,2,EA,1,100,0.230348
1755628850.364563,2569592.000,22613,2,EA,1,100,0.230135
1755628850.431564,2569659.000,22629,1,EA,1,100,0.229188
1755628850.498064,2569725.500,22646,2,EA,1,100,0.228759
1755628850.564565,2569792.000,22646,2,EA,1,100,0.228623
1755628850.631566,2569859.000,22662,1,EA,1,100,0.228706
1755628850.698067,2569925.500,22680,2,EA,1,100,0.228977
1755628850.764568,2569992.000,22680,2,EA,1,100,0.229573
1755628850.831568,2570059.000,22696,1,EA,1,100,0.230089
1755628850.898069,2570125.500,22711,2,EA,1,100,0.230394
1755628850.964570,2570192.000,22711,2,EA,1,100,0.230714
1755628851.031571,2570259.000,22728,1,EA,1,100,0.230646
1755628851.098072,2570325.500,22747,2,EA,1,100,0.230272
1755628851.164572,2570392.000,22747,2,EA,1,100,0.230203
1755628851.231573,2570459.000,22763,1,EA,1,100,0.230478
1755628851.298074,2570525.500,22780,2,EA,1,100,0.231120
1755628851.364575,2570592.000,22780,2,EA,1,100,0.231528
1755628851.431076,2570658.500,22795,2,EA,1,100,0.231305
1755628851.497577,2570725.000,22795,2,EA,1,100,0.231551
1755628851.564577,2570792.000,22814,1,EA,1,100,0.232153
1755628851.631078,2570858.500,22831,2,EA,1,100,0.232494
1755628851.697579,2570925.000,22831,2,EA,1,100,0.232859
1755628851.764580,2570992.000,22848,1,EA,1,100,0.233039
1755628851.831081,2571058.500,22862,2,EA,1,100,0.233328
1755628851.897581,2571125.000,22862,2,EA,1,100,0.233500
1755628851.964582,2571192.000,22881,1,EA,1,100,0.233539
1755628852.031083,2571258.500,22898,2,EA,1,100,0.233610
1755628852.097584,2571325.000,22898,2,EA,1,100,0.233641
1755628852.164585,2571392.000,22915,1,EA,1,100,0.233774
1755628852.231085,2571458.500,22929,2,EA,1,100,0.234065
1755628852.297586,2571525.000,22929,2,EA,1,100,0.234388
1755628852.364587,2571592.000,22947,1,EA,1,100,0.234775
1755628852.431088,2571658.500,22967,2,EA,1,100,0.235029
1755628852.497589,2571725.000,22967,2,EA,1,100,0.235037
1755628852.564589,2571792.000,22984,1,EA,1,100,0.235132
1755628852.631090,2571858.500,23001,2,EA,1,100,0.235204
1755628852.697591,2571925.000,23001,2,EA,1,100,0.235180
1755628852.764592,2571992.000,23018,1,EA,1,100,0.235602
1755628852.831093,2572058.500,23034,2,EA,1,100,0.236057
1755628852.897594,2572125.000,23034,2,EA,1,100,0.236201
1755628852.964594,2572192.000,23053,1,EA,1,100,0.236145
1755628853.031095,2572258.500,23069,2,EA,1,100,0.236273
1755628853.097596,2572325.000,23069,2,EA,1,100,0.236241
1755628853.164597,2572392.000,23090,1,EA,1,100,0.236482
1755628853.231098,2572458.500,23106,2,EA,1,100,0.236683
1755628853.297598,2572525.000,23106,2,EA,1,100,0.237078
1755628853.364099,2572591.500,23124,2,EA,1,100,0.237442
1755628853.430600,2572658.000,23124,2,EA,1,100,0.237823
1755628853.497601,2572725.000,23140,1,EA,1,100,0.237953
1755628853.564102,2572791.500,23157,2,EA,1,100,0.238124
1755628853.630602,2572858.000,23157,2,EA,1,100,0.238328
1755628853.697603,2572925.000,23174,1,EA,1,100,0.238556
1755628853.764104,2572991.500,23193,2,EA,1,100,0.238695
1755628853.830605,2573058.000,23193,2,EA,1,100,0.239031
1755628853.897606,2573125.000,23209,1,EA,1,100,0.239146
1755628853.964107,2573191.500,23225,2,EA,1,100,0.239228
1755628854.030607,2573258.000,23225,2,EA,1,100,0.239278
1755628854.097608,2573325.000,23241,1,EA,1,100,0.239558
1755628854.164109,2573391.500,23258,2,EA,1,100,0.239871
1755628854.230610,2573458.000,23258,2,EA,1,100,0.240061
1755628854.297611,2573525.000,23276,1,EA,1,100,0.240103
1755628854.364111,2573591.500,23292,2,EA,1,100,0.240219
1755628854.430612,2573658.000,23292,2,EA,1,100,0.240526
1755628854.497613,2573725.000,23308,1,EA,1,100,0.240917
1755628854.564114,2573791.500,23327,2,EA,1,100,0.240942
1755628854.630615,2573858.000,23327,2,EA,1,100,0.241243
1755628854.697615,2573925.000,23346,1,EA,1,100,0.241268
1755628854.764116,2573991.500,23361,2,EA,1,100,0.241611
1755628854.830617,2574058.000,23361,2,EA,1,100,0.241368
1755628854.897618,2574125.000,23377,1,EA,1,100,0.241494
1755628854.964119,2574191.500,23395,2,EA,1,100,0.241686
1755628855.030619,2574258.000,23395,2,EA,1,100,0.241964
1755628855.097620,2574325.000,23411,1,EA,1,100,0.242300
1755628855.164121,2574391.500,23429,2,EA,1,100,0.242748
1755628855.230622,2574458.000,23429,2,EA,1,100,0.242444
1755628855.297623,2574525.000,23444,1,EA,1,100,0.242410
1755628855.364124,2574591.500,23462,2,EA,1,100,0.241812
1755628855.430624,2574658.000,23462,2,EA,1,100,0.242528
1755628855.497625,2574725.000,23478,2,EA,1,100,0.243725
1755628855.564626,2574792.000,23478,2,EA,1,100,0.243487
1755628855.630627,2574858.000,23495,1,EA,1,100,0.243725
1755628855.697128,2574924.500,23512,2,EA,1,100,0.244444
1755628855.763628,2574991.000,23512,2,EA,1,100,0.244153
1755628855.830629,2575058.000,23531,1,EA,1,100,0.244196
1755628855.897130,2575124.500,23547,2,EA,1,100,0.244230
1755628855.963631,2575191.000,23547,2,EA,1,100,0.244427
1755628856.030632,2575258.000,23565,1,EA,1,100,0.244831
1755628856.097132,2575324.500,23581,2,EA,1,100,0.244977
1755628856.163633,2575391.000,23581,2,EA,1,100,0.244969
1755628856.230634,2575458.000,23598,1,EA,1,100,0.245133
1755628856.297135,2575524.500,23615,2,EA,1,100,0.245427
1755628856.363636,2575591.000,23615,2,EA,1,100,0.245608
1755628856.430637,2575658.000,23634,1,EA,1,100,0.245634
1755628856.497137,2575724.500,23648,2,EA,1,100,0.245860
1755628856.563638,2575791.000,23648,2,EA,1,100,0.245964
1755628856.630639,2575858.000,23667,1,EA,1,100,0.246121
1755628856.697140,2575924.500,23684,2,EA,1,100,0.246103
1755628856.763641,2575991.000,23684,2,EA,1,100,0.246644
1755628856.830641,2576058.000,23701,1,EA,1,100,0.247160
1755628856.897142,2576124.500,23717,2,EA,1,100,0.247108
1755628856.963643,2576191.000,23717,2,EA,1,100,0.246932
1755628857.030644,2576258.000,23735,1,EA,1,100,0.247090
1755628857.097145,2576324.500,23751,2,EA,1,100,0.247152
1755628857.163645,2576391.000,23751,2,EA,1,100,0.247697
1755628857.230646,2576458.000,23768,1,EA,1,100,0.247802
1755628857.297147,2576524.500,23786,2,EA,1,100,0.247917
1755628857.363648,2576591.000,23786,2,EA,1,100,0.247820
1755628857.430649,2576658.000,23804,1,EA,1,100,0.247882
1755628857.497149,2576724.500,23820,2,EA,1,100,0.247961
1755628857.563650,2576791.000,23820,2,EA,1,100,0.248032
1755628857.630651,2576858.000,23839,1,EA,1,100,0.248191
1755628857.697152,2576924.500,23855,2,EA,1,100,0.248652
1755628857.763653,2576991.000,23855,2,EA,1,100,0.248883
1755628857.830654,2577058.000,23871,2,EA,1,100,0.249097
1755628857.897654,2577125.000,23871,2,EA,1,100,0.249204
1755628857.963655,2577191.000,23887,1,EA,1,100,0.249338
1755628858.030656,2577258.000,23905,2,EA,1,100,0.249695
1755628858.097657,2577325.000,23905,2,EA,1,100,0.249946
1755628858.163658,2577391.000,23921,1,EA,1,100,0.250054
1755628858.230658,2577458.000,23938,2,EA,1,100,0.250117
1755628858.297659,2577525.000,23938,2,EA,1,100,0.250234
1755628858.363660,2577591.000,23960,1,EA,1,100,0.250171
1755628858.430661,2577658.000,23977,2,EA,1,100,0.250297
1755628858.497662,2577725.000,23977,2,EA,1,100,0.249964
1755628858.563662,2577791.000,23993,1,EA,1,100,0.249821
1755628858.630163,2577857.500,24011,2,EA,1,100,0.249749
1755628858.696664,2577924.000,24011,2,EA,1,100,0.250387
1755628858.763665,2577991.000,24027,1,EA,1,100,0.250297
1755628858.830166,2578057.500,24044,2,EA,1,100,0.251028
1755628858.896666,2578124.000,24044,2,EA,1,100,0.251572
1755628858.963667,2578191.000,24060,1,EA,1,100,0.251599
1755628859.030668,2578258.000,24076,2,EA,1,100,0.252164
1755628859.097669,2578325.000,24076,2,EA,1,100,0.252695
1755628859.163670,2578391.000,24092,1,EA,1,100,0.252879
1755628859.230171,2578457.500,24111,2,EA,1,100,0.252925
1755628859.296671,2578524.000,24111,2,EA,1,100,0.252631
1755628859.363672,2578591.000,24128,1,EA,1,100,0.252888
1755628859.430173,2578657.500,24143,2,EA,1,100,0.252998
1755628859.496674,2578724.000,24143,2,EA,1,100,0.252457
1755628859.563675,2578791.000,24161,1,EA,1,100,0.250766
1755628859.630175,2578857.500,24179,2,EA,1,100,0.247380
1755628859.696676,2578924.000,24179,2,EA,1,100,0.247433
1755628859.763677,2578991.000,24195,1,EA,1,100,0.249463
1755628859.830178,2579057.500,24211,2,EA,1,100,0.253136
1755628859.896679,2579124.000,24211,2,EA,1,100,0.256427
1755628859.963679,2579191.000,24226,1,EA,1,100,0.258858
1755628860.030180,2579257.500,24246,2,EA,1,100,0.257995
1755628860.096681,2579324.000,24246,2,EA,1,100,0.256929
1755628860.163682,2579391.000,24262,1,EA,1,100,0.256342
1755628860.230183,2579457.500,24278,2,EA,1,100,0.256220
1755628860.296684,2579524.000,24278,2,EA,1,100,0.255618
1755628860.363684,2579591.000,24294,2,EA,1,100,0.255000
1755628860.430685,2579658.000,24294,2,EA,1,100,0.254524
1755628860.496686,2579724.000,24313,1,EA,1,100,0.254283
1755628860.563687,2579791.000,24329,2,EA,1,100,0.255458
1755628860.630688,2579858.000,24329,2,EA,1,100,0.256229
1755628860.696688,2579924.000,24347,1,EA,1,100,0.256938
1755628860.763689,2579991.000,24361,2,EA,1,100,0.257537
1755628860.830690,2580058.000,24361,2,EA,1,100,0.257938
1755628860.896691,2580124.000,24378,1,EA,1,100,0.258532
1755628860.963692,2580191.000,24395,2,EA,1,100,0.259118
1755628861.030692,2580258.000,24395,2,EA,1,100,0.259089
1755628861.096693,2580324.000,24414,1,EA,1,100,0.258801
1755628861.163694,2580391.000,24428,2,EA,1,100,0.258685
1755628861.230695,2580458.000,24428,2,EA,1,100,0.258810
1755628861.296696,2580524.000,24445,1,EA,1,100,0.258743
1755628861.363697,2580591.000,24462,2,EA,1,100,0.257775
1755628861.430697,2580658.000,24462,2,EA,1,100,0.258628
1755628861.496698,2580724.000,24479,1,EA,1,100,0.259863
1755628861.563699,2580791.000,24497,2,EA,1,100,0.259611
1755628861.630700,2580858.000,24497,2,EA,1,100,0.259660
1755628861.697701,2580925.000,24515,1,EA,1,100,0.259640
1755628861.764201,2580991.500,24531,2,EA,1,100,0.259718
1755628861.830702,2581058.000,24531,2,EA,1,100,0.260554
1755628861.896703,2581124.000,24548,1,EA,1,100,0.260895
1755628861.963704,2581191.000,24565,2,EA,1,100,0.260759
1755628862.030705,2581258.000,24565,2,EA,1,100,0.260300
1755628862.096705,2581324.000,24582,1,EA,1,100,0.260437
1755628862.163206,2581390.500,24598,2,EA,1,100,0.260905
1755628862.229707,2581457.000,24598,2,EA,1,100,0.260554
1755628862.296708,2581524.000,24615,1,EA,1,100,0.260632
1755628862.363209,2581590.500,24633,2,EA,1,100,0.260651
1755628862.429709,2581657.000,24633,2,EA,1,100,0.260534
1755628862.496710,2581724.000,24651,1,EA,1,100,0.260632
1755628862.563211,2581790.500,24667,2,EA,1,100,0.260846
1755628862.629712,2581857.000,24667,2,EA,1,100,0.261189
1755628862.696713,2581924.000,24687,2,EA,1,100,0.261091
1755628862.763714,2581991.000,24687,2,EA,1,100,0.261326
1755628862.829714,2582057.000,24703,1,EA,1,100,0.261847
1755628862.896715,2582124.000,24718,2,EA,1,100,0.262855
1755628862.963716,2582191.000,24718,2,EA,1,100,0.263193
1755628863.029717,2582257.000,24735,1,EA,1,100,0.262905
1755628863.096718,2582324.000,24752,2,EA,1,100,0.263094
1755628863.163718,2582391.000,24752,2,EA,1,100,0.263353
1755628863.229719,2582457.000,24770,1,EA,1,100,0.263482
1755628863.296720,2582524.000,24788,2,EA,1,100,0.263382
1755628863.363721,2582591.000,24788,2,EA,1,100,0.263452
1755628863.430222,2582657.500,24809,2,EA,1,100,0.263462
1755628863.496722,2582724.000,24809,2,EA,1,100,0.263193
1755628863.563723,2582791.000,24826,1,EA,1,100,0.263223
1755628863.630224,2582857.500,24843,2,EA,1,100,0.263153
1755628863.696725,2582924.000,24843,2,EA,1,100,0.264352
1755628863.763726,2582991.000,24860,1,EA,1,100,0.265451
1755628863.830227,2583057.500,24876,2,EA,1,100,0.266090
1755628863.896727,2583124.000,24876,2,EA,1,100,0.264835
1755628863.963728,2583191.000,24893,1,EA,1,100,0.264815
1755628864.030229,2583257.500,24910,2,EA,1,100,0.265006
1755628864.096730,2583324.000,24910,2,EA,1,100,0.265400
1755628864.163731,2583391.000,24927,1,EA,1,100,0.265796
1755628864.230231,2583457.500,24941,2,EA,1,100,0.266121
1755628864.296732,2583524.000,24941,2,EA,1,100,0.266202
1755628864.363733,2583591.000,24959,1,EA,1,100,0.266457
1755628864.430234,2583657.500,24979,2,EA,1,100,0.266671
1755628864.496735,2583724.000,24979,2,EA,1,100,0.266784
1755628864.563735,2583791.000,24996,1,EA,1,100,0.266722
1755628864.630236,2583857.500,25012,2,EA,1,100,0.266732
1755628864.696737,2583924.000,25012,2,EA,1,100,0.266773
1755628864.763238,2583990.500,25028,2,EA,1,100,0.266712
1755628864.829739,2584057.000,25028,2,EA,1,100,0.266630
1755628864.896739,2584124.000,25044,1,EA,1,100,0.266263
1755628864.963240,2584190.500,25062,2,EA,1,100,0.266406
1755628865.029741,2584257.000,25062,2,EA,1,100,0.267511
1755628865.096742,2584324.000,25078,1,EA,1,100,0.268585
1755628865.163243,2584390.500,25093,2,EA,1,100,0.268885
1755628865.229744,2584457.000,25093,2,EA,1,100,0.268564
1755628865.296744,2584524.000,25111,1,EA,1,100,0.268502
1755628865.363245,2584590.500,25129,2,EA,1,100,0.268730
1755628865.429746,2584657.000,25129,2,EA,1,100,0.269031
1755628865.496747,2584724.000,25149,1,EA,1,100,0.269052
1755628865.563248,2584790.500,25164,2,EA,1,100,0.269083
1755628865.629748,2584857.000,25164,2,EA,1,100,0.269197
1755628865.696749,2584924.000,25181,1,EA,1,100,0.269062
1755628865.763250,2584990.500,25198,2,EA,1,100,0.269031
1755628865.829751,2585057.000,25198,2,EA,1,100,0.269249
1755628865.896752,2585124.000,25214,1,EA,1,100,0.269604
1755628865.963252,2585190.500,25230,2,EA,1,100,0.269708
1755628866.029753,2585257.000,25230,2,EA,1,100,0.270820
1755628866.096754,2585324.000,25246,1,EA,1,100,0.271644
1755628866.163255,2585390.500,25265,2,EA,1,100,0.271560
1755628866.229756,2585457.000,25265,2,EA,1,100,0.270652
1755628866.296757,2585524.000,25281,1,EA,1,100,0.268844
1755628866.363257,2585590.500,25299,2,EA,1,100,0.268647
1755628866.429758,2585657.000,25299,2,EA,1,100,0.268937
1755628866.496759,2585724.000,25315,1,EA,1,100,0.269333
1755628866.563260,2585790.500,25332,2,EA,1,100,0.269907
1755628866.629761,2585857.000,25332,2,EA,1,100,0.270778
1755628866.696761,2585924.000,25349,1,EA,1,100,0.272356
1755628866.763262,2585990.500,25365,2,EA,1,100,0.273609
1755628866.829763,2586057.000,25365,2,EA,1,100,0.273469
1755628866.896764,2586124.000,25380,1,EA,1,100,0.273415
1755628866.963265,2586190.500,25400,2,EA,1,100,0.272890
1755628867.029765,2586257.000,25400,2,EA,1,100,0.272623
1755628867.096766,2586324.000,25416,1,EA,1,100,0.272933
1755628867.163267,2586390.500,25432,2,EA,1,100,0.273051
1755628867.229768,2586457.000,25432,2,EA,1,100,0.273169
1755628867.296269,2586523.500,25450,2,EA,1,100,0.273351
1755628867.362769,2586590.000,25450,2,EA,1,100,0.273405
1755628867.429770,2586657.000,25469,1,EA,1,100,0.273469
1755628867.496271,2586723.500,25485,2,EA,1,100,0.273673
1755628867.562772,2586790.000,25485,2,EA,1,100,0.274018
1755628867.629773,2586857.000,25502,1,EA,1,100,0.274472
1755628867.696274,2586923.500,25517,2,EA,1,100,0.274688
1755628867.762774,2586990.000,25517,2,EA,1,100,0.274916
1755628867.829775,2587057.000,25534,1,EA,1,100,0.276060
1755628867.896276,2587123.500,25550,2,EA,1,100,0.277934
1755628867.962777,2587190.000,25550,2,EA,1,100,0.277579
1755628868.029778,2587257.000,25570,1,EA,1,100,0.276532
1755628868.096278,2587323.500,25584,2,EA,1,100,0.275471
1755628868.162779,2587390.000,25584,2,EA,1,100,0.275580
1755628868.229780,2587457.000,25601,1,EA,1,100,0.276214
1755628868.296281,2587523.500,25618,2,EA,1,100,0.276170
1755628868.362782,2587590.000,25618,2,EA,1,100,0.277226
1755628868.429782,2587657.000,25637,1,EA,1,100,0.276851
1755628868.496450,2587723.667,25655,3,EA,1,100,0.275875
1755628868.563117,2587790.333,25655,3,EA,1,100,0.275471
1755628868.629785,2587857.000,25655,3,EA,1,100,0.273630
1755628868.696286,2587923.500,25672,2,EA,1,100,0.272730
1755628868.762786,2587990.000,25672,2,EA,1,100,0.273996
1755628868.829787,2588057.000,25689,1,EA,1,100,0.275318
1755628868.896288,2588123.500,25703,2,EA,1,100,0.276576
1755628868.962789,2588190.000,25703,2,EA,1,100,0.277502
1755628869.029790,2588257.000,25721,1,EA,1,100,0.278523
1755628869.096291,2588323.500,25739,2,EA,1,100,0.278858
1755628869.162791,2588390.000,25739,2,EA,1,100,0.277878
1755628869.229792,2588457.000,25756,1,EA,1,100,0.278601
1755628869.296293,2588523.500,25773,2,EA,1,100,0.280002
1755628869.362794,2588590.000,25773,2,EA,1,100,0.279541
1755628869.429795,2588657.000,25792,1,EA,1,100,0.278891
1755628869.496295,2588723.500,25808,2,EA,1,100,0.278378
1755628869.562796,2588790.000,25808,2,EA,1,100,0.279754
1755628869.629797,2588857.000,25825,1,EA,1,100,0.280363
1755628869.696298,2588923.500,25842,2,EA,1,100,0.279575
1755628869.762799,2588990.000,25842,2,EA,1,100,0.279990
1755628869.829799,2589057.000,25859,1,EA,1,100,0.280736
1755628869.896300,2589123.500,25875,2,EA,1,100,0.281382
1755628869.962801,2589190.000,25875,2,EA,1,100,0.281701
1755628870.029802,2589257.000,25895,1,EA,1,100,0.281098
1755628870.096303,2589323.500,25910,2,EA,1,100,0.280917
1755628870.162804,2589390.000,25910,2,EA,1,100,0.281553
1755628870.229804,2589457.000,25928,1,EA,1,100,0.282158
1755628870.296305,2589523.500,25945,2,EA,1,100,0.281462
1755628870.362806,2589590.000,25945,2,EA,1,100,0.278824
1755628870.429307,2589656.500,25962,2,EA,1,100,0.279059
1755628870.495808,2589723.000,25962,2,EA,1,100,0.281462
1755628870.562808,2589790.000,25978,1,EA,1,100,0.282972
1755628870.629309,2589856.500,25996,2,EA,1,100,0.282432
1755628870.695810,2589923.000,25996,2,EA,1,100,0.281451
1755628870.762811,2589990.000,26012,1,EA,1,100,0.281337
1755628870.829312,2590056.500,26029,2,EA,1,100,0.281553
1755628870.895812,2590123.000,26029,2,EA,1,100,0.282055
1755628870.962813,2590190.000,26045,1,EA,1,100,0.281804
1755628871.029314,2590256.500,26061,2,EA,1,100,0.279968
1755628871.095815,2590323.000,26061,2,EA,1,100,0.279350
1755628871.162816,2590390.000,26077,1,EA,1,100,0.278869
1755628871.229316,2590456.500,26096,2,EA,1,100,0.278858
1755628871.295817,2590523.000,26096,2,EA,1,100,0.282066
1755628871.362818,2590590.000,26113,1,EA,1,100,0.283849
1755628871.429319,2590656.500,26128,2,EA,1,100,0.284661
1755628871.495820,2590723.000,26128,2,EA,1,100,0.287827
1755628871.562821,2590790.000,26144,1,EA,1,100,0.290384
1755628871.629321,2590856.500,26164,2,EA,1,100,0.287803
1755628871.695822,2590923.000,26164,2,EA,1,100,0.284743
1755628871.762823,2590990.000,26180,1,EA,1,100,0.283756
1755628871.829324,2591056.500,26195,2,EA,1,100,0.281963
1755628871.895825,2591123.000,26195,2,EA,1,100,0.281941
1755628871.962825,2591190.000,26211,1,EA,1,100,0.280611
1755628872.029326,2591256.500,26229,2,EA,1,100,0.282101
1755628872.095827,2591323.000,26229,2,EA,1,100,0.286418
1755628872.162828,2591390.000,26245,1,EA,1,100,0.291185
1755628872.229329,2591456.500,26263,2,EA,1,100,0.290311
1755628872.295829,2591523.000,26263,2,EA,1,100,0.289142
1755628872.362830,2591590.000,26281,1,EA,1,100,0.288303
1755628872.429331,2591656.500,26300,2,EA,1,100,0.284929
1755628872.495832,2591723.000,26300,2,EA,1,100,0.276104
1755628872.562833,2591790.000,26316,1,EA,1,100,0.266243
1755628872.629334,2591856.500,26333,2,EA,1,100,0.269917
1755628872.695834,2591923.000,26333,2,EA,1,100,0.285677
1755628872.762335,2591989.500,26348,2,EA,1,100,0.295775
1755628872.828836,2592056.000,26348,2,EA,1,100,0.291881
1755628872.895837,2592123.000,26365,1,EA,1,100,0.287815
1755628872.962338,2592189.500,26382,2,EA,1,100,0.286961
1755628873.028838,2592256.000,26382,2,EA,1,100,0.286335
1755628873.095839,2592323.000,26401,1,EA,1,100,0.286394
1755628873.162340,2592389.500,26415,2,EA,1,100,0.284324
1755628873.228841,2592456.000,26415,2,EA,1,100,0.284301
1755628873.295842,2592523.000,26432,1,EA,1,100,0.285818
1755628873.362342,2592589.500,26449,2,EA,1,100,0.291234
1755628873.428843,2592656.000,26449,2,EA,1,100,0.293765
1755628873.495844,2592723.000,26466,1,EA,1,100,0.295523
1755628873.562345,2592789.500,26482,2,EA,1,100,0.294113
1755628873.628846,2592856.000,26482,2,EA,1,100,0.290966
1755628873.695846,2592923.000,26507,1,EA,1,100,0.289466
1755628873.762347,2592989.500,26523,2,EA,1,100,0.289599
1755628873.828848,2593056.000,26523,2,EA,1,100,0.290978
1755628873.895849,2593123.000,26540,1,EA,1,100,0.291954
1755628873.962350,2593189.500,26555,2,EA,1,100,0.292839
1755628874.028851,2593256.000,26555,2,EA,1,100,0.293617
1755628874.095851,2593323.000,26576,1,EA,1,100,0.292371
1755628874.162352,2593389.500,26592,2,EA,1,100,0.291137
1755628874.228853,2593456.000,26592,2,EA,1,100,0.290553
1755628874.295854,2593523.000,26609,1,EA,1,100,0.290869
1755628874.362355,2593589.500,26624,2,EA,1,100,0.291063
1755628874.428855,2593656.000,26624,2,EA,1,100,0.291832
1755628874.495856,2593723.000,26641,1,EA,1,100,0.292752
1755628874.562357,2593789.500,26659,2,EA,1,100,0.292617
1755628874.628858,2593856.000,26659,2,EA,1,100,0.290614
1755628874.695859,2593923.000,26677,1,EA,1,100,0.288554
1755628874.762359,2593989.500,26692,2,EA,1,100,0.286724
1755628874.828860,2594056.000,26692,2,EA,1,100,0.281269
1755628874.895861,2594123.000,26708,1,EA,1,100,0.283860
1755628874.962362,2594189.500,26725,2,EA,1,100,0.289214
1755628875.028863,2594256.000,26725,2,EA,1,100,0.292679
1755628875.095864,2594323.000,26742,2,EA,1,100,0.295448
1755628875.162864,2594390.000,26742,2,EA,1,100,0.298003
1755628875.228865,2594456.000,26760,1,EA,1,100,0.300368
1755628875.295366,2594522.500,26776,2,EA,1,100,0.302890
1755628875.361867,2594589.000,26776,2,EA,1,100,0.302627
1755628875.428868,2594656.000,26794,1,EA,1,100,0.299425
1755628875.495368,2594722.500,26811,2,EA,1,100,0.295360
1755628875.561869,2594789.000,26811,2,EA,1,100,0.293135
1755628875.628870,2594856.000,26827,1,EA,1,100,0.291722
1755628875.695371,2594922.500,26843,2,EA,1,100,0.290626
1755628875.761872,2594989.000,26843,2,EA,1,100,0.290517
1755628875.828872,2595056.000,26859,1,EA,1,100,0.288435
1755628875.895373,2595122.500,26876,2,EA,1,100,0.286571
1755628875.961874,2595189.000,26876,2,EA,1,100,0.287589
1755628876.028875,2595256.000,26893,1,EA,1,100,0.289948
1755628876.095376,2595322.500,26910,2,EA,1,100,0.291429
1755628876.161876,2595389.000,26910,2,EA,1,100,0.296253
1755628876.228877,2595456.000,26926,1,EA,1,100,0.298693
1755628876.295378,2595522.500,26944,2,EA,1,100,0.296796
1755628876.361879,2595589.000,26944,2,EA,1,100,0.297150
1755628876.428880,2595656.000,26960,1,EA,1,100,0.297837
1755628876.495381,2595722.500,26975,2,EA,1,100,0.301984
1755628876.561881,2595789.000,26975,2,EA,1,100,0.307031
1755628876.628882,2595856.000,26991,1,EA,1,100,0.309790
1755628876.695383,2595922.500,27009,2,EA,1,100,0.312474
1755628876.761884,2595989.000,27009,2,EA,1,100,0.315719
1755628876.828885,2596056.000,27025,1,EA,1,100,2.793376
1755628876.895385,2596122.500,27043,2,EA,1,100,10000.000000
1755628876.961886,2596189.000,27043,2,EA,1,100,0.664066
1755628877.028887,2596256.000,27059,1,EA,1,100,0.398774
1755628877.095388,2596322.500,27078,2,EA,1,100,0.358415
1755628877.161889,2596389.000,27078,2,EA,1,100,0.340334
1755628877.228889,2596456.000,27094,1,EA,1,100,0.327773
1755628877.295390,2596522.500,27111,2,EA,1,100,0.320559
1755628877.361891,2596589.000,27111,2,EA,1,100,0.316681
1755628877.428892,2596656.000,27128,2,EA,1,100,0.314109
1755628877.495893,2596723.000,27128,2,EA,1,100,0.312544
1755628877.561894,2596789.000,27145,1,EA,1,100,0.311984
1755628877.628894,2596856.000,27162,2,EA,1,100,0.311328
1755628877.695895,2596923.000,27162,2,EA,1,100,0.309846
1755628877.761896,2596989.000,27179,1,EA,1,100,0.308036
1755628877.828897,2597056.000,27193,2,EA,1,100,0.304826
1755628877.895898,2597123.000,27193,2,EA,1,100,0.302141
1755628877.961898,2597189.000,27210,1,EA,1,100,0.299851
1755628878.028899,2597256.000,27227,2,EA,1,100,0.299001
1755628878.095900,2597323.000,27227,2,EA,1,100,0.301278
1755628878.161901,2597389.000,27244,1,EA,1,100,0.305549
1755628878.228902,2597456.000,27260,2,EA,1,100,0.309915
1755628878.295902,2597523.000,27260,2,EA,1,100,0.311663
1755628878.361903,2597589.000,27278,1,EA,1,100,0.312236
1755628878.428904,2597656.000,27294,2,EA,1,100,0.313106
1755628878.495905,2597723.000,27294,2,EA,1,100,0.314052
1755628878.561906,2597789.000,27311,1,EA,1,100,0.313628
1755628878.628906,2597856.000,27326,2,EA,1,100,0.311621
1755628878.695907,2597923.000,27326,2,EA,1,100,0.308404
1755628878.761908,2597989.000,27348,1,EA,1,100,0.307737
1755628878.828409,2598055.500,27364,2,EA,1,100,0.310370
1755628878.894910,2598122.000,27364,2,EA,1,100,0.321759
1755628878.961911,2598189.000,27381,1,EA,1,100,0.347693
1755628879.028411,2598255.500,27396,2,EA,1,100,0.318084
1755628879.094912,2598322.000,27396,2,EA,1,100,0.311481
1755628879.161913,2598389.000,27413,1,EA,1,100,0.313275
1755628879.228414,2598455.500,27431,2,EA,1,100,0.309818
1755628879.294915,2598522.000,27431,2,EA,1,100,0.309749
1755628879.361915,2598589.000,27449,1,EA,1,100,0.310925
1755628879.428416,2598655.500,27464,2,EA,1,100,0.309199
1755628879.494917,2598722.000,27464,2,EA,1,100,0.308610
1755628879.561918,2598789.000,27480,1,EA,1,100,0.308596
1755628879.628419,2598855.500,27497,2,EA,1,100,0.308678
1755628879.694919,2598922.000,27497,2,EA,1,100,0.308815
1755628879.761920,2598989.000,27514,2,EA,1,100,0.308842
1755628879.828921,2599056.000,27514,2,EA,1,100,0.308842
1755628879.894922,2599122.000,27530,1,EA,1,100,0.309213
1755628879.961923,2599189.000,27546,2,EA,1,100,0.309680
1755628880.028924,2599256.000,27546,2,EA,1,100,0.309446
1755628880.094924,2599322.000,27562,1,EA,1,100,0.309446
1755628880.161925,2599389.000,27581,2,EA,1,100,0.308993
1755628880.228926,2599456.000,27581,2,EA,1,100,0.309020
1755628880.294927,2599522.000,27597,1,EA,1,100,0.309474
1755628880.361928,2599589.000,27613,2,EA,1,100,0.309846
1755628880.428928,2599656.000,27613,2,EA,1,100,0.309790
1755628880.494929,2599722.000,27629,1,EA,1,100,0.309997
1755628880.561930,2599789.000,27646,2,EA,1,100,0.309956
1755628880.628931,2599856.000,27646,2,EA,1,100,0.310080
1755628880.694932,2599922.000,27663,1,EA,1,100,0.310274
1755628880.761932,2599989.000,27678,2,EA,1,100,0.310274
1755628880.828933,2600056.000,27678,2,EA,1,100,0.310467
1755628880.894934,2600122.000,27694,1,EA,1,100,0.310855
1755628880.961935,2600189.000,27712,2,EA,1,100,0.310869
1755628881.028936,2600256.000,27712,2,EA,1,100,0.310994
1755628881.094936,2600322.000,27728,1,EA,1,100,0.311147
1755628881.161937,2600389.000,27745,2,EA,1,100,0.311245
1755628881.228938,2600456.000,27745,2,EA,1,100,0.311537
1755628881.294939,2600522.000,27761,1,EA,1,100,0.311523
1755628881.361940,2600589.000,27779,2,EA,1,100,0.311523
1755628881.428941,2600656.000,27779,2,EA,1,100,0.311900
1755628881.495441,2600722.500,27795,2,EA,1,100,0.311942
1755628881.561942,2600789.000,27795,2,EA,1,100,0.311886
1755628881.628943,2600856.000,27812,1,EA,1,100,0.312082
1755628881.695444,2600922.500,27827,2,EA,1,100,0.312292
1755628881.761945,2600989.000,27827,2,EA,1,100,0.312390
1755628881.828945,2601056.000,27844,1,EA,1,100,0.312628
1755628881.895446,2601122.500,27860,2,EA,1,100,0.312783
1755628881.961947,2601189.000,27860,2,EA,1,100,0.312853
1755628882.028948,2601256.000,27878,1,EA,1,100,0.313106
1755628882.095449,2601322.500,27892,2,EA,1,100,0.313219
1755628882.161949,2601389.000,27892,2,EA,1,100,0.313289
1755628882.228950,2601456.000,27909,1,EA,1,100,0.313557
1755628882.295451,2601522.500,27928,2,EA,1,100,0.313699
1755628882.361952,2601589.000,27928,2,EA,1,100,0.314067
1755628882.428953,2601656.000,27947,1,EA,1,100,0.314166
1755628882.495454,2601722.500,27961,2,EA,1,100,0.314237
1755628882.561954,2601789.000,27961,2,EA,1,100,0.314123
1755628882.627955,2601855.000,27978,1,EA,1,100,0.314293
1755628882.694956,2601922.000,27995,2,EA,1,100,0.314720
1755628882.761957,2601989.000,27995,2,EA,1,100,0.315004
1755628882.828958,2602056.000,28012,1,EA,1,100,0.315119
1755628882.895458,2602122.500,28026,2,EA,1,100,0.315090
1755628882.961959,2602189.000,28026,2,EA,1,100,0.315090
1755628883.027960,2602255.000,28044,1,EA,1,100,0.315347
1755628883.094961,2602322.000,28060,2,EA,1,100,0.315304
1755628883.161962,2602389.000,28060,2,EA,1,100,0.315518
1755628883.228962,2602456.000,28079,1,EA,1,100,0.316020
1755628883.295463,2602522.500,28094,2,EA,1,100,0.316134
1755628883.361964,2602589.000,28094,2,EA,1,100,0.316407
1755628883.427965,2602655.000,28111,1,EA,1,100,0.316522
1755628883.494966,2602722.000,28127,2,EA,1,100,0.316292
1755628883.561966,2602789.000,28127,2,EA,1,100,0.316580
1755628883.627967,2602855.000,28144,1,EA,1,100,0.316810
1755628883.694968,2602922.000,28160,2,EA,1,100,0.317215
1755628883.761969,2602989.000,28160,2,EA,1,100,0.317620
1755628883.828470,2603055.500,28176,2,EA,1,100,0.317953
1755628883.894971,2603122.000,28176,2,EA,1,100,0.318099
1755628883.961971,2603189.000,28197,1,EA,1,100,0.318273
1755628884.028472,2603255.500,28215,2,EA,1,100,0.318492
1755628884.094973,2603322.000,28215,2,EA,1,100,0.318477
1755628884.161974,2603389.000,28231,1,EA,1,100,0.318128
1755628884.228475,2603455.500,28246,2,EA,1,100,0.319061
1755628884.294975,2603522.000,28246,2,EA,1,100,0.319676
1755628884.361976,2603589.000,28265,1,EA,1,100,0.318594
1755628884.428477,2603655.500,28282,2,EA,1,100,0.319075
1755628884.494978,2603722.000,28282,2,EA,1,100,0.319529
1755628884.561979,2603789.000,28298,1,EA,1,100,0.319691
1755628884.628479,2603855.500,28314,2,EA,1,100,0.319970
1755628884.694980,2603922.000,28314,2,EA,1,100,0.320146
1755628884.761981,2603989.000,28330,1,EA,1,100,0.320323
1755628884.828482,2604055.500,28347,2,EA,1,100,0.320574
1755628884.894983,2604122.000,28347,2,EA,1,100,0.320796
1755628884.961984,2604189.000,28363,1,EA,1,100,0.320958
1755628885.028484,2604255.500,28379,2,EA,1,100,0.321166
1755628885.094985,2604322.000,28379,2,EA,1,100,0.321121
1755628885.161986,2604389.000,28395,1,EA,1,100,0.321269
1755628885.228487,2604455.500,28412,2,EA,1,100,0.321269
1755628885.294988,2604522.000,28412,2,EA,1,100,0.321566
1755628885.361988,2604589.000,28429,1,EA,1,100,0.321819
1755628885.428489,2604655.500,28446,2,EA,1,100,0.322221
1755628885.494990,2604722.000,28446,2,EA,1,100,0.322340
1755628885.561991,2604789.000,28462,1,EA,1,100,0.322534
1755628885.628492,2604855.500,28480,2,EA,1,100,0.322684
1755628885.694992,2604922.000,28480,2,EA,1,100,0.322968
1755628885.760993,2604988.000,28496,1,EA,1,100,0.322998
1755628885.827994,2605055.000,28512,2,EA,1,100,0.323133
1755628885.894995,2605122.000,28512,2,EA,1,100,0.323433
1755628885.961996,2605189.000,28527,1,EA,1,100,0.323704
1755628886.028496,2605255.500,28545,2,EA,1,100,0.323704
1755628886.094997,2605322.000,28545,2,EA,1,100,0.324020
1755628886.161498,2605388.500,28561,2,EA,1,100,0.324096
1755628886.227999,2605455.000,28561,2,EA,1,100,0.324081
1755628886.295000,2605522.000,28578,1,EA,1,100,0.324096
1755628886.361501,2605588.500,28593,2,EA,1,100,0.324383
1755628886.428001,2605655.000,28593,2,EA,1,100,0.324534
1755628886.495002,2605722.000,28612,1,EA,1,100,0.325140
1755628886.561503,2605788.500,28628,2,EA,1,100,0.325657
1755628886.628004,2605855.000,28628,2,EA,1,100,0.325718
1755628886.695005,2605922.000,28646,1,EA,1,100,0.325733
1755628886.761505,2605988.500,28660,2,EA,1,100,0.325855
1755628886.828006,2606055.000,28660,2,EA,1,100,0.325870
1755628886.895007,2606122.000,28677,1,EA,1,100,0.325916
1755628886.961508,2606188.500,28694,2,EA,1,100,0.326191
1755628887.028009,2606255.000,28694,2,EA,1,100,0.326482
1755628887.095009,2606322.000,28711,1,EA,1,100,0.326742
1755628887.161510,2606388.500,28725,2,EA,1,100,0.327434
1755628887.228011,2606455.000,28725,2,EA,1,100,0.327819
1755628887.295012,2606522.000,28742,1,EA,1,100,0.326712
1755628887.361513,2606588.500,28763,2,EA,1,100,0.326451
1755628887.428014,2606655.000,28763,2,EA,1,100,0.327295
1755628887.495014,2606722.000,28780,1,EA,1,100,0.327603
1755628887.561515,2606788.500,28794,2,EA,1,100,0.328082
1755628887.628016,2606855.000,28794,2,EA,1,100,0.328298
1755628887.695017,2606922.000,28812,1,EA,1,100,0.328438
1755628887.761518,2606988.500,28828,2,EA,1,100,0.328376
1755628887.828018,2607055.000,28828,2,EA,1,100,0.328794
1755628887.895019,2607122.000,28845,1,EA,1,100,0.328794
1755628887.961520,2607188.500,28863,2,EA,1,100,0.328701
1755628888.028021,2607255.000,28863,2,EA,1,100,0.328981
1755628888.095022,2607322.000,28879,1,EA,1,100,0.329308
1755628888.161522,2607388.500,28895,2,EA,1,100,0.329292
1755628888.228023,2607455.000,28895,2,EA,1,100,0.329495
1755628888.295024,2607522.000,28912,1,EA,1,100,0.329822
1755628888.361525,2607588.500,28928,2,EA,1,100,0.329916
1755628888.428026,2607655.000,28928,2,EA,1,100,0.329994
1755628888.494526,2607721.500,28946,2,EA,1,100,0.330323
1755628888.561027,2607788.000,28946,2,EA,1,100,0.330449
1755628888.628028,2607855.000,28962,1,EA,1,100,0.330511
1755628888.694529,2607921.500,28980,2,EA,1,100,0.330810
1755628888.761030,2607988.000,28980,2,EA,1,100,0.330983
1755628888.828031,2608055.000,28998,1,EA,1,100,0.330920
1755628888.894531,2608121.500,29013,2,EA,1,100,0.330951
1755628888.961032,2608188.000,29013,2,EA,1,100,0.331361
1755628889.028033,2608255.000,29035,1,EA,1,100,0.331597
1755628889.094534,2608321.500,29052,2,EA,1,100,0.331755
1755628889.161035,2608388.000,29052,2,EA,1,100,0.332024
1755628889.228035,2608455.000,29068,1,EA,1,100,0.332278
1755628889.294536,2608521.500,29084,2,EA,1,100,0.332405
1755628889.361037,2608588.000,29084,2,EA,1,100,0.332532
1755628889.428038,2608655.000,29100,1,EA,1,100,0.332754
1755628889.494539,2608721.500,29117,2,EA,1,100,0.332914
1755628889.561039,2608788.000,29117,2,EA,1,100,0.333073
1755628889.628040,2608855.000,29135,1,EA,1,100,0.333360
1755628889.694541,2608921.500,29153,2,EA,1,100,0.333519
1755628889.761042,2608988.000,29153,2,EA,1,100,0.333615
1755628889.828043,2609055.000,29169,1,EA,1,100,0.333967
1755628889.894544,2609121.500,29188,2,EA,1,100,0.334176
1755628889.961044,2609188.000,29188,2,EA,1,100,0.334160
1755628890.028045,2609255.000,29205,1,EA,1,100,0.334481
1755628890.094546,2609321.500,29220,2,EA,1,100,0.334867
1755628890.161047,2609388.000,29220,2,EA,1,100,0.335125
1755628890.228048,2609455.000,29236,1,EA,1,100,0.335222
1755628890.294548,2609521.500,29256,2,EA,1,100,0.335335
1755628890.361049,2609588.000,29256,2,EA,1,100,0.335577
1755628890.428050,2609655.000,29274,1,EA,1,100,0.335626
1755628890.494551,2609721.500,29290,2,EA,1,100,0.335707
1755628890.561052,2609788.000,29290,2,EA,1,100,0.335885
1755628890.628052,2609855.000,29305,1,EA,1,100,0.336031
1755628890.694553,2609921.500,29323,2,EA,1,100,0.336014
1755628890.761054,2609988.000,29323,2,EA,1,100,0.336534
1755628890.828055,2610055.000,29339,1,EA,1,100,0.336827
1755628890.894556,2610121.500,29357,2,EA,1,100,0.336925
1755628890.961056,2610188.000,29357,2,EA,1,100,0.337023
1755628891.027557,2610254.500,29373,2,EA,1,100,0.337268
1755628891.094058,2610321.000,29373,2,EA,1,100,0.337382
1755628891.161059,2610388.000,29390,1,EA,1,100,0.337578
1755628891.227560,2610454.500,29406,2,EA,1,100,0.337693
1755628891.294061,2610521.000,29406,2,EA,1,100,0.338005
1755628891.361061,2610588.000,29424,1,EA,1,100,0.338054
1755628891.427562,2610654.500,29438,2,EA,1,100,0.338234
1755628891.494063,2610721.000,29438,2,EA,1,100,0.338432
1755628891.561064,2610788.000,29457,1,EA,1,100,0.338646
1755628891.627565,2610854.500,29474,2,EA,1,100,0.338745
1755628891.694065,2610921.000,29474,2,EA,1,100,0.338811
1755628891.761066,2610988.000,29491,1,EA,1,100,0.339075
1755628891.827567,2611054.500,29505,2,EA,1,100,0.339339
1755628891.894068,2611121.000,29505,2,EA,1,100,0.339620
1755628891.961069,2611188.000,29524,1,EA,1,100,0.339620
1755628892.027569,2611254.500,29541,2,EA,1,100,0.339504
1755628892.094070,2611321.000,29541,2,EA,1,100,0.339919
1755628892.161071,2611388.000,29558,1,EA,1,100,0.340334
1755628892.227572,2611454.500,29574,2,EA,1,100,0.340168
1755628892.294073,2611521.000,29574,2,EA,1,100,0.340201
1755628892.361074,2611588.000,29592,1,EA,1,100,0.340268
1755628892.427574,2611654.500,29610,2,EA,1,100,0.340684
1755628892.494075,2611721.000,29610,2,EA,1,100,0.340784
1755628892.561076,2611788.000,29629,1,EA,1,100,0.340834
1755628892.627577,2611854.500,29644,2,EA,1,100,0.340867
1755628892.694078,2611921.000,29644,2,EA,1,100,0.341352
1755628892.761078,2611988.000,29663,1,EA,1,100,0.342124
1755628892.827579,2612054.500,29681,2,EA,1,100,0.342326
1755628892.894080,2612121.000,29681,2,EA,1,100,0.342006
1755628892.961081,2612188.000,29698,1,EA,1,100,0.341922
1755628893.027582,2612254.500,29716,2,EA,1,100,0.342359
1755628893.094082,2612321.000,29716,2,EA,1,100,0.342426
1755628893.161083,2612388.000,29732,1,EA,1,100,0.341771
1755628893.227584,2612454.500,29748,2,EA,1,100,0.341235
1755628893.294085,2612521.000,29748,2,EA,1,100,0.341872
1755628893.361086,2612588.000,29766,1,EA,1,100,0.342460
1755628893.427586,2612654.500,29783,2,EA,1,100,0.341620
1755628893.494087,2612721.000,29783,2,EA,1,100,0.340517
1755628893.560588,2612787.500,29799,2,EA,1,100,0.342595
1755628893.627089,2612854.000,29799,2,EA,1,100,0.345588
1755628893.694090,2612921.000,29816,1,EA,1,100,0.347572
1755628893.760591,2612987.500,29833,2,EA,1,100,0.348861
1755628893.827091,2613054.000,29833,2,EA,1,100,0.348093
1755628893.894092,2613121.000,29853,1,EA,1,100,0.345828
1755628893.960593,2613187.500,29869,2,EA,1,100,0.343694
1755628894.027094,2613254.000,29869,2,EA,1,100,0.339902
1755628894.094095,2613321.000,29885,1,EA,1,100,0.334561
1755628894.160595,2613387.500,29907,2,EA,1,100,0.336177
1755628894.227096,2613454.000,29907,2,EA,1,100,0.345365
1755628894.294097,2613521.000,29923,1,EA,1,100,0.361635
1755628894.360598,2613587.500,29939,2,EA,1,100,0.354473
1755628894.427099,2613654.000,29939,2,EA,1,100,0.350106
1755628894.494099,2613721.000,29955,1,EA,1,100,0.352588
1755628894.560600,2613787.500,29972,2,EA,1,100,0.350441
1755628894.627101,2613854.000,29972,2,EA,1,100,0.347537
1755628894.694102,2613921.000,29989,1,EA,1,100,0.347294
1755628894.760603,2613987.500,30006,2,EA,1,100,0.347503
1755628894.827104,2614054.000,30006,2,EA,1,100,0.347364
1755628894.894104,2614121.000,30022,1,EA,1,100,0.347468
1755628894.960605,2614187.500,30040,2,EA,1,100,0.347780
1755628895.027106,2614254.000,30040,2,EA,1,100,0.348024
1755628895.094107,2614321.000,30056,1,EA,1,100,0.348267
1755628895.160608,2614387.500,30071,2,EA,1,100,0.348773
1755628895.227108,2614454.000,30071,2,EA,1,100,0.348773
1755628895.294109,2614521.000,30089,1,EA,1,100,0.348808
1755628895.360610,2614587.500,30107,2,EA,1,100,0.349316
1755628895.427111,2614654.000,30107,2,EA,1,100,0.349579
1755628895.494112,2614721.000,30123,1,EA,1,100,0.350512
1755628895.560612,2614787.500,30139,2,EA,1,100,0.352767
1755628895.627113,2614854.000,30139,2,EA,1,100,0.352731
1755628895.694114,2614921.000,30157,1,EA,1,100,0.350865
1755628895.760615,2614987.500,30176,2,EA,1,100,0.347919
1755628895.827116,2615054.000,30176,2,EA,1,100,0.348721
1755628895.893616,2615120.500,30192,2,EA,1,100,0.357697
1755628895.960117,2615187.000,30192,2,EA,1,100,0.369701
1755628896.027118,2615254.000,30210,1,EA,1,100,0.369504
1755628896.093619,2615320.500,30226,2,EA,1,100,0.346448
1755628896.160120,2615387.000,30226,2,EA,1,100,0.335885
1755628896.227121,2615454.000,30243,1,EA,1,100,0.352196
1755628896.293621,2615520.500,30260,2,EA,1,100,0.356014
1755628896.360122,2615587.000,30260,2,EA,1,100,0.348581
1755628896.427123,2615654.000,30277,1,EA,1,100,0.346430
1755628896.493624,2615720.500,30291,2,EA,1,100,0.346448
1755628896.560125,2615787.000,30291,2,EA,1,100,0.345931
1755628896.627125,2615854.000,30308,1,EA,1,100,0.350565
1755628896.693626,2615920.500,30325,2,EA,1,100,0.351237
1755628896.760127,2615987.000,30325,2,EA,1,100,0.351219
1755628896.827128,2616054.000,30342,1,EA,1,100,0.352410
1755628896.893629,2616120.500,30358,2,EA,1,100,0.353000
1755628896.960129,2616187.000,30358,2,EA,1,100,0.352696
1755628897.027130,2616254.000,30376,1,EA,1,100,0.353143
1755628897.093631,2616320.500,30392,2,EA,1,100,0.354239
1755628897.160132,2616387.000,30392,2,EA,1,100,0.354582
1755628897.227133,2616454.000,30411,1,EA,1,100,0.353951
1755628897.293634,2616520.500,30426,2,EA,1,100,0.354059
1755628897.360134,2616587.000,30426,2,EA,1,100,0.354437
1755628897.427135,2616654.000,30447,1,EA,1,100,0.354401
1755628897.493636,2616720.500,30463,2,EA,1,100,0.354582
1755628897.560137,2616787.000,30463,2,EA,1,100,0.354835
1755628897.627138,2616854.000,30480,1,EA,1,100,0.354853
1755628897.693638,2616920.500,30496,2,EA,1,100,0.355106
1755628897.760139,2616987.000,30496,2,EA,1,100,0.355287
1755628897.827140,2617054.000,30514,1,EA,1,100,0.355396
1755628897.893641,2617120.500,30530,2,EA,1,100,0.355559
1755628897.960142,2617187.000,30530,2,EA,1,100,0.355923
1755628898.027142,2617254.000,30548,2,EA,1,100,0.356196
1755628898.094143,2617321.000,30548,2,EA,1,100,0.356488
1755628898.160144,2617387.000,30564,1,EA,1,100,0.356707
1755628898.227145,2617454.000,30581,2,EA,1,100,0.356725
1755628898.294146,2617521.000,30581,2,EA,1,100,0.356671
1755628898.360146,2617587.000,30598,1,EA,1,100,0.356853
1755628898.427147,2617654.000,30615,2,EA,1,100,0.357293
1755628898.494148,2617721.000,30615,2,EA,1,100,0.357568
1755628898.560149,2617787.000,30631,1,EA,1,100,0.357770
1755628898.626650,2617853.500,30649,2,EA,1,100,0.357899
1755628898.693151,2617920.000,30649,2,EA,1,100,0.357954
1755628898.760151,2617987.000,30667,1,EA,1,100,0.358304
1755628898.827152,2618054.000,30684,2,EA,1,100,0.358360
1755628898.894153,2618121.000,30684,2,EA,1,100,0.358599
1755628898.960154,2618187.000,30700,1,EA,1,100,0.358618
1755628899.026655,2618253.500,30716,2,EA,1,100,0.358747
1755628899.093155,2618320.000,30716,2,EA,1,100,0.358636
1755628899.160156,2618387.000,30732,1,EA,1,100,0.358415
1755628899.227157,2618454.000,30754,2,EA,1,100,0.358360
1755628899.294158,2618521.000,30754,2,EA,1,100,0.358932
1755628899.360159,2618587.000,30771,1,EA,1,100,0.359395
1755628899.426659,2618653.500,30786,2,EA,1,100,0.359934
1755628899.493160,2618720.000,30786,2,EA,1,100,0.360325
1755628899.560161,2618787.000,30802,1,EA,1,100,0.360661
1755628899.627162,2618854.000,30820,2,EA,1,100,0.360792
1755628899.694163,2618921.000,30820,2,EA,1,100,0.360979
1755628899.760164,2618987.000,30838,1,EA,1,100,0.360961
1755628899.826664,2619053.500,30856,2,EA,1,100,0.360998
1755628899.893165,2619120.000,30856,2,EA,1,100,0.361185
1755628899.960166,2619187.000,30871,1,EA,1,100,0.361429
1755628900.026667,2619253.500,30889,2,EA,1,100,0.361504
1755628900.093168,2619320.000,30889,2,EA,1,100,0.361805
1755628900.160168,2619387.000,30905,2,EA,1,100,0.361936
1755628900.227169,2619454.000,30905,2,EA,1,100,0.362106
1755628900.293170,2619520.000,30922,1,EA,1,100,0.362200
1755628900.360171,2619587.000,30937,2,EA,1,100,0.362294
1755628900.427172,2619654.000,30937,2,EA,1,100,0.362256
1755628900.493172,2619720.000,30954,1,EA,1,100,0.362483
1755628900.560173,2619787.000,30970,2,EA,1,100,0.362653
1755628900.627174,2619854.000,30970,2,EA,1,100,0.363239
1755628900.693175,2619920.000,30988,1,EA,1,100,0.363676
1755628900.760176,2619987.000,31004,2,EA,1,100,0.363676
1755628900.827176,2620054.000,31004,2,EA,1,100,0.363486
1755628900.893177,2620120.000,31023,1,EA,1,100,0.363524
1755628900.960178,2620187.000,31040,2,EA,1,100,0.363809
1755628901.027179,2620254.000,31040,2,EA,1,100,0.364552
1755628901.093180,2620320.000,31057,1,EA,1,100,0.364571
1755628901.160181,2620387.000,31071,2,EA,1,100,0.364704
1755628901.227181,2620454.000,31071,2,EA,1,100,0.364953
1755628901.293182,2620520.000,31088,1,EA,1,100,0.365221
1755628901.360183,2620587.000,31107,2,EA,1,100,0.365297
1755628901.427184,2620654.000,31107,2,EA,1,100,0.365720
1755628901.493185,2620720.000,31124,1,EA,1,100,0.365700
1755628901.560185,2620787.000,31138,2,EA,1,100,0.365797
1755628901.627186,2620854.000,31138,2,EA,1,100,0.366123
1755628901.693187,2620920.000,31158,1,EA,1,100,0.366104
1755628901.760188,2620987.000,31174,2,EA,1,100,0.366374
1755628901.827189,2621054.000,31174,2,EA,1,100,0.366876
1755628901.893189,2621120.000,31195,1,EA,1,100,0.366857
1755628901.959690,2621186.500,31211,2,EA,1,100,0.366837
1755628902.026191,2621253.000,31211,2,EA,1,100,0.366876
1755628902.093192,2621320.000,31227,1,EA,1,100,0.367205
1755628902.159693,2621386.500,31243,2,EA,1,100,0.367379
1755628902.226194,2621453.000,31243,2,EA,1,100,0.367399
1755628902.293194,2621520.000,31261,2,EA,1,100,0.367651
1755628902.360195,2621587.000,31261,2,EA,1,100,0.367903
1755628902.426196,2621653.000,31279,1,EA,1,100,0.368059
1755628902.493197,2621720.000,31294,2,EA,1,100,0.368312
1755628902.560198,2621787.000,31294,2,EA,1,100,0.368527
1755628902.626198,2621853.000,31312,1,EA,1,100,0.368624
1755628902.693199,2621920.000,31330,2,EA,1,100,0.368663
1755628902.760200,2621987.000,31330,2,EA,1,100,0.368917
1755628902.826201,2622053.000,31346,1,EA,1,100,0.369152
1755628902.893202,2622120.000,31363,2,EA,1,100,0.369308
1755628902.960202,2622187.000,31363,2,EA,1,100,0.369485
1755628903.026203,2622253.000,31380,1,EA,1,100,0.369897
1755628903.093204,2622320.000,31399,2,EA,1,100,0.369406
1755628903.160205,2622387.000,31399,2,EA,1,100,0.369818
1755628903.226206,2622453.000,31415,1,EA,1,100,0.370428
1755628903.293206,2622520.000,31433,2,EA,1,100,0.370665
1755628903.360207,2622587.000,31433,2,EA,1,100,0.370586
1755628903.426208,2622653.000,31449,1,EA,1,100,0.370823
1755628903.493209,2622720.000,31466,2,EA,1,100,0.370942
1755628903.560210,2622787.000,31466,2,EA,1,100,0.371179
1755628903.626211,2622853.000,31482,1,EA,1,100,0.371238
1755628903.693211,2622920.000,31498,2,EA,1,100,0.371535
1755628903.760212,2622987.000,31498,2,EA,1,100,0.371615
1755628903.826213,2623053.000,31514,1,EA,1,100,0.371793
1755628903.893214,2623120.000,31531,2,EA,1,100,0.371992
1755628903.960215,2623187.000,31531,2,EA,1,100,0.372310
1755628904.026215,2623253.000,31550,1,EA,1,100,0.372350
1755628904.093216,2623320.000,31566,2,EA,1,100,0.372549
1755628904.160217,2623387.000,31566,2,EA,1,100,0.372709
1755628904.227218,2623454.000,31581,1,EA,1,100,0.372809
1755628904.293719,2623520.500,31601,2,EA,1,100,0.373048
1755628904.360219,2623587.000,31601,2,EA,1,100,0.373168
1755628904.426220,2623653.000,31622,1,EA,1,100,0.373268
1755628904.493221,2623720.000,31638,2,EA,1,100,0.373569
1755628904.560222,2623787.000,31638,2,EA,1,100,0.373709
1755628904.626723,2623853.500,31656,2,EA,1,100,0.373890
1755628904.693224,2623920.000,31656,2,EA,1,100,0.373970
1755628904.760224,2623987.000,31673,1,EA,1,100,0.374231
1755628904.826725,2624053.500,31691,2,EA,1,100,0.374453
1755628904.893226,2624120.000,31691,2,EA,1,100,0.374493
1755628904.960227,2624187.000,31708,1,EA,1,100,0.374735
1755628905.026728,2624253.500,31723,2,EA,1,100,0.375098
1755628905.093228,2624320.000,31723,2,EA,1,100,0.375240
1755628905.160229,2624387.000,31744,1,EA,1,100,0.375321
1755628905.226730,2624453.500,31760,2,EA,1,100,0.375463
1755628905.293231,2624520.000,31760,2,EA,1,100,0.375807
1755628905.360232,2624587.000,31780,1,EA,1,100,0.375888
1755628905.426732,2624653.500,31794,2,EA,1,100,0.376010
1755628905.493233,2624720.000,31794,2,EA,1,100,0.376152
1755628905.560234,2624787.000,31811,1,EA,1,100,0.376437
1755628905.626735,2624853.500,31830,2,EA,1,100,0.376681
1755628905.693236,2624920.000,31830,2,EA,1,100,0.376763
1755628905.760236,2624987.000,31847,1,EA,1,100,0.376946
1755628905.826737,2625053.500,31861,2,EA,1,100,0.377089
1755628905.893238,2625120.000,31861,2,EA,1,100,0.377355
1755628905.959239,2625186.000,31878,1,EA,1,100,0.377457
1755628906.026240,2625253.000,31895,2,EA,1,100,0.377683
1755628906.093241,2625320.000,31895,2,EA,1,100,0.377846
1755628906.160241,2625387.000,31914,1,EA,1,100,0.377990
1755628906.226742,2625453.500,31929,2,EA,1,100,0.378154
1755628906.293243,2625520.000,31929,2,EA,1,100,0.378216
1755628906.359244,2625586.000,31946,1,EA,1,100,0.378524
1755628906.426245,2625653.000,31962,2,EA,1,100,0.378710
1755628906.493245,2625720.000,31962,2,EA,1,100,0.378875
1755628906.559246,2625786.000,31981,1,EA,1,100,0.378998
1755628906.626247,2625853.000,31997,2,EA,1,100,0.379267
1755628906.693248,2625920.000,31997,2,EA,1,100,0.379411
1755628906.759749,2625986.500,32015,2,EA,1,100,0.379618
1755628906.826249,2626053.000,32015,2,EA,1,100,0.379763
1755628906.893250,2626120.000,32031,1,EA,1,100,0.380095
1755628906.959751,2626186.500,32049,2,EA,1,100,0.380406
1755628907.026252,2626253.000,32049,2,EA,1,100,0.380594
1755628907.093253,2626320.000,32065,1,EA,1,100,0.380718
1755628907.159754,2626386.500,32084,2,EA,1,100,0.380968
1755628907.226254,2626453.000,32084,2,EA,1,100,0.380906
1755628907.293255,2626520.000,32100,1,EA,1,100,0.381323
1755628907.359756,2626586.500,32120,2,EA,1,100,0.381825
1755628907.426257,2626653.000,32120,2,EA,1,100,0.381972
1755628907.493258,2626720.000,32136,1,EA,1,100,0.382097
1755628907.559758,2626786.500,32153,2,EA,1,100,0.382433
1755628907.626259,2626853.000,32153,2,EA,1,100,0.382433
1755628907.693260,2626920.000,32170,1,EA,1,100,0.382706
1755628907.759761,2626986.500,32187,2,EA,1,100,0.382601
1755628907.826262,2627053.000,32187,2,EA,1,100,0.382875
1755628907.893262,2627120.000,32203,1,EA,1,100,0.383402
1755628907.959763,2627186.500,32219,2,EA,1,100,0.383634
1755628908.026264,2627253.000,32219,2,EA,1,100,0.383782
1755628908.093265,2627320.000,32235,1,EA,1,100,0.383994
1755628908.159766,2627386.500,32254,2,EA,1,100,0.384100
1755628908.226266,2627453.000,32254,2,EA,1,100,0.384270
1755628908.293267,2627520.000,32270,1,EA,1,100,0.384333
1755628908.359768,2627586.500,32288,2,EA,1,100,0.384630
1755628908.426269,2627653.000,32288,2,EA,1,100,0.384779
1755628908.493270,2627720.000,32304,1,EA,1,100,0.385035
1755628908.559771,2627786.500,32321,2,EA,1,100,0.385226
1755628908.626271,2627853.000,32321,2,EA,1,100,0.385546
1755628908.693272,2627920.000,32340,1,EA,1,100,0.385653
1755628908.759773,2627986.500,32356,2,EA,1,100,0.385845
1755628908.826274,2628053.000,32356,2,EA,1,100,0.386017
1755628908.892775,2628119.500,32371,2,EA,1,100,0.386274
1755628908.959275,2628186.000,32371,2,EA,1,100,0.386316
1755628909.026276,2628253.000,32389,1,EA,1,100,0.386918
1755628909.092777,2628319.500,32407,2,EA,1,100,0.387262
1755628909.159278,2628386.000,32407,2,EA,1,100,0.386724
1755628909.226279,2628453.000,32424,1,EA,1,100,0.387025
1755628909.292779,2628519.500,32441,2,EA,1,100,0.387564
1755628909.359280,2628586.000,32441,2,EA,1,100,0.387715
1755628909.426281,2628653.000,32458,1,EA,1,100,0.387931
1755628909.492782,2628719.500,32481,2,EA,1,100,0.388017
1755628909.559283,2628786.000,32481,2,EA,1,100,0.388320
1755628909.626284,2628853.000,32498,1,EA,1,100,0.388364
1755628909.692784,2628919.500,32513,2,EA,1,100,0.388515
1755628909.759285,2628986.000,32513,2,EA,1,100,0.388494
1755628909.826286,2629053.000,32530,1,EA,1,100,0.388645
1755628909.892787,2629119.500,32546,2,EA,1,100,0.388971
1755628909.959288,2629186.000,32546,2,EA,1,100,0.389363
1755628910.026288,2629253.000,32564,1,EA,1,100,0.389690
1755628910.092789,2629319.500,32580,2,EA,1,100,0.389973
1755628910.159290,2629386.000,32580,2,EA,1,100,0.389973
1755628910.226291,2629453.000,32597,1,EA,1,100,0.390170
1755628910.292792,2629519.500,32614,2,EA,1,100,0.390345
1755628910.359292,2629586.000,32614,2,EA,1,100,0.390476
1755628910.426293,2629653.000,32633,1,EA,1,100,0.390695
1755628910.492794,2629719.500,32647,2,EA,1,100,0.390827
1755628910.559295,2629786.000,32647,2,EA,1,100,0.390981
1755628910.626296,2629853.000,32664,1,EA,1,100,0.391156
1755628910.692796,2629919.500,32681,2,EA,1,100,0.391178
1755628910.759297,2629986.000,32681,2,EA,1,100,0.391552
1755628910.826298,2630053.000,32698,1,EA,1,100,0.391817
1755628910.892799,2630119.500,32713,2,EA,1,100,0.392170
1755628910.959300,2630186.000,32713,2,EA,1,100,0.392280
1755628911.026301,2630253.000,32732,1,EA,1,100,0.392347
1755628911.092801,2630319.500,32748,2,EA,1,100,0.392834
1755628911.159302,2630386.000,32748,2,EA,1,100,0.393901
1755628911.226303,2630453.000,32767,1,EA,1,100,0.393056
1755628911.292804,2630519.500,32783,2,EA,1,100,0.392590
1755628911.359305,2630586.000,32783,2,EA,1,100,0.393078
1755628911.425805,2630652.500,32801,2,EA,1,100,0.393633
1755628911.492306,2630719.000,32801,2,EA,1,100,0.393656
1755628911.559307,2630786.000,32817,1,EA,1,100,0.394034
1755628911.625808,2630852.500,32837,2,EA,1,100,0.394324
1755628911.692309,2630919.000,32837,2,EA,1,100,0.394347
1755628911.759309,2630986.000,32853,1,EA,1,100,0.394481
1755628911.825810,2631052.500,32868,2,EA,1,100,0.394839
1755628911.892311,2631119.000,32868,2,EA,1,100,0.395287
1755628911.959312,2631186.000,32884,1,EA,1,100,0.395781
1755628912.025813,2631252.500,32904,2,EA,1,100,0.395646
1755628912.092314,2631319.000,32904,2,EA,1,100,0.396074
1755628912.159314,2631386.000,32920,1,EA,1,100,0.396142
1755628912.225815,2631452.500,32935,2,EA,1,100,0.396503
1755628912.292316,2631519.000,32935,2,EA,1,100,0.396616
1755628912.359317,2631586.000,32952,1,EA,1,100,0.396593
1755628912.425818,2631652.500,32973,2,EA,1,100,0.396706
1755628912.492318,2631719.000,32973,2,EA,1,100,0.397136
1755628912.559319,2631786.000,32989,1,EA,1,100,0.397635
1755628912.625820,2631852.500,33007,2,EA,1,100,0.397908
1755628912.692321,2631919.000,33007,2,EA,1,100,0.397976
1755628912.759322,2631986.000,33023,1,EA,1,100,0.398090
1755628912.825822,2632052.500,33040,2,EA,1,100,0.397999
1755628912.892323,2632119.000,33040,2,EA,1,100,0.398044
1755628912.959324,2632186.000,33056,1,EA,1,100,0.398067
1755628913.025825,2632252.500,33073,2,EA,1,100,0.398226
1755628913.092326,2632319.000,33073,2,EA,1,100,0.398728
1755628913.159326,2632386.000,33088,1,EA,1,100,0.398979
1755628913.225827,2632452.500,33105,2,EA,1,100,0.399277
1755628913.292328,2632519.000,33105,2,EA,1,100,0.399621
1755628913.358829,2632585.500,33124,2,EA,1,100,0.399712
1755628913.425330,2632652.000,33124,2,EA,1,100,0.399942
1755628913.492331,2632719.000,33143,1,EA,1,100,0.400103
1755628913.558831,2632785.500,33157,2,EA,1,100,0.400287
1755628913.625332,2632852.000,33157,2,EA,1,100,0.400379
1755628913.692333,2632919.000,33175,1,EA,1,100,0.400702
1755628913.758834,2632985.500,33191,2,EA,1,100,0.400794
1755628913.825335,2633052.000,33191,2,EA,1,100,0.401210
1755628913.892335,2633119.000,33208,1,EA,1,100,0.401441
1755628913.958836,2633185.500,33223,2,EA,1,100,0.401580
1755628914.025337,2633252.000,33223,2,EA,1,100,0.401788
1755628914.092338,2633319.000,33240,1,EA,1,100,0.402206
1755628914.158839,2633385.500,33256,2,EA,1,100,0.402532
1755628914.225339,2633452.000,33256,2,EA,1,100,0.402741
1755628914.292340,2633519.000,33273,1,EA,1,100,0.402974
1755628914.358841,2633585.500,33290,2,EA,1,100,0.403278
1755628914.425342,2633652.000,33290,2,EA,1,100,0.403348
1755628914.492343,2633719.000,33309,1,EA,1,100,0.403465
1755628914.559010,2633785.667,33332,3,EA,1,100,0.403722
1755628914.625678,2633852.333,33332,3,EA,1,100,0.404074
1755628914.692345,2633919.000,33332,3,EA,1,100,0.404543
1755628914.758846,2633985.500,33348,2,EA,1,100,0.404802
1755628914.825347,2634052.000,33348,2,EA,1,100,0.404990
1755628914.892348,2634119.000,33366,1,EA,1,100,0.405061
1755628914.958848,2634185.500,33383,2,EA,1,100,0.405179
1755628915.025349,2634252.000,33383,2,EA,1,100,0.405202
1755628915.092350,2634319.000,33400,1,EA,1,100,0.405391
1755628915.158851,2634385.500,33415,2,EA,1,100,0.405533
1755628915.225352,2634452.000,33415,2,EA,1,100,0.405486
1755628915.292352,2634519.000,33432,2,EA,1,100,0.405627
1755628915.359353,2634586.000,33432,2,EA,1,100,0.405674
1755628915.425354,2634652.000,33448,1,EA,1,100,0.406053
1755628915.492355,2634719.000,33467,2,EA,1,100,0.406148
1755628915.559356,2634786.000,33467,2,EA,1,100,0.406029
1755628915.625356,2634852.000,33485,1,EA,1,100,0.406337
1755628915.692357,2634919.000,33501,2,EA,1,100,0.406931
1755628915.759358,2634986.000,33501,2,EA,1,100,0.407312
1755628915.825359,2635052.000,33517,1,EA,1,100,0.407527
1755628915.892360,2635119.000,33536,2,EA,1,100,0.407145
1755628915.959361,2635186.000,33536,2,EA,1,100,0.407145
1755628916.025361,2635252.000,33553,1,EA,1,100,0.407694
1755628916.091862,2635318.500,33568,2,EA,1,100,0.408315
1755628916.158363,2635385.000,33568,2,EA,1,100,0.408531
1755628916.225364,2635452.000,33584,1,EA,1,100,0.408627
1755628916.291865,2635518.500,33602,2,EA,1,100,0.408939
1755628916.358365,2635585.000,33602,2,EA,1,100,0.409059
1755628916.425366,2635652.000,33620,1,EA,1,100,0.408843
1755628916.491867,2635718.500,33637,2,EA,1,100,0.408531
1755628916.558368,2635785.000,33637,2,EA,1,100,0.408579
1755628916.625369,2635852.000,33653,1,EA,1,100,0.408963
1755628916.691869,2635918.500,33671,2,EA,1,100,0.409275
1755628916.758370,2635985.000,33671,2,EA,1,100,0.409564
1755628916.825371,2636052.000,33687,1,EA,1,100,0.409781
1755628916.891872,2636118.500,33702,2,EA,1,100,0.410409
1755628916.958373,2636185.000,33702,2,EA,1,100,0.410482
1755628917.025374,2636252.000,33719,1,EA,1,100,0.410651
1755628917.091874,2636318.500,33738,2,EA,1,100,0.410627
1755628917.158375,2636385.000,33738,2,EA,1,100,0.410942
1755628917.225376,2636452.000,33754,1,EA,1,100,0.411161
1755628917.291877,2636518.500,33771,2,EA,1,100,0.411452
1755628917.358378,2636585.000,33771,2,EA,1,100,0.411647
1755628917.425378,2636652.000,33788,1,EA,1,100,0.411866
1755628917.491879,2636718.500,33807,2,EA,1,100,0.411964
1755628917.558380,2636785.000,33807,2,EA,1,100,0.412354
1755628917.625381,2636852.000,33825,1,EA,1,100,0.412647
1755628917.691882,2636918.500,33844,2,EA,1,100,0.412696
1755628917.758382,2636985.000,33844,2,EA,1,100,0.412818
1755628917.825383,2637052.000,33859,2,EA,1,100,0.413014
1755628917.892384,2637119.000,33859,2,EA,1,100,0.413039
1755628917.958385,2637185.000,33876,1,EA,1,100,0.413382
1755628918.025386,2637252.000,33893,2,EA,1,100,0.413726
1755628918.092386,2637319.000,33893,2,EA,1,100,0.414268
1755628918.158387,2637385.000,33910,1,EA,1,100,0.414317
1755628918.225388,2637452.000,33926,2,EA,1,100,0.414243
1755628918.292389,2637519.000,33926,2,EA,1,100,0.414292
1755628918.358390,2637585.000,33944,1,EA,1,100,0.414539
1755628918.425391,2637652.000,33960,2,EA,1,100,0.414638
1755628918.492391,2637719.000,33960,2,EA,1,100,0.414910
1755628918.558392,2637785.000,33977,1,EA,1,100,0.414959
1755628918.624893,2637851.500,33994,2,EA,1,100,0.414959
1755628918.691394,2637918.000,33994,2,EA,1,100,0.415306
1755628918.758395,2637985.000,34011,1,EA,1,100,0.415702
1755628918.824895,2638051.500,34027,2,EA,1,100,0.415826
1755628918.891396,2638118.000,34027,2,EA,1,100,0.416150
1755628918.958397,2638185.000,34044,1,EA,1,100,0.416498
1755628919.025398,2638252.000,34059,2,EA,1,100,0.417222
1755628919.092399,2638319.000,34059,2,EA,1,100,0.417773
1755628919.158399,2638385.000,34076,1,EA,1,100,0.417823
1755628919.224900,2638451.500,34094,2,EA,1,100,0.417522
1755628919.291401,2638518.000,34094,2,EA,1,100,0.417672
1755628919.358402,2638585.000,34112,1,EA,1,100,0.417923
1755628919.424903,2638651.500,34126,2,EA,1,100,0.418099
1755628919.491404,2638718.000,34126,2,EA,1,100,0.418124
1755628919.558404,2638785.000,34143,1,EA,1,100,0.418425
1755628919.624905,2638851.500,34162,2,EA,1,100,0.418551
1755628919.691406,2638918.000,34162,2,EA,1,100,0.418853
1755628919.758407,2638985.000,34186,2,EA,1,100,0.419080
1755628919.825408,2639052.000,34186,2,EA,1,100,0.419232
1755628919.891908,2639118.500,34202,2,EA,1,100,0.419282
1755628919.958409,2639185.000,34202,2,EA,1,100,0.419358
1755628920.025410,2639252.000,34220,1,EA,1,100,0.419611
1755628920.091911,2639318.500,34234,2,EA,1,100,0.419813
1755628920.158412,2639385.000,34234,2,EA,1,100,0.419889
1755628920.225412,2639452.000,34251,1,EA,1,100,0.420041
1755628920.291913,2639518.500,34268,2,EA,1,100,0.420168
1755628920.358414,2639585.000,34268,2,EA,1,100,0.420548
1755628920.425415,2639652.000,34285,1,EA,1,100,0.420930
1755628920.491916,2639718.500,34301,2,EA,1,100,0.420904
1755628920.558416,2639785.000,34301,2,EA,1,100,0.421083
1755628920.625417,2639852.000,34318,1,EA,1,100,0.421312
1755628920.691918,2639918.500,34339,2,EA,1,100,0.421465
1755628920.758419,2639985.000,34339,2,EA,1,100,0.421618
1755628920.825420,2640052.000,34356,1,EA,1,100,0.421746
1755628920.891921,2640118.500,34371,2,EA,1,100,0.422001
1755628920.958421,2640185.000,34371,2,EA,1,100,0.422155
1755628921.025422,2640252.000,34388,1,EA,1,100,0.422360
1755628921.091923,2640318.500,34404,2,EA,1,100,0.422539
1755628921.158424,2640385.000,34404,2,EA,1,100,0.422770
1755628921.225425,2640452.000,34421,1,EA,1,100,0.423156
1755628921.291925,2640518.500,34439,2,EA,1,100,0.423336
1755628921.358426,2640585.000,34439,2,EA,1,100,0.423336
1755628921.424927,2640651.500,34455,2,EA,1,100,0.423542
1755628921.491428,2640718.000,34455,2,EA,1,100,0.423800
1755628921.558429,2640785.000,34473,1,EA,1,100,0.423877
1755628921.624929,2640851.500,34491,2,EA,1,100,0.424058
1755628921.691430,2640918.000,34491,2,EA,1,100,0.424316
1755628921.758431,2640985.000,34509,1,EA,1,100,0.424523
1755628921.824932,2641051.500,34526,2,EA,1,100,0.424678
1755628921.891433,2641118.000,34526,2,EA,1,100,0.424678
1755628921.958434,2641185.000,34542,1,EA,1,100,0.425093
1755628922.024934,2641251.500,34560,2,EA,1,100,0.425327
1755628922.091435,2641318.000,34560,2,EA,1,100,0.425457
1755628922.158436,2641385.000,34578,1,EA,1,100,0.425561
1755628922.224937,2641451.500,34593,2,EA,1,100,0.425899
1755628922.291438,2641518.000,34593,2,EA,1,100,0.425952
1755628922.358438,2641585.000,34610,1,EA,1,100,0.426186
1755628922.424939,2641651.500,34629,2,EA,1,100,0.426238
1755628922.491440,2641718.000,34629,2,EA,1,100,0.426526
1755628922.558441,2641785.000,34645,1,EA,1,100,0.426944
1755628922.624942,2641851.500,34661,2,EA,1,100,0.427023
1755628922.691442,2641918.000,34661,2,EA,1,100,0.427206
1755628922.758443,2641985.000,34679,1,EA,1,100,0.427390
1755628922.824944,2642051.500,34698,2,EA,1,100,0.427495
1755628922.891445,2642118.000,34698,2,EA,1,100,0.427810
1755628922.958446,2642185.000,34716,1,EA,1,100,0.427941
1755628923.024946,2642251.500,34732,2,EA,1,100,0.428178
1755628923.091447,2642318.000,34732,2,EA,1,100,0.428468
1755628923.158448,2642385.000,34748,1,EA,1,100,0.428679
1755628923.224949,2642451.500,34767,2,EA,1,100,0.428811
1755628923.291450,2642518.000,34767,2,EA,1,100,0.429102
1755628923.358451,2642585.000,34784,1,EA,1,100,0.429366
1755628923.424951,2642651.500,34802,2,EA,1,100,0.429525
1755628923.491452,2642718.000,34802,2,EA,1,100,0.429631
1755628923.558453,2642785.000,34817,1,EA,1,100,0.429923
1755628923.624954,2642851.500,34835,2,EA,1,100,0.430056
1755628923.691455,2642918.000,34835,2,EA,1,100,0.430375
1755628923.758455,2642985.000,34853,1,EA,1,100,0.430428
1755628923.824956,2643051.500,34870,2,EA,1,100,0.430615
1755628923.891457,2643118.000,34870,2,EA,1,100,0.430748
1755628923.957958,2643184.500,34885,2,EA,1,100,0.430881
1755628924.024459,2643251.000,34885,2,EA,1,100,0.430881
1755628924.091459,2643318.000,34902,1,EA,1,100,0.431148
1755628924.157960,2643384.500,34918,2,EA,1,100,0.431468
1755628924.224461,2643451.000,34918,2,EA,1,100,0.431736
1755628924.291462,2643518.000,34935,1,EA,1,100,0.431977
1755628924.357963,2643584.500,34950,2,EA,1,100,0.432165
1755628924.424464,2643651.000,34950,2,EA,1,100,0.432353
1755628924.491464,2643718.000,34967,1,EA,1,100,0.432621
1755628924.557965,2643784.500,34985,2,EA,1,100,0.432648
1755628924.624466,2643851.000,34985,2,EA,1,100,0.432863
1755628924.691467,2643918.000,35003,1,EA,1,100,0.432998
1755628924.757968,2643984.500,35017,2,EA,1,100,0.433133
1755628924.824468,2644051.000,35017,2,EA,1,100,0.433699
1755628924.891469,2644118.000,35043,2,EA,1,100,0.433834
1755628924.958470,2644185.000,35043,2,EA,1,100,0.433429
1755628925.024971,2644251.500,35060,2,EA,1,100,0.433943
1755628925.091472,2644318.000,35060,2,EA,1,100,0.434024
1755628925.158472,2644385.000,35077,1,EA,1,100,0.434321
1755628925.224973,2644451.500,35095,2,EA,1,100,0.434593
1755628925.291474,2644518.000,35095,2,EA,1,100,0.434674
1755628925.358475,2644585.000,35113,1,EA,1,100,0.434837
1755628925.424976,2644651.500,35127,2,EA,1,100,0.435054
1755628925.491476,2644718.000,35127,2,EA,1,100,0.435245
1755628925.557477,2644784.000,35144,1,EA,1,100,0.435517
1755628925.624478,2644851.000,35163,2,EA,1,100,0.435735
1755628925.691479,2644918.000,35163,2,EA,1,100,0.435871
1755628925.758480,2644985.000,35180,1,EA,1,100,0.436063
1755628925.824981,2645051.500,35194,2,EA,1,100,0.436199
1755628925.891481,2645118.000,35194,2,EA,1,100,0.436418
1755628925.957482,2645184.000,35211,1,EA,1,100,0.436801
1755628926.024483,2645251.000,35232,2,EA,1,100,0.436883
1755628926.091484,2645318.000,35232,2,EA,1,100,0.437048
1755628926.157485,2645384.000,35249,1,EA,1,100,0.437240
1755628926.224485,2645451.000,35263,2,EA,1,100,0.437405
1755628926.291486,2645518.000,35263,2,EA,1,100,0.437570
1755628926.357487,2645584.000,35281,1,EA,1,100,0.437900
1755628926.424488,2645651.000,35299,2,EA,1,100,0.437845
1755628926.491489,2645718.000,35299,2,EA,1,100,0.438175
1755628926.557489,2645784.000,35316,1,EA,1,100,0.438424
1755628926.624490,2645851.000,35331,2,EA,1,100,0.438728
1755628926.691491,2645918.000,35331,2,EA,1,100,0.438838
1755628926.758492,2645985.000,35348,1,EA,1,100,0.439226
1755628926.824993,2646051.500,35364,2,EA,1,100,0.439475
1755628926.891494,2646118.000,35364,2,EA,1,100,0.439670
1755628926.957494,2646184.000,35381,1,EA,1,100,0.439892
1755628927.024495,2646251.000,35401,2,EA,1,100,0.440031
1755628927.091496,2646318.000,35401,2,EA,1,100,0.440114
1755628927.157497,2646384.000,35417,1,EA,1,100,0.440449
1755628927.224498,2646451.000,35435,2,EA,1,100,0.440449
1755628927.291498,2646518.000,35435,2,EA,1,100,0.440755
1755628927.357999,2646584.500,35455,2,EA,1,100,0.440895
1755628927.424500,2646651.000,35455,2,EA,1,100,0.440951
1755628927.491501,2646718.000,35471,1,EA,1,100,0.440923
1755628927.558002,2646784.500,35486,2,EA,1,100,0.441146
1755628927.624502,2646851.000,35486,2,EA,1,100,0.441482
1755628927.691503,2646918.000,35505,1,EA,1,100,0.441146
1755628927.758004,2646984.500,35522,2,EA,1,100,0.440588
1755628927.824505,2647051.000,35522,2,EA,1,100,0.441622
1755628927.891506,2647118.000,35538,1,EA,1,100,0.443027
1755628927.958006,2647184.500,35554,2,EA,1,100,0.443281
1755628928.024507,2647251.000,35554,2,EA,1,100,0.443931
1755628928.091508,2647318.000,35572,1,EA,1,100,0.444498
1755628928.158009,2647384.500,35591,2,EA,1,100,0.444016
1755628928.224510,2647451.000,35591,2,EA,1,100,0.444073
1755628928.291511,2647518.000,35607,1,EA,1,100,0.444299
1755628928.358011,2647584.500,35623,2,EA,1,100,0.444952
1755628928.424512,2647651.000,35623,2,EA,1,100,0.445636
1755628928.491513,2647718.000,35639,1,EA,1,100,0.445607
1755628928.558014,2647784.500,35658,2,EA,1,100,0.444583
1755628928.624515,2647851.000,35658,2,EA,1,100,0.443818
1755628928.691515,2647918.000,35675,1,EA,1,100,0.443422
1755628928.758016,2647984.500,35690,2,EA,1,100,0.443535
1755628928.824517,2648051.000,35690,2,EA,1,100,0.443959
1755628928.891518,2648118.000,35706,1,EA,1,100,0.444895
1755628928.958019,2648184.500,35724,2,EA,1,100,0.445180
1755628929.024519,2648251.000,35724,2,EA,1,100,0.445237
1755628929.091520,2648318.000,35740,1,EA,1,100,0.445294
1755628929.158021,2648384.500,35758,2,EA,1,100,0.445550
1755628929.224522,2648451.000,35758,2,EA,1,100,0.445978
1755628929.290523,2648517.000,35773,1,EA,1,100,0.446379
1755628929.357524,2648584.000,35791,2,EA,1,100,0.446551
1755628929.424524,2648651.000,35791,2,EA,1,100,0.446751
1755628929.490525,2648717.000,35807,1,EA,1,100,0.447009
1755628929.557526,2648784.000,35825,2,EA,1,100,0.446981
1755628929.624527,2648851.000,35825,2,EA,1,100,0.446952
1755628929.691028,2648917.500,35841,2,EA,1,100,0.447067
1755628929.757528,2648984.000,35841,2,EA,1,100,0.447440
1755628929.824529,2649051.000,35858,1,EA,1,100,0.447699
1755628929.891030,2649117.500,35876,2,EA,1,100,0.447440
1755628929.957531,2649184.000,35876,2,EA,1,100,0.447699
1755628930.024032,2649250.500,35899,2,EA,1,100,0.447872
1755628930.090532,2649317.000,35899,2,EA,1,100,0.448247
1755628930.157533,2649384.000,35915,2,EA,1,100,0.448680
1755628930.224534,2649451.000,35915,2,EA,1,100,0.448709
1755628930.290535,2649517.000,35934,1,EA,1,100,0.448854
1755628930.357536,2649584.000,35949,2,EA,1,100,0.449201
1755628930.424536,2649651.000,35949,2,EA,1,100,0.449462
1755628930.490537,2649717.000,35966,1,EA,1,100,0.449723
1755628930.557538,2649784.000,35982,2,EA,1,100,0.450014
1755628930.624539,2649851.000,35982,2,EA,1,100,0.450189
1755628930.690540,2649917.000,36002,1,EA,1,100,0.450218
1755628930.757541,2649984.000,36016,2,EA,1,100,0.450334
1755628930.824541,2650051.000,36016,2,EA,1,100,0.450480
1755628930.890542,2650117.000,36033,1,EA,1,100,0.450772
1755628930.957543,2650184.000,36052,2,EA,1,100,0.451034
1755628931.024544,2650251.000,36052,2,EA,1,100,0.451151
1755628931.090545,2650317.000,36069,1,EA,1,100,0.451327
1755628931.157545,2650384.000,36085,2,EA,1,100,0.451473
1755628931.224546,2650451.000,36085,2,EA,1,100,0.451620
1755628931.290547,2650517.000,36102,1,EA,1,100,0.451942
1755628931.357548,2650584.000,36119,2,EA,1,100,0.452147
1755628931.424549,2650651.000,36119,2,EA,1,100,0.452647
1755628931.490549,2650717.000,36136,1,EA,1,100,0.452853
1755628931.557550,2650784.000,36152,2,EA,1,100,0.452765
1755628931.624551,2650851.000,36152,2,EA,1,100,0.452677
1755628931.690552,2650917.000,36170,1,EA,1,100,0.453237
1755628931.757553,2650984.000,36188,2,EA,1,100,0.453325
1755628931.824554,2651051.000,36188,2,EA,1,100,0.453532
1755628931.890554,2651117.000,36205,1,EA,1,100,0.453414
1755628931.957555,2651184.000,36220,2,EA,1,100,0.453798
1755628932.024556,2651251.000,36220,2,EA,1,100,0.454449
1755628932.090557,2651317.000,36241,1,EA,1,100,0.454153
1755628932.157558,2651384.000,36257,2,EA,1,100,0.449781
1755628932.224558,2651451.000,36257,2,EA,1,100,0.450655
1755628932.290559,2651517.000,36274,1,EA,1,100,0.451971
1755628932.357060,2651583.500,36292,2,EA,1,100,0.452971
1755628932.423561,2651650.000,36292,2,EA,1,100,0.453709
1755628932.490562,2651717.000,36308,1,EA,1,100,0.454538
1755628932.557062,2651783.500,36324,2,EA,1,100,0.454984
1755628932.623563,2651850.000,36324,2,EA,1,100,0.455371
1755628932.690564,2651917.000,36342,2,EA,1,100,0.455639
1755628932.757565,2651984.000,36342,2,EA,1,100,0.455997
1755628932.823566,2652050.000,36358,1,EA,1,100,0.456147
1755628932.890566,2652117.000,36373,2,EA,1,100,0.456505
1755628932.957567,2652184.000,36373,2,EA,1,100,0.456715
1755628933.023568,2652250.000,36390,1,EA,1,100,0.457045
1755628933.090569,2652317.000,36407,2,EA,1,100,0.457435
1755628933.157570,2652384.000,36407,2,EA,1,100,0.457736
1755628933.223571,2652450.000,36425,1,EA,1,100,0.457916
1755628933.290571,2652517.000,36443,2,EA,1,100,0.457977
1755628933.357572,2652584.000,36443,2,EA,1,100,0.458127
1755628933.423573,2652650.000,36459,1,EA,1,100,0.458429
1755628933.490574,2652717.000,36476,2,EA,1,100,0.458520
1755628933.557575,2652784.000,36476,2,EA,1,100,0.458822
1755628933.623575,2652850.000,36492,1,EA,1,100,0.458852
1755628933.690576,2652917.000,36510,2,EA,1,100,0.459246
1755628933.757577,2652984.000,36510,2,EA,1,100,0.459064
1755628933.823578,2653050.000,36526,1,EA,1,100,0.459427
1755628933.890579,2653117.000,36543,2,EA,1,100,0.459609
1755628933.957579,2653184.000,36543,2,EA,1,100,0.459609
1755628934.023580,2653250.000,36560,1,EA,1,100,0.460004
1755628934.090581,2653317.000,36577,2,EA,1,100,0.460004
1755628934.157582,2653384.000,36577,2,EA,1,100,0.460095
1755628934.223583,2653450.000,36593,1,EA,1,100,0.460430
1755628934.290584,2653517.000,36613,2,EA,1,100,0.460491
1755628934.357584,2653584.000,36613,2,EA,1,100,0.460765
1755628934.423585,2653650.000,36629,1,EA,1,100,0.460918
1755628934.490586,2653717.000,36645,2,EA,1,100,0.461009
1755628934.557587,2653784.000,36645,2,EA,1,100,0.461315
1755628934.624088,2653850.500,36661,2,EA,1,100,0.461743
1755628934.690588,2653917.000,36661,2,EA,1,100,0.461988
1755628934.757589,2653984.000,36678,1,EA,1,100,0.462203
1755628934.824090,2654050.500,36696,2,EA,1,100,0.462264
1755628934.890591,2654117.000,36696,2,EA,1,100,0.462571
1755628934.957592,2654184.000,36713,1,EA,1,100,0.462725
1755628935.024092,2654250.500,36728,2,EA,1,100,0.462940
1755628935.090593,2654317.000,36728,2,EA,1,100,0.463156
1755628935.157094,2654383.500,36752,2,EA,1,100,0.463835
1755628935.223595,2654450.000,36752,2,EA,1,100,0.463495
1755628935.290596,2654517.000,36770,1,EA,1,100,0.463804
1755628935.357096,2654583.500,36788,2,EA,1,100,0.464020
1755628935.423597,2654650.000,36788,2,EA,1,100,0.463927
1755628935.490598,2654717.000,36804,1,EA,1,100,0.463680
1755628935.557099,2654783.500,36819,2,EA,1,100,0.463989
1755628935.623600,2654850.000,36819,2,EA,1,100,0.466633
1755628935.690601,2654917.000,36836,1,EA,1,100,0.467981
1755628935.757101,2654983.500,36855,2,EA,1,100,0.465105
1755628935.823602,2655050.000,36855,2,EA,1,100,0.463372
1755628935.890603,2655117.000,36871,1,EA,1,100,0.462817
1755628935.957104,2655183.500,36888,2,EA,1,100,0.462725
1755628936.023605,2655250.000,36888,2,EA,1,100,0.463650
1755628936.090605,2655317.000,36903,1,EA,1,100,0.464516
1755628936.157106,2655383.500,36920,2,EA,1,100,0.465012
1755628936.223607,2655450.000,36920,2,EA,1,100,0.466070
1755628936.290108,2655516.500,36937,2,EA,1,100,0.466633
1755628936.356609,2655583.000,36937,2,EA,1,100,0.466820
1755628936.423609,2655650.000,36956,1,EA,1,100,0.466601
1755628936.490110,2655716.500,36970,2,EA,1,100,0.467259
1755628936.556611,2655783.000,36970,2,EA,1,100,0.468044
1755628936.623612,2655850.000,36989,1,EA,1,100,0.467667
1755628936.690113,2655916.500,37006,2,EA,1,100,0.466695
1755628936.756613,2655983.000,37006,2,EA,1,100,0.467385
1755628936.823614,2656050.000,37023,1,EA,1,100,0.468170
1755628936.890115,2656116.500,37037,2,EA,1,100,0.467510
1755628936.956616,2656183.000,37037,2,EA,1,100,0.467510
1755628937.023617,2656250.000,37055,1,EA,1,100,0.468738
1755628937.090118,2656316.500,37073,2,EA,1,100,0.468422
1755628937.156618,2656383.000,37073,2,EA,1,100,0.467761
1755628937.223619,2656450.000,37090,1,EA,1,100,0.468959
1755628937.290120,2656516.500,37105,2,EA,1,100,0.469528
1755628937.356621,2656583.000,37105,2,EA,1,100,0.469559
1755628937.423622,2656650.000,37124,1,EA,1,100,0.469813
1755628937.490122,2656716.500,37144,2,EA,1,100,0.469591
1755628937.556623,2656783.000,37144,2,EA,1,100,0.469876
1755628937.623624,2656850.000,37161,1,EA,1,100,0.469908
1755628937.690125,2656916.500,37176,2,EA,1,100,0.470162
1755628937.756626,2656983.000,37176,2,EA,1,100,0.470321
1755628937.823626,2657050.000,37193,1,EA,1,100,0.470798
1755628937.890127,2657116.500,37211,2,EA,1,100,0.470862
1755628937.956628,2657183.000,37211,2,EA,1,100,0.470893
1755628938.023629,2657250.000,37229,1,EA,1,100,0.471308
1755628938.090130,2657316.500,37245,2,EA,1,100,0.471435
1755628938.156631,2657383.000,37245,2,EA,1,100,0.471563
1755628938.223631,2657450.000,37262,1,EA,1,100,0.471755
1755628938.290132,2657516.500,37279,2,EA,1,100,0.471691
1755628938.356633,2657583.000,37279,2,EA,1,100,0.471947
1755628938.423634,2657650.000,37298,1,EA,1,100,0.472107
1755628938.490135,2657716.500,37313,2,EA,1,100,0.472171
1755628938.556635,2657783.000,37313,2,EA,1,100,0.472042
1755628938.623636,2657850.000,37329,1,EA,1,100,0.472331
1755628938.690137,2657916.500,37346,2,EA,1,100,0.472523
1755628938.756638,2657983.000,37346,2,EA,1,100,0.472908
1755628938.823639,2658050.000,37363,2,EA,1,100,0.473198
1755628938.890639,2658117.000,37363,2,EA,1,100,0.473294
1755628938.956640,2658183.000,37379,1,EA,1,100,0.473584
1755628939.023141,2658249.500,37395,2,EA,1,100,0.474164
1755628939.089642,2658316.000,37395,2,EA,1,100,0.474391
1755628939.156643,2658383.000,37411,1,EA,1,100,0.474455
1755628939.223143,2658449.500,37430,2,EA,1,100,0.475265
1755628939.289644,2658516.000,37430,2,EA,1,100,0.474455
1755628939.356645,2658583.000,37447,1,EA,1,100,0.473971
1755628939.423146,2658649.500,37464,2,EA,1,100,0.474455
1755628939.489647,2658716.000,37464,2,EA,1,100,0.473648
1755628939.556648,2658783.000,37480,1,EA,1,100,0.472171
1755628939.623148,2658849.500,37498,2,EA,1,100,0.473423
1755628939.689649,2658916.000,37498,2,EA,1,100,0.474876
1755628939.756650,2658983.000,37514,1,EA,1,100,0.474326
1755628939.823151,2659049.500,37529,2,EA,1,100,0.473584
1755628939.889652,2659116.000,37529,2,EA,1,100,0.472267
1755628939.956652,2659183.000,37545,1,EA,1,100,0.472107
1755628940.023153,2659249.500,37563,2,EA,1,100,0.473358
1755628940.089654,2659316.000,37563,2,EA,1,100,0.475038
1755628940.156655,2659383.000,37579,1,EA,1,100,0.475200
1755628940.223322,2659449.667,37600,3,EA,1,100,0.477612
1755628940.289990,2659516.333,37600,3,EA,1,100,0.482010
1755628940.356657,2659583.000,37600,3,EA,1,100,0.483147
1755628940.423658,2659650.000,37618,1,EA,1,100,0.480513
1755628940.490159,2659716.500,37633,2,EA,1,100,0.477874
1755628940.556660,2659783.000,37633,2,EA,1,100,0.474811
1755628940.623661,2659850.000,37651,1,EA,1,100,0.472331
1755628940.690161,2659916.500,37669,2,EA,1,100,0.471915
1755628940.756662,2659983.000,37669,2,EA,1,100,0.469559
1755628940.823663,2660050.000,37685,1,EA,1,100,0.467353
1755628940.890164,2660116.500,37700,2,EA,1,100,0.470384
1755628940.956665,2660183.000,37700,2,EA,1,100,0.476958
1755628941.023665,2660250.000,37717,1,EA,1,100,0.480911
1755628941.090166,2660316.500,37734,2,EA,1,100,0.483248
1755628941.156667,2660383.000,37734,2,EA,1,100,0.488366
1755628941.223668,2660450.000,37750,1,EA,1,100,0.485506
1755628941.290169,2660516.500,37768,2,EA,1,100,0.481244
1755628941.356669,2660583.000,37768,2,EA,1,100,0.477612
1755628941.423670,2660650.000,37784,1,EA,1,100,0.476533
1755628941.490171,2660716.500,37801,2,EA,1,100,0.484897
1755628941.556672,2660783.000,37801,2,EA,1,100,0.487477
1755628941.623673,2660850.000,37819,1,EA,1,100,0.484391
1755628941.690174,2660916.500,37835,2,EA,1,100,0.482444
1755628941.756674,2660983.000,37835,2,EA,1,100,0.483181
1755628941.823675,2661050.000,37853,1,EA,1,100,0.484290
1755628941.890176,2661116.500,37872,2,EA,1,100,0.485201
1755628941.956677,2661183.000,37872,2,EA,1,100,0.483953
1755628942.023678,2661250.000,37889,1,EA,1,100,0.481710
1755628942.090178,2661316.500,37905,2,EA,1,100,0.480380
1755628942.156679,2661383.000,37905,2,EA,1,100,0.479685
1755628942.223680,2661450.000,37920,1,EA,1,100,0.478729
1755628942.290181,2661516.500,37938,2,EA,1,100,0.478729
1755628942.356682,2661583.000,37938,2,EA,1,100,0.480215
1755628942.423182,2661649.500,37956,2,EA,1,100,0.479917
1755628942.489683,2661716.000,37956,2,EA,1,100,0.478367
1755628942.556684,2661783.000,37973,1,EA,1,100,0.479223
1755628942.623185,2661849.500,37988,2,EA,1,100,0.481410
1755628942.689686,2661916.000,37988,2,EA,1,100,0.483886
1755628942.756686,2661983.000,38005,1,EA,1,100,0.486116
1755628942.823187,2662049.500,38023,2,EA,1,100,0.484560
1755628942.889688,2662116.000,38023,2,EA,1,100,0.482678
1755628942.956689,2662183.000,38040,1,EA,1,100,0.482478
1755628943.023190,2662249.500,38055,2,EA,1,100,0.485032
1755628943.089691,2662316.000,38055,2,EA,1,100,0.487614
1755628943.156691,2662383.000,38072,1,EA,1,100,0.489327
1755628943.223192,2662449.500,38090,2,EA,1,100,0.488984
1755628943.289693,2662516.000,38090,2,EA,1,100,0.488469
1755628943.356694,2662583.000,38108,1,EA,1,100,0.490258
1755628943.423195,2662649.500,38124,2,EA,1,100,0.490292
1755628943.489695,2662716.000,38124,2,EA,1,100,0.488400
1755628943.556696,2662783.000,38141,1,EA,1,100,0.487921
1755628943.623197,2662849.500,38158,2,EA,1,100,0.486184
1755628943.689698,2662916.000,38158,2,EA,1,100,0.477612
1755628943.756699,2662983.000,38175,1,EA,1,100,0.475427
1755628943.823199,2663049.500,38189,2,EA,1,100,0.480314
1755628943.889700,2663116.000,38189,2,EA,1,100,0.483114
1755628943.956701,2663183.000,38208,1,EA,1,100,0.482678
1755628944.023202,2663249.500,38225,2,EA,1,100,0.484694
1755628944.089703,2663316.000,38225,2,EA,1,100,0.486727
1755628944.156704,2663383.000,38242,1,EA,1,100,0.490949
1755628944.223204,2663449.500,38256,2,EA,1,100,0.491365
1755628944.289705,2663516.000,38256,2,EA,1,100,0.508854
1755628944.356706,2663583.000,38274,1,EA,1,100,0.522997
1755628944.423207,2663649.500,38292,2,EA,1,100,0.499903
1755628944.489708,2663716.000,38292,2,EA,1,100,0.492965
1755628944.556708,2663783.000,38309,1,EA,1,100,0.490499
1755628944.623209,2663849.500,38325,2,EA,1,100,0.490568
1755628944.689710,2663916.000,38325,2,EA,1,100,0.490396
1755628944.756211,2663982.500,38341,2,EA,1,100,0.489740
1755628944.822712,2664049.000,38341,2,EA,1,100,0.488640
1755628944.889712,2664116.000,38357,1,EA,1,100,0.487990
1755628944.956213,2664182.500,38375,2,EA,1,100,0.488263
1755628945.022714,2664249.000,38375,2,EA,1,100,0.489981
1755628945.089715,2664316.000,38393,1,EA,1,100,0.490361
1755628945.156216,2664382.500,38408,2,EA,1,100,0.490292
1755628945.222716,2664449.000,38408,2,EA,1,100,0.490258
1755628945.289717,2664516.000,38424,1,EA,1,100,0.490465
1755628945.356218,2664582.500,38447,2,EA,1,100,0.490396
1755628945.422719,2664649.000,38447,2,EA,1,100,0.490258
1755628945.489720,2664716.000,38463,2,EA,1,100,0.490189
1755628945.556721,2664783.000,38463,2,EA,1,100,0.491087
1755628945.622721,2664849.000,38480,1,EA,1,100,0.490984
1755628945.689222,2664915.500,38495,2,EA,1,100,0.490845
1755628945.755723,2664982.000,38495,2,EA,1,100,0.491434
1755628945.822724,2665049.000,38512,1,EA,1,100,0.491677
1755628945.889725,2665116.000,38528,2,EA,1,100,0.491643
1755628945.956725,2665183.000,38528,2,EA,1,100,0.492059
1755628946.022726,2665249.000,38546,1,EA,1,100,0.492094
1755628946.089727,2665316.000,38563,2,EA,1,100,0.492129
1755628946.156728,2665383.000,38563,2,EA,1,100,0.492512
1755628946.223229,2665449.500,38579,2,EA,1,100,0.492442
1755628946.289729,2665516.000,38579,2,EA,1,100,0.492965
1755628946.355730,2665582.000,38596,1,EA,1,100,0.493315
1755628946.422731,2665649.000,38615,2,EA,1,100,0.493140
1755628946.489732,2665716.000,38615,2,EA,1,100,0.493664
1755628946.555733,2665782.000,38631,1,EA,1,100,0.493734
1755628946.622733,2665849.000,38649,2,EA,1,100,0.493629
1755628946.689734,2665916.000,38649,2,EA,1,100,0.494190
1755628946.755735,2665982.000,38665,1,EA,1,100,0.494260
1755628946.822736,2666049.000,38684,2,EA,1,100,0.494155
1755628946.889737,2666116.000,38684,2,EA,1,100,0.494822
1755628946.955738,2666182.000,38700,1,EA,1,100,0.494998
1755628947.022738,2666249.000,38718,2,EA,1,100,0.494611
1755628947.089739,2666316.000,38718,2,EA,1,100,0.494752
1755628947.155740,2666382.000,38736,1,EA,1,100,0.495068
1755628947.222741,2666449.000,38753,2,EA,1,100,0.495738
1755628947.289742,2666516.000,38753,2,EA,1,100,0.496127
1755628947.355742,2666582.000,38772,1,EA,1,100,0.495632
1755628947.422743,2666649.000,38789,2,EA,1,100,0.495985
1755628947.489744,2666716.000,38789,2,EA,1,100,0.496339
1755628947.555745,2666782.000,38805,1,EA,1,100,0.496587
1755628947.622746,2666849.000,38823,2,EA,1,100,0.496729
1755628947.689746,2666916.000,38823,2,EA,1,100,0.496941
1755628947.755747,2666982.000,38841,1,EA,1,100,0.496870
1755628947.822748,2667049.000,38857,2,EA,1,100,0.497296
1755628947.889749,2667116.000,38857,2,EA,1,100,0.497687
1755628947.956250,2667182.500,38875,2,EA,1,100,0.497652
1755628948.022751,2667249.000,38875,2,EA,1,100,0.498007
1755628948.089751,2667316.000,38892,1,EA,1,100,0.498399
1755628948.156252,2667382.500,38910,2,EA,1,100,0.497972
1755628948.222753,2667449.000,38910,2,EA,1,100,0.498542
1755628948.289754,2667516.000,38927,1,EA,1,100,0.498935
1755628948.356255,2667582.500,38946,2,EA,1,100,0.498507
1755628948.422755,2667649.000,38946,2,EA,1,100,0.498649
1755628948.489756,2667716.000,38963,1,EA,1,100,0.499257
1755628948.556257,2667782.500,38981,2,EA,1,100,0.498900
1755628948.622758,2667849.000,38981,2,EA,1,100,0.499436
1755628948.688759,2667915.000,38999,1,EA,1,100,0.499831
1755628948.755759,2667982.000,39015,2,EA,1,100,0.499651
1755628948.822760,2668049.000,39015,2,EA,1,100,0.499831
1755628948.888761,2668115.000,39032,1,EA,1,100,0.500514
1755628948.955762,2668182.000,39051,2,EA,1,100,0.500334
1755628949.022763,2668249.000,39051,2,EA,1,100,0.500586
1755628949.088763,2668315.000,39068,1,EA,1,100,0.500982
1755628949.155764,2668382.000,39084,2,EA,1,100,0.500982
1755628949.222765,2668449.000,39084,2,EA,1,100,0.501306
1755628949.288766,2668515.000,39101,1,EA,1,100,0.501776
1755628949.355767,2668582.000,39120,2,EA,1,100,0.501234
1755628949.422768,2668649.000,39120,2,EA,1,100,0.501559
1755628949.488768,2668715.000,39139,1,EA,1,100,0.501993
1755628949.555769,2668782.000,39155,2,EA,1,100,0.501812
1755628949.622770,2668849.000,39155,2,EA,1,100,0.502283
1755628949.688771,2668915.000,39173,1,EA,1,100,0.502682
1755628949.755772,2668982.000,39191,2,EA,1,100,0.502392
1755628949.822772,2669049.000,39191,2,EA,1,100,0.502936
1755628949.888773,2669115.000,39208,1,EA,1,100,0.503409
1755628949.955774,2669182.000,39226,2,EA,1,100,0.502791
1755628950.022775,2669249.000,39226,2,EA,1,100,0.503081
1755628950.088776,2669315.000,39242,1,EA,1,100,0.503591
1755628950.155776,2669382.000,39260,2,EA,1,100,0.503518
1755628950.222777,2669449.000,39260,2,EA,1,100,0.503846
1755628950.289278,2669515.500,39280,2,EA,1,100,0.504539
1755628950.355779,2669582.000,39280,2,EA,1,100,0.504101
1755628950.422780,2669649.000,39296,1,EA,1,100,0.504211
1755628950.489281,2669715.500,39320,2,EA,1,100,0.505125
1755628950.555781,2669782.000,39320,2,EA,1,100,0.504905
1755628950.622282,2669848.500,39337,2,EA,1,100,0.504942
1755628950.688783,2669915.000,39337,2,EA,1,100,0.505455
1755628950.755784,2669982.000,39356,1,EA,1,100,0.505309
1755628950.822285,2670048.500,39372,2,EA,1,100,0.504942
1755628950.888785,2670115.000,39372,2,EA,1,100,0.505639
1755628950.955786,2670182.000,39389,1,EA,1,100,0.506006
1755628951.022287,2670248.500,39404,2,EA,1,100,0.506153
1755628951.088788,2670315.000,39404,2,EA,1,100,0.506448
1755628951.155789,2670382.000,39423,1,EA,1,100,0.506485
1755628951.222289,2670448.500,39439,2,EA,1,100,0.506153
1755628951.288790,2670515.000,39439,2,EA,1,100,0.506485
1755628951.355791,2670582.000,39457,1,EA,1,100,0.506743
1755628951.422292,2670648.500,39472,2,EA,1,100,0.507075
1755628951.488793,2670715.000,39472,2,EA,1,100,0.507408
1755628951.555793,2670782.000,39490,1,EA,1,100,0.507741
1755628951.622294,2670848.500,39509,2,EA,1,100,0.507481
1755628951.688795,2670915.000,39509,2,EA,1,100,0.507852
1755628951.755796,2670982.000,39528,2,EA,1,100,0.508222
1755628951.822797,2671049.000,39528,2,EA,1,100,0.508185
1755628951.888798,2671115.000,39544,1,EA,1,100,0.508371
1755628951.955798,2671182.000,39560,2,EA,1,100,0.508445
1755628952.022799,2671249.000,39560,2,EA,1,100,0.508891
1755628952.088800,2671315.000,39576,1,EA,1,100,0.509450
1755628952.155301,2671381.500,39595,2,EA,1,100,0.509487
1755628952.221802,2671448.000,39595,2,EA,1,100,0.509412
1755628952.288802,2671515.000,39611,1,EA,1,100,0.509599
1755628952.355803,2671582.000,39629,2,EA,1,100,0.509524
1755628952.422804,2671649.000,39629,2,EA,1,100,0.510122
1755628952.488805,2671715.000,39645,1,EA,1,100,0.510908
1755628952.555306,2671781.500,39664,2,EA,1,100,0.510496
1755628952.621806,2671848.000,39664,2,EA,1,100,0.510496
1755628952.688807,2671915.000,39681,1,EA,1,100,0.511020
1755628952.755808,2671982.000,39700,2,EA,1,100,0.510983
1755628952.822809,2672049.000,39700,2,EA,1,100,0.511095
1755628952.888810,2672115.000,39716,1,EA,1,100,0.511734
1755628952.955311,2672181.500,39736,2,EA,1,100,0.511433
1755628953.021811,2672248.000,39736,2,EA,1,100,0.511621
1755628953.088812,2672315.000,39752,1,EA,1,100,0.512186
1755628953.155813,2672382.000,39769,2,EA,1,100,0.512073
1755628953.222814,2672449.000,39769,2,EA,1,100,0.512148
1755628953.288815,2672515.000,39785,1,EA,1,100,0.513054
1755628953.355815,2672582.000,39805,2,EA,1,100,0.512563
1755628953.422816,2672649.000,39805,2,EA,1,100,0.512865
1755628953.488817,2672715.000,39821,1,EA,1,100,0.513621
1755628953.555318,2672781.500,39839,2,EA,1,100,0.513318
1755628953.621819,2672848.000,39839,2,EA,1,100,0.513356
1755628953.688819,2672915.000,39857,2,EA,1,100,0.514153
1755628953.755820,2672982.000,39857,2,EA,1,100,0.513849
1755628953.821821,2673048.000,39876,1,EA,1,100,0.514114
1755628953.888822,2673115.000,39892,2,EA,1,100,0.514494
1755628953.955823,2673182.000,39892,2,EA,1,100,0.514647
1755628954.021823,2673248.000,39912,1,EA,1,100,0.514761
1755628954.088824,2673315.000,39926,2,EA,1,100,0.515561
1755628954.155825,2673382.000,39926,2,EA,1,100,0.515141
1755628954.221826,2673448.000,39943,1,EA,1,100,0.515065
1755628954.288827,2673515.000,39962,2,EA,1,100,0.515790
1755628954.355828,2673582.000,39962,2,EA,1,100,0.515752
1755628954.421828,2673648.000,39979,1,EA,1,100,0.515867
1755628954.488829,2673715.000,39995,2,EA,1,100,0.516594
1755628954.555830,2673782.000,39995,2,EA,1,100,0.516517
1755628954.621831,2673848.000,40012,1,EA,1,100,0.516211
1755628954.688832,2673915.000,40029,2,EA,1,100,0.516671
1755628954.755832,2673982.000,40029,2,EA,1,100,0.517131
1755628954.821833,2674048.000,40046,1,EA,1,100,0.517054
1755628954.888834,2674115.000,40062,2,EA,1,100,0.517862
1755628954.955835,2674182.000,40062,2,EA,1,100,0.517746
1755628955.021836,2674248.000,40080,1,EA,1,100,0.517593
1755628955.088836,2674315.000,40096,2,EA,1,100,0.517978
1755628955.155837,2674382.000,40096,2,EA,1,100,0.518363
1755628955.221838,2674448.000,40115,1,EA,1,100,0.518093
1755628955.288839,2674515.000,40130,2,EA,1,100,0.518479
1755628955.355840,2674582.000,40130,2,EA,1,100,0.518750
1755628955.421841,2674648.000,40149,1,EA,1,100,0.518556
1755628955.488841,2674715.000,40165,2,EA,1,100,0.519291
1755628955.555842,2674782.000,40165,2,EA,1,100,0.519601
1755628955.622343,2674848.500,40190,2,EA,1,100,0.519175
1755628955.688844,2674915.000,40190,2,EA,1,100,0.519834
1755628955.755345,2674981.500,40208,2,EA,1,100,0.519950
1755628955.821845,2675048.000,40208,2,EA,1,100,0.519795
1755628955.888846,2675115.000,40225,1,EA,1,100,0.520300
1755628955.955347,2675181.500,40244,2,EA,1,100,0.520845
1755628956.021848,2675248.000,40244,2,EA,1,100,0.520378
1755628956.088849,2675315.000,40261,1,EA,1,100,0.520845
1755628956.155349,2675381.500,40279,2,EA,1,100,0.521196
1755628956.221850,2675448.000,40279,2,EA,1,100,0.521001
1755628956.288851,2675515.000,40296,1,EA,1,100,0.521352
1755628956.355352,2675581.500,40313,2,EA,1,100,0.521860
1755628956.421853,2675648.000,40313,2,EA,1,100,0.521665
1755628956.488853,2675715.000,40330,1,EA,1,100,0.522016
1755628956.555354,2675781.500,40348,2,EA,1,100,0.522212
1755628956.621855,2675848.000,40348,2,EA,1,100,0.522056
1755628956.688856,2675915.000,40366,1,EA,1,100,0.522644
1755628956.755357,2675981.500,40382,2,EA,1,100,0.523036
1755628956.821858,2676048.000,40382,2,EA,1,100,0.522683
1755628956.888858,2676115.000,40399,1,EA,1,100,0.523351
1755628956.955359,2676181.500,40420,2,EA,1,100,0.523390
1755628957.021860,2676248.000,40420,2,EA,1,100,0.523311
1755628957.088861,2676315.000,40437,1,EA,1,100,0.523823
1755628957.155362,2676381.500,40454,2,EA,1,100,0.524178
1755628957.221862,2676448.000,40454,2,EA,1,100,0.523705
1755628957.288863,2676515.000,40470,1,EA,1,100,0.524218
1755628957.355364,2676581.500,40489,2,EA,1,100,0.524375
1755628957.421865,2676648.000,40489,2,EA,1,100,0.524296
1755628957.488366,2676714.500,40506,2,EA,1,100,0.524968
1755628957.554866,2676781.000,40506,2,EA,1,100,0.525246
1755628957.621867,2676848.000,40524,1,EA,1,100,0.524691
1755628957.688368,2676914.500,40540,2,EA,1,100,0.525722
1755628957.754869,2676981.000,40540,2,EA,1,100,0.525841
1755628957.821870,2677048.000,40558,1,EA,1,100,0.525483
1755628957.888371,2677114.500,40575,2,EA,1,100,0.526199
1755628957.954871,2677181.000,40575,2,EA,1,100,0.526557
1755628958.021872,2677248.000,40596,1,EA,1,100,0.526159
1755628958.088373,2677314.500,40611,2,EA,1,100,0.526796
1755628958.154874,2677381.000,40611,2,EA,1,100,0.527434
1755628958.221875,2677448.000,40629,1,EA,1,100,0.527035
1755628958.288375,2677514.500,40647,2,EA,1,100,0.526875
1755628958.354876,2677581.000,40647,2,EA,1,100,0.527394
1755628958.421877,2677648.000,40665,1,EA,1,100,0.527195
1755628958.488378,2677714.500,40680,2,EA,1,100,0.527514
1755628958.554879,2677781.000,40680,2,EA,1,100,0.528195
1755628958.621879,2677848.000,40698,1,EA,1,100,0.528074
1755628958.688380,2677914.500,40716,2,EA,1,100,0.527954
1755628958.754881,2677981.000,40716,2,EA,1,100,0.528636
1755628958.821882,2678048.000,40732,1,EA,1,100,0.528997
1755628958.888383,2678114.500,40747,2,EA,1,100,0.529077
1755628958.954883,2678181.000,40747,2,EA,1,100,0.529238
1755628959.021884,2678248.000,40766,1,EA,1,100,0.529198
1755628959.088385,2678314.500,40785,2,EA,1,100,0.528876
1755628959.154886,2678381.000,40785,2,EA,1,100,0.529601
1755628959.221887,2678448.000,40801,1,EA,1,100,0.529802
1755628959.288388,2678514.500,40820,2,EA,1,100,0.529762
1755628959.354888,2678581.000,40820,2,EA,1,100,0.529883
1755628959.421389,2678647.500,40837,2,EA,1,100,0.530327
1755628959.487890,2678714.000,40837,2,EA,1,100,0.530327
1755628959.554891,2678781.000,40854,1,EA,1,100,0.530771
1755628959.621392,2678847.500,40873,2,EA,1,100,0.531379
1755628959.687892,2678914.000,40873,2,EA,1,100,0.531095
1755628959.754893,2678981.000,40890,1,EA,1,100,0.530933
1755628959.821394,2679047.500,40904,2,EA,1,100,0.531379
1755628959.887895,2679114.000,40904,2,EA,1,100,0.531258
1755628959.954896,2679181.000,40921,1,EA,1,100,0.531541
1755628960.021396,2679247.500,40938,2,EA,1,100,0.532029
1755628960.087897,2679314.000,40938,2,EA,1,100,0.532069
1755628960.154898,2679381.000,40957,1,EA,1,100,0.532069
1755628960.221399,2679447.500,40973,2,EA,1,100,0.532843
1755628960.287900,2679514.000,40973,2,EA,1,100,0.532436
1755628960.354901,2679581.000,40991,1,EA,1,100,0.532232
1755628960.421401,2679647.500,41007,2,EA,1,100,0.533006
1755628960.487902,2679714.000,41007,2,EA,1,100,0.533537
1755628960.554903,2679781.000,41024,1,EA,1,100,0.533946
1755628960.621404,2679847.500,41039,2,EA,1,100,0.535383
1755628960.687905,2679914.000,41039,2,EA,1,100,0.534890
1755628960.754905,2679981.000,41063,2,EA,1,100,0.534070
1755628960.821906,2680048.000,41063,2,EA,1,100,0.534192
1755628960.888407,2680114.500,41079,2,EA,1,100,0.534479
1755628960.954908,2680181.000,41079,2,EA,1,100,0.534151
1755628961.021909,2680248.000,41097,1,EA,1,100,0.534726
1755628961.088409,2680314.500,41113,2,EA,1,100,0.535054
1755628961.154910,2680381.000,41113,2,EA,1,100,0.535096
1755628961.221911,2680448.000,41132,1,EA,1,100,0.535466
1755628961.288412,2680514.500,41149,2,EA,1,100,0.535754
1755628961.354913,2680581.000,41149,2,EA,1,100,0.535754
1755628961.421913,2680648.000,41166,1,EA,1,100,0.535795
1755628961.488414,2680714.500,41182,2,EA,1,100,0.536250
1755628961.554915,2680781.000,41182,2,EA,1,100,0.536456
1755628961.621916,2680848.000,41199,1,EA,1,100,0.536787
1755628961.688417,2680914.500,41216,2,EA,1,100,0.536994
1755628961.754918,2680981.000,41216,2,EA,1,100,0.536787
1755628961.821918,2681048.000,41233,1,EA,1,100,0.537118
1755628961.888419,2681114.500,41251,2,EA,1,100,0.537408
1755628961.954920,2681181.000,41251,2,EA,1,100,0.537408
1755628962.021921,2681248.000,41269,1,EA,1,100,0.537616
1755628962.088422,2681314.500,41285,2,EA,1,100,0.537990
1755628962.154922,2681381.000,41285,2,EA,1,100,0.537782
1755628962.221923,2681448.000,41302,1,EA,1,100,0.537948
1755628962.288424,2681514.500,41321,2,EA,1,100,0.538489
1755628962.354925,2681581.000,41321,2,EA,1,100,0.538614
1755628962.420926,2681647.000,41342,1,EA,1,100,0.538572
1755628962.487926,2681714.000,41356,2,EA,1,100,0.539365
1755628962.554927,2681781.000,41356,2,EA,1,100,0.539449
1755628962.620928,2681847.000,41375,1,EA,1,100,0.538989
1755628962.687929,2681914.000,41392,2,EA,1,100,0.539574
1755628962.754930,2681981.000,41392,2,EA,1,100,0.540286
1755628962.821931,2682048.000,41411,1,EA,1,100,0.540118
1755628962.888431,2682114.500,41426,2,EA,1,100,0.540916
1755628962.954932,2682181.000,41426,2,EA,1,100,0.540706
1755628963.020933,2682247.000,41443,1,EA,1,100,0.539951
1755628963.087934,2682314.000,41459,2,EA,1,100,0.540622
1755628963.154935,2682381.000,41459,2,EA,1,100,0.540832
1755628963.221435,2682447.500,41476,2,EA,1,100,0.540874
1755628963.287936,2682514.000,41476,2,EA,1,100,0.541378
1755628963.354937,2682581.000,41493,1,EA,1,100,0.541378
1755628963.421438,2682647.500,41510,2,EA,1,100,0.541547
1755628963.487939,2682714.000,41510,2,EA,1,100,0.541800
1755628963.554939,2682781.000,41526,1,EA,1,100,0.542010
1755628963.621440,2682847.500,41544,2,EA,1,100,0.542222
1755628963.687941,2682914.000,41544,2,EA,1,100,0.542814
1755628963.754942,2682981.000,41560,1,EA,1,100,0.542983
1755628963.821443,2683047.500,41577,2,EA,1,100,0.542517
1755628963.887943,2683114.000,41577,2,EA,1,100,0.542983
1755628963.954944,2683181.000,41593,1,EA,1,100,0.543704
1755628964.021445,2683247.500,41613,2,EA,1,100,0.543704
1755628964.087946,2683314.000,41613,2,EA,1,100,0.543746
1755628964.154947,2683381.000,41629,1,EA,1,100,0.544426
1755628964.221448,2683447.500,41644,2,EA,1,100,0.544426
1755628964.287948,2683514.000,41644,2,EA,1,100,0.544341
1755628964.354949,2683581.000,41663,1,EA,1,100,0.545066
1755628964.421450,2683647.500,41680,2,EA,1,100,0.544810
1755628964.487951,2683714.000,41680,2,EA,1,100,0.545023
1755628964.554952,2683781.000,41696,1,EA,1,100,0.545279
1755628964.621452,2683847.500,41712,2,EA,1,100,0.545535
1755628964.687953,2683914.000,41712,2,EA,1,100,0.545493
1755628964.754954,2683981.000,41728,1,EA,1,100,0.546349
1755628964.821455,2684047.500,41745,2,EA,1,100,0.546177
1755628964.887956,2684114.000,41745,2,EA,1,100,0.546091
1755628964.954956,2684181.000,41761,1,EA,1,100,0.546477
1755628965.021457,2684247.500,41778,2,EA,1,100,0.546692
1755628965.087958,2684314.000,41778,2,EA,1,100,0.546864
1755628965.154959,2684381.000,41793,1,EA,1,100,0.547337
1755628965.221460,2684447.500,41812,2,EA,1,100,0.547423
1755628965.287961,2684514.000,41812,2,EA,1,100,0.547379
1755628965.354461,2684580.500,41831,2,EA,1,100,0.547854
1755628965.420962,2684647.000,41831,2,EA,1,100,0.548501
1755628965.487963,2684714.000,41850,1,EA,1,100,0.548156
1755628965.554464,2684780.500,41864,2,EA,1,100,0.548587
1755628965.620965,2684847.000,41864,2,EA,1,100,0.548890
1755628965.687965,2684914.000,41884,1,EA,1,100,0.548674
1755628965.754466,2684980.500,41900,2,EA,1,100,0.549106
1755628965.820967,2685047.000,41900,2,EA,1,100,0.549931
1755628965.887468,2685113.500,41922,2,EA,1,100,0.550235
1755628965.953969,2685180.000,41922,2,EA,1,100,0.551149
1755628966.020969,2685247.000,41939,1,EA,1,100,0.551280
1755628966.087470,2685313.500,41957,2,EA,1,100,0.551280
1755628966.153971,2685380.000,41957,2,EA,1,100,0.551586
1755628966.220972,2685447.000,41972,1,EA,1,100,0.552549
1755628966.287473,2685513.500,41990,2,EA,1,100,0.552856
1755628966.353973,2685580.000,41990,2,EA,1,100,0.553384
1755628966.420974,2685647.000,42008,2,EA,1,100,0.553428
1755628966.487975,2685714.000,42008,2,EA,1,100,0.553780
1755628966.553976,2685780.000,42027,1,EA,1,100,0.553824
1755628966.620977,2685847.000,42042,2,EA,1,100,0.554353
1755628966.687978,2685914.000,42042,2,EA,1,100,0.554132
1755628966.753978,2685980.000,42059,1,EA,1,100,0.554088
1755628966.820979,2686047.000,42075,2,EA,1,100,0.554662
1755628966.887980,2686114.000,42075,2,EA,1,100,0.555016
1755628966.953981,2686180.000,42092,1,EA,1,100,0.554706
1755628967.020982,2686247.000,42107,2,EA,1,100,0.555193
1755628967.087982,2686314.000,42107,2,EA,1,100,0.555680
1755628967.153983,2686380.000,42126,1,EA,1,100,0.555592
1755628967.220984,2686447.000,42142,2,EA,1,100,0.555902
1755628967.287985,2686514.000,42142,2,EA,1,100,0.556480
1755628967.353986,2686580.000,42164,1,EA,1,100,0.556213
1755628967.420986,2686647.000,42180,2,EA,1,100,0.556480
1755628967.487987,2686714.000,42180,2,EA,1,100,0.556969
1755628967.553988,2686780.000,42199,1,EA,1,100,0.556969
1755628967.620989,2686847.000,42216,2,EA,1,100,0.556925
1755628967.687990,2686914.000,42216,2,EA,1,100,0.557594
1755628967.753991,2686980.000,42233,1,EA,1,100,0.557906
1755628967.820991,2687047.000,42249,2,EA,1,100,0.557639
1755628967.887992,2687114.000,42249,2,EA,1,100,0.558220
1755628967.953993,2687180.000,42266,1,EA,1,100,0.558220
1755628968.020994,2687247.000,42283,2,EA,1,100,0.558220
1755628968.087995,2687314.000,42283,2,EA,1,100,0.559026
1755628968.153995,2687380.000,42302,1,EA,1,100,0.558937
1755628968.220996,2687447.000,42317,2,EA,1,100,0.558489
1755628968.287997,2687514.000,42317,2,EA,1,100,0.558713
1755628968.353998,2687580.000,42336,1,EA,1,100,0.558847
1755628968.420999,2687647.000,42352,2,EA,1,100,0.559611
1755628968.487999,2687714.000,42352,2,EA,1,100,0.562005
1755628968.554500,2687780.500,42371,2,EA,1,100,0.563096
1755628968.621001,2687847.000,42371,2,EA,1,100,0.561823
1755628968.688002,2687914.000,42388,1,EA,1,100,0.560647
1755628968.754503,2687980.500,42403,2,EA,1,100,0.560331
1755628968.821003,2688047.000,42403,2,EA,1,100,0.560061
1755628968.887004,2688113.000,42419,1,EA,1,100,0.560151
1755628968.954005,2688180.000,42437,2,EA,1,100,0.560738
1755628969.021006,2688247.000,42437,2,EA,1,100,0.560692
1755628969.088007,2688314.000,42453,1,EA,1,100,0.561099
1755628969.154508,2688380.500,42470,2,EA,1,100,0.561506
1755628969.221008,2688447.000,42470,2,EA,1,100,0.560828
1755628969.287009,2688513.000,42486,1,EA,1,100,0.560828
1755628969.354010,2688580.000,42506,2,EA,1,100,0.561552
1755628969.421011,2688647.000,42506,2,EA,1,100,0.561416
1755628969.487012,2688713.000,42522,1,EA,1,100,0.561190
1755628969.554012,2688780.000,42537,2,EA,1,100,0.562186
1755628969.621013,2688847.000,42537,2,EA,1,100,0.562368
1755628969.687014,2688913.000,42554,1,EA,1,100,0.562868
1755628969.754015,2688980.000,42571,2,EA,1,100,0.563506
1755628969.821016,2689047.000,42571,2,EA,1,100,0.563779
1755628969.888016,2689114.000,42587,1,EA,1,100,0.563871
1755628969.954517,2689180.500,42603,2,EA,1,100,0.564511
1755628970.021018,2689247.000,42603,2,EA,1,100,0.564648
1755628970.087019,2689313.000,42621,1,EA,1,100,0.564603
1755628970.154020,2689380.000,42640,2,EA,1,100,0.564969
1755628970.221021,2689447.000,42640,2,EA,1,100,0.564969
1755628970.287021,2689513.000,42656,1,EA,1,100,0.564740
1755628970.354022,2689580.000,42673,2,EA,1,100,0.565290
1755628970.421023,2689647.000,42673,2,EA,1,100,0.565658
1755628970.487024,2689713.000,42688,1,EA,1,100,0.565474
1755628970.554025,2689780.000,42705,2,EA,1,100,0.565520
1755628970.621025,2689847.000,42705,2,EA,1,100,0.566256
1755628970.687526,2689913.500,42724,2,EA,1,100,0.565796
1755628970.754027,2689980.000,42724,2,EA,1,100,0.566394
1755628970.821028,2690047.000,42741,1,EA,1,100,0.566901
1755628970.887529,2690113.500,42757,2,EA,1,100,0.566993
1755628970.954029,2690180.000,42757,2,EA,1,100,0.567086
1755628971.020530,2690246.500,42780,2,EA,1,100,0.567779
1755628971.087031,2690313.000,42780,2,EA,1,100,0.567733
1755628971.154032,2690380.000,42798,1,EA,1,100,0.567086
1755628971.220533,2690446.500,42815,2,EA,1,100,0.567733
1755628971.287033,2690513.000,42815,2,EA,1,100,0.568104
1755628971.354034,2690580.000,42834,1,EA,1,100,0.568104
1755628971.420535,2690646.500,42850,2,EA,1,100,0.568846
1755628971.487036,2690713.000,42850,2,EA,1,100,0.569079
1755628971.554037,2690780.000,42867,2,EA,1,100,0.568893
1755628971.621038,2690847.000,42867,2,EA,1,100,0.568939
1755628971.687038,2690913.000,42885,1,EA,1,100,0.569871
1755628971.754039,2690980.000,42901,2,EA,1,100,0.570058
1755628971.821040,2691047.000,42901,2,EA,1,100,0.570431
1755628971.887041,2691113.000,42920,1,EA,1,100,0.570104
1755628971.953542,2691179.500,42935,2,EA,1,100,0.569685
1755628972.020042,2691246.000,42935,2,EA,1,100,0.570058
1755628972.087043,2691313.000,42954,1,EA,1,100,0.570571
1755628972.153544,2691379.500,42970,2,EA,1,100,0.570431
1755628972.220045,2691446.000,42970,2,EA,1,100,0.570525
1755628972.287046,2691513.000,42987,1,EA,1,100,0.571180
1755628972.353546,2691579.500,43006,2,EA,1,100,0.571367
1755628972.420047,2691646.000,43006,2,EA,1,100,0.571180
1755628972.487048,2691713.000,43023,1,EA,1,100,0.572260
1755628972.553549,2691779.500,43041,2,EA,1,100,0.572354
1755628972.620050,2691846.000,43041,2,EA,1,100,0.572072
1755628972.687051,2691913.000,43059,1,EA,1,100,0.572872
1755628972.753551,2691979.500,43075,2,EA,1,100,0.573249
1755628972.820052,2692046.000,43075,2,EA,1,100,0.572824
1755628972.887053,2692113.000,43094,1,EA,1,100,0.573202
1755628972.953554,2692179.500,43113,2,EA,1,100,0.574053
1755628973.020055,2692246.000,43113,2,EA,1,100,0.573769
1755628973.087055,2692313.000,43130,1,EA,1,100,0.573627
1755628973.153556,2692379.500,43146,2,EA,1,100,0.574289
1755628973.220057,2692446.000,43146,2,EA,1,100,0.574289
1755628973.287058,2692513.000,43163,1,EA,1,100,0.574479
1755628973.353559,2692579.500,43180,2,EA,1,100,0.575238
1755628973.420059,2692646.000,43180,2,EA,1,100,0.575428
1755628973.487060,2692713.000,43199,1,EA,1,100,0.574906
1755628973.553561,2692779.500,43214,2,EA,1,100,0.575476
1755628973.620062,2692846.000,43214,2,EA,1,100,0.575143
1755628973.687063,2692913.000,43231,1,EA,1,100,0.575143
1755628973.753563,2692979.500,43249,2,EA,1,100,0.575666
1755628973.820064,2693046.000,43249,2,EA,1,100,0.575761
1755628973.887065,2693113.000,43268,2,EA,1,100,0.575761
1755628973.954066,2693180.000,43268,2,EA,1,100,0.576381
1755628974.020067,2693246.000,43287,1,EA,1,100,0.576286
1755628974.087068,2693313.000,43302,2,EA,1,100,0.575952
1755628974.154068,2693380.000,43302,2,EA,1,100,0.576286
1755628974.220069,2693446.000,43318,1,EA,1,100,0.577002
1755628974.287070,2693513.000,43336,2,EA,1,100,0.576907
1755628974.354071,2693580.000,43336,2,EA,1,100,0.577289
1755628974.420072,2693646.000,43352,1,EA,1,100,0.577721
1755628974.487072,2693713.000,43369,2,EA,1,100,0.577625
1755628974.554073,2693780.000,43369,2,EA,1,100,0.577385
1755628974.620074,2693846.000,43385,1,EA,1,100,0.578056
1755628974.687075,2693913.000,43403,2,EA,1,100,0.578200
1755628974.754076,2693980.000,43403,2,EA,1,100,0.578392
1755628974.820076,2694046.000,43419,1,EA,1,100,0.578825
1755628974.887077,2694113.000,43436,2,EA,1,100,0.579210
1755628974.954078,2694180.000,43436,2,EA,1,100,0.579210
1755628975.020079,2694246.000,43453,1,EA,1,100,0.579789
1755628975.087080,2694313.000,43470,2,EA,1,100,0.579934
1755628975.154081,2694380.000,43470,2,EA,1,100,0.580224
1755628975.220081,2694446.000,43486,1,EA,1,100,0.580563
1755628975.287082,2694513.000,43504,2,EA,1,100,0.580805
1755628975.354083,2694580.000,43504,2,EA,1,100,0.580224
1755628975.420084,2694646.000,43520,1,EA,1,100,0.580708
1755628975.487085,2694713.000,43539,2,EA,1,100,0.581241
1755628975.554085,2694780.000,43539,2,EA,1,100,0.581047
1755628975.620086,2694846.000,43555,1,EA,1,100,0.581387
1755628975.687087,2694913.000,43573,2,EA,1,100,0.581678
1755628975.754088,2694980.000,43573,2,EA,1,100,0.581630
1755628975.820089,2695046.000,43591,1,EA,1,100,0.582213
1755628975.887089,2695113.000,43608,2,EA,1,100,0.581338
1755628975.954090,2695180.000,43608,2,EA,1,100,0.581921
1755628976.020091,2695246.000,43625,1,EA,1,100,0.585002
1755628976.086759,2695312.667,43648,3,EA,1,100,0.582554
1755628976.153426,2695379.333,43648,3,EA,1,100,0.582262
1755628976.220093,2695446.000,43648,3,EA,1,100,0.583628
1755628976.287094,2695513.000,43664,1,EA,1,100,0.584069
1755628976.353595,2695579.500,43682,2,EA,1,100,0.583628
1755628976.420096,2695646.000,43682,2,EA,1,100,0.582847
1755628976.487097,2695713.000,43698,1,EA,1,100,0.582798
1755628976.553598,2695779.500,43715,2,EA,1,100,0.583335
1755628976.620098,2695846.000,43715,2,EA,1,100,0.584069
1755628976.687099,2695913.000,43732,1,EA,1,100,0.584560
1755628976.753600,2695979.500,43749,2,EA,1,100,0.584560
1755628976.820101,2696046.000,43749,2,EA,1,100,0.584560
1755628976.887102,2696113.000,43767,1,EA,1,100,0.585987
1755628976.953602,2696179.500,43785,2,EA,1,100,0.586777
1755628977.020103,2696246.000,43785,2,EA,1,100,0.587222
1755628977.087104,2696313.000,43801,1,EA,1,100,0.588313
1755628977.153605,2696379.500,43819,2,EA,1,100,0.587966
1755628977.220106,2696446.000,43819,2,EA,1,100,0.587519
1755628977.287106,2696513.000,43834,1,EA,1,100,0.587371
1755628977.353607,2696579.500,43854,2,EA,1,100,0.586975
1755628977.420108,2696646.000,43854,2,EA,1,100,0.586678
1755628977.487109,2696713.000,43870,1,EA,1,100,0.587867
1755628977.553610,2696779.500,43888,2,EA,1,100,0.589210
1755628977.620111,2696846.000,43888,2,EA,1,100,0.587767
1755628977.686611,2696912.500,43904,2,EA,1,100,0.588413
1755628977.753112,2696979.000,43904,2,EA,1,100,0.588961
1755628977.820113,2697046.000,43923,1,EA,1,100,0.589060
1755628977.886614,2697112.500,43941,2,EA,1,100,0.588911
1755628977.953115,2697179.000,43941,2,EA,1,100,0.589409
1755628978.020115,2697246.000,43959,1,EA,1,100,0.589360
1755628978.086616,2697312.500,43973,2,EA,1,100,0.589559
1755628978.153117,2697379.000,43973,2,EA,1,100,0.589809
1755628978.220118,2697446.000,43990,1,EA,1,100,0.590059
1755628978.286619,2697512.500,44007,2,EA,1,100,0.589859
1755628978.353119,2697579.000,44007,2,EA,1,100,0.590359
1755628978.420120,2697646.000,44024,1,EA,1,100,0.590609
1755628978.486621,2697712.500,44040,2,EA,1,100,0.590359
1755628978.553122,2697779.000,44040,2,EA,1,100,0.590760
1755628978.620123,2697846.000,44059,1,EA,1,100,0.591111
1755628978.686623,2697912.500,44078,2,EA,1,100,0.590860
1755628978.753124,2697979.000,44078,2,EA,1,100,0.590860
1755628978.820125,2698046.000,44095,1,EA,1,100,0.591060
1755628978.886626,2698112.500,44109,2,EA,1,100,0.591412
1755628978.953127,2698179.000,44109,2,EA,1,100,0.591865
1755628979.020128,2698246.000,44127,1,EA,1,100,0.592570
1755628979.086628,2698312.500,44145,2,EA,1,100,0.592671
1755628979.153129,2698379.000,44145,2,EA,1,100,0.592671
1755628979.220130,2698446.000,44162,1,EA,1,100,0.593074
1755628979.286631,2698512.500,44179,2,EA,1,100,0.593378
1755628979.353132,2698579.000,44179,2,EA,1,100,0.592822
1755628979.420132,2698646.000,44196,1,EA,1,100,0.593479
1755628979.486633,2698712.500,44214,2,EA,1,100,0.593378
1755628979.553134,2698779.000,44214,2,EA,1,100,0.593580
1755628979.620135,2698846.000,44231,1,EA,1,100,0.594289
1755628979.686636,2698912.500,44249,2,EA,1,100,0.594493
1755628979.753136,2698979.000,44249,2,EA,1,100,0.594340
1755628979.819637,2699045.500,44265,2,EA,1,100,0.594950
1755628979.886138,2699112.000,44265,2,EA,1,100,0.594797
1755628979.953139,2699179.000,44281,1,EA,1,100,0.594695
1755628980.019640,2699245.500,44301,2,EA,1,100,0.595306
1755628980.086141,2699312.000,44301,2,EA,1,100,0.595356
1755628980.153141,2699379.000,44317,1,EA,1,100,0.595306
1755628980.219642,2699445.500,44332,2,EA,1,100,0.595662
1755628980.286143,2699512.000,44332,2,EA,1,100,0.596172
1755628980.353144,2699579.000,44349,1,EA,1,100,0.596223
1755628980.419645,2699645.500,44368,2,EA,1,100,0.596479
1755628980.486145,2699712.000,44368,2,EA,1,100,0.597042
1755628980.553146,2699779.000,44386,1,EA,1,100,0.596632
1755628980.619647,2699845.500,44402,2,EA,1,100,0.596734
1755628980.686148,2699912.000,44402,2,EA,1,100,0.597093
1755628980.753149,2699979.000,44418,1,EA,1,100,0.597349
1755628980.819649,2700045.500,44435,2,EA,1,100,0.597656
1755628980.886150,2700112.000,44435,2,EA,1,100,0.598170
1755628980.953151,2700179.000,44453,1,EA,1,100,0.598067
1755628981.019652,2700245.500,44469,2,EA,1,100,0.598067
1755628981.086153,2700312.000,44469,2,EA,1,100,0.598736
1755628981.153153,2700379.000,44485,1,EA,1,100,0.598993
1755628981.219654,2700445.500,44509,2,EA,1,100,0.599148
1755628981.286155,2700512.000,44509,2,EA,1,100,0.599097
1755628981.353156,2700579.000,44528,2,EA,1,100,0.597246
1755628981.420157,2700646.000,44528,2,EA,1,100,0.596479
1755628981.486158,2700712.000,44545,1,EA,1,100,0.597605
1755628981.553158,2700779.000,44560,2,EA,1,100,0.601166
1755628981.620159,2700846.000,44560,2,EA,1,100,0.603877
1755628981.686160,2700912.000,44577,1,EA,1,100,0.603197
1755628981.753161,2700979.000,44595,2,EA,1,100,0.602727
1755628981.820162,2701046.000,44595,2,EA,1,100,0.602153
1755628981.886662,2701112.500,44612,2,EA,1,100,0.601685
1755628981.953163,2701179.000,44612,2,EA,1,100,0.599251
1755628982.020164,2701246.000,44629,1,EA,1,100,0.599715
1755628982.086665,2701312.500,44644,2,EA,1,100,0.602779
1755628982.153166,2701379.000,44644,2,EA,1,100,0.603197
1755628982.220166,2701446.000,44660,1,EA,1,100,0.603929
1755628982.286667,2701512.500,44682,2,EA,1,100,0.604139
1755628982.353168,2701579.000,44682,2,EA,1,100,0.603929
1755628982.420169,2701646.000,44700,1,EA,1,100,0.603092
1755628982.486670,2701712.500,44715,2,EA,1,100,0.603353
1755628982.553171,2701779.000,44715,2,EA,1,100,0.603615
1755628982.619171,2701845.000,44731,1,EA,1,100,0.603406
1755628982.686172,2701912.000,44749,2,EA,1,100,0.603458
1755628982.753173,2701979.000,44749,2,EA,1,100,0.604086
1755628982.819174,2702045.000,44767,1,EA,1,100,0.603982
1755628982.886175,2702112.000,44782,2,EA,1,100,0.604559
1755628982.953175,2702179.000,44782,2,EA,1,100,0.605558
1755628983.019176,2702245.000,44799,1,EA,1,100,0.606190
1755628983.086177,2702312.000,44818,2,EA,1,100,0.605558
1755628983.153178,2702379.000,44818,2,EA,1,100,0.605979
1755628983.219179,2702445.000,44836,1,EA,1,100,0.605505
1755628983.286179,2702512.000,44852,2,EA,1,100,0.606349
1755628983.353180,2702579.000,44852,2,EA,1,100,0.607089
1755628983.419181,2702645.000,44870,1,EA,1,100,0.606560
1755628983.486182,2702712.000,44887,2,EA,1,100,0.606824
1755628983.553183,2702779.000,44887,2,EA,1,100,0.607513
1755628983.619183,2702845.000,44905,1,EA,1,100,0.606877
1755628983.686184,2702912.000,44922,2,EA,1,100,0.606877
1755628983.753185,2702979.000,44922,2,EA,1,100,0.607354
1755628983.819186,2703045.000,44937,1,EA,1,100,0.607406
1755628983.886187,2703112.000,44954,2,EA,1,100,0.607460
1755628983.953188,2703179.000,44954,2,EA,1,100,0.608150
1755628984.019688,2703245.500,44971,2,EA,1,100,0.607937
1755628984.086189,2703312.000,44971,2,EA,1,100,0.608202
1755628984.153190,2703379.000,44988,1,EA,1,100,0.608841
1755628984.219691,2703445.500,45006,2,EA,1,100,0.608734
1755628984.286192,2703512.000,45006,2,EA,1,100,0.608681
1755628984.353192,2703579.000,45024,1,EA,1,100,0.609480
1755628984.419693,2703645.500,45042,2,EA,1,100,0.609267
1755628984.486194,2703712.000,45042,2,EA,1,100,0.609000
1755628984.553195,2703779.000,45059,1,EA,1,100,0.610175
1755628984.619696,2703845.500,45076,2,EA,1,100,0.610121
1755628984.686196,2703912.000,45076,2,EA,1,100,0.609747
1755628984.753197,2703979.000,45093,1,EA,1,100,0.610442
1755628984.819698,2704045.500,45109,2,EA,1,100,0.610496
1755628984.886199,2704112.000,45109,2,EA,1,100,0.610282
1755628984.953200,2704179.000,45126,1,EA,1,100,0.611193
1755628985.019701,2704245.500,45143,2,EA,1,100,0.611622
1755628985.086201,2704312.000,45143,2,EA,1,100,0.611139
1755628985.153202,2704379.000,45162,1,EA,1,100,0.611246
1755628985.219703,2704445.500,45178,2,EA,1,100,0.611622
1755628985.286204,2704512.000,45178,2,EA,1,100,0.609961
1755628985.353205,2704579.000,45196,1,EA,1,100,0.611139
1755628985.419705,2704645.500,45210,2,EA,1,100,0.613076
1755628985.486206,2704712.000,45210,2,EA,1,100,0.613941
1755628985.552207,2704778.000,45227,1,EA,1,100,0.614754
1755628985.619208,2704845.000,45246,2,EA,1,100,0.614429
1755628985.686209,2704912.000,45246,2,EA,1,100,0.613724
1755628985.752209,2704978.000,45263,1,EA,1,100,0.613724
1755628985.819210,2705045.000,45277,2,EA,1,100,0.614158
1755628985.886211,2705112.000,45277,2,EA,1,100,0.614049
1755628985.952212,2705178.000,45294,1,EA,1,100,0.614483
1755628986.019213,2705245.000,45313,2,EA,1,100,0.614700
1755628986.086213,2705312.000,45313,2,EA,1,100,0.614646
1755628986.153214,2705379.000,45330,1,EA,1,100,0.615026
1755628986.219715,2705445.500,45345,2,EA,1,100,0.615243
1755628986.286216,2705512.000,45345,2,EA,1,100,0.615243
1755628986.352883,2705578.667,45367,3,EA,1,100,0.615515
1755628986.419551,2705645.333,45367,3,EA,1,100,0.615406
1755628986.486218,2705712.000,45367,3,EA,1,100,0.615678
1755628986.553219,2705779.000,45383,1,EA,1,100,0.616060
1755628986.619720,2705845.500,45401,2,EA,1,100,0.616606
1755628986.686221,2705912.000,45401,2,EA,1,100,0.616496
1755628986.752222,2705978.000,45417,1,EA,1,100,0.616441
1755628986.819222,2706045.000,45436,2,EA,1,100,0.616933
1755628986.886223,2706112.000,45436,2,EA,1,100,0.617043
1755628986.952224,2706178.000,45452,1,EA,1,100,0.617152
1755628987.019225,2706245.000,45470,2,EA,1,100,0.617480
1755628987.086226,2706312.000,45470,2,EA,1,100,0.617207
1755628987.152226,2706378.000,45488,1,EA,1,100,0.617700
1755628987.219227,2706445.000,45507,2,EA,1,100,0.618303
1755628987.286228,2706512.000,45507,2,EA,1,100,0.618083
1755628987.352229,2706578.000,45524,1,EA,1,100,0.618303
1755628987.419230,2706645.000,45543,2,EA,1,100,0.618577
1755628987.486231,2706712.000,45543,2,EA,1,100,0.618358
1755628987.552231,2706778.000,45559,1,EA,1,100,0.618742
1755628987.619232,2706845.000,45577,2,EA,1,100,0.617809
1755628987.686233,2706912.000,45577,2,EA,1,100,0.616496
1755628987.752234,2706978.000,45593,1,EA,1,100,0.616879
1755628987.819235,2707045.000,45608,2,EA,1,100,0.619679
1755628987.886235,2707112.000,45608,2,EA,1,100,0.620231
1755628987.952236,2707178.000,45626,1,EA,1,100,0.619624
1755628988.019237,2707245.000,45644,2,EA,1,100,0.619844
1755628988.086238,2707312.000,45644,2,EA,1,100,0.620452
1755628988.152239,2707378.000,45660,1,EA,1,100,0.621781
1755628988.219239,2707445.000,45676,2,EA,1,100,0.626312
1755628988.286240,2707512.000,45676,2,EA,1,100,0.624178
1755628988.352741,2707578.500,45694,2,EA,1,100,0.622449
1755628988.419242,2707645.000,45694,2,EA,1,100,0.622838
1755628988.486243,2707712.000,45711,1,EA,1,100,0.621726
1755628988.552743,2707778.500,45727,2,EA,1,100,0.621837
1755628988.619244,2707845.000,45727,2,EA,1,100,0.622838
1755628988.686245,2707912.000,45745,1,EA,1,100,0.623173
1755628988.752746,2707978.500,45759,2,EA,1,100,0.622894
1755628988.819247,2708045.000,45759,2,EA,1,100,0.623061
1755628988.885248,2708111.000,45778,1,EA,1,100,0.622782
1755628988.952248,2708178.000,45795,2,EA,1,100,0.622282
1755628989.019249,2708245.000,45795,2,EA,1,100,0.623396
1755628989.085250,2708311.000,45812,1,EA,1,100,0.623955
1755628989.152251,2708378.000,45826,2,EA,1,100,0.624067
1755628989.219252,2708445.000,45826,2,EA,1,100,0.624402
1755628989.285252,2708511.000,45843,1,EA,1,100,0.624738
1755628989.352253,2708578.000,45862,2,EA,1,100,0.624235
1755628989.419254,2708645.000,45862,2,EA,1,100,0.624178
1755628989.485255,2708711.000,45879,1,EA,1,100,0.624458
1755628989.552256,2708778.000,45893,2,EA,1,100,0.624570
1755628989.619256,2708845.000,45893,2,EA,1,100,0.624907
1755628989.685257,2708911.000,45911,1,EA,1,100,0.625468
1755628989.752258,2708978.000,45927,2,EA,1,100,0.625580
1755628989.819259,2709045.000,45927,2,EA,1,100,0.625693
1755628989.885260,2709111.000,45946,1,EA,1,100,0.625693
1755628989.952261,2709178.000,45963,2,EA,1,100,0.625862
1755628990.019261,2709245.000,45963,2,EA,1,100,0.626031
1755628990.085262,2709311.000,45980,1,EA,1,100,0.626650
1755628990.152263,2709378.000,45996,2,EA,1,100,0.626481
1755628990.219264,2709445.000,45996,2,EA,1,100,0.626538
1755628990.285265,2709511.000,46013,1,EA,1,100,0.626989
1755628990.352265,2709578.000,46031,2,EA,1,100,0.626481
1755628990.419266,2709645.000,46031,2,EA,1,100,0.625580
1755628990.485767,2709711.500,46047,2,EA,1,100,0.623787
1755628990.552268,2709778.000,46047,2,EA,1,100,0.623619
1755628990.619269,2709845.000,46063,1,EA,1,100,0.625974
1755628990.685769,2709911.500,46081,2,EA,1,100,0.628177
1755628990.752270,2709978.000,46081,2,EA,1,100,0.629540
1755628990.819271,2710045.000,46097,1,EA,1,100,0.629996
1755628990.885772,2710111.500,46112,2,EA,1,100,0.630110
1755628990.952273,2710178.000,46112,2,EA,1,100,0.630281
1755628991.019273,2710245.000,46129,1,EA,1,100,0.630338
1755628991.085774,2710311.500,46150,2,EA,1,100,0.630395
1755628991.152275,2710378.000,46150,2,EA,1,100,0.630167
1755628991.219276,2710445.000,46166,1,EA,1,100,0.629825
1755628991.285777,2710511.500,46182,2,EA,1,100,0.630452
1755628991.352278,2710578.000,46182,2,EA,1,100,0.630224
1755628991.419278,2710645.000,46198,1,EA,1,100,0.630738
1755628991.485779,2710711.500,46220,2,EA,1,100,0.631768
1755628991.552280,2710778.000,46220,2,EA,1,100,0.631940
1755628991.618781,2710844.500,46239,2,EA,1,100,0.628347
1755628991.685282,2710911.000,46239,2,EA,1,100,0.624290
1755628991.752282,2710978.000,46256,1,EA,1,100,0.630395
1755628991.818783,2711044.500,46271,2,EA,1,100,0.635574
1755628991.885284,2711111.000,46271,2,EA,1,100,0.633781
1755628991.952285,2711178.000,46287,1,EA,1,100,0.633320
1755628992.018786,2711244.500,46306,2,EA,1,100,0.632686
1755628992.085286,2711311.000,46306,2,EA,1,100,0.632802
1755628992.152287,2711378.000,46325,2,EA,1,100,0.633608
1755628992.219288,2711445.000,46325,2,EA,1,100,0.633320
1755628992.285289,2711511.000,46341,1,EA,1,100,0.633089
1755628992.352290,2711578.000,46359,2,EA,1,100,0.633377
1755628992.419291,2711645.000,46359,2,EA,1,100,0.633147
1755628992.485291,2711711.000,46375,1,EA,1,100,0.633550
1755628992.552292,2711778.000,46392,2,EA,1,100,0.633032
1755628992.619293,2711845.000,46392,2,EA,1,100,0.633608
1755628992.685294,2711911.000,46409,1,EA,1,100,0.634821
1755628992.751795,2711977.500,46426,2,EA,1,100,0.634937
1755628992.818295,2712044.000,46426,2,EA,1,100,0.634763
1755628992.885296,2712111.000,46442,1,EA,1,100,0.634705
1755628992.952297,2712178.000,46460,2,EA,1,100,0.635110
1755628993.019298,2712245.000,46460,2,EA,1,100,0.635516
1755628993.085299,2712311.000,46480,1,EA,1,100,0.635574
1755628993.151799,2712377.500,46495,2,EA,1,100,0.635574
1755628993.218300,2712444.000,46495,2,EA,1,100,0.635574
1755628993.285301,2712511.000,46511,1,EA,1,100,0.635981
1755628993.351802,2712577.500,46531,2,EA,1,100,0.636388
1755628993.418303,2712644.000,46531,2,EA,1,100,0.636039
1755628993.485303,2712711.000,46547,1,EA,1,100,0.635923
1755628993.551804,2712777.500,46562,2,EA,1,100,0.636155
1755628993.618305,2712844.000,46562,2,EA,1,100,0.636213
1755628993.685306,2712911.000,46579,1,EA,1,100,0.636912
1755628993.751807,2712977.500,46596,2,EA,1,100,0.637203
1755628993.818308,2713044.000,46596,2,EA,1,100,0.637320
1755628993.885308,2713111.000,46612,1,EA,1,100,0.637670
1755628993.951809,2713177.500,46629,2,EA,1,100,0.638079
1755628994.018310,2713244.000,46629,2,EA,1,100,0.638313
1755628994.085311,2713311.000,46644,1,EA,1,100,0.638430
1755628994.151812,2713377.500,46665,2,EA,1,100,0.638606
1755628994.218312,2713444.000,46665,2,EA,1,100,0.638488
1755628994.285313,2713511.000,46682,2,EA,1,100,0.638079
1755628994.352314,2713578.000,46682,2,EA,1,100,0.637962
1755628994.418315,2713644.000,46699,1,EA,1,100,0.638781
1755628994.485316,2713711.000,46713,2,EA,1,100,0.640133
1755628994.552316,2713778.000,46713,2,EA,1,100,0.640544
1755628994.618317,2713844.000,46730,1,EA,1,100,0.640191
1755628994.685318,2713911.000,46749,2,EA,1,100,0.640309
1755628994.752319,2713978.000,46749,2,EA,1,100,0.640486
1755628994.818320,2714044.000,46766,1,EA,1,100,0.640368
1755628994.885321,2714111.000,46780,2,EA,1,100,0.640427
1755628994.952321,2714178.000,46780,2,EA,1,100,0.640780
1755628995.018322,2714244.000,46798,1,EA,1,100,0.641134
1755628995.085323,2714311.000,46816,2,EA,1,100,0.641194
1755628995.152324,2714378.000,46816,2,EA,1,100,0.641489
1755628995.218325,2714444.000,46833,1,EA,1,100,0.641725
1755628995.285325,2714511.000,46850,2,EA,1,100,0.641785
1755628995.352326,2714578.000,46850,2,EA,1,100,0.641489
1755628995.418327,2714644.000,46867,1,EA,1,100,0.641134
1755628995.485328,2714711.000,46883,2,EA,1,100,0.640780
1755628995.552329,2714778.000,46883,2,EA,1,100,0.642377
1755628995.618329,2714844.000,46900,1,EA,1,100,0.643267
1755628995.684830,2714910.500,46915,2,EA,1,100,0.643802
1755628995.751331,2714977.000,46915,2,EA,1,100,0.643386
1755628995.818332,2715044.000,46934,1,EA,1,100,0.643089
1755628995.884833,2715110.500,46950,2,EA,1,100,0.642258
1755628995.951333,2715177.000,46950,2,EA,1,100,0.643148
1755628996.018334,2715244.000,46968,1,EA,1,100,0.644637
1755628996.084835,2715310.500,46984,2,EA,1,100,0.644458
1755628996.151336,2715377.000,46984,2,EA,1,100,0.644339
1755628996.218337,2715444.000,47001,1,EA,1,100,0.644279
1755628996.284838,2715510.500,47018,2,EA,1,100,0.644100
1755628996.351338,2715577.000,47018,2,EA,1,100,0.644398
1755628996.418339,2715644.000,47035,2,EA,1,100,0.644696
1755628996.485340,2715711.000,47035,2,EA,1,100,0.644995
1755628996.551341,2715777.000,47051,1,EA,1,100,0.645115
1755628996.618342,2715844.000,47072,2,EA,1,100,0.645593
1755628996.685342,2715911.000,47072,2,EA,1,100,0.645953
1755628996.751843,2715977.500,47090,2,EA,1,100,0.645892
1755628996.818344,2716044.000,47090,2,EA,1,100,0.645653
1755628996.885345,2716111.000,47107,1,EA,1,100,0.646132
1755628996.951846,2716177.500,47126,2,EA,1,100,0.646012
1755628997.018346,2716244.000,47126,2,EA,1,100,0.646012
1755628997.085347,2716311.000,47143,1,EA,1,100,0.646373
1755628997.151848,2716377.500,47159,2,EA,1,100,0.646612
1755628997.218349,2716444.000,47159,2,EA,1,100,0.646373
1755628997.285350,2716511.000,47176,1,EA,1,100,0.646612
1755628997.351851,2716577.500,47195,2,EA,1,100,0.646913
1755628997.418351,2716644.000,47195,2,EA,1,100,0.647514
1755628997.485352,2716711.000,47212,1,EA,1,100,0.647213
1755628997.551853,2716777.500,47227,2,EA,1,100,0.646492
1755628997.618354,2716844.000,47227,2,EA,1,100,0.646792
1755628997.685355,2716911.000,47244,1,EA,1,100,0.648238
1755628997.751855,2716977.500,47260,2,EA,1,100,0.649205
1755628997.818356,2717044.000,47260,2,EA,1,100,0.649387
1755628997.884857,2717110.500,47279,2,EA,1,100,0.647876
1755628997.951358,2717177.000,47279,2,EA,1,100,0.646853
1755628998.018359,2717244.000,47296,1,EA,1,100,0.646073
1755628998.084859,2717310.500,47311,2,EA,1,100,0.643386
1755628998.151360,2717377.000,47311,2,EA,1,100,0.639309
1755628998.218361,2717444.000,47329,1,EA,1,100,0.638079
1755628998.284862,2717510.500,47347,2,EA,1,100,0.641844
1755628998.351363,2717577.000,47347,2,EA,1,100,0.644517
1755628998.418363,2717644.000,47363,1,EA,1,100,0.643148
1755628998.484864,2717710.500,47378,2,EA,1,100,0.642081
1755628998.551365,2717777.000,47378,2,EA,1,100,0.651819
1755628998.618366,2717844.000,47394,1,EA,1,100,0.656490
1755628998.684867,2717910.500,47412,2,EA,1,100,0.678894
1755628998.751368,2717977.000,47412,2,EA,1,100,1.338029
1755628998.818368,2718044.000,47428,1,EA,1,100,10000.000000
1755628998.884869,2718110.500,47445,2,EA,1,100,10000.000000
1755628998.951370,2718177.000,47445,2,EA,1,100,1.130172
1755628999.018371,2718244.000,47462,1,EA,1,100,0.837885
1755628999.084872,2718310.500,47481,2,EA,1,100,0.788808
1755628999.151372,2718377.000,47481,2,EA,1,100,0.759880
1755628999.218373,2718444.000,47497,1,EA,1,100,0.727562
1755628999.284874,2718510.500,47513,2,EA,1,100,0.695024
1755628999.351375,2718577.000,47513,2,EA,1,100,0.677507
1755628999.418376,2718644.000,47529,1,EA,1,100,0.682354
1755628999.484876,2718710.500,47546,2,EA,1,100,0.683091
1755628999.551377,2718777.000,47546,2,EA,1,100,0.682087
1755628999.618378,2718844.000,47562,1,EA,1,100,0.680155
1755628999.684879,2718910.500,47579,2,EA,1,100,0.676717
1755628999.751380,2718977.000,47579,2,EA,1,100,0.673704
1755628999.818381,2719044.000,47594,1,EA,1,100,0.672209
1755628999.884881,2719110.500,47611,2,EA,1,100,0.671107
1755628999.951382,2719177.000,47611,2,EA,1,100,0.668273
1755629000.018383,2719244.000,47628,1,EA,1,100,0.664954
1755629000.084884,2719310.500,47644,2,EA,1,100,0.659349
1755629000.151385,2719377.000,47644,2,EA,1,100,0.647154
1755629000.217885,2719443.500,47661,2,EA,1,100,0.646612
1755629000.284386,2719510.000,47661,2,EA,1,100,0.664573
1755629000.351387,2719577.000,47679,1,EA,1,100,0.674946
1755629000.417888,2719643.500,47695,2,EA,1,100,0.682020
1755629000.484389,2719710.000,47695,2,EA,1,100,0.679955
1755629000.551389,2719777.000,47712,1,EA,1,100,0.671172
1755629000.617890,2719843.500,47727,2,EA,1,100,0.665399
1755629000.684391,2719910.000,47727,2,EA,1,100,0.665017
1755629000.751392,2719977.000,47744,1,EA,1,100,0.668016
1755629000.817893,2720043.500,47760,2,EA,1,100,0.669172
1755629000.884393,2720110.000,47760,2,EA,1,100,0.668722
1755629000.951394,2720177.000,47777,1,EA,1,100,0.667376
1755629001.017895,2720243.500,47792,2,EA,1,100,0.666482
1755629001.084396,2720310.000,47792,2,EA,1,100,0.667824
1755629001.151397,2720377.000,47809,1,EA,1,100,0.673053
1755629001.217898,2720443.500,47825,2,EA,1,100,0.672403
1755629001.284398,2720510.000,47825,2,EA,1,100,0.670590
1755629001.351399,2720577.000,47845,1,EA,1,100,0.671754
1755629001.417900,2720643.500,47859,2,EA,1,100,0.672858
1755629001.484401,2720710.000,47859,2,EA,1,100,0.672663
1755629001.551402,2720777.000,47876,1,EA,1,100,0.672924
1755629001.617902,2720843.500,47893,2,EA,1,100,0.672599
1755629001.684403,2720910.000,47893,2,EA,1,100,0.673053
1755629001.751404,2720977.000,47915,2,EA,1,100,0.674554
1755629001.818405,2721044.000,47915,2,EA,1,100,0.675338
1755629001.884906,2721110.500,47931,2,EA,1,100,0.676914
1755629001.951406,2721177.000,47931,2,EA,1,100,0.678431
1755629002.018407,2721244.000,47949,1,EA,1,100,0.680354
1755629002.084908,2721310.500,47963,2,EA,1,100,0.681820
1755629002.151409,2721377.000,47963,2,EA,1,100,0.680354
1755629002.217410,2721443.000,47980,1,EA,1,100,0.677112
1755629002.284411,2721510.000,47999,2,EA,1,100,0.674554
1755629002.351411,2721577.000,47999,2,EA,1,100,0.673575
1755629002.417412,2721643.000,48018,1,EA,1,100,0.673575
1755629002.484413,2721710.000,48032,2,EA,1,100,0.674292
1755629002.551414,2721777.000,48032,2,EA,1,100,0.675338
1755629002.617415,2721843.000,48049,1,EA,1,100,0.675863
1755629002.684415,2721910.000,48066,2,EA,1,100,0.674357
1755629002.751416,2721977.000,48066,2,EA,1,100,0.671884
1755629002.817417,2722043.000,48083,1,EA,1,100,0.669751
1755629002.884418,2722110.000,48097,2,EA,1,100,0.670074
1755629002.951419,2722177.000,48097,2,EA,1,100,0.670396
1755629003.017419,2722243.000,48115,1,EA,1,100,0.671302
1755629003.084420,2722310.000,48131,2,EA,1,100,0.671302
1755629003.151421,2722377.000,48131,2,EA,1,100,0.671302
1755629003.217422,2722443.000,48148,1,EA,1,100,0.669237
1755629003.284423,2722510.000,48166,2,EA,1,100,0.668529
1755629003.351423,2722577.000,48166,2,EA,1,100,0.670138
1755629003.417424,2722643.000,48182,1,EA,1,100,0.668016
1755629003.484425,2722710.000,48198,2,EA,1,100,0.667888
1755629003.551426,2722777.000,48198,2,EA,1,100,0.677573
1755629003.617427,2722843.000,48215,1,EA,1,100,0.680022
1755629003.684428,2722910.000,48231,2,EA,1,100,0.678233
1755629003.751428,2722977.000,48231,2,EA,1,100,0.678035
1755629003.817929,2723043.500,48247,2,EA,1,100,0.676651
1755629003.884430,2723110.000,48247,2,EA,1,100,0.675404
1755629003.951431,2723177.000,48263,1,EA,1,100,0.675929
1755629004.017932,2723243.500,48281,2,EA,1,100,0.676651
1755629004.084432,2723310.000,48281,2,EA,1,100,0.675994
1755629004.151433,2723377.000,48297,1,EA,1,100,0.675469
1755629004.217934,2723443.500,48312,2,EA,1,100,0.674619
1755629004.284435,2723510.000,48312,2,EA,1,100,0.673770
1755629004.351436,2723577.000,48329,1,EA,1,100,0.673835
1755629004.417936,2723643.500,48348,2,EA,1,100,0.674423
1755629004.484437,2723710.000,48348,2,EA,1,100,0.674815
1755629004.551438,2723777.000,48364,1,EA,1,100,0.674815
1755629004.617939,2723843.500,48380,2,EA,1,100,0.674554
1755629004.684440,2723910.000,48380,2,EA,1,100,0.673704
1755629004.751441,2723977.000,48396,1,EA,1,100,0.675077
1755629004.817941,2724043.500,48413,2,EA,1,100,0.676914
1755629004.884442,2724110.000,48413,2,EA,1,100,0.678629
1755629004.951443,2724177.000,48429,1,EA,1,100,0.677771
1755629005.017944,2724243.500,48445,2,EA,1,100,0.676257
1755629005.084445,2724310.000,48445,2,EA,1,100,0.675863
1755629005.151445,2724377.000,48461,1,EA,1,100,0.675535
1755629005.217946,2724443.500,48478,2,EA,1,100,0.675404
1755629005.284447,2724510.000,48478,2,EA,1,100,0.675797
1755629005.351448,2724577.000,48495,1,EA,1,100,0.676849
1755629005.417949,2724643.500,48510,2,EA,1,100,0.679027
1755629005.484449,2724710.000,48510,2,EA,1,100,0.680553
1755629005.551450,2724777.000,48528,1,EA,1,100,0.682421
1755629005.617951,2724843.500,48546,2,EA,1,100,0.683627
1755629005.684452,2724910.000,48546,2,EA,1,100,0.683695
1755629005.751453,2724977.000,48562,1,EA,1,100,0.683158
1755629005.817953,2725043.500,48577,2,EA,1,100,0.682890
1755629005.884454,2725110.000,48577,2,EA,1,100,0.680886
1755629005.951455,2725177.000,48593,1,EA,1,100,0.679889
1755629006.017956,2725243.500,48611,2,EA,1,100,0.680022
1755629006.084457,2725310.000,48611,2,EA,1,100,0.678762
1755629006.150458,2725376.000,48627,1,EA,1,100,0.677705
1755629006.217458,2725443.000,48643,2,EA,1,100,0.675797
1755629006.284459,2725510.000,48643,2,EA,1,100,0.674161
1755629006.350960,2725576.500,48661,2,EA,1,100,0.673901
1755629006.417461,2725643.000,48661,2,EA,1,100,0.673901
1755629006.484462,2725710.000,48678,1,EA,1,100,0.672274
1755629006.550962,2725776.500,48694,2,EA,1,100,0.669945
1755629006.617463,2725843.000,48694,2,EA,1,100,0.667632
1755629006.684464,2725910.000,48712,1,EA,1,100,0.665653
1755629006.750965,2725976.500,48726,2,EA,1,100,0.667121
1755629006.817466,2726043.000,48726,2,EA,1,100,0.672924
1755629006.883966,2726109.500,48748,2,EA,1,100,0.676651
1755629006.950467,2726176.000,48748,2,EA,1,100,0.677837
1755629007.017468,2726243.000,48765,1,EA,1,100,0.678035
1755629007.083969,2726309.500,48782,2,EA,1,100,0.676783
1755629007.150470,2726376.000,48782,2,EA,1,100,0.677969
1755629007.217471,2726443.000,48798,1,EA,1,100,0.679292
1755629007.283971,2726509.500,48815,2,EA,1,100,0.678431
1755629007.350472,2726576.000,48815,2,EA,1,100,0.677046
1755629007.417473,2726643.000,48834,2,EA,1,100,0.676388
1755629007.484474,2726710.000,48834,2,EA,1,100,0.674096
1755629007.550475,2726776.000,48851,1,EA,1,100,0.671043
1755629007.617475,2726843.000,48868,2,EA,1,100,0.669751
1755629007.684476,2726910.000,48868,2,EA,1,100,0.669558
1755629007.750477,2726976.000,48885,1,EA,1,100,0.673509
1755629007.817478,2727043.000,48899,2,EA,1,100,0.682221
1755629007.884479,2727110.000,48899,2,EA,1,100,0.705089
1755629007.950479,2727176.000,48916,1,EA,1,100,0.744443
1755629008.017480,2727243.000,48933,2,EA,1,100,0.765141
1755629008.084481,2727310.000,48933,2,EA,1,100,2.031352
1755629008.150482,2727376.000,48950,1,EA,1,100,4.060972
1755629008.217483,2727443.000,48966,2,EA,1,100,1.436293
1755629008.284483,2727510.000,48966,2,EA,1,100,1.225671
1755629008.350484,2727576.000,48984,1,EA,1,100,0.977662
1755629008.417485,2727643.000,49002,2,EA,1,100,0.872319
1755629008.484486,2727710.000,49002,2,EA,1,100,0.841227
1755629008.550487,2727776.000,49019,1,EA,1,100,0.794297
1755629008.617488,2727843.000,49034,2,EA,1,100,0.763882
1755629008.684488,2727910.000,49034,2,EA,1,100,0.774160
1755629008.750489,2727976.000,49051,1,EA,1,100,0.810667
1755629008.817490,2728043.000,49067,2,EA,1,100,0.791677
1755629008.884491,2728110.000,49067,2,EA,1,100,0.769029
1755629008.950492,2728176.000,49084,1,EA,1,100,0.732152
1755629009.016992,2728242.500,49099,2,EA,1,100,0.709255
1755629009.083493,2728309.000,49099,2,EA,1,100,0.697950
1755629009.150494,2728376.000,49116,1,EA,1,100,0.691298
1755629009.217495,2728443.000,49132,2,EA,1,100,0.690133
1755629009.284496,2728510.000,49132,2,EA,1,100,0.691229
1755629009.350496,2728576.000,49150,1,EA,1,100,0.696763
1755629009.416997,2728642.500,49167,2,EA,1,100,0.696414
1755629009.483498,2728709.000,49167,2,EA,1,100,0.694677
1755629009.550499,2728776.000,49183,1,EA,1,100,0.697601
1755629009.617000,2728842.500,49200,2,EA,1,100,0.698581
1755629009.683500,2728909.000,49200,2,EA,1,100,0.696902
1755629009.750501,2728976.000,49217,2,EA,1,100,0.696623
1755629009.817502,2729043.000,49217,2,EA,1,100,0.697670
1755629009.883503,2729109.000,49233,1,EA,1,100,0.696763
1755629009.950504,2729176.000,49249,2,EA,1,100,0.695858
1755629010.017505,2729243.000,49249,2,EA,1,100,0.696554
1755629010.083505,2729309.000,49265,1,EA,1,100,0.686729
1755629010.150506,2729376.000,49282,2,EA,1,100,0.676980
1755629010.217507,2729443.000,49282,2,EA,1,100,0.675601
1755629010.283508,2729509.000,49298,1,EA,1,100,0.686391
1755629010.350509,2729576.000,49316,2,EA,1,100,0.692466
1755629010.417509,2729643.000,49316,2,EA,1,100,0.694469
1755629010.483510,2729709.000,49332,1,EA,1,100,0.695094
1755629010.550511,2729776.000,49349,2,EA,1,100,0.693846
1755629010.617512,2729843.000,49349,2,EA,1,100,0.689245
1755629010.683513,2729909.000,49366,1,EA,1,100,0.688972
1755629010.750513,2729976.000,49381,2,EA,1,100,0.692122
1755629010.817514,2730043.000,49381,2,EA,1,100,0.692742
1755629010.883515,2730109.000,49397,1,EA,1,100,0.691641
1755629010.950516,2730176.000,49415,2,EA,1,100,0.691847
1755629011.017517,2730243.000,49415,2,EA,1,100,0.690817
1755629011.083518,2730309.000,49431,1,EA,1,100,0.690064
1755629011.150518,2730376.000,49446,2,EA,1,100,0.691504
1755629011.217519,2730443.000,49446,2,EA,1,100,0.691847
1755629011.283520,2730509.000,49462,1,EA,1,100,0.692260
1755629011.350521,2730576.000,49480,2,EA,1,100,0.695232
1755629011.417522,2730643.000,49480,2,EA,1,100,0.696205
1755629011.483522,2730709.000,49498,1,EA,1,100,0.695441
1755629011.550523,2730776.000,49514,2,EA,1,100,0.695649
1755629011.617524,2730843.000,49514,2,EA,1,100,0.695579
1755629011.683525,2730909.000,49530,1,EA,1,100,0.695441
1755629011.750526,2730976.000,49547,2,EA,1,100,0.695579
1755629011.817526,2731043.000,49547,2,EA,1,100,0.695094
1755629011.884027,2731109.500,49563,2,EA,1,100,0.694123
1755629011.950528,2731176.000,49563,2,EA,1,100,0.693916
1755629012.017029,2731242.500,49586,2,EA,1,100,0.694123
1755629012.083530,2731309.000,49586,2,EA,1,100,0.694955
1755629012.150530,2731376.000,49602,1,EA,1,100,0.696345
1755629012.217031,2731442.500,49617,2,EA,1,100,0.697531
1755629012.283532,2731509.000,49617,2,EA,1,100,0.698160
1755629012.350533,2731576.000,49634,1,EA,1,100,0.698440
1755629012.417034,2731642.500,49653,2,EA,1,100,0.698510
1755629012.483535,2731709.000,49653,2,EA,1,100,0.693916
1755629012.550535,2731776.000,49671,1,EA,1,100,0.692466
1755629012.617036,2731842.500,49688,2,EA,1,100,0.691435
1755629012.683537,2731909.000,49688,2,EA,1,100,0.695094
1755629012.750538,2731976.000,49703,1,EA,1,100,0.697042
1755629012.817039,2732042.500,49720,2,EA,1,100,0.697810
1755629012.883539,2732109.000,49720,2,EA,1,100,0.698651
1755629012.950540,2732176.000,49736,1,EA,1,100,0.698370
1755629013.017041,2732242.500,49753,2,EA,1,100,0.698300
1755629013.083542,2732309.000,49753,2,EA,1,100,0.698370
1755629013.150043,2732375.500,49768,2,EA,1,100,0.696763
1755629013.216543,2732442.000,49768,2,EA,1,100,0.695649
1755629013.283544,2732509.000,49785,1,EA,1,100,0.696693
1755629013.350045,2732575.500,49804,2,EA,1,100,0.700549
1755629013.416546,2732642.000,49804,2,EA,1,100,0.703451
1755629013.483547,2732709.000,49821,1,EA,1,100,0.701608
1755629013.550048,2732775.500,49835,2,EA,1,100,0.698300
1755629013.616548,2732842.000,49835,2,EA,1,100,0.695649
1755629013.683549,2732909.000,49853,1,EA,1,100,0.692742
1755629013.750050,2732975.500,49869,2,EA,1,100,0.692466
1755629013.816551,2733042.000,49869,2,EA,1,100,0.693570
1755629013.883552,2733109.000,49886,1,EA,1,100,0.693916
1755629013.950052,2733175.500,49901,2,EA,1,100,0.697391
1755629014.016553,2733242.000,49901,2,EA,1,100,0.699493
1755629014.083554,2733309.000,49918,1,EA,1,100,0.697182
1755629014.150055,2733375.500,49934,2,EA,1,100,0.693777
1755629014.216556,2733442.000,49934,2,EA,1,100,0.695024
1755629014.283556,2733509.000,49951,1,EA,1,100,0.696554
1755629014.350057,2733575.500,49966,2,EA,1,100,0.698791
1755629014.416558,2733642.000,49966,2,EA,1,100,0.701325
1755629014.483559,2733709.000,49985,1,EA,1,100,0.702244
1755629014.550060,2733775.500,50001,2,EA,1,100,0.701183
1755629014.616560,2733842.000,50001,2,EA,1,100,0.699704
1755629014.683561,2733909.000,50019,1,EA,1,100,0.698791
1755629014.750062,2733975.500,50033,2,EA,1,100,0.699352
1755629014.816563,2734042.000,50033,2,EA,1,100,0.701325
1755629014.883564,2734109.000,50050,1,EA,1,100,0.707022
1755629014.950065,2734175.500,50067,2,EA,1,100,0.706162
1755629015.016565,2734242.000,50067,2,EA,1,100,0.704875
1755629015.083566,2734309.000,50084,1,EA,1,100,0.702386
1755629015.150067,2734375.500,50099,2,EA,1,100,0.701608
1755629015.216568,2734442.000,50099,2,EA,1,100,0.701890
1755629015.283569,2734509.000,50115,1,EA,1,100,0.702244
1755629015.350069,2734575.500,50132,2,EA,1,100,0.703451
1755629015.416570,2734642.000,50132,2,EA,1,100,0.705089
1755629015.483571,2734709.000,50149,2,EA,1,100,0.704518
1755629015.550572,2734776.000,50149,2,EA,1,100,0.705018
1755629015.616573,2734842.000,50167,1,EA,1,100,0.704305
1755629015.683073,2734908.500,50183,2,EA,1,100,0.705018
1755629015.749574,2734975.000,50183,2,EA,1,100,0.706234
1755629015.816575,2735042.000,50199,1,EA,1,100,0.706951
1755629015.883076,2735108.500,50218,2,EA,1,100,0.705732
1755629015.949577,2735175.000,50218,2,EA,1,100,0.705589
1755629016.016578,2735242.000,50235,1,EA,1,100,0.704518
1755629016.083078,2735308.500,50250,2,EA,1,100,0.703522
1755629016.149579,2735375.000,50250,2,EA,1,100,0.705518
1755629016.216580,2735442.000,50266,1,EA,1,100,0.704732
1755629016.283081,2735508.500,50284,2,EA,1,100,0.701749
1755629016.349582,2735575.000,50284,2,EA,1,100,0.704804
1755629016.416582,2735642.000,50300,1,EA,1,100,0.705161
1755629016.483083,2735708.500,50317,2,EA,1,100,0.704162
1755629016.549584,2735775.000,50317,2,EA,1,100,0.705661
1755629016.616585,2735842.000,50333,1,EA,1,100,0.704376
1755629016.683086,2735908.500,50351,2,EA,1,100,0.705589
1755629016.749586,2735975.000,50351,2,EA,1,100,0.708389
1755629016.816587,2736042.000,50367,1,EA,1,100,0.709255
1755629016.883088,2736108.500,50382,2,EA,1,100,0.708677
1755629016.949589,2736175.000,50382,2,EA,1,100,0.708605
1755629017.016590,2736242.000,50399,1,EA,1,100,0.707669
1755629017.083257,2736308.667,50421,3,EA,1,100,0.707022
1755629017.149925,2736375.333,50421,3,EA,1,100,0.709111
1755629017.216592,2736442.000,50421,3,EA,1,100,0.709472
1755629017.283593,2736509.000,50439,1,EA,1,100,0.708101
1755629017.350094,2736575.500,50459,2,EA,1,100,0.708173
1755629017.416595,2736642.000,50459,2,EA,1,100,0.700760
1755629017.483595,2736709.000,50477,1,EA,1,100,0.680022
1755629017.550096,2736775.500,50492,2,EA,1,100,0.634416
1755629017.616597,2736842.000,50492,2,EA,1,100,0.631081
1755629017.683598,2736909.000,50509,1,EA,1,100,0.656738
1755629017.750099,2736975.500,50526,2,EA,1,100,0.689245
1755629017.816599,2737042.000,50526,2,EA,1,100,0.731691
1755629017.883600,2737109.000,50542,1,EA,1,100,0.787558
1755629017.950101,2737175.500,50558,2,EA,1,100,0.827135
1755629018.016602,2737242.000,50558,2,EA,1,100,0.804299
1755629018.083603,2737309.000,50576,1,EA,1,100,0.752002
1755629018.150103,2737375.500,50593,2,EA,1,100,0.727030
1755629018.216604,2737442.000,50593,2,EA,1,100,0.711430
1755629018.283605,2737509.000,50609,1,EA,1,100,0.701749
1755629018.350106,2737575.500,50625,2,EA,1,100,0.699774
1755629018.416607,2737642.000,50625,2,EA,1,100,0.705018
1755629018.483608,2737709.000,50643,1,EA,1,100,0.708173
1755629018.550108,2737775.500,50660,2,EA,1,100,0.712887
1755629018.616609,2737842.000,50660,2,EA,1,100,0.719442
1755629018.683610,2737909.000,50677,1,EA,1,100,0.725742
1755629018.750111,2737975.500,50693,2,EA,1,100,0.725893
1755629018.816612,2738042.000,50693,2,EA,1,100,0.722204
1755629018.883612,2738109.000,50708,1,EA,1,100,0.725969
1755629018.950113,2738175.500,50726,2,EA,1,100,0.733618
1755629019.016614,2738242.000,50726,2,EA,1,100,0.740248
1755629019.083115,2738308.500,50744,2,EA,1,100,0.724006
1755629019.149616,2738375.000,50744,2,EA,1,100,0.716555
1755629019.216616,2738442.000,50761,1,EA,1,100,0.724156
1755629019.283117,2738508.500,50776,2,EA,1,100,0.730156
1755629019.349618,2738575.000,50776,2,EA,1,100,0.719219
1755629019.416619,2738642.000,50793,1,EA,1,100,0.713983
1755629019.483120,2738708.500,50809,2,EA,1,100,0.717515
1755629019.549620,2738775.000,50809,2,EA,1,100,0.723554
1755629019.616621,2738842.000,50828,1,EA,1,100,0.723554
1755629019.683122,2738908.500,50843,2,EA,1,100,0.722204
1755629019.749623,2738975.000,50843,2,EA,1,100,0.723480
1755629019.816624,2739042.000,50860,1,EA,1,100,0.719740
1755629019.883125,2739108.500,50876,2,EA,1,100,0.715892
1755629019.949625,2739175.000,50876,2,EA,1,100,0.718922
1755629020.016626,2739242.000,50894,1,EA,1,100,0.727638
1755629020.083127,2739308.500,50908,2,EA,1,100,0.723780
1755629020.149628,2739375.000,50908,2,EA,1,100,0.713471
1755629020.216629,2739442.000,50925,1,EA,1,100,0.716333
1755629020.283129,2739508.500,50942,2,EA,1,100,0.724232
1755629020.349630,2739575.000,50942,2,EA,1,100,0.725213
1755629020.416631,2739642.000,50961,1,EA,1,100,0.721679
1755629020.483132,2739708.500,50975,2,EA,1,100,0.721679
1755629020.549633,2739775.000,50975,2,EA,1,100,0.720634
1755629020.616633,2739842.000,50992,1,EA,1,100,0.721082
1755629020.683134,2739908.500,51009,2,EA,1,100,0.722204
1755629020.749635,2739975.000,51009,2,EA,1,100,0.720708
1755629020.816636,2740042.000,51026,1,EA,1,100,0.721007
1755629020.883137,2740108.500,51040,2,EA,1,100,0.722428
1755629020.949638,2740175.000,51040,2,EA,1,100,0.722879
1755629021.016138,2740241.500,51058,2,EA,1,100,0.721306
1755629021.082639,2740308.000,51058,2,EA,1,100,0.719963
1755629021.149640,2740375.000,51074,1,EA,1,100,0.720783
1755629021.216141,2740441.500,51091,2,EA,1,100,0.721156
1755629021.282642,2740508.000,51091,2,EA,1,100,0.721904
1755629021.349642,2740575.000,51108,1,EA,1,100,0.723104
1755629021.416143,2740641.500,51125,2,EA,1,100,0.723329
1755629021.482644,2740708.000,51125,2,EA,1,100,0.723554
1755629021.549645,2740775.000,51141,1,EA,1,100,0.724458
1755629021.616146,2740841.500,51159,2,EA,1,100,0.724081
1755629021.682646,2740908.000,51159,2,EA,1,100,0.723705
1755629021.749647,2740975.000,51175,1,EA,1,100,0.724760
1755629021.816148,2741041.500,51190,2,EA,1,100,0.725364
1755629021.882649,2741108.000,51190,2,EA,1,100,0.723780
1755629021.949650,2741175.000,51206,1,EA,1,100,0.723480
1755629022.016150,2741241.500,51224,2,EA,1,100,0.723554
1755629022.082651,2741308.000,51224,2,EA,1,100,0.723179
1755629022.149652,2741375.000,51240,1,EA,1,100,0.723630
1755629022.216153,2741441.500,51260,2,EA,1,100,0.725590
1755629022.282654,2741508.000,51260,2,EA,1,100,0.726727
1755629022.349155,2741574.500,51279,2,EA,1,100,0.727182
1755629022.415655,2741641.000,51279,2,EA,1,100,0.726954
1755629022.482656,2741708.000,51297,1,EA,1,100,0.727334
1755629022.549157,2741774.500,51313,2,EA,1,100,0.726575
1755629022.615658,2741841.000,51313,2,EA,1,100,0.727106
1755629022.682659,2741908.000,51331,1,EA,1,100,0.727334
1755629022.749159,2741974.500,51346,2,EA,1,100,0.726802
1755629022.815660,2742041.000,51346,2,EA,1,100,0.727942
1755629022.882661,2742108.000,51362,2,EA,1,100,0.729009
1755629022.949662,2742175.000,51362,2,EA,1,100,0.731076
1755629023.015663,2742241.000,51379,1,EA,1,100,0.736100
1755629023.082663,2742308.000,51398,2,EA,1,100,0.730003
1755629023.149664,2742375.000,51398,2,EA,1,100,0.727334
1755629023.215665,2742441.000,51414,1,EA,1,100,0.726196
1755629023.282666,2742508.000,51430,2,EA,1,100,0.728094
1755629023.349667,2742575.000,51430,2,EA,1,100,0.728094
1755629023.415668,2742641.000,51448,1,EA,1,100,0.725590
1755629023.482668,2742708.000,51465,2,EA,1,100,0.726044
1755629023.549669,2742775.000,51465,2,EA,1,100,0.727638
1755629023.615670,2742841.000,51481,1,EA,1,100,0.726575
1755629023.682671,2742908.000,51497,2,EA,1,100,0.727486
1755629023.749672,2742975.000,51497,2,EA,1,100,0.729315
1755629023.815672,2743041.000,51513,1,EA,1,100,0.730309
1755629023.882673,2743108.000,51530,2,EA,1,100,0.731921
1755629023.949674,2743175.000,51530,2,EA,1,100,0.735090
1755629024.015675,2743241.000,51547,1,EA,1,100,0.733155
1755629024.082676,2743308.000,51562,2,EA,1,100,0.730156
1755629024.149676,2743375.000,51562,2,EA,1,100,0.730080
1755629024.215677,2743441.000,51578,1,EA,1,100,0.731691
1755629024.282678,2743508.000,51596,2,EA,1,100,0.732075
1755629024.349679,2743575.000,51596,2,EA,1,100,0.733464
1755629024.415680,2743641.000,51614,1,EA,1,100,0.733387
1755629024.482680,2743708.000,51629,2,EA,1,100,0.732384
1755629024.549681,2743775.000,51629,2,EA,1,100,0.732230
1755629024.615682,2743841.000,51645,1,EA,1,100,0.733541
1755629024.682683,2743908.000,51663,2,EA,1,100,0.734005
1755629024.749684,2743975.000,51663,2,EA,1,100,0.733155
1755629024.815685,2744041.000,51679,1,EA,1,100,0.733618
1755629024.882685,2744108.000,51695,2,EA,1,100,0.734469
1755629024.949686,2744175.000,51695,2,EA,1,100,0.733850
1755629025.015687,2744241.000,51711,1,EA,1,100,0.733928
1755629025.082688,2744308.000,51728,2,EA,1,100,0.734702
1755629025.149689,2744375.000,51728,2,EA,1,100,0.734082
1755629025.216189,2744441.500,51744,2,EA,1,100,0.732923
1755629025.282690,2744508.000,51744,2,EA,1,100,0.732846
1755629025.348691,2744574.000,51762,1,EA,1,100,0.732230
1755629025.415692,2744641.000,51776,2,EA,1,100,0.734005
1755629025.482693,2744708.000,51776,2,EA,1,100,0.738286
1755629025.548693,2744774.000,51795,1,EA,1,100,0.738912
1755629025.615694,2744841.000,51812,2,EA,1,100,0.734005
1755629025.682695,2744908.000,51812,2,EA,1,100,0.735556
1755629025.748696,2744974.000,51829,1,EA,1,100,0.738521
1755629025.815697,2745041.000,51843,2,EA,1,100,0.740248
1755629025.882698,2745108.000,51843,2,EA,1,100,0.740642
1755629025.948698,2745174.000,51862,1,EA,1,100,0.739148
1755629026.015699,2745241.000,51879,2,EA,1,100,0.736723
1755629026.082700,2745308.000,51879,2,EA,1,100,0.735478
1755629026.148701,2745374.000,51896,1,EA,1,100,0.733773
1755629026.215702,2745441.000,51910,2,EA,1,100,0.732230
1755629026.282702,2745508.000,51910,2,EA,1,100,0.734237
1755629026.348703,2745574.000,51928,1,EA,1,100,0.735478
1755629026.415704,2745641.000,51944,2,EA,1,100,0.736567
1755629026.482705,2745708.000,51944,2,EA,1,100,0.741115
1755629026.548706,2745774.000,51963,1,EA,1,100,0.744364
1755629026.615706,2745841.000,51978,2,EA,1,100,0.740248
1755629026.682707,2745908.000,51978,2,EA,1,100,0.736879
1755629026.748708,2745974.000,51995,1,EA,1,100,0.740248
1755629026.815709,2746041.000,52013,2,EA,1,100,0.742458
1755629026.882710,2746108.000,52013,2,EA,1,100,0.739619
1755629026.948710,2746174.000,52030,1,EA,1,100,0.739540
1755629027.015711,2746241.000,52046,2,EA,1,100,0.740642
1755629027.082712,2746308.000,52046,2,EA,1,100,0.740012
1755629027.148713,2746374.000,52062,1,EA,1,100,0.739698
1755629027.215714,2746441.000,52078,2,EA,1,100,0.741036
1755629027.282715,2746508.000,52078,2,EA,1,100,0.740563
1755629027.349215,2746574.500,52105,2,EA,1,100,0.739462
1755629027.415716,2746641.000,52105,2,EA,1,100,0.740484
1755629027.482217,2746707.500,52121,2,EA,1,100,0.741194
1755629027.548718,2746774.000,52121,2,EA,1,100,0.740642
1755629027.615719,2746841.000,52138,1,EA,1,100,0.741352
1755629027.682219,2746907.500,52153,2,EA,1,100,0.742775
1755629027.748720,2746974.000,52153,2,EA,1,100,0.741589
1755629027.815721,2747041.000,52170,1,EA,1,100,0.741904
1755629027.882222,2747107.500,52186,2,EA,1,100,0.743013
1755629027.948723,2747174.000,52186,2,EA,1,100,0.743728
1755629028.015723,2747241.000,52204,1,EA,1,100,0.742696
1755629028.082224,2747307.500,52218,2,EA,1,100,0.742696
1755629028.148725,2747374.000,52218,2,EA,1,100,0.742142
1755629028.215726,2747441.000,52235,1,EA,1,100,0.739698
1755629028.282227,2747507.500,52252,2,EA,1,100,0.737036
1755629028.348728,2747574.000,52252,2,EA,1,100,0.744841
1755629028.415728,2747641.000,52271,1,EA,1,100,0.753955
1755629028.482229,2747707.500,52286,2,EA,1,100,0.748283
1755629028.548730,2747774.000,52286,2,EA,1,100,0.738051
1755629028.615731,2747841.000,52302,1,EA,1,100,0.741904
1755629028.682232,2747907.500,52319,2,EA,1,100,0.752164
1755629028.748732,2747974.000,52319,2,EA,1,100,0.746919
1755629028.815733,2748041.000,52336,1,EA,1,100,0.739227
1755629028.882234,2748107.500,52351,2,EA,1,100,0.746839
1755629028.948735,2748174.000,52351,2,EA,1,100,0.753630
1755629029.015736,2748241.000,52368,2,EA,1,100,0.747239
1755629029.082736,2748308.000,52368,2,EA,1,100,0.743410
1755629029.148737,2748374.000,52384,1,EA,1,100,0.747962
1755629029.215738,2748441.000,52401,2,EA,1,100,0.749653
1755629029.282739,2748508.000,52401,2,EA,1,100,0.748042
1755629029.348740,2748574.000,52418,1,EA,1,100,0.747320
1755629029.415240,2748640.500,52435,2,EA,1,100,0.747239
1755629029.481741,2748707.000,52435,2,EA,1,100,0.746999
1755629029.548742,2748774.000,52451,1,EA,1,100,0.747881
1755629029.615243,2748840.500,52469,2,EA,1,100,0.748042
1755629029.681744,2748907.000,52469,2,EA,1,100,0.748123
1755629029.748745,2748974.000,52485,1,EA,1,100,0.748767
1755629029.815245,2749040.500,52500,2,EA,1,100,0.749088
1755629029.881746,2749107.000,52500,2,EA,1,100,0.749492
1755629029.948747,2749174.000,52516,1,EA,1,100,0.749331
1755629030.015248,2749240.500,52534,2,EA,1,100,0.747801
1755629030.081749,2749307.000,52534,2,EA,1,100,0.749088
1755629030.148749,2749374.000,52550,1,EA,1,100,0.750057
1755629030.215250,2749440.500,52565,2,EA,1,100,0.749169
1755629030.281751,2749507.000,52565,2,EA,1,100,0.748203
1755629030.348752,2749574.000,52584,1,EA,1,100,0.749411
1755629030.415253,2749640.500,52601,2,EA,1,100,0.750785
1755629030.481753,2749707.000,52601,2,EA,1,100,0.747641
1755629030.548754,2749774.000,52617,1,EA,1,100,0.746919
1755629030.615255,2749840.500,52633,2,EA,1,100,0.754528
1755629030.681756,2749907.000,52633,2,EA,1,100,0.757565
1755629030.748757,2749974.000,52649,1,EA,1,100,0.750543
1755629030.815258,2750040.500,52666,2,EA,1,100,0.747881
1755629030.881758,2750107.000,52666,2,EA,1,100,0.752002
1755629030.948759,2750174.000,52682,1,EA,1,100,0.754364
1755629031.015260,2750240.500,52699,2,EA,1,100,0.754038
1755629031.081761,2750307.000,52699,2,EA,1,100,0.753303
1755629031.148762,2750374.000,52714,1,EA,1,100,0.753059
1755629031.215262,2750440.500,52731,2,EA,1,100,0.753793
1755629031.281763,2750507.000,52731,2,EA,1,100,0.754038
1755629031.348764,2750574.000,52752,2,EA,1,100,0.753303
1755629031.415765,2750641.000,52752,2,EA,1,100,0.753955
1755629031.481766,2750707.000,52769,1,EA,1,100,0.754283
1755629031.548766,2750774.000,52783,2,EA,1,100,0.753547
1755629031.615767,2750841.000,52783,2,EA,1,100,0.754038
1755629031.681768,2750907.000,52801,1,EA,1,100,0.754691
1755629031.748769,2750974.000,52817,2,EA,1,100,0.754038
1755629031.815770,2751041.000,52817,2,EA,1,100,0.753793
1755629031.881770,2751107.000,52834,1,EA,1,100,0.755429
1755629031.948271,2751173.500,52849,2,EA,1,100,0.755429
1755629032.014772,2751240.000,52849,2,EA,1,100,0.754855
1755629032.081773,2751307.000,52866,1,EA,1,100,0.755510
1755629032.148274,2751373.500,52882,2,EA,1,100,0.755510
1755629032.214775,2751440.000,52882,2,EA,1,100,0.755920
1755629032.281775,2751507.000,52899,1,EA,1,100,0.756824
1755629032.348276,2751573.500,52916,2,EA,1,100,0.757565
1755629032.414777,2751640.000,52916,2,EA,1,100,0.756413
1755629032.481778,2751707.000,52940,2,EA,1,100,0.756577
1755629032.548779,2751774.000,52940,2,EA,1,100,0.757730
1755629032.615279,2751840.500,52957,2,EA,1,100,0.757813
1755629032.681780,2751907.000,52957,2,EA,1,100,0.758225
1755629032.748781,2751974.000,52974,1,EA,1,100,0.759632
1755629032.815282,2752040.500,52990,2,EA,1,100,0.759300
1755629032.881783,2752107.000,52990,2,EA,1,100,0.758308
1755629032.948783,2752174.000,53007,1,EA,1,100,0.758804
1755629033.015284,2752240.500,53022,2,EA,1,100,0.758886
1755629033.081785,2752307.000,53022,2,EA,1,100,0.756824
1755629033.148786,2752374.000,53039,1,EA,1,100,0.756824
1755629033.215287,2752440.500,53055,2,EA,1,100,0.757565
1755629033.281788,2752507.000,53055,2,EA,1,100,0.758143
1755629033.348788,2752574.000,53073,1,EA,1,100,0.761210
1755629033.415289,2752640.500,53087,2,EA,1,100,0.765562
1755629033.481790,2752707.000,53087,2,EA,1,100,0.763799
1755629033.548791,2752774.000,53106,1,EA,1,100,0.760295
1755629033.615292,2752840.500,53123,2,EA,1,100,0.760213
1755629033.681792,2752907.000,53123,2,EA,1,100,0.762461
1755629033.748793,2752974.000,53140,1,EA,1,100,0.762794
1755629033.815294,2753040.500,53156,2,EA,1,100,0.762627
1755629033.881795,2753107.000,53156,2,EA,1,100,0.762794
1755629033.948796,2753174.000,53173,1,EA,1,100,0.762544
1755629034.015296,2753240.500,53190,2,EA,1,100,0.762293
1755629034.081797,2753307.000,53190,2,EA,1,100,0.763380
1755629034.148798,2753374.000,53207,1,EA,1,100,0.763463
1755629034.215299,2753440.500,53221,2,EA,1,100,0.762544
1755629034.281800,2753507.000,53221,2,EA,1,100,0.763463
1755629034.348800,2753574.000,53239,1,EA,1,100,0.763799
1755629034.415301,2753640.500,53257,2,EA,1,100,0.763715
1755629034.481802,2753707.000,53257,2,EA,1,100,0.764301
1755629034.548803,2753774.000,53274,1,EA,1,100,0.765562
1755629034.615304,2753840.500,53290,2,EA,1,100,0.764721
1755629034.681805,2753907.000,53290,2,EA,1,100,0.764050
1755629034.748805,2753974.000,53306,1,EA,1,100,0.764805
1755629034.815306,2754040.500,53322,2,EA,1,100,0.764554
1755629034.881807,2754107.000,53322,2,EA,1,100,0.764134
1755629034.948308,2754173.500,53340,2,EA,1,100,0.765478
1755629035.014809,2754240.000,53340,2,EA,1,100,0.766912
1755629035.081809,2754307.000,53356,1,EA,1,100,0.766152
1755629035.148310,2754373.500,53371,2,EA,1,100,0.766237
1755629035.214811,2754440.000,53371,2,EA,1,100,0.766574
1755629035.281812,2754507.000,53387,1,EA,1,100,0.766574
1755629035.348313,2754573.500,53405,2,EA,1,100,0.766743
1755629035.414813,2754640.000,53405,2,EA,1,100,0.767842
1755629035.481814,2754707.000,53421,1,EA,1,100,0.767588
1755629035.548315,2754773.500,53438,2,EA,1,100,0.766827
1755629035.614816,2754840.000,53438,2,EA,1,100,0.766743
1755629035.681817,2754907.000,53455,1,EA,1,100,0.767249
1755629035.748318,2754973.500,53472,2,EA,1,100,0.768181
1755629035.814818,2755040.000,53472,2,EA,1,100,0.771928
1755629035.881819,2755107.000,53488,1,EA,1,100,0.773214
1755629035.948320,2755173.500,53506,2,EA,1,100,0.773214
1755629036.014821,2755240.000,53506,2,EA,1,100,0.770391
1755629036.081822,2755307.000,53522,1,EA,1,100,0.769284
1755629036.148322,2755373.500,53539,2,EA,1,100,0.768775
1755629036.214823,2755440.000,53539,2,EA,1,100,0.768265
1755629036.281824,2755507.000,53555,1,EA,1,100,0.768605
1755629036.348325,2755573.500,53571,2,EA,1,100,0.769539
1755629036.414826,2755640.000,53571,2,EA,1,100,0.769454
1755629036.481826,2755707.000,53587,1,EA,1,100,0.769369
1755629036.548327,2755773.500,53606,2,EA,1,100,0.771244
1755629036.614828,2755840.000,53606,2,EA,1,100,0.772699
1755629036.681829,2755907.000,53623,1,EA,1,100,0.770732
1755629036.748330,2755973.500,53638,2,EA,1,100,0.770561
1755629036.814830,2756040.000,53638,2,EA,1,100,0.772014
1755629036.881331,2756106.500,53654,2,EA,1,100,0.773043
1755629036.947832,2756173.000,53654,2,EA,1,100,0.773472
1755629037.014833,2756240.000,53672,1,EA,1,100,0.774073
1755629037.081334,2756306.500,53688,2,EA,1,100,0.772442
1755629037.147835,2756373.000,53688,2,EA,1,100,0.771671
1755629037.214835,2756440.000,53705,1,EA,1,100,0.771244
1755629037.281336,2756506.500,53720,2,EA,1,100,0.771671
1755629037.347837,2756573.000,53720,2,EA,1,100,0.772528
1755629037.414838,2756640.000,53739,1,EA,1,100,0.773386
1755629037.481339,2756706.500,53755,2,EA,1,100,0.773730
1755629037.547839,2756773.000,53755,2,EA,1,100,0.773386
1755629037.614840,2756840.000,53780,2,EA,1,100,0.773815
1755629037.681841,2756907.000,53780,2,EA,1,100,0.774246
1755629037.747842,2756973.000,53796,1,EA,1,100,0.773988
1755629037.814843,2757040.000,53811,2,EA,1,100,0.774504
1755629037.881843,2757107.000,53811,2,EA,1,100,0.774246
1755629037.947844,2757173.000,53827,1,EA,1,100,0.774763
1755629038.014845,2757240.000,53845,2,EA,1,100,0.774676
1755629038.081846,2757307.000,53845,2,EA,1,100,0.764134
1755629038.147847,2757373.000,53861,1,EA,1,100,0.756989
1755629038.214848,2757440.000,53876,2,EA,1,100,0.762711
1755629038.281848,2757507.000,53876,2,EA,1,100,0.769369
1755629038.347849,2757573.000,53893,1,EA,1,100,0.773214
1755629038.414850,2757640.000,53910,2,EA,1,100,0.774591
1755629038.481851,2757707.000,53910,2,EA,1,100,0.773300
1755629038.547852,2757773.000,53928,1,EA,1,100,0.771159
1755629038.614852,2757840.000,53945,2,EA,1,100,0.771330
1755629038.681853,2757907.000,53945,2,EA,1,100,0.771500
1755629038.748354,2757973.500,53960,2,EA,1,100,0.773043
1755629038.814855,2758040.000,53960,2,EA,1,100,0.774849
1755629038.880856,2758106.000,53977,1,EA,1,100,0.775280
1755629038.947856,2758173.000,53994,2,EA,1,100,0.776231
1755629039.014857,2758240.000,53994,2,EA,1,100,0.777358
1755629039.080858,2758306.000,54011,1,EA,1,100,0.778053
1755629039.147859,2758373.000,54025,2,EA,1,100,0.778140
1755629039.214860,2758440.000,54025,2,EA,1,100,0.778749
1755629039.280860,2758506.000,54042,1,EA,1,100,0.779796
1755629039.347861,2758573.000,54061,2,EA,1,100,0.779534
1755629039.414862,2758640.000,54061,2,EA,1,100,0.780145
1755629039.480863,2758706.000,54078,1,EA,1,100,0.780933
1755629039.547864,2758773.000,54094,2,EA,1,100,0.780670
1755629039.614865,2758840.000,54094,2,EA,1,100,0.780320
1755629039.680865,2758906.000,54114,1,EA,1,100,0.781371
1755629039.747866,2758973.000,54132,2,EA,1,100,0.781458
1755629039.814867,2759040.000,54132,2,EA,1,100,0.781371
1755629039.880868,2759106.000,54149,1,EA,1,100,0.781634
1755629039.947869,2759173.000,54164,2,EA,1,100,0.781985
1755629040.014869,2759240.000,54164,2,EA,1,100,0.782073
1755629040.080870,2759306.000,54181,1,EA,1,100,0.782865
1755629040.147871,2759373.000,54199,2,EA,1,100,0.783305
1755629040.214872,2759440.000,54199,2,EA,1,100,0.783482
1755629040.280873,2759506.000,54216,1,EA,1,100,0.783129
1755629040.347873,2759573.000,54231,2,EA,1,100,0.783834
1755629040.414874,2759640.000,54231,2,EA,1,100,0.784011
1755629040.480875,2759706.000,54248,1,EA,1,100,0.784099
1755629040.547876,2759773.000,54264,2,EA,1,100,0.784717
1755629040.614877,2759840.000,54264,2,EA,1,100,0.785425
1755629040.680878,2759906.000,54286,1,EA,1,100,0.785072
1755629040.747878,2759973.000,54300,2,EA,1,100,0.785869
1755629040.814879,2760040.000,54300,2,EA,1,100,0.786224
1755629040.880880,2760106.000,54319,1,EA,1,100,0.786402
1755629040.947881,2760173.000,54336,2,EA,1,100,0.786846
1755629041.014882,2760240.000,54336,2,EA,1,100,0.786935
1755629041.080882,2760306.000,54353,1,EA,1,100,0.786490
1755629041.147883,2760373.000,54368,2,EA,1,100,0.786490
1755629041.214884,2760440.000,54368,2,EA,1,100,0.787024
1755629041.281385,2760506.500,54385,2,EA,1,100,0.787201
1755629041.347886,2760573.000,54385,2,EA,1,100,0.786668
1755629041.414886,2760640.000,54401,1,EA,1,100,0.787469
1755629041.481387,2760706.500,54418,2,EA,1,100,0.787291
1755629041.547888,2760773.000,54418,2,EA,1,100,0.787113
1755629041.614889,2760840.000,54436,1,EA,1,100,0.787736
1755629041.681390,2760906.500,54452,2,EA,1,100,0.788539
1755629041.747890,2760973.000,54452,2,EA,1,100,0.787825
1755629041.814891,2761040.000,54468,1,EA,1,100,0.788271
1755629041.881392,2761106.500,54485,2,EA,1,100,0.788897
1755629041.947893,2761173.000,54485,2,EA,1,100,0.789076
1755629042.014894,2761240.000,54502,1,EA,1,100,0.788539
1755629042.081395,2761306.500,54517,2,EA,1,100,0.789523
1755629042.147895,2761373.000,54517,2,EA,1,100,0.789612
1755629042.214896,2761440.000,54533,1,EA,1,100,0.789255
1755629042.281397,2761506.500,54551,2,EA,1,100,0.789612
1755629042.347898,2761573.000,54551,2,EA,1,100,0.790329
1755629042.413899,2761639.000,54569,1,EA,1,100,0.790150
1755629042.480899,2761706.000,54586,2,EA,1,100,0.790240
1755629042.547900,2761773.000,54586,2,EA,1,100,0.790599
1755629042.613901,2761839.000,54602,1,EA,1,100,0.790599
1755629042.680902,2761906.000,54625,2,EA,1,100,0.790599
1755629042.747903,2761973.000,54625,2,EA,1,100,0.791318
1755629042.814403,2762039.500,54641,2,EA,1,100,0.791138
1755629042.880904,2762106.000,54641,2,EA,1,100,0.791048
1755629042.947905,2762173.000,54658,1,EA,1,100,0.791227
1755629043.014406,2762239.500,54674,2,EA,1,100,0.792218
1755629043.080907,2762306.000,54674,2,EA,1,100,0.791857
1755629043.147908,2762373.000,54690,1,EA,1,100,0.792488
1755629043.214408,2762439.500,54706,2,EA,1,100,0.792578
1755629043.280909,2762506.000,54706,2,EA,1,100,0.792669
1755629043.347410,2762572.500,54724,2,EA,1,100,0.792850
1755629043.413911,2762639.000,54724,2,EA,1,100,0.793030
1755629043.480912,2762706.000,54740,1,EA,1,100,0.793301
1755629043.547412,2762772.500,54755,2,EA,1,100,0.793301
1755629043.613913,2762839.000,54755,2,EA,1,100,0.793211
1755629043.680914,2762906.000,54774,1,EA,1,100,0.793663
1755629043.747915,2762973.000,54791,2,EA,1,100,0.793754
1755629043.814916,2763040.000,54791,2,EA,1,100,0.794206
1755629043.880916,2763106.000,54807,1,EA,1,100,0.794297
1755629043.947417,2763172.500,54823,2,EA,1,100,0.793934
1755629044.013918,2763239.000,54823,2,EA,1,100,0.794387
1755629044.080919,2763306.000,54839,1,EA,1,100,0.795113
1755629044.147420,2763372.500,54856,2,EA,1,100,0.795204
1755629044.213920,2763439.000,54856,2,EA,1,100,0.795113
1755629044.280921,2763506.000,54872,1,EA,1,100,0.795386
1755629044.347422,2763572.500,54888,2,EA,1,100,0.795658
1755629044.413923,2763639.000,54888,2,EA,1,100,0.795568
1755629044.480924,2763706.000,54904,1,EA,1,100,0.796204
1755629044.547425,2763772.500,54921,2,EA,1,100,0.796842
1755629044.613925,2763839.000,54921,2,EA,1,100,0.796659
1755629044.680926,2763906.000,54940,1,EA,1,100,0.797207
1755629044.747427,2763972.500,54955,2,EA,1,100,0.797298
1755629044.813928,2764039.000,54955,2,EA,1,100,0.797115
1755629044.880929,2764106.000,54971,1,EA,1,100,0.797572
1755629044.947429,2764172.500,54989,2,EA,1,100,0.797847
1755629045.013930,2764239.000,54989,2,EA,1,100,0.797938
1755629045.080931,2764306.000,55005,1,EA,1,100,0.797755
1755629045.147432,2764372.500,55021,2,EA,1,100,0.797847
1755629045.213933,2764439.000,55021,2,EA,1,100,0.797938
1755629045.280933,2764506.000,55036,1,EA,1,100,0.798212
1755629045.347434,2764572.500,55054,2,EA,1,100,0.798670
1755629045.413935,2764639.000,55054,2,EA,1,100,0.798670
1755629045.480436,2764705.500,55070,2,EA,1,100,0.798304
1755629045.546937,2764772.000,55070,2,EA,1,100,0.799128
1755629045.613938,2764839.000,55089,1,EA,1,100,0.799312
1755629045.680438,2764905.500,55104,2,EA,1,100,0.799587
1755629045.746939,2764972.000,55104,2,EA,1,100,0.799587
1755629045.813940,2765039.000,55121,1,EA,1,100,0.800047
1755629045.880441,2765105.500,55137,2,EA,1,100,0.799955
1755629045.946942,2765172.000,55137,2,EA,1,100,0.799955
1755629046.013942,2765239.000,55155,1,EA,1,100,0.800691
1755629046.080443,2765305.500,55169,2,EA,1,100,0.800967
1755629046.146944,2765372.000,55169,2,EA,1,100,0.801060
1755629046.213945,2765439.000,55186,1,EA,1,100,0.801521
1755629046.280446,2765505.500,55203,2,EA,1,100,0.801428
1755629046.346946,2765572.000,55203,2,EA,1,100,0.801521
1755629046.413947,2765639.000,55220,1,EA,1,100,0.801797
1755629046.480448,2765705.500,55236,2,EA,1,100,0.802074
1755629046.546949,2765772.000,55236,2,EA,1,100,0.803092
1755629046.613950,2765839.000,55253,1,EA,1,100,0.805695
1755629046.680450,2765905.500,55272,2,EA,1,100,0.806441
1755629046.746951,2765972.000,55272,2,EA,1,100,0.803834
1755629046.813952,2766039.000,55289,1,EA,1,100,0.801243
1755629046.880453,2766105.500,55303,2,EA,1,100,0.802166
1755629046.946954,2766172.000,55303,2,EA,1,100,0.802907
1755629047.013955,2766239.000,55321,1,EA,1,100,0.803555
1755629047.080455,2766305.500,55337,2,EA,1,100,0.803277
1755629047.146956,2766372.000,55337,2,EA,1,100,0.804019
1755629047.213957,2766439.000,55354,1,EA,1,100,0.803834
1755629047.280458,2766505.500,55370,2,EA,1,100,0.804205
1755629047.346959,2766572.000,55370,2,EA,1,100,0.804763
1755629047.413959,2766639.000,55388,1,EA,1,100,0.804670
1755629047.480460,2766705.500,55404,2,EA,1,100,0.805229
1755629047.546961,2766772.000,55404,2,EA,1,100,0.805788
1755629047.613962,2766839.000,55424,2,EA,1,100,0.805322
1755629047.680963,2766906.000,55424,2,EA,1,100,0.804205
1755629047.746963,2766972.000,55440,1,EA,1,100,0.804299
1755629047.813964,2767039.000,55460,2,EA,1,100,0.805229
1755629047.880965,2767106.000,55460,2,EA,1,100,0.805788
1755629047.947466,2767172.500,55477,2,EA,1,100,0.805880
1755629048.013967,2767239.000,55477,2,EA,1,100,0.806534
1755629048.080968,2767306.000,55494,1,EA,1,100,0.809912
1755629048.147468,2767372.500,55510,2,EA,1,100,0.809158
1755629048.213969,2767439.000,55510,2,EA,1,100,0.806534
1755629048.280970,2767506.000,55527,1,EA,1,100,0.806534
1755629048.347471,2767572.500,55542,2,EA,1,100,0.807282
1755629048.413972,2767639.000,55542,2,EA,1,100,0.808407
1755629048.480972,2767706.000,55559,1,EA,1,100,0.808501
1755629048.547473,2767772.500,55577,2,EA,1,100,0.808032
1755629048.613974,2767839.000,55577,2,EA,1,100,0.807657
1755629048.680975,2767906.000,55595,1,EA,1,100,0.808971
1755629048.747476,2767972.500,55610,2,EA,1,100,0.810760
1755629048.813976,2768039.000,55610,2,EA,1,100,0.811989
1755629048.880977,2768106.000,55626,1,EA,1,100,0.813223
1755629048.947478,2768172.500,55645,2,EA,1,100,0.813033
1755629049.013979,2768239.000,55645,2,EA,1,100,0.803741
1755629049.079980,2768305.000,55662,1,EA,1,100,0.808314
1755629049.146980,2768372.000,55678,2,EA,1,100,0.827725
1755629049.213981,2768439.000,55678,2,EA,1,100,0.825370
1755629049.280482,2768505.500,55694,2,EA,1,100,0.821669
1755629049.346983,2768572.000,55694,2,EA,1,100,0.818963
1755629049.413984,2768639.000,55710,1,EA,1,100,0.816752
1755629049.480485,2768705.500,55727,2,EA,1,100,0.815414
1755629049.546985,2768772.000,55727,2,EA,1,100,0.814936
1755629049.613986,2768839.000,55745,1,EA,1,100,0.814078
1755629049.680487,2768905.500,55761,2,EA,1,100,0.813508
1755629049.746988,2768972.000,55761,2,EA,1,100,0.813223
1755629049.813989,2769039.000,55777,1,EA,1,100,0.813508
1755629049.880489,2769105.500,55794,2,EA,1,100,0.813318
1755629049.946990,2769172.000,55794,2,EA,1,100,0.813318
1755629050.013991,2769239.000,55811,1,EA,1,100,0.813698
1755629050.080492,2769305.500,55826,2,EA,1,100,0.813223
1755629050.146993,2769372.000,55826,2,EA,1,100,0.813793
1755629050.213993,2769439.000,55842,1,EA,1,100,0.813888
1755629050.280494,2769505.500,55860,2,EA,1,100,0.814174
1755629050.346995,2769572.000,55860,2,EA,1,100,0.814364
1755629050.413996,2769639.000,55876,1,EA,1,100,0.813793
1755629050.480497,2769705.500,55891,2,EA,1,100,0.814174
1755629050.546998,2769772.000,55891,2,EA,1,100,0.814269
1755629050.613998,2769839.000,55909,1,EA,1,100,0.814840
1755629050.680499,2769905.500,55927,2,EA,1,100,0.815031
1755629050.747000,2769972.000,55927,2,EA,1,100,0.815223
1755629050.814001,2770039.000,55943,1,EA,1,100,0.815223
1755629050.880502,2770105.500,55958,2,EA,1,100,0.815795
1755629050.947002,2770172.000,55958,2,EA,1,100,0.815414
1755629051.014003,2770239.000,55975,1,EA,1,100,0.816083
1755629051.080504,2770305.500,55992,2,EA,1,100,0.816273
1755629051.147005,2770372.000,55992,2,EA,1,100,0.816370
1755629051.214006,2770439.000,56008,1,EA,1,100,0.816561
1755629051.280506,2770505.500,56025,2,EA,1,100,0.816657
1755629051.347007,2770572.000,56025,2,EA,1,100,0.816849
1755629051.414008,2770639.000,56040,1,EA,1,100,0.816849
1755629051.480509,2770705.500,56057,2,EA,1,100,0.816465
1755629051.547010,2770772.000,56057,2,EA,1,100,0.816944
1755629051.614010,2770839.000,56075,1,EA,1,100,0.817424
1755629051.680511,2770905.500,56092,2,EA,1,100,0.817041
1755629051.747012,2770972.000,56092,2,EA,1,100,0.816944
1755629051.813513,2771038.500,56107,2,EA,1,100,0.818000
1755629051.880014,2771105.000,56107,2,EA,1,100,0.818096
1755629051.947015,2771172.000,56124,1,EA,1,100,0.818192
1755629052.013515,2771238.500,56141,2,EA,1,100,0.818866
1755629052.080016,2771305.000,56141,2,EA,1,100,0.819348
1755629052.147017,2771372.000,56158,1,EA,1,100,0.819059
1755629052.213518,2771438.500,56172,2,EA,1,100,0.818481
1755629052.280019,2771505.000,56172,2,EA,1,100,0.819252
1755629052.347019,2771572.000,56190,1,EA,1,100,0.818770
1755629052.413520,2771638.500,56208,2,EA,1,100,0.817808
1755629052.480021,2771705.000,56208,2,EA,1,100,0.818096
1755629052.547022,2771772.000,56227,1,EA,1,100,0.818481
1755629052.613523,2771838.500,56242,2,EA,1,100,0.819252
1755629052.680023,2771905.000,56242,2,EA,1,100,0.818866
1755629052.747024,2771972.000,56259,1,EA,1,100,0.820797
1755629052.813525,2772038.500,56275,2,EA,1,100,0.821571
1755629052.880026,2772105.000,56275,2,EA,1,100,0.822445
1755629052.946527,2772171.500,56298,2,EA,1,100,0.824490
1755629053.013028,2772238.000,56298,2,EA,1,100,0.830985
1755629053.080028,2772305.000,56314,1,EA,1,100,0.836576
1755629053.146529,2772371.500,56331,2,EA,1,100,0.831779
1755629053.213030,2772438.000,56331,2,EA,1,100,0.824100
1755629053.280031,2772505.000,56347,1,EA,1,100,0.817424
1755629053.346532,2772571.500,56365,2,EA,1,100,0.815509
1755629053.413032,2772638.000,56365,2,EA,1,100,0.818963
1755629053.480033,2772705.000,56381,1,EA,1,100,0.822931
1755629053.546534,2772771.500,56399,2,EA,1,100,0.823126
1755629053.613035,2772838.000,56399,2,EA,1,100,0.820410
1755629053.680036,2772905.000,56415,1,EA,1,100,0.819734
1755629053.746536,2772971.500,56432,2,EA,1,100,0.820313
1755629053.813037,2773038.000,56432,2,EA,1,100,0.813984
1755629053.880038,2773105.000,56448,1,EA,1,100,0.811044
1755629053.946539,2773171.500,56465,2,EA,1,100,0.814936
1755629054.013040,2773238.000,56465,2,EA,1,100,0.816752
1755629054.080040,2773305.000,56480,2,EA,1,100,0.818481
1755629054.147041,2773372.000,56480,2,EA,1,100,0.824784
1755629054.213042,2773438.000,56497,1,EA,1,100,0.826056
1755629054.280043,2773505.000,56514,2,EA,1,100,0.825957
1755629054.347044,2773572.000,56514,2,EA,1,100,0.827135
1755629054.413045,2773638.000,56531,1,EA,1,100,0.829401
1755629054.480045,2773705.000,56549,2,EA,1,100,0.829302
1755629054.547046,2773772.000,56549,2,EA,1,100,0.823905
1755629054.613047,2773838.000,56566,1,EA,1,100,0.822931
1755629054.680048,2773905.000,56583,2,EA,1,100,0.828513
1755629054.747049,2773972.000,56583,2,EA,1,100,0.831283
1755629054.813049,2774038.000,56600,1,EA,1,100,0.829599
1755629054.880050,2774105.000,56616,2,EA,1,100,0.828907
1755629054.947051,2774172.000,56616,2,EA,1,100,0.829995
1755629055.013052,2774238.000,56634,1,EA,1,100,0.830193
1755629055.080053,2774305.000,56650,2,EA,1,100,0.829995
1755629055.147053,2774372.000,56650,2,EA,1,100,0.830291
1755629055.213054,2774438.000,56667,1,EA,1,100,0.830390
1755629055.280055,2774505.000,56682,2,EA,1,100,0.830490
1755629055.347056,2774572.000,56682,2,EA,1,100,0.830390
1755629055.413057,2774638.000,56701,1,EA,1,100,0.830787
1755629055.479558,2774704.500,56717,2,EA,1,100,0.831283
1755629055.546058,2774771.000,56717,2,EA,1,100,0.830985
1755629055.613059,2774838.000,56734,1,EA,1,100,0.831382
1755629055.679560,2774904.500,56749,2,EA,1,100,0.831580
1755629055.746061,2774971.000,56749,2,EA,1,100,0.831481
1755629055.813062,2775038.000,56766,1,EA,1,100,0.831978
1755629055.879562,2775104.500,56782,2,EA,1,100,0.832077
1755629055.946063,2775171.000,56782,2,EA,1,100,0.831978
1755629056.013064,2775238.000,56800,1,EA,1,100,0.831878
1755629056.079565,2775304.500,56815,2,EA,1,100,0.832675
1755629056.146066,2775371.000,56815,2,EA,1,100,0.833173
1755629056.213066,2775438.000,56831,1,EA,1,100,0.832974
1755629056.279567,2775504.500,56850,2,EA,1,100,0.833273
1755629056.346068,2775571.000,56850,2,EA,1,100,0.833572
1755629056.413069,2775638.000,56867,1,EA,1,100,0.834071
1755629056.479570,2775704.500,56882,2,EA,1,100,0.834271
1755629056.546070,2775771.000,56882,2,EA,1,100,0.834371
1755629056.613071,2775838.000,56899,2,EA,1,100,0.834972
1755629056.680072,2775905.000,56899,2,EA,1,100,0.834471
1755629056.746073,2775971.000,56915,1,EA,1,100,0.835172
1755629056.813074,2776038.000,56932,2,EA,1,100,0.835773
1755629056.880075,2776105.000,56932,2,EA,1,100,0.835472
1755629056.946075,2776171.000,56948,1,EA,1,100,0.834171
1755629057.013076,2776238.000,56964,2,EA,1,100,0.833372
1755629057.080077,2776305.000,56964,2,EA,1,100,0.837281
1755629057.146078,2776371.000,56980,1,EA,1,100,0.838087
1755629057.213079,2776438.000,56997,2,EA,1,100,0.838188
1755629057.280079,2776505.000,56997,2,EA,1,100,0.839705
1755629057.346080,2776571.000,57016,1,EA,1,100,0.841227
1755629057.413081,2776638.000,57035,2,EA,1,100,0.841837
1755629057.480082,2776705.000,57035,2,EA,1,100,0.837583
1755629057.546083,2776771.000,57051,1,EA,1,100,0.834371
1755629057.613083,2776838.000,57069,2,EA,1,100,0.835172
1755629057.680084,2776905.000,57069,2,EA,1,100,0.836677
1755629057.746085,2776971.000,57085,1,EA,1,100,0.837079
1755629057.813086,2777038.000,57100,2,EA,1,100,0.837181
1755629057.880087,2777105.000,57100,2,EA,1,100,0.837785
1755629057.946088,2777171.000,57116,1,EA,1,100,0.838188
1755629058.013088,2777238.000,57139,2,EA,1,100,0.837986
1755629058.080089,2777305.000,57139,2,EA,1,100,0.838996
1755629058.146590,2777371.500,57155,2,EA,1,100,0.839299
1755629058.213091,2777438.000,57155,2,EA,1,100,0.839502
1755629058.280092,2777505.000,57174,1,EA,1,100,0.839907
1755629058.346592,2777571.500,57190,2,EA,1,100,0.840820
1755629058.413093,2777638.000,57190,2,EA,1,100,0.840719
1755629058.480094,2777705.000,57206,1,EA,1,100,0.840921
1755629058.546595,2777771.500,57222,2,EA,1,100,0.841023
1755629058.613096,2777838.000,57222,2,EA,1,100,0.841124
1755629058.679596,2777904.500,57240,2,EA,1,100,0.841023
1755629058.746097,2777971.000,57240,2,EA,1,100,0.836275
1755629058.813098,2778038.000,57256,1,EA,1,100,0.833771
1755629058.879599,2778104.500,57271,2,EA,1,100,0.834571
1755629058.946100,2778171.000,57271,2,EA,1,100,0.835873
1755629059.013100,2778238.000,57288,1,EA,1,100,0.838592
1755629059.079601,2778304.500,57305,2,EA,1,100,0.840617
1755629059.146102,2778371.000,57305,2,EA,1,100,0.840008
1755629059.213103,2778438.000,57323,1,EA,1,100,0.839097
1755629059.279604,2778504.500,57339,2,EA,1,100,0.839806
1755629059.346105,2778571.000,57339,2,EA,1,100,0.840921
1755629059.413105,2778638.000,57355,1,EA,1,100,0.841938
1755629059.479606,2778704.500,57372,2,EA,1,100,0.842856
1755629059.546107,2778771.000,57372,2,EA,1,100,0.843162
1755629059.613108,2778838.000,57388,1,EA,1,100,0.843775
1755629059.679609,2778904.500,57404,2,EA,1,100,0.844594
1755629059.746109,2778971.000,57404,2,EA,1,100,0.844389
1755629059.813110,2779038.000,57420,1,EA,1,100,0.844389
1755629059.879611,2779104.500,57437,2,EA,1,100,0.844696
1755629059.946112,2779171.000,57437,2,EA,1,100,0.845722
1755629060.013113,2779238.000,57454,1,EA,1,100,0.846030
1755629060.079613,2779304.500,57471,2,EA,1,100,0.845209
1755629060.146114,2779371.000,57471,2,EA,1,100,0.845312
1755629060.213115,2779438.000,57489,1,EA,1,100,0.845620
1755629060.279616,2779504.500,57507,2,EA,1,100,0.845517
1755629060.346117,2779571.000,57507,2,EA,1,100,0.846236
1755629060.413118,2779638.000,57523,1,EA,1,100,0.846134
1755629060.479618,2779704.500,57539,2,EA,1,100,0.846340
1755629060.546119,2779771.000,57539,2,EA,1,100,0.846340
1755629060.612620,2779837.500,57555,2,EA,1,100,0.847370
1755629060.679121,2779904.000,57555,2,EA,1,100,0.847472
1755629060.746122,2779971.000,57572,1,EA,1,100,0.847266
1755629060.812622,2780037.500,57588,2,EA,1,100,0.847472
1755629060.879123,2780104.000,57588,2,EA,1,100,0.847988
1755629060.946124,2780171.000,57605,1,EA,1,100,0.848195
1755629061.012625,2780237.500,57620,2,EA,1,100,0.848402
1755629061.079126,2780304.000,57620,2,EA,1,100,0.849023
1755629061.146126,2780371.000,57637,1,EA,1,100,0.849230
1755629061.212627,2780437.500,57655,2,EA,1,100,0.849126
1755629061.279128,2780504.000,57655,2,EA,1,100,0.849541
1755629061.346129,2780571.000,57673,1,EA,1,100,0.850059
1755629061.412630,2780637.500,57687,2,EA,1,100,0.850370
1755629061.479130,2780704.000,57687,2,EA,1,100,0.850267
1755629061.546131,2780771.000,57704,1,EA,1,100,0.851202
1755629061.612632,2780837.500,57721,2,EA,1,100,0.853288
1755629061.679133,2780904.000,57721,2,EA,1,100,0.856121
1755629061.746134,2780971.000,57740,1,EA,1,100,0.854231
1755629061.812635,2781037.500,57754,2,EA,1,100,0.851723
1755629061.879135,2781104.000,57754,2,EA,1,100,0.850163
1755629061.946136,2781171.000,57771,1,EA,1,100,0.850267
1755629062.012637,2781237.500,57790,2,EA,1,100,0.850786
1755629062.079138,2781304.000,57790,2,EA,1,100,0.851202
1755629062.146139,2781371.000,57807,1,EA,1,100,0.851410
1755629062.212639,2781437.500,57821,2,EA,1,100,0.852662
1755629062.279140,2781504.000,57821,2,EA,1,100,0.852558
1755629062.346141,2781571.000,57839,1,EA,1,100,0.852871
1755629062.412642,2781637.500,57857,2,EA,1,100,0.853184
1755629062.479143,2781704.000,57857,2,EA,1,100,0.854335
1755629062.546143,2781771.000,57874,1,EA,1,100,0.854021
1755629062.612644,2781837.500,57890,2,EA,1,100,0.854441
1755629062.679145,2781904.000,57890,2,EA,1,100,0.854860
1755629062.746146,2781971.000,57906,1,EA,1,100,0.854651
1755629062.812647,2782037.500,57922,2,EA,1,100,0.854965
1755629062.879148,2782104.000,57922,2,EA,1,100,0.855701
1755629062.945648,2782170.500,57940,2,EA,1,100,0.855491
1755629063.012149,2782237.000,57940,2,EA,1,100,0.855176
1755629063.079150,2782304.000,57958,1,EA,1,100,0.856017
1755629063.145651,2782370.500,57978,2,EA,1,100,0.856754
1755629063.212152,2782437.000,57978,2,EA,1,100,0.856754
1755629063.279152,2782504.000,57995,2,EA,1,100,0.856964
1755629063.346153,2782571.000,57995,2,EA,1,100,0.856648
1755629063.412154,2782637.000,58012,1,EA,1,100,0.857175
1755629063.479155,2782704.000,58028,2,EA,1,100,0.857175
1755629063.546156,2782771.000,58028,2,EA,1,100,0.857915
1755629063.612156,2782837.000,58045,1,EA,1,100,0.857598
1755629063.679157,2782904.000,58060,2,EA,1,100,0.858020
1755629063.746158,2782971.000,58060,2,EA,1,100,0.858656
1755629063.812159,2783037.000,58077,1,EA,1,100,0.858974
1755629063.879160,2783104.000,58093,2,EA,1,100,0.858656
1755629063.946160,2783171.000,58093,2,EA,1,100,0.858974
1755629064.012161,2783237.000,58113,1,EA,1,100,0.859291
1755629064.079162,2783304.000,58128,2,EA,1,100,0.859398
1755629064.146163,2783371.000,58128,2,EA,1,100,0.860247
1755629064.212164,2783437.000,58144,1,EA,1,100,0.860566
1755629064.279165,2783504.000,58161,2,EA,1,100,0.860779
1755629064.346165,2783571.000,58161,2,EA,1,100,0.860992
1755629064.412666,2783637.500,58178,2,EA,1,100,0.861737
1755629064.479167,2783704.000,58178,2,EA,1,100,0.861845
1755629064.546168,2783771.000,58194,1,EA,1,100,0.861631
1755629064.612669,2783837.500,58210,2,EA,1,100,0.861737
1755629064.679169,2783904.000,58210,2,EA,1,100,0.862165
1755629064.746170,2783971.000,58226,1,EA,1,100,0.862271
1755629064.812671,2784037.500,58243,2,EA,1,100,0.862378
1755629064.879172,2784104.000,58243,2,EA,1,100,0.862485
1755629064.946173,2784171.000,58261,1,EA,1,100,0.863234
1755629065.012673,2784237.500,58277,2,EA,1,100,0.863448
1755629065.079174,2784304.000,58277,2,EA,1,100,0.863019
1755629065.146175,2784371.000,58293,1,EA,1,100,0.863769
1755629065.212676,2784437.500,58310,2,EA,1,100,0.863984
1755629065.279177,2784504.000,58310,2,EA,1,100,0.863984
1755629065.345177,2784570.000,58327,1,EA,1,100,0.864198
1755629065.412178,2784637.000,58342,2,EA,1,100,0.864949
1755629065.479179,2784704.000,58342,2,EA,1,100,0.864412
1755629065.545180,2784770.000,58358,1,EA,1,100,0.864735
1755629065.612181,2784837.000,58376,2,EA,1,100,0.865057
1755629065.679182,2784904.000,58376,2,EA,1,100,0.864949
1755629065.745182,2784970.000,58392,1,EA,1,100,0.864949
1755629065.812183,2785037.000,58409,2,EA,1,100,0.865810
1755629065.879184,2785104.000,58409,2,EA,1,100,0.866025
1755629065.945185,2785170.000,58425,1,EA,1,100,0.865810
1755629066.012186,2785237.000,58443,2,EA,1,100,0.866349
1755629066.079186,2785304.000,58443,2,EA,1,100,0.867103
1755629066.145187,2785370.000,58459,1,EA,1,100,0.866564
1755629066.212188,2785437.000,58474,2,EA,1,100,0.866996
1755629066.279189,2785504.000,58474,2,EA,1,100,0.866888
1755629066.345190,2785570.000,58491,1,EA,1,100,0.867320
1755629066.412190,2785637.000,58508,2,EA,1,100,0.867752
1755629066.479191,2785704.000,58508,2,EA,1,100,0.868510
1755629066.545192,2785770.000,58524,1,EA,1,100,0.868618
1755629066.612193,2785837.000,58541,2,EA,1,100,0.868943
1755629066.679194,2785904.000,58541,2,EA,1,100,0.869921
1755629066.745695,2785970.500,58556,2,EA,1,100,0.871009
1755629066.812195,2786037.000,58556,2,EA,1,100,0.872100
1755629066.879196,2786104.000,58575,1,EA,1,100,0.871882
1755629066.945697,2786170.500,58592,2,EA,1,100,0.873742
1755629067.012198,2786237.000,58592,2,EA,1,100,0.874180
1755629067.079199,2786304.000,58611,1,EA,1,100,0.872647
1755629067.145699,2786370.500,58625,2,EA,1,100,0.873522
1755629067.212200,2786437.000,58625,2,EA,1,100,0.873522
1755629067.279201,2786504.000,58642,1,EA,1,100,0.874510
1755629067.345702,2786570.500,58661,2,EA,1,100,0.875610
1755629067.412203,2786637.000,58661,2,EA,1,100,0.875940
1755629067.479203,2786704.000,58678,1,EA,1,100,0.876271
1755629067.545704,2786770.500,58694,2,EA,1,100,0.877265
1755629067.612205,2786837.000,58694,2,EA,1,100,0.876933
1755629067.679206,2786904.000,58712,1,EA,1,100,0.877265
1755629067.745707,2786970.500,58728,2,EA,1,100,0.873303
1755629067.812208,2787037.000,58728,2,EA,1,100,0.872756
1755629067.879208,2787104.000,58747,1,EA,1,100,0.874620
1755629067.945709,2787170.500,58762,2,EA,1,100,0.875390
1755629068.012210,2787237.000,58762,2,EA,1,100,0.876050
1755629068.079211,2787304.000,58779,1,EA,1,100,0.877044
1755629068.145712,2787370.500,58795,2,EA,1,100,0.877818
1755629068.212212,2787437.000,58795,2,EA,1,100,0.877928
1755629068.278713,2787503.500,58818,2,EA,1,100,0.877597
1755629068.345214,2787570.000,58818,2,EA,1,100,0.878372
1755629068.412215,2787637.000,58834,2,EA,1,100,0.878260
1755629068.479216,2787704.000,58834,2,EA,1,100,0.877818
1755629068.545216,2787770.000,58851,1,EA,1,100,0.878593
1755629068.611717,2787836.500,58866,2,EA,1,100,0.879592
1755629068.678218,2787903.000,58866,2,EA,1,100,0.879370
1755629068.745219,2787970.000,58883,1,EA,1,100,0.879925
1755629068.812220,2788037.000,58901,2,EA,1,100,0.880259
1755629068.879220,2788104.000,58901,2,EA,1,100,0.879925
1755629068.945221,2788170.000,58918,1,EA,1,100,0.879703
1755629069.011722,2788236.500,58933,2,EA,1,100,0.880259
1755629069.078223,2788303.000,58933,2,EA,1,100,0.880259
1755629069.145224,2788370.000,58950,1,EA,1,100,0.880482
1755629069.211725,2788436.500,58966,2,EA,1,100,0.880928
1755629069.278225,2788503.000,58966,2,EA,1,100,0.881485
1755629069.345226,2788570.000,58984,1,EA,1,100,0.880928
1755629069.411727,2788636.500,58998,2,EA,1,100,0.881039
1755629069.478228,2788703.000,58998,2,EA,1,100,0.882044
1755629069.545229,2788770.000,59015,1,EA,1,100,0.882490
1755629069.611729,2788836.500,59034,2,EA,1,100,0.882603
1755629069.678230,2788903.000,59034,2,EA,1,100,0.883163
1755629069.745231,2788970.000,59051,1,EA,1,100,0.883274
1755629069.811732,2789036.500,59066,2,EA,1,100,0.883499
1755629069.878233,2789103.000,59066,2,EA,1,100,0.883723
1755629069.945233,2789170.000,59082,1,EA,1,100,0.884171
1755629070.011734,2789236.500,59099,2,EA,1,100,0.884284
1755629070.078235,2789303.000,59099,2,EA,1,100,0.884396
1755629070.145236,2789370.000,59116,2,EA,1,100,0.884958
1755629070.212237,2789437.000,59116,2,EA,1,100,0.885747
1755629070.278237,2789503.000,59132,1,EA,1,100,0.884396
1755629070.345238,2789570.000,59148,2,EA,1,100,0.883723
1755629070.412239,2789637.000,59148,2,EA,1,100,0.885972
1755629070.478240,2789703.000,59164,1,EA,1,100,0.886423
1755629070.545241,2789770.000,59181,2,EA,1,100,0.885184
1755629070.612242,2789837.000,59181,2,EA,1,100,0.885859
1755629070.678242,2789903.000,59200,1,EA,1,100,0.886310
1755629070.745243,2789970.000,59215,2,EA,1,100,0.888006
1755629070.812244,2790037.000,59215,2,EA,1,100,0.889595
1755629070.878245,2790103.000,59231,1,EA,1,100,0.889936
1755629070.945246,2790170.000,59249,2,EA,1,100,0.887553
1755629071.012246,2790237.000,59249,2,EA,1,100,0.887440
1755629071.078247,2790303.000,59265,1,EA,1,100,0.887893
1755629071.145248,2790370.000,59280,2,EA,1,100,0.887327
1755629071.212249,2790437.000,59280,2,EA,1,100,0.888119
1755629071.278250,2790503.000,59296,1,EA,1,100,0.888686
1755629071.345250,2790570.000,59314,2,EA,1,100,0.888346
1755629071.412251,2790637.000,59314,2,EA,1,100,0.888686
1755629071.478252,2790703.000,59330,1,EA,1,100,0.889253
1755629071.545253,2790770.000,59347,2,EA,1,100,0.889253
1755629071.612254,2790837.000,59347,2,EA,1,100,0.889027
1755629071.678255,2790903.000,59364,1,EA,1,100,0.889595
1755629071.745255,2790970.000,59381,2,EA,1,100,0.889821
1755629071.812256,2791037.000,59381,2,EA,1,100,0.890277
1755629071.878257,2791103.000,59397,1,EA,1,100,0.890618
1755629071.945258,2791170.000,59413,2,EA,1,100,0.891417
1755629072.012259,2791237.000,59413,2,EA,1,100,0.890618
1755629072.078259,2791303.000,59429,1,EA,1,100,0.889595
1755629072.145260,2791370.000,59446,2,EA,1,100,0.891188
1755629072.212261,2791437.000,59446,2,EA,1,100,0.893018
1755629072.278262,2791503.000,59462,1,EA,1,100,0.892217
1755629072.344763,2791569.500,59481,2,EA,1,100,0.892331
1755629072.411263,2791636.000,59481,2,EA,1,100,0.892446
1755629072.478264,2791703.000,59498,2,EA,1,100,0.892789
1755629072.545265,2791770.000,59498,2,EA,1,100,0.893362
1755629072.612266,2791837.000,59515,1,EA,1,100,0.893935
1755629072.678767,2791903.500,59532,2,EA,1,100,0.894279
1755629072.745268,2791970.000,59532,2,EA,1,100,0.894394
1755629072.811268,2792036.000,59549,1,EA,1,100,0.894624
1755629072.878269,2792103.000,59563,2,EA,1,100,0.895315
1755629072.945270,2792170.000,59563,2,EA,1,100,0.895891
1755629073.011271,2792236.000,59581,1,EA,1,100,0.895775
1755629073.078272,2792303.000,59597,2,EA,1,100,0.896236
1755629073.145272,2792370.000,59597,2,EA,1,100,0.896468
1755629073.211273,2792436.000,59614,1,EA,1,100,0.896468
1755629073.278274,2792503.000,59629,2,EA,1,100,0.896236
1755629073.345275,2792570.000,59629,2,EA,1,100,0.896351
1755629073.411776,2792636.500,59651,2,EA,1,100,0.897623
1755629073.478276,2792703.000,59651,2,EA,1,100,0.900176
1755629073.545277,2792770.000,59669,1,EA,1,100,0.902627
1755629073.611778,2792836.500,59687,2,EA,1,100,0.900991
1755629073.678279,2792903.000,59687,2,EA,1,100,0.896814
1755629073.745280,2792970.000,59703,1,EA,1,100,0.894739
1755629073.811780,2793036.500,59719,2,EA,1,100,0.896120
1755629073.878281,2793103.000,59719,2,EA,1,100,0.898202
1755629073.944782,2793169.500,59735,2,EA,1,100,0.898898
1755629074.011283,2793236.000,59735,2,EA,1,100,0.899363
1755629074.078284,2793303.000,59752,1,EA,1,100,0.900526
1755629074.144785,2793369.500,59768,2,EA,1,100,0.900409
1755629074.211285,2793436.000,59768,2,EA,1,100,0.900526
1755629074.278286,2793503.000,59785,1,EA,1,100,0.901109
1755629074.344787,2793569.500,59800,2,EA,1,100,0.901575
1755629074.411288,2793636.000,59800,2,EA,1,100,0.901341
1755629074.478289,2793703.000,59817,1,EA,1,100,0.902393
1755629074.544789,2793769.500,59835,2,EA,1,100,0.901575
1755629074.611290,2793836.000,59835,2,EA,1,100,0.900758
1755629074.678291,2793903.000,59853,1,EA,1,100,0.900293
1755629074.744792,2793969.500,59867,2,EA,1,100,0.902159
1755629074.811293,2794036.000,59867,2,EA,1,100,0.901925
1755629074.878293,2794103.000,59884,1,EA,1,100,0.901225
1755629074.944794,2794169.500,59901,2,EA,1,100,0.899594
1755629075.011295,2794236.000,59901,2,EA,1,100,0.899363
1755629075.078296,2794303.000,59918,1,EA,1,100,0.902042
1755629075.144797,2794369.500,59932,2,EA,1,100,0.903564
1755629075.211297,2794436.000,59932,2,EA,1,100,0.904268
1755629075.278298,2794503.000,59949,1,EA,1,100,0.906033
1755629075.344799,2794569.500,59966,2,EA,1,100,0.906269
1755629075.411300,2794636.000,59966,2,EA,1,100,0.905679
1755629075.478301,2794703.000,59985,1,EA,1,100,0.903095
1755629075.544802,2794769.500,59999,2,EA,1,100,0.900176
1755629075.611302,2794836.000,59999,2,EA,1,100,0.900642
1755629075.678303,2794903.000,60017,1,EA,1,100,0.905443
1755629075.744804,2794969.500,60033,2,EA,1,100,0.908161
1755629075.811305,2795036.000,60033,2,EA,1,100,0.905679
1755629075.878306,2795103.000,60050,1,EA,1,100,0.905562
1755629075.944806,2795169.500,60066,2,EA,1,100,0.907332
1755629076.011307,2795236.000,60066,2,EA,1,100,0.907687
1755629076.078308,2795303.000,60082,1,EA,1,100,0.908397
1755629076.144809,2795369.500,60098,2,EA,1,100,0.907924
1755629076.211310,2795436.000,60098,2,EA,1,100,0.908042
1755629076.277810,2795502.500,60116,2,EA,1,100,0.908397
1755629076.344311,2795569.000,60116,2,EA,1,100,0.908872
1755629076.411312,2795636.000,60132,1,EA,1,100,0.908990
1755629076.477813,2795702.500,60149,2,EA,1,100,0.908990
1755629076.544314,2795769.000,60149,2,EA,1,100,0.908634
1755629076.611315,2795836.000,60165,1,EA,1,100,0.909228
1755629076.677815,2795902.500,60183,2,EA,1,100,0.910060
1755629076.744316,2795969.000,60183,2,EA,1,100,0.910178
1755629076.811317,2796036.000,60199,1,EA,1,100,0.909822
1755629076.877818,2796102.500,60214,2,EA,1,100,0.909941
1755629076.944319,2796169.000,60214,2,EA,1,100,0.909941
1755629077.011319,2796236.000,60231,1,EA,1,100,0.910655
1755629077.077820,2796302.500,60248,2,EA,1,100,0.912087
1755629077.144321,2796369.000,60248,2,EA,1,100,0.913043
1755629077.211322,2796436.000,60264,1,EA,1,100,0.911967
1755629077.277823,2796502.500,60280,2,EA,1,100,0.911012
1755629077.344323,2796569.000,60280,2,EA,1,100,0.911609
1755629077.411324,2796636.000,60300,1,EA,1,100,0.913283
1755629077.477825,2796702.500,60317,2,EA,1,100,0.913762
1755629077.544326,2796769.000,60317,2,EA,1,100,0.912804
1755629077.611327,2796836.000,60333,1,EA,1,100,0.911251
1755629077.677827,2796902.500,60349,2,EA,1,100,0.910655
1755629077.744328,2796969.000,60349,2,EA,1,100,0.910060
1755629077.811329,2797036.000,60365,1,EA,1,100,0.912206
1755629077.877830,2797102.500,60382,2,EA,1,100,0.915685
1755629077.944331,2797169.000,60382,2,EA,1,100,0.918221
1755629078.011332,2797236.000,60399,1,EA,1,100,0.919556
1755629078.077832,2797302.500,60414,2,EA,1,100,0.917012
1755629078.144333,2797369.000,60414,2,EA,1,100,0.915203
1755629078.211334,2797436.000,60432,1,EA,1,100,0.915444
1755629078.277835,2797502.500,60450,2,EA,1,100,0.915203
1755629078.344336,2797569.000,60450,2,EA,1,100,0.914602
1755629078.411336,2797636.000,60466,1,EA,1,100,0.914362
1755629078.478004,2797702.667,60487,3,EA,1,100,0.916047
1755629078.544671,2797769.333,60487,3,EA,1,100,0.916167
1755629078.611339,2797836.000,60487,3,EA,1,100,0.916047
1755629078.678340,2797903.000,60504,1,EA,1,100,0.916650
1755629078.744840,2797969.500,60519,2,EA,1,100,0.916891
1755629078.811341,2798036.000,60519,2,EA,1,100,0.916770
1755629078.878342,2798103.000,60535,1,EA,1,100,0.917738
1755629078.944843,2798169.500,60553,2,EA,1,100,0.917495
1755629079.011344,2798236.000,60553,2,EA,1,100,0.916650
1755629079.077345,2798302.000,60569,1,EA,1,100,0.917012
1755629079.144345,2798369.000,60585,2,EA,1,100,0.919070
1755629079.211346,2798436.000,60585,2,EA,1,100,0.918949
1755629079.278347,2798503.000,60602,1,EA,1,100,0.917979
1755629079.344848,2798569.500,60620,2,EA,1,100,0.917738
1755629079.411349,2798636.000,60620,2,EA,1,100,0.917979
1755629079.477349,2798702.000,60636,1,EA,1,100,0.917979
1755629079.544350,2798769.000,60653,2,EA,1,100,0.918100
1755629079.611351,2798836.000,60653,2,EA,1,100,0.917374
1755629079.677852,2798902.500,60668,2,EA,1,100,0.916408
1755629079.744353,2798969.000,60668,2,EA,1,100,0.918584
1755629079.811353,2799036.000,60685,1,EA,1,100,0.921381
1755629079.877854,2799102.500,60701,2,EA,1,100,0.919920
1755629079.944355,2799169.000,60701,2,EA,1,100,0.919798
1755629080.011356,2799236.000,60719,1,EA,1,100,0.920163
1755629080.077857,2799302.500,60733,2,EA,1,100,0.920406
1755629080.144357,2799369.000,60733,2,EA,1,100,0.920041
1755629080.211358,2799436.000,60750,1,EA,1,100,0.920163
1755629080.277859,2799502.500,60769,2,EA,1,100,0.921624
1755629080.344360,2799569.000,60769,2,EA,1,100,0.922234
1755629080.411361,2799636.000,60786,1,EA,1,100,0.921868
1755629080.477862,2799702.500,60800,2,EA,1,100,0.922113
1755629080.544362,2799769.000,60800,2,EA,1,100,0.921502
1755629080.611363,2799836.000,60817,1,EA,1,100,0.922357
1755629080.677864,2799902.500,60834,2,EA,1,100,0.923091
1755629080.744365,2799969.000,60834,2,EA,1,100,0.923581
1755629080.811366,2800036.000,60851,1,EA,1,100,0.923703
1755629080.877866,2800102.500,60865,2,EA,1,100,0.923948
1755629080.944367,2800169.000,60865,2,EA,1,100,0.924071
1755629081.011368,2800236.000,60883,1,EA,1,100,0.924684
1755629081.077869,2800302.500,60899,2,EA,1,100,0.924808
1755629081.144370,2800369.000,60899,2,EA,1,100,0.924930
1755629081.211370,2800436.000,60918,1,EA,1,100,0.924684
1755629081.277871,2800502.500,60933,2,EA,1,100,0.924562
1755629081.344372,2800569.000,60933,2,EA,1,100,0.925669
1755629081.411373,2800636.000,60950,1,EA,1,100,0.925791
1755629081.477874,2800702.500,60966,2,EA,1,100,0.925299
1755629081.544375,2800769.000,60966,2,EA,1,100,0.926284
1755629081.611375,2800836.000,60983,1,EA,1,100,0.926038
1755629081.677876,2800902.500,60998,2,EA,1,100,0.926284
1755629081.744377,2800969.000,60998,2,EA,1,100,0.926654
1755629081.811378,2801036.000,61015,1,EA,1,100,0.927641
1755629081.877879,2801102.500,61031,2,EA,1,100,0.927641
1755629081.944379,2801169.000,61031,2,EA,1,100,0.927889
1755629082.011380,2801236.000,61049,1,EA,1,100,0.928260
1755629082.077881,2801302.500,61066,2,EA,1,100,0.927641
1755629082.144382,2801369.000,61066,2,EA,1,100,0.927394
1755629082.210883,2801435.500,61082,2,EA,1,100,0.929003
1755629082.277383,2801502.000,61082,2,EA,1,100,0.928631
1755629082.344384,2801569.000,61099,1,EA,1,100,0.928631
1755629082.410885,2801635.500,61118,2,EA,1,100,0.929251
1755629082.477386,2801702.000,61118,2,EA,1,100,0.929623
1755629082.544387,2801769.000,61134,1,EA,1,100,0.929748
1755629082.610887,2801835.500,61150,2,EA,1,100,0.930493
1755629082.677388,2801902.000,61150,2,EA,1,100,0.930618
1755629082.744389,2801969.000,61166,1,EA,1,100,0.930120
1755629082.810890,2802035.500,61183,2,EA,1,100,0.929623
1755629082.877391,2802102.000,61183,2,EA,1,100,0.931364
1755629082.944392,2802169.000,61199,1,EA,1,100,0.931863
1755629083.010892,2802235.500,61215,2,EA,1,100,0.932487
1755629083.077393,2802302.000,61215,2,EA,1,100,0.933612
1755629083.144394,2802369.000,61231,1,EA,1,100,0.933738
1755629083.210895,2802435.500,61250,2,EA,1,100,0.931488
1755629083.277396,2802502.000,61250,2,EA,1,100,0.930244
1755629083.344396,2802569.000,61267,1,EA,1,100,0.931364
1755629083.410897,2802635.500,61282,2,EA,1,100,0.932487
1755629083.477398,2802702.000,61282,2,EA,1,100,0.932736
1755629083.544399,2802769.000,61298,1,EA,1,100,0.933738
1755629083.611066,2802835.667,61321,3,EA,1,100,0.934364
1755629083.677734,2802902.333,61321,3,EA,1,100,0.934740
1755629083.744401,2802969.000,61321,3,EA,1,100,0.934364
1755629083.810902,2803035.500,61337,2,EA,1,100,0.934364
1755629083.877403,2803102.000,61337,2,EA,1,100,0.933987
1755629083.944404,2803169.000,61354,1,EA,1,100,0.934364
1755629084.010905,2803235.500,61371,2,EA,1,100,0.935117
1755629084.077405,2803302.000,61371,2,EA,1,100,0.934614
1755629084.144406,2803369.000,61388,1,EA,1,100,0.934114
1755629084.210907,2803435.500,61404,2,EA,1,100,0.935117
1755629084.277408,2803502.000,61404,2,EA,1,100,0.935368
1755629084.344409,2803569.000,61422,1,EA,1,100,0.935871
1755629084.410909,2803635.500,61438,2,EA,1,100,0.936249
1755629084.477410,2803702.000,61438,2,EA,1,100,0.936249
1755629084.544411,2803769.000,61455,1,EA,1,100,0.936500
1755629084.610912,2803835.500,61470,2,EA,1,100,0.936627
1755629084.677413,2803902.000,61470,2,EA,1,100,0.936879
1755629084.744413,2803969.000,61487,1,EA,1,100,0.936752
1755629084.810914,2804035.500,61503,2,EA,1,100,0.937257
1755629084.877415,2804102.000,61503,2,EA,1,100,0.938647
1755629084.944416,2804169.000,61520,1,EA,1,100,0.938393
1755629085.010917,2804235.500,61536,2,EA,1,100,0.938900
1755629085.077417,2804302.000,61536,2,EA,1,100,0.938267
1755629085.144418,2804369.000,61552,1,EA,1,100,0.938267
1755629085.210919,2804435.500,61570,2,EA,1,100,0.938521
1755629085.277420,2804502.000,61570,2,EA,1,100,0.939787
1755629085.344421,2804569.000,61588,1,EA,1,100,0.939914
1755629085.410922,2804635.500,61603,2,EA,1,100,0.940168
1755629085.477422,2804702.000,61603,2,EA,1,100,0.940041
1755629085.543923,2804768.500,61619,2,EA,1,100,0.940549
1755629085.610424,2804835.000,61619,2,EA,1,100,0.941694
1755629085.677425,2804902.000,61636,1,EA,1,100,0.941949
1755629085.743926,2804968.500,61653,2,EA,1,100,0.940422
1755629085.810426,2805035.000,61653,2,EA,1,100,0.940803
1755629085.877427,2805102.000,61669,1,EA,1,100,0.941439
1755629085.943928,2805168.500,61685,2,EA,1,100,0.940930
1755629086.010429,2805235.000,61685,2,EA,1,100,0.941184
1755629086.077430,2805302.000,61701,1,EA,1,100,0.942331
1755629086.143930,2805368.500,61720,2,EA,1,100,0.942969
1755629086.210431,2805435.000,61720,2,EA,1,100,0.942331
1755629086.277432,2805502.000,61736,1,EA,1,100,0.942331
1755629086.343933,2805568.500,61752,2,EA,1,100,0.942714
1755629086.410434,2805635.000,61752,2,EA,1,100,0.942458
1755629086.477435,2805702.000,61768,1,EA,1,100,0.942841
1755629086.543935,2805768.500,61785,2,EA,1,100,0.943480
1755629086.610436,2805835.000,61785,2,EA,1,100,0.943992
1755629086.677437,2805902.000,61802,1,EA,1,100,0.943609
1755629086.743938,2805968.500,61817,2,EA,1,100,0.943865
1755629086.810439,2806035.000,61817,2,EA,1,100,0.945017
1755629086.877439,2806102.000,61833,1,EA,1,100,0.945274
1755629086.943940,2806168.500,61851,2,EA,1,100,0.945274
1755629087.010441,2806235.000,61851,2,EA,1,100,0.945017
1755629087.077442,2806302.000,61867,1,EA,1,100,0.945402
1755629087.143943,2806368.500,61884,2,EA,1,100,0.945788
1755629087.210443,2806435.000,61884,2,EA,1,100,0.946301
1755629087.277444,2806502.000,61900,1,EA,1,100,0.946817
1755629087.343945,2806568.500,61920,2,EA,1,100,0.946431
1755629087.410446,2806635.000,61920,2,EA,1,100,0.946945
1755629087.477447,2806702.000,61936,1,EA,1,100,0.947074
1755629087.543947,2806768.500,61952,2,EA,1,100,0.947074
1755629087.610448,2806835.000,61952,2,EA,1,100,0.946945
1755629087.677449,2806902.000,61968,1,EA,1,100,0.947331
1755629087.743950,2806968.500,61985,2,EA,1,100,0.947847
1755629087.810451,2807035.000,61985,2,EA,1,100,0.948752
1755629087.876952,2807101.500,62001,2,EA,1,100,0.948622
1755629087.943452,2807168.000,62001,2,EA,1,100,0.948752
1755629088.010453,2807235.000,62019,1,EA,1,100,0.949011
1755629088.076954,2807301.500,62033,2,EA,1,100,0.948493
1755629088.143455,2807368.000,62033,2,EA,1,100,0.947589
1755629088.210456,2807435.000,62050,1,EA,1,100,0.948364
1755629088.276956,2807501.500,62069,2,EA,1,100,0.949658
1755629088.343457,2807568.000,62069,2,EA,1,100,0.949399
1755629088.410458,2807635.000,62086,1,EA,1,100,0.950046
1755629088.476959,2807701.500,62100,2,EA,1,100,0.950824
1755629088.543460,2807768.000,62100,2,EA,1,100,0.951084
1755629088.610460,2807835.000,62117,1,EA,1,100,0.951605
1755629088.676961,2807901.500,62134,2,EA,1,100,0.951734
1755629088.743462,2807968.000,62134,2,EA,1,100,0.952776
1755629088.809963,2808034.500,62156,2,EA,1,100,0.952125
1755629088.876464,2808101.000,62156,2,EA,1,100,0.952907
1755629088.943465,2808168.000,62173,2,EA,1,100,0.953429
1755629089.010465,2808235.000,62173,2,EA,1,100,0.952776
1755629089.076466,2808301.000,62190,1,EA,1,100,0.953167
1755629089.143467,2808368.000,62206,2,EA,1,100,0.953167
1755629089.210468,2808435.000,62206,2,EA,1,100,0.952776
1755629089.276469,2808501.000,62223,1,EA,1,100,0.952907
1755629089.343469,2808568.000,62240,2,EA,1,100,0.952907
1755629089.410470,2808635.000,62240,2,EA,1,100,0.953690
1755629089.476471,2808701.000,62257,1,EA,1,100,0.953429
1755629089.543472,2808768.000,62271,2,EA,1,100,0.954213
1755629089.610473,2808835.000,62271,2,EA,1,100,0.954868
1755629089.676473,2808901.000,62289,1,EA,1,100,0.954736
1755629089.743474,2808968.000,62305,2,EA,1,100,0.954606
1755629089.810475,2809035.000,62305,2,EA,1,100,0.954998
1755629089.876476,2809101.000,62322,1,EA,1,100,0.954998
1755629089.943477,2809168.000,62337,2,EA,1,100,0.955391
1755629090.010477,2809235.000,62337,2,EA,1,100,0.955523
1755629090.076478,2809301.000,62356,1,EA,1,100,0.956047
1755629090.143479,2809368.000,62372,2,EA,1,100,0.956047
1755629090.210480,2809435.000,62372,2,EA,1,100,0.955654
1755629090.276481,2809501.000,62389,1,EA,1,100,0.956310
1755629090.343482,2809568.000,62404,2,EA,1,100,0.957230
1755629090.410482,2809635.000,62404,2,EA,1,100,0.956573
1755629090.476483,2809701.000,62421,1,EA,1,100,0.957625
1755629090.543484,2809768.000,62437,2,EA,1,100,0.958416
1755629090.610485,2809835.000,62437,2,EA,1,100,0.957889
1755629090.676486,2809901.000,62455,1,EA,1,100,0.956967
1755629090.743486,2809968.000,62470,2,EA,1,100,0.958020
1755629090.810487,2810035.000,62470,2,EA,1,100,0.959605
1755629090.877488,2810102.000,62486,1,EA,1,100,0.958944
1755629090.943989,2810168.500,62503,2,EA,1,100,0.959076
1755629091.010490,2810235.000,62503,2,EA,1,100,0.959473
1755629091.076990,2810301.500,62522,2,EA,1,100,0.959209
1755629091.143491,2810368.000,62522,2,EA,1,100,0.959870
1755629091.210492,2810435.000,62538,1,EA,1,100,0.960664
1755629091.276993,2810501.500,62554,2,EA,1,100,0.960664
1755629091.343494,2810568.000,62554,2,EA,1,100,0.960664
1755629091.410495,2810635.000,62570,1,EA,1,100,0.960532
1755629091.476995,2810701.500,62587,2,EA,1,100,0.960135
1755629091.543496,2810768.000,62587,2,EA,1,100,0.959870
1755629091.610497,2810835.000,62603,1,EA,1,100,0.959473
1755629091.676998,2810901.500,62619,2,EA,1,100,0.960267
1755629091.743499,2810968.000,62619,2,EA,1,100,0.960267
1755629091.810499,2811035.000,62635,1,EA,1,100,0.961195
1755629091.877000,2811101.500,62652,2,EA,1,100,0.960929
1755629091.943501,2811168.000,62652,2,EA,1,100,0.961461
1755629092.009502,2811234.000,62669,1,EA,1,100,0.961859
1755629092.076503,2811301.000,62684,2,EA,1,100,0.960532
1755629092.143503,2811368.000,62684,2,EA,1,100,0.960399
1755629092.209504,2811434.000,62702,1,EA,1,100,0.960002
1755629092.276505,2811501.000,62720,2,EA,1,100,0.958944
1755629092.343506,2811568.000,62720,2,EA,1,100,0.956836
1755629092.409507,2811634.000,62738,1,EA,1,100,0.953037
1755629092.476507,2811701.000,62753,2,EA,1,100,0.950695
1755629092.543508,2811768.000,62753,2,EA,1,100,0.947203
1755629092.609509,2811834.000,62769,1,EA,1,100,0.942331
1755629092.676510,2811901.000,62787,2,EA,1,100,0.938393
1755629092.743511,2811968.000,62787,2,EA,1,100,0.936123
1755629092.809512,2812034.000,62803,1,EA,1,100,0.933112
1755629092.876512,2812101.000,62818,2,EA,1,100,0.929251
1755629092.943513,2812168.000,62818,2,EA,1,100,0.927518
1755629093.009514,2812234.000,62835,1,EA,1,100,0.926901
1755629093.076515,2812301.000,62854,2,EA,1,100,0.925914
1755629093.143516,2812368.000,62854,2,EA,1,100,0.926038
1755629093.210016,2812434.500,62870,2,EA,1,100,0.925176
1755629093.276517,2812501.000,62870,2,EA,1,100,0.924562
1755629093.343518,2812568.000,62888,1,EA,1,100,0.923091
1755629093.410019,2812634.500,62902,2,EA,1,100,0.921991
1755629093.476520,2812701.000,62902,2,EA,1,100,0.921868
1755629093.543520,2812768.000,62919,1,EA,1,100,0.922357
1755629093.610021,2812834.500,62936,2,EA,1,100,0.922846
1755629093.676522,2812901.000,62936,2,EA,1,100,0.923336
1755629093.743523,2812968.000,62955,1,EA,1,100,0.922846
1755629093.810024,2813034.500,62969,2,EA,1,100,0.922234
1755629093.876525,2813101.000,62969,2,EA,1,100,0.921014
1755629093.943025,2813167.500,62992,2,EA,1,100,0.921868
1755629094.009526,2813234.000,62992,2,EA,1,100,0.922113
1755629094.076527,2813301.000,63008,2,EA,1,100,0.922357
1755629094.143528,2813368.000,63008,2,EA,1,100,0.921868
1755629094.209529,2813434.000,63025,1,EA,1,100,0.921014
1755629094.276529,2813501.000,63042,2,EA,1,100,0.920893
1755629094.343530,2813568.000,63042,2,EA,1,100,0.921137
1755629094.409531,2813634.000,63059,1,EA,1,100,0.921137
1755629094.476532,2813701.000,63073,2,EA,1,100,0.918949
1755629094.543533,2813768.000,63073,2,EA,1,100,0.919798
1755629094.609533,2813834.000,63092,1,EA,1,100,0.922602
1755629094.676534,2813901.000,63109,2,EA,1,100,0.923826
1755629094.743535,2813968.000,63109,2,EA,1,100,0.921991
1755629094.809536,2814034.000,63126,1,EA,1,100,0.920041
1755629094.876537,2814101.000,63140,2,EA,1,100,0.919434
1755629094.943537,2814168.000,63140,2,EA,1,100,0.920528
1755629095.009538,2814234.000,63158,1,EA,1,100,0.920772
1755629095.076539,2814301.000,63174,2,EA,1,100,0.921502
1755629095.143540,2814368.000,63174,2,EA,1,100,0.921624
1755629095.209541,2814434.000,63191,1,EA,1,100,0.921747
1755629095.276542,2814501.000,63206,2,EA,1,100,0.922357
1755629095.343542,2814568.000,63206,2,EA,1,100,0.922113
1755629095.409543,2814634.000,63223,1,EA,1,100,0.923091
1755629095.476044,2814700.500,63239,2,EA,1,100,0.923703
1755629095.542545,2814767.000,63239,2,EA,1,100,0.922357
1755629095.609546,2814834.000,63256,1,EA,1,100,0.922479
1755629095.676046,2814900.500,63274,2,EA,1,100,0.923458
1755629095.742547,2814967.000,63274,2,EA,1,100,0.924194
1755629095.809548,2815034.000,63290,2,EA,1,100,0.923948
1755629095.876549,2815101.000,63290,2,EA,1,100,0.922969
1755629095.942550,2815167.000,63306,1,EA,1,100,0.923703
1755629096.009550,2815234.000,63324,2,EA,1,100,0.924194
1755629096.076551,2815301.000,63324,2,EA,1,100,0.924562
1755629096.142552,2815367.000,63340,1,EA,1,100,0.924440
1755629096.209553,2815434.000,63355,2,EA,1,100,0.924440
1755629096.276554,2815501.000,63355,2,EA,1,100,0.924562
1755629096.342555,2815567.000,63372,1,EA,1,100,0.924808
1755629096.409555,2815634.000,63389,2,EA,1,100,0.925054
1755629096.476556,2815701.000,63389,2,EA,1,100,0.924684
1755629096.542557,2815767.000,63405,1,EA,1,100,0.924316
1755629096.609558,2815834.000,63421,2,EA,1,100,0.925669
1755629096.676559,2815901.000,63421,2,EA,1,100,0.925299
1755629096.742559,2815967.000,63437,1,EA,1,100,0.925299
1755629096.809560,2816034.000,63456,2,EA,1,100,0.926284
1755629096.876561,2816101.000,63456,2,EA,1,100,0.925791
1755629096.942562,2816167.000,63472,1,EA,1,100,0.925299
1755629097.009563,2816234.000,63488,2,EA,1,100,0.925422
1755629097.076563,2816301.000,63488,2,EA,1,100,0.925914
1755629097.142564,2816367.000,63504,1,EA,1,100,0.927641
1755629097.209565,2816434.000,63521,2,EA,1,100,0.927518
1755629097.276566,2816501.000,63521,2,EA,1,100,0.927641
1755629097.342567,2816567.000,63538,1,EA,1,100,0.927024
1755629097.409567,2816634.000,63555,2,EA,1,100,0.927518
1755629097.476568,2816701.000,63555,2,EA,1,100,0.928383
1755629097.542569,2816767.000,63571,1,EA,1,100,0.929127
1755629097.609570,2816834.000,63589,2,EA,1,100,0.929003
1755629097.676571,2816901.000,63589,2,EA,1,100,0.928012
1755629097.742572,2816967.000,63605,1,EA,1,100,0.928383
1755629097.809572,2817034.000,63622,2,EA,1,100,0.929375
1755629097.876573,2817101.000,63622,2,EA,1,100,0.929375
1755629097.942574,2817167.000,63638,1,EA,1,100,0.929375
1755629098.009575,2817234.000,63656,2,EA,1,100,0.929003
1755629098.076576,2817301.000,63656,2,EA,1,100,0.929996
1755629098.142576,2817367.000,63672,1,EA,1,100,0.930742
1755629098.209577,2817434.000,63688,2,EA,1,100,0.930120
1755629098.276578,2817501.000,63688,2,EA,1,100,0.928756
1755629098.343079,2817567.500,63704,2,EA,1,100,0.929996
1755629098.409580,2817634.000,63704,2,EA,1,100,0.931988
1755629098.476580,2817701.000,63721,1,EA,1,100,0.931614
1755629098.543081,2817767.500,63737,2,EA,1,100,0.930866
1755629098.609582,2817834.000,63737,2,EA,1,100,0.931488
1755629098.676583,2817901.000,63755,1,EA,1,100,0.931364
1755629098.743084,2817967.500,63769,2,EA,1,100,0.931115
1755629098.809585,2818034.000,63769,2,EA,1,100,0.929748
1755629098.876585,2818101.000,63788,1,EA,1,100,0.931863
1755629098.943086,2818167.500,63805,2,EA,1,100,0.933112
1755629099.009587,2818234.000,63805,2,EA,1,100,0.932736
1755629099.076088,2818300.500,63827,2,EA,1,100,0.932612
1755629099.142589,2818367.000,63827,2,EA,1,100,0.932736
1755629099.209589,2818434.000,63843,1,EA,1,100,0.933487
1755629099.276090,2818500.500,63859,2,EA,1,100,0.934364
1755629099.342591,2818567.000,63859,2,EA,1,100,0.934114
1755629099.409592,2818634.000,63875,1,EA,1,100,0.935117
1755629099.476093,2818700.500,63892,2,EA,1,100,0.933863
1755629099.542593,2818767.000,63892,2,EA,1,100,0.933237
1755629099.609594,2818834.000,63908,1,EA,1,100,0.934364
1755629099.676095,2818900.500,63925,2,EA,1,100,0.936627
1755629099.742596,2818967.000,63925,2,EA,1,100,0.938014
1755629099.809597,2819034.000,63940,1,EA,1,100,0.937510
1755629099.876097,2819100.500,63959,2,EA,1,100,0.935368
1755629099.942598,2819167.000,63959,2,EA,1,100,0.931988
1755629100.009099,2819233.500,63976,2,EA,1,100,0.929996
1755629100.075600,2819300.000,63976,2,EA,1,100,0.931115
1755629100.142601,2819367.000,63993,1,EA,1,100,0.933112
1755629100.209102,2819433.500,64007,2,EA,1,100,0.934114
1755629100.275602,2819500.000,64007,2,EA,1,100,0.935494
1755629100.342603,2819567.000,64025,1,EA,1,100,0.936123
1755629100.409104,2819633.500,64041,2,EA,1,100,0.932986
1755629100.475605,2819700.000,64041,2,EA,1,100,0.929748
1755629100.542606,2819767.000,64058,1,EA,1,100,0.934114
1755629100.609106,2819833.500,64073,2,EA,1,100,0.939660
1755629100.675607,2819900.000,64073,2,EA,1,100,0.938267
1755629100.742608,2819967.000,64090,1,EA,1,100,0.936752
1755629100.809109,2820033.500,64106,2,EA,1,100,0.935494
1755629100.875610,2820100.000,64106,2,EA,1,100,0.934866
1755629100.942610,2820167.000,64123,1,EA,1,100,0.936627
1755629101.009111,2820233.500,64140,2,EA,1,100,0.938267
1755629101.075612,2820300.000,64140,2,EA,1,100,0.939026
1755629101.142613,2820367.000,64157,1,EA,1,100,0.935242
1755629101.209114,2820433.500,64173,2,EA,1,100,0.934866
1755629101.275615,2820500.000,64173,2,EA,1,100,0.936123
1755629101.342615,2820567.000,64191,1,EA,1,100,0.937383
1755629101.409116,2820633.500,64206,2,EA,1,100,0.938900
1755629101.475617,2820700.000,64206,2,EA,1,100,0.939154
1755629101.542618,2820767.000,64222,1,EA,1,100,0.939534
1755629101.609119,2820833.500,64239,2,EA,1,100,0.938900
1755629101.675619,2820900.000,64239,2,EA,1,100,0.939407
1755629101.742620,2820967.000,64256,1,EA,1,100,0.939280
1755629101.809121,2821033.500,64271,2,EA,1,100,0.939407
1755629101.875622,2821100.000,64271,2,EA,1,100,0.940422
1755629101.942623,2821167.000,64288,2,EA,1,100,0.941184
1755629102.009623,2821234.000,64288,2,EA,1,100,0.940803
1755629102.075624,2821300.000,64306,1,EA,1,100,0.941058
1755629102.142625,2821367.000,64323,2,EA,1,100,0.940803
1755629102.209626,2821434.000,64323,2,EA,1,100,0.940676
1755629102.275627,2821500.000,64339,1,EA,1,100,0.941184
1755629102.342127,2821566.500,64357,2,EA,1,100,0.941694
1755629102.408628,2821633.000,64357,2,EA,1,100,0.941312
1755629102.475629,2821700.000,64373,1,EA,1,100,0.941566
1755629102.542130,2821766.500,64390,2,EA,1,100,0.941566
1755629102.608631,2821833.000,64390,2,EA,1,100,0.941949
1755629102.675632,2821900.000,64407,1,EA,1,100,0.941949
1755629102.742132,2821966.500,64422,2,EA,1,100,0.942458
1755629102.808633,2822033.000,64422,2,EA,1,100,0.942841
1755629102.875634,2822100.000,64438,1,EA,1,100,0.942203
1755629102.942135,2822166.500,64458,2,EA,1,100,0.941821
1755629103.008636,2822233.000,64458,2,EA,1,100,0.942458
1755629103.075636,2822300.000,64474,1,EA,1,100,0.942458
1755629103.142137,2822366.500,64489,2,EA,1,100,0.942969
1755629103.208638,2822433.000,64489,2,EA,1,100,0.943480
1755629103.275639,2822500.000,64505,1,EA,1,100,0.943480
1755629103.342140,2822566.500,64523,2,EA,1,100,0.943480
1755629103.408640,2822633.000,64523,2,EA,1,100,0.943992
1755629103.475641,2822700.000,64539,1,EA,1,100,0.944248
1755629103.542142,2822766.500,64554,2,EA,1,100,0.944248
1755629103.608643,2822833.000,64554,2,EA,1,100,0.943992
1755629103.675644,2822900.000,64571,1,EA,1,100,0.944505
1755629103.742145,2822966.500,64588,2,EA,1,100,0.944376
1755629103.808645,2823033.000,64588,2,EA,1,100,0.944120
1755629103.875646,2823100.000,64604,1,EA,1,100,0.944889
1755629103.942147,2823166.500,64623,2,EA,1,100,0.945274
1755629104.008648,2823233.000,64623,2,EA,1,100,0.945531
1755629104.075649,2823300.000,64638,1,EA,1,100,0.945531
1755629104.142316,2823366.667,64660,3,EA,1,100,0.945017
1755629104.208984,2823433.333,64660,3,EA,1,100,0.945017
1755629104.275651,2823500.000,64660,3,EA,1,100,0.945274
1755629104.342652,2823567.000,64677,1,EA,1,100,0.944889
1755629104.409153,2823633.500,64694,2,EA,1,100,0.943353
1755629104.475653,2823700.000,64694,2,EA,1,100,0.947331
1755629104.542654,2823767.000,64710,1,EA,1,100,0.951995
1755629104.609155,2823833.500,64726,2,EA,1,100,0.951084
1755629104.675656,2823900.000,64726,2,EA,1,100,0.951084
1755629104.742657,2823967.000,64742,1,EA,1,100,0.950695
1755629104.809157,2824033.500,64759,2,EA,1,100,0.948881
1755629104.875658,2824100.000,64759,2,EA,1,100,0.947461
1755629104.942659,2824167.000,64775,1,EA,1,100,0.948752
1755629105.009160,2824233.500,64793,2,EA,1,100,0.948622
1755629105.075661,2824300.000,64793,2,EA,1,100,0.947461
1755629105.142662,2824367.000,64809,1,EA,1,100,0.946044
1755629105.209162,2824433.500,64826,2,EA,1,100,0.948106
1755629105.275663,2824500.000,64826,2,EA,1,100,0.948364
1755629105.342664,2824567.000,64843,1,EA,1,100,0.947331
1755629105.409165,2824633.500,64858,2,EA,1,100,0.947976
1755629105.475666,2824700.000,64858,2,EA,1,100,0.948622
1755629105.542666,2824767.000,64874,1,EA,1,100,0.949011
1755629105.609167,2824833.500,64892,2,EA,1,100,0.949140
1755629105.675668,2824900.000,64892,2,EA,1,100,0.948622
1755629105.742669,2824967.000,64908,1,EA,1,100,0.948106
1755629105.809170,2825033.500,64924,2,EA,1,100,0.950176
1755629105.875670,2825100.000,64924,2,EA,1,100,0.954344
1755629105.941671,2825166.000,64939,1,EA,1,100,0.954474
1755629106.008672,2825233.000,64959,2,EA,1,100,0.950046
1755629106.075673,2825300.000,64959,2,EA,1,100,0.945402
1755629106.142674,2825367.000,64975,1,EA,1,100,0.944760
1755629106.209175,2825433.500,64991,2,EA,1,100,0.948106
1755629106.275675,2825500.000,64991,2,EA,1,100,0.949011
1755629106.342176,2825566.500,65007,2,EA,1,100,0.949658
1755629106.408677,2825633.000,65007,2,EA,1,100,0.950955
1755629106.475678,2825700.000,65024,1,EA,1,100,0.952125
1755629106.542179,2825766.500,65040,2,EA,1,100,0.952125
1755629106.608679,2825833.000,65040,2,EA,1,100,0.951864
1755629106.675680,2825900.000,65058,1,EA,1,100,0.951214
1755629106.742181,2825966.500,65072,2,EA,1,100,0.951605
1755629106.808682,2826033.000,65072,2,EA,1,100,0.950695
1755629106.875683,2826100.000,65089,1,EA,1,100,0.951605
1755629106.942183,2826166.500,65108,2,EA,1,100,0.952256
1755629107.008684,2826233.000,65108,2,EA,1,100,0.951605
1755629107.075685,2826300.000,65125,1,EA,1,100,0.949528
1755629107.142186,2826366.500,65139,2,EA,1,100,0.950565
1755629107.208687,2826433.000,65139,2,EA,1,100,0.952515
1755629107.275687,2826500.000,65156,1,EA,1,100,0.954082
1755629107.342188,2826566.500,65175,2,EA,1,100,0.953560
1755629107.408689,2826633.000,65175,2,EA,1,100,0.954082
1755629107.475690,2826700.000,65192,1,EA,1,100,0.954213
1755629107.542191,2826766.500,65206,2,EA,1,100,0.953299
1755629107.608692,2826833.000,65206,2,EA,1,100,0.953037
1755629107.675692,2826900.000,65224,1,EA,1,100,0.949011
1755629107.742193,2826966.500,65240,2,EA,1,100,0.953429
1755629107.808694,2827033.000,65240,2,EA,1,100,0.956967
1755629107.875695,2827100.000,65257,1,EA,1,100,0.955391
1755629107.942196,2827166.500,65274,2,EA,1,100,0.956047
1755629108.008696,2827233.000,65274,2,EA,1,100,0.956179
1755629108.075697,2827300.000,65291,1,EA,1,100,0.956704
1755629108.142198,2827366.500,65307,2,EA,1,100,0.956967
1755629108.208699,2827433.000,65307,2,EA,1,100,0.956704
1755629108.275700,2827500.000,65324,1,EA,1,100,0.956441
1755629108.342200,2827566.500,65339,2,EA,1,100,0.956836
1755629108.408701,2827633.000,65339,2,EA,1,100,0.955260
1755629108.475702,2827700.000,65356,1,EA,1,100,0.955260
1755629108.542203,2827766.500,65372,2,EA,1,100,0.957362
1755629108.608704,2827833.000,65372,2,EA,1,100,0.958284
1755629108.675705,2827900.000,65390,1,EA,1,100,0.957625
1755629108.742205,2827966.500,65405,2,EA,1,100,0.956310
1755629108.808706,2828033.000,65405,2,EA,1,100,0.956179
1755629108.875207,2828099.500,65421,2,EA,1,100,0.956967
1755629108.941708,2828166.000,65421,2,EA,1,100,0.957494
1755629109.008709,2828233.000,65440,1,EA,1,100,0.957494
1755629109.075209,2828299.500,65457,2,EA,1,100,0.956967
1755629109.141710,2828366.000,65457,2,EA,1,100,0.958020
1755629109.208711,2828433.000,65473,1,EA,1,100,0.958548
1755629109.275212,2828499.500,65494,2,EA,1,100,0.958284
1755629109.341713,2828566.000,65494,2,EA,1,100,0.958284
1755629109.408213,2828632.500,65510,2,EA,1,100,0.959076
1755629109.474714,2828699.000,65510,2,EA,1,100,0.960532
1755629109.541715,2828766.000,65527,1,EA,1,100,0.961593
1755629109.608216,2828832.500,8,2,EA,1,100,0.958416
1755629109.674717,2828899.000,8,2,EA,1,100,0.959340
1755629109.741717,2828966.000,25,1,EA,1,100,0.959473
1755629109.808218,2829032.500,40,2,EA,1,100,0.959340
1755629109.874719,2829099.000,40,2,EA,1,100,0.958548
1755629109.941720,2829166.000,56,1,EA,1,100,0.957230
1755629110.008221,2829232.500,75,2,EA,1,100,0.957756
1755629110.074722,2829299.000,75,2,EA,1,100,0.957889
1755629110.141722,2829366.000,92,1,EA,1,100,0.958548
1755629110.208223,2829432.500,107,2,EA,1,100,0.959605
1755629110.274724,2829499.000,107,2,EA,1,100,0.958813
1755629110.341725,2829566.000,124,2,EA,1,100,0.959605
1755629110.408726,2829633.000,124,2,EA,1,100,0.959605
1755629110.474726,2829699.000,140,1,EA,1,100,0.960399
1755629110.541727,2829766.000,157,2,EA,1,100,0.960267
1755629110.608728,2829833.000,157,2,EA,1,100,0.961062
1755629110.674729,2829899.000,174,1,EA,1,100,0.961195
1755629110.741730,2829966.000,189,2,EA,1,100,0.961195
1755629110.808730,2830033.000,189,2,EA,1,100,0.960532
1755629110.874731,2830099.000,205,1,EA,1,100,0.960532
1755629110.941732,2830166.000,223,2,EA,1,100,0.959870
1755629111.008733,2830233.000,223,2,EA,1,100,0.961195
1755629111.074734,2830299.000,239,1,EA,1,100,0.961725
1755629111.141735,2830366.000,256,2,EA,1,100,0.961725
1755629111.208735,2830433.000,256,2,EA,1,100,0.962524
1755629111.274736,2830499.000,272,1,EA,1,100,0.962656
1755629111.341737,2830566.000,290,2,EA,1,100,0.962790
1755629111.408738,2830633.000,290,2,EA,1,100,0.962125
1755629111.474739,2830699.000,306,1,EA,1,100,0.962790
1755629111.541739,2830766.000,321,2,EA,1,100,0.962656
1755629111.608740,2830833.000,321,2,EA,1,100,0.962524
1755629111.674741,2830899.000,338,1,EA,1,100,0.962923
1755629111.741742,2830966.000,355,2,EA,1,100,0.962524
1755629111.808743,2831033.000,355,2,EA,1,100,0.962258
1755629111.874743,2831099.000,371,1,EA,1,100,0.962524
1755629111.941244,2831165.500,387,2,EA,1,100,0.963456
1755629112.007745,2831232.000,387,2,EA,1,100,0.963856
1755629112.074746,2831299.000,403,1,EA,1,100,0.963722
1755629112.141747,2831366.000,422,2,EA,1,100,0.963190
1755629112.208747,2831433.000,422,2,EA,1,100,0.963056
1755629112.274748,2831499.000,438,1,EA,1,100,0.963056
1755629112.341249,2831565.500,457,2,EA,1,100,0.964124
1755629112.407750,2831632.000,457,2,EA,1,100,0.964390
1755629112.474751,2831699.000,472,1,EA,1,100,0.964657
1755629112.541252,2831765.500,489,2,EA,1,100,0.964257
1755629112.607752,2831832.000,489,2,EA,1,100,0.964524
1755629112.674753,2831899.000,506,1,EA,1,100,0.964925
1755629112.741254,2831965.500,522,2,EA,1,100,0.964925
1755629112.807755,2832032.000,522,2,EA,1,100,0.964792
1755629112.874756,2832099.000,537,2,EA,1,100,0.964390
1755629112.941756,2832166.000,537,2,EA,1,100,0.964925
1755629113.007757,2832232.000,555,1,EA,1,100,0.965727
1755629113.074758,2832299.000,571,2,EA,1,100,0.965192
1755629113.141759,2832366.000,571,2,EA,1,100,0.965594
1755629113.207760,2832432.000,588,1,EA,1,100,0.966130
1755629113.274760,2832499.000,605,2,EA,1,100,0.966130
1755629113.341761,2832566.000,605,2,EA,1,100,0.966130
1755629113.407762,2832632.000,622,1,EA,1,100,0.966532
1755629113.474763,2832699.000,638,2,EA,1,100,0.966264
1755629113.541764,2832766.000,638,2,EA,1,100,0.966935
1755629113.607765,2832832.000,655,1,EA,1,100,0.966935
1755629113.674765,2832899.000,670,2,EA,1,100,0.967473
1755629113.741766,2832966.000,670,2,EA,1,100,0.967473
1755629113.807767,2833032.000,687,1,EA,1,100,0.967607
1755629113.874768,2833099.000,703,2,EA,1,100,0.968280
1755629113.941769,2833166.000,703,2,EA,1,100,0.968414
1755629114.007769,2833232.000,721,1,EA,1,100,0.968280
1755629114.074770,2833299.000,735,2,EA,1,100,0.968414
1755629114.141771,2833366.000,735,2,EA,1,100,0.969088
1755629114.208772,2833433.000,752,1,EA,1,100,0.969358
1755629114.275273,2833499.500,771,2,EA,1,100,0.968819
1755629114.341773,2833566.000,771,2,EA,1,100,0.969088
1755629114.408774,2833633.000,793,1,EA,1,100,0.969358
1755629114.475275,2833699.500,807,2,EA,1,100,0.969763
1755629114.541776,2833766.000,807,2,EA,1,100,0.969628
1755629114.607777,2833832.000,824,1,EA,1,100,0.969899
1755629114.674777,2833899.000,841,2,EA,1,100,0.969628
1755629114.741778,2833966.000,841,2,EA,1,100,0.970169
1755629114.807779,2834032.000,858,1,EA,1,100,0.970980
1755629114.874780,2834099.000,873,2,EA,1,100,0.970438
1755629114.941781,2834166.000,873,2,EA,1,100,0.970438
1755629115.007782,2834232.000,890,1,EA,1,100,0.971251
1755629115.074782,2834299.000,906,2,EA,1,100,0.971115
1755629115.141783,2834366.000,906,2,EA,1,100,0.971386
1755629115.208284,2834432.500,923,2,EA,1,100,0.971658
1755629115.274785,2834499.000,923,2,EA,1,100,0.971386
1755629115.341786,2834566.000,940,1,EA,1,100,0.971793
1755629115.408286,2834632.500,957,2,EA,1,100,0.972472
1755629115.474787,2834699.000,957,2,EA,1,100,0.972608
1755629115.540788,2834765.000,973,1,EA,1,100,0.972608
1755629115.607789,2834832.000,991,2,EA,1,100,0.972336
1755629115.674790,2834899.000,991,2,EA,1,100,0.972608
1755629115.740790,2834965.000,1007,1,EA,1,100,0.972744
1755629115.807791,2835032.000,1022,2,EA,1,100,0.972744
1755629115.874792,2835099.000,1022,2,EA,1,100,0.972608
1755629115.940793,2835165.000,1038,1,EA,1,100,0.973151
1755629116.007794,2835232.000,1056,2,EA,1,100,0.972744
1755629116.074795,2835299.000,1056,2,EA,1,100,0.973151
1755629116.140795,2835365.000,1072,1,EA,1,100,0.973561
1755629116.207796,2835432.000,1087,2,EA,1,100,0.974378
1755629116.274797,2835499.000,1087,2,EA,1,100,0.973424
1755629116.340798,2835565.000,1104,1,EA,1,100,0.974105
1755629116.407799,2835632.000,1121,2,EA,1,100,0.974242
1755629116.474799,2835699.000,1121,2,EA,1,100,0.974242
1755629116.540800,2835765.000,1139,1,EA,1,100,0.973832
1755629116.607801,2835832.000,1155,2,EA,1,100,0.974513
1755629116.674802,2835899.000,1155,2,EA,1,100,0.974924
1755629116.740803,2835965.000,1171,1,EA,1,100,0.974787
1755629116.807803,2836032.000,1188,2,EA,1,100,0.974513
1755629116.874804,2836099.000,1188,2,EA,1,100,0.975333
1755629116.940805,2836165.000,1204,1,EA,1,100,0.975196
1755629117.007806,2836232.000,1220,2,EA,1,100,0.975060
1755629117.074807,2836299.000,1220,2,EA,1,100,0.975469
1755629117.140807,2836365.000,1236,1,EA,1,100,0.976153
1755629117.207808,2836432.000,1253,2,EA,1,100,0.976017
1755629117.274809,2836499.000,1253,2,EA,1,100,0.976838
1755629117.340810,2836565.000,1270,1,EA,1,100,0.977249
1755629117.407811,2836632.000,1288,2,EA,1,100,0.976153
1755629117.474812,2836699.000,1288,2,EA,1,100,0.975879
1755629117.540812,2836765.000,1305,1,EA,1,100,0.976838
1755629117.607813,2836832.000,1323,2,EA,1,100,0.976976
1755629117.674814,2836899.000,1323,2,EA,1,100,0.977112
1755629117.741315,2836965.500,1339,2,EA,1,100,0.977662
1755629117.807816,2837032.000,1339,2,EA,1,100,0.977799
1755629117.874816,2837099.000,1356,1,EA,1,100,0.977935
1755629117.941317,2837165.500,1371,2,EA,1,100,0.978074
1755629118.007818,2837232.000,1371,2,EA,1,100,0.977799
1755629118.074819,2837299.000,1388,1,EA,1,100,0.978211
1755629118.141320,2837365.500,1404,2,EA,1,100,0.977935
1755629118.207820,2837432.000,1404,2,EA,1,100,0.978761
1755629118.274821,2837499.000,1421,1,EA,1,100,0.978761
1755629118.341322,2837565.500,1436,2,EA,1,100,0.979174
1755629118.407823,2837632.000,1436,2,EA,1,100,0.978623
1755629118.474824,2837699.000,1455,1,EA,1,100,0.979311
1755629118.541325,2837765.500,1471,2,EA,1,100,0.979174
1755629118.607825,2837832.000,1471,2,EA,1,100,0.978898
1755629118.674826,2837899.000,1489,1,EA,1,100,0.979863
1755629118.741327,2837965.500,1503,2,EA,1,100,0.980000
1755629118.807828,2838032.000,1503,2,EA,1,100,0.979174
1755629118.874829,2838099.000,1520,1,EA,1,100,0.979863
1755629118.941329,2838165.500,1537,2,EA,1,100,0.980276
1755629119.007830,2838232.000,1537,2,EA,1,100,0.980829
1755629119.074831,2838299.000,1554,1,EA,1,100,0.980000
1755629119.141332,2838365.500,1568,2,EA,1,100,0.980553
1755629119.207833,2838432.000,1568,2,EA,1,100,0.980967
1755629119.273833,2838498.000,1585,1,EA,1,100,0.981106
1755629119.340834,2838565.000,1602,2,EA,1,100,0.980967
1755629119.407835,2838632.000,1602,2,EA,1,100,0.981106
1755629119.473836,2838698.000,1624,1,EA,1,100,0.980967
1755629119.540837,2838765.000,1640,2,EA,1,100,0.981798
1755629119.607837,2838832.000,1640,2,EA,1,100,0.981521
1755629119.673838,2838898.000,1658,1,EA,1,100,0.981936
1755629119.740839,2838965.000,1674,2,EA,1,100,0.982074
1755629119.807840,2839032.000,1674,2,EA,1,100,0.982213
1755629119.874841,2839099.000,1691,1,EA,1,100,0.981936
1755629119.941342,2839165.500,1707,2,EA,1,100,0.981936
1755629120.007842,2839232.000,1707,2,EA,1,100,0.982490
1755629120.074343,2839298.500,1723,2,EA,1,100,0.983045
1755629120.140844,2839365.000,1723,2,EA,1,100,0.982906
1755629120.207845,2839432.000,1739,1,EA,1,100,0.982629
1755629120.274346,2839498.500,1757,2,EA,1,100,0.982906
1755629120.340846,2839565.000,1757,2,EA,1,100,0.983184
1755629120.407847,2839632.000,1773,1,EA,1,100,0.983601
1755629120.474348,2839698.500,1788,2,EA,1,100,0.984156
1755629120.540849,2839765.000,1788,2,EA,1,100,0.983879
1755629120.607850,2839832.000,1804,1,EA,1,100,0.984156
1755629120.674350,2839898.500,1824,2,EA,1,100,0.984017
1755629120.740851,2839965.000,1824,2,EA,1,100,0.984435
1755629120.807852,2840032.000,1840,1,EA,1,100,0.984435
1755629120.874353,2840098.500,1855,2,EA,1,100,0.984296
1755629120.940854,2840165.000,1855,2,EA,1,100,0.984575
1755629121.007855,2840232.000,1872,1,EA,1,100,0.984992
1755629121.074355,2840298.500,1889,2,EA,1,100,0.984713
1755629121.140856,2840365.000,1889,2,EA,1,100,0.985689
1755629121.207857,2840432.000,1905,1,EA,1,100,0.985271
1755629121.274358,2840498.500,1921,2,EA,1,100,0.984017
1755629121.340859,2840565.000,1921,2,EA,1,100,0.984575
1755629121.407859,2840632.000,1937,1,EA,1,100,0.984852
1755629121.474360,2840698.500,1954,2,EA,1,100,0.986527
1755629121.540861,2840765.000,1954,2,EA,1,100,0.986247
1755629121.607862,2840832.000,1970,1,EA,1,100,0.985549
1755629121.674363,2840898.500,1988,2,EA,1,100,0.985969
1755629121.740863,2840965.000,1988,2,EA,1,100,0.985969
1755629121.807864,2841032.000,2004,1,EA,1,100,0.986247
1755629121.874365,2841098.500,2021,2,EA,1,100,0.987087
1755629121.940866,2841165.000,2021,2,EA,1,100,0.986946
1755629122.006867,2841231.000,2038,1,EA,1,100,0.986807
1755629122.073867,2841298.000,2054,2,EA,1,100,0.986946
1755629122.140868,2841365.000,2054,2,EA,1,100,0.986946
1755629122.207869,2841432.000,2069,1,EA,1,100,0.988068
1755629122.274370,2841498.500,2087,2,EA,1,100,0.987507
1755629122.340871,2841565.000,2087,2,EA,1,100,0.987787
1755629122.407372,2841631.500,2105,2,EA,1,100,0.988769
1755629122.473872,2841698.000,2105,2,EA,1,100,0.988628
1755629122.540873,2841765.000,2122,1,EA,1,100,0.987646
1755629122.607374,2841831.500,2137,2,EA,1,100,0.986946
1755629122.673875,2841898.000,2137,2,EA,1,100,0.987646
1755629122.740876,2841965.000,2156,1,EA,1,100,0.989472
1755629122.807376,2842031.500,2172,2,EA,1,100,0.990316
1755629122.873877,2842098.000,2172,2,EA,1,100,0.990456
1755629122.940878,2842165.000,2189,1,EA,1,100,0.989612
1755629123.007379,2842231.500,2204,2,EA,1,100,0.989472
1755629123.073880,2842298.000,2204,2,EA,1,100,0.989049
1755629123.140880,2842365.000,2221,1,EA,1,100,0.989752
1755629123.207381,2842431.500,2237,2,EA,1,100,0.990176
1755629123.273882,2842498.000,2237,2,EA,1,100,0.990034
1755629123.340883,2842565.000,2255,1,EA,1,100,0.990034
1755629123.407384,2842631.500,2269,2,EA,1,100,0.989894
1755629123.473885,2842698.000,2269,2,EA,1,100,0.991021
1755629123.540885,2842765.000,2286,1,EA,1,100,0.991303
1755629123.607386,2842831.500,2303,2,EA,1,100,0.990598
1755629123.673887,2842898.000,2303,2,EA,1,100,0.990034
1755629123.740888,2842965.000,2322,1,EA,1,100,0.989191
1755629123.807389,2843031.500,2336,2,EA,1,100,0.989894
1755629123.873889,2843098.000,2336,2,EA,1,100,0.990316
1755629123.940890,2843165.000,2353,1,EA,1,100,0.991444
1755629124.007391,2843231.500,2370,2,EA,1,100,0.992292
1755629124.073892,2843298.000,2370,2,EA,1,100,0.992858
1755629124.140893,2843365.000,2387,1,EA,1,100,0.991303
1755629124.207393,2843431.500,2401,2,EA,1,100,0.991586
1755629124.273894,2843498.000,2401,2,EA,1,100,0.991444
1755629124.340895,2843565.000,2419,1,EA,1,100,0.991586
1755629124.407396,2843631.500,2435,2,EA,1,100,0.992433
1755629124.473897,2843698.000,2435,2,EA,1,100,0.992574
1755629124.540897,2843765.000,2452,1,EA,1,100,0.991586
1755629124.607398,2843831.500,2473,2,EA,1,100,0.990176
1755629124.673899,2843898.000,2473,2,EA,1,100,0.991021
1755629124.740400,2843964.500,2489,2,EA,1,100,0.992433
1755629124.806901,2844031.000,2489,2,EA,1,100,0.993000
1755629124.873902,2844098.000,2507,1,EA,1,100,0.992717
1755629124.940402,2844164.500,2525,2,EA,1,100,0.993282
1755629125.006903,2844231.000,2525,2,EA,1,100,0.993991
1755629125.073904,2844298.000,2541,1,EA,1,100,0.994275
1755629125.140405,2844364.500,2556,2,EA,1,100,0.993991
1755629125.206906,2844431.000,2556,2,EA,1,100,0.993991
1755629125.273906,2844498.000,2572,1,EA,1,100,0.995271
1755629125.340407,2844564.500,2590,2,EA,1,100,0.995271
1755629125.406908,2844631.000,2590,2,EA,1,100,0.995129
1755629125.473909,2844698.000,2606,1,EA,1,100,0.994418
1755629125.540410,2844764.500,2621,2,EA,1,100,0.995129
1755629125.606910,2844831.000,2621,2,EA,1,100,0.994701
1755629125.673911,2844898.000,2638,1,EA,1,100,0.995129
1755629125.740412,2844964.500,2657,2,EA,1,100,0.995983
1755629125.806913,2845031.000,2657,2,EA,1,100,0.995697
1755629125.873914,2845098.000,2673,1,EA,1,100,0.995412
1755629125.940415,2845164.500,2689,2,EA,1,100,0.995697
1755629126.006915,2845231.000,2689,2,EA,1,100,0.995697
1755629126.073916,2845298.000,2705,1,EA,1,100,0.995983
1755629126.140417,2845364.500,2722,2,EA,1,100,0.996268
1755629126.206918,2845431.000,2722,2,EA,1,100,0.996268
1755629126.273919,2845498.000,2738,1,EA,1,100,0.996268
1755629126.340419,2845564.500,2754,2,EA,1,100,0.996695
1755629126.406920,2845631.000,2754,2,EA,1,100,0.996553
1755629126.473921,2845698.000,2770,1,EA,1,100,0.997267
1755629126.540422,2845764.500,2787,2,EA,1,100,0.997267
1755629126.606923,2845831.000,2787,2,EA,1,100,0.997838
1755629126.673923,2845898.000,2804,1,EA,1,100,0.997267
1755629126.740424,2845964.500,2820,2,EA,1,100,0.997409
1755629126.806925,2846031.000,2820,2,EA,1,100,0.997982
1755629126.873926,2846098.000,2837,1,EA,1,100,0.997982
1755629126.940427,2846164.500,2855,2,EA,1,100,0.997409
1755629127.006927,2846231.000,2855,2,EA,1,100,0.997123
1755629127.073428,2846297.500,2871,2,EA,1,100,0.997409
1755629127.139929,2846364.000,2871,2,EA,1,100,0.998124
1755629127.206930,2846431.000,2888,1,EA,1,100,0.998124
1755629127.273431,2846497.500,2903,2,EA,1,100,0.998840
1755629127.339932,2846564.000,2903,2,EA,1,100,0.999127
1755629127.406932,2846631.000,2922,1,EA,1,100,0.999270
1755629127.473433,2846697.500,2938,2,EA,1,100,0.998267
1755629127.539934,2846764.000,2938,2,EA,1,100,0.998698
1755629127.606935,2846831.000,2955,1,EA,1,100,0.998840
1755629127.673436,2846897.500,2970,2,EA,1,100,0.999127
1755629127.739936,2846964.000,2970,2,EA,1,100,0.999557
1755629127.806937,2847031.000,2987,1,EA,1,100,0.999988
1755629127.873438,2847097.500,3005,2,EA,1,100,0.999700
1755629127.939939,2847164.000,3005,2,EA,1,100,0.999414
1755629128.006940,2847231.000,3023,1,EA,1,100,0.999414
1755629128.073440,2847297.500,3037,2,EA,1,100,0.999700
1755629128.139941,2847364.000,3037,2,EA,1,100,1.000418
1755629128.206942,2847431.000,3054,1,EA,1,100,1.000851
1755629128.273443,2847497.500,3071,2,EA,1,100,1.000275
1755629128.339944,2847564.000,3071,2,EA,1,100,1.000706
1755629128.406945,2847631.000,3088,1,EA,1,100,1.000706
1755629128.473445,2847697.500,3102,2,EA,1,100,1.000994
1755629128.539946,2847764.000,3102,2,EA,1,100,1.001283
1755629128.606947,2847831.000,3119,1,EA,1,100,1.001571
1755629128.673448,2847897.500,3136,2,EA,1,100,1.001426
1755629128.739949,2847964.000,3136,2,EA,1,100,1.002003
1755629128.806949,2848031.000,3153,1,EA,1,100,1.001714
1755629128.873450,2848097.500,3168,2,EA,1,100,1.002003
1755629128.939951,2848164.000,3168,2,EA,1,100,1.002003
1755629129.006952,2848231.000,3187,1,EA,1,100,1.002436
1755629129.073453,2848297.500,3203,2,EA,1,100,1.001858
1755629129.139953,2848364.000,3203,2,EA,1,100,1.002292
1755629129.206954,2848431.000,3220,1,EA,1,100,1.002436
1755629129.273455,2848497.500,3236,2,EA,1,100,1.002292
1755629129.339956,2848564.000,3236,2,EA,1,100,1.003014
1755629129.406457,2848630.500,3252,2,EA,1,100,1.003014
1755629129.472957,2848697.000,3252,2,EA,1,100,1.002868
1755629129.539958,2848764.000,3268,1,EA,1,100,1.003737
1755629129.606459,2848830.500,3286,2,EA,1,100,1.004025
1755629129.672960,2848897.000,3286,2,EA,1,100,1.004750
1755629129.739961,2848964.000,3307,1,EA,1,100,1.004171
1755629129.806462,2849030.500,3322,2,EA,1,100,1.003737
1755629129.872962,2849097.000,3322,2,EA,1,100,1.003737
1755629129.939963,2849164.000,3340,1,EA,1,100,1.003591
1755629130.006464,2849230.500,3358,2,EA,1,100,1.004025
1755629130.072965,2849297.000,3358,2,EA,1,100,1.004025
1755629130.139966,2849364.000,3374,1,EA,1,100,1.003737
1755629130.206466,2849430.500,3389,2,EA,1,100,1.003737
1755629130.272967,2849497.000,3389,2,EA,1,100,1.004171
1755629130.339968,2849564.000,3406,1,EA,1,100,1.004750
1755629130.406469,2849630.500,3423,2,EA,1,100,1.005186
1755629130.472970,2849697.000,3423,2,EA,1,100,1.005475
1755629130.539970,2849764.000,3439,1,EA,1,100,1.006057
1755629130.606471,2849830.500,3455,2,EA,1,100,1.005766
1755629130.672972,2849897.000,3455,2,EA,1,100,1.005040
1755629130.739973,2849964.000,3471,1,EA,1,100,1.005330
1755629130.806474,2850030.500,3488,2,EA,1,100,1.006057
1755629130.872975,2850097.000,3488,2,EA,1,100,1.006057
1755629130.939975,2850164.000,3506,1,EA,1,100,1.006057
1755629131.006476,2850230.500,3522,2,EA,1,100,1.006057
1755629131.072977,2850297.000,3522,2,EA,1,100,1.005766
1755629131.139978,2850364.000,3538,1,EA,1,100,1.006202
1755629131.206479,2850430.500,3555,2,EA,1,100,1.006784
1755629131.272979,2850497.000,3555,2,EA,1,100,1.006493
1755629131.339980,2850564.000,3572,1,EA,1,100,1.006348
1755629131.406481,2850630.500,3588,2,EA,1,100,1.007513
1755629131.472982,2850697.000,3588,2,EA,1,100,1.006493
1755629131.539983,2850764.000,3603,1,EA,1,100,1.007658
1755629131.606483,2850830.500,3621,2,EA,1,100,1.007658
1755629131.672984,2850897.000,3621,2,EA,1,100,1.007950
1755629131.739985,2850964.000,3637,2,EA,1,100,1.007950
1755629131.806986,2851031.000,3637,2,EA,1,100,1.009266
1755629131.872987,2851097.000,3654,1,EA,1,100,1.010437
1755629131.939987,2851164.000,3671,2,EA,1,100,1.009411
1755629132.006988,2851231.000,3671,2,EA,1,100,1.006493
1755629132.072989,2851297.000,3688,1,EA,1,100,1.004895
1755629132.139490,2851363.500,3704,2,EA,1,100,0.998840
1755629132.205991,2851430.000,3704,2,EA,1,100,0.993282
1755629132.272992,2851497.000,3721,1,EA,1,100,1.000275
1755629132.339992,2851564.000,3738,2,EA,1,100,1.022757
1755629132.406993,2851631.000,3738,2,EA,1,100,1.077857
1755629132.472994,2851697.000,3755,1,EA,1,100,1.250998
1755629132.539495,2851763.500,3771,2,EA,1,100,2.275687
1755629132.605996,2851830.000,3771,2,EA,1,100,7.065130
1755629132.672996,2851897.000,3789,1,EA,1,100,5.054509
1755629132.739497,2851963.500,3805,2,EA,1,100,2.091142
1755629132.805998,2852030.000,3805,2,EA,1,100,1.471818
1755629132.872999,2852097.000,3822,1,EA,1,100,1.269012
1755629132.939500,2852163.500,3841,2,EA,1,100,1.166723
1755629133.006000,2852230.000,3841,2,EA,1,100,1.123968
1755629133.073001,2852297.000,3858,1,EA,1,100,1.082886
1755629133.139502,2852363.500,3872,2,EA,1,100,1.060940
1755629133.206003,2852430.000,3872,2,EA,1,100,1.052759
1755629133.273004,2852497.000,3889,1,EA,1,100,1.041733
1755629133.339505,2852563.500,3906,2,EA,1,100,1.033076
1755629133.406005,2852630.000,3906,2,EA,1,100,1.028346
1755629133.473006,2852697.000,3923,1,EA,1,100,1.023358
1755629133.539507,2852763.500,3938,2,EA,1,100,1.012052
1755629133.606008,2852830.000,3938,2,EA,1,100,1.015152
1755629133.673009,2852897.000,3955,1,EA,1,100,1.027436
1755629133.739509,2852963.500,3971,2,EA,1,100,1.030630
1755629133.806010,2853030.000,3971,2,EA,1,100,1.029715
1755629133.873011,2853097.000,3988,1,EA,1,100,1.027587
1755629133.939512,2853163.500,4004,2,EA,1,100,1.027284
1755629134.006013,2853230.000,4004,2,EA,1,100,1.026829
1755629134.073013,2853297.000,4022,2,EA,1,100,1.028195
1755629134.140014,2853364.000,4022,2,EA,1,100,1.031087
1755629134.206015,2853430.000,4038,1,EA,1,100,1.034458
1755629134.273016,2853497.000,4056,2,EA,1,100,1.033997
1755629134.340017,2853564.000,4056,2,EA,1,100,1.030019
1755629134.406017,2853630.000,4072,1,EA,1,100,1.020807
1755629134.473018,2853697.000,4087,2,EA,1,100,1.013232
1755629134.540019,2853764.000,4087,2,EA,1,100,1.016485
1755629134.606020,2853830.000,4103,1,EA,1,100,1.011024
1755629134.673021,2853897.000,4121,2,EA,1,100,1.011024
1755629134.740022,2853964.000,4121,2,EA,1,100,1.014116
1755629134.806022,2854030.000,4137,1,EA,1,100,1.017377
1755629134.873023,2854097.000,4157,2,EA,1,100,1.021256
1755629134.940024,2854164.000,4157,2,EA,1,100,1.024713
1755629135.006025,2854230.000,4174,1,EA,1,100,1.025468
1755629135.073026,2854297.000,4191,2,EA,1,100,1.021856
1755629135.140026,2854364.000,4191,2,EA,1,100,1.023660
1755629135.206027,2854430.000,4209,1,EA,1,100,1.025167
1755629135.273028,2854497.000,4225,2,EA,1,100,1.024261
1755629135.340029,2854564.000,4225,2,EA,1,100,1.025620
1755629135.406030,2854630.000,4241,1,EA,1,100,1.025922
1755629135.472530,2854696.500,4258,2,EA,1,100,1.022908
1755629135.539031,2854763.000,4258,2,EA,1,100,1.022757
1755629135.606032,2854830.000,4274,1,EA,1,100,1.023960
1755629135.672533,2854896.500,4290,2,EA,1,100,1.024713
1755629135.739034,2854963.000,4290,2,EA,1,100,1.024563
1755629135.806035,2855030.000,4306,1,EA,1,100,1.023960
1755629135.872535,2855096.500,4323,2,EA,1,100,1.023057
1755629135.939036,2855163.000,4323,2,EA,1,100,1.023660
1755629136.006037,2855230.000,4340,1,EA,1,100,1.024261
1755629136.072538,2855296.500,4356,2,EA,1,100,1.024713
1755629136.139039,2855363.000,4356,2,EA,1,100,1.023960
1755629136.206039,2855430.000,4371,2,EA,1,100,1.022757
1755629136.273040,2855497.000,4371,2,EA,1,100,1.022157
1755629136.339041,2855563.000,4391,1,EA,1,100,1.022456
1755629136.406042,2855630.000,4407,2,EA,1,100,1.022157
1755629136.473043,2855697.000,4407,2,EA,1,100,1.024261
1755629136.539043,2855763.000,4424,1,EA,1,100,1.023960
1755629136.606044,2855830.000,4439,2,EA,1,100,1.023660
1755629136.673045,2855897.000,4439,2,EA,1,100,1.023057
1755629136.739046,2855963.000,4456,1,EA,1,100,1.022757
1755629136.806047,2856030.000,4472,2,EA,1,100,1.023660
1755629136.873047,2856097.000,4472,2,EA,1,100,1.023358
1755629136.939048,2856163.000,4489,1,EA,1,100,1.022757
1755629137.006049,2856230.000,4504,2,EA,1,100,1.023057
1755629137.073050,2856297.000,4504,2,EA,1,100,1.022157
1755629137.139051,2856363.000,4521,1,EA,1,100,1.022757
1755629137.206052,2856430.000,4539,2,EA,1,100,1.023660
1755629137.273052,2856497.000,4539,2,EA,1,100,1.023810
1755629137.340053,2856564.000,4557,1,EA,1,100,1.023057
1755629137.406554,2856630.500,4573,2,EA,1,100,1.023960
1755629137.473055,2856697.000,4573,2,EA,1,100,1.023207
1755629137.539056,2856763.000,4590,1,EA,1,100,1.023358
1755629137.606056,2856830.000,4607,2,EA,1,100,1.024413
1755629137.673057,2856897.000,4607,2,EA,1,100,1.024111
1755629137.739058,2856963.000,4624,1,EA,1,100,1.023810
1755629137.806059,2857030.000,4638,2,EA,1,100,1.024865
1755629137.873060,2857097.000,4638,2,EA,1,100,1.024413
1755629137.939060,2857163.000,4655,1,EA,1,100,1.023810
1755629138.006061,2857230.000,4672,2,EA,1,100,1.023810
1755629138.073062,2857297.000,4672,2,EA,1,100,1.023508
1755629138.139063,2857363.000,4689,1,EA,1,100,1.023960
1755629138.206064,2857430.000,4704,2,EA,1,100,1.023508
1755629138.273065,2857497.000,4704,2,EA,1,100,1.023207
1755629138.339065,2857563.000,4723,1,EA,1,100,1.023810
1755629138.406066,2857630.000,4739,2,EA,1,100,1.023207
1755629138.473067,2857697.000,4739,2,EA,1,100,1.023810
1755629138.539568,2857763.500,4756,2,EA,1,100,1.024261
1755629138.606069,2857830.000,4756,2,EA,1,100,1.025167
1755629138.672069,2857896.000,4773,1,EA,1,100,1.025770
1755629138.739070,2857963.000,4788,2,EA,1,100,1.028042
1755629138.806071,2858030.000,4788,2,EA,1,100,1.044702
1755629138.873072,2858097.000,4804,1,EA,1,100,1.041421
1755629138.939573,2858163.500,4822,2,EA,1,100,1.031545
1755629139.006073,2858230.000,4822,2,EA,1,100,1.028802
1755629139.072074,2858296.000,4838,1,EA,1,100,1.027587
1755629139.139075,2858363.000,4853,2,EA,1,100,1.037077
1755629139.206076,2858430.000,4853,2,EA,1,100,1.048478
1755629139.273077,2858497.000,4869,1,EA,1,100,1.042825
1755629139.339577,2858563.500,4887,2,EA,1,100,1.034150
1755629139.406078,2858630.000,4887,2,EA,1,100,1.030630
1755629139.472079,2858696.000,4903,1,EA,1,100,1.025015
1755629139.539080,2858763.000,4920,2,EA,1,100,1.022006
1755629139.606081,2858830.000,4920,2,EA,1,100,1.022157
1755629139.672082,2858896.000,4937,1,EA,1,100,1.027436
1755629139.739082,2858963.000,4954,2,EA,1,100,1.028346
1755629139.806083,2859030.000,4954,2,EA,1,100,1.022607
1755629139.872084,2859096.000,4970,1,EA,1,100,1.017227
1755629139.939085,2859163.000,4991,2,EA,1,100,1.014856
1755629140.006086,2859230.000,4991,2,EA,1,100,1.012642
1755629140.072086,2859296.000,5007,1,EA,1,100,1.010877
1755629140.139087,2859363.000,5024,2,EA,1,100,1.010291
1755629140.206088,2859430.000,5024,2,EA,1,100,1.009118
1755629140.273089,2859497.000,5040,1,EA,1,100,1.001571
1755629140.339590,2859563.500,5057,2,EA,1,100,0.987367
1755629140.406090,2859630.000,5057,2,EA,1,100,0.974513
1755629140.472091,2859696.000,5072,1,EA,1,100,0.966666
1755629140.539092,2859763.000,5091,2,EA,1,100,0.960929
1755629140.606093,2859830.000,5091,2,EA,1,100,0.956179
1755629140.672094,2859896.000,5108,1,EA,1,100,0.952776
1755629140.739095,2859963.000,5124,2,EA,1,100,0.948234
1755629140.806095,2860030.000,5124,2,EA,1,100,0.940549
1755629140.872596,2860096.500,5139,2,EA,1,100,0.938141
1755629140.939097,2860163.000,5139,2,EA,1,100,0.939154
1755629141.006098,2860230.000,5157,1,EA,1,100,0.940294
1755629141.072599,2860296.500,5173,2,EA,1,100,0.940294
1755629141.139099,2860363.000,5173,2,EA,1,100,0.939280
1755629141.206100,2860430.000,5190,1,EA,1,100,0.937761
1755629141.272601,2860496.500,5205,2,EA,1,100,0.932362
1755629141.339102,2860563.000,5205,2,EA,1,100,0.927024
1755629141.406103,2860630.000,5222,1,EA,1,100,0.923703
1755629141.472603,2860696.500,5240,2,EA,1,100,0.920649
1755629141.539104,2860763.000,5240,2,EA,1,100,0.917012
1755629141.606105,2860830.000,5257,1,EA,1,100,0.913043
1755629141.672606,2860896.500,5272,2,EA,1,100,0.909584
1755629141.739107,2860963.000,5272,2,EA,1,100,0.904738
1755629141.806107,2861030.000,5289,1,EA,1,100,0.899827
1755629141.872608,2861096.500,5305,2,EA,1,100,0.894624
1755629141.939109,2861163.000,5305,2,EA,1,100,0.889481
1755629142.006110,2861230.000,5323,1,EA,1,100,0.886198
1755629142.072611,2861296.500,5337,2,EA,1,100,0.882714
1755629142.139112,2861363.000,5337,2,EA,1,100,0.877707
1755629142.205112,2861429.000,5354,1,EA,1,100,0.871118
1755629142.272113,2861496.000,5371,2,EA,1,100,0.863019
1755629142.339114,2861563.000,5371,2,EA,1,100,0.856017
1755629142.406115,2861630.000,5392,1,EA,1,100,0.849956
1755629142.472616,2861696.500,5406,2,EA,1,100,0.846236
1755629142.539116,2861763.000,5406,2,EA,1,100,0.842856
1755629142.605117,2861829.000,5423,1,EA,1,100,0.832974
1755629142.672118,2861896.000,5440,2,EA,1,100,0.826153
1755629142.739119,2861963.000,5440,2,EA,1,100,0.824490
1755629142.806120,2862030.000,5457,1,EA,1,100,0.822834
1755629142.872620,2862096.500,5472,2,EA,1,100,0.820990
1755629142.939121,2862163.000,5472,2,EA,1,100,0.818963
1755629143.005622,2862229.500,5489,2,EA,1,100,0.816849
1755629143.072123,2862296.000,5489,2,EA,1,100,0.815127
1755629143.139124,2862363.000,5505,1,EA,1,100,0.815605
1755629143.205625,2862429.500,5522,2,EA,1,100,0.815891
1755629143.272125,2862496.000,5522,2,EA,1,100,0.813984
1755629143.339126,2862563.000,5539,1,EA,1,100,0.811895
1755629143.405627,2862629.500,5554,2,EA,1,100,0.811139
1755629143.472128,2862696.000,5554,2,EA,1,100,0.810950
1755629143.539129,2862763.000,5572,1,EA,1,100,0.809535
1755629143.605629,2862829.500,5590,2,EA,1,100,0.808501
1755629143.672130,2862896.000,5590,2,EA,1,100,0.806908
1755629143.739131,2862963.000,5606,1,EA,1,100,0.805508
1755629143.805632,2863029.500,5621,2,EA,1,100,0.804299
1755629143.872133,2863096.000,5621,2,EA,1,100,0.804299
1755629143.939133,2863163.000,5637,1,EA,1,100,0.804763
1755629144.005634,2863229.500,5655,2,EA,1,100,0.804391
1755629144.072135,2863296.000,5655,2,EA,1,100,0.805135
1755629144.139136,2863363.000,5671,1,EA,1,100,0.804763
1755629144.205637,2863429.500,5686,2,EA,1,100,0.804670
1755629144.272137,2863496.000,5686,2,EA,1,100,0.804019
1755629144.339138,2863563.000,5703,1,EA,1,100,0.803370
1755629144.405639,2863629.500,5720,2,EA,1,100,0.802814
1755629144.472140,2863696.000,5720,2,EA,1,100,0.802629
1755629144.539141,2863763.000,5738,1,EA,1,100,0.802352
1755629144.605642,2863829.500,5754,2,EA,1,100,0.802260
1755629144.672142,2863896.000,5754,2,EA,1,100,0.801889
1755629144.739143,2863963.000,5770,1,EA,1,100,0.801797
1755629144.805644,2864029.500,5787,2,EA,1,100,0.801152
1755629144.872145,2864096.000,5787,2,EA,1,100,0.800875
1755629144.939146,2864163.000,5803,1,EA,1,100,0.801152
1755629145.005646,2864229.500,5820,2,EA,1,100,0.800691
1755629145.072147,2864296.000,5820,2,EA,1,100,0.800415
1755629145.139148,2864363.000,5840,1,EA,1,100,0.800691
1755629145.205649,2864429.500,5857,2,EA,1,100,0.800967
1755629145.272150,2864496.000,5857,2,EA,1,100,0.800875
1755629145.339150,2864563.000,5874,1,EA,1,100,0.800507
1755629145.405651,2864629.500,5890,2,EA,1,100,0.800139
1755629145.472152,2864696.000,5890,2,EA,1,100,0.800507
1755629145.538653,2864762.500,5907,2,EA,1,100,0.799955
1755629145.605154,2864829.000,5907,2,EA,1,100,0.799771
1755629145.672155,2864896.000,5925,1,EA,1,100,0.799680
1755629145.738655,2864962.500,5941,2,EA,1,100,0.798579
1755629145.805156,2865029.000,5941,2,EA,1,100,0.798395
1755629145.872157,2865096.000,5958,1,EA,1,100,0.798304
1755629145.938658,2865162.500,5973,2,EA,1,100,0.798212
1755629146.005159,2865229.000,5973,2,EA,1,100,0.797938
1755629146.072159,2865296.000,5990,1,EA,1,100,0.798212
1755629146.138660,2865362.500,6006,2,EA,1,100,0.798395
1755629146.205161,2865429.000,6006,2,EA,1,100,0.798121
1755629146.272162,2865496.000,6023,1,EA,1,100,0.798304
1755629146.338663,2865562.500,6038,2,EA,1,100,0.798487
1755629146.405163,2865629.000,6038,2,EA,1,100,0.798121
1755629146.472164,2865696.000,6055,1,EA,1,100,0.797024
1755629146.538665,2865762.500,6071,2,EA,1,100,0.796478
1755629146.605166,2865829.000,6071,2,EA,1,100,0.793120
1755629146.672167,2865896.000,6091,1,EA,1,100,0.792759
1755629146.738667,2865962.500,6105,2,EA,1,100,0.793754
1755629146.805168,2866029.000,6105,2,EA,1,100,0.793211
1755629146.872169,2866096.000,6122,1,EA,1,100,0.793572
1755629146.938670,2866162.500,6139,2,EA,1,100,0.792940
1755629147.005171,2866229.000,6139,2,EA,1,100,0.792578
1755629147.072172,2866296.000,6156,1,EA,1,100,0.792759
1755629147.138672,2866362.500,6170,2,EA,1,100,0.792940
1755629147.205173,2866429.000,6170,2,EA,1,100,0.792488
1755629147.272174,2866496.000,6187,1,EA,1,100,0.792669
1755629147.338675,2866562.500,6206,2,EA,1,100,0.792308
1755629147.405176,2866629.000,6206,2,EA,1,100,0.792759
1755629147.472176,2866696.000,6223,1,EA,1,100,0.792759
1755629147.538677,2866762.500,6237,2,EA,1,100,0.792759
1755629147.605178,2866829.000,6237,2,EA,1,100,0.793572
1755629147.672179,2866896.000,6257,1,EA,1,100,0.792940
1755629147.738680,2866962.500,6273,2,EA,1,100,0.793211
1755629147.805180,2867029.000,6273,2,EA,1,100,0.791587
1755629147.871681,2867095.500,6290,2,EA,1,100,0.789165
1755629147.938182,2867162.000,6290,2,EA,1,100,0.788718
1755629148.005183,2867229.000,6307,1,EA,1,100,0.789612
1755629148.071684,2867295.500,6322,2,EA,1,100,0.792038
1755629148.138184,2867362.000,6322,2,EA,1,100,0.793663
1755629148.205185,2867429.000,6338,1,EA,1,100,0.793391
1755629148.271686,2867495.500,6356,2,EA,1,100,0.793572
1755629148.338187,2867562.000,6356,2,EA,1,100,0.793211
1755629148.405188,2867629.000,6372,1,EA,1,100,0.792578
1755629148.471689,2867695.500,6387,2,EA,1,100,0.793572
1755629148.538189,2867762.000,6387,2,EA,1,100,0.794660
1755629148.605190,2867829.000,6403,1,EA,1,100,0.793211
1755629148.671691,2867895.500,6423,2,EA,1,100,0.792308
1755629148.738192,2867962.000,6423,2,EA,1,100,0.792488
1755629148.805193,2868029.000,6439,1,EA,1,100,0.792399
1755629148.871693,2868095.500,6454,2,EA,1,100,0.792399
1755629148.938194,2868162.000,6454,2,EA,1,100,0.792759
1755629149.005195,2868229.000,6471,1,EA,1,100,0.792850
1755629149.071696,2868295.500,6488,2,EA,1,100,0.792940
1755629149.138197,2868362.000,6488,2,EA,1,100,0.793211
1755629149.205197,2868429.000,6504,1,EA,1,100,0.792759
1755629149.271698,2868495.500,6520,2,EA,1,100,0.793120
1755629149.338199,2868562.000,6520,2,EA,1,100,0.792488
1755629149.405200,2868629.000,6536,1,EA,1,100,0.792308
1755629149.471701,2868695.500,6553,2,EA,1,100,0.792488
1755629149.538202,2868762.000,6553,2,EA,1,100,0.793030
1755629149.605202,2868829.000,6569,1,EA,1,100,0.793844
1755629149.671703,2868895.500,6585,2,EA,1,100,0.795022
1755629149.738204,2868962.000,6585,2,EA,1,100,0.796022
1755629149.805205,2869029.000,6603,1,EA,1,100,0.795476
1755629149.871706,2869095.500,6620,2,EA,1,100,0.791048
1755629149.938206,2869162.000,6620,2,EA,1,100,0.789165
1755629150.005207,2869229.000,6637,1,EA,1,100,0.789791
1755629150.071708,2869295.500,6653,2,EA,1,100,0.790599
1755629150.138209,2869362.000,6653,2,EA,1,100,0.791048
1755629150.205210,2869429.000,6673,1,EA,1,100,0.790958
1755629150.271710,2869495.500,6691,2,EA,1,100,0.791227
1755629150.338211,2869562.000,6691,2,EA,1,100,0.791948
1755629150.404712,2869628.500,6707,2,EA,1,100,0.791498
1755629150.471213,2869695.000,6707,2,EA,1,100,0.791138
1755629150.538214,2869762.000,6724,1,EA,1,100,0.790958
1755629150.604714,2869828.500,6739,2,EA,1,100,0.790509
1755629150.671215,2869895.000,6739,2,EA,1,100,0.790868
1755629150.738216,2869962.000,6756,1,EA,1,100,0.791138
1755629150.804717,2870028.500,6774,2,EA,1,100,0.790599
1755629150.871218,2870095.000,6774,2,EA,1,100,0.789791
1755629150.938219,2870162.000,6791,1,EA,1,100,0.789523
1755629151.004719,2870228.500,6806,2,EA,1,100,0.789344
1755629151.071220,2870295.000,6806,2,EA,1,100,0.789791
1755629151.138221,2870362.000,6823,1,EA,1,100,0.790240
1755629151.204722,2870428.500,6839,2,EA,1,100,0.790060
1755629151.271223,2870495.000,6839,2,EA,1,100,0.789165
1755629151.338223,2870562.000,6857,1,EA,1,100,0.789344
1755629151.404724,2870628.500,6871,2,EA,1,100,0.789076
1755629151.471225,2870695.000,6871,2,EA,1,100,0.787469
1755629151.538226,2870762.000,6888,1,EA,1,100,0.787469
1755629151.604727,2870828.500,6905,2,EA,1,100,0.787558
1755629151.671227,2870895.000,6905,2,EA,1,100,0.788004
1755629151.738228,2870962.000,6924,1,EA,1,100,0.787558
1755629151.804729,2871028.500,6938,2,EA,1,100,0.787558
1755629151.871230,2871095.000,6938,2,EA,1,100,0.788093
1755629151.938231,2871162.000,6955,1,EA,1,100,0.788986
1755629152.004732,2871228.500,6972,2,EA,1,100,0.788808
1755629152.071232,2871295.000,6972,2,EA,1,100,0.787291
1755629152.138233,2871362.000,6989,1,EA,1,100,0.786580
1755629152.204734,2871428.500,7004,2,EA,1,100,0.786757
1755629152.271235,2871495.000,7004,2,EA,1,100,0.786846
1755629152.338236,2871562.000,7021,1,EA,1,100,0.787201
1755629152.404736,2871628.500,7039,2,EA,1,100,0.787469
1755629152.471237,2871695.000,7039,2,EA,1,100,0.787380
1755629152.538238,2871762.000,7056,2,EA,1,100,0.787469
1755629152.605239,2871829.000,7056,2,EA,1,100,0.788182
1755629152.671240,2871895.000,7073,1,EA,1,100,0.787915
1755629152.738240,2871962.000,7090,2,EA,1,100,0.787291
1755629152.805241,2872029.000,7090,2,EA,1,100,0.787024
1755629152.871242,2872095.000,7106,1,EA,1,100,0.788004
1755629152.937743,2872161.500,7124,2,EA,1,100,0.787825
1755629153.004244,2872228.000,7124,2,EA,1,100,0.787380
1755629153.071244,2872295.000,7140,1,EA,1,100,0.787469
1755629153.137745,2872361.500,7155,2,EA,1,100,0.787647
1755629153.204246,2872428.000,7155,2,EA,1,100,0.787024
1755629153.271247,2872495.000,7171,1,EA,1,100,0.786846
1755629153.337748,2872561.500,7189,2,EA,1,100,0.787113
1755629153.404249,2872628.000,7189,2,EA,1,100,0.788004
1755629153.471249,2872695.000,7205,1,EA,1,100,0.788361
1755629153.537750,2872761.500,7220,2,EA,1,100,0.788271
1755629153.604251,2872828.000,7220,2,EA,1,100,0.788539
1755629153.671252,2872895.000,7237,1,EA,1,100,0.788361
1755629153.737753,2872961.500,7254,2,EA,1,100,0.788271
1755629153.804253,2873028.000,7254,2,EA,1,100,0.788093
1755629153.871254,2873095.000,7272,1,EA,1,100,0.787647
1755629153.937755,2873161.500,7288,2,EA,1,100,0.787736
1755629154.004256,2873228.000,7288,2,EA,1,100,0.787736
1755629154.071257,2873295.000,7304,1,EA,1,100,0.787558
1755629154.137757,2873361.500,7321,2,EA,1,100,0.787024
1755629154.204258,2873428.000,7321,2,EA,1,100,0.786935
1755629154.271259,2873495.000,7338,2,EA,1,100,0.787024
1755629154.338260,2873562.000,7338,2,EA,1,100,0.787647
1755629154.404261,2873628.000,7355,1,EA,1,100,0.787469
1755629154.471262,2873695.000,7369,2,EA,1,100,0.787825
1755629154.538262,2873762.000,7369,2,EA,1,100,0.787825
1755629154.604263,2873828.000,7386,1,EA,1,100,0.787558
1755629154.671264,2873895.000,7403,2,EA,1,100,0.787291
1755629154.738265,2873962.000,7403,2,EA,1,100,0.787201
1755629154.804266,2874028.000,7420,1,EA,1,100,0.787113
1755629154.871266,2874095.000,7436,2,EA,1,100,0.787380
1755629154.938267,2874162.000,7436,2,EA,1,100,0.787024
1755629155.004268,2874228.000,7454,1,EA,1,100,0.786935
1755629155.071269,2874295.000,7470,2,EA,1,100,0.787291
1755629155.138270,2874362.000,7470,2,EA,1,100,0.787201
1755629155.204270,2874428.000,7487,1,EA,1,100,0.787113
1755629155.270771,2874494.500,7507,2,EA,1,100,0.787113
1755629155.337272,2874561.000,7507,2,EA,1,100,0.786935
1755629155.404273,2874628.000,7524,2,EA,1,100,0.786935
1755629155.471274,2874695.000,7524,2,EA,1,100,0.786402
1755629155.537274,2874761.000,7540,1,EA,1,100,0.786312
1755629155.604275,2874828.000,7558,2,EA,1,100,0.786402
1755629155.671276,2874895.000,7558,2,EA,1,100,0.786668
1755629155.737277,2874961.000,7574,1,EA,1,100,0.785780
1755629155.804278,2875028.000,7591,2,EA,1,100,0.785780
1755629155.871279,2875095.000,7591,2,EA,1,100,0.786224
1755629155.937279,2875161.000,7607,1,EA,1,100,0.786580
1755629156.004280,2875228.000,7625,2,EA,1,100,0.786402
1755629156.071281,2875295.000,7625,2,EA,1,100,0.786402
1755629156.137282,2875361.000,7641,1,EA,1,100,0.786224
1755629156.204283,2875428.000,7656,2,EA,1,100,0.786224
1755629156.271283,2875495.000,7656,2,EA,1,100,0.786136
1755629156.337284,2875561.000,7673,1,EA,1,100,0.786580
1755629156.404285,2875628.000,7690,2,EA,1,100,0.787291
1755629156.471286,2875695.000,7690,2,EA,1,100,0.787736
1755629156.537287,2875761.000,7706,1,EA,1,100,0.786935
1755629156.604287,2875828.000,7722,2,EA,1,100,0.786580
1755629156.671288,2875895.000,7722,2,EA,1,100,0.786668
1755629156.737289,2875961.000,7738,1,EA,1,100,0.786935
1755629156.804290,2876028.000,7755,2,EA,1,100,0.787291
1755629156.871291,2876095.000,7755,2,EA,1,100,0.787201
1755629156.937292,2876161.000,7773,1,EA,1,100,0.786402
1755629157.004292,2876228.000,7789,2,EA,1,100,0.786757
1755629157.071293,2876295.000,7789,2,EA,1,100,0.786935
1755629157.137294,2876361.000,7805,1,EA,1,100,0.786757
1755629157.204295,2876428.000,7822,2,EA,1,100,0.786046
1755629157.271296,2876495.000,7822,2,EA,1,100,0.785425
1755629157.338296,2876562.000,7839,1,EA,1,100,0.785072
1755629157.404797,2876628.500,7857,2,EA,1,100,0.785958
1755629157.471298,2876695.000,7857,2,EA,1,100,0.786136
1755629157.537299,2876761.000,7872,1,EA,1,100,0.786136
1755629157.604300,2876828.000,7890,2,EA,1,100,0.786846
1755629157.671300,2876895.000,7890,2,EA,1,100,0.786668
1755629157.737801,2876961.500,7906,2,EA,1,100,0.786668
1755629157.804302,2877028.000,7906,2,EA,1,100,0.786402
1755629157.871303,2877095.000,7923,1,EA,1,100,0.786136
1755629157.937804,2877161.500,7938,2,EA,1,100,0.786580
1755629158.004304,2877228.000,7938,2,EA,1,100,0.786136
1755629158.071305,2877295.000,7957,1,EA,1,100,0.786046
1755629158.137806,2877361.500,7973,2,EA,1,100,0.785692
1755629158.204307,2877428.000,7973,2,EA,1,100,0.785603
1755629158.271308,2877495.000,7990,1,EA,1,100,0.785072
1755629158.337809,2877561.500,8005,2,EA,1,100,0.785160
1755629158.404309,2877628.000,8005,2,EA,1,100,0.785072
1755629158.471310,2877695.000,8022,1,EA,1,100,0.785337
1755629158.537811,2877761.500,8038,2,EA,1,100,0.785514
1755629158.604312,2877828.000,8038,2,EA,1,100,0.785603
1755629158.671313,2877895.000,8056,1,EA,1,100,0.785603
1755629158.737813,2877961.500,8070,2,EA,1,100,0.785780
1755629158.804314,2878028.000,8070,2,EA,1,100,0.785603
1755629158.871315,2878095.000,8087,1,EA,1,100,0.785692
1755629158.937816,2878161.500,8106,2,EA,1,100,0.785958
1755629159.004317,2878228.000,8106,2,EA,1,100,0.786046
1755629159.071317,2878295.000,8123,1,EA,1,100,0.785603
1755629159.137818,2878361.500,8137,2,EA,1,100,0.785692
1755629159.204319,2878428.000,8137,2,EA,1,100,0.786136
1755629159.271320,2878495.000,8154,1,EA,1,100,0.786402
1755629159.337821,2878561.500,8171,2,EA,1,100,0.785958
1755629159.404322,2878628.000,8171,2,EA,1,100,0.786668
1755629159.470322,2878694.000,8188,1,EA,1,100,0.786935
1755629159.537323,2878761.000,8202,2,EA,1,100,0.786668
1755629159.604324,2878828.000,8202,2,EA,1,100,0.786402
1755629159.670325,2878894.000,8220,1,EA,1,100,0.786490
1755629159.737326,2878961.000,8236,2,EA,1,100,0.785249
1755629159.804326,2879028.000,8236,2,EA,1,100,0.785249
1755629159.870327,2879094.000,8253,1,EA,1,100,0.785603
1755629159.937328,2879161.000,8272,2,EA,1,100,0.786136
1755629160.004329,2879228.000,8272,2,EA,1,100,0.786580
1755629160.070830,2879294.500,8287,2,EA,1,100,0.787113
1755629160.137330,2879361.000,8287,2,EA,1,100,0.787380
1755629160.204331,2879428.000,8303,1,EA,1,100,0.786935
1755629160.270832,2879494.500,8321,2,EA,1,100,0.786224
1755629160.337333,2879561.000,8321,2,EA,1,100,0.785603
1755629160.404334,2879628.000,8337,1,EA,1,100,0.785603
1755629160.470834,2879694.500,8357,2,EA,1,100,0.785958
1755629160.537335,2879761.000,8357,2,EA,1,100,0.786490
1755629160.604336,2879828.000,8373,1,EA,1,100,0.786846
1755629160.670837,2879894.500,8391,2,EA,1,100,0.787469
1755629160.737338,2879961.000,8391,2,EA,1,100,0.787469
1755629160.804339,2880028.000,8407,1,EA,1,100,0.787736
1755629160.870839,2880094.500,8422,2,EA,1,100,0.788004
1755629160.937340,2880161.000,8422,2,EA,1,100,0.787558
1755629161.004341,2880228.000,8439,1,EA,1,100,0.787558
1755629161.070842,2880294.500,8458,2,EA,1,100,0.787825
1755629161.137343,2880361.000,8458,2,EA,1,100,0.788361
1755629161.204343,2880428.000,8474,1,EA,1,100,0.787558
1755629161.270844,2880494.500,8490,2,EA,1,100,0.787647
1755629161.337345,2880561.000,8490,2,EA,1,100,0.787113
1755629161.404346,2880628.000,8506,1,EA,1,100,0.787024
1755629161.470847,2880694.500,8523,2,EA,1,100,0.787201
1755629161.537347,2880761.000,8523,2,EA,1,100,0.787825
1755629161.604348,2880828.000,8539,1,EA,1,100,0.787647
1755629161.670849,2880894.500,8555,2,EA,1,100,0.787647
1755629161.737350,2880961.000,8555,2,EA,1,100,0.787558
1755629161.804351,2881028.000,8571,1,EA,1,100,0.787380
1755629161.870852,2881094.500,8588,2,EA,1,100,0.787380
1755629161.937352,2881161.000,8588,2,EA,1,100,0.787469
1755629162.003353,2881227.000,8605,1,EA,1,100,0.787291
1755629162.070354,2881294.000,8623,2,EA,1,100,0.787558
1755629162.137355,2881361.000,8623,2,EA,1,100,0.787736
1755629162.204356,2881428.000,8638,1,EA,1,100,0.787291
1755629162.270856,2881494.500,8656,2,EA,1,100,0.787024
1755629162.337357,2881561.000,8656,2,EA,1,100,0.787469
1755629162.403858,2881627.500,8674,2,EA,1,100,0.787380
1755629162.470359,2881694.000,8674,2,EA,1,100,0.787558
1755629162.537360,2881761.000,8691,1,EA,1,100,0.787469
1755629162.603860,2881827.500,8706,2,EA,1,100,0.786668
1755629162.670361,2881894.000,8706,2,EA,1,100,0.787558
1755629162.737362,2881961.000,8723,1,EA,1,100,0.787558
1755629162.803863,2882027.500,8739,2,EA,1,100,0.787024
1755629162.870364,2882094.000,8739,2,EA,1,100,0.787558
1755629162.937364,2882161.000,8756,1,EA,1,100,0.787558
1755629163.003865,2882227.500,8771,2,EA,1,100,0.787825
1755629163.070366,2882294.000,8771,2,EA,1,100,0.787736
1755629163.137367,2882361.000,8790,1,EA,1,100,0.787825
1755629163.203868,2882427.500,8806,2,EA,1,100,0.787380
1755629163.270369,2882494.000,8806,2,EA,1,100,0.787291
1755629163.337369,2882561.000,8824,1,EA,1,100,0.787201
1755629163.403870,2882627.500,8838,2,EA,1,100,0.787024
1755629163.470371,2882694.000,8838,2,EA,1,100,0.787113
1755629163.537372,2882761.000,8855,1,EA,1,100,0.787736
1755629163.603873,2882827.500,8872,2,EA,1,100,0.788004
1755629163.670373,2882894.000,8872,2,EA,1,100,0.788271
1755629163.737374,2882961.000,8889,1,EA,1,100,0.788808
1755629163.803875,2883027.500,8903,2,EA,1,100,0.788897
1755629163.870376,2883094.000,8903,2,EA,1,100,0.788808
1755629163.937377,2883161.000,8920,1,EA,1,100,0.788450
1755629164.003877,2883227.500,8937,2,EA,1,100,0.787825
1755629164.070378,2883294.000,8937,2,EA,1,100,0.787825
1755629164.137379,2883361.000,8956,1,EA,1,100,0.788271
1755629164.203880,2883427.500,8971,2,EA,1,100,0.788629
1755629164.270381,2883494.000,8971,2,EA,1,100,0.789702
1755629164.337382,2883561.000,8988,1,EA,1,100,0.789791
1755629164.403882,2883627.500,9004,2,EA,1,100,0.789344
1755629164.470383,2883694.000,9004,2,EA,1,100,0.788897
1755629164.536884,2883760.500,9021,2,EA,1,100,0.788629
1755629164.603385,2883827.000,9021,2,EA,1,100,0.789165
1755629164.670386,2883894.000,9038,1,EA,1,100,0.789165
1755629164.736886,2883960.500,9053,2,EA,1,100,0.789165
1755629164.803387,2884027.000,9053,2,EA,1,100,0.789255
1755629164.870388,2884094.000,9069,1,EA,1,100,0.789165
1755629164.936889,2884160.500,9087,2,EA,1,100,0.789165
1755629165.003390,2884227.000,9087,2,EA,1,100,0.788986
1755629165.070390,2884294.000,9103,1,EA,1,100,0.788986
1755629165.136891,2884360.500,9120,2,EA,1,100,0.789702
1755629165.203392,2884427.000,9120,2,EA,1,100,0.789165
1755629165.270393,2884494.000,9136,1,EA,1,100,0.789255
1755629165.336894,2884560.500,9154,2,EA,1,100,0.789881
1755629165.403394,2884627.000,9154,2,EA,1,100,0.789881
1755629165.470395,2884694.000,9170,1,EA,1,100,0.789255
1755629165.536896,2884760.500,9190,2,EA,1,100,0.789344
1755629165.603397,2884827.000,9190,2,EA,1,100,0.789612
1755629165.670398,2884894.000,9207,1,EA,1,100,0.789881
1755629165.736899,2884960.500,9224,2,EA,1,100,0.789344
1755629165.803399,2885027.000,9224,2,EA,1,100,0.789523
1755629165.870400,2885094.000,9240,1,EA,1,100,0.789612
1755629165.936901,2885160.500,9256,2,EA,1,100,0.789791
1755629166.003402,2885227.000,9256,2,EA,1,100,0.789702
1755629166.070403,2885294.000,9272,1,EA,1,100,0.790150
1755629166.136903,2885360.500,9291,2,EA,1,100,0.789791
1755629166.203404,2885427.000,9291,2,EA,1,100,0.789344
1755629166.270405,2885494.000,9307,1,EA,1,100,0.781458
1755629166.336906,2885560.500,9324,2,EA,1,100,0.751352
1755629166.403407,2885627.000,9324,2,EA,1,100,0.695302
1755629166.470407,2885694.000,9339,1,EA,1,100,0.643862
1755629166.536908,2885760.500,9356,2,EA,1,100,0.617700
1755629166.603409,2885827.000,9356,2,EA,1,100,0.606243
1755629166.670410,2885894.000,9373,1,EA,1,100,0.601529
1755629166.736911,2885960.500,9389,2,EA,1,100,0.599974
1755629166.803412,2886027.000,9389,2,EA,1,100,0.599406
1755629166.869912,2886093.500,9404,2,EA,1,100,0.599199
1755629166.936413,2886160.000,9404,2,EA,1,100,0.599612
1755629167.003414,2886227.000,9422,1,EA,1,100,0.601737
1755629167.069915,2886293.500,9438,2,EA,1,100,0.608150
1755629167.136416,2886360.000,9438,2,EA,1,100,0.622504
1755629167.203416,2886427.000,9455,1,EA,1,100,0.638547
1755629167.269917,2886493.500,9472,2,EA,1,100,0.653348
1755629167.336418,2886560.000,9472,2,EA,1,100,0.672079
1755629167.403419,2886627.000,9491,1,EA,1,100,0.680420
1755629167.469920,2886693.500,9507,2,EA,1,100,0.686188
1755629167.536420,2886760.000,9507,2,EA,1,100,0.691366
1755629167.603421,2886827.000,9524,1,EA,1,100,0.695510
1755629167.669922,2886893.500,9539,2,EA,1,100,0.698791
1755629167.736423,2886960.000,9539,2,EA,1,100,0.701466
1755629167.803424,2887027.000,9556,1,EA,1,100,0.704518
1755629167.869924,2887093.500,9572,2,EA,1,100,0.706520
1755629167.936425,2887160.000,9572,2,EA,1,100,0.709327
1755629168.003426,2887227.000,9590,1,EA,1,100,0.711139
1755629168.069927,2887293.500,9606,2,EA,1,100,0.712084
1755629168.136428,2887360.000,9606,2,EA,1,100,0.712887
1755629168.203429,2887427.000,9623,1,EA,1,100,0.713252
1755629168.269929,2887493.500,9642,2,EA,1,100,0.713471
1755629168.336430,2887560.000,9642,2,EA,1,100,0.712813
1755629168.403431,2887627.000,9659,1,EA,1,100,0.713324
1755629168.469932,2887693.500,9673,2,EA,1,100,0.712959
1755629168.536433,2887760.000,9673,2,EA,1,100,0.712887
1755629168.603433,2887827.000,9690,1,EA,1,100,0.713471
1755629168.669934,2887893.500,9707,2,EA,1,100,0.713836
1755629168.736435,2887960.000,9707,2,EA,1,100,0.714495
1755629168.803436,2888027.000,9724,1,EA,1,100,0.715156
1755629168.869937,2888093.500,9739,2,EA,1,100,0.715377
1755629168.936437,2888160.000,9739,2,EA,1,100,0.715671
1755629169.003438,2888227.000,9756,1,EA,1,100,0.716555
1755629169.069939,2888293.500,9772,2,EA,1,100,0.717367
1755629169.136440,2888360.000,9772,2,EA,1,100,0.718700
1755629169.203441,2888427.000,9789,1,EA,1,100,0.719963
1755629169.269942,2888493.500,9807,2,EA,1,100,0.721904
1755629169.336442,2888560.000,9807,2,EA,1,100,0.724006
1755629169.402943,2888626.500,9823,2,EA,1,100,0.726348
1755629169.469444,2888693.000,9823,2,EA,1,100,0.727410
1755629169.536445,2888760.000,9839,1,EA,1,100,0.728247
1755629169.603446,2888827.000,9859,2,EA,1,100,0.729085
1755629169.670446,2888894.000,9859,2,EA,1,100,0.729009
1755629169.736447,2888960.000,9875,1,EA,1,100,0.729315
1755629169.803448,2889027.000,9890,2,EA,1,100,0.729391
1755629169.870449,2889094.000,9890,2,EA,1,100,0.729773
1755629169.936450,2889160.000,9906,1,EA,1,100,0.730923
1755629170.002950,2889226.500,9924,2,EA,1,100,0.731383
1755629170.069451,2889293.000,9924,2,EA,1,100,0.731921
1755629170.136452,2889360.000,9940,1,EA,1,100,0.731999
1755629170.202953,2889426.500,9955,2,EA,1,100,0.732615
1755629170.269454,2889493.000,9955,2,EA,1,100,0.733387
1755629170.336454,2889560.000,9972,1,EA,1,100,0.734005
1755629170.402955,2889626.500,9989,2,EA,1,100,0.734315
1755629170.469456,2889693.000,9989,2,EA,1,100,0.734237
1755629170.536457,2889760.000,10007,1,EA,1,100,0.733695
1755629170.602958,2889826.500,10023,2,EA,1,100,0.733618
1755629170.669459,2889893.000,10023,2,EA,1,100,0.734005
1755629170.736459,2889960.000,10044,1,EA,1,100,0.735245
1755629170.802960,2890026.500,10061,2,EA,1,100,0.735867
1755629170.869461,2890093.000,10061,2,EA,1,100,0.736022
1755629170.936462,2890160.000,10077,1,EA,1,100,0.735323
1755629171.002963,2890226.500,10093,2,EA,1,100,0.735245
1755629171.069463,2890293.000,10093,2,EA,1,100,0.734315
1755629171.136464,2890360.000,10109,1,EA,1,100,0.734780
1755629171.202965,2890426.500,10126,2,EA,1,100,0.736022
1755629171.269466,2890493.000,10126,2,EA,1,100,0.736567
1755629171.336467,2890560.000,10143,1,EA,1,100,0.737347
1755629171.402967,2890626.500,10159,2,EA,1,100,0.738208
1755629171.469468,2890693.000,10159,2,EA,1,100,0.738208
1755629171.536469,2890760.000,10176,1,EA,1,100,0.737660
1755629171.602970,2890826.500,10196,2,EA,1,100,0.737972
1755629171.669471,2890893.000,10196,2,EA,1,100,0.737660
1755629171.736472,2890960.000,10212,2,EA,1,100,0.738129
1755629171.803472,2891027.000,10212,2,EA,1,100,0.738521
1755629171.869473,2891093.000,10229,1,EA,1,100,0.738756
1755629171.936474,2891160.000,10244,2,EA,1,100,0.738834
1755629172.003475,2891227.000,10244,2,EA,1,100,0.738521
1755629172.069476,2891293.000,10261,1,EA,1,100,0.739305
1755629172.136476,2891360.000,10277,2,EA,1,100,0.739462
1755629172.203477,2891427.000,10277,2,EA,1,100,0.739384
1755629172.269478,2891493.000,10294,1,EA,1,100,0.739069
1755629172.335979,2891559.500,10311,2,EA,1,100,0.738991
1755629172.402480,2891626.000,10311,2,EA,1,100,0.739855
1755629172.469480,2891693.000,10328,1,EA,1,100,0.739855
1755629172.535981,2891759.500,10344,2,EA,1,100,0.740248
1755629172.602482,2891826.000,10344,2,EA,1,100,0.740720
1755629172.669483,2891893.000,10364,1,EA,1,100,0.740878
1755629172.735984,2891959.500,10378,2,EA,1,100,0.741352
1755629172.802484,2892026.000,10378,2,EA,1,100,0.741431
1755629172.869485,2892093.000,10395,1,EA,1,100,0.741984
1755629172.936486,2892160.000,10414,2,EA,1,100,0.741509
1755629173.003487,2892227.000,10414,2,EA,1,100,0.741273
1755629173.069488,2892293.000,10431,1,EA,1,100,0.741667
1755629173.136489,2892360.000,10445,2,EA,1,100,0.741984
1755629173.203489,2892427.000,10445,2,EA,1,100,0.742221
1755629173.269490,2892493.000,10462,1,EA,1,100,0.742696
1755629173.335991,2892559.500,10479,2,EA,1,100,0.744443
1755629173.402492,2892626.000,10479,2,EA,1,100,0.745959
1755629173.469493,2892693.000,10496,1,EA,1,100,0.746599
1755629173.535993,2892759.500,10513,2,EA,1,100,0.745799
1755629173.602494,2892826.000,10513,2,EA,1,100,0.745240
1755629173.669495,2892893.000,10532,1,EA,1,100,0.744443
1755629173.735996,2892959.500,10548,2,EA,1,100,0.745001
1755629173.802497,2893026.000,10548,2,EA,1,100,0.745240
1755629173.869497,2893093.000,10565,1,EA,1,100,0.745240
1755629173.935998,2893159.500,10581,2,EA,1,100,0.744921
1755629174.002499,2893226.000,10581,2,EA,1,100,0.745160
1755629174.069500,2893293.000,10597,2,EA,1,100,0.745240
1755629174.136501,2893360.000,10597,2,EA,1,100,0.745320
1755629174.203502,2893427.000,10613,1,EA,1,100,0.746038
1755629174.270002,2893493.500,10631,2,EA,1,100,0.745639
1755629174.336503,2893560.000,10631,2,EA,1,100,0.746278
1755629174.402504,2893626.000,10647,1,EA,1,100,0.746438
1755629174.469505,2893693.000,10662,2,EA,1,100,0.746759
1755629174.536506,2893760.000,10662,2,EA,1,100,0.746438
1755629174.602506,2893826.000,10678,1,EA,1,100,0.746599
1755629174.669507,2893893.000,10696,2,EA,1,100,0.746438
1755629174.736508,2893960.000,10696,2,EA,1,100,0.746038
1755629174.802509,2894026.000,10714,1,EA,1,100,0.746359
1755629174.869510,2894093.000,10729,2,EA,1,100,0.746919
1755629174.936510,2894160.000,10729,2,EA,1,100,0.747160
1755629175.002511,2894226.000,10746,1,EA,1,100,0.747561
1755629175.069512,2894293.000,10763,2,EA,1,100,0.747641
1755629175.136513,2894360.000,10763,2,EA,1,100,0.747561
1755629175.202514,2894426.000,10779,1,EA,1,100,0.747801
1755629175.269514,2894493.000,10795,2,EA,1,100,0.747881
1755629175.336515,2894560.000,10795,2,EA,1,100,0.748283
1755629175.402516,2894626.000,10811,1,EA,1,100,0.748283
1755629175.469017,2894692.500,10828,2,EA,1,100,0.747962
1755629175.535518,2894759.000,10828,2,EA,1,100,0.748767
1755629175.602519,2894826.000,10844,1,EA,1,100,0.749088
1755629175.669019,2894892.500,10860,2,EA,1,100,0.748444
1755629175.735520,2894959.000,10860,2,EA,1,100,0.748767
1755629175.802188,2895025.667,10882,3,EA,1,100,0.748283
1755629175.868855,2895092.333,10882,3,EA,1,100,0.748605
1755629175.935523,2895159.000,10882,3,EA,1,100,0.748283
1755629176.002523,2895226.000,10899,1,EA,1,100,0.748605
1755629176.069024,2895292.500,10914,2,EA,1,100,0.748847
1755629176.135525,2895359.000,10914,2,EA,1,100,0.749250
1755629176.202526,2895426.000,10930,1,EA,1,100,0.749492
1755629176.269027,2895492.500,10948,2,EA,1,100,0.749734
1755629176.335527,2895559.000,10948,2,EA,1,100,0.749734
1755629176.402528,2895626.000,10964,1,EA,1,100,0.749976
1755629176.469029,2895692.500,10979,2,EA,1,100,0.751352
1755629176.535530,2895759.000,10979,2,EA,1,100,0.751109
1755629176.602531,2895826.000,10995,1,EA,1,100,0.750219
1755629176.669032,2895892.500,11013,2,EA,1,100,0.749734
1755629176.735532,2895959.000,11013,2,EA,1,100,0.750947
1755629176.802533,2896026.000,11031,1,EA,1,100,0.751271
1755629176.869034,2896092.500,11046,2,EA,1,100,0.750623
1755629176.935535,2896159.000,11046,2,EA,1,100,0.750543
1755629177.002536,2896226.000,11063,1,EA,1,100,0.751271
1755629177.069036,2896292.500,11080,2,EA,1,100,0.752082
1755629177.135537,2896359.000,11080,2,EA,1,100,0.753466
1755629177.202538,2896426.000,11096,1,EA,1,100,0.752245
1755629177.269039,2896492.500,11113,2,EA,1,100,0.750057
1755629177.335540,2896559.000,11113,2,EA,1,100,0.749734
1755629177.402540,2896626.000,11130,2,EA,1,100,0.751839
1755629177.469541,2896693.000,11130,2,EA,1,100,0.754364
1755629177.535542,2896759.000,11147,1,EA,1,100,0.755346
1755629177.602543,2896826.000,11164,2,EA,1,100,0.754283
1755629177.669544,2896893.000,11164,2,EA,1,100,0.753303
1755629177.735544,2896959.000,11181,1,EA,1,100,0.753630
1755629177.802545,2897026.000,11197,2,EA,1,100,0.753059
1755629177.869546,2897093.000,11197,2,EA,1,100,0.751920
1755629177.935547,2897159.000,11214,1,EA,1,100,0.751676
1755629178.002548,2897226.000,11231,2,EA,1,100,0.751433
1755629178.069549,2897293.000,11231,2,EA,1,100,0.750947
1755629178.135549,2897359.000,11248,1,EA,1,100,0.750785
1755629178.202550,2897426.000,11262,2,EA,1,100,0.752002
1755629178.269551,2897493.000,11262,2,EA,1,100,0.753874
1755629178.335552,2897559.000,11280,1,EA,1,100,0.755019
1755629178.402553,2897626.000,11296,2,EA,1,100,0.752002
1755629178.469553,2897693.000,11296,2,EA,1,100,0.751109
1755629178.535554,2897759.000,11313,1,EA,1,100,0.752489
1755629178.602055,2897825.500,11328,2,EA,1,100,0.754283
1755629178.668556,2897892.000,11328,2,EA,1,100,0.755839
1755629178.735557,2897959.000,11345,1,EA,1,100,0.755510
1755629178.802557,2898026.000,11361,2,EA,1,100,0.754610
1755629178.869558,2898093.000,11361,2,EA,1,100,0.754201
1755629178.935559,2898159.000,11380,1,EA,1,100,0.754283
1755629179.002060,2898225.500,11395,2,EA,1,100,0.754038
1755629179.068561,2898292.000,11395,2,EA,1,100,0.753059
1755629179.135562,2898359.000,11412,1,EA,1,100,0.753059
1755629179.202062,2898425.500,11428,2,EA,1,100,0.753955
1755629179.268563,2898492.000,11428,2,EA,1,100,0.755019
1755629179.335564,2898559.000,11446,1,EA,1,100,0.754038
1755629179.402065,2898625.500,11461,2,EA,1,100,0.752815
1755629179.468566,2898692.000,11461,2,EA,1,100,0.756002
1755629179.535566,2898759.000,11477,2,EA,1,100,0.760046
1755629179.602567,2898826.000,11477,2,EA,1,100,0.759383
1755629179.668568,2898892.000,11494,1,EA,1,100,0.756989
1755629179.735569,2898959.000,11511,2,EA,1,100,0.756824
1755629179.802570,2899026.000,11511,2,EA,1,100,0.757318
1755629179.868570,2899092.000,11529,1,EA,1,100,0.757483
1755629179.935571,2899159.000,11545,2,EA,1,100,0.758391
1755629180.002572,2899226.000,11545,2,EA,1,100,0.759549
1755629180.068573,2899292.000,11561,1,EA,1,100,0.760628
1755629180.135574,2899359.000,11580,2,EA,1,100,0.758638
1755629180.202574,2899426.000,11580,2,EA,1,100,0.758638
1755629180.268575,2899492.000,11596,1,EA,1,100,0.761293
1755629180.335576,2899559.000,11614,2,EA,1,100,0.761709
1755629180.402577,2899626.000,11614,2,EA,1,100,0.760046
1755629180.468578,2899692.000,11630,1,EA,1,100,0.759383
1755629180.535579,2899759.000,11647,2,EA,1,100,0.759798
1755629180.602579,2899826.000,11647,2,EA,1,100,0.760461
1755629180.668580,2899892.000,11664,1,EA,1,100,0.760711
1755629180.735581,2899959.000,11679,2,EA,1,100,0.761543
1755629180.802582,2900026.000,11679,2,EA,1,100,0.761460
1755629180.868583,2900092.000,11697,1,EA,1,100,0.760628
1755629180.935583,2900159.000,11722,2,EA,1,100,0.760213
1755629181.002584,2900226.000,11722,2,EA,1,100,0.761044
1755629181.068585,2900292.000,11738,1,EA,1,100,0.761709
1755629181.135586,2900359.000,11753,2,EA,1,100,0.761460
1755629181.202587,2900426.000,11753,2,EA,1,100,0.761709
1755629181.268587,2900492.000,11769,1,EA,1,100,0.761543
1755629181.335588,2900559.000,11787,2,EA,1,100,0.762126
1755629181.402589,2900626.000,11787,2,EA,1,100,0.761959
1755629181.468590,2900692.000,11803,1,EA,1,100,0.761959
1755629181.535591,2900759.000,11818,2,EA,1,100,0.761626
1755629181.602592,2900826.000,11818,2,EA,1,100,0.762293
1755629181.668592,2900892.000,11835,1,EA,1,100,0.762461
1755629181.735593,2900959.000,11852,2,EA,1,100,0.761543
1755629181.802594,2901026.000,11852,2,EA,1,100,0.761876
1755629181.868595,2901092.000,11868,1,EA,1,100,0.762711
1755629181.935096,2901158.500,11887,2,EA,1,100,0.763296
1755629182.001596,2901225.000,11887,2,EA,1,100,0.763212
1755629182.068597,2901292.000,11902,2,EA,1,100,0.762878
1755629182.135598,2901359.000,11902,2,EA,1,100,0.762461
1755629182.202599,2901426.000,11919,1,EA,1,100,0.762711
1755629182.269100,2901492.500,11936,2,EA,1,100,0.762711
1755629182.335600,2901559.000,11936,2,EA,1,100,0.763463
1755629182.401601,2901625.000,11955,1,EA,1,100,0.763799
1755629182.468602,2901692.000,11969,2,EA,1,100,0.764050
1755629182.535603,2901759.000,11969,2,EA,1,100,0.764805
1755629182.601604,2901825.000,11986,1,EA,1,100,0.764889
1755629182.668604,2901892.000,12003,2,EA,1,100,0.764974
1755629182.735605,2901959.000,12003,2,EA,1,100,0.764974
1755629182.801606,2902025.000,12020,1,EA,1,100,0.764637
1755629182.868607,2902092.000,12036,2,EA,1,100,0.765226
1755629182.935608,2902159.000,12036,2,EA,1,100,0.765730
1755629183.001609,2902225.000,12054,1,EA,1,100,0.765394
1755629183.068609,2902292.000,12070,2,EA,1,100,0.765647
1755629183.135610,2902359.000,12070,2,EA,1,100,0.766574
1755629183.201611,2902425.000,12087,1,EA,1,100,0.766152
1755629183.268612,2902492.000,12102,2,EA,1,100,0.766321
1755629183.335613,2902559.000,12102,2,EA,1,100,0.766068
1755629183.401613,2902625.000,12119,1,EA,1,100,0.766152
1755629183.468614,2902692.000,12135,2,EA,1,100,0.766321
1755629183.535615,2902759.000,12135,2,EA,1,100,0.766996
1755629183.601616,2902825.000,12152,1,EA,1,100,0.767165
1755629183.668617,2902892.000,12167,2,EA,1,100,0.766827
1755629183.735617,2902959.000,12167,2,EA,1,100,0.766996
1755629183.801618,2903025.000,12184,1,EA,1,100,0.767249
1755629183.868619,2903092.000,12200,2,EA,1,100,0.766996
1755629183.935620,2903159.000,12200,2,EA,1,100,0.768011
1755629184.001621,2903225.000,12220,1,EA,1,100,0.768351
1755629184.068622,2903292.000,12235,2,EA,1,100,0.768859
1755629184.135622,2903359.000,12235,2,EA,1,100,0.767927
1755629184.201623,2903425.000,12251,1,EA,1,100,0.768351
1755629184.268624,2903492.000,12268,2,EA,1,100,0.768520
1755629184.335625,2903559.000,12268,2,EA,1,100,0.768351
1755629184.401626,2903625.000,12285,1,EA,1,100,0.768520
1755629184.468626,2903692.000,12300,2,EA,1,100,0.768775
1755629184.535627,2903759.000,12300,2,EA,1,100,0.769625
1755629184.602128,2903825.500,12317,2,EA,1,100,0.770135
1755629184.668629,2903892.000,12317,2,EA,1,100,0.770306
1755629184.735630,2903959.000,12333,1,EA,1,100,0.770476
1755629184.802130,2904025.500,12350,2,EA,1,100,0.770732
1755629184.868631,2904092.000,12350,2,EA,1,100,0.771073
1755629184.935632,2904159.000,12366,1,EA,1,100,0.771330
1755629185.002133,2904225.500,12384,2,EA,1,100,0.771586
1755629185.068634,2904292.000,12384,2,EA,1,100,0.771671
1755629185.135634,2904359.000,12400,1,EA,1,100,0.771843
1755629185.202135,2904425.500,12417,2,EA,1,100,0.771415
1755629185.268636,2904492.000,12417,2,EA,1,100,0.771244
1755629185.334637,2904558.000,12434,1,EA,1,100,0.771757
1755629185.401638,2904625.000,12449,2,EA,1,100,0.772271
1755629185.468639,2904692.000,12449,2,EA,1,100,0.772014
1755629185.534639,2904758.000,12465,1,EA,1,100,0.771928
1755629185.601640,2904825.000,12483,2,EA,1,100,0.771757
1755629185.668641,2904892.000,12483,2,EA,1,100,0.771073
1755629185.734642,2904958.000,12499,1,EA,1,100,0.771671
1755629185.801643,2905025.000,12514,2,EA,1,100,0.772099
1755629185.868643,2905092.000,12514,2,EA,1,100,0.772528
1755629185.934644,2905158.000,12530,1,EA,1,100,0.773300
1755629186.001645,2905225.000,12555,2,EA,1,100,0.773300
1755629186.068646,2905292.000,12555,2,EA,1,100,0.772785
1755629186.134647,2905358.000,12571,1,EA,1,100,0.773043
1755629186.201647,2905425.000,12586,2,EA,1,100,0.773386
1755629186.268648,2905492.000,12586,2,EA,1,100,0.772442
1755629186.335649,2905559.000,12603,1,EA,1,100,0.772699
1755629186.402150,2905625.500,12620,2,EA,1,100,0.773300
1755629186.468651,2905692.000,12620,2,EA,1,100,0.773988
1755629186.534652,2905758.000,12636,1,EA,1,100,0.774504
1755629186.601652,2905825.000,12653,2,EA,1,100,0.774418
1755629186.668653,2905892.000,12653,2,EA,1,100,0.774332
1755629186.734654,2905958.000,12668,1,EA,1,100,0.774591
1755629186.801655,2906025.000,12685,2,EA,1,100,0.774849
1755629186.868656,2906092.000,12685,2,EA,1,100,0.774504
1755629186.934656,2906158.000,12703,1,EA,1,100,0.774246
1755629187.001657,2906225.000,12720,2,EA,1,100,0.774073
1755629187.068658,2906292.000,12720,2,EA,1,100,0.773815
1755629187.135159,2906358.500,12735,2,EA,1,100,0.774418
1755629187.201660,2906425.000,12735,2,EA,1,100,0.774504
1755629187.268660,2906492.000,12752,1,EA,1,100,0.774763
1755629187.335161,2906558.500,12771,2,EA,1,100,0.774935
1755629187.401662,2906625.000,12771,2,EA,1,100,0.775798
1755629187.468663,2906692.000,12788,1,EA,1,100,0.776231
1755629187.535164,2906758.500,12802,2,EA,1,100,0.776318
1755629187.601664,2906825.000,12802,2,EA,1,100,0.775885
1755629187.668665,2906892.000,12820,1,EA,1,100,0.776404
1755629187.735166,2906958.500,12836,2,EA,1,100,0.775885
1755629187.801667,2907025.000,12836,2,EA,1,100,0.776578
1755629187.868668,2907092.000,12853,1,EA,1,100,0.776318
1755629187.935169,2907158.500,12868,2,EA,1,100,0.776664
1755629188.001669,2907225.000,12868,2,EA,1,100,0.777358
1755629188.068670,2907292.000,12887,1,EA,1,100,0.777705
1755629188.135171,2907358.500,12903,2,EA,1,100,0.777619
1755629188.201672,2907425.000,12903,2,EA,1,100,0.777792
1755629188.268673,2907492.000,12920,1,EA,1,100,0.777184
1755629188.335173,2907558.500,12935,2,EA,1,100,0.777097
1755629188.401674,2907625.000,12935,2,EA,1,100,0.777358
1755629188.468675,2907692.000,12952,1,EA,1,100,0.777619
1755629188.535176,2907758.500,12968,2,EA,1,100,0.777792
1755629188.601677,2907825.000,12968,2,EA,1,100,0.777792
1755629188.668677,2907892.000,12986,1,EA,1,100,0.778924
1755629188.735178,2907958.500,13000,2,EA,1,100,0.778924
1755629188.801679,2908025.000,13000,2,EA,1,100,0.778575
1755629188.868680,2908092.000,13017,1,EA,1,100,0.778227
1755629188.935181,2908158.500,13034,2,EA,1,100,0.778314
1755629189.001682,2908225.000,13034,2,EA,1,100,0.779010
1755629189.068682,2908292.000,13053,1,EA,1,100,0.779534
1755629189.135183,2908358.500,13068,2,EA,1,100,0.779446
1755629189.201684,2908425.000,13068,2,EA,1,100,0.779359
1755629189.268685,2908492.000,13084,1,EA,1,100,0.779883
1755629189.335186,2908558.500,13101,2,EA,1,100,0.779534
1755629189.401686,2908625.000,13101,2,EA,1,100,0.779534
1755629189.468187,2908691.500,13118,2,EA,1,100,0.779708
1755629189.534688,2908758.000,13118,2,EA,1,100,0.779621
1755629189.601689,2908825.000,13134,1,EA,1,100,0.779971
1755629189.668190,2908891.500,13150,2,EA,1,100,0.779971
1755629189.734690,2908958.000,13150,2,EA,1,100,0.779971
1755629189.801691,2909025.000,13166,1,EA,1,100,0.780408
1755629189.868192,2909091.500,13183,2,EA,1,100,0.780582
1755629189.934693,2909158.000,13183,2,EA,1,100,0.780846
1755629190.001694,2909225.000,13202,1,EA,1,100,0.780757
1755629190.068194,2909291.500,13217,2,EA,1,100,0.781108
1755629190.134695,2909358.000,13217,2,EA,1,100,0.780670
1755629190.201696,2909425.000,13233,1,EA,1,100,0.781195
1755629190.268197,2909491.500,13251,2,EA,1,100,0.781458
1755629190.334698,2909558.000,13251,2,EA,1,100,0.780933
1755629190.401699,2909625.000,13267,1,EA,1,100,0.781371
1755629190.468199,2909691.500,13282,2,EA,1,100,0.781547
1755629190.534700,2909758.000,13282,2,EA,1,100,0.781547
1755629190.601701,2909825.000,13298,1,EA,1,100,0.781985
1755629190.668202,2909891.500,13316,2,EA,1,100,0.781897
1755629190.734703,2909958.000,13316,2,EA,1,100,0.782161
1755629190.801703,2910025.000,13332,1,EA,1,100,0.782425
1755629190.868204,2910091.500,13347,2,EA,1,100,0.782689
1755629190.934705,2910158.000,13347,2,EA,1,100,0.781985
1755629191.001706,2910225.000,13366,1,EA,1,100,0.782689
1755629191.068207,2910291.500,13383,2,EA,1,100,0.783482
1755629191.134707,2910358.000,13383,2,EA,1,100,0.783305
1755629191.201708,2910425.000,13404,1,EA,1,100,0.783305
1755629191.268209,2910491.500,13420,2,EA,1,100,0.783393
1755629191.334710,2910558.000,13420,2,EA,1,100,0.783482
1755629191.401711,2910625.000,13436,1,EA,1,100,0.784452
1755629191.468212,2910691.500,13453,2,EA,1,100,0.785425
1755629191.534712,2910758.000,13453,2,EA,1,100,0.784540
1755629191.601713,2910825.000,13469,1,EA,1,100,0.784452
1755629191.668214,2910891.500,13486,2,EA,1,100,0.784275
1755629191.734715,2910958.000,13486,2,EA,1,100,0.784275
1755629191.801216,2911024.500,13501,2,EA,1,100,0.784540
1755629191.867716,2911091.000,13501,2,EA,1,100,0.784275
1755629191.934717,2911158.000,13518,1,EA,1,100,0.784806
1755629192.001218,2911224.500,13537,2,EA,1,100,0.784983
1755629192.067719,2911291.000,13537,2,EA,1,100,0.784894
1755629192.134720,2911358.000,13554,1,EA,1,100,0.785160
1755629192.201220,2911424.500,13568,2,EA,1,100,0.785514
1755629192.267721,2911491.000,13568,2,EA,1,100,0.786490
1755629192.334722,2911558.000,13586,1,EA,1,100,0.786668
1755629192.401223,2911624.500,13604,2,EA,1,100,0.785692
1755629192.467724,2911691.000,13604,2,EA,1,100,0.785603
1755629192.534724,2911758.000,13621,1,EA,1,100,0.786402
1755629192.601225,2911824.500,13636,2,EA,1,100,0.787291
1755629192.667726,2911891.000,13636,2,EA,1,100,0.786580
1755629192.734727,2911958.000,13653,1,EA,1,100,0.786757
1755629192.801228,2912024.500,13671,2,EA,1,100,0.786402
1755629192.867729,2912091.000,13671,2,EA,1,100,0.786757
1755629192.934729,2912158.000,13688,1,EA,1,100,0.787201
1755629193.001230,2912224.500,13703,2,EA,1,100,0.787113
1755629193.067731,2912291.000,13703,2,EA,1,100,0.787201
1755629193.134732,2912358.000,13720,1,EA,1,100,0.787647
1755629193.201233,2912424.500,13736,2,EA,1,100,0.787825
1755629193.267733,2912491.000,13736,2,EA,1,100,0.788271
1755629193.334734,2912558.000,13754,1,EA,1,100,0.788271
1755629193.401235,2912624.500,13768,2,EA,1,100,0.788271
1755629193.467736,2912691.000,13768,2,EA,1,100,0.788718
1755629193.534737,2912758.000,13785,1,EA,1,100,0.789076
1755629193.601237,2912824.500,13802,2,EA,1,100,0.788718
1755629193.667738,2912891.000,13802,2,EA,1,100,0.788718
1755629193.734739,2912958.000,13821,1,EA,1,100,0.789344
1755629193.801240,2913024.500,13836,2,EA,1,100,0.789076
1755629193.867741,2913091.000,13836,2,EA,1,100,0.788986
1755629193.934742,2913158.000,13852,1,EA,1,100,0.789612
1755629194.001242,2913224.500,13869,2,EA,1,100,0.789433
1755629194.067743,2913291.000,13869,2,EA,1,100,0.789612
1755629194.134244,2913357.500,13886,2,EA,1,100,0.789971
1755629194.200745,2913424.000,13886,2,EA,1,100,0.790150
1755629194.267746,2913491.000,13902,1,EA,1,100,0.789881
1755629194.334246,2913557.500,13918,2,EA,1,100,0.790509
1755629194.400747,2913624.000,13918,2,EA,1,100,0.790509
1755629194.467748,2913691.000,13934,1,EA,1,100,0.790778
1755629194.534249,2913757.500,13951,2,EA,1,100,0.791768
1755629194.600750,2913824.000,13951,2,EA,1,100,0.791768
1755629194.667750,2913891.000,13968,1,EA,1,100,0.791857
1755629194.734251,2913957.500,13985,2,EA,1,100,0.792488
1755629194.800752,2914024.000,13985,2,EA,1,100,0.792488
1755629194.867753,2914091.000,14001,1,EA,1,100,0.792308
1755629194.934254,2914157.500,14019,2,EA,1,100,0.791857
1755629195.000754,2914224.000,14019,2,EA,1,100,0.792127
1755629195.067755,2914291.000,14035,1,EA,1,100,0.792127
1755629195.134256,2914357.500,14050,2,EA,1,100,0.792399
1755629195.200757,2914424.000,14050,2,EA,1,100,0.793120
1755629195.267758,2914491.000,14066,1,EA,1,100,0.793482
1755629195.334259,2914557.500,14084,2,EA,1,100,0.793030
1755629195.400759,2914624.000,14084,2,EA,1,100,0.792850
1755629195.467760,2914691.000,14100,1,EA,1,100,0.792759
1755629195.534261,2914757.500,14115,2,EA,1,100,0.793030
1755629195.600762,2914824.000,14115,2,EA,1,100,0.793391
1755629195.667763,2914891.000,14134,1,EA,1,100,0.793572
1755629195.734263,2914957.500,14151,2,EA,1,100,0.793572
1755629195.800764,2915024.000,14151,2,EA,1,100,0.794115
1755629195.867765,2915091.000,14167,1,EA,1,100,0.794115
1755629195.934266,2915157.500,14184,2,EA,1,100,0.794025
1755629196.000767,2915224.000,14184,2,EA,1,100,0.794115
1755629196.067767,2915291.000,14199,1,EA,1,100,0.794297
1755629196.134268,2915357.500,14216,2,EA,1,100,0.794115
1755629196.200769,2915424.000,14216,2,EA,1,100,0.794297
1755629196.267270,2915490.500,14238,2,EA,1,100,0.794660
1755629196.333771,2915557.000,14238,2,EA,1,100,0.794932
1755629196.400772,2915624.000,14255,1,EA,1,100,0.794840
1755629196.467272,2915690.500,14271,2,EA,1,100,0.795476
1755629196.533773,2915757.000,14271,2,EA,1,100,0.795658
1755629196.600774,2915824.000,14288,1,EA,1,100,0.795204
1755629196.667275,2915890.500,14305,2,EA,1,100,0.794932
1755629196.733776,2915957.000,14305,2,EA,1,100,0.794568
1755629196.800776,2916024.000,14322,1,EA,1,100,0.794387
1755629196.867777,2916091.000,14336,2,EA,1,100,0.794932
1755629196.934778,2916158.000,14336,2,EA,1,100,0.798762
1755629197.000779,2916224.000,14354,1,EA,1,100,0.801521
1755629197.067280,2916290.500,14372,2,EA,1,100,0.801705
1755629197.133780,2916357.000,14372,2,EA,1,100,0.799221
1755629197.200781,2916424.000,14389,1,EA,1,100,0.796568
1755629197.267282,2916490.500,14404,2,EA,1,100,0.797664
1755629197.333783,2916557.000,14404,2,EA,1,100,0.801336
1755629197.400784,2916624.000,14423,1,EA,1,100,0.798487
1755629197.467284,2916690.500,14439,2,EA,1,100,0.794568
1755629197.533785,2916757.000,14439,2,EA,1,100,0.794932
1755629197.600786,2916824.000,14458,1,EA,1,100,0.794932
1755629197.667287,2916890.500,14473,2,EA,1,100,0.795476
1755629197.733788,2916957.000,14473,2,EA,1,100,0.795931
1755629197.800789,2917024.000,14490,1,EA,1,100,0.796568
1755629197.867289,2917090.500,14506,2,EA,1,100,0.796842
1755629197.933790,2917157.000,14506,2,EA,1,100,0.796842
1755629198.000791,2917224.000,14524,1,EA,1,100,0.796842
1755629198.067292,2917290.500,14539,2,EA,1,100,0.796842
1755629198.133793,2917357.000,14539,2,EA,1,100,0.797024
1755629198.200793,2917424.000,14555,1,EA,1,100,0.797115
1755629198.267294,2917490.500,14572,2,EA,1,100,0.797207
1755629198.333795,2917557.000,14572,2,EA,1,100,0.798029
1755629198.400796,2917624.000,14589,2,EA,1,100,0.798029
1755629198.467797,2917691.000,14589,2,EA,1,100,0.798029
1755629198.533797,2917757.000,14605,1,EA,1,100,0.797938
1755629198.600798,2917824.000,14623,2,EA,1,100,0.798029
1755629198.667799,2917891.000,14623,2,EA,1,100,0.797755
1755629198.733800,2917957.000,14639,1,EA,1,100,0.798212
1755629198.800301,2918023.500,14656,2,EA,1,100,0.798670
1755629198.866801,2918090.000,14656,2,EA,1,100,0.798670
1755629198.933802,2918157.000,14672,1,EA,1,100,0.798670
1755629199.000303,2918223.500,14688,2,EA,1,100,0.799037
1755629199.066804,2918290.000,14688,2,EA,1,100,0.799221
1755629199.133805,2918357.000,14704,1,EA,1,100,0.799496
1755629199.200806,2918424.000,14721,2,EA,1,100,0.799587
1755629199.267806,2918491.000,14721,2,EA,1,100,0.799037
1755629199.333807,2918557.000,14738,1,EA,1,100,0.798945
1755629199.400308,2918623.500,14753,2,EA,1,100,0.799221
1755629199.466809,2918690.000,14753,2,EA,1,100,0.798853
1755629199.533810,2918757.000,14771,1,EA,1,100,0.799587
1755629199.600310,2918823.500,14789,2,EA,1,100,0.799955
1755629199.666811,2918890.000,14789,2,EA,1,100,0.799771
1755629199.733812,2918957.000,14805,1,EA,1,100,0.799863
1755629199.800313,2919023.500,14820,2,EA,1,100,0.800047
1755629199.866814,2919090.000,14820,2,EA,1,100,0.800507
1755629199.933814,2919157.000,14836,1,EA,1,100,0.804019
1755629200.000315,2919223.500,14854,2,EA,1,100,0.806347
1755629200.066816,2919290.000,14854,2,EA,1,100,0.801797
1755629200.133817,2919357.000,14870,1,EA,1,100,0.797024
1755629200.200318,2919423.500,14886,2,EA,1,100,0.796751
1755629200.266819,2919490.000,14886,2,EA,1,100,0.798121
1755629200.333819,2919557.000,14902,1,EA,1,100,0.799863
1755629200.400320,2919623.500,14919,2,EA,1,100,0.800231
1755629200.466821,2919690.000,14919,2,EA,1,100,0.800783
1755629200.533822,2919757.000,14937,1,EA,1,100,0.800599
1755629200.600323,2919823.500,14954,2,EA,1,100,0.800599
1755629200.666823,2919890.000,14954,2,EA,1,100,0.801152
1755629200.733824,2919957.000,14969,2,EA,1,100,0.801336
1755629200.800825,2920024.000,14969,2,EA,1,100,0.801428
1755629200.866826,2920090.000,14986,1,EA,1,100,0.802260
1755629200.933827,2920157.000,15003,2,EA,1,100,0.803092
1755629201.000827,2920224.000,15003,2,EA,1,100,0.803648
1755629201.066828,2920290.000,15020,1,EA,1,100,0.802907
1755629201.133829,2920357.000,15034,2,EA,1,100,0.801613
1755629201.200830,2920424.000,15034,2,EA,1,100,0.801797
1755629201.266831,2920490.000,15051,1,EA,1,100,0.802814
1755629201.333832,2920557.000,15068,2,EA,1,100,0.803555
1755629201.400832,2920624.000,15068,2,EA,1,100,0.803092
1755629201.466833,2920690.000,15090,1,EA,1,100,0.802814
1755629201.533834,2920757.000,15106,2,EA,1,100,0.802814
1755629201.600835,2920824.000,15106,2,EA,1,100,0.802814
1755629201.666836,2920890.000,15124,1,EA,1,100,0.802907
1755629201.733836,2920957.000,15140,2,EA,1,100,0.803277
1755629201.800837,2921024.000,15140,2,EA,1,100,0.803370
1755629201.866838,2921090.000,15157,1,EA,1,100,0.802999
1755629201.933839,2921157.000,15173,2,EA,1,100,0.803648
1755629202.000840,2921224.000,15173,2,EA,1,100,0.803927
1755629202.066840,2921290.000,15189,1,EA,1,100,0.804484
1755629202.133341,2921356.500,15205,2,EA,1,100,0.804019
1755629202.199842,2921423.000,15205,2,EA,1,100,0.802722
1755629202.266843,2921490.000,15222,1,EA,1,100,0.801613
1755629202.333344,2921556.500,15240,2,EA,1,100,0.801705
1755629202.399844,2921623.000,15240,2,EA,1,100,0.803741
1755629202.466845,2921690.000,15258,2,EA,1,100,0.804391
1755629202.533846,2921757.000,15258,2,EA,1,100,0.805229
1755629202.599847,2921823.000,15274,1,EA,1,100,0.805229
1755629202.666848,2921890.000,15292,2,EA,1,100,0.805414
1755629202.733849,2921957.000,15292,2,EA,1,100,0.805229
1755629202.799849,2922023.000,15308,1,EA,1,100,0.805229
1755629202.866850,2922090.000,15323,2,EA,1,100,0.805135
1755629202.933851,2922157.000,15323,2,EA,1,100,0.806254
1755629202.999852,2922223.000,15340,1,EA,1,100,0.806908
1755629203.066853,2922290.000,15357,2,EA,1,100,0.806441
1755629203.133853,2922357.000,15357,2,EA,1,100,0.806441
1755629203.200854,2922424.000,15373,1,EA,1,100,0.807469
1755629203.267355,2922490.500,15389,2,EA,1,100,0.807376
1755629203.333856,2922557.000,15389,2,EA,1,100,0.806628
1755629203.399857,2922623.000,15405,1,EA,1,100,0.806161
1755629203.466857,2922690.000,15422,2,EA,1,100,0.806908
1755629203.533858,2922757.000,15422,2,EA,1,100,0.806814
1755629203.599859,2922823.000,15440,1,EA,1,100,0.806534
1755629203.666860,2922890.000,15456,2,EA,1,100,0.807282
1755629203.733861,2922957.000,15456,2,EA,1,100,0.807845
1755629203.799861,2923023.000,15472,1,EA,1,100,0.807750
1755629203.866862,2923090.000,15489,2,EA,1,100,0.806908
1755629203.933863,2923157.000,15489,2,EA,1,100,0.806628
1755629203.999864,2923223.000,15506,1,EA,1,100,0.807376
1755629204.066865,2923290.000,15521,2,EA,1,100,0.808032
1755629204.133866,2923357.000,15521,2,EA,1,100,0.807938
1755629204.199866,2923423.000,15537,1,EA,1,100,0.808407
1755629204.266867,2923490.000,15555,2,EA,1,100,0.808314
1755629204.333868,2923557.000,15555,2,EA,1,100,0.808877
1755629204.399869,2923623.000,15571,1,EA,1,100,0.808219
1755629204.466870,2923690.000,15587,2,EA,1,100,0.807845
1755629204.533870,2923757.000,15587,2,EA,1,100,0.809253
1755629204.599871,2923823.000,15604,1,EA,1,100,0.809253
1755629204.666872,2923890.000,15622,2,EA,1,100,0.808783
1755629204.733873,2923957.000,15622,2,EA,1,100,0.810195
1755629204.800374,2924023.500,15638,2,EA,1,100,0.809441
1755629204.866874,2924090.000,15638,2,EA,1,100,0.809347
1755629204.933875,2924157.000,15655,1,EA,1,100,0.809441
1755629205.000376,2924223.500,15670,2,EA,1,100,0.809535
1755629205.066877,2924290.000,15670,2,EA,1,100,0.810006
1755629205.133878,2924357.000,15687,1,EA,1,100,0.809629
1755629205.200379,2924423.500,15703,2,EA,1,100,0.810006
1755629205.266879,2924490.000,15703,2,EA,1,100,0.810950
1755629205.333880,2924557.000,15721,1,EA,1,100,0.810950
1755629205.400381,2924623.500,15735,2,EA,1,100,0.811139
1755629205.466882,2924690.000,15735,2,EA,1,100,0.811233
1755629205.533883,2924757.000,15754,1,EA,1,100,0.811044
1755629205.600383,2924823.500,15771,2,EA,1,100,0.810572
1755629205.666884,2924890.000,15771,2,EA,1,100,0.812369
1755629205.732885,2924956.000,15788,1,EA,1,100,0.811706
1755629205.799886,2925023.000,15802,2,EA,1,100,0.810760
1755629205.866887,2925090.000,15802,2,EA,1,100,0.811044
1755629205.932887,2925156.000,15819,1,EA,1,100,0.811044
1755629205.999888,2925223.000,15836,2,EA,1,100,0.811422
1755629206.066889,2925290.000,15836,2,EA,1,100,0.811895
1755629206.133890,2925357.000,15853,1,EA,1,100,0.811516
1755629206.200391,2925423.500,15867,2,EA,1,100,0.811422
1755629206.266892,2925490.000,15867,2,EA,1,100,0.812369
1755629206.332892,2925556.000,15885,1,EA,1,100,0.811611
1755629206.399893,2925623.000,15901,2,EA,1,100,0.810006
1755629206.466894,2925690.000,15901,2,EA,1,100,0.809441
1755629206.532895,2925756.000,15925,1,EA,1,100,0.809629
1755629206.599896,2925823.000,15940,2,EA,1,100,0.810195
1755629206.666896,2925890.000,15940,2,EA,1,100,0.809912
1755629206.732897,2925956.000,15957,1,EA,1,100,0.811516
1755629206.799898,2926023.000,15973,2,EA,1,100,0.811989
1755629206.866899,2926090.000,15973,2,EA,1,100,0.813128
1755629206.933400,2926156.500,15991,2,EA,1,100,0.813413
1755629206.999900,2926223.000,15991,2,EA,1,100,0.812463
1755629207.066901,2926290.000,16007,1,EA,1,100,0.814651
1755629207.133402,2926356.500,16022,2,EA,1,100,0.814460
1755629207.199903,2926423.000,16022,2,EA,1,100,0.813223
1755629207.266904,2926490.000,16038,1,EA,1,100,0.813984
1755629207.333404,2926556.500,16058,2,EA,1,100,0.814745
1755629207.399905,2926623.000,16058,2,EA,1,100,0.814364
1755629207.466906,2926690.000,16076,1,EA,1,100,0.814364
1755629207.533407,2926756.500,16091,2,EA,1,100,0.815031
1755629207.599908,2926823.000,16091,2,EA,1,100,0.814651
1755629207.666909,2926890.000,16108,1,EA,1,100,0.815223
1755629207.733409,2926956.500,16125,2,EA,1,100,0.815223
1755629207.799910,2927023.000,16125,2,EA,1,100,0.815223
1755629207.866911,2927090.000,16141,1,EA,1,100,0.815605
1755629207.933412,2927156.500,16157,2,EA,1,100,0.815700
1755629207.999913,2927223.000,16157,2,EA,1,100,0.815700
1755629208.066913,2927290.000,16173,1,EA,1,100,0.815795
1755629208.133414,2927356.500,16190,2,EA,1,100,0.815509
1755629208.199915,2927423.000,16190,2,EA,1,100,0.816178
1755629208.266916,2927490.000,16206,1,EA,1,100,0.816561
1755629208.333417,2927556.500,16222,2,EA,1,100,0.816465
1755629208.399917,2927623.000,16222,2,EA,1,100,0.815987
1755629208.466918,2927690.000,16240,1,EA,1,100,0.816178
1755629208.533419,2927756.500,16257,2,EA,1,100,0.816561
1755629208.599920,2927823.000,16257,2,EA,1,100,0.816561
1755629208.666921,2927890.000,16274,1,EA,1,100,0.815987
1755629208.733422,2927956.500,16289,2,EA,1,100,0.816561
1755629208.799922,2928023.000,16289,2,EA,1,100,0.816849
1755629208.866923,2928090.000,16305,1,EA,1,100,0.817616
1755629208.933424,2928156.500,16323,2,EA,1,100,0.817232
1755629208.999925,2928223.000,16323,2,EA,1,100,0.817424
1755629209.066926,2928290.000,16339,1,EA,1,100,0.817136
1755629209.133426,2928356.500,16355,2,EA,1,100,0.817041
1755629209.199927,2928423.000,16355,2,EA,1,100,0.816849
1755629209.266428,2928489.500,16371,2,EA,1,100,0.817232
1755629209.332929,2928556.000,16371,2,EA,1,100,0.817424
1755629209.399930,2928623.000,16390,1,EA,1,100,0.817904
1755629209.466430,2928689.500,16406,2,EA,1,100,0.818096
1755629209.532931,2928756.000,16406,2,EA,1,100,0.818673
1755629209.599932,2928823.000,16423,1,EA,1,100,0.819637
1755629209.666433,2928889.500,16438,2,EA,1,100,0.819348
1755629209.732934,2928956.000,16438,2,EA,1,100,0.818481
1755629209.799934,2929023.000,16455,1,EA,1,100,0.818673
1755629209.866435,2929089.500,16471,2,EA,1,100,0.818385
1755629209.932936,2929156.000,16471,2,EA,1,100,0.818963
1755629209.999937,2929223.000,16489,1,EA,1,100,0.818673
1755629210.066438,2929289.500,16503,2,EA,1,100,0.818481
1755629210.132939,2929356.000,16503,2,EA,1,100,0.818673
1755629210.199939,2929423.000,16520,1,EA,1,100,0.819252
1755629210.266440,2929489.500,16539,2,EA,1,100,0.819059
1755629210.332941,2929556.000,16539,2,EA,1,100,0.819348
1755629210.399942,2929623.000,16556,1,EA,1,100,0.819252
1755629210.466443,2929689.500,16570,2,EA,1,100,0.819348
1755629210.532943,2929756.000,16570,2,EA,1,100,0.819830
1755629210.599944,2929823.000,16587,1,EA,1,100,0.820313
1755629210.666445,2929889.500,16604,2,EA,1,100,0.820217
1755629210.732946,2929956.000,16604,2,EA,1,100,0.820603
1755629210.799947,2930023.000,16621,1,EA,1,100,0.820507
1755629210.866447,2930089.500,16635,2,EA,1,100,0.820313
1755629210.932948,2930156.000,16635,2,EA,1,100,0.820313
1755629210.999949,2930223.000,16653,1,EA,1,100,0.820603
1755629211.066450,2930289.500,16669,2,EA,1,100,0.820797
1755629211.132951,2930356.000,16669,2,EA,1,100,0.820894
1755629211.199952,2930423.000,16686,1,EA,1,100,0.821087
1755629211.266452,2930489.500,16704,2,EA,1,100,0.821087
1755629211.332953,2930556.000,16704,2,EA,1,100,0.820894
1755629211.399954,2930623.000,16720,1,EA,1,100,0.821281
1755629211.466455,2930689.500,16736,2,EA,1,100,0.821378
1755629211.532956,2930756.000,16736,2,EA,1,100,0.821765
1755629211.599456,2930822.500,16754,2,EA,1,100,0.822056
1755629211.665957,2930889.000,16754,2,EA,1,100,0.822250
1755629211.732958,2930956.000,16775,1,EA,1,100,0.822348
1755629211.799459,2931022.500,16790,2,EA,1,100,0.822445
1755629211.865960,2931089.000,16790,2,EA,1,100,0.821959
1755629211.932960,2931156.000,16806,1,EA,1,100,0.822250
1755629211.999461,2931222.500,16824,2,EA,1,100,0.822445
1755629212.065962,2931289.000,16824,2,EA,1,100,0.822348
1755629212.132963,2931356.000,16842,1,EA,1,100,0.820894
1755629212.199464,2931422.500,16857,2,EA,1,100,0.820313
1755629212.265964,2931489.000,16857,2,EA,1,100,0.820894
1755629212.332965,2931556.000,16874,1,EA,1,100,0.824002
1755629212.399466,2931622.500,16893,2,EA,1,100,0.826153
1755629212.465967,2931689.000,16893,2,EA,1,100,0.825663
1755629212.532968,2931756.000,16909,1,EA,1,100,0.824197
1755629212.599469,2931822.500,16925,2,EA,1,100,0.824100
1755629212.665969,2931889.000,16925,2,EA,1,100,0.823710
1755629212.732970,2931956.000,16941,1,EA,1,100,0.823808
1755629212.799471,2932022.500,16958,2,EA,1,100,0.823710
1755629212.865972,2932089.000,16958,2,EA,1,100,0.823418
1755629212.932973,2932156.000,16974,1,EA,1,100,0.823515
1755629212.999473,2932222.500,16992,2,EA,1,100,0.824685
1755629213.065974,2932289.000,16992,2,EA,1,100,0.824881
1755629213.132975,2932356.000,17008,1,EA,1,100,0.824881
1755629213.199476,2932422.500,17025,2,EA,1,100,0.824685
1755629213.265977,2932489.000,17025,2,EA,1,100,0.824295
1755629213.332977,2932556.000,17042,1,EA,1,100,0.824393
1755629213.399478,2932622.500,17058,2,EA,1,100,0.824978
1755629213.465979,2932689.000,17058,2,EA,1,100,0.825467
1755629213.532980,2932756.000,17073,1,EA,1,100,0.825273
1755629213.599481,2932822.500,17091,2,EA,1,100,0.825762
1755629213.665981,2932889.000,17091,2,EA,1,100,0.825467
1755629213.732982,2932956.000,17107,1,EA,1,100,0.824588
1755629213.799483,2933022.500,17123,2,EA,1,100,0.826350
1755629213.865984,2933089.000,17123,2,EA,1,100,0.827725
1755629213.932485,2933155.500,17141,2,EA,1,100,0.829995
1755629213.998986,2933222.000,17141,2,EA,1,100,0.832376
1755629214.065986,2933289.000,17158,1,EA,1,100,0.828710
1755629214.132487,2933355.500,17174,2,EA,1,100,0.825467
1755629214.198988,2933422.000,17174,2,EA,1,100,0.827135
1755629214.265989,2933489.000,17191,1,EA,1,100,0.827135
1755629214.332490,2933555.500,17206,2,EA,1,100,0.826546
1755629214.398990,2933622.000,17206,2,EA,1,100,0.825077
1755629214.465991,2933689.000,17223,1,EA,1,100,0.824685
1755629214.532492,2933755.500,17239,2,EA,1,100,0.825077
1755629214.598993,2933822.000,17239,2,EA,1,100,0.826350
1755629214.665994,2933889.000,17257,1,EA,1,100,0.826546
1755629214.732494,2933955.500,17271,2,EA,1,100,0.826546
1755629214.798995,2934022.000,17271,2,EA,1,100,0.826742
1755629214.865996,2934089.000,17290,1,EA,1,100,0.826840
1755629214.932497,2934155.500,17307,2,EA,1,100,0.827429
1755629214.998998,2934222.000,17307,2,EA,1,100,0.827037
1755629215.065999,2934289.000,17324,1,EA,1,100,0.827234
1755629215.132499,2934355.500,17338,2,EA,1,100,0.827823
1755629215.199000,2934422.000,17338,2,EA,1,100,0.828316
1755629215.266001,2934489.000,17355,1,EA,1,100,0.828809
1755629215.332502,2934555.500,17372,2,EA,1,100,0.828119
1755629215.399003,2934622.000,17372,2,EA,1,100,0.828316
1755629215.466003,2934689.000,17389,1,EA,1,100,0.828907
1755629215.532504,2934755.500,17403,2,EA,1,100,0.828710
1755629215.599005,2934822.000,17403,2,EA,1,100,0.828611
1755629215.666006,2934889.000,17421,1,EA,1,100,0.828907
1755629215.732507,2934955.500,17439,2,EA,1,100,0.828907
1755629215.799007,2935022.000,17439,2,EA,1,100,0.828710
1755629215.866008,2935089.000,17456,1,EA,1,100,0.828907
1755629215.932509,2935155.500,17472,2,EA,1,100,0.828809
1755629215.999010,2935222.000,17472,2,EA,1,100,0.828119
1755629216.066011,2935289.000,17488,1,EA,1,100,0.828611
1755629216.132511,2935355.500,17504,2,EA,1,100,0.828710
1755629216.199012,2935422.000,17504,2,EA,1,100,0.829401
1755629216.266013,2935489.000,17521,1,EA,1,100,0.829797
1755629216.332514,2935555.500,17537,2,EA,1,100,0.829995
1755629216.399015,2935622.000,17537,2,EA,1,100,0.829995
1755629216.465516,2935688.500,17553,2,EA,1,100,0.830588
1755629216.532016,2935755.000,17553,2,EA,1,100,0.829995
1755629216.599017,2935822.000,17569,1,EA,1,100,0.830390
1755629216.665518,2935888.500,17589,2,EA,1,100,0.830588
1755629216.732019,2935955.000,17589,2,EA,1,100,0.830490
1755629216.799020,2936022.000,17610,1,EA,1,100,0.831184
1755629216.865520,2936088.500,17625,2,EA,1,100,0.831184
1755629216.932021,2936155.000,17625,2,EA,1,100,0.830588
1755629216.999022,2936222.000,17642,1,EA,1,100,0.831084
1755629217.065523,2936288.500,17659,2,EA,1,100,0.831283
1755629217.132024,2936355.000,17659,2,EA,1,100,0.832077
1755629217.199024,2936422.000,17675,1,EA,1,100,0.831978
1755629217.265525,2936488.500,17691,2,EA,1,100,0.831878
1755629217.332026,2936555.000,17691,2,EA,1,100,0.831481
1755629217.399027,2936622.000,17709,1,EA,1,100,0.831878
1755629217.465528,2936688.500,17726,2,EA,1,100,0.831481
1755629217.532029,2936755.000,17726,2,EA,1,100,0.831978
1755629217.599029,2936822.000,17742,1,EA,1,100,0.832177
1755629217.665530,2936888.500,17760,2,EA,1,100,0.832476
1755629217.732031,2936955.000,17760,2,EA,1,100,0.832077
1755629217.799032,2937022.000,17776,1,EA,1,100,0.832376
1755629217.865533,2937088.500,17793,2,EA,1,100,0.832376
1755629217.932033,2937155.000,17793,2,EA,1,100,0.832974
1755629217.999034,2937222.000,17810,1,EA,1,100,0.833073
1755629218.065535,2937288.500,17825,2,EA,1,100,0.833273
1755629218.132036,2937355.000,17825,2,EA,1,100,0.832974
1755629218.199037,2937422.000,17841,1,EA,1,100,0.833273
1755629218.265537,2937488.500,17859,2,EA,1,100,0.833472
1755629218.332038,2937555.000,17859,2,EA,1,100,0.833971
1755629218.399039,2937622.000,17875,1,EA,1,100,0.833372
1755629218.465540,2937688.500,17893,2,EA,1,100,0.833672
1755629218.532041,2937755.000,17893,2,EA,1,100,0.833871
1755629218.599041,2937822.000,17908,1,EA,1,100,0.833871
1755629218.665542,2937888.500,17926,2,EA,1,100,0.834271
1755629218.732043,2937955.000,17926,2,EA,1,100,0.834171
1755629218.799044,2938022.000,17942,2,EA,1,100,0.834371
1755629218.866045,2938089.000,17942,2,EA,1,100,0.834771
1755629218.932046,2938155.000,17959,1,EA,1,100,0.834271
1755629218.998546,2938221.500,17974,2,EA,1,100,0.834771
1755629219.065047,2938288.000,17974,2,EA,1,100,0.834271
1755629219.132048,2938355.000,17991,1,EA,1,100,0.834371
1755629219.198549,2938421.500,18007,2,EA,1,100,0.834671
1755629219.265050,2938488.000,18007,2,EA,1,100,0.834871
1755629219.332050,2938555.000,18025,1,EA,1,100,0.835472
1755629219.398551,2938621.500,18039,2,EA,1,100,0.835272
1755629219.465052,2938688.000,18039,2,EA,1,100,0.834972
1755629219.532053,2938755.000,18058,1,EA,1,100,0.835472
1755629219.598554,2938821.500,18075,2,EA,1,100,0.835673
1755629219.665054,2938888.000,18075,2,EA,1,100,0.835974
1755629219.732055,2938955.000,18092,1,EA,1,100,0.836074
1755629219.798556,2939021.500,18106,2,EA,1,100,0.836074
1755629219.865057,2939088.000,18106,2,EA,1,100,0.836074
1755629219.932058,2939155.000,18123,1,EA,1,100,0.836979
1755629219.998559,2939221.500,18140,2,EA,1,100,0.836375
1755629220.065059,2939288.000,18140,2,EA,1,100,0.836375
1755629220.132060,2939355.000,18157,1,EA,1,100,0.836275
1755629220.198561,2939421.500,18171,2,EA,1,100,0.836778
1755629220.265062,2939488.000,18171,2,EA,1,100,0.836979
1755629220.332063,2939555.000,18189,1,EA,1,100,0.836979
1755629220.398563,2939621.500,18205,2,EA,1,100,0.836979
1755629220.465064,2939688.000,18205,2,EA,1,100,0.836576
1755629220.532065,2939755.000,18224,1,EA,1,100,0.836778
1755629220.598566,2939821.500,18240,2,EA,1,100,0.837684
1755629220.665067,2939888.000,18240,2,EA,1,100,0.837785
1755629220.732067,2939955.000,18256,1,EA,1,100,0.837281
1755629220.798568,2940021.500,18272,2,EA,1,100,0.837785
1755629220.865069,2940088.000,18272,2,EA,1,100,0.838188
1755629220.932070,2940155.000,18289,1,EA,1,100,0.838188
1755629220.998571,2940221.500,18305,2,EA,1,100,0.838491
1755629221.065071,2940288.000,18305,2,EA,1,100,0.838491
1755629221.132072,2940355.000,18321,2,EA,1,100,0.838491
1755629221.199073,2940422.000,18321,2,EA,1,100,0.838592
1755629221.265074,2940488.000,18337,1,EA,1,100,0.838693
1755629221.332075,2940555.000,18355,2,EA,1,100,0.838693
1755629221.399076,2940622.000,18355,2,EA,1,100,0.839097
1755629221.465076,2940688.000,18373,1,EA,1,100,0.838693
1755629221.532077,2940755.000,18388,2,EA,1,100,0.839299
1755629221.599078,2940822.000,18388,2,EA,1,100,0.838693
1755629221.665079,2940888.000,18405,1,EA,1,100,0.839199
1755629221.732080,2940955.000,18422,2,EA,1,100,0.839603
1755629221.799080,2941022.000,18422,2,EA,1,100,0.839299
1755629221.865081,2941088.000,18438,1,EA,1,100,0.839603
1755629221.932082,2941155.000,18459,2,EA,1,100,0.840008
1755629221.999083,2941222.000,18459,2,EA,1,100,0.839299
1755629222.065084,2941288.000,18475,1,EA,1,100,0.840008
1755629222.132084,2941355.000,18492,2,EA,1,100,0.840413
1755629222.199085,2941422.000,18492,2,EA,1,100,0.840109
1755629222.265086,2941488.000,18508,1,EA,1,100,0.840008
1755629222.331587,2941554.500,18529,2,EA,1,100,0.840516
1755629222.398088,2941621.000,18529,2,EA,1,100,0.840719
1755629222.465089,2941688.000,18544,1,EA,1,100,0.840719
1755629222.532089,2941755.000,18561,2,EA,1,100,0.840820
1755629222.599090,2941822.000,18561,2,EA,1,100,0.841531
1755629222.665091,2941888.000,18578,1,EA,1,100,0.841227
1755629222.731592,2941954.500,18594,2,EA,1,100,0.841023
1755629222.798093,2942021.000,18594,2,EA,1,100,0.841429
1755629222.865093,2942088.000,18609,2,EA,1,100,0.841429
1755629222.932094,2942155.000,18609,2,EA,1,100,0.841429
1755629222.998095,2942221.000,18627,1,EA,1,100,0.841938
1755629223.065096,2942288.000,18643,2,EA,1,100,0.841938
1755629223.132097,2942355.000,18643,2,EA,1,100,0.841837
1755629223.198097,2942421.000,18660,1,EA,1,100,0.841837
1755629223.265098,2942488.000,18675,2,EA,1,100,0.842244
1755629223.332099,2942555.000,18675,2,EA,1,100,0.842957
1755629223.399100,2942622.000,18694,1,EA,1,100,0.842651
1755629223.465601,2942688.500,18710,2,EA,1,100,0.842754
1755629223.532101,2942755.000,18710,2,EA,1,100,0.842346
1755629223.598102,2942821.000,18727,1,EA,1,100,0.842447
1755629223.665103,2942888.000,18742,2,EA,1,100,0.843060
1755629223.732104,2942955.000,18742,2,EA,1,100,0.843060
1755629223.798105,2943021.000,18759,1,EA,1,100,0.843468
1755629223.865106,2943088.000,18775,2,EA,1,100,0.843060
1755629223.932106,2943155.000,18775,2,EA,1,100,0.843366
1755629223.998107,2943221.000,18793,1,EA,1,100,0.843366
1755629224.065108,2943288.000,18807,2,EA,1,100,0.843264
1755629224.132109,2943355.000,18807,2,EA,1,100,0.843673
1755629224.198110,2943421.000,18824,1,EA,1,100,0.843979
1755629224.265110,2943488.000,18843,2,EA,1,100,0.843877
1755629224.332111,2943555.000,18843,2,EA,1,100,0.843877
1755629224.398112,2943621.000,18860,1,EA,1,100,0.844082
1755629224.465113,2943688.000,18874,2,EA,1,100,0.844389
1755629224.532114,2943755.000,18874,2,EA,1,100,0.844082
1755629224.598114,2943821.000,18891,1,EA,1,100,0.844491
1755629224.665115,2943888.000,18908,2,EA,1,100,0.844184
1755629224.732116,2943955.000,18908,2,EA,1,100,0.844287
1755629224.798117,2944021.000,18925,1,EA,1,100,0.844799
1755629224.865118,2944088.000,18939,2,EA,1,100,0.845107
1755629224.932119,2944155.000,18939,2,EA,1,100,0.845312
1755629224.998119,2944221.000,18957,1,EA,1,100,0.845825
1755629225.065120,2944288.000,18975,2,EA,1,100,0.844901
1755629225.132121,2944355.000,18975,2,EA,1,100,0.845107
1755629225.198122,2944421.000,18992,1,EA,1,100,0.845722
1755629225.265123,2944488.000,19008,2,EA,1,100,0.845722
1755629225.332123,2944555.000,19008,2,EA,1,100,0.846236
1755629225.398624,2944621.500,19024,2,EA,1,100,0.847163
1755629225.465125,2944688.000,19024,2,EA,1,100,0.847266
1755629225.531126,2944754.000,19040,1,EA,1,100,0.847059
1755629225.598127,2944821.000,19058,2,EA,1,100,0.846751
1755629225.665127,2944888.000,19058,2,EA,1,100,0.847266
1755629225.732128,2944955.000,19074,1,EA,1,100,0.846957
1755629225.798629,2945021.500,19089,2,EA,1,100,0.847163
1755629225.865130,2945088.000,19089,2,EA,1,100,0.847370
1755629225.931131,2945154.000,19105,1,EA,1,100,0.846957
1755629225.998131,2945221.000,19125,2,EA,1,100,0.847370
1755629226.065132,2945288.000,19125,2,EA,1,100,0.847575
1755629226.131133,2945354.000,19141,1,EA,1,100,0.847886
1755629226.198134,2945421.000,19156,2,EA,1,100,0.849437
1755629226.265135,2945488.000,19156,2,EA,1,100,0.851619
1755629226.331136,2945554.000,19173,1,EA,1,100,0.852453
1755629226.398136,2945621.000,19190,2,EA,1,100,0.852662
1755629226.465137,2945688.000,19190,2,EA,1,100,0.853812
1755629226.531138,2945754.000,19206,1,EA,1,100,0.854441
1755629226.598139,2945821.000,19222,2,EA,1,100,0.855806
1755629226.665140,2945888.000,19222,2,EA,1,100,0.855595
1755629226.731140,2945954.000,19240,1,EA,1,100,0.855806
1755629226.798141,2946021.000,19257,2,EA,1,100,0.855595
1755629226.865142,2946088.000,19257,2,EA,1,100,0.855491
1755629226.931143,2946154.000,19273,1,EA,1,100,0.855176
1755629226.998144,2946221.000,19297,2,EA,1,100,0.855176
1755629227.065144,2946288.000,19297,2,EA,1,100,0.855280
1755629227.131145,2946354.000,19312,1,EA,1,100,0.854965
1755629227.198146,2946421.000,19329,2,EA,1,100,0.854545
1755629227.265147,2946488.000,19329,2,EA,1,100,0.854441
1755629227.331148,2946554.000,19346,1,EA,1,100,0.854231
1755629227.398149,2946621.000,19364,2,EA,1,100,0.854545
1755629227.465149,2946688.000,19364,2,EA,1,100,0.855701
1755629227.531650,2946754.500,19379,2,EA,1,100,0.856754
1755629227.598151,2946821.000,19379,2,EA,1,100,0.858339
1755629227.665152,2946888.000,19399,1,EA,1,100,0.861418
1755629227.731653,2946954.500,19415,2,EA,1,100,0.862805
1755629227.798153,2947021.000,19415,2,EA,1,100,0.862805
1755629227.865154,2947088.000,19432,1,EA,1,100,0.863234
1755629227.931655,2947154.500,19449,2,EA,1,100,0.862378
1755629227.998156,2947221.000,19449,2,EA,1,100,0.860992
1755629228.065157,2947288.000,19466,1,EA,1,100,0.860460
1755629228.131657,2947354.500,19482,2,EA,1,100,0.859609
1755629228.198158,2947421.000,19482,2,EA,1,100,0.859609
1755629228.265159,2947488.000,19499,1,EA,1,100,0.858868
1755629228.331660,2947554.500,19514,2,EA,1,100,0.859079
1755629228.398161,2947621.000,19514,2,EA,1,100,0.859291
1755629228.465161,2947688.000,19531,1,EA,1,100,0.859716
1755629228.531662,2947754.500,19549,2,EA,1,100,0.859291
1755629228.598163,2947821.000,19549,2,EA,1,100,0.858761
1755629228.665164,2947888.000,19567,1,EA,1,100,0.858868
1755629228.731665,2947954.500,19581,2,EA,1,100,0.859186
1755629228.798166,2948021.000,19581,2,EA,1,100,0.859291
1755629228.865166,2948088.000,19598,1,EA,1,100,0.859609
1755629228.931667,2948154.500,19615,2,EA,1,100,0.859822
1755629228.998168,2948221.000,19615,2,EA,1,100,0.859716
1755629229.065169,2948288.000,19632,1,EA,1,100,0.859822
1755629229.131670,2948354.500,19648,2,EA,1,100,0.860247
1755629229.198170,2948421.000,19648,2,EA,1,100,0.860566
1755629229.264171,2948487.000,19665,1,EA,1,100,0.860779
1755629229.331172,2948554.000,19682,2,EA,1,100,0.860140
1755629229.398173,2948621.000,19682,2,EA,1,100,0.860460
1755629229.465174,2948688.000,19699,1,EA,1,100,0.861845
1755629229.531674,2948754.500,19714,2,EA,1,100,0.861845
1755629229.598175,2948821.000,19714,2,EA,1,100,0.861631
1755629229.664176,2948887.000,19731,1,EA,1,100,0.861845
1755629229.731177,2948954.000,19747,2,EA,1,100,0.861631
1755629229.798178,2949021.000,19747,2,EA,1,100,0.862058
1755629229.864179,2949087.000,19766,1,EA,1,100,0.862271
1755629229.931179,2949154.000,19782,2,EA,1,100,0.862378
1755629229.998180,2949221.000,19782,2,EA,1,100,0.862165
1755629230.064681,2949287.500,19798,2,EA,1,100,0.862592
1755629230.131182,2949354.000,19798,2,EA,1,100,0.862271
1755629230.198183,2949421.000,19814,1,EA,1,100,0.862699
1755629230.264683,2949487.500,19832,2,EA,1,100,0.862913
1755629230.331184,2949554.000,19832,2,EA,1,100,0.863340
1755629230.398185,2949621.000,19848,1,EA,1,100,0.863769
1755629230.464686,2949687.500,19863,2,EA,1,100,0.863554
1755629230.531187,2949754.000,19863,2,EA,1,100,0.863448
1755629230.598187,2949821.000,19879,1,EA,1,100,0.863984
1755629230.664688,2949887.500,19897,2,EA,1,100,0.865918
1755629230.731189,2949954.000,19897,2,EA,1,100,0.867752
1755629230.798190,2950021.000,19913,1,EA,1,100,0.866996
1755629230.864691,2950087.500,19930,2,EA,1,100,0.865164
1755629230.931191,2950154.000,19930,2,EA,1,100,0.863876
1755629230.998192,2950221.000,19947,1,EA,1,100,0.864090
1755629231.064693,2950287.500,19964,2,EA,1,100,0.864520
1755629231.131194,2950354.000,19964,2,EA,1,100,0.864520
1755629231.198195,2950421.000,19980,1,EA,1,100,0.862913
1755629231.264696,2950487.500,19996,2,EA,1,100,0.863554
1755629231.331196,2950554.000,19996,2,EA,1,100,0.864412
1755629231.398197,2950621.000,20012,1,EA,1,100,0.864949
1755629231.464698,2950687.500,20029,2,EA,1,100,0.865057
1755629231.531199,2950754.000,20029,2,EA,1,100,0.865487
1755629231.598200,2950821.000,20045,1,EA,1,100,0.864949
1755629231.664700,2950887.500,20061,2,EA,1,100,0.865918
1755629231.731201,2950954.000,20061,2,EA,1,100,0.866241
1755629231.798202,2951021.000,20077,1,EA,1,100,0.866349
1755629231.864703,2951087.500,20096,2,EA,1,100,0.867103
1755629231.931204,2951154.000,20096,2,EA,1,100,0.867428
1755629231.998204,2951221.000,20113,1,EA,1,100,0.867428
1755629232.064705,2951287.500,20129,2,EA,1,100,0.866996
1755629232.131206,2951354.000,20129,2,EA,1,100,0.866780
1755629232.197707,2951420.500,20147,2,EA,1,100,0.866996
1755629232.264208,2951487.000,20147,2,EA,1,100,0.866672
1755629232.330709,2951553.500,20167,2,EA,1,100,0.867103
1755629232.397209,2951620.000,20167,2,EA,1,100,0.867536
1755629232.464210,2951687.000,20183,1,EA,1,100,0.867969
1755629232.530711,2951753.500,20202,2,EA,1,100,0.867428
1755629232.597212,2951820.000,20202,2,EA,1,100,0.867428
1755629232.664213,2951887.000,20219,1,EA,1,100,0.867320
1755629232.730713,2951953.500,20234,2,EA,1,100,0.867752
1755629232.797214,2952020.000,20234,2,EA,1,100,0.867752
1755629232.864215,2952087.000,20250,1,EA,1,100,0.868294
1755629232.930716,2952153.500,20268,2,EA,1,100,0.868510
1755629232.997217,2952220.000,20268,2,EA,1,100,0.868401
1755629233.064217,2952287.000,20284,1,EA,1,100,0.868077
1755629233.130718,2952353.500,20299,2,EA,1,100,0.868401
1755629233.197219,2952420.000,20299,2,EA,1,100,0.868185
1755629233.264220,2952487.000,20317,1,EA,1,100,0.868618
1755629233.330721,2952553.500,20335,2,EA,1,100,0.868401
1755629233.397221,2952620.000,20335,2,EA,1,100,0.868401
1755629233.464222,2952687.000,20351,1,EA,1,100,0.868401
1755629233.530723,2952753.500,20366,2,EA,1,100,0.868510
1755629233.597224,2952820.000,20366,2,EA,1,100,0.869486
1755629233.664225,2952887.000,20383,1,EA,1,100,0.869921
1755629233.730726,2952953.500,20400,2,EA,1,100,0.869703
1755629233.797226,2953020.000,20400,2,EA,1,100,0.869812
1755629233.864227,2953087.000,20416,1,EA,1,100,0.869486
1755629233.930728,2953153.500,20433,2,EA,1,100,0.870355
1755629233.997229,2953220.000,20433,2,EA,1,100,0.870791
1755629234.064230,2953287.000,20448,1,EA,1,100,0.869921
1755629234.130730,2953353.500,20467,2,EA,1,100,0.870139
1755629234.197231,2953420.000,20467,2,EA,1,100,0.870355
1755629234.264232,2953487.000,20484,2,EA,1,100,0.870791
1755629234.331233,2953554.000,20484,2,EA,1,100,0.870791
1755629234.397234,2953620.000,20501,1,EA,1,100,0.870683
1755629234.464234,2953687.000,20515,2,EA,1,100,0.870573
1755629234.531235,2953754.000,20515,2,EA,1,100,0.870683
1755629234.597236,2953820.000,20532,1,EA,1,100,0.870791
1755629234.664237,2953887.000,20549,2,EA,1,100,0.870573
1755629234.731238,2953954.000,20549,2,EA,1,100,0.871445
1755629234.797239,2954020.000,20566,1,EA,1,100,0.871554
1755629234.864239,2954087.000,20580,2,EA,1,100,0.871227
1755629234.931240,2954154.000,20580,2,EA,1,100,0.870573
1755629234.997241,2954220.000,20598,1,EA,1,100,0.871445
1755629235.064242,2954287.000,20614,2,EA,1,100,0.872428
1755629235.131243,2954354.000,20614,2,EA,1,100,0.873194
1755629235.197243,2954420.000,20633,1,EA,1,100,0.872647
1755629235.264244,2954487.000,20648,2,EA,1,100,0.872428
1755629235.331245,2954554.000,20648,2,EA,1,100,0.872319
1755629235.397246,2954620.000,20665,1,EA,1,100,0.872537
1755629235.463747,2954686.500,20681,2,EA,1,100,0.872537
1755629235.530247,2954753.000,20681,2,EA,1,100,0.872866
1755629235.597248,2954820.000,20698,1,EA,1,100,0.875940
1755629235.663749,2954886.500,20713,2,EA,1,100,0.882267
1755629235.730250,2954953.000,20713,2,EA,1,100,0.880482
1755629235.797251,2955020.000,20730,1,EA,1,100,0.873851
1755629235.863751,2955086.500,20746,2,EA,1,100,0.869595
1755629235.930252,2955153.000,20746,2,EA,1,100,0.869052
1755629235.997253,2955220.000,20764,1,EA,1,100,0.868726
1755629236.063754,2955286.500,20778,2,EA,1,100,0.866564
1755629236.130255,2955353.000,20778,2,EA,1,100,0.866349
1755629236.197256,2955420.000,20797,1,EA,1,100,0.870573
1755629236.263756,2955486.500,20814,2,EA,1,100,0.875720
1755629236.330257,2955553.000,20814,2,EA,1,100,0.881820
1755629236.397258,2955620.000,20831,1,EA,1,100,0.897507
1755629236.463759,2955686.500,20846,2,EA,1,100,0.944120
1755629236.530260,2955753.000,20846,2,EA,1,100,1.316771
1755629236.597260,2955820.000,20865,2,EA,1,100,1.352849
1755629236.664261,2955887.000,20865,2,EA,1,100,1.104884
1755629236.730262,2955953.000,20881,1,EA,1,100,1.038469
1755629236.797263,2956020.000,20898,2,EA,1,100,1.121252
1755629236.864264,2956087.000,20898,2,EA,1,100,1.143161
1755629236.930264,2956153.000,20914,1,EA,1,100,1.017525
1755629236.997265,2956220.000,20932,2,EA,1,100,0.962390
1755629237.064266,2956287.000,20932,2,EA,1,100,0.929127
1755629237.130267,2956353.000,20948,1,EA,1,100,0.893820
1755629237.197268,2956420.000,20965,2,EA,1,100,0.886198
1755629237.264269,2956487.000,20965,2,EA,1,100,0.888119
1755629237.330269,2956553.000,20989,1,EA,1,100,0.890733
1755629237.397270,2956620.000,21006,2,EA,1,100,0.892789
1755629237.464271,2956687.000,21006,2,EA,1,100,0.891759
1755629237.530272,2956753.000,21022,1,EA,1,100,0.888686
1755629237.597273,2956820.000,21040,2,EA,1,100,0.888006
1755629237.664273,2956887.000,21040,2,EA,1,100,0.888686
1755629237.730274,2956953.000,21056,1,EA,1,100,0.889367
1755629237.797275,2957020.000,21071,2,EA,1,100,0.891759
1755629237.864276,2957087.000,21071,2,EA,1,100,0.892217
1755629237.930277,2957153.000,21089,1,EA,1,100,0.890277
1755629237.997277,2957220.000,21107,2,EA,1,100,0.889481
1755629238.064278,2957287.000,21107,2,EA,1,100,0.890733
1755629238.130279,2957353.000,21123,1,EA,1,100,0.890164
1755629238.197280,2957420.000,21138,2,EA,1,100,0.890277
1755629238.264281,2957487.000,21138,2,EA,1,100,0.886762
1755629238.330281,2957553.000,21155,1,EA,1,100,0.884171
1755629238.397282,2957620.000,21172,2,EA,1,100,0.883274
1755629238.464283,2957687.000,21172,2,EA,1,100,0.879259
1755629238.530284,2957753.000,21188,1,EA,1,100,0.873303
1755629238.596785,2957819.500,21205,2,EA,1,100,0.878815
1755629238.663286,2957886.000,21205,2,EA,1,100,0.881931
1755629238.730286,2957953.000,21220,1,EA,1,100,0.882938
1755629238.796787,2958019.500,21237,2,EA,1,100,0.882155
1755629238.863288,2958086.000,21237,2,EA,1,100,0.882827
1755629238.930289,2958153.000,21256,2,EA,1,100,0.883723
1755629238.997290,2958220.000,21256,2,EA,1,100,0.883499
1755629239.064290,2958287.000,21273,1,EA,1,100,0.883835
1755629239.130791,2958353.500,21287,2,EA,1,100,0.884060
1755629239.197292,2958420.000,21287,2,EA,1,100,0.883835
1755629239.264293,2958487.000,21304,1,EA,1,100,0.883723
1755629239.330794,2958553.500,21321,2,EA,1,100,0.883163
1755629239.397294,2958620.000,21321,2,EA,1,100,0.883723
1755629239.463295,2958686.000,21338,1,EA,1,100,0.883499
1755629239.530296,2958753.000,21352,2,EA,1,100,0.883948
1755629239.597297,2958820.000,21352,2,EA,1,100,0.883723
1755629239.663298,2958886.000,21370,1,EA,1,100,0.884171
1755629239.730299,2958953.000,21388,2,EA,1,100,0.883948
1755629239.797299,2959020.000,21388,2,EA,1,100,0.883499
1755629239.864300,2959087.000,21405,1,EA,1,100,0.883610
1755629239.930801,2959153.500,21420,2,EA,1,100,0.883835
1755629239.997302,2959220.000,21420,2,EA,1,100,0.883050
1755629240.064303,2959287.000,21437,1,EA,1,100,0.883387
1755629240.130803,2959353.500,21453,2,EA,1,100,0.883835
1755629240.197304,2959420.000,21453,2,EA,1,100,0.884396
1755629240.263305,2959486.000,21470,1,EA,1,100,0.883723
1755629240.330306,2959553.000,21485,2,EA,1,100,0.883387
1755629240.397307,2959620.000,21485,2,EA,1,100,0.883948
1755629240.463307,2959686.000,21502,1,EA,1,100,0.884396
1755629240.530308,2959753.000,21518,2,EA,1,100,0.884733
1755629240.597309,2959820.000,21518,2,EA,1,100,0.884509
1755629240.663310,2959886.000,21538,1,EA,1,100,0.883610
1755629240.730311,2959953.000,21553,2,EA,1,100,0.881820
1755629240.797311,2960020.000,21553,2,EA,1,100,0.882603
1755629240.863312,2960086.000,21569,1,EA,1,100,0.883274
1755629240.930313,2960153.000,21586,2,EA,1,100,0.883723
1755629240.997314,2960220.000,21586,2,EA,1,100,0.884396
1755629241.063815,2960286.500,21603,2,EA,1,100,0.884284
1755629241.130316,2960353.000,21603,2,EA,1,100,0.884958
1755629241.197316,2960420.000,21619,1,EA,1,100,0.885296
1755629241.263817,2960486.500,21635,2,EA,1,100,0.885409
1755629241.330318,2960553.000,21635,2,EA,1,100,0.885747
1755629241.397319,2960620.000,21651,1,EA,1,100,0.886085
1755629241.463820,2960686.500,21670,2,EA,1,100,0.885972
1755629241.530320,2960753.000,21670,2,EA,1,100,0.885747
1755629241.597321,2960820.000,21686,1,EA,1,100,0.886085
1755629241.663822,2960886.500,21702,2,EA,1,100,0.886085
1755629241.730323,2960953.000,21702,2,EA,1,100,0.885521
1755629241.797324,2961020.000,21718,1,EA,1,100,0.885859
1755629241.863824,2961086.500,21735,2,EA,1,100,0.885747
1755629241.930325,2961153.000,21735,2,EA,1,100,0.886085
1755629241.997326,2961220.000,21752,1,EA,1,100,0.886987
1755629242.063827,2961286.500,21767,2,EA,1,100,0.887327
1755629242.130328,2961353.000,21767,2,EA,1,100,0.887667
1755629242.196329,2961419.000,21783,1,EA,1,100,0.887553
1755629242.263329,2961486.000,21801,2,EA,1,100,0.887327
1755629242.330330,2961553.000,21801,2,EA,1,100,0.887440
1755629242.396331,2961619.000,21826,1,EA,1,100,0.888119
1755629242.463332,2961686.000,21841,2,EA,1,100,0.889027
1755629242.530333,2961753.000,21841,2,EA,1,100,0.888346
1755629242.596333,2961819.000,21857,1,EA,1,100,0.888686
1755629242.663334,2961886.000,21875,2,EA,1,100,0.888800
1755629242.730335,2961953.000,21875,2,EA,1,100,0.889140
1755629242.796336,2962019.000,21891,1,EA,1,100,0.888460
1755629242.863337,2962086.000,21907,2,EA,1,100,0.888006
1755629242.930337,2962153.000,21907,2,EA,1,100,0.888346
1755629242.996338,2962219.000,21923,1,EA,1,100,0.888233
1755629243.063339,2962286.000,21942,2,EA,1,100,0.888119
1755629243.130340,2962353.000,21942,2,EA,1,100,0.888460
1755629243.196341,2962419.000,21958,1,EA,1,100,0.888573
1755629243.263341,2962486.000,21975,2,EA,1,100,0.888346
1755629243.330342,2962553.000,21975,2,EA,1,100,0.888346
1755629243.396843,2962619.500,21990,2,EA,1,100,0.889253
1755629243.463344,2962686.000,21990,2,EA,1,100,0.889708
1755629243.530345,2962753.000,22007,1,EA,1,100,0.889253
1755629243.596846,2962819.500,22024,2,EA,1,100,0.889027
1755629243.663346,2962886.000,22024,2,EA,1,100,0.889253
1755629243.730347,2962953.000,22041,1,EA,1,100,0.888913
1755629243.796848,2963019.500,22057,2,EA,1,100,0.889481
1755629243.863349,2963086.000,22057,2,EA,1,100,0.889367
1755629243.930350,2963153.000,22074,1,EA,1,100,0.890164
1755629243.996850,2963219.500,22091,2,EA,1,100,0.889936
1755629244.063351,2963286.000,22091,2,EA,1,100,0.890733
1755629244.130352,2963353.000,22108,1,EA,1,100,0.890390
1755629244.196853,2963419.500,22122,2,EA,1,100,0.890618
1755629244.263354,2963486.000,22122,2,EA,1,100,0.890390
1755629244.330354,2963553.000,22140,1,EA,1,100,0.890618
1755629244.396855,2963619.500,22156,2,EA,1,100,0.890847
1755629244.463356,2963686.000,22156,2,EA,1,100,0.891303
1755629244.530357,2963753.000,22173,1,EA,1,100,0.891188
1755629244.596858,2963819.500,22190,2,EA,1,100,0.891075
1755629244.663359,2963886.000,22190,2,EA,1,100,0.891645
1755629244.730359,2963953.000,22207,1,EA,1,100,0.891531
1755629244.796860,2964019.500,22223,2,EA,1,100,0.891303
1755629244.863361,2964086.000,22223,2,EA,1,100,0.891075
1755629244.930362,2964153.000,22240,1,EA,1,100,0.890847
1755629244.996863,2964219.500,22255,2,EA,1,100,0.891188
1755629245.063363,2964286.000,22255,2,EA,1,100,0.891531
1755629245.130364,2964353.000,22272,1,EA,1,100,0.892560
1755629245.196865,2964419.500,22288,2,EA,1,100,0.892789
1755629245.263366,2964486.000,22288,2,EA,1,100,0.892789
1755629245.330367,2964553.000,22306,1,EA,1,100,0.893246
1755629245.396867,2964619.500,22320,2,EA,1,100,0.892674
1755629245.463368,2964686.000,22320,2,EA,1,100,0.891988
1755629245.530369,2964753.000,22337,1,EA,1,100,0.891988
1755629245.596870,2964819.500,22356,2,EA,1,100,0.892217
1755629245.663371,2964886.000,22356,2,EA,1,100,0.892789
1755629245.729871,2964952.500,22373,2,EA,1,100,0.892560
1755629245.796372,2965019.000,22373,2,EA,1,100,0.893018
1755629245.863373,2965086.000,22389,1,EA,1,100,0.892789
1755629245.929874,2965152.500,22405,2,EA,1,100,0.892674
1755629245.996375,2965219.000,22405,2,EA,1,100,0.892674
1755629246.063376,2965286.000,22421,1,EA,1,100,0.893018
1755629246.129876,2965352.500,22438,2,EA,1,100,0.893476
1755629246.196377,2965419.000,22438,2,EA,1,100,0.893476
1755629246.263378,2965486.000,22454,1,EA,1,100,0.893591
1755629246.329879,2965552.500,22470,2,EA,1,100,0.893705
1755629246.396380,2965619.000,22470,2,EA,1,100,0.893705
1755629246.463380,2965686.000,22486,1,EA,1,100,0.894049
1755629246.529881,2965752.500,22503,2,EA,1,100,0.894049
1755629246.596382,2965819.000,22503,2,EA,1,100,0.894509
1755629246.663383,2965886.000,22522,1,EA,1,100,0.894624
1755629246.729884,2965952.500,22537,2,EA,1,100,0.894624
1755629246.796384,2966019.000,22537,2,EA,1,100,0.894739
1755629246.863385,2966086.000,22553,1,EA,1,100,0.894509
1755629246.929886,2966152.500,22571,2,EA,1,100,0.893935
1755629246.996387,2966219.000,22571,2,EA,1,100,0.893705
1755629247.063388,2966286.000,22587,1,EA,1,100,0.894624
1755629247.129889,2966352.500,22603,2,EA,1,100,0.894624
1755629247.196389,2966419.000,22603,2,EA,1,100,0.894969
1755629247.263390,2966486.000,22618,1,EA,1,100,0.895429
1755629247.329891,2966552.500,22638,2,EA,1,100,0.894854
1755629247.396392,2966619.000,22638,2,EA,1,100,0.896120
1755629247.463393,2966686.000,22654,1,EA,1,100,0.897275
1755629247.529893,2966752.500,22677,2,EA,1,100,0.899363
1755629247.596394,2966819.000,22677,2,EA,1,100,0.894509
1755629247.662895,2966885.500,22693,2,EA,1,100,0.893246
1755629247.729396,2966952.000,22693,2,EA,1,100,0.893476
1755629247.796397,2967019.000,22710,1,EA,1,100,0.893591
1755629247.862897,2967085.500,22726,2,EA,1,100,0.894394
1755629247.929398,2967152.000,22726,2,EA,1,100,0.895084
1755629247.996399,2967219.000,22744,1,EA,1,100,0.895199
1755629248.062900,2967285.500,22758,2,EA,1,100,0.896814
1755629248.129401,2967352.000,22758,2,EA,1,100,0.896814
1755629248.196401,2967419.000,22775,1,EA,1,100,0.896698
1755629248.262902,2967485.500,22792,2,EA,1,100,0.895891
1755629248.329403,2967552.000,22792,2,EA,1,100,0.896006
1755629248.396404,2967619.000,22809,1,EA,1,100,0.896351
1755629248.462905,2967685.500,22825,2,EA,1,100,0.896814
1755629248.529406,2967752.000,22825,2,EA,1,100,0.896468
1755629248.596406,2967819.000,22842,1,EA,1,100,0.896351
1755629248.662907,2967885.500,22859,2,EA,1,100,0.895660
1755629248.729408,2967952.000,22859,2,EA,1,100,0.896468
1755629248.796409,2968019.000,22876,1,EA,1,100,0.896929
1755629248.862910,2968085.500,22890,2,EA,1,100,0.896698
1755629248.929410,2968152.000,22890,2,EA,1,100,0.896582
1755629248.996411,2968219.000,22908,1,EA,1,100,0.896929
1755629249.062912,2968285.500,22924,2,EA,1,100,0.897392
1755629249.129413,2968352.000,22924,2,EA,1,100,0.897623
1755629249.196414,2968419.000,22941,1,EA,1,100,0.897507
1755629249.262914,2968485.500,22956,2,EA,1,100,0.897392
1755629249.329415,2968552.000,22956,2,EA,1,100,0.898086
1755629249.396416,2968619.000,22973,1,EA,1,100,0.897623
1755629249.462917,2968685.500,22991,2,EA,1,100,0.897392
1755629249.529418,2968752.000,22991,2,EA,1,100,0.897160
1755629249.596419,2968819.000,23008,1,EA,1,100,0.897507
1755629249.662919,2968885.500,23024,2,EA,1,100,0.898318
1755629249.729420,2968952.000,23024,2,EA,1,100,0.898550
1755629249.796421,2969019.000,23040,1,EA,1,100,0.898898
1755629249.862922,2969085.500,23056,2,EA,1,100,0.898782
1755629249.929423,2969152.000,23056,2,EA,1,100,0.898782
1755629249.996423,2969219.000,23074,1,EA,1,100,0.898898
1755629250.062924,2969285.500,23089,2,EA,1,100,0.899246
1755629250.129425,2969352.000,23089,2,EA,1,100,0.898433
1755629250.195926,2969418.500,23105,2,EA,1,100,0.898898
1755629250.262427,2969485.000,23105,2,EA,1,100,0.899363
1755629250.329427,2969552.000,23122,1,EA,1,100,0.899363
1755629250.395928,2969618.500,23139,2,EA,1,100,0.899478
1755629250.462429,2969685.000,23139,2,EA,1,100,0.899363
1755629250.529430,2969752.000,23155,1,EA,1,100,0.899711
1755629250.595931,2969818.500,23173,2,EA,1,100,0.900176
1755629250.662431,2969885.000,23173,2,EA,1,100,0.900176
1755629250.729432,2969952.000,23189,1,EA,1,100,0.900060
1755629250.795933,2970018.500,23206,2,EA,1,100,0.900060
1755629250.862434,2970085.000,23206,2,EA,1,100,0.899827
1755629250.929435,2970152.000,23222,1,EA,1,100,0.899363
1755629250.995936,2970218.500,23238,2,EA,1,100,0.900060
1755629251.062436,2970285.000,23238,2,EA,1,100,0.900293
1755629251.129437,2970352.000,23254,1,EA,1,100,0.900875
1755629251.195938,2970418.500,23271,2,EA,1,100,0.900875
1755629251.262439,2970485.000,23271,2,EA,1,100,0.900875
1755629251.329440,2970552.000,23288,1,EA,1,100,0.900526
1755629251.395940,2970618.500,23303,2,EA,1,100,0.901109
1755629251.462441,2970685.000,23303,2,EA,1,100,0.900991
1755629251.529442,2970752.000,23321,1,EA,1,100,0.900758
1755629251.595943,2970818.500,23339,2,EA,1,100,0.900991
1755629251.662444,2970885.000,23339,2,EA,1,100,0.900875
1755629251.729444,2970952.000,23355,1,EA,1,100,0.902393
1755629251.795945,2971018.500,23370,2,EA,1,100,0.903095
1755629251.862446,2971085.000,23370,2,EA,1,100,0.901692
1755629251.929447,2971152.000,23386,1,EA,1,100,0.901109
1755629251.995948,2971218.500,23404,2,EA,1,100,0.900875
1755629252.062449,2971285.000,23404,2,EA,1,100,0.900991
1755629252.129449,2971352.000,23420,1,EA,1,100,0.901225
1755629252.195950,2971418.500,23436,2,EA,1,100,0.901575
1755629252.262451,2971485.000,23436,2,EA,1,100,0.901575
1755629252.328952,2971551.500,23454,2,EA,1,100,0.901808
1755629252.395453,2971618.000,23454,2,EA,1,100,0.902276
1755629252.462453,2971685.000,23473,1,EA,1,100,0.902744
1755629252.528954,2971751.500,23489,2,EA,1,100,0.902042
1755629252.595455,2971818.000,23489,2,EA,1,100,0.901808
1755629252.662456,2971885.000,23512,1,EA,1,100,0.902159
1755629252.728957,2971951.500,23526,2,EA,1,100,0.902509
1755629252.795457,2972018.000,23526,2,EA,1,100,0.902627
1755629252.862458,2972085.000,23543,1,EA,1,100,0.902276
1755629252.928959,2972151.500,23560,2,EA,1,100,0.902042
1755629252.995460,2972218.000,23560,2,EA,1,100,0.902627
1755629253.062461,2972285.000,23577,1,EA,1,100,0.903329
1755629253.128961,2972351.500,23591,2,EA,1,100,0.903564
1755629253.195462,2972418.000,23591,2,EA,1,100,0.902861
1755629253.262463,2972485.000,23608,1,EA,1,100,0.903681
1755629253.328964,2972551.500,23627,2,EA,1,100,0.903681
1755629253.395465,2972618.000,23627,2,EA,1,100,0.904034
1755629253.462466,2972685.000,23644,1,EA,1,100,0.904034
1755629253.528966,2972751.500,23658,2,EA,1,100,0.904034
1755629253.595467,2972818.000,23658,2,EA,1,100,0.904386
1755629253.662468,2972885.000,23676,1,EA,1,100,0.904386
1755629253.728969,2972951.500,23692,2,EA,1,100,0.904268
1755629253.795470,2973018.000,23692,2,EA,1,100,0.904268
1755629253.862470,2973085.000,23709,1,EA,1,100,0.903799
1755629253.928971,2973151.500,23724,2,EA,1,100,0.903916
1755629253.995472,2973218.000,23724,2,EA,1,100,0.903799
1755629254.062473,2973285.000,23741,1,EA,1,100,0.904151
1755629254.128974,2973351.500,23757,2,EA,1,100,0.904974
1755629254.195474,2973418.000,23757,2,EA,1,100,0.905091
1755629254.262475,2973485.000,23774,1,EA,1,100,0.904738
1755629254.328976,2973551.500,23792,2,EA,1,100,0.904855
1755629254.395477,2973618.000,23792,2,EA,1,100,0.905209
1755629254.462478,2973685.000,23808,1,EA,1,100,0.904974
1755629254.528979,2973751.500,23824,2,EA,1,100,0.904738
1755629254.595479,2973818.000,23824,2,EA,1,100,0.905443
1755629254.662480,2973885.000,23842,1,EA,1,100,0.905915
1755629254.728981,2973951.500,23857,2,EA,1,100,0.906033
1755629254.795482,2974018.000,23857,2,EA,1,100,0.905915
1755629254.862483,2974085.000,23873,2,EA,1,100,0.906269
1755629254.929483,2974152.000,23873,2,EA,1,100,0.906388
1755629254.995484,2974218.000,23890,1,EA,1,100,0.905798
1755629255.062485,2974285.000,23907,2,EA,1,100,0.906033
1755629255.129486,2974352.000,23907,2,EA,1,100,0.906505
1755629255.195487,2974418.000,23923,1,EA,1,100,0.906741
1755629255.262487,2974485.000,23939,2,EA,1,100,0.906859
1755629255.329488,2974552.000,23939,2,EA,1,100,0.906269
1755629255.395489,2974618.000,23957,1,EA,1,100,0.907095
1755629255.461990,2974684.500,23974,2,EA,1,100,0.907332
1755629255.528491,2974751.000,23974,2,EA,1,100,0.907095
1755629255.595491,2974818.000,23990,1,EA,1,100,0.906623
1755629255.661992,2974884.500,24006,2,EA,1,100,0.906978
1755629255.728493,2974951.000,24006,2,EA,1,100,0.906978
1755629255.795494,2975018.000,24022,1,EA,1,100,0.907450
1755629255.861995,2975084.500,24039,2,EA,1,100,0.907332
1755629255.928496,2975151.000,24039,2,EA,1,100,0.907213
1755629255.995496,2975218.000,24056,1,EA,1,100,0.907805
1755629256.061997,2975284.500,24071,2,EA,1,100,0.908397
1755629256.128498,2975351.000,24071,2,EA,1,100,0.908397
1755629256.195499,2975418.000,24089,1,EA,1,100,0.908279
1755629256.262000,2975484.500,24107,2,EA,1,100,0.907569
1755629256.328500,2975551.000,24107,2,EA,1,100,0.907924
1755629256.395501,2975618.000,24123,1,EA,1,100,0.908397
1755629256.462002,2975684.500,24138,2,EA,1,100,0.908279
1755629256.528503,2975751.000,24138,2,EA,1,100,0.908634
1755629256.595504,2975818.000,24154,1,EA,1,100,0.908397
1755629256.662004,2975884.500,24172,2,EA,1,100,0.908990
1755629256.728505,2975951.000,24172,2,EA,1,100,0.908872
1755629256.795506,2976018.000,24188,1,EA,1,100,0.909228
1755629256.862007,2976084.500,24204,2,EA,1,100,0.909465
1755629256.928508,2976151.000,24204,2,EA,1,100,0.909109
1755629256.995509,2976218.000,24220,1,EA,1,100,0.909941
1755629257.062009,2976284.500,24237,2,EA,1,100,0.909822
1755629257.128510,2976351.000,24237,2,EA,1,100,0.910178
1755629257.195511,2976418.000,24253,2,EA,1,100,0.910536
1755629257.262512,2976485.000,24253,2,EA,1,100,0.909941
1755629257.328513,2976551.000,24273,1,EA,1,100,0.909584
1755629257.395513,2976618.000,24289,2,EA,1,100,0.910060
1755629257.462514,2976685.000,24289,2,EA,1,100,0.910060
1755629257.528515,2976751.000,24306,1,EA,1,100,0.910536
1755629257.595516,2976818.000,24323,2,EA,1,100,0.910416
1755629257.662517,2976885.000,24323,2,EA,1,100,0.910060
1755629257.728517,2976951.000,24340,1,EA,1,100,0.910536
1755629257.795518,2977018.000,24359,2,EA,1,100,0.911251
1755629257.862519,2977085.000,24359,2,EA,1,100,0.911012
1755629257.928520,2977151.000,24376,1,EA,1,100,0.911012
1755629257.995521,2977218.000,24393,2,EA,1,100,0.911490
1755629258.062521,2977285.000,24393,2,EA,1,100,0.911609
1755629258.128522,2977351.000,24410,1,EA,1,100,0.911012
1755629258.195523,2977418.000,24424,2,EA,1,100,0.911132
1755629258.262524,2977485.000,24424,2,EA,1,100,0.911132
1755629258.328525,2977551.000,24444,1,EA,1,100,0.911490
1755629258.395526,2977618.000,24460,2,EA,1,100,0.911609
1755629258.462526,2977685.000,24460,2,EA,1,100,0.911251
1755629258.528527,2977751.000,24477,1,EA,1,100,0.911251
1755629258.595028,2977817.500,24492,2,EA,1,100,0.911729
1755629258.661529,2977884.000,24492,2,EA,1,100,0.912445
1755629258.728530,2977951.000,24509,1,EA,1,100,0.912326
1755629258.795030,2978017.500,24525,2,EA,1,100,0.912445
1755629258.861531,2978084.000,24525,2,EA,1,100,0.912326
1755629258.928532,2978151.000,24542,1,EA,1,100,0.912087
1755629258.995033,2978217.500,24557,2,EA,1,100,0.912326
1755629259.061534,2978284.000,24557,2,EA,1,100,0.912564
1755629259.128534,2978351.000,24574,1,EA,1,100,0.912326
1755629259.195035,2978417.500,24592,2,EA,1,100,0.911967
1755629259.261536,2978484.000,24592,2,EA,1,100,0.911848
1755629259.328537,2978551.000,24610,1,EA,1,100,0.912206
1755629259.395038,2978617.500,24625,2,EA,1,100,0.911848
1755629259.461539,2978684.000,24625,2,EA,1,100,0.912326
1755629259.528539,2978751.000,24641,2,EA,1,100,0.913043
1755629259.595540,2978818.000,24641,2,EA,1,100,0.913523
1755629259.661541,2978884.000,24658,1,EA,1,100,0.913402
1755629259.728542,2978951.000,24675,2,EA,1,100,0.913163
1755629259.795543,2979018.000,24675,2,EA,1,100,0.913283
1755629259.861543,2979084.000,24691,1,EA,1,100,0.913523
1755629259.928544,2979151.000,24707,2,EA,1,100,0.914123
1755629259.995545,2979218.000,24707,2,EA,1,100,0.913762
1755629260.061546,2979284.000,24725,1,EA,1,100,0.914002
1755629260.128547,2979351.000,24742,2,EA,1,100,0.913762
1755629260.195547,2979418.000,24742,2,EA,1,100,0.914002
1755629260.261548,2979484.000,24758,1,EA,1,100,0.914002
1755629260.328549,2979551.000,24774,2,EA,1,100,0.914002
1755629260.395550,2979618.000,24774,2,EA,1,100,0.914483
1755629260.461551,2979684.000,24790,1,EA,1,100,0.914483
1755629260.528551,2979751.000,24807,2,EA,1,100,0.914723
1755629260.595552,2979818.000,24807,2,EA,1,100,0.915564
1755629260.661553,2979884.000,24824,1,EA,1,100,0.914723
1755629260.728554,2979951.000,24839,2,EA,1,100,0.914602
1755629260.795555,2980018.000,24839,2,EA,1,100,0.915084
1755629260.861556,2980084.000,24855,1,EA,1,100,0.915685
1755629260.928556,2980151.000,24873,2,EA,1,100,0.915324
1755629260.995557,2980218.000,24873,2,EA,1,100,0.915203
1755629261.061558,2980284.000,24891,1,EA,1,100,0.915203
1755629261.128559,2980351.000,24906,2,EA,1,100,0.915203
1755629261.195560,2980418.000,24906,2,EA,1,100,0.915444
1755629261.261560,2980484.000,24922,1,EA,1,100,0.916891
1755629261.328561,2980551.000,24940,2,EA,1,100,0.916650
1755629261.395562,2980618.000,24940,2,EA,1,100,0.915927
1755629261.461563,2980684.000,24956,1,EA,1,100,0.915685
1755629261.528564,2980751.000,24972,2,EA,1,100,0.915927
1755629261.595564,2980818.000,24972,2,EA,1,100,0.916047
1755629261.661565,2980884.000,24988,1,EA,1,100,0.916408
1755629261.728566,2980951.000,25005,2,EA,1,100,0.916408
1755629261.795567,2981018.000,25005,2,EA,1,100,0.916891
1755629261.862068,2981084.500,25021,2,EA,1,100,0.917133
1755629261.928569,2981151.000,25021,2,EA,1,100,0.917738
1755629261.995569,2981218.000,25039,1,EA,1,100,0.917374
1755629262.062070,2981284.500,25055,2,EA,1,100,0.917374
1755629262.128571,2981351.000,25055,2,EA,1,100,0.917374
1755629262.194572,2981417.000,25072,1,EA,1,100,0.917253
1755629262.261573,2981484.000,25089,2,EA,1,100,0.917012
1755629262.328573,2981551.000,25089,2,EA,1,100,0.917374
1755629262.394574,2981617.000,25108,1,EA,1,100,0.917495
1755629262.461575,2981684.000,25122,2,EA,1,100,0.917495
1755629262.528576,2981751.000,25122,2,EA,1,100,0.917253
1755629262.594577,2981817.000,25139,1,EA,1,100,0.918100
1755629262.661577,2981884.000,25156,2,EA,1,100,0.918221
1755629262.728578,2981951.000,25156,2,EA,1,100,0.917979
1755629262.794579,2982017.000,25173,1,EA,1,100,0.917738
1755629262.861580,2982084.000,25192,2,EA,1,100,0.918100
1755629262.928581,2982151.000,25192,2,EA,1,100,0.917979
1755629262.994581,2982217.000,25212,1,EA,1,100,0.918464
1755629263.061582,2982284.000,25228,2,EA,1,100,0.918706
1755629263.128583,2982351.000,25228,2,EA,1,100,0.918584
1755629263.194584,2982417.000,25245,1,EA,1,100,0.918343
1755629263.261585,2982484.000,25260,2,EA,1,100,0.919191
1755629263.328586,2982551.000,25260,2,EA,1,100,0.919070
1755629263.395586,2982618.000,25277,1,EA,1,100,0.919556
1755629263.462087,2982684.500,25293,2,EA,1,100,0.919434
1755629263.528588,2982751.000,25293,2,EA,1,100,0.918827
1755629263.595589,2982818.000,25310,1,EA,1,100,0.919313
1755629263.662090,2982884.500,25325,2,EA,1,100,0.920163
1755629263.728590,2982951.000,25325,2,EA,1,100,0.919677
1755629263.794591,2983017.000,25344,1,EA,1,100,0.919920
1755629263.861592,2983084.000,25360,2,EA,1,100,0.919070
1755629263.928593,2983151.000,25360,2,EA,1,100,0.919556
1755629263.994594,2983217.000,25378,1,EA,1,100,0.920041
1755629264.061594,2983284.000,25393,2,EA,1,100,0.920041
1755629264.128595,2983351.000,25393,2,EA,1,100,0.920163
1755629264.195096,2983417.500,25409,2,EA,1,100,0.920528
1755629264.261597,2983484.000,25409,2,EA,1,100,0.920528
1755629264.328598,2983551.000,25426,1,EA,1,100,0.920528
1755629264.395099,2983617.500,25443,2,EA,1,100,0.920163
1755629264.461599,2983684.000,25443,2,EA,1,100,0.920528
1755629264.528600,2983751.000,25459,1,EA,1,100,0.921014
1755629264.595101,2983817.500,25475,2,EA,1,100,0.921747
1755629264.661602,2983884.000,25475,2,EA,1,100,0.921502
1755629264.728603,2983951.000,25491,1,EA,1,100,0.921502
1755629264.795103,2984017.500,25510,2,EA,1,100,0.921747
1755629264.861604,2984084.000,25510,2,EA,1,100,0.921381
1755629264.928605,2984151.000,25526,1,EA,1,100,0.920406
1755629264.995106,2984217.500,25542,2,EA,1,100,0.920406
1755629265.061607,2984284.000,25542,2,EA,1,100,0.921747
1755629265.128607,2984351.000,25558,1,EA,1,100,0.923336
1755629265.195108,2984417.500,25575,2,EA,1,100,0.923336
1755629265.261609,2984484.000,25575,2,EA,1,100,0.923948
1755629265.327610,2984550.000,25592,1,EA,1,100,0.927641
1755629265.394611,2984617.000,25607,2,EA,1,100,0.933612
1755629265.461611,2984684.000,25607,2,EA,1,100,0.924316
1755629265.527612,2984750.000,25623,1,EA,1,100,0.923091
1755629265.594613,2984817.000,25641,2,EA,1,100,0.923948
1755629265.661614,2984884.000,25641,2,EA,1,100,0.923703
1755629265.727615,2984950.000,25657,1,EA,1,100,0.923703
1755629265.794616,2985017.000,25674,2,EA,1,100,0.924808
1755629265.861616,2985084.000,25674,2,EA,1,100,0.923703
1755629265.927617,2985150.000,25690,1,EA,1,100,0.922357
1755629265.994618,2985217.000,25708,2,EA,1,100,0.921137
1755629266.061619,2985284.000,25708,2,EA,1,100,0.920285
1755629266.128620,2985351.000,25724,1,EA,1,100,0.920285
1755629266.195120,2985417.500,25740,2,EA,1,100,0.920893
1755629266.261621,2985484.000,25740,2,EA,1,100,0.922846
1755629266.327622,2985550.000,25756,1,EA,1,100,0.922846
1755629266.394623,2985617.000,25773,2,EA,1,100,0.922479
1755629266.461624,2985684.000,25773,2,EA,1,100,0.922724
1755629266.527624,2985750.000,25789,1,EA,1,100,0.923336
1755629266.594625,2985817.000,25806,2,EA,1,100,0.924316
1755629266.661626,2985884.000,25806,2,EA,1,100,0.924562
1755629266.728127,2985950.500,25823,2,EA,1,100,0.923581
1755629266.794628,2986017.000,25823,2,EA,1,100,0.923091
1755629266.861629,2986084.000,25840,1,EA,1,100,0.923458
1755629266.928129,2986150.500,25857,2,EA,1,100,0.923458
1755629266.994630,2986217.000,25857,2,EA,1,100,0.923703
1755629267.061631,2986284.000,25874,1,EA,1,100,0.924194
1755629267.128132,2986350.500,25888,2,EA,1,100,0.924071
1755629267.194633,2986417.000,25888,2,EA,1,100,0.924930
1755629267.261633,2986484.000,25905,1,EA,1,100,0.925422
1755629267.328134,2986550.500,25924,2,EA,1,100,0.925054
1755629267.394635,2986617.000,25924,2,EA,1,100,0.925299
1755629267.461636,2986684.000,25941,1,EA,1,100,0.925054
1755629267.528137,2986750.500,25957,2,EA,1,100,0.925054
1755629267.594637,2986817.000,25957,2,EA,1,100,0.924440
1755629267.661638,2986884.000,25975,1,EA,1,100,0.925545
1755629267.728139,2986950.500,25991,2,EA,1,100,0.925422
1755629267.794640,2987017.000,25991,2,EA,1,100,0.924684
1755629267.861641,2987084.000,26008,1,EA,1,100,0.924684
1755629267.928141,2987150.500,26023,2,EA,1,100,0.925299
1755629267.994642,2987217.000,26023,2,EA,1,100,0.925054
1755629268.061643,2987284.000,26045,1,EA,1,100,0.924808
1755629268.128144,2987350.500,26061,2,EA,1,100,0.923336
1755629268.194645,2987417.000,26061,2,EA,1,100,0.924440
1755629268.261646,2987484.000,26078,1,EA,1,100,0.927147
1755629268.328146,2987550.500,26093,2,EA,1,100,0.928260
1755629268.394647,2987617.000,26093,2,EA,1,100,0.927641
1755629268.461648,2987684.000,26110,1,EA,1,100,0.926901
1755629268.528149,2987750.500,26128,2,EA,1,100,0.926284
1755629268.594650,2987817.000,26128,2,EA,1,100,0.926407
1755629268.661650,2987884.000,26146,1,EA,1,100,0.926654
1755629268.728151,2987950.500,26161,2,EA,1,100,0.927518
1755629268.794652,2988017.000,26161,2,EA,1,100,0.926901
1755629268.861653,2988084.000,26177,1,EA,1,100,0.926901
1755629268.928154,2988150.500,26194,2,EA,1,100,0.927765
1755629268.994654,2988217.000,26194,2,EA,1,100,0.926160
1755629269.061655,2988284.000,26211,1,EA,1,100,0.924316
1755629269.128156,2988350.500,26226,2,EA,1,100,0.924684
1755629269.194657,2988417.000,26226,2,EA,1,100,0.926530
1755629269.261158,2988483.500,26243,2,EA,1,100,0.929871
1755629269.327659,2988550.000,26243,2,EA,1,100,0.929003
1755629269.394659,2988617.000,26259,1,EA,1,100,0.928260
1755629269.461160,2988683.500,26278,2,EA,1,100,0.927765
1755629269.527661,2988750.000,26278,2,EA,1,100,0.927518
1755629269.594662,2988817.000,26294,1,EA,1,100,0.927518
1755629269.661163,2988883.500,26310,2,EA,1,100,0.928137
1755629269.727663,2988950.000,26310,2,EA,1,100,0.927641
1755629269.794664,2989017.000,26326,1,EA,1,100,0.928012
1755629269.861165,2989083.500,26343,2,EA,1,100,0.928631
1755629269.927666,2989150.000,26343,2,EA,1,100,0.928631
1755629269.994667,2989217.000,26360,1,EA,1,100,0.928631
1755629270.061167,2989283.500,26375,2,EA,1,100,0.928631
1755629270.127668,2989350.000,26375,2,EA,1,100,0.928631
1755629270.194669,2989417.000,26391,1,EA,1,100,0.926530
1755629270.261170,2989483.500,26409,2,EA,1,100,0.927889
1755629270.327671,2989550.000,26409,2,EA,1,100,0.929127
1755629270.394671,2989617.000,26427,1,EA,1,100,0.928756
1755629270.461172,2989683.500,26442,2,EA,1,100,0.929127
1755629270.527673,2989750.000,26442,2,EA,1,100,0.928879
1755629270.594674,2989817.000,26458,1,EA,1,100,0.929996
1755629270.661175,2989883.500,26476,2,EA,1,100,0.930120
1755629270.727676,2989950.000,26476,2,EA,1,100,0.929499
1755629270.794676,2990017.000,26492,1,EA,1,100,0.929251
1755629270.861177,2990083.500,26507,2,EA,1,100,0.930244
1755629270.927678,2990150.000,26507,2,EA,1,100,0.929871
1755629270.994679,2990217.000,26524,1,EA,1,100,0.930493
1755629271.061180,2990283.500,26541,2,EA,1,100,0.930369
1755629271.127680,2990350.000,26541,2,EA,1,100,0.930493
1755629271.194681,2990417.000,26557,1,EA,1,100,0.930369
1755629271.261182,2990483.500,26574,2,EA,1,100,0.930493
1755629271.327683,2990550.000,26574,2,EA,1,100,0.930493
1755629271.394684,2990617.000,26591,1,EA,1,100,0.930244
1755629271.461184,2990683.500,26608,2,EA,1,100,0.930866
1755629271.527685,2990750.000,26608,2,EA,1,100,0.930866
1755629271.594186,2990816.500,26625,2,EA,1,100,0.930369
1755629271.660687,2990883.000,26625,2,EA,1,100,0.930866
1755629271.727688,2990950.000,26642,1,EA,1,100,0.931240
1755629271.794189,2991016.500,26656,2,EA,1,100,0.931614
1755629271.860689,2991083.000,26656,2,EA,1,100,0.930991
1755629271.927690,2991150.000,26673,1,EA,1,100,0.930618
1755629271.994191,2991216.500,26690,2,EA,1,100,0.930866
1755629272.060692,2991283.000,26690,2,EA,1,100,0.930618
1755629272.127693,2991350.000,26707,1,EA,1,100,0.931364
1755629272.194193,2991416.500,26721,2,EA,1,100,0.932112
1755629272.260694,2991483.000,26721,2,EA,1,100,0.931364
1755629272.327695,2991550.000,26741,1,EA,1,100,0.931240
1755629272.394196,2991616.500,26759,2,EA,1,100,0.930991
1755629272.460697,2991683.000,26759,2,EA,1,100,0.931488
1755629272.527697,2991750.000,26776,1,EA,1,100,0.931488
1755629272.594198,2991816.500,26791,2,EA,1,100,0.930991
1755629272.660699,2991883.000,26791,2,EA,1,100,0.930369
1755629272.727700,2991950.000,26808,1,EA,1,100,0.931115
1755629272.794201,2992016.500,26824,2,EA,1,100,0.931738
1755629272.860701,2992083.000,26824,2,EA,1,100,0.931240
1755629272.927702,2992150.000,26841,1,EA,1,100,0.932112
1755629272.994203,2992216.500,26856,2,EA,1,100,0.931614
1755629273.060704,2992283.000,26856,2,EA,1,100,0.930991
1755629273.127705,2992350.000,26878,1,EA,1,100,0.931364
1755629273.194206,2992416.500,26896,2,EA,1,100,0.932112
1755629273.260706,2992483.000,26896,2,EA,1,100,0.932612
1755629273.327707,2992550.000,26914,1,EA,1,100,0.932612
1755629273.394208,2992616.500,26928,2,EA,1,100,0.933112
1755629273.460709,2992683.000,26928,2,EA,1,100,0.933237
1755629273.527710,2992750.000,26945,1,EA,1,100,0.932487
1755629273.594210,2992816.500,26962,2,EA,1,100,0.931863
1755629273.660711,2992883.000,26962,2,EA,1,100,0.932112
1755629273.727712,2992950.000,26979,1,EA,1,100,0.932487
1755629273.794213,2993016.500,26994,2,EA,1,100,0.933237
1755629273.860714,2993083.000,26994,2,EA,1,100,0.932487
1755629273.927214,2993149.500,27011,2,EA,1,100,0.932112
1755629273.993715,2993216.000,27011,2,EA,1,100,0.929748
1755629274.060716,2993283.000,27027,1,EA,1,100,0.929127
1755629274.127217,2993349.500,27046,2,EA,1,100,0.931988
1755629274.193718,2993416.000,27046,2,EA,1,100,0.933987
1755629274.260719,2993483.000,27062,1,EA,1,100,0.933987
1755629274.327219,2993549.500,27078,2,EA,1,100,0.933987
1755629274.393720,2993616.000,27078,2,EA,1,100,0.933612
1755629274.460721,2993683.000,27094,1,EA,1,100,0.933361
1755629274.527222,2993749.500,27111,2,EA,1,100,0.934740
1755629274.593723,2993816.000,27111,2,EA,1,100,0.935871
1755629274.660723,2993883.000,27128,1,EA,1,100,0.935745
1755629274.727224,2993949.500,27143,2,EA,1,100,0.935871
1755629274.793725,2994016.000,27143,2,EA,1,100,0.935368
1755629274.860726,2994083.000,27159,1,EA,1,100,0.935368
1755629274.927227,2994149.500,27177,2,EA,1,100,0.934364
1755629274.993727,2994216.000,27177,2,EA,1,100,0.935117
1755629275.060728,2994283.000,27193,1,EA,1,100,0.934992
1755629275.127229,2994349.500,27210,2,EA,1,100,0.934992
1755629275.193730,2994416.000,27210,2,EA,1,100,0.934992
1755629275.260731,2994483.000,27226,1,EA,1,100,0.935368
1755629275.327231,2994549.500,27244,2,EA,1,100,0.935494
1755629275.393732,2994616.000,27244,2,EA,1,100,0.935997
1755629275.460733,2994683.000,27260,1,EA,1,100,0.935620
1755629275.527234,2994749.500,27275,2,EA,1,100,0.935620
1755629275.593735,2994816.000,27275,2,EA,1,100,0.935871
1755629275.660736,2994883.000,27292,1,EA,1,100,0.936375
1755629275.727236,2994949.500,27309,2,EA,1,100,0.936375
1755629275.793737,2995016.000,27309,2,EA,1,100,0.936249
1755629275.860738,2995083.000,27325,1,EA,1,100,0.935745
1755629275.927239,2995149.500,27342,2,EA,1,100,0.935871
1755629275.993740,2995216.000,27342,2,EA,1,100,0.936123
1755629276.060740,2995283.000,27359,1,EA,1,100,0.936500
1755629276.127241,2995349.500,27376,2,EA,1,100,0.936500
1755629276.193742,2995416.000,27376,2,EA,1,100,0.936879
1755629276.260743,2995483.000,27392,1,EA,1,100,0.936879
1755629276.327244,2995549.500,27409,2,EA,1,100,0.937130
1755629276.393744,2995616.000,27409,2,EA,1,100,0.937005
1755629276.460245,2995682.500,27424,2,EA,1,100,0.937510
1755629276.526746,2995749.000,27424,2,EA,1,100,0.937005
1755629276.593747,2995816.000,27441,1,EA,1,100,0.937383
1755629276.660248,2995882.500,27458,2,EA,1,100,0.937257
1755629276.726748,2995949.000,27458,2,EA,1,100,0.937257
1755629276.793749,2996016.000,27475,1,EA,1,100,0.937383
1755629276.860250,2996082.500,27489,2,EA,1,100,0.937888
1755629276.926751,2996149.000,27489,2,EA,1,100,0.938393
1755629276.993752,2996216.000,27509,1,EA,1,100,0.938014
1755629277.060253,2996282.500,27525,2,EA,1,100,0.938014
1755629277.126753,2996349.000,27525,2,EA,1,100,0.937888
1755629277.193754,2996416.000,27542,1,EA,1,100,0.938014
1755629277.260255,2996482.500,27557,2,EA,1,100,0.937257
1755629277.326756,2996549.000,27557,2,EA,1,100,0.936627
1755629277.393757,2996616.000,27576,1,EA,1,100,0.938141
1755629277.460257,2996682.500,27592,2,EA,1,100,0.938521
1755629277.526758,2996749.000,27592,2,EA,1,100,0.938774
1755629277.593759,2996816.000,27609,1,EA,1,100,0.939026
1755629277.660260,2996882.500,27624,2,EA,1,100,0.939154
1755629277.726761,2996949.000,27624,2,EA,1,100,0.937888
1755629277.793761,2997016.000,27641,1,EA,1,100,0.938267
1755629277.860262,2997082.500,27659,2,EA,1,100,0.937888
1755629277.926763,2997149.000,27659,2,EA,1,100,0.936627
1755629277.993764,2997216.000,27677,1,EA,1,100,0.935117
1755629278.060265,2997282.500,27691,2,EA,1,100,0.937888
1755629278.126766,2997349.000,27691,2,EA,1,100,0.939534
1755629278.193766,2997416.000,27708,1,EA,1,100,0.940803
1755629278.260267,2997482.500,27730,2,EA,1,100,0.942714
1755629278.326768,2997549.000,27730,2,EA,1,100,0.943225
1755629278.393769,2997616.000,27747,1,EA,1,100,0.942458
1755629278.460270,2997682.500,27762,2,EA,1,100,0.943353
1755629278.526770,2997749.000,27762,2,EA,1,100,0.939407
1755629278.593771,2997816.000,27778,1,EA,1,100,0.937130
1755629278.660272,2997882.500,27795,2,EA,1,100,0.935117
1755629278.726773,2997949.000,27795,2,EA,1,100,0.933237
1755629278.793774,2998016.000,27812,1,EA,1,100,0.929375
1755629278.860274,2998082.500,27829,2,EA,1,100,0.929623
1755629278.926775,2998149.000,27829,2,EA,1,100,0.944505
1755629278.993776,2998216.000,27846,2,EA,1,100,0.970169
1755629279.060777,2998283.000,27846,2,EA,1,100,0.985131
1755629279.126778,2998349.000,27862,1,EA,1,100,1.294975
1755629279.193278,2998415.500,27881,2,EA,1,100,2.548026
1755629279.259779,2998482.000,27881,2,EA,1,100,1.377200
1755629279.326780,2998549.000,27898,1,EA,1,100,1.175191
1755629279.393281,2998615.500,27913,2,EA,1,100,1.103307
1755629279.459782,2998682.000,27913,2,EA,1,100,0.984435
1755629279.526783,2998749.000,27929,1,EA,1,100,0.938267
1755629279.593283,2998815.500,27947,2,EA,1,100,0.938647
1755629279.659784,2998882.000,27947,2,EA,1,100,0.952385
1755629279.726785,2998949.000,27963,1,EA,1,100,0.961461
1755629279.793286,2999015.500,27980,2,EA,1,100,0.960267
1755629279.859787,2999082.000,27980,2,EA,1,100,0.958548
1755629279.926787,2999149.000,27996,1,EA,1,100,0.955391
1755629279.993288,2999215.500,28014,2,EA,1,100,0.952385
1755629280.059789,2999282.000,28014,2,EA,1,100,0.952256
1755629280.126790,2999349.000,28030,1,EA,1,100,0.952515
1755629280.193291,2999415.500,28045,2,EA,1,100,0.954606
1755629280.259791,2999482.000,28045,2,EA,1,100,0.955391
1755629280.326792,2999549.000,28062,1,EA,1,100,0.956179
1755629280.393293,2999615.500,28079,2,EA,1,100,0.956047
1755629280.459794,2999682.000,28079,2,EA,1,100,0.955523
1755629280.526795,2999749.000,28095,1,EA,1,100,0.958548
1755629280.593296,2999815.500,28113,2,EA,1,100,0.960002
1755629280.659796,2999882.000,28113,2,EA,1,100,0.958153
1755629280.726797,2999949.000,28129,1,EA,1,100,0.954082
1755629280.793298,3000015.500,28146,2,EA,1,100,0.951084
1755629280.859799,3000082.000,28146,2,EA,1,100,0.949399
1755629280.926800,3000149.000,28162,1,EA,1,100,0.945788
1755629280.993300,3000215.500,28179,2,EA,1,100,0.945531
1755629281.059801,3000282.000,28179,2,EA,1,100,0.947461
1755629281.126802,3000349.000,28194,1,EA,1,100,0.948106
1755629281.193303,3000415.500,28211,2,EA,1,100,0.949011
1755629281.259804,3000482.000,28211,2,EA,1,100,0.949528
1755629281.326804,3000549.000,28228,2,EA,1,100,0.946301
1755629281.393805,3000616.000,28228,2,EA,1,100,0.939787
1755629281.459806,3000682.000,28245,1,EA,1,100,0.949399
1755629281.526807,3000749.000,28259,2,EA,1,100,0.943097
1755629281.593808,3000816.000,28259,2,EA,1,100,0.936249
1755629281.659808,3000882.000,28279,1,EA,1,100,0.935494
1755629281.726809,3000949.000,28295,2,EA,1,100,0.934740
1755629281.793810,3001016.000,28295,2,EA,1,100,0.938014
1755629281.859811,3001082.000,28312,1,EA,1,100,0.942076
1755629281.926812,3001149.000,28327,2,EA,1,100,0.948234
1755629281.993813,3001216.000,28327,2,EA,1,100,0.953299
1755629282.059813,3001282.000,28344,1,EA,1,100,0.954082
1755629282.126314,3001348.500,28360,2,EA,1,100,0.947461
1755629282.192815,3001415.000,28360,2,EA,1,100,0.943865
1755629282.259816,3001482.000,28377,1,EA,1,100,0.944889
1755629282.326317,3001548.500,28394,2,EA,1,100,0.952385
1755629282.392817,3001615.000,28394,2,EA,1,100,0.961327
1755629282.459818,3001682.000,28411,1,EA,1,100,0.966130
1755629282.526319,3001748.500,28427,2,EA,1,100,0.962524
1755629282.592820,3001815.000,28427,2,EA,1,100,0.952515
1755629282.659821,3001882.000,28447,1,EA,1,100,0.937130
1755629282.726321,3001948.500,28461,2,EA,1,100,0.927147
1755629282.792822,3002015.000,28461,2,EA,1,100,0.925545
1755629282.859823,3002082.000,28478,1,EA,1,100,0.928383
1755629282.926324,3002148.500,28495,2,EA,1,100,0.939154
1755629282.992825,3002215.000,28495,2,EA,1,100,0.946945
1755629283.059826,3002282.000,28512,1,EA,1,100,0.946431
1755629283.126326,3002348.500,28527,2,EA,1,100,0.946687
1755629283.192827,3002415.000,28527,2,EA,1,100,0.944889
1755629283.259828,3002482.000,28543,1,EA,1,100,0.941312
1755629283.326329,3002548.500,28565,2,EA,1,100,0.943609
1755629283.392830,3002615.000,28565,2,EA,1,100,0.947331
1755629283.459830,3002682.000,28582,2,EA,1,100,0.950176
1755629283.526831,3002749.000,28582,2,EA,1,100,0.957230
1755629283.592832,3002815.000,28600,1,EA,1,100,0.963322
1755629283.659833,3002882.000,28616,2,EA,1,100,0.963190
1755629283.726834,3002949.000,28616,2,EA,1,100,0.956310
1755629283.792834,3003015.000,28632,1,EA,1,100,0.945146
1755629283.859835,3003082.000,28649,2,EA,1,100,0.938141
1755629283.926836,3003149.000,28649,2,EA,1,100,0.936627
1755629283.992837,3003215.000,28666,1,EA,1,100,0.938521
1755629284.059838,3003282.000,28681,2,EA,1,100,0.948106
1755629284.126839,3003349.000,28681,2,EA,1,100,0.952125
1755629284.192839,3003415.000,28697,1,EA,1,100,0.954344
1755629284.259840,3003482.000,28715,2,EA,1,100,0.956047
1755629284.326841,3003549.000,28715,2,EA,1,100,0.957494
1755629284.392842,3003615.000,28731,1,EA,1,100,0.955129
1755629284.459843,3003682.000,28746,2,EA,1,100,0.951864
1755629284.526843,3003749.000,28746,2,EA,1,100,0.948622
1755629284.592844,3003815.000,28764,1,EA,1,100,0.943992
1755629284.659845,3003882.000,28782,2,EA,1,100,0.940676
1755629284.726846,3003949.000,28782,2,EA,1,100,0.940930
1755629284.792847,3004015.000,28798,1,EA,1,100,0.941694
1755629284.859847,3004082.000,28813,2,EA,1,100,0.939787
1755629284.926848,3004149.000,28813,2,EA,1,100,0.939154
1755629284.992849,3004215.000,28830,1,EA,1,100,0.940422
1755629285.059850,3004282.000,28847,2,EA,1,100,0.941439
1755629285.126851,3004349.000,28847,2,EA,1,100,0.943353
1755629285.192851,3004415.000,28863,1,EA,1,100,0.945402
1755629285.259852,3004482.000,28880,2,EA,1,100,0.944248
1755629285.326853,3004549.000,28880,2,EA,1,100,0.942841
1755629285.392854,3004615.000,28895,1,EA,1,100,0.941821
1755629285.459355,3004681.500,28912,2,EA,1,100,0.940549
1755629285.525856,3004748.000,28912,2,EA,1,100,0.940422
1755629285.592856,3004815.000,28931,2,EA,1,100,0.940422
1755629285.659857,3004882.000,28931,2,EA,1,100,0.941058
1755629285.725858,3004948.000,28948,1,EA,1,100,0.941439
1755629285.792859,3005015.000,28962,2,EA,1,100,0.941566
1755629285.859860,3005082.000,28962,2,EA,1,100,0.941694
1755629285.926860,3005149.000,28979,1,EA,1,100,0.942458
1755629285.993361,3005215.500,28996,2,EA,1,100,0.942458
1755629286.059862,3005282.000,28996,2,EA,1,100,0.942331
1755629286.125863,3005348.000,29013,1,EA,1,100,0.940549
1755629286.192864,3005415.000,29027,2,EA,1,100,0.940676
1755629286.259864,3005482.000,29027,2,EA,1,100,0.940549
1755629286.325865,3005548.000,29045,1,EA,1,100,0.940294
1755629286.392866,3005615.000,29063,2,EA,1,100,0.940041
1755629286.459867,3005682.000,29063,2,EA,1,100,0.937130
1755629286.525868,3005748.000,29080,1,EA,1,100,0.932612
1755629286.592868,3005815.000,29095,2,EA,1,100,0.931863
1755629286.659869,3005882.000,29095,2,EA,1,100,0.932986
1755629286.725870,3005948.000,29112,1,EA,1,100,0.935745
1755629286.792871,3006015.000,29128,2,EA,1,100,0.938267
1755629286.859872,3006082.000,29128,2,EA,1,100,0.938774
1755629286.925873,3006148.000,29145,1,EA,1,100,0.937383
1755629286.992873,3006215.000,29160,2,EA,1,100,0.935997
1755629287.059874,3006282.000,29160,2,EA,1,100,0.935242
1755629287.125875,3006348.000,29177,1,EA,1,100,0.934992
1755629287.192876,3006415.000,29195,2,EA,1,100,0.934866
1755629287.259877,3006482.000,29195,2,EA,1,100,0.934992
1755629287.325877,3006548.000,29213,1,EA,1,100,0.935368
1755629287.392878,3006615.000,29229,2,EA,1,100,0.935242
1755629287.459879,3006682.000,29229,2,EA,1,100,0.935368
1755629287.525880,3006748.000,29246,1,EA,1,100,0.934992
1755629287.592881,3006815.000,29263,2,EA,1,100,0.935117
1755629287.659881,3006882.000,29263,2,EA,1,100,0.936123
1755629287.725882,3006948.000,29280,1,EA,1,100,0.937888
1755629287.792883,3007015.000,29295,2,EA,1,100,0.938647
1755629287.859884,3007082.000,29295,2,EA,1,100,0.938647
1755629287.926385,3007148.500,29314,2,EA,1,100,0.938521
1755629287.992886,3007215.000,29314,2,EA,1,100,0.938900
1755629288.059886,3007282.000,29330,1,EA,1,100,0.939660
1755629288.126387,3007348.500,29347,2,EA,1,100,0.939534
1755629288.192888,3007415.000,29347,2,EA,1,100,0.938267
1755629288.259889,3007482.000,29363,1,EA,1,100,0.939026
1755629288.326390,3007548.500,29379,2,EA,1,100,0.940930
1755629288.392890,3007615.000,29379,2,EA,1,100,0.940676
1755629288.459891,3007682.000,29395,1,EA,1,100,0.938267
1755629288.526392,3007748.500,29417,2,EA,1,100,0.937257
1755629288.592893,3007815.000,29417,2,EA,1,100,0.939026
1755629288.658894,3007881.000,29434,1,EA,1,100,0.939026
1755629288.725894,3007948.000,29451,2,EA,1,100,0.935620
1755629288.792895,3008015.000,29451,2,EA,1,100,0.930244
1755629288.858896,3008081.000,29467,1,EA,1,100,0.929375
1755629288.925897,3008148.000,29485,2,EA,1,100,0.933863
1755629288.992898,3008215.000,29485,2,EA,1,100,0.941821
1755629289.058898,3008281.000,29501,1,EA,1,100,0.949528
1755629289.125899,3008348.000,29516,2,EA,1,100,0.949140
1755629289.192900,3008415.000,29516,2,EA,1,100,0.947976
1755629289.258901,3008481.000,29532,1,EA,1,100,0.947589
1755629289.325902,3008548.000,29550,2,EA,1,100,0.947074
1755629289.392903,3008615.000,29550,2,EA,1,100,0.942587
1755629289.458903,3008681.000,29566,1,EA,1,100,0.938393
1755629289.525904,3008748.000,29581,2,EA,1,100,0.938141
1755629289.592905,3008815.000,29581,2,EA,1,100,0.937130
1755629289.658906,3008881.000,29598,1,EA,1,100,0.938014
1755629289.725907,3008948.000,29615,2,EA,1,100,0.939154
1755629289.792907,3009015.000,29615,2,EA,1,100,0.939280
1755629289.858908,3009081.000,29633,1,EA,1,100,0.939280
1755629289.925909,3009148.000,29649,2,EA,1,100,0.939280
1755629289.992910,3009215.000,29649,2,EA,1,100,0.939280
1755629290.058911,3009281.000,29665,1,EA,1,100,0.939154
1755629290.125911,3009348.000,29682,2,EA,1,100,0.938900
1755629290.192912,3009415.000,29682,2,EA,1,100,0.938014
1755629290.259413,3009481.500,29699,2,EA,1,100,0.939660
1755629290.325914,3009548.000,29699,2,EA,1,100,0.943097
1755629290.392915,3009615.000,29716,1,EA,1,100,0.941949
1755629290.459416,3009681.500,29730,2,EA,1,100,0.941058
1755629290.525916,3009748.000,29730,2,EA,1,100,0.941312
1755629290.592917,3009815.000,29747,1,EA,1,100,0.941694
1755629290.659418,3009881.500,29766,2,EA,1,100,0.943480
1755629290.725919,3009948.000,29766,2,EA,1,100,0.943736
1755629290.792920,3010015.000,29783,1,EA,1,100,0.942076
1755629290.859420,3010081.500,29797,2,EA,1,100,0.942714
1755629290.925921,3010148.000,29797,2,EA,1,100,0.942076
1755629290.992922,3010215.000,29815,1,EA,1,100,0.941694
1755629291.059423,3010281.500,29831,2,EA,1,100,0.941058
1755629291.125924,3010348.000,29831,2,EA,1,100,0.940549
1755629291.192924,3010415.000,29848,1,EA,1,100,0.939280
1755629291.259425,3010481.500,29863,2,EA,1,100,0.939534
1755629291.325926,3010548.000,29863,2,EA,1,100,0.940422
1755629291.392927,3010615.000,29880,1,EA,1,100,0.942076
1755629291.459428,3010681.500,29896,2,EA,1,100,0.940549
1755629291.525928,3010748.000,29896,2,EA,1,100,0.940041
1755629291.592929,3010815.000,29913,1,EA,1,100,0.939660
1755629291.659430,3010881.500,29930,2,EA,1,100,0.938900
1755629291.725931,3010948.000,29930,2,EA,1,100,0.939280
1755629291.792932,3011015.000,29947,1,EA,1,100,0.940041
1755629291.859433,3011081.500,29963,2,EA,1,100,0.940294
1755629291.925933,3011148.000,29963,2,EA,1,100,0.940422
1755629291.992934,3011215.000,29981,1,EA,1,100,0.938647
1755629292.059435,3011281.500,29996,2,EA,1,100,0.936500
1755629292.125936,3011348.000,29996,2,EA,1,100,0.934364
1755629292.192937,3011415.000,30012,1,EA,1,100,0.931614
1755629292.259437,3011481.500,30029,2,EA,1,100,0.934364
1755629292.325938,3011548.000,30029,2,EA,1,100,0.938393
1755629292.392439,3011614.500,30048,2,EA,1,100,0.945402
1755629292.458940,3011681.000,30048,2,EA,1,100,0.944889
1755629292.525941,3011748.000,30064,1,EA,1,100,0.942331
1755629292.592441,3011814.500,30080,2,EA,1,100,0.946173
1755629292.658942,3011881.000,30080,2,EA,1,100,0.946301
1755629292.725943,3011948.000,30098,1,EA,1,100,0.943480
1755629292.792444,3012014.500,30115,2,EA,1,100,0.940803
1755629292.858945,3012081.000,30115,2,EA,1,100,0.937257
1755629292.925946,3012148.000,30131,1,EA,1,100,0.938141
1755629292.992446,3012214.500,30147,2,EA,1,100,0.943225
1755629293.058947,3012281.000,30147,2,EA,1,100,0.945402
1755629293.125948,3012348.000,30163,1,EA,1,100,0.944248
1755629293.192449,3012414.500,30180,2,EA,1,100,0.942458
1755629293.258950,3012481.000,30180,2,EA,1,100,0.943225
1755629293.325950,3012548.000,30197,1,EA,1,100,0.945659
1755629293.392451,3012614.500,30212,2,EA,1,100,0.946044
1755629293.458952,3012681.000,30212,2,EA,1,100,0.944760
1755629293.525953,3012748.000,30228,1,EA,1,100,0.944632
1755629293.592454,3012814.500,30253,2,EA,1,100,0.944248
1755629293.658954,3012881.000,30253,2,EA,1,100,0.943353
1755629293.725955,3012948.000,30269,1,EA,1,100,0.942587
1755629293.792456,3013014.500,30284,2,EA,1,100,0.943225
1755629293.858957,3013081.000,30284,2,EA,1,100,0.943736
1755629293.925958,3013148.000,30300,1,EA,1,100,0.944760
1755629293.992458,3013214.500,30318,2,EA,1,100,0.945402
1755629294.058959,3013281.000,30318,2,EA,1,100,0.946687
1755629294.125960,3013348.000,30334,1,EA,1,100,0.946945
1755629294.192461,3013414.500,30349,2,EA,1,100,0.947074
1755629294.258962,3013481.000,30349,2,EA,1,100,0.946559
1755629294.325963,3013548.000,30366,1,EA,1,100,0.945274
1755629294.392463,3013614.500,30385,2,EA,1,100,0.944889
1755629294.458964,3013681.000,30385,2,EA,1,100,0.945017
1755629294.525965,3013748.000,30401,1,EA,1,100,0.945531
1755629294.592466,3013814.500,30418,2,EA,1,100,0.946301
1755629294.658967,3013881.000,30418,2,EA,1,100,0.945788
1755629294.725967,3013948.000,30433,1,EA,1,100,0.946431
1755629294.792468,3014014.500,30450,2,EA,1,100,0.945402
1755629294.858969,3014081.000,30450,2,EA,1,100,0.945788
1755629294.925470,3014147.500,30467,2,EA,1,100,0.946173
1755629294.991971,3014214.000,30467,2,EA,1,100,0.945531
1755629295.058971,3014281.000,30484,1,EA,1,100,0.945531
1755629295.125472,3014347.500,30498,2,EA,1,100,0.945402
1755629295.191973,3014414.000,30498,2,EA,1,100,0.945788
1755629295.258974,3014481.000,30515,1,EA,1,100,0.946431
1755629295.325475,3014547.500,30532,2,EA,1,100,0.946559
1755629295.391976,3014614.000,30532,2,EA,1,100,0.947331
1755629295.458976,3014681.000,30549,1,EA,1,100,0.947074
1755629295.525477,3014747.500,30565,2,EA,1,100,0.947331
1755629295.591978,3014814.000,30565,2,EA,1,100,0.946817
1755629295.658979,3014881.000,30583,1,EA,1,100,0.946559
1755629295.725480,3014947.500,30599,2,EA,1,100,0.945659
1755629295.791980,3015014.000,30599,2,EA,1,100,0.945788
1755629295.858981,3015081.000,30616,1,EA,1,100,0.945531
1755629295.925482,3015147.500,30631,2,EA,1,100,0.946301
1755629295.991983,3015214.000,30631,2,EA,1,100,0.946559
1755629296.058984,3015281.000,30648,1,EA,1,100,0.947074
1755629296.125484,3015347.500,30664,2,EA,1,100,0.946559
1755629296.191985,3015414.000,30664,2,EA,1,100,0.947203
1755629296.258986,3015481.000,30681,1,EA,1,100,0.946687
1755629296.325487,3015547.500,30696,2,EA,1,100,0.946173
1755629296.391988,3015614.000,30696,2,EA,1,100,0.946559
1755629296.458988,3015681.000,30713,1,EA,1,100,0.945916
1755629296.525489,3015747.500,30731,2,EA,1,100,0.945274
1755629296.591990,3015814.000,30731,2,EA,1,100,0.945146
1755629296.658991,3015881.000,30749,1,EA,1,100,0.945274
1755629296.725492,3015947.500,30764,2,EA,1,100,0.945402
1755629296.791993,3016014.000,30764,2,EA,1,100,0.944248
1755629296.858993,3016081.000,30780,1,EA,1,100,0.944760
1755629296.925494,3016147.500,30797,2,EA,1,100,0.945274
1755629296.991995,3016214.000,30797,2,EA,1,100,0.945916
1755629297.058996,3016281.000,30814,1,EA,1,100,0.947203
1755629297.125497,3016347.500,30829,2,EA,1,100,0.947331
1755629297.191997,3016414.000,30829,2,EA,1,100,0.946687
1755629297.258498,3016480.500,30846,2,EA,1,100,0.946945
1755629297.324999,3016547.000,30846,2,EA,1,100,0.947203
1755629297.392000,3016614.000,30864,1,EA,1,100,0.947203
1755629297.458501,3016680.500,30883,2,EA,1,100,0.947589
1755629297.525001,3016747.000,30883,2,EA,1,100,0.947976
1755629297.592002,3016814.000,30899,1,EA,1,100,0.947203
1755629297.658503,3016880.500,30915,2,EA,1,100,0.946687
1755629297.725004,3016947.000,30915,2,EA,1,100,0.947461
1755629297.792005,3017014.000,30931,1,EA,1,100,0.947331
1755629297.858506,3017080.500,30948,2,EA,1,100,0.947719
1755629297.925006,3017147.000,30948,2,EA,1,100,0.947461
1755629297.992007,3017214.000,30965,1,EA,1,100,0.947331
1755629298.058508,3017280.500,30980,2,EA,1,100,0.948752
1755629298.125009,3017347.000,30980,2,EA,1,100,0.947976
1755629298.192010,3017414.000,30996,1,EA,1,100,0.948493
1755629298.258510,3017480.500,31014,2,EA,1,100,0.948493
1755629298.325011,3017547.000,31014,2,EA,1,100,0.948622
1755629298.392012,3017614.000,31030,1,EA,1,100,0.949140
1755629298.458513,3017680.500,31047,2,EA,1,100,0.949140
1755629298.525014,3017747.000,31047,2,EA,1,100,0.948881
1755629298.592014,3017814.000,31063,1,EA,1,100,0.948364
1755629298.658515,3017880.500,31081,2,EA,1,100,0.948622
1755629298.725016,3017947.000,31081,2,EA,1,100,0.948622
1755629298.791517,3018013.500,31100,2,EA,1,100,0.948881
1755629298.858018,3018080.000,31100,2,EA,1,100,0.949528
1755629298.925018,3018147.000,31117,1,EA,1,100,0.949140
1755629298.991519,3018213.500,31133,2,EA,1,100,0.948234
1755629299.058020,3018280.000,31133,2,EA,1,100,0.948752
1755629299.125021,3018347.000,31149,1,EA,1,100,0.949399
1755629299.191522,3018413.500,31165,2,EA,1,100,0.948881
1755629299.258023,3018480.000,31165,2,EA,1,100,0.948881
1755629299.325023,3018547.000,31183,2,EA,1,100,0.948234
1755629299.392024,3018614.000,31183,2,EA,1,100,0.949268
1755629299.458025,3018680.000,31201,1,EA,1,100,0.949658
1755629299.525026,3018747.000,31216,2,EA,1,100,0.948881
1755629299.592027,3018814.000,31216,2,EA,1,100,0.949268
1755629299.658027,3018880.000,31233,1,EA,1,100,0.950306
1755629299.725028,3018947.000,31250,2,EA,1,100,0.949787
1755629299.792029,3019014.000,31250,2,EA,1,100,0.949399
1755629299.858030,3019080.000,31266,1,EA,1,100,0.949399
1755629299.925031,3019147.000,31282,2,EA,1,100,0.950046
1755629299.992031,3019214.000,31282,2,EA,1,100,0.949399
1755629300.058032,3019280.000,31298,1,EA,1,100,0.950046
1755629300.125033,3019347.000,31315,2,EA,1,100,0.950565
1755629300.192034,3019414.000,31315,2,EA,1,100,0.950046
1755629300.258035,3019480.000,31331,1,EA,1,100,0.949658
1755629300.325036,3019547.000,31347,2,EA,1,100,0.949399
1755629300.392036,3019614.000,31347,2,EA,1,100,0.949268
1755629300.458037,3019680.000,31363,1,EA,1,100,0.948493
1755629300.525038,3019747.000,31382,2,EA,1,100,0.946817
1755629300.592039,3019814.000,31382,2,EA,1,100,0.946817
1755629300.658040,3019880.000,31399,1,EA,1,100,0.947074
1755629300.725040,3019947.000,31414,2,EA,1,100,0.948106
1755629300.792041,3020014.000,31414,2,EA,1,100,0.948106
1755629300.858042,3020080.000,31430,1,EA,1,100,0.947589
1755629300.925043,3020147.000,31448,2,EA,1,100,0.947976
1755629300.992044,3020214.000,31448,2,EA,1,100,0.948364
1755629301.058044,3020280.000,31464,1,EA,1,100,0.948881
1755629301.125045,3020347.000,31480,2,EA,1,100,0.949140
1755629301.192046,3020414.000,31480,2,EA,1,100,0.949140
1755629301.258547,3020480.500,31496,2,EA,1,100,0.949011
1755629301.325048,3020547.000,31496,2,EA,1,100,0.949268
1755629301.392048,3020614.000,31513,1,EA,1,100,0.949399
1755629301.458549,3020680.500,31531,2,EA,1,100,0.948881
1755629301.525050,3020747.000,31531,2,EA,1,100,0.948881
1755629301.592051,3020814.000,31548,1,EA,1,100,0.949140
1755629301.658552,3020880.500,31563,2,EA,1,100,0.949268
1755629301.725053,3020947.000,31563,2,EA,1,100,0.948752
1755629301.792053,3021014.000,31580,1,EA,1,100,0.949011
1755629301.858554,3021080.500,31596,2,EA,1,100,0.948881
1755629301.925055,3021147.000,31596,2,EA,1,100,0.949268
1755629301.991056,3021213.000,31614,1,EA,1,100,0.950046
1755629302.058057,3021280.000,31628,2,EA,1,100,0.950824
1755629302.125057,3021347.000,31628,2,EA,1,100,0.950824
1755629302.192058,3021414.000,31645,1,EA,1,100,0.950306
1755629302.258559,3021480.500,31662,2,EA,1,100,0.949916
1755629302.325060,3021547.000,31662,2,EA,1,100,0.950824
1755629302.391061,3021613.000,31681,1,EA,1,100,0.951214
1755629302.458061,3021680.000,31697,2,EA,1,100,0.950824
1755629302.525062,3021747.000,31697,2,EA,1,100,0.950824
1755629302.592063,3021814.000,31714,1,EA,1,100,0.950695
1755629302.658564,3021880.500,31731,2,EA,1,100,0.950306
1755629302.725065,3021947.000,31731,2,EA,1,100,0.950306
1755629302.792066,3022014.000,31748,1,EA,1,100,0.950306
1755629302.858566,3022080.500,31762,2,EA,1,100,0.950955
1755629302.925067,3022147.000,31762,2,EA,1,100,0.950955
1755629302.992068,3022214.000,31780,1,EA,1,100,0.951345
1755629303.058569,3022280.500,31796,2,EA,1,100,0.951605
1755629303.125070,3022347.000,31796,2,EA,1,100,0.952385
1755629303.192070,3022414.000,31813,1,EA,1,100,0.952256
1755629303.258571,3022480.500,31829,2,EA,1,100,0.951995
1755629303.325072,3022547.000,31829,2,EA,1,100,0.951864
1755629303.391073,3022613.000,31845,1,EA,1,100,0.951995
1755629303.458074,3022680.000,31861,2,EA,1,100,0.950824
1755629303.525074,3022747.000,31861,2,EA,1,100,0.951345
1755629303.591575,3022813.500,31881,2,EA,1,100,0.951214
1755629303.658076,3022880.000,31881,2,EA,1,100,0.950046
1755629303.725077,3022947.000,31897,1,EA,1,100,0.950435
1755629303.791578,3023013.500,31912,2,EA,1,100,0.950306
1755629303.858078,3023080.000,31912,2,EA,1,100,0.949140
1755629303.925079,3023147.000,31935,1,EA,1,100,0.950435
1755629303.991580,3023213.500,31953,2,EA,1,100,0.950824
1755629304.058081,3023280.000,31953,2,EA,1,100,0.951474
1755629304.125082,3023347.000,31969,1,EA,1,100,0.951864
1755629304.191583,3023413.500,31984,2,EA,1,100,0.951995
1755629304.258083,3023480.000,31984,2,EA,1,100,0.950306
1755629304.325084,3023547.000,32001,1,EA,1,100,0.950306
1755629304.391585,3023613.500,32018,2,EA,1,100,0.950565
1755629304.458086,3023680.000,32018,2,EA,1,100,0.950695
1755629304.525087,3023747.000,32034,1,EA,1,100,0.949787
1755629304.591587,3023813.500,32052,2,EA,1,100,0.949916
1755629304.658088,3023880.000,32052,2,EA,1,100,0.949528
1755629304.725089,3023947.000,32068,1,EA,1,100,0.949140
1755629304.791590,3024013.500,32085,2,EA,1,100,0.948752
1755629304.858091,3024080.000,32085,2,EA,1,100,0.948752
1755629304.925091,3024147.000,32101,1,EA,1,100,0.947847
1755629304.991592,3024213.500,32117,2,EA,1,100,0.947976
1755629305.058093,3024280.000,32117,2,EA,1,100,0.948622
1755629305.125094,3024347.000,32133,1,EA,1,100,0.948752
1755629305.191595,3024413.500,32150,2,EA,1,100,0.948752
1755629305.258096,3024480.000,32150,2,EA,1,100,0.949658
1755629305.325096,3024547.000,32167,1,EA,1,100,0.949916
1755629305.391597,3024613.500,32183,2,EA,1,100,0.950306
1755629305.458098,3024680.000,32183,2,EA,1,100,0.951474
1755629305.525099,3024747.000,32198,1,EA,1,100,0.951084
1755629305.591600,3024813.500,32218,2,EA,1,100,0.950565
1755629305.658100,3024880.000,32218,2,EA,1,100,0.951214
1755629305.724601,3024946.500,32234,2,EA,1,100,0.951084
1755629305.791102,3025013.000,32234,2,EA,1,100,0.950176
1755629305.858103,3025080.000,32251,1,EA,1,100,0.950046
1755629305.924604,3025146.500,32266,2,EA,1,100,0.951214
1755629305.991104,3025213.000,32266,2,EA,1,100,0.950695
1755629306.058105,3025280.000,32283,1,EA,1,100,0.950565
1755629306.124606,3025346.500,32299,2,EA,1,100,0.951084
1755629306.191107,3025413.000,32299,2,EA,1,100,0.951214
1755629306.258108,3025480.000,32316,1,EA,1,100,0.951214
1755629306.324608,3025546.500,32331,2,EA,1,100,0.950955
1755629306.391109,3025613.000,32331,2,EA,1,100,0.950435
1755629306.458110,3025680.000,32348,1,EA,1,100,0.950824
1755629306.524611,3025746.500,32364,2,EA,1,100,0.951214
1755629306.591112,3025813.000,32364,2,EA,1,100,0.951474
1755629306.658113,3025880.000,32382,1,EA,1,100,0.951345
1755629306.724613,3025946.500,32398,2,EA,1,100,0.951864
1755629306.791114,3026013.000,32398,2,EA,1,100,0.951605
1755629306.858115,3026080.000,32415,1,EA,1,100,0.951084
1755629306.924616,3026146.500,32432,2,EA,1,100,0.951734
1755629306.991117,3026213.000,32432,2,EA,1,100,0.952256
1755629307.058117,3026280.000,32449,1,EA,1,100,0.951474
1755629307.124618,3026346.500,32463,2,EA,1,100,0.951474
1755629307.191119,3026413.000,32463,2,EA,1,100,0.951345
1755629307.258120,3026480.000,32480,1,EA,1,100,0.950435
1755629307.324621,3026546.500,32499,2,EA,1,100,0.950435
1755629307.391121,3026613.000,32499,2,EA,1,100,0.951084
1755629307.458122,3026680.000,32516,1,EA,1,100,0.950695
1755629307.524623,3026746.500,32531,2,EA,1,100,0.950565
1755629307.591124,3026813.000,32531,2,EA,1,100,0.950306
1755629307.658125,3026880.000,32548,1,EA,1,100,0.951345
1755629307.724626,3026946.500,32564,2,EA,1,100,0.951345
1755629307.791126,3027013.000,32564,2,EA,1,100,0.951345
1755629307.858127,3027080.000,32583,1,EA,1,100,0.950955
1755629307.924628,3027146.500,32599,2,EA,1,100,0.950435
1755629307.991129,3027213.000,32599,2,EA,1,100,0.950046
1755629308.057630,3027279.500,32615,2,EA,1,100,0.951345
1755629308.124130,3027346.000,32615,2,EA,1,100,0.951214
1755629308.191131,3027413.000,32631,1,EA,1,100,0.950824
1755629308.257632,3027479.500,32649,2,EA,1,100,0.950306
1755629308.324133,3027546.000,32649,2,EA,1,100,0.950824
1755629308.391134,3027613.000,32665,1,EA,1,100,0.951345
1755629308.457634,3027679.500,32680,2,EA,1,100,0.951214
1755629308.524135,3027746.000,32680,2,EA,1,100,0.950176
1755629308.591136,3027813.000,32696,1,EA,1,100,0.950824
1755629308.657637,3027879.500,32714,2,EA,1,100,0.950046
1755629308.724138,3027946.000,32714,2,EA,1,100,0.949011
1755629308.791138,3028013.000,32730,1,EA,1,100,0.949011
1755629308.857639,3028079.500,32745,2,EA,1,100,0.948752
1755629308.924140,3028146.000,32745,2,EA,1,100,0.949140
1755629308.991141,3028213.000,32769,1,EA,1,100,0.949658
1755629309.057642,3028279.500,32786,2,EA,1,100,0.948493
1755629309.124143,3028346.000,32786,2,EA,1,100,0.949268
1755629309.191143,3028413.000,32802,1,EA,1,100,0.949528
1755629309.257644,3028479.500,32818,2,EA,1,100,0.949011
1755629309.324145,3028546.000,32818,2,EA,1,100,0.950046
1755629309.391146,3028613.000,32834,1,EA,1,100,0.951345
1755629309.457647,3028679.500,32851,2,EA,1,100,0.952125
1755629309.524147,3028746.000,32851,2,EA,1,100,0.952385
1755629309.591148,3028813.000,32867,1,EA,1,100,0.951214
1755629309.657649,3028879.500,32883,2,EA,1,100,0.950955
1755629309.724150,3028946.000,32883,2,EA,1,100,0.950565
1755629309.791151,3029013.000,32899,1,EA,1,100,0.951864
1755629309.857651,3029079.500,32916,2,EA,1,100,0.952385
1755629309.924152,3029146.000,32916,2,EA,1,100,0.952515
1755629309.991153,3029213.000,32935,1,EA,1,100,0.952646
1755629310.057654,3029279.500,32951,2,EA,1,100,0.950176
1755629310.124155,3029346.000,32951,2,EA,1,100,0.946044
1755629310.191156,3029413.000,32966,1,EA,1,100,0.947203
1755629310.257656,3029479.500,32984,2,EA,1,100,0.948752
1755629310.324157,3029546.000,32984,2,EA,1,100,0.948234
1755629310.391158,3029613.000,33000,1,EA,1,100,0.948881
1755629310.457659,3029679.500,33016,2,EA,1,100,0.950046
1755629310.524160,3029746.000,33016,2,EA,1,100,0.949658
1755629310.590660,3029812.500,33032,2,EA,1,100,0.948752
1755629310.657161,3029879.000,33032,2,EA,1,100,0.949399
1755629310.724162,3029946.000,33049,1,EA,1,100,0.950565
1755629310.790663,3030012.500,33065,2,EA,1,100,0.952907
1755629310.857164,3030079.000,33065,2,EA,1,100,0.953820
1755629310.924164,3030146.000,33082,1,EA,1,100,0.951995
1755629310.990665,3030212.500,33097,2,EA,1,100,0.951345
1755629311.057166,3030279.000,33097,2,EA,1,100,0.950695
1755629311.124167,3030346.000,33116,1,EA,1,100,0.950046
1755629311.190668,3030412.500,33132,2,EA,1,100,0.948622
1755629311.257168,3030479.000,33132,2,EA,1,100,0.948234
1755629311.324169,3030546.000,33150,1,EA,1,100,0.947331
1755629311.390670,3030612.500,33164,2,EA,1,100,0.947461
1755629311.457171,3030679.000,33164,2,EA,1,100,0.944760
1755629311.524172,3030746.000,33181,1,EA,1,100,0.942841
1755629311.590673,3030812.500,33198,2,EA,1,100,0.940168
1755629311.657173,3030879.000,33198,2,EA,1,100,0.936879
1755629311.724174,3030946.000,33215,1,EA,1,100,0.937130
1755629311.790675,3031012.500,33229,2,EA,1,100,0.937761
1755629311.857176,3031079.000,33229,2,EA,1,100,0.939026
1755629311.924177,3031146.000,33246,1,EA,1,100,0.942458
1755629311.990677,3031212.500,33263,2,EA,1,100,0.942969
1755629312.057178,3031279.000,33263,2,EA,1,100,0.942587
1755629312.124179,3031346.000,33282,1,EA,1,100,0.942587
1755629312.190680,3031412.500,33296,2,EA,1,100,0.938393
1755629312.257181,3031479.000,33296,2,EA,1,100,0.937888
1755629312.324181,3031546.000,33314,1,EA,1,100,0.940422
1755629312.390682,3031612.500,33332,2,EA,1,100,0.942076
1755629312.457183,3031679.000,33332,2,EA,1,100,0.942587
1755629312.524184,3031746.000,33349,1,EA,1,100,0.942969
1755629312.590685,3031812.500,33365,2,EA,1,100,0.943097
1755629312.657186,3031879.000,33365,2,EA,1,100,0.941439
1755629312.724186,3031946.000,33381,1,EA,1,100,0.941058
1755629312.790687,3032012.500,33397,2,EA,1,100,0.941058
1755629312.857188,3032079.000,33397,2,EA,1,100,0.941184
1755629312.924189,3032146.000,33414,1,EA,1,100,0.941821
1755629312.990690,3032212.500,33430,2,EA,1,100,0.942331
1755629313.057190,3032279.000,33430,2,EA,1,100,0.942969
1755629313.123691,3032345.500,33448,2,EA,1,100,0.941821
1755629313.190192,3032412.000,33448,2,EA,1,100,0.940041
1755629313.257193,3032479.000,33464,1,EA,1,100,0.939914
1755629313.323694,3032545.500,33482,2,EA,1,100,0.940294
1755629313.390194,3032612.000,33482,2,EA,1,100,0.941566
1755629313.457195,3032679.000,33498,1,EA,1,100,0.942331
1755629313.523696,3032745.500,33513,2,EA,1,100,0.941184
1755629313.590197,3032812.000,33513,2,EA,1,100,0.940041
1755629313.657198,3032879.000,33530,1,EA,1,100,0.940294
1755629313.723698,3032945.500,33547,2,EA,1,100,0.940422
1755629313.790199,3033012.000,33547,2,EA,1,100,0.940549
1755629313.857200,3033079.000,33563,1,EA,1,100,0.940676
1755629313.923701,3033145.500,33579,2,EA,1,100,0.940803
1755629313.990202,3033212.000,33579,2,EA,1,100,0.940930
1755629314.057203,3033279.000,33595,1,EA,1,100,0.940422
1755629314.123703,3033345.500,33617,2,EA,1,100,0.939407
1755629314.190204,3033412.000,33617,2,EA,1,100,0.938521
1755629314.257205,3033479.000,33636,2,EA,1,100,0.938014
1755629314.324206,3033546.000,33636,2,EA,1,100,0.939280
1755629314.390207,3033612.000,33653,1,EA,1,100,0.940676
1755629314.457207,3033679.000,33667,2,EA,1,100,0.941439
1755629314.524208,3033746.000,33667,2,EA,1,100,0.940041
1755629314.590209,3033812.000,33684,1,EA,1,100,0.939534
1755629314.657210,3033879.000,33701,2,EA,1,100,0.939280
1755629314.724211,3033946.000,33701,2,EA,1,100,0.940041
1755629314.790211,3034012.000,33718,1,EA,1,100,0.938393
1755629314.857212,3034079.000,33733,2,EA,1,100,0.936752
1755629314.924213,3034146.000,33733,2,EA,1,100,0.936879
1755629314.990214,3034212.000,33750,1,EA,1,100,0.937257
1755629315.057215,3034279.000,33766,2,EA,1,100,0.937383
1755629315.124216,3034346.000,33766,2,EA,1,100,0.937888
1755629315.190716,3034412.500,33783,2,EA,1,100,0.938267
1755629315.257217,3034479.000,33783,2,EA,1,100,0.938900
1755629315.323218,3034545.000,33802,1,EA,1,100,0.938521
1755629315.390219,3034612.000,33817,2,EA,1,100,0.938141
1755629315.457220,3034679.000,33817,2,EA,1,100,0.937257
1755629315.524220,3034746.000,33833,1,EA,1,100,0.937383
1755629315.590721,3034812.500,33851,2,EA,1,100,0.937761
1755629315.657222,3034879.000,33851,2,EA,1,100,0.936375
1755629315.723223,3034945.000,33867,1,EA,1,100,0.936123
1755629315.790224,3035012.000,33882,2,EA,1,100,0.935871
1755629315.857224,3035079.000,33882,2,EA,1,100,0.935242
1755629315.924225,3035146.000,33898,1,EA,1,100,0.935494
1755629315.990726,3035212.500,33916,2,EA,1,100,0.934614
1755629316.057227,3035279.000,33916,2,EA,1,100,0.934740
1755629316.123228,3035345.000,33932,1,EA,1,100,0.935242
1755629316.190228,3035412.000,33947,2,EA,1,100,0.935368
1755629316.257229,3035479.000,33947,2,EA,1,100,0.934740
1755629316.323230,3035545.000,33964,1,EA,1,100,0.934992
1755629316.390231,3035612.000,33983,2,EA,1,100,0.934489
1755629316.457232,3035679.000,33983,2,EA,1,100,0.934114
1755629316.523233,3035745.000,33999,1,EA,1,100,0.932986
1755629316.590233,3035812.000,34015,2,EA,1,100,0.932237
1755629316.657234,3035879.000,34015,2,EA,1,100,0.931240
1755629316.723235,3035945.000,34031,1,EA,1,100,0.930866
1755629316.790236,3036012.000,34048,2,EA,1,100,0.930369
1755629316.857237,3036079.000,34048,2,EA,1,100,0.930866
1755629316.923237,3036145.000,34064,1,EA,1,100,0.930742
1755629316.990238,3036212.000,34081,2,EA,1,100,0.930244
1755629317.057239,3036279.000,34081,2,EA,1,100,0.930244
1755629317.123240,3036345.000,34096,1,EA,1,100,0.930991
1755629317.190241,3036412.000,34113,2,EA,1,100,0.931240
1755629317.257241,3036479.000,34113,2,EA,1,100,0.931240
1755629317.323242,3036545.000,34130,1,EA,1,100,0.930742
1755629317.390243,3036612.000,34150,2,EA,1,100,0.931240
1755629317.457244,3036679.000,34150,2,EA,1,100,0.931863
1755629317.523745,3036745.500,34165,2,EA,1,100,0.931738
1755629317.590246,3036812.000,34165,2,EA,1,100,0.932736
1755629317.657246,3036879.000,34183,1,EA,1,100,0.934992
1755629317.723747,3036945.500,34199,2,EA,1,100,0.934992
1755629317.790248,3037012.000,34199,2,EA,1,100,0.931988
1755629317.857249,3037079.000,34216,1,EA,1,100,0.929748
1755629317.923750,3037145.500,34231,2,EA,1,100,0.938647
1755629317.990250,3037212.000,34231,2,EA,1,100,0.934114
1755629318.057251,3037279.000,34248,1,EA,1,100,0.926530
1755629318.123752,3037345.500,34264,2,EA,1,100,0.927394
1755629318.190253,3037412.000,34264,2,EA,1,100,0.928879
1755629318.257254,3037479.000,34281,1,EA,1,100,0.930120
1755629318.323754,3037545.500,34296,2,EA,1,100,0.930369
1755629318.390255,3037612.000,34296,2,EA,1,100,0.930369
1755629318.457256,3037679.000,34315,1,EA,1,100,0.930120
1755629318.523757,3037745.500,34331,2,EA,1,100,0.930493
1755629318.590258,3037812.000,34331,2,EA,1,100,0.931364
1755629318.656258,3037878.000,34349,1,EA,1,100,0.931115
1755629318.723259,3037945.000,34363,2,EA,1,100,0.929871
1755629318.790260,3038012.000,34363,2,EA,1,100,0.930866
1755629318.856261,3038078.000,34380,1,EA,1,100,0.931115
1755629318.923262,3038145.000,34397,2,EA,1,100,0.930369
1755629318.990263,3038212.000,34397,2,EA,1,100,0.932612
1755629319.056263,3038278.000,34414,1,EA,1,100,0.932112
1755629319.123264,3038345.000,34428,2,EA,1,100,0.931240
1755629319.190265,3038412.000,34428,2,EA,1,100,0.932736
1755629319.256766,3038478.500,34451,2,EA,1,100,0.933361
1755629319.323267,3038545.000,34451,2,EA,1,100,0.931240
1755629319.389767,3038611.500,34467,2,EA,1,100,0.930493
1755629319.456268,3038678.000,34467,2,EA,1,100,0.930991
1755629319.523269,3038745.000,34484,1,EA,1,100,0.932112
1755629319.589770,3038811.500,34503,2,EA,1,100,0.931863
1755629319.656271,3038878.000,34503,2,EA,1,100,0.932487
1755629319.723271,3038945.000,34520,1,EA,1,100,0.931240
1755629319.789772,3039011.500,34534,2,EA,1,100,0.931863
1755629319.856273,3039078.000,34534,2,EA,1,100,0.931863
1755629319.923274,3039145.000,34551,1,EA,1,100,0.931488
1755629319.989775,3039211.500,34568,2,EA,1,100,0.931738
1755629320.056276,3039278.000,34568,2,EA,1,100,0.931364
1755629320.123276,3039345.000,34585,1,EA,1,100,0.930991
1755629320.189777,3039411.500,34599,2,EA,1,100,0.931738
1755629320.256278,3039478.000,34599,2,EA,1,100,0.931863
1755629320.323279,3039545.000,34617,1,EA,1,100,0.931488
1755629320.389780,3039611.500,34633,2,EA,1,100,0.930991
1755629320.456280,3039678.000,34633,2,EA,1,100,0.931364
1755629320.523281,3039745.000,34650,1,EA,1,100,0.931115
1755629320.589782,3039811.500,34667,2,EA,1,100,0.930991
1755629320.656283,3039878.000,34667,2,EA,1,100,0.930991
1755629320.723284,3039945.000,34684,1,EA,1,100,0.929748
1755629320.789784,3040011.500,34700,2,EA,1,100,0.928508
1755629320.856285,3040078.000,34700,2,EA,1,100,0.927889
1755629320.923286,3040145.000,34717,1,EA,1,100,0.925791
1755629320.989787,3040211.500,34733,2,EA,1,100,0.924194
1755629321.056288,3040278.000,34733,2,EA,1,100,0.923581
1755629321.123288,3040345.000,34749,1,EA,1,100,0.923214
1755629321.189789,3040411.500,34765,2,EA,1,100,0.922602
1755629321.256290,3040478.000,34765,2,EA,1,100,0.923214
1755629321.323291,3040545.000,34783,1,EA,1,100,0.923091
1755629321.389792,3040611.500,34798,2,EA,1,100,0.923703
1755629321.456293,3040678.000,34798,2,EA,1,100,0.923581
1755629321.523293,3040745.000,34814,2,EA,1,100,0.923581
1755629321.590294,3040812.000,34814,2,EA,1,100,0.923703
1755629321.656295,3040878.000,34833,1,EA,1,100,0.923948
1755629321.723296,3040945.000,34850,2,EA,1,100,0.922479
1755629321.790297,3041012.000,34850,2,EA,1,100,0.921381
1755629321.856297,3041078.000,34866,1,EA,1,100,0.920528
1755629321.923298,3041145.000,34882,2,EA,1,100,0.919677
1755629321.990299,3041212.000,34882,2,EA,1,100,0.919191
1755629322.056300,3041278.000,34898,1,EA,1,100,0.919313
1755629322.122801,3041344.500,34915,2,EA,1,100,0.919920
1755629322.189301,3041411.000,34915,2,EA,1,100,0.920041
1755629322.256302,3041478.000,34931,1,EA,1,100,0.919798
1755629322.323303,3041545.000,34949,2,EA,1,100,0.920528
1755629322.390304,3041612.000,34949,2,EA,1,100,0.920406
1755629322.456305,3041678.000,34965,1,EA,1,100,0.920772
1755629322.523306,3041745.000,34982,2,EA,1,100,0.920041
1755629322.590306,3041812.000,34982,2,EA,1,100,0.919798
1755629322.656307,3041878.000,35001,1,EA,1,100,0.919313
1755629322.722808,3041944.500,35016,2,EA,1,100,0.918827
1755629322.789309,3042011.000,35016,2,EA,1,100,0.918221
1755629322.856310,3042078.000,35032,1,EA,1,100,0.918100
1755629322.922810,3042144.500,35050,2,EA,1,100,0.918464
1755629322.989311,3042211.000,35050,2,EA,1,100,0.917495
1755629323.056312,3042278.000,35066,1,EA,1,100,0.916891
1755629323.122813,3042344.500,35081,2,EA,1,100,0.917495
1755629323.189314,3042411.000,35081,2,EA,1,100,0.917374
1755629323.256314,3042478.000,35097,1,EA,1,100,0.917012
1755629323.323315,3042545.000,35115,2,EA,1,100,0.916770
1755629323.390316,3042612.000,35115,2,EA,1,100,0.916288
1755629323.456317,3042678.000,35131,1,EA,1,100,0.915203
1755629323.522818,3042744.500,35147,2,EA,1,100,0.914723
1755629323.589318,3042811.000,35147,2,EA,1,100,0.914123
1755629323.656319,3042878.000,35165,1,EA,1,100,0.915324
1755629323.722820,3042944.500,35182,2,EA,1,100,0.916529
1755629323.789321,3043011.000,35182,2,EA,1,100,0.917858
1755629323.856322,3043078.000,35198,1,EA,1,100,0.917738
1755629323.922823,3043144.500,35215,2,EA,1,100,0.917616
1755629323.989323,3043211.000,35215,2,EA,1,100,0.917858
1755629324.056324,3043278.000,35230,2,EA,1,100,0.918343
1755629324.123325,3043345.000,35230,2,EA,1,100,0.917253
1755629324.189326,3043411.000,35247,1,EA,1,100,0.916047
1755629324.256327,3043478.000,35264,2,EA,1,100,0.914483
1755629324.323327,3043545.000,35264,2,EA,1,100,0.913523
1755629324.389828,3043611.500,35286,2,EA,1,100,0.913523
1755629324.456329,3043678.000,35286,2,EA,1,100,0.913043
1755629324.523330,3043745.000,35302,1,EA,1,100,0.913043
1755629324.589831,3043811.500,35321,2,EA,1,100,0.913402
1755629324.656331,3043878.000,35321,2,EA,1,100,0.914002
1755629324.723332,3043945.000,35336,1,EA,1,100,0.914483
1755629324.789833,3044011.500,35353,2,EA,1,100,0.915324
1755629324.856334,3044078.000,35353,2,EA,1,100,0.918706
1755629324.922835,3044144.500,35370,2,EA,1,100,0.920041
1755629324.989336,3044211.000,35370,2,EA,1,100,0.920893
1755629325.056336,3044278.000,35387,1,EA,1,100,0.920893
1755629325.122837,3044344.500,35401,2,EA,1,100,0.919798
1755629325.189338,3044411.000,35401,2,EA,1,100,0.919070
1755629325.256339,3044478.000,35418,1,EA,1,100,0.918343
1755629325.322840,3044544.500,35435,2,EA,1,100,0.917858
1755629325.389340,3044611.000,35435,2,EA,1,100,0.917616
1755629325.456341,3044678.000,35452,1,EA,1,100,0.917616
1755629325.522842,3044744.500,35466,2,EA,1,100,0.920406
1755629325.589343,3044811.000,35466,2,EA,1,100,0.921137
1755629325.656344,3044878.000,35486,1,EA,1,100,0.919556
1755629325.722844,3044944.500,35502,2,EA,1,100,0.919677
1755629325.789345,3045011.000,35502,2,EA,1,100,0.921747
1755629325.856346,3045078.000,35519,1,EA,1,100,0.922846
1755629325.922847,3045144.500,35534,2,EA,1,100,0.924316
1755629325.989348,3045211.000,35534,2,EA,1,100,0.921747
1755629326.056348,3045278.000,35551,1,EA,1,100,0.921258
1755629326.122849,3045344.500,35567,2,EA,1,100,0.921258
1755629326.189350,3045411.000,35567,2,EA,1,100,0.918706
1755629326.256351,3045478.000,35584,1,EA,1,100,0.918100
1755629326.322852,3045544.500,35599,2,EA,1,100,0.918584
1755629326.389353,3045611.000,35599,2,EA,1,100,0.918949
1755629326.456353,3045678.000,35616,1,EA,1,100,0.920163
1755629326.522854,3045744.500,35632,2,EA,1,100,0.919556
1755629326.589355,3045811.000,35632,2,EA,1,100,0.919434
1755629326.656356,3045878.000,35652,1,EA,1,100,0.919920
1755629326.722857,3045944.500,35667,2,EA,1,100,0.919313
1755629326.789357,3046011.000,35667,2,EA,1,100,0.919434
1755629326.856358,3046078.000,35683,1,EA,1,100,0.919798
1755629326.922859,3046144.500,35700,2,EA,1,100,0.919920
1755629326.989360,3046211.000,35700,2,EA,1,100,0.919677
1755629327.055861,3046277.500,35717,2,EA,1,100,0.920163
1755629327.122361,3046344.000,35717,2,EA,1,100,0.921137
1755629327.189362,3046411.000,35733,1,EA,1,100,0.921258
1755629327.255863,3046477.500,35749,2,EA,1,100,0.921014
1755629327.322364,3046544.000,35749,2,EA,1,100,0.923826
1755629327.389365,3046611.000,35767,1,EA,1,100,0.924930
1755629327.455866,3046677.500,35784,2,EA,1,100,0.920893
1755629327.522366,3046744.000,35784,2,EA,1,100,0.918949
1755629327.589367,3046811.000,35802,1,EA,1,100,0.918464
1755629327.655868,3046877.500,35818,2,EA,1,100,0.919434
1755629327.722369,3046944.000,35818,2,EA,1,100,0.920528
1755629327.789370,3047011.000,35834,1,EA,1,100,0.921747
1755629327.855870,3047077.500,35851,2,EA,1,100,0.922113
1755629327.922371,3047144.000,35851,2,EA,1,100,0.924316
1755629327.989372,3047211.000,35868,1,EA,1,100,0.923826
1755629328.055873,3047277.500,35883,2,EA,1,100,0.924562
1755629328.122374,3047344.000,35883,2,EA,1,100,0.922113
1755629328.189374,3047411.000,35899,1,EA,1,100,0.918343
1755629328.255875,3047477.500,35917,2,EA,1,100,0.918706
1755629328.322376,3047544.000,35917,2,EA,1,100,0.920041
1755629328.389377,3047611.000,35933,1,EA,1,100,0.920528
1755629328.455878,3047677.500,35948,2,EA,1,100,0.921258
1755629328.522378,3047744.000,35948,2,EA,1,100,0.920772
1755629328.589379,3047811.000,35964,1,EA,1,100,0.921624
1755629328.655880,3047877.500,35984,2,EA,1,100,0.922113
1755629328.722381,3047944.000,35984,2,EA,1,100,0.921747
1755629328.789382,3048011.000,36000,1,EA,1,100,0.922113
1755629328.855883,3048077.500,36016,2,EA,1,100,0.922234
1755629328.922383,3048144.000,36016,2,EA,1,100,0.922846
1755629328.989384,3048211.000,36032,1,EA,1,100,0.922113
1755629329.055885,3048277.500,36049,2,EA,1,100,0.922602
1755629329.122386,3048344.000,36049,2,EA,1,100,0.921868
1755629329.189387,3048411.000,36065,1,EA,1,100,0.921502
1755629329.255887,3048477.500,36082,2,EA,1,100,0.922479
1755629329.322388,3048544.000,36082,2,EA,1,100,0.922846
1755629329.388889,3048610.500,36097,2,EA,1,100,0.922602
1755629329.455390,3048677.000,36097,2,EA,1,100,0.921747
1755629329.522391,3048744.000,36119,2,EA,1,100,0.922724
1755629329.589391,3048811.000,36119,2,EA,1,100,0.922479
1755629329.655392,3048877.000,36136,1,EA,1,100,0.923581
1755629329.722393,3048944.000,36153,2,EA,1,100,0.923703
1755629329.789394,3049011.000,36153,2,EA,1,100,0.923826
1755629329.855395,3049077.000,36171,1,EA,1,100,0.923826
1755629329.922396,3049144.000,36187,2,EA,1,100,0.924071
1755629329.989396,3049211.000,36187,2,EA,1,100,0.923703
1755629330.055397,3049277.000,36203,1,EA,1,100,0.923458
1755629330.122398,3049344.000,36220,2,EA,1,100,0.923703
1755629330.189399,3049411.000,36220,2,EA,1,100,0.923948
1755629330.255400,3049477.000,36236,1,EA,1,100,0.923826
1755629330.322400,3049544.000,36253,2,EA,1,100,0.924194
1755629330.389401,3049611.000,36253,2,EA,1,100,0.924440
1755629330.455402,3049677.000,36268,1,EA,1,100,0.924194
1755629330.522403,3049744.000,36285,2,EA,1,100,0.924194
1755629330.589404,3049811.000,36285,2,EA,1,100,0.924194
1755629330.655904,3049877.500,36302,2,EA,1,100,0.924562
1755629330.722405,3049944.000,36302,2,EA,1,100,0.924930
1755629330.789406,3050011.000,36319,1,EA,1,100,0.924684
1755629330.855907,3050077.500,36333,2,EA,1,100,0.924440
1755629330.922408,3050144.000,36333,2,EA,1,100,0.924440
1755629330.989408,3050211.000,36353,1,EA,1,100,0.924440
1755629331.055909,3050277.500,36369,2,EA,1,100,0.924808
1755629331.122410,3050344.000,36369,2,EA,1,100,0.924684
1755629331.189411,3050411.000,36386,1,EA,1,100,0.924684
1755629331.255912,3050477.500,36401,2,EA,1,100,0.924808
1755629331.322413,3050544.000,36401,2,EA,1,100,0.924684
1755629331.389413,3050611.000,36418,1,EA,1,100,0.924808
1755629331.455914,3050677.500,36434,2,EA,1,100,0.925422
1755629331.522415,3050744.000,36434,2,EA,1,100,0.925545
1755629331.588416,3050810.000,36451,1,EA,1,100,0.925299
1755629331.655417,3050877.000,36466,2,EA,1,100,0.925669
1755629331.722417,3050944.000,36466,2,EA,1,100,0.925791
1755629331.789418,3051011.000,36483,1,EA,1,100,0.926530
1755629331.855919,3051077.500,36501,2,EA,1,100,0.926160
1755629331.922420,3051144.000,36501,2,EA,1,100,0.926160
1755629331.989421,3051211.000,36519,1,EA,1,100,0.925545
1755629332.055921,3051277.500,36533,2,EA,1,100,0.925914
1755629332.122422,3051344.000,36533,2,EA,1,100,0.924930
1755629332.189423,3051411.000,36550,1,EA,1,100,0.925422
1755629332.255924,3051477.500,36567,2,EA,1,100,0.924316
1755629332.322425,3051544.000,36567,2,EA,1,100,0.923458
1755629332.389426,3051611.000,36586,1,EA,1,100,0.924930
1755629332.455926,3051677.500,36601,2,EA,1,100,0.927394
1755629332.522427,3051744.000,36601,2,EA,1,100,0.926654
1755629332.588928,3051810.500,36618,2,EA,1,100,0.925791
1755629332.655429,3051877.000,36618,2,EA,1,100,0.925914
1755629332.722430,3051944.000,36634,1,EA,1,100,0.925791
1755629332.788930,3052010.500,36651,2,EA,1,100,0.925669
1755629332.855431,3052077.000,36651,2,EA,1,100,0.925669
1755629332.922432,3052144.000,36667,1,EA,1,100,0.925669
1755629332.988933,3052210.500,36685,2,EA,1,100,0.925422
1755629333.055434,3052277.000,36685,2,EA,1,100,0.925176
1755629333.122434,3052344.000,36701,1,EA,1,100,0.925791
1755629333.188935,3052410.500,36718,2,EA,1,100,0.926284
1755629333.255436,3052477.000,36718,2,EA,1,100,0.927518
1755629333.322437,3052544.000,36735,1,EA,1,100,0.927394
1755629333.388938,3052610.500,36750,2,EA,1,100,0.927394
1755629333.455438,3052677.000,36750,2,EA,1,100,0.928383
1755629333.522439,3052744.000,36766,1,EA,1,100,0.928508
1755629333.588940,3052810.500,36784,2,EA,1,100,0.926530
1755629333.655441,3052877.000,36784,2,EA,1,100,0.925914
1755629333.722442,3052944.000,36800,1,EA,1,100,0.926160
1755629333.788943,3053010.500,36815,2,EA,1,100,0.926160
1755629333.855443,3053077.000,36815,2,EA,1,100,0.926284
1755629333.922444,3053144.000,36831,1,EA,1,100,0.926407
1755629333.988945,3053210.500,36851,2,EA,1,100,0.927024
1755629334.055446,3053277.000,36851,2,EA,1,100,0.927271
1755629334.122447,3053344.000,36867,1,EA,1,100,0.927147
1755629334.188947,3053410.500,36882,2,EA,1,100,0.927394
1755629334.255448,3053477.000,36882,2,EA,1,100,0.928012
1755629334.322449,3053544.000,36899,1,EA,1,100,0.927765
1755629334.388950,3053610.500,36916,2,EA,1,100,0.927147
1755629334.455451,3053677.000,36916,2,EA,1,100,0.927024
1755629334.522451,3053744.000,36932,1,EA,1,100,0.926777
1755629334.589119,3053810.667,36954,3,EA,1,100,0.927394
1755629334.655786,3053877.333,36954,3,EA,1,100,0.927024
1755629334.722454,3053944.000,36954,3,EA,1,100,0.927271
1755629334.788455,3054010.000,36970,1,EA,1,100,0.927889
1755629334.855456,3054077.000,36985,2,EA,1,100,0.928012
1755629334.922456,3054144.000,36985,2,EA,1,100,0.927518
1755629334.988457,3054210.000,37004,1,EA,1,100,0.927889
1755629335.055458,3054277.000,37021,2,EA,1,100,0.927765
1755629335.122459,3054344.000,37021,2,EA,1,100,0.928508
1755629335.188460,3054410.000,37037,1,EA,1,100,0.928260
1755629335.254960,3054476.500,37053,2,EA,1,100,0.928260
1755629335.321461,3054543.000,37053,2,EA,1,100,0.929127
1755629335.388462,3054610.000,37069,1,EA,1,100,0.928508
1755629335.455463,3054677.000,37086,2,EA,1,100,0.927765
1755629335.522464,3054744.000,37086,2,EA,1,100,0.927518
1755629335.588464,3054810.000,37102,1,EA,1,100,0.927889
1755629335.654965,3054876.500,37119,2,EA,1,100,0.928508
1755629335.721466,3054943.000,37119,2,EA,1,100,0.927641
1755629335.788467,3055010.000,37134,1,EA,1,100,0.928137
1755629335.854968,3055076.500,37151,2,EA,1,100,0.928260
1755629335.921468,3055143.000,37151,2,EA,1,100,0.928631
1755629335.988469,3055210.000,37168,2,EA,1,100,0.928383
1755629336.055470,3055277.000,37168,2,EA,1,100,0.928383
1755629336.121471,3055343.000,37187,1,EA,1,100,0.928383
1755629336.188472,3055410.000,37201,2,EA,1,100,0.928756
1755629336.255473,3055477.000,37201,2,EA,1,100,0.928508
1755629336.321473,3055543.000,37219,1,EA,1,100,0.928260
1755629336.388474,3055610.000,37235,2,EA,1,100,0.928260
1755629336.455475,3055677.000,37235,2,EA,1,100,0.929003
1755629336.521476,3055743.000,37252,1,EA,1,100,0.928756
1755629336.588477,3055810.000,37267,2,EA,1,100,0.929251
1755629336.655477,3055877.000,37267,2,EA,1,100,0.928756
1755629336.721478,3055943.000,37284,1,EA,1,100,0.929003
1755629336.788479,3056010.000,37300,2,EA,1,100,0.929623
1755629336.855480,3056077.000,37300,2,EA,1,100,0.929623
1755629336.921481,3056143.000,37317,1,EA,1,100,0.929499
1755629336.988481,3056210.000,37332,2,EA,1,100,0.929251
1755629337.055482,3056277.000,37332,2,EA,1,100,0.928879
1755629337.121483,3056343.000,37351,1,EA,1,100,0.929375
1755629337.188484,3056410.000,37367,2,EA,1,100,0.929748
1755629337.255485,3056477.000,37367,2,EA,1,100,0.929127
1755629337.321485,3056543.000,37385,1,EA,1,100,0.929623
1755629337.388486,3056610.000,37401,2,EA,1,100,0.929748
1755629337.455487,3056677.000,37401,2,EA,1,100,0.930120
1755629337.521488,3056743.000,37418,1,EA,1,100,0.930244
1755629337.588489,3056810.000,37435,2,EA,1,100,0.930493
1755629337.655490,3056877.000,37435,2,EA,1,100,0.930866
1755629337.721490,3056943.000,37452,1,EA,1,100,0.930991
1755629337.788491,3057010.000,37467,2,EA,1,100,0.930866
1755629337.855492,3057077.000,37467,2,EA,1,100,0.930618
1755629337.921493,3057143.000,37483,1,EA,1,100,0.930618
1755629337.988494,3057210.000,37500,2,EA,1,100,0.930742
1755629338.055494,3057277.000,37500,2,EA,1,100,0.931364
1755629338.121995,3057343.500,37517,2,EA,1,100,0.931364
1755629338.188496,3057410.000,37517,2,EA,1,100,0.931115
1755629338.255497,3057477.000,37535,1,EA,1,100,0.930866
1755629338.321998,3057543.500,37551,2,EA,1,100,0.931488
1755629338.388498,3057610.000,37551,2,EA,1,100,0.931240
1755629338.455499,3057677.000,37567,1,EA,1,100,0.931488
1755629338.522000,3057743.500,37584,2,EA,1,100,0.931364
1755629338.588501,3057810.000,37584,2,EA,1,100,0.931488
1755629338.654502,3057876.000,37601,1,EA,1,100,0.931488
1755629338.721503,3057943.000,37616,2,EA,1,100,0.931988
1755629338.788503,3058010.000,37616,2,EA,1,100,0.931863
1755629338.855504,3058077.000,37632,1,EA,1,100,0.931863
1755629338.922005,3058143.500,37650,2,EA,1,100,0.931738
1755629338.988506,3058210.000,37650,2,EA,1,100,0.932487
1755629339.054507,3058276.000,37666,1,EA,1,100,0.932112
1755629339.121507,3058343.000,37683,2,EA,1,100,0.931738
1755629339.188508,3058410.000,37683,2,EA,1,100,0.930991
1755629339.255509,3058477.000,37699,1,EA,1,100,0.930866
1755629339.322010,3058543.500,37717,2,EA,1,100,0.930493
1755629339.388511,3058610.000,37717,2,EA,1,100,0.930244
1755629339.454511,3058676.000,37733,1,EA,1,100,0.930742
1755629339.521512,3058743.000,37748,2,EA,1,100,0.931614
1755629339.588513,3058810.000,37748,2,EA,1,100,0.931240
1755629339.654514,3058876.000,37765,1,EA,1,100,0.931364
1755629339.721515,3058943.000,37787,2,EA,1,100,0.931115
1755629339.788516,3059010.000,37787,2,EA,1,100,0.931488
1755629339.855016,3059076.500,37803,2,EA,1,100,0.931738
1755629339.921517,3059143.000,37803,2,EA,1,100,0.931738
1755629339.988018,3059209.500,37821,2,EA,1,100,0.931364
1755629340.054519,3059276.000,37821,2,EA,1,100,0.931488
1755629340.121520,3059343.000,37837,1,EA,1,100,0.930493
1755629340.188020,3059409.500,37854,2,EA,1,100,0.930866
1755629340.254521,3059476.000,37854,2,EA,1,100,0.930618
1755629340.321522,3059543.000,37871,1,EA,1,100,0.930244
1755629340.388023,3059609.500,37888,2,EA,1,100,0.930618
1755629340.454524,3059676.000,37888,2,EA,1,100,0.930742
1755629340.521524,3059743.000,37904,1,EA,1,100,0.930493
1755629340.588025,3059809.500,37920,2,EA,1,100,0.929996
1755629340.654526,3059876.000,37920,2,EA,1,100,0.929748
1755629340.721527,3059943.000,37936,1,EA,1,100,0.931240
1755629340.788028,3060009.500,37953,2,EA,1,100,0.930991
1755629340.854528,3060076.000,37953,2,EA,1,100,0.930742
1755629340.921529,3060143.000,37969,1,EA,1,100,0.930493
1755629340.988030,3060209.500,37985,2,EA,1,100,0.930493
1755629341.054531,3060276.000,37985,2,EA,1,100,0.930618
1755629341.121532,3060343.000,38001,1,EA,1,100,0.931364
1755629341.188033,3060409.500,38020,2,EA,1,100,0.930866
1755629341.254533,3060476.000,38020,2,EA,1,100,0.930493
1755629341.321534,3060543.000,38037,1,EA,1,100,0.930369
1755629341.388035,3060609.500,38052,2,EA,1,100,0.930742
1755629341.454536,3060676.000,38052,2,EA,1,100,0.930369
1755629341.521537,3060743.000,38068,1,EA,1,100,0.930866
1755629341.588037,3060809.500,38086,2,EA,1,100,0.930991
1755629341.654538,3060876.000,38086,2,EA,1,100,0.931364
1755629341.721539,3060943.000,38102,1,EA,1,100,0.931488
1755629341.788040,3061009.500,38118,2,EA,1,100,0.931364
1755629341.854541,3061076.000,38118,2,EA,1,100,0.931614
1755629341.921541,3061143.000,38133,1,EA,1,100,0.931863
1755629341.988042,3061209.500,38151,2,EA,1,100,0.931240
1755629342.054543,3061276.000,38151,2,EA,1,100,0.931240
1755629342.121544,3061343.000,38167,1,EA,1,100,0.931115
1755629342.188045,3061409.500,38185,2,EA,1,100,0.930493
1755629342.254545,3061476.000,38185,2,EA,1,100,0.930991
1755629342.321046,3061542.500,38203,2,EA,1,100,0.930742
1755629342.387547,3061609.000,38203,2,EA,1,100,0.931115
1755629342.454548,3061676.000,38220,1,EA,1,100,0.930866
1755629342.521049,3061742.500,38236,2,EA,1,100,0.929003
1755629342.587550,3061809.000,38236,2,EA,1,100,0.927765
1755629342.654550,3061876.000,38254,1,EA,1,100,0.929375
1755629342.721051,3061942.500,38268,2,EA,1,100,0.930120
1755629342.787552,3062009.000,38268,2,EA,1,100,0.930618
1755629342.854553,3062076.000,38285,1,EA,1,100,0.930493
1755629342.921054,3062142.500,38302,2,EA,1,100,0.930244
1755629342.987554,3062209.000,38302,2,EA,1,100,0.930618
1755629343.054555,3062276.000,38319,1,EA,1,100,0.930618
1755629343.121056,3062342.500,38335,2,EA,1,100,0.930493
1755629343.187557,3062409.000,38335,2,EA,1,100,0.930244
1755629343.254558,3062476.000,38352,1,EA,1,100,0.929996
1755629343.321058,3062542.500,38369,2,EA,1,100,0.929127
1755629343.387559,3062609.000,38369,2,EA,1,100,0.929251
1755629343.454560,3062676.000,38386,1,EA,1,100,0.929127
1755629343.521061,3062742.500,38400,2,EA,1,100,0.929499
1755629343.587562,3062809.000,38400,2,EA,1,100,0.929623
1755629343.654563,3062876.000,38418,1,EA,1,100,0.930120
1755629343.721063,3062942.500,38434,2,EA,1,100,0.930618
1755629343.787564,3063009.000,38434,2,EA,1,100,0.930991
1755629343.854565,3063076.000,38451,1,EA,1,100,0.930991
1755629343.921066,3063142.500,38466,2,EA,1,100,0.930866
1755629343.987567,3063209.000,38466,2,EA,1,100,0.930866
1755629344.054567,3063276.000,38483,1,EA,1,100,0.930493
1755629344.121068,3063342.500,38499,2,EA,1,100,0.929871
1755629344.187569,3063409.000,38499,2,EA,1,100,0.930244
1755629344.254570,3063476.000,38518,1,EA,1,100,0.930244
1755629344.321071,3063542.500,38534,2,EA,1,100,0.930493
1755629344.387571,3063609.000,38534,2,EA,1,100,0.930618
1755629344.454572,3063676.000,38550,1,EA,1,100,0.930866
1755629344.521073,3063742.500,38566,2,EA,1,100,0.931488
1755629344.587574,3063809.000,38566,2,EA,1,100,0.932112
1755629344.654575,3063876.000,38584,2,EA,1,100,0.932362
1755629344.721576,3063943.000,38584,2,EA,1,100,0.932612
1755629344.787576,3064009.000,38600,1,EA,1,100,0.932612
1755629344.854077,3064075.500,38620,2,EA,1,100,0.932736
1755629344.920578,3064142.000,38620,2,EA,1,100,0.932736
1755629344.987579,3064209.000,38637,2,EA,1,100,0.932237
1755629345.054580,3064276.000,38637,2,EA,1,100,0.931738
1755629345.121580,3064343.000,38654,1,EA,1,100,0.932112
1755629345.188081,3064409.500,38672,2,EA,1,100,0.933237
1755629345.254582,3064476.000,38672,2,EA,1,100,0.933487
1755629345.321583,3064543.000,38690,1,EA,1,100,0.932986
1755629345.388084,3064609.500,38704,2,EA,1,100,0.933487
1755629345.454584,3064676.000,38704,2,EA,1,100,0.932986
1755629345.521585,3064743.000,38721,1,EA,1,100,0.932862
1755629345.588086,3064809.500,38738,2,EA,1,100,0.932736
1755629345.654587,3064876.000,38738,2,EA,1,100,0.932612
1755629345.720588,3064942.000,38755,1,EA,1,100,0.932986
1755629345.787588,3065009.000,38769,2,EA,1,100,0.932862
1755629345.854589,3065076.000,38769,2,EA,1,100,0.932612
1755629345.921590,3065143.000,38786,1,EA,1,100,0.933112
1755629345.988091,3065209.500,38803,2,EA,1,100,0.932736
1755629346.054592,3065276.000,38803,2,EA,1,100,0.931988
1755629346.120593,3065342.000,38820,1,EA,1,100,0.931364
1755629346.187593,3065409.000,38837,2,EA,1,100,0.932736
1755629346.254594,3065476.000,38837,2,EA,1,100,0.936123
1755629346.320595,3065542.000,38854,1,EA,1,100,0.936752
1755629346.387596,3065609.000,38870,2,EA,1,100,0.931738
1755629346.454597,3065676.000,38870,2,EA,1,100,0.927641
1755629346.521097,3065742.500,38887,2,EA,1,100,0.929996
1755629346.587598,3065809.000,38887,2,EA,1,100,0.933987
1755629346.654599,3065876.000,38904,1,EA,1,100,0.934740
1755629346.721100,3065942.500,38919,2,EA,1,100,0.934740
1755629346.787601,3066009.000,38919,2,EA,1,100,0.935494
1755629346.854601,3066076.000,38935,1,EA,1,100,0.934114
1755629346.921102,3066142.500,38953,2,EA,1,100,0.932986
1755629346.987603,3066209.000,38953,2,EA,1,100,0.933738
1755629347.054604,3066276.000,38969,1,EA,1,100,0.934614
1755629347.121105,3066342.500,38986,2,EA,1,100,0.934866
1755629347.187605,3066409.000,38986,2,EA,1,100,0.933863
1755629347.254606,3066476.000,39002,1,EA,1,100,0.933612
1755629347.321107,3066542.500,39022,2,EA,1,100,0.933487
1755629347.387608,3066609.000,39022,2,EA,1,100,0.934489
1755629347.454609,3066676.000,39038,1,EA,1,100,0.933612
1755629347.521110,3066742.500,39053,2,EA,1,100,0.934114
1755629347.587610,3066809.000,39053,2,EA,1,100,0.933738
1755629347.654611,3066876.000,39070,1,EA,1,100,0.933863
1755629347.721112,3066942.500,39087,2,EA,1,100,0.933863
1755629347.787613,3067009.000,39087,2,EA,1,100,0.934614
1755629347.854614,3067076.000,39103,1,EA,1,100,0.934992
1755629347.921114,3067142.500,39119,2,EA,1,100,0.934614
1755629347.987615,3067209.000,39119,2,EA,1,100,0.934364
1755629348.054616,3067276.000,39135,1,EA,1,100,0.934614
1755629348.121117,3067342.500,39154,2,EA,1,100,0.934740
1755629348.187618,3067409.000,39154,2,EA,1,100,0.934489
1755629348.254618,3067476.000,39170,1,EA,1,100,0.934866
1755629348.321119,3067542.500,39187,2,EA,1,100,0.934238
1755629348.387620,3067609.000,39187,2,EA,1,100,0.934114
1755629348.454621,3067676.000,39202,1,EA,1,100,0.933738
1755629348.521122,3067742.500,39219,2,EA,1,100,0.934614
1755629348.587623,3067809.000,39219,2,EA,1,100,0.935494
1755629348.654623,3067876.000,39236,1,EA,1,100,0.935620
1755629348.721124,3067942.500,39253,2,EA,1,100,0.935368
1755629348.787625,3068009.000,39253,2,EA,1,100,0.934740
1755629348.854126,3068075.500,39267,2,EA,1,100,0.934364
1755629348.920627,3068142.000,39267,2,EA,1,100,0.934489
1755629348.987627,3068209.000,39285,1,EA,1,100,0.934489
1755629349.054128,3068275.500,39301,2,EA,1,100,0.933863
1755629349.120629,3068342.000,39301,2,EA,1,100,0.934364
1755629349.187630,3068409.000,39320,1,EA,1,100,0.934238
1755629349.254131,3068475.500,39335,2,EA,1,100,0.934866
1755629349.320631,3068542.000,39335,2,EA,1,100,0.935494
1755629349.387632,3068609.000,39352,1,EA,1,100,0.935871
1755629349.454133,3068675.500,39368,2,EA,1,100,0.935242
1755629349.520634,3068742.000,39368,2,EA,1,100,0.935242
1755629349.587635,3068809.000,39385,1,EA,1,100,0.934614
1755629349.654135,3068875.500,39400,2,EA,1,100,0.933487
1755629349.720636,3068942.000,39400,2,EA,1,100,0.933987
1755629349.787637,3069009.000,39417,1,EA,1,100,0.933863
1755629349.854138,3069075.500,39433,2,EA,1,100,0.932862
1755629349.920639,3069142.000,39433,2,EA,1,100,0.932736
1755629349.987140,3069208.500,39456,2,EA,1,100,0.932362
1755629350.053640,3069275.000,39456,2,EA,1,100,0.932612
1755629350.120641,3069342.000,39474,1,EA,1,100,0.932612
1755629350.187142,3069408.500,39489,2,EA,1,100,0.932862
1755629350.253643,3069475.000,39489,2,EA,1,100,0.932736
1755629350.320644,3069542.000,39506,1,EA,1,100,0.933738
1755629350.387144,3069608.500,39523,2,EA,1,100,0.933863
1755629350.453645,3069675.000,39523,2,EA,1,100,0.932986
1755629350.520646,3069742.000,39539,2,EA,1,100,0.933237
1755629350.587647,3069809.000,39539,2,EA,1,100,0.932986
1755629350.653648,3069875.000,39557,1,EA,1,100,0.932612
1755629350.720648,3069942.000,39571,2,EA,1,100,0.932237
1755629350.787649,3070009.000,39571,2,EA,1,100,0.932237
1755629350.853650,3070075.000,39588,1,EA,1,100,0.932986
1755629350.920651,3070142.000,39605,2,EA,1,100,0.933237
1755629350.987652,3070209.000,39605,2,EA,1,100,0.933361
1755629351.053653,3070275.000,39624,1,EA,1,100,0.932736
1755629351.120653,3070342.000,39638,2,EA,1,100,0.933738
1755629351.187654,3070409.000,39638,2,EA,1,100,0.934364
1755629351.253655,3070475.000,39655,1,EA,1,100,0.934740
1755629351.320656,3070542.000,39672,2,EA,1,100,0.934489
1755629351.387657,3070609.000,39672,2,EA,1,100,0.935242
1755629351.453657,3070675.000,39689,1,EA,1,100,0.934740
1755629351.520658,3070742.000,39703,2,EA,1,100,0.934238
1755629351.587659,3070809.000,39703,2,EA,1,100,0.933487
1755629351.653660,3070875.000,39721,1,EA,1,100,0.933863
1755629351.720661,3070942.000,39737,2,EA,1,100,0.934740
1755629351.787661,3071009.000,39737,2,EA,1,100,0.935117
1755629351.853662,3071075.000,39754,1,EA,1,100,0.935117
1755629351.920163,3071141.500,39769,2,EA,1,100,0.934866
1755629351.986664,3071208.000,39769,2,EA,1,100,0.934238
1755629352.053665,3071275.000,39786,1,EA,1,100,0.934114
1755629352.120165,3071341.500,39804,2,EA,1,100,0.933612
1755629352.186666,3071408.000,39804,2,EA,1,100,0.933987
1755629352.253667,3071475.000,39821,1,EA,1,100,0.934614
1755629352.320168,3071541.500,39839,2,EA,1,100,0.933612
1755629352.386669,3071608.000,39839,2,EA,1,100,0.933237
1755629352.453670,3071675.000,39855,1,EA,1,100,0.934114
1755629352.520170,3071741.500,39871,2,EA,1,100,0.934740
1755629352.586671,3071808.000,39871,2,EA,1,100,0.934364
1755629352.653672,3071875.000,39889,1,EA,1,100,0.933361
1755629352.720173,3071941.500,39904,2,EA,1,100,0.933112
1755629352.786674,3072008.000,39904,2,EA,1,100,0.933487
1755629352.853674,3072075.000,39920,2,EA,1,100,0.934238
1755629352.920675,3072142.000,39920,2,EA,1,100,0.934364
1755629352.986676,3072208.000,39937,1,EA,1,100,0.933361
1755629353.053677,3072275.000,39956,2,EA,1,100,0.932862
1755629353.120678,3072342.000,39956,2,EA,1,100,0.933237
1755629353.186678,3072408.000,39972,1,EA,1,100,0.933487
1755629353.253679,3072475.000,39988,2,EA,1,100,0.933237
1755629353.320680,3072542.000,39988,2,EA,1,100,0.935997
1755629353.386681,3072608.000,40004,1,EA,1,100,0.939026
1755629353.453682,3072675.000,40021,2,EA,1,100,0.932487
1755629353.520683,3072742.000,40021,2,EA,1,100,0.929375
1755629353.586683,3072808.000,40037,1,EA,1,100,0.927641
1755629353.653684,3072875.000,40053,2,EA,1,100,0.927147
1755629353.720685,3072942.000,40053,2,EA,1,100,0.926654
1755629353.786686,3073008.000,40069,1,EA,1,100,0.928508
1755629353.853687,3073075.000,40086,2,EA,1,100,0.929499
1755629353.920687,3073142.000,40086,2,EA,1,100,0.929748
1755629353.986688,3073208.000,40103,1,EA,1,100,0.928879
1755629354.053689,3073275.000,40118,2,EA,1,100,0.924440
1755629354.120690,3073342.000,40118,2,EA,1,100,0.928012
1755629354.186691,3073408.000,40136,1,EA,1,100,0.930866
1755629354.253691,3073475.000,40154,2,EA,1,100,0.930120
1755629354.320692,3073542.000,40154,2,EA,1,100,0.927765
1755629354.386693,3073608.000,40170,1,EA,1,100,0.926530
1755629354.453694,3073675.000,40185,2,EA,1,100,0.926038
1755629354.520695,3073742.000,40185,2,EA,1,100,0.925545
1755629354.586695,3073808.000,40201,1,EA,1,100,0.925054
1755629354.653696,3073875.000,40219,2,EA,1,100,0.922724
1755629354.720697,3073942.000,40219,2,EA,1,100,0.920528
1755629354.786698,3074008.000,40235,1,EA,1,100,0.916529
1755629354.853699,3074075.000,40251,2,EA,1,100,0.912924
1755629354.920700,3074142.000,40251,2,EA,1,100,0.911132
1755629354.986700,3074208.000,40267,1,EA,1,100,0.910178
1755629355.053368,3074274.667,40287,3,EA,1,100,0.911132
1755629355.120035,3074341.333,40287,3,EA,1,100,0.911729
1755629355.186703,3074408.000,40287,3,EA,1,100,0.909941
1755629355.253704,3074475.000,40305,1,EA,1,100,0.909109
1755629355.320204,3074541.500,40323,2,EA,1,100,0.908042
1755629355.386705,3074608.000,40323,2,EA,1,100,0.908161
1755629355.453706,3074675.000,40339,1,EA,1,100,0.907569
1755629355.520207,3074741.500,40354,2,EA,1,100,0.906269
1755629355.586708,3074808.000,40354,2,EA,1,100,0.905326
1755629355.653708,3074875.000,40371,1,EA,1,100,0.904738
1755629355.720209,3074941.500,40388,2,EA,1,100,0.902978
1755629355.786710,3075008.000,40388,2,EA,1,100,0.902042
1755629355.853711,3075075.000,40404,1,EA,1,100,0.900875
1755629355.920212,3075141.500,40420,2,EA,1,100,0.900176
1755629355.986713,3075208.000,40420,2,EA,1,100,0.899478
1755629356.053713,3075275.000,40436,1,EA,1,100,0.899130
1755629356.120214,3075341.500,40453,2,EA,1,100,0.898318
1755629356.186715,3075408.000,40453,2,EA,1,100,0.896929
1755629356.253716,3075475.000,40469,1,EA,1,100,0.896120
1755629356.320217,3075541.500,40487,2,EA,1,100,0.893935
1755629356.386717,3075608.000,40487,2,EA,1,100,0.889253
1755629356.453718,3075675.000,40503,1,EA,1,100,0.885184
1755629356.520219,3075741.500,40520,2,EA,1,100,0.883499
1755629356.586720,3075808.000,40520,2,EA,1,100,0.882155
1755629356.653721,3075875.000,40537,1,EA,1,100,0.879259
1755629356.720221,3075941.500,40553,2,EA,1,100,0.879925
1755629356.786722,3076008.000,40553,2,EA,1,100,0.882938
1755629356.853723,3076075.000,40568,1,EA,1,100,0.885071
1755629356.920224,3076141.500,40586,2,EA,1,100,0.885521
1755629356.986725,3076208.000,40586,2,EA,1,100,0.885071
1755629357.053725,3076275.000,40602,1,EA,1,100,0.885409
1755629357.120226,3076341.500,40618,2,EA,1,100,0.886198
1755629357.186727,3076408.000,40618,2,EA,1,100,0.888346
1755629357.253228,3076474.500,40636,2,EA,1,100,0.885634
1755629357.319729,3076541.000,40636,2,EA,1,100,0.885521
1755629357.386730,3076608.000,40655,1,EA,1,100,0.885634
1755629357.453230,3076674.500,40671,2,EA,1,100,0.883723
1755629357.519731,3076741.000,40671,2,EA,1,100,0.882379
1755629357.586732,3076808.000,40688,1,EA,1,100,0.881151
1755629357.653233,3076874.500,40703,2,EA,1,100,0.877044
1755629357.719734,3076941.000,40703,2,EA,1,100,0.873851
1755629357.786734,3077008.000,40720,1,EA,1,100,0.878926
1755629357.853235,3077074.500,40736,2,EA,1,100,0.879592
1755629357.919736,3077141.000,40736,2,EA,1,100,0.879815
1755629357.986737,3077208.000,40754,1,EA,1,100,0.879259
1755629358.053238,3077274.500,40768,2,EA,1,100,0.879481
1755629358.119738,3077341.000,40768,2,EA,1,100,0.880371
1755629358.186739,3077408.000,40785,1,EA,1,100,0.883948
1755629358.253240,3077474.500,40802,2,EA,1,100,0.889821
1755629358.319741,3077541.000,40802,2,EA,1,100,0.891645
1755629358.386742,3077608.000,40821,1,EA,1,100,0.888460
1755629358.453243,3077674.500,40835,2,EA,1,100,0.885859
1755629358.519743,3077741.000,40835,2,EA,1,100,0.880482
1755629358.586744,3077808.000,40852,1,EA,1,100,0.869269
1755629358.653245,3077874.500,40869,2,EA,1,100,0.864520
1755629358.719746,3077941.000,40869,2,EA,1,100,0.870355
1755629358.786747,3078008.000,40886,1,EA,1,100,0.875610
1755629358.853247,3078074.500,40900,2,EA,1,100,0.878926
1755629358.919748,3078141.000,40900,2,EA,1,100,0.882379
1755629358.986749,3078208.000,40918,1,EA,1,100,0.883835
1755629359.053250,3078274.500,40934,2,EA,1,100,0.884060
1755629359.119751,3078341.000,40934,2,EA,1,100,0.884621
1755629359.186751,3078408.000,40951,1,EA,1,100,0.884396
1755629359.253252,3078474.500,40966,2,EA,1,100,0.888573
1755629359.319753,3078541.000,40966,2,EA,1,100,0.891188
1755629359.386754,3078608.000,40983,1,EA,1,100,0.887440
1755629359.453255,3078674.500,41001,2,EA,1,100,0.881709
1755629359.519755,3078741.000,41001,2,EA,1,100,0.879259
1755629359.586756,3078808.000,41018,1,EA,1,100,0.880705
1755629359.653257,3078874.500,41034,2,EA,1,100,0.882827
1755629359.719758,3078941.000,41034,2,EA,1,100,0.884396
1755629359.786259,3079007.500,41050,2,EA,1,100,0.886987
1755629359.852760,3079074.000,41050,2,EA,1,100,0.887327
1755629359.919760,3079141.000,41066,1,EA,1,100,0.884733
1755629359.986261,3079207.500,41084,2,EA,1,100,0.884284
1755629360.052762,3079274.000,41084,2,EA,1,100,0.885296
1755629360.119763,3079341.000,41100,1,EA,1,100,0.884958
1755629360.186264,3079407.500,41122,2,EA,1,100,0.883835
1755629360.252764,3079474.000,41122,2,EA,1,100,0.882044
1755629360.319765,3079541.000,41141,2,EA,1,100,0.884621
1755629360.386766,3079608.000,41141,2,EA,1,100,0.883835
1755629360.452767,3079674.000,41158,1,EA,1,100,0.881597
1755629360.519768,3079741.000,41174,2,EA,1,100,0.882155
1755629360.586768,3079808.000,41174,2,EA,1,100,0.884958
1755629360.652769,3079874.000,41192,1,EA,1,100,0.885184
1755629360.719770,3079941.000,41207,2,EA,1,100,0.883050
1755629360.786771,3080008.000,41207,2,EA,1,100,0.879815
1755629360.853272,3080074.500,41223,2,EA,1,100,0.872975
1755629360.919773,3080141.000,41223,2,EA,1,100,0.876381
1755629360.986773,3080208.000,41240,1,EA,1,100,0.880259
1755629361.053274,3080274.500,41257,2,EA,1,100,0.881485
1755629361.119775,3080341.000,41257,2,EA,1,100,0.881709
1755629361.186776,3080408.000,41273,1,EA,1,100,0.881373
1755629361.253277,3080474.500,41289,2,EA,1,100,0.881709
1755629361.319777,3080541.000,41289,2,EA,1,100,0.881151
1755629361.386778,3080608.000,41305,1,EA,1,100,0.882490
1755629361.453279,3080674.500,41324,2,EA,1,100,0.884621
1755629361.519780,3080741.000,41324,2,EA,1,100,0.884846
1755629361.586781,3080808.000,41340,1,EA,1,100,0.885184
1755629361.653281,3080874.500,41356,2,EA,1,100,0.883723
1755629361.719782,3080941.000,41356,2,EA,1,100,0.882155
1755629361.786783,3081008.000,41372,1,EA,1,100,0.881709
1755629361.853284,3081074.500,41389,2,EA,1,100,0.880816
1755629361.919785,3081141.000,41389,2,EA,1,100,0.875610
1755629361.985785,3081207.000,41406,1,EA,1,100,0.871882
1755629362.052786,3081274.000,41421,2,EA,1,100,0.867320
1755629362.119787,3081341.000,41421,2,EA,1,100,0.868185
1755629362.185788,3081407.000,41437,1,EA,1,100,0.879592
1755629362.252789,3081474.000,41455,2,EA,1,100,0.885859
1755629362.319790,3081541.000,41455,2,EA,1,100,0.885521
1755629362.385790,3081607.000,41473,1,EA,1,100,0.880482
1755629362.452791,3081674.000,41488,2,EA,1,100,0.879481
1755629362.519792,3081741.000,41488,2,EA,1,100,0.881485
1755629362.585793,3081807.000,41506,1,EA,1,100,0.883948
1755629362.652794,3081874.000,41524,2,EA,1,100,0.884171
1755629362.719794,3081941.000,41524,2,EA,1,100,0.883050
1755629362.785795,3082007.000,41540,1,EA,1,100,0.881262
1755629362.852796,3082074.000,41556,2,EA,1,100,0.880371
1755629362.919797,3082141.000,41556,2,EA,1,100,0.881262
1755629362.985798,3082207.000,41572,1,EA,1,100,0.884846
1755629363.052798,3082274.000,41589,2,EA,1,100,0.884171
1755629363.119799,3082341.000,41589,2,EA,1,100,0.882267
1755629363.186300,3082407.500,41605,2,EA,1,100,0.880705
1755629363.252801,3082474.000,41605,2,EA,1,100,0.880371
1755629363.319802,3082541.000,41623,1,EA,1,100,0.879147
1755629363.386303,3082607.500,41637,2,EA,1,100,0.880816
1755629363.452803,3082674.000,41637,2,EA,1,100,0.879147
1755629363.519804,3082741.000,41654,1,EA,1,100,0.877375
1755629363.586305,3082807.500,41673,2,EA,1,100,0.876602
1755629363.652806,3082874.000,41673,2,EA,1,100,0.877265
1755629363.719807,3082941.000,41690,1,EA,1,100,0.877154
1755629363.786307,3083007.500,41704,2,EA,1,100,0.870900
1755629363.852808,3083074.000,41704,2,EA,1,100,0.864842
1755629363.919809,3083141.000,41721,1,EA,1,100,0.875279
1755629363.986310,3083207.500,41738,2,EA,1,100,0.889140
1755629364.052811,3083274.000,41738,2,EA,1,100,0.887667
1755629364.119811,3083341.000,41755,1,EA,1,100,0.881373
1755629364.186312,3083407.500,41769,2,EA,1,100,0.877597
1755629364.252813,3083474.000,41769,2,EA,1,100,0.877485
1755629364.319814,3083541.000,41787,1,EA,1,100,0.877707
1755629364.386315,3083607.500,41803,2,EA,1,100,0.877928
1755629364.452815,3083674.000,41803,2,EA,1,100,0.877928
1755629364.519816,3083741.000,41820,1,EA,1,100,0.877044
1755629364.586317,3083807.500,41835,2,EA,1,100,0.876823
1755629364.652818,3083874.000,41835,2,EA,1,100,0.874949
1755629364.719819,3083941.000,41854,1,EA,1,100,0.874510
1755629364.786320,3084007.500,41870,2,EA,1,100,0.875499
1755629364.852820,3084074.000,41870,2,EA,1,100,0.877154
1755629364.919821,3084141.000,41887,1,EA,1,100,0.876933
1755629364.986322,3084207.500,41903,2,EA,1,100,0.875610
1755629365.052823,3084274.000,41903,2,EA,1,100,0.875169
1755629365.119824,3084341.000,41919,1,EA,1,100,0.875499
1755629365.186324,3084407.500,41935,2,EA,1,100,0.874949
1755629365.252825,3084474.000,41935,2,EA,1,100,0.875279
1755629365.319326,3084540.500,41958,2,EA,1,100,0.875169
1755629365.385827,3084607.000,41958,2,EA,1,100,0.875830
1755629365.452828,3084674.000,41974,2,EA,1,100,0.875830
1755629365.519828,3084741.000,41974,2,EA,1,100,0.875830
1755629365.585829,3084807.000,41991,1,EA,1,100,0.875940
1755629365.652330,3084873.500,42006,2,EA,1,100,0.875720
1755629365.718831,3084940.000,42006,2,EA,1,100,0.876161
1755629365.785832,3085007.000,42025,1,EA,1,100,0.875720
1755629365.852333,3085073.500,42041,2,EA,1,100,0.875499
1755629365.918833,3085140.000,42041,2,EA,1,100,0.875169
1755629365.985834,3085207.000,42059,1,EA,1,100,0.874840
1755629366.052335,3085273.500,42073,2,EA,1,100,0.875279
1755629366.118836,3085340.000,42073,2,EA,1,100,0.875830
1755629366.185837,3085407.000,42090,1,EA,1,100,0.875279
1755629366.252837,3085474.000,42107,2,EA,1,100,0.874180
1755629366.319838,3085541.000,42107,2,EA,1,100,0.874071
1755629366.385839,3085607.000,42124,1,EA,1,100,0.874290
1755629366.452340,3085673.500,42139,2,EA,1,100,0.875060
1755629366.518841,3085740.000,42139,2,EA,1,100,0.875169
1755629366.585841,3085807.000,42155,1,EA,1,100,0.875060
1755629366.652342,3085873.500,42172,2,EA,1,100,0.875610
1755629366.718843,3085940.000,42172,2,EA,1,100,0.875390
1755629366.785844,3086007.000,42189,1,EA,1,100,0.875060
1755629366.852345,3086073.500,42206,2,EA,1,100,0.875169
1755629366.918845,3086140.000,42206,2,EA,1,100,0.875830
1755629366.985846,3086207.000,42223,2,EA,1,100,0.876492
1755629367.052847,3086274.000,42223,2,EA,1,100,0.875610
1755629367.118848,3086340.000,42239,1,EA,1,100,0.874729
1755629367.185849,3086407.000,42256,2,EA,1,100,0.874071
1755629367.252850,3086474.000,42256,2,EA,1,100,0.874510
1755629367.318850,3086540.000,42273,1,EA,1,100,0.874510
1755629367.385851,3086607.000,42290,2,EA,1,100,0.874180
1755629367.452852,3086674.000,42290,2,EA,1,100,0.873851
1755629367.518853,3086740.000,42306,1,EA,1,100,0.873961
1755629367.585854,3086807.000,42324,2,EA,1,100,0.874071
1755629367.652854,3086874.000,42324,2,EA,1,100,0.874729
1755629367.718855,3086940.000,42340,1,EA,1,100,0.874620
1755629367.785856,3087007.000,42357,2,EA,1,100,0.875610
1755629367.852857,3087074.000,42357,2,EA,1,100,0.875060
1755629367.918858,3087140.000,42373,1,EA,1,100,0.874949
1755629367.985858,3087207.000,42391,2,EA,1,100,0.874400
1755629368.052859,3087274.000,42391,2,EA,1,100,0.873961
1755629368.118860,3087340.000,42407,1,EA,1,100,0.873961
1755629368.185861,3087407.000,42422,2,EA,1,100,0.873851
1755629368.252862,3087474.000,42422,2,EA,1,100,0.873522
1755629368.318863,3087540.000,42439,1,EA,1,100,0.874290
1755629368.385863,3087607.000,42456,2,EA,1,100,0.875390
1755629368.452864,3087674.000,42456,2,EA,1,100,0.875390
1755629368.518865,3087740.000,42472,1,EA,1,100,0.876271
1755629368.585866,3087807.000,42488,2,EA,1,100,0.876713
1755629368.652867,3087874.000,42488,2,EA,1,100,0.877265
1755629368.718867,3087940.000,42504,1,EA,1,100,0.877818
1755629368.785868,3088007.000,42521,2,EA,1,100,0.877597
1755629368.852869,3088074.000,42521,2,EA,1,100,0.877928
1755629368.918870,3088140.000,42539,1,EA,1,100,0.877375
1755629368.985371,3088206.500,42556,2,EA,1,100,0.877597
1755629369.051871,3088273.000,42556,2,EA,1,100,0.877044
1755629369.118872,3088340.000,42571,2,EA,1,100,0.876933
1755629369.185873,3088407.000,42571,2,EA,1,100,0.876823
1755629369.251874,3088473.000,42588,1,EA,1,100,0.877044
1755629369.318875,3088540.000,42605,2,EA,1,100,0.876713
1755629369.385875,3088607.000,42605,2,EA,1,100,0.876492
1755629369.451876,3088673.000,42622,1,EA,1,100,0.877044
1755629369.518877,3088740.000,42636,2,EA,1,100,0.877707
1755629369.585878,3088807.000,42636,2,EA,1,100,0.877597
1755629369.651879,3088873.000,42654,1,EA,1,100,0.877597
1755629369.718880,3088940.000,42670,2,EA,1,100,0.877265
1755629369.785880,3089007.000,42670,2,EA,1,100,0.877375
1755629369.851881,3089073.000,42687,1,EA,1,100,0.877485
1755629369.918882,3089140.000,42702,2,EA,1,100,0.877154
1755629369.985883,3089207.000,42702,2,EA,1,100,0.876602
1755629370.051884,3089273.000,42721,1,EA,1,100,0.877375
1755629370.118884,3089340.000,42737,2,EA,1,100,0.877265
1755629370.185885,3089407.000,42737,2,EA,1,100,0.877818
1755629370.251886,3089473.000,42754,1,EA,1,100,0.877928
1755629370.318887,3089540.000,42769,2,EA,1,100,0.877707
1755629370.385888,3089607.000,42769,2,EA,1,100,0.877597
1755629370.452388,3089673.500,42791,2,EA,1,100,0.877597
1755629370.518889,3089740.000,42791,2,EA,1,100,0.877044
1755629370.585390,3089806.500,42808,2,EA,1,100,0.877818
1755629370.651891,3089873.000,42808,2,EA,1,100,0.876933
1755629370.718892,3089940.000,42825,1,EA,1,100,0.876933
1755629370.785393,3090006.500,42841,2,EA,1,100,0.877044
1755629370.851893,3090073.000,42841,2,EA,1,100,0.877485
1755629370.918894,3090140.000,42858,1,EA,1,100,0.877154
1755629370.985395,3090206.500,42873,2,EA,1,100,0.877154
1755629371.051896,3090273.000,42873,2,EA,1,100,0.876933
1755629371.118897,3090340.000,42892,1,EA,1,100,0.876933
1755629371.185397,3090406.500,42908,2,EA,1,100,0.877375
1755629371.251898,3090473.000,42908,2,EA,1,100,0.876933
1755629371.318899,3090540.000,42926,1,EA,1,100,0.877154
1755629371.385400,3090606.500,42940,2,EA,1,100,0.877154
1755629371.451901,3090673.000,42940,2,EA,1,100,0.876713
1755629371.518901,3090740.000,42957,1,EA,1,100,0.877265
1755629371.585402,3090806.500,42974,2,EA,1,100,0.876933
1755629371.651903,3090873.000,42974,2,EA,1,100,0.876933
1755629371.718904,3090940.000,42991,1,EA,1,100,0.877265
1755629371.785405,3091006.500,43005,2,EA,1,100,0.877485
1755629371.851905,3091073.000,43005,2,EA,1,100,0.877597
1755629371.918906,3091140.000,43022,1,EA,1,100,0.877597
1755629371.985407,3091206.500,43039,2,EA,1,100,0.876933
1755629372.051908,3091273.000,43039,2,EA,1,100,0.877375
1755629372.118909,3091340.000,43058,1,EA,1,100,0.877375
1755629372.185410,3091406.500,43072,2,EA,1,100,0.877485
1755629372.251910,3091473.000,43072,2,EA,1,100,0.877375
1755629372.318911,3091540.000,43090,1,EA,1,100,0.877154
1755629372.385412,3091606.500,43108,2,EA,1,100,0.876713
1755629372.451913,3091673.000,43108,2,EA,1,100,0.876823
1755629372.518914,3091740.000,43125,1,EA,1,100,0.876271
1755629372.585414,3091806.500,43141,2,EA,1,100,0.876492
1755629372.651915,3091873.000,43141,2,EA,1,100,0.876713
1755629372.718916,3091940.000,43157,1,EA,1,100,0.877154
1755629372.785417,3092006.500,43173,2,EA,1,100,0.877265
1755629372.851918,3092073.000,43173,2,EA,1,100,0.877375
1755629372.918418,3092139.500,43191,2,EA,1,100,0.877375
1755629372.984919,3092206.000,43191,2,EA,1,100,0.877375
1755629373.051920,3092273.000,43207,1,EA,1,100,0.877375
1755629373.118421,3092339.500,43222,2,EA,1,100,0.877597
1755629373.184922,3092406.000,43222,2,EA,1,100,0.877375
1755629373.251923,3092473.000,43240,1,EA,1,100,0.876602
1755629373.318423,3092539.500,43258,2,EA,1,100,0.876050
1755629373.384924,3092606.000,43258,2,EA,1,100,0.875940
1755629373.451925,3092673.000,43274,1,EA,1,100,0.874180
1755629373.518426,3092739.500,43289,2,EA,1,100,0.872866
1755629373.584927,3092806.000,43289,2,EA,1,100,0.873522
1755629373.651927,3092873.000,43306,1,EA,1,100,0.874949
1755629373.718428,3092939.500,43323,2,EA,1,100,0.875610
1755629373.784929,3093006.000,43323,2,EA,1,100,0.877818
1755629373.851930,3093073.000,43339,1,EA,1,100,0.878150
1755629373.918431,3093139.500,43355,2,EA,1,100,0.878260
1755629373.984931,3093206.000,43355,2,EA,1,100,0.878372
1755629374.051932,3093273.000,43371,1,EA,1,100,0.878372
1755629374.118433,3093339.500,43388,2,EA,1,100,0.878039
1755629374.184934,3093406.000,43388,2,EA,1,100,0.877928
1755629374.251935,3093473.000,43404,1,EA,1,100,0.878150
1755629374.318435,3093539.500,43423,2,EA,1,100,0.878150
1755629374.384936,3093606.000,43423,2,EA,1,100,0.877818
1755629374.451937,3093673.000,43438,1,EA,1,100,0.879037
1755629374.518438,3093739.500,43455,2,EA,1,100,0.879815
1755629374.584939,3093806.000,43455,2,EA,1,100,0.879370
1755629374.651940,3093873.000,43472,1,EA,1,100,0.876823
1755629374.718440,3093939.500,43488,2,EA,1,100,0.876381
1755629374.784941,3094006.000,43488,2,EA,1,100,0.877044
1755629374.851942,3094073.000,43503,2,EA,1,100,0.875499
1755629374.918943,3094140.000,43503,2,EA,1,100,0.872209
1755629374.984944,3094206.000,43521,1,EA,1,100,0.873851
1755629375.051944,3094273.000,43537,2,EA,1,100,0.877044
1755629375.118945,3094340.000,43537,2,EA,1,100,0.878704
1755629375.184946,3094406.000,43554,1,EA,1,100,0.878150
1755629375.251447,3094472.500,43569,2,EA,1,100,0.876381
1755629375.317948,3094539.000,43569,2,EA,1,100,0.875390
1755629375.384948,3094606.000,43588,1,EA,1,100,0.875499
1755629375.451449,3094672.500,43604,2,EA,1,100,0.874949
1755629375.517950,3094739.000,43604,2,EA,1,100,0.877485
1755629375.584951,3094806.000,43627,2,EA,1,100,0.880037
1755629375.651952,3094873.000,43627,2,EA,1,100,0.880705
1755629375.718953,3094940.000,43643,1,EA,1,100,0.881262
1755629375.785453,3095006.500,43659,2,EA,1,100,0.883050
1755629375.851954,3095073.000,43659,2,EA,1,100,0.884396
1755629375.918455,3095139.500,43677,2,EA,1,100,0.886762
1755629375.984956,3095206.000,43677,2,EA,1,100,0.884509
1755629376.051957,3095273.000,43694,1,EA,1,100,0.882267
1755629376.118457,3095339.500,43712,2,EA,1,100,0.892102
1755629376.184958,3095406.000,43712,2,EA,1,100,0.887667
1755629376.251959,3095473.000,43729,1,EA,1,100,0.875499
1755629376.318460,3095539.500,43744,2,EA,1,100,0.875169
1755629376.384961,3095606.000,43744,2,EA,1,100,0.873961
1755629376.451961,3095673.000,43763,1,EA,1,100,0.872319
1755629376.518462,3095739.500,43779,2,EA,1,100,0.872975
1755629376.584963,3095806.000,43779,2,EA,1,100,0.871009
1755629376.651964,3095873.000,43797,1,EA,1,100,0.868835
1755629376.718465,3095939.500,43811,2,EA,1,100,0.870791
1755629376.784965,3096006.000,43811,2,EA,1,100,0.872975
1755629376.851966,3096073.000,43828,1,EA,1,100,0.874290
1755629376.918467,3096139.500,43845,2,EA,1,100,0.874400
1755629376.984968,3096206.000,43845,2,EA,1,100,0.875830
1755629377.051969,3096273.000,43862,1,EA,1,100,0.877044
1755629377.118470,3096339.500,43876,2,EA,1,100,0.876602
1755629377.184970,3096406.000,43876,2,EA,1,100,0.876050
1755629377.251971,3096473.000,43893,1,EA,1,100,0.877044
1755629377.318472,3096539.500,43912,2,EA,1,100,0.877707
1755629377.384973,3096606.000,43912,2,EA,1,100,0.877597
1755629377.451974,3096673.000,43929,1,EA,1,100,0.877375
1755629377.518474,3096739.500,43943,2,EA,1,100,0.877597
1755629377.584975,3096806.000,43943,2,EA,1,100,0.876713
1755629377.651976,3096873.000,43963,1,EA,1,100,0.876933
1755629377.718477,3096939.500,43979,2,EA,1,100,0.876713
1755629377.784978,3097006.000,43979,2,EA,1,100,0.875830
1755629377.851978,3097073.000,43996,1,EA,1,100,0.874949
1755629377.918479,3097139.500,44012,2,EA,1,100,0.874620
1755629377.984980,3097206.000,44012,2,EA,1,100,0.874949
1755629378.051981,3097273.000,44028,1,EA,1,100,0.875390
1755629378.118482,3097339.500,44044,2,EA,1,100,0.874949
1755629378.184983,3097406.000,44044,2,EA,1,100,0.875610
1755629378.251483,3097472.500,44062,2,EA,1,100,0.876050
1755629378.317984,3097539.000,44062,2,EA,1,100,0.876492
1755629378.384985,3097606.000,44078,1,EA,1,100,0.876271
1755629378.451486,3097672.500,44093,2,EA,1,100,0.876602
1755629378.517987,3097739.000,44093,2,EA,1,100,0.876381
1755629378.584987,3097806.000,44109,1,EA,1,100,0.877044
1755629378.651488,3097872.500,44129,2,EA,1,100,0.876933
1755629378.717989,3097939.000,44129,2,EA,1,100,0.876713
1755629378.784990,3098006.000,44145,1,EA,1,100,0.877375
1755629378.851491,3098072.500,44160,2,EA,1,100,0.877154
1755629378.917991,3098139.000,44160,2,EA,1,100,0.877154
1755629378.984992,3098206.000,44177,1,EA,1,100,0.877375
1755629379.051493,3098272.500,44194,2,EA,1,100,0.876823
1755629379.117994,3098339.000,44194,2,EA,1,100,0.876492
1755629379.184995,3098406.000,44210,1,EA,1,100,0.875610
1755629379.251495,3098472.500,44226,2,EA,1,100,0.876381
1755629379.317996,3098539.000,44226,2,EA,1,100,0.877044
1755629379.384997,3098606.000,44242,1,EA,1,100,0.877265
1755629379.451498,3098672.500,44259,2,EA,1,100,0.877375
1755629379.517999,3098739.000,44259,2,EA,1,100,0.877375
1755629379.585000,3098806.000,44275,1,EA,1,100,0.877818
1755629379.651500,3098872.500,44291,2,EA,1,100,0.877265
1755629379.718001,3098939.000,44291,2,EA,1,100,0.877375
1755629379.785002,3099006.000,44307,1,EA,1,100,0.877154
1755629379.851503,3099072.500,44326,2,EA,1,100,0.876933
1755629379.918004,3099139.000,44326,2,EA,1,100,0.877154
1755629379.985004,3099206.000,44343,1,EA,1,100,0.877044
1755629380.051505,3099272.500,44359,2,EA,1,100,0.877375
1755629380.118006,3099339.000,44359,2,EA,1,100,0.877154
1755629380.185007,3099406.000,44374,1,EA,1,100,0.877375
1755629380.251508,3099472.500,44392,2,EA,1,100,0.877928
1755629380.318008,3099539.000,44392,2,EA,1,100,0.877485
1755629380.384509,3099605.500,44408,2,EA,1,100,0.877597
1755629380.451010,3099672.000,44408,2,EA,1,100,0.877485
1755629380.518011,3099739.000,44425,1,EA,1,100,0.877597
1755629380.584512,3099805.500,44440,2,EA,1,100,0.877928
1755629380.651013,3099872.000,44440,2,EA,1,100,0.878039
1755629380.718013,3099939.000,44462,2,EA,1,100,0.878260
1755629380.785014,3100006.000,44462,2,EA,1,100,0.878593
1755629380.851015,3100072.000,44478,1,EA,1,100,0.878815
1755629380.918016,3100139.000,44496,2,EA,1,100,0.878150
1755629380.985017,3100206.000,44496,2,EA,1,100,0.878150
1755629381.051017,3100272.000,44514,1,EA,1,100,0.878039
1755629381.118018,3100339.000,44529,2,EA,1,100,0.877928
1755629381.185019,3100406.000,44529,2,EA,1,100,0.877928
1755629381.251020,3100472.000,44545,1,EA,1,100,0.878372
1755629381.318021,3100539.000,44563,2,EA,1,100,0.878039
1755629381.385021,3100606.000,44563,2,EA,1,100,0.878150
1755629381.451022,3100672.000,44579,1,EA,1,100,0.878039
1755629381.517523,3100738.500,44595,2,EA,1,100,0.877707
1755629381.584024,3100805.000,44595,2,EA,1,100,0.877597
1755629381.651025,3100872.000,44611,1,EA,1,100,0.877375
1755629381.718025,3100939.000,44628,2,EA,1,100,0.877485
1755629381.785026,3101006.000,44628,2,EA,1,100,0.877375
1755629381.851027,3101072.000,44644,1,EA,1,100,0.877597
1755629381.918028,3101139.000,44661,2,EA,1,100,0.878150
1755629381.985029,3101206.000,44661,2,EA,1,100,0.877928
1755629382.051530,3101272.500,44676,2,EA,1,100,0.877375
1755629382.118030,3101339.000,44676,2,EA,1,100,0.877044
1755629382.185031,3101406.000,44695,1,EA,1,100,0.877375
1755629382.251532,3101472.500,44712,2,EA,1,100,0.877597
1755629382.318033,3101539.000,44712,2,EA,1,100,0.877707
1755629382.384034,3101605.000,44731,1,EA,1,100,0.877485
1755629382.451034,3101672.000,44745,2,EA,1,100,0.876823
1755629382.518035,3101739.000,44745,2,EA,1,100,0.875830
1755629382.584036,3101805.000,44762,1,EA,1,100,0.876050
1755629382.651037,3101872.000,44779,2,EA,1,100,0.875610
1755629382.718038,3101939.000,44779,2,EA,1,100,0.876050
1755629382.784038,3102005.000,44796,1,EA,1,100,0.876492
1755629382.851039,3102072.000,44810,2,EA,1,100,0.876381
1755629382.918040,3102139.000,44810,2,EA,1,100,0.876713
1755629382.984041,3102205.000,44828,1,EA,1,100,0.876492
1755629383.051042,3102272.000,44844,2,EA,1,100,0.875830
1755629383.118043,3102339.000,44844,2,EA,1,100,0.875499
1755629383.184043,3102405.000,44863,1,EA,1,100,0.874840
1755629383.251044,3102472.000,44878,2,EA,1,100,0.874949
1755629383.318045,3102539.000,44878,2,EA,1,100,0.874510
1755629383.385046,3102606.000,44895,1,EA,1,100,0.873413
1755629383.451547,3102672.500,44911,2,EA,1,100,0.872537
1755629383.518047,3102739.000,44911,2,EA,1,100,0.872647
1755629383.584048,3102805.000,44928,1,EA,1,100,0.872100
1755629383.651049,3102872.000,44943,2,EA,1,100,0.871882
1755629383.718050,3102939.000,44943,2,EA,1,100,0.872100
1755629383.784051,3103005.000,44960,1,EA,1,100,0.873303
1755629383.851051,3103072.000,44976,2,EA,1,100,0.873632
1755629383.918052,3103139.000,44976,2,EA,1,100,0.874290
1755629383.984053,3103205.000,44994,1,EA,1,100,0.874290
1755629384.051054,3103272.000,45009,2,EA,1,100,0.874510
1755629384.118055,3103339.000,45009,2,EA,1,100,0.874180
1755629384.184055,3103405.000,45025,1,EA,1,100,0.874729
1755629384.251056,3103472.000,45044,2,EA,1,100,0.874290
1755629384.318057,3103539.000,45044,2,EA,1,100,0.874400
1755629384.384558,3103605.500,45061,2,EA,1,100,0.874620
1755629384.451059,3103672.000,45061,2,EA,1,100,0.874400
1755629384.518060,3103739.000,45077,1,EA,1,100,0.875060
1755629384.584560,3103805.500,45093,2,EA,1,100,0.874949
1755629384.651061,3103872.000,45093,2,EA,1,100,0.874949
1755629384.718062,3103939.000,45109,1,EA,1,100,0.874949
1755629384.784563,3104005.500,45126,2,EA,1,100,0.875390
1755629384.851064,3104072.000,45126,2,EA,1,100,0.875720
1755629384.918064,3104139.000,45142,1,EA,1,100,0.876161
1755629384.984565,3104205.500,45158,2,EA,1,100,0.877044
1755629385.051066,3104272.000,45158,2,EA,1,100,0.876602
1755629385.118067,3104339.000,45174,1,EA,1,100,0.876823
1755629385.184568,3104405.500,45191,2,EA,1,100,0.876381
1755629385.251068,3104472.000,45191,2,EA,1,100,0.876602
1755629385.318069,3104539.000,45210,1,EA,1,100,0.875940
1755629385.384570,3104605.500,45225,2,EA,1,100,0.875499
1755629385.451071,3104672.000,45225,2,EA,1,100,0.874840
1755629385.518072,3104739.000,45241,1,EA,1,100,0.875279
1755629385.584573,3104805.500,45259,2,EA,1,100,0.875499
1755629385.651073,3104872.000,45259,2,EA,1,100,0.875390
1755629385.718074,3104939.000,45275,1,EA,1,100,0.875610
1755629385.784408,3105005.333,45295,3,EA,1,100,0.875610
1755629385.850742,3105071.667,45295,3,EA,1,100,0.875720
1755629385.917077,3105138.000,45295,3,EA,1,100,0.877154
1755629385.984077,3105205.000,45312,1,EA,1,100,0.877485
1755629386.050578,3105271.500,45327,2,EA,1,100,0.877707
1755629386.117079,3105338.000,45327,2,EA,1,100,0.877597
1755629386.184080,3105405.000,45343,1,EA,1,100,0.877375
1755629386.250581,3105471.500,45363,2,EA,1,100,0.877044
1755629386.317081,3105538.000,45363,2,EA,1,100,0.877265
1755629386.384082,3105605.000,45379,1,EA,1,100,0.876602
1755629386.450583,3105671.500,45394,2,EA,1,100,0.876933
1755629386.517084,3105738.000,45394,2,EA,1,100,0.877375
1755629386.584085,3105805.000,45410,1,EA,1,100,0.877265
1755629386.650585,3105871.500,45428,2,EA,1,100,0.877265
1755629386.717086,3105938.000,45428,2,EA,1,100,0.877597
1755629386.784087,3106005.000,45444,1,EA,1,100,0.877928
1755629386.850588,3106071.500,45459,2,EA,1,100,0.877928
1755629386.917089,3106138.000,45459,2,EA,1,100,0.877707
1755629386.984090,3106205.000,45476,1,EA,1,100,0.877707
1755629387.050590,3106271.500,45493,2,EA,1,100,0.878039
1755629387.117091,3106338.000,45493,2,EA,1,100,0.877818
1755629387.184092,3106405.000,45509,1,EA,1,100,0.878039
1755629387.250593,3106471.500,45525,2,EA,1,100,0.878039
1755629387.317094,3106538.000,45525,2,EA,1,100,0.877818
1755629387.384094,3106605.000,45545,1,EA,1,100,0.877375
1755629387.450595,3106671.500,45562,2,EA,1,100,0.877375
1755629387.517096,3106738.000,45562,2,EA,1,100,0.877928
1755629387.584097,3106805.000,45578,1,EA,1,100,0.877707
1755629387.650598,3106871.500,45595,2,EA,1,100,0.877928
1755629387.717098,3106938.000,45595,2,EA,1,100,0.877707
1755629387.784099,3107005.000,45610,1,EA,1,100,0.876713
1755629387.850600,3107071.500,45627,2,EA,1,100,0.876492
1755629387.917101,3107138.000,45627,2,EA,1,100,0.876713
1755629387.984102,3107205.000,45644,2,EA,1,100,0.867860
1755629388.051103,3107272.000,45644,2,EA,1,100,0.858232
1755629388.117103,3107338.000,45661,1,EA,1,100,0.874620
1755629388.184104,3107405.000,45675,2,EA,1,100,0.881931
1755629388.251105,3107472.000,45675,2,EA,1,100,0.882155
1755629388.317106,3107538.000,45693,1,EA,1,100,0.878926
1755629388.384107,3107605.000,45709,2,EA,1,100,0.880371
1755629388.451107,3107672.000,45709,2,EA,1,100,0.882714
1755629388.517108,3107738.000,45726,1,EA,1,100,0.883835
1755629388.584109,3107805.000,45743,2,EA,1,100,0.885071
1755629388.651110,3107872.000,45743,2,EA,1,100,0.887101
1755629388.717111,3107938.000,45762,1,EA,1,100,0.885184
1755629388.784111,3108005.000,45778,2,EA,1,100,0.881373
1755629388.851112,3108072.000,45778,2,EA,1,100,0.881485
1755629388.917113,3108138.000,45795,1,EA,1,100,0.839705
1755629388.983614,3108204.500,45810,2,EA,1,100,0.851931
1755629389.050115,3108271.000,45810,2,EA,1,100,0.875279
1755629389.117115,3108338.000,45827,1,EA,1,100,0.876823
1755629389.183616,3108404.500,45843,2,EA,1,100,0.877044
1755629389.250117,3108471.000,45843,2,EA,1,100,0.877154
1755629389.317118,3108538.000,45861,1,EA,1,100,0.875830
1755629389.383619,3108604.500,45875,2,EA,1,100,0.874840
1755629389.450120,3108671.000,45875,2,EA,1,100,0.875279
1755629389.517120,3108738.000,45892,1,EA,1,100,0.879815
1755629389.583621,3108804.500,45909,2,EA,1,100,0.879703
1755629389.650122,3108871.000,45909,2,EA,1,100,0.877597
1755629389.717123,3108938.000,45928,1,EA,1,100,0.877485
1755629389.783624,3109004.500,45943,2,EA,1,100,0.877928
1755629389.850124,3109071.000,45943,2,EA,1,100,0.877707
1755629389.917125,3109138.000,45959,1,EA,1,100,0.880259
1755629389.983626,3109204.500,45976,2,EA,1,100,0.881373
1755629390.050127,3109271.000,45976,2,EA,1,100,0.879037
1755629390.117128,3109338.000,45993,1,EA,1,100,0.875169
1755629390.183628,3109404.500,46008,2,EA,1,100,0.874510
1755629390.250129,3109471.000,46008,2,EA,1,100,0.878593
1755629390.317130,3109538.000,46025,2,EA,1,100,0.884733
1755629390.384131,3109605.000,46025,2,EA,1,100,0.885409
1755629390.450132,3109671.000,46041,1,EA,1,100,0.879592
1755629390.517133,3109738.000,46058,2,EA,1,100,0.879703
1755629390.584133,3109805.000,46058,2,EA,1,100,0.882044
1755629390.650134,3109871.000,46075,1,EA,1,100,0.882490
1755629390.717135,3109938.000,46090,2,EA,1,100,0.881820
1755629390.784136,3110005.000,46090,2,EA,1,100,0.881820
1755629390.850137,3110071.000,46108,1,EA,1,100,0.882267
1755629390.917137,3110138.000,46131,2,EA,1,100,0.881820
1755629390.984138,3110205.000,46131,2,EA,1,100,0.881485
1755629391.050639,3110271.500,46147,2,EA,1,100,0.881820
1755629391.117140,3110338.000,46147,2,EA,1,100,0.881931
1755629391.184141,3110405.000,46164,1,EA,1,100,0.882044
1755629391.250641,3110471.500,46180,2,EA,1,100,0.882603
1755629391.317142,3110538.000,46180,2,EA,1,100,0.883387
1755629391.384143,3110605.000,46196,1,EA,1,100,0.883723
1755629391.450644,3110671.500,46212,2,EA,1,100,0.883050
1755629391.517145,3110738.000,46212,2,EA,1,100,0.883499
1755629391.583645,3110804.500,46230,2,EA,1,100,0.883387
1755629391.650146,3110871.000,46230,2,EA,1,100,0.883723
1755629391.717147,3110938.000,46246,1,EA,1,100,0.883835
1755629391.783648,3111004.500,46261,2,EA,1,100,0.883610
1755629391.850149,3111071.000,46261,2,EA,1,100,0.884284
1755629391.917150,3111138.000,46279,1,EA,1,100,0.884171
1755629391.983650,3111204.500,46297,2,EA,1,100,0.884171
1755629392.050151,3111271.000,46297,2,EA,1,100,0.884171
1755629392.117152,3111338.000,46313,1,EA,1,100,0.884284
1755629392.183653,3111404.500,46328,2,EA,1,100,0.884509
1755629392.250154,3111471.000,46328,2,EA,1,100,0.884060
1755629392.317154,3111538.000,46345,1,EA,1,100,0.885071
1755629392.383655,3111604.500,46364,2,EA,1,100,0.885521
1755629392.450156,3111671.000,46364,2,EA,1,100,0.883835
1755629392.517157,3111738.000,46380,1,EA,1,100,0.883274
1755629392.583658,3111804.500,46396,2,EA,1,100,0.885296
1755629392.650158,3111871.000,46396,2,EA,1,100,0.886310
1755629392.717159,3111938.000,46412,1,EA,1,100,0.885409
1755629392.783660,3112004.500,46429,2,EA,1,100,0.884958
1755629392.850161,3112071.000,46429,2,EA,1,100,0.884846
1755629392.917162,3112138.000,46445,1,EA,1,100,0.884733
1755629392.983663,3112204.500,46463,2,EA,1,100,0.884621
1755629393.050163,3112271.000,46463,2,EA,1,100,0.884396
1755629393.117164,3112338.000,46479,1,EA,1,100,0.884621
1755629393.183665,3112404.500,46496,2,EA,1,100,0.884621
1755629393.250166,3112471.000,46496,2,EA,1,100,0.884846
1755629393.317167,3112538.000,46513,1,EA,1,100,0.883948
1755629393.383667,3112604.500,46529,2,EA,1,100,0.883948
1755629393.450168,3112671.000,46529,2,EA,1,100,0.884171
1755629393.517169,3112738.000,46544,1,EA,1,100,0.884733
1755629393.583670,3112804.500,46562,2,EA,1,100,0.884284
1755629393.650171,3112871.000,46562,2,EA,1,100,0.884509
1755629393.716671,3112937.500,46578,2,EA,1,100,0.884396
1755629393.783172,3113004.000,46578,2,EA,1,100,0.884958
1755629393.850173,3113071.000,46595,1,EA,1,100,0.884846
1755629393.916674,3113137.500,46610,2,EA,1,100,0.884733
1755629393.983175,3113204.000,46610,2,EA,1,100,0.884060
1755629394.050175,3113271.000,46629,1,EA,1,100,0.884621
1755629394.116676,3113337.500,46645,2,EA,1,100,0.884958
1755629394.183177,3113404.000,46645,2,EA,1,100,0.884284
1755629394.250178,3113471.000,46662,1,EA,1,100,0.884284
1755629394.316679,3113537.500,46677,2,EA,1,100,0.884396
1755629394.383180,3113604.000,46677,2,EA,1,100,0.883948
1755629394.450180,3113671.000,46694,1,EA,1,100,0.883610
1755629394.516681,3113737.500,46710,2,EA,1,100,0.883610
1755629394.583182,3113804.000,46710,2,EA,1,100,0.884396
1755629394.650183,3113871.000,46728,1,EA,1,100,0.884621
1755629394.716684,3113937.500,46742,2,EA,1,100,0.883948
1755629394.783184,3114004.000,46742,2,EA,1,100,0.883723
1755629394.850185,3114071.000,46759,1,EA,1,100,0.883948
1755629394.916686,3114137.500,46776,2,EA,1,100,0.884060
1755629394.983187,3114204.000,46776,2,EA,1,100,0.884621
1755629395.050188,3114271.000,46793,1,EA,1,100,0.884060
1755629395.116688,3114337.500,46809,2,EA,1,100,0.884846
1755629395.183189,3114404.000,46809,2,EA,1,100,0.884733
1755629395.250190,3114471.000,46826,1,EA,1,100,0.884733
1755629395.316691,3114537.500,46843,2,EA,1,100,0.884509
1755629395.383192,3114604.000,46843,2,EA,1,100,0.884846
1755629395.450193,3114671.000,46860,1,EA,1,100,0.885071
1755629395.516693,3114737.500,46875,2,EA,1,100,0.885521
1755629395.583194,3114804.000,46875,2,EA,1,100,0.885521
1755629395.650195,3114871.000,46892,1,EA,1,100,0.885634
1755629395.716696,3114937.500,46908,2,EA,1,100,0.885972
1755629395.783197,3115004.000,46908,2,EA,1,100,0.885747
1755629395.850197,3115071.000,46925,2,EA,1,100,0.885521
1755629395.917198,3115138.000,46925,2,EA,1,100,0.885747
1755629395.983199,3115204.000,46942,1,EA,1,100,0.885747
1755629396.049700,3115270.500,46962,2,EA,1,100,0.886310
1755629396.116201,3115337.000,46962,2,EA,1,100,0.886310
1755629396.183201,3115404.000,46978,2,EA,1,100,0.885521
1755629396.250202,3115471.000,46978,2,EA,1,100,0.885296
1755629396.316203,3115537.000,46998,1,EA,1,100,0.884958
1755629396.383204,3115604.000,47014,2,EA,1,100,0.884733
1755629396.450205,3115671.000,47014,2,EA,1,100,0.884846
1755629396.516205,3115737.000,47031,1,EA,1,100,0.884284
1755629396.583206,3115804.000,47046,2,EA,1,100,0.885071
1755629396.650207,3115871.000,47046,2,EA,1,100,0.884733
1755629396.716208,3115937.000,47063,1,EA,1,100,0.885296
1755629396.783209,3116004.000,47079,2,EA,1,100,0.885521
1755629396.850210,3116071.000,47079,2,EA,1,100,0.884846
1755629396.916210,3116137.000,47096,1,EA,1,100,0.884958
1755629396.983211,3116204.000,47112,2,EA,1,100,0.885184
1755629397.050212,3116271.000,47112,2,EA,1,100,0.885296
1755629397.116213,3116337.000,47128,1,EA,1,100,0.884846
1755629397.183214,3116404.000,47146,2,EA,1,100,0.883723
1755629397.250214,3116471.000,47146,2,EA,1,100,0.884284
1755629397.316715,3116537.500,47166,2,EA,1,100,0.884846
1755629397.383216,3116604.000,47166,2,EA,1,100,0.885747
1755629397.450217,3116671.000,47182,1,EA,1,100,0.885521
1755629397.516718,3116737.500,47197,2,EA,1,100,0.884396
1755629397.583218,3116804.000,47197,2,EA,1,100,0.884621
1755629397.650219,3116871.000,47214,1,EA,1,100,0.889253
1755629397.716720,3116937.500,47231,2,EA,1,100,0.889708
1755629397.783221,3117004.000,47231,2,EA,1,100,0.888460
1755629397.850222,3117071.000,47247,1,EA,1,100,0.896120
1755629397.916723,3117137.500,47263,2,EA,1,100,0.895544
1755629397.983223,3117204.000,47263,2,EA,1,100,0.886875
1755629398.050224,3117271.000,47279,1,EA,1,100,0.883948
1755629398.116725,3117337.500,47296,2,EA,1,100,0.882267
1755629398.183226,3117404.000,47296,2,EA,1,100,0.882490
1755629398.250227,3117471.000,47312,1,EA,1,100,0.883050
1755629398.316727,3117537.500,47330,2,EA,1,100,0.882938
1755629398.383228,3117604.000,47330,2,EA,1,100,0.883499
1755629398.450229,3117671.000,47346,1,EA,1,100,0.883948
1755629398.516730,3117737.500,47363,2,EA,1,100,0.884284
1755629398.583231,3117804.000,47363,2,EA,1,100,0.884284
1755629398.650231,3117871.000,47380,1,EA,1,100,0.884171
1755629398.716732,3117937.500,47395,2,EA,1,100,0.884621
1755629398.783233,3118004.000,47395,2,EA,1,100,0.885409
1755629398.849234,3118070.000,47411,1,EA,1,100,0.885071
1755629398.916235,3118137.000,47429,2,EA,1,100,0.885184
1755629398.983235,3118204.000,47429,2,EA,1,100,0.885634
1755629399.050236,3118271.000,47445,1,EA,1,100,0.884846
1755629399.116737,3118337.500,47461,2,EA,1,100,0.885521
1755629399.183238,3118404.000,47461,2,EA,1,100,0.885634
1755629399.249239,3118470.000,47476,1,EA,1,100,0.886310
1755629399.316240,3118537.000,47494,2,EA,1,100,0.886310
1755629399.383240,3118604.000,47494,2,EA,1,100,0.886649
1755629399.449741,3118670.500,47512,2,EA,1,100,0.886762
1755629399.516242,3118737.000,47512,2,EA,1,100,0.887553
1755629399.583243,3118804.000,47529,1,EA,1,100,0.887214
1755629399.649744,3118870.500,47544,2,EA,1,100,0.885634
1755629399.716244,3118937.000,47544,2,EA,1,100,0.887779
1755629399.783245,3119004.000,47561,1,EA,1,100,0.891759
1755629399.849746,3119070.500,47577,2,EA,1,100,0.891417
1755629399.916247,3119137.000,47577,2,EA,1,100,0.888573
1755629399.983248,3119204.000,47595,1,EA,1,100,0.887214
1755629400.049748,3119270.500,47609,2,EA,1,100,0.886536
1755629400.116249,3119337.000,47609,2,EA,1,100,0.886423
1755629400.183250,3119404.000,47626,1,EA,1,100,0.887553
1755629400.249751,3119470.500,47643,2,EA,1,100,0.887214
1755629400.316252,3119537.000,47643,2,EA,1,100,0.886875
1755629400.383253,3119604.000,47660,1,EA,1,100,0.885972
1755629400.449753,3119670.500,47674,2,EA,1,100,0.885859
1755629400.516254,3119737.000,47674,2,EA,1,100,0.887779
1755629400.583255,3119804.000,47693,1,EA,1,100,0.888800
1755629400.649756,3119870.500,47710,2,EA,1,100,0.887101
1755629400.716257,3119937.000,47710,2,EA,1,100,0.885521
1755629400.783257,3120004.000,47727,1,EA,1,100,0.884621
1755629400.849758,3120070.500,47741,2,EA,1,100,0.886198
1755629400.916259,3120137.000,47741,2,EA,1,100,0.887667
1755629400.983260,3120204.000,47759,1,EA,1,100,0.889821
1755629401.049761,3120270.500,47775,2,EA,1,100,0.889027
1755629401.116261,3120337.000,47775,2,EA,1,100,0.888233
1755629401.182762,3120403.500,47797,2,EA,1,100,0.889027
1755629401.249263,3120470.000,47797,2,EA,1,100,0.889027
1755629401.316264,3120537.000,47814,2,EA,1,100,0.888119
1755629401.383265,3120604.000,47814,2,EA,1,100,0.885972
1755629401.449265,3120670.000,47831,1,EA,1,100,0.884621
1755629401.516266,3120737.000,47847,2,EA,1,100,0.884733
1755629401.583267,3120804.000,47847,2,EA,1,100,0.884509
1755629401.649268,3120870.000,47865,1,EA,1,100,0.887327
1755629401.716269,3120937.000,47881,2,EA,1,100,0.888573
1755629401.783270,3121004.000,47881,2,EA,1,100,0.886423
1755629401.849270,3121070.000,47898,1,EA,1,100,0.885071
1755629401.915771,3121136.500,47913,2,EA,1,100,0.884284
1755629401.982272,3121203.000,47913,2,EA,1,100,0.883499
1755629402.049273,3121270.000,47930,1,EA,1,100,0.883835
1755629402.115774,3121336.500,47946,2,EA,1,100,0.885521
1755629402.182274,3121403.000,47946,2,EA,1,100,0.886649
1755629402.249275,3121470.000,47963,1,EA,1,100,0.886762
1755629402.315776,3121536.500,47980,2,EA,1,100,0.886085
1755629402.382277,3121603.000,47980,2,EA,1,100,0.885521
1755629402.449278,3121670.000,47997,1,EA,1,100,0.884958
1755629402.515778,3121736.500,48015,2,EA,1,100,0.884621
1755629402.582279,3121803.000,48015,2,EA,1,100,0.885296
1755629402.649280,3121870.000,48033,1,EA,1,100,0.885521
1755629402.715781,3121936.500,48047,2,EA,1,100,0.886198
1755629402.782282,3122003.000,48047,2,EA,1,100,0.886198
1755629402.849283,3122070.000,48064,1,EA,1,100,0.887667
1755629402.915783,3122136.500,48081,2,EA,1,100,0.887893
1755629402.982284,3122203.000,48081,2,EA,1,100,0.887779
1755629403.049285,3122270.000,48098,1,EA,1,100,0.887779
1755629403.115786,3122336.500,48112,2,EA,1,100,0.887779
1755629403.182287,3122403.000,48112,2,EA,1,100,0.887327
1755629403.249287,3122470.000,48129,1,EA,1,100,0.887667
1755629403.315788,3122536.500,48146,2,EA,1,100,0.887440
1755629403.382289,3122603.000,48146,2,EA,1,100,0.887779
1755629403.449290,3122670.000,48163,1,EA,1,100,0.888119
1755629403.515791,3122736.500,48178,2,EA,1,100,0.887893
1755629403.582291,3122803.000,48178,2,EA,1,100,0.888573
1755629403.649292,3122870.000,48195,1,EA,1,100,0.888573
1755629403.715793,3122936.500,48213,2,EA,1,100,0.888119
1755629403.782294,3123003.000,48213,2,EA,1,100,0.889027
1755629403.849295,3123070.000,48230,2,EA,1,100,0.889140
1755629403.916295,3123137.000,48230,2,EA,1,100,0.889708
1755629403.982296,3123203.000,48247,1,EA,1,100,0.889140
1755629404.049297,3123270.000,48262,2,EA,1,100,0.889140
1755629404.116298,3123337.000,48262,2,EA,1,100,0.889140
1755629404.182299,3123403.000,48278,1,EA,1,100,0.888913
1755629404.249300,3123470.000,48296,2,EA,1,100,0.889595
1755629404.316300,3123537.000,48296,2,EA,1,100,0.889253
1755629404.382301,3123603.000,48312,1,EA,1,100,0.888686
1755629404.449302,3123670.000,48327,2,EA,1,100,0.888800
1755629404.516303,3123737.000,48327,2,EA,1,100,0.888913
1755629404.582304,3123803.000,48343,1,EA,1,100,0.888573
1755629404.649304,3123870.000,48363,2,EA,1,100,0.888573
1755629404.716305,3123937.000,48363,2,EA,1,100,0.888913
1755629404.782306,3124003.000,48379,1,EA,1,100,0.888913
1755629404.849307,3124070.000,48394,2,EA,1,100,0.888800
1755629404.916308,3124137.000,48394,2,EA,1,100,0.888573
1755629404.982308,3124203.000,48411,1,EA,1,100,0.888119
1755629405.049309,3124270.000,48428,2,EA,1,100,0.888233
1755629405.116310,3124337.000,48428,2,EA,1,100,0.888119
1755629405.182311,3124403.000,48444,1,EA,1,100,0.888346
1755629405.249312,3124470.000,48460,2,EA,1,100,0.888573
1755629405.316313,3124537.000,48460,2,EA,1,100,0.888460
1755629405.382313,3124603.000,48476,1,EA,1,100,0.888233
1755629405.448814,3124669.500,48493,2,EA,1,100,0.887667
1755629405.515315,3124736.000,48493,2,EA,1,100,0.888006
1755629405.582316,3124803.000,48509,1,EA,1,100,0.888913
1755629405.649317,3124870.000,48528,2,EA,1,100,0.888686
1755629405.716317,3124937.000,48528,2,EA,1,100,0.887779
1755629405.782318,3125003.000,48543,1,EA,1,100,0.887667
1755629405.849319,3125070.000,48560,2,EA,1,100,0.888233
1755629405.916320,3125137.000,48560,2,EA,1,100,0.888800
1755629405.982821,3125203.500,48577,2,EA,1,100,0.888573
1755629406.049321,3125270.000,48577,2,EA,1,100,0.888573
1755629406.116322,3125337.000,48594,1,EA,1,100,0.887893
1755629406.182823,3125403.500,48608,2,EA,1,100,0.888233
1755629406.249324,3125470.000,48608,2,EA,1,100,0.888800
1755629406.315825,3125536.500,48631,2,EA,1,100,0.888913
1755629406.382325,3125603.000,48631,2,EA,1,100,0.888800
1755629406.449326,3125670.000,48647,1,EA,1,100,0.888686
1755629406.515827,3125736.500,48664,2,EA,1,100,0.889140
1755629406.582328,3125803.000,48664,2,EA,1,100,0.890049
1755629406.649329,3125870.000,48681,1,EA,1,100,0.889708
1755629406.715830,3125936.500,48696,2,EA,1,100,0.889936
1755629406.782330,3126003.000,48696,2,EA,1,100,0.889595
1755629406.849331,3126070.000,48714,1,EA,1,100,0.889481
1755629406.915832,3126136.500,48732,2,EA,1,100,0.889140
1755629406.982333,3126203.000,48732,2,EA,1,100,0.889708
1755629407.049334,3126270.000,48748,1,EA,1,100,0.889253
1755629407.115834,3126336.500,48764,2,EA,1,100,0.889367
1755629407.182335,3126403.000,48764,2,EA,1,100,0.889253
1755629407.248836,3126469.500,48780,2,EA,1,100,0.889708
1755629407.315337,3126536.000,48780,2,EA,1,100,0.889821
1755629407.382338,3126603.000,48799,1,EA,1,100,0.889708
1755629407.448838,3126669.500,48815,2,EA,1,100,0.889936
1755629407.515339,3126736.000,48815,2,EA,1,100,0.890277
1755629407.582340,3126803.000,48832,1,EA,1,100,0.889595
1755629407.648841,3126869.500,48847,2,EA,1,100,0.889367
1755629407.715342,3126936.000,48847,2,EA,1,100,0.889027
1755629407.782343,3127003.000,48864,1,EA,1,100,0.888913
1755629407.848843,3127069.500,48880,2,EA,1,100,0.887893
1755629407.915344,3127136.000,48880,2,EA,1,100,0.887440
1755629407.982345,3127203.000,48900,1,EA,1,100,0.887327
1755629408.048846,3127269.500,48914,2,EA,1,100,0.886085
1755629408.115347,3127336.000,48914,2,EA,1,100,0.885184
1755629408.182347,3127403.000,48931,1,EA,1,100,0.885071
1755629408.248848,3127469.500,48948,2,EA,1,100,0.885184
1755629408.315349,3127536.000,48948,2,EA,1,100,0.884171
1755629408.382350,3127603.000,48965,1,EA,1,100,0.884284
1755629408.448851,3127669.500,48979,2,EA,1,100,0.884958
1755629408.515351,3127736.000,48979,2,EA,1,100,0.884396
1755629408.582352,3127803.000,48996,1,EA,1,100,0.883723
1755629408.648853,3127869.500,49013,2,EA,1,100,0.884733
1755629408.715354,3127936.000,49013,2,EA,1,100,0.885296
1755629408.782355,3128003.000,49030,1,EA,1,100,0.883948
1755629408.848855,3128069.500,49044,2,EA,1,100,0.883723
1755629408.915356,3128136.000,49044,2,EA,1,100,0.883948
1755629408.982357,3128203.000,49064,1,EA,1,100,0.883387
1755629409.048858,3128269.500,49080,2,EA,1,100,0.882938
1755629409.115359,3128336.000,49080,2,EA,1,100,0.882938
1755629409.182360,3128403.000,49097,1,EA,1,100,0.882490
1755629409.248860,3128469.500,49113,2,EA,1,100,0.882155
1755629409.315361,3128536.000,49113,2,EA,1,100,0.881820
1755629409.382362,3128603.000,49129,1,EA,1,100,0.882155
1755629409.448863,3128669.500,49145,2,EA,1,100,0.882155
1755629409.515364,3128736.000,49145,2,EA,1,100,0.883163
1755629409.581864,3128802.500,49163,2,EA,1,100,0.883274
1755629409.648365,3128869.000,49163,2,EA,1,100,0.883163
1755629409.715366,3128936.000,49179,1,EA,1,100,0.883387
1755629409.781867,3129002.500,49194,2,EA,1,100,0.883948
1755629409.848368,3129069.000,49194,2,EA,1,100,0.883723
1755629409.915368,3129136.000,49210,1,EA,1,100,0.883499
1755629409.981869,3129202.500,49228,2,EA,1,100,0.880928
1755629410.048370,3129269.000,49228,2,EA,1,100,0.875940
1755629410.115371,3129336.000,49246,1,EA,1,100,0.869921
1755629410.181872,3129402.500,49261,2,EA,1,100,0.860992
1755629410.248372,3129469.000,49261,2,EA,1,100,0.842957
1755629410.315373,3129536.000,49278,1,EA,1,100,0.809912
1755629410.381874,3129602.500,49295,2,EA,1,100,0.766152
1755629410.448375,3129669.000,49295,2,EA,1,100,0.708245
1755629410.515376,3129736.000,49311,1,EA,1,100,0.666099
1755629410.581877,3129802.500,49327,2,EA,1,100,0.638781
1755629410.648377,3129869.000,49327,2,EA,1,100,0.630224
1755629410.715378,3129936.000,49343,1,EA,1,100,0.622782
1755629410.781879,3130002.500,49360,2,EA,1,100,0.605031
1755629410.848380,3130069.000,49360,2,EA,1,100,0.575143
1755629410.915381,3130136.000,49376,1,EA,1,100,0.550322
1755629410.981881,3130202.500,49392,2,EA,1,100,0.534808
1755629411.048382,3130269.000,49392,2,EA,1,100,0.516594
1755629411.115383,3130336.000,49408,1,EA,1,100,0.492616
1755629411.181884,3130402.500,49427,2,EA,1,100,0.467479
1755629411.248385,3130469.000,49427,2,EA,1,100,0.451913
1755629411.315385,3130536.000,49444,1,EA,1,100,0.442183
1755629411.382053,3130602.667,49465,3,EA,1,100,0.433213
1755629411.448720,3130669.333,49465,3,EA,1,100,0.427390
1755629411.515388,3130736.000,49465,3,EA,1,100,0.424938
1755629411.582389,3130803.000,49481,1,EA,1,100,0.426004
1755629411.648890,3130869.500,49497,2,EA,1,100,0.428494
1755629411.715390,3130936.000,49497,2,EA,1,100,0.429870
1755629411.782391,3131003.000,49513,1,EA,1,100,0.426970
1755629411.848892,3131069.500,49530,2,EA,1,100,0.422565
1755629411.915393,3131136.000,49530,2,EA,1,100,0.421822
1755629411.981394,3131202.000,49547,1,EA,1,100,0.424420
1755629412.048394,3131269.000,49562,2,EA,1,100,0.424264
1755629412.115395,3131336.000,49562,2,EA,1,100,0.423361
1755629412.181896,3131402.500,49580,2,EA,1,100,0.423104
1755629412.248397,3131469.000,49580,2,EA,1,100,0.421899
1755629412.315034,3131535.636,49602,11,EA,1,100,0.418425
1755629412.381671,3131602.273,49602,11,EA,1,100,0.409179
1755629412.448308,3131668.909,49602,11,EA,1,100,0.401233
1755629412.514946,3131735.545,49602,11,EA,1,100,0.397091
1755629412.581583,3131802.182,49602,11,EA,1,100,0.394257
1755629412.648220,3131868.818,49602,11,EA,1,100,0.391817
1755629412.714857,3131935.455,49602,11,EA,1,100,0.389733
1755629412.781494,3132002.091,49602,11,EA,1,100,0.387585
1755629412.848131,3132068.727,49602,11,EA,1,100,0.386081
1755629412.914769,3132135.364,49602,11,EA,1,100,0.383550
1755629412.981406,3132202.000,49602,11,EA,1,100,0.379970
1755629413.048107,3132268.700,49625,20,EA,1,100,0.376030
1755629413.114807,3132335.400,49625,20,EA,1,100,0.373489
1755629413.181508,3132402.100,49625,20,EA,1,100,0.368819
1755629413.248209,3132468.800,49625,20,EA,1,100,0.360568
1755629413.314910,3132535.500,49625,20,EA,1,100,0.351148
1755629413.381611,3132602.200,49625,20,EA,1,100,0.342679
1755629413.448311,3132668.900,49625,20,EA,1,100,0.340617
1755629413.515012,3132735.600,49625,20,EA,1,100,0.345399
1755629413.581713,3132802.300,49625,20,EA,1,100,0.352535
1755629413.648414,3132869.000,49625,20,EA,1,100,0.363467
1755629413.715115,3132935.700,49625,20,EA,1,100,0.377069
1755629413.781815,3133002.400,49625,20,EA,1,100,0.384164
1755629413.848516,3133069.100,49625,20,EA,1,100,0.385461
1755629413.915217,3133135.800,49625,20,EA,1,100,0.384652
1755629413.981918,3133202.500,49625,20,EA,1,100,0.385290
1755629414.048619,3133269.200,49625,20,EA,1,100,0.387004
1755629414.115320,3133335.900,49625,20,EA,1,100,0.388385
1755629414.182020,3133402.600,49625,20,EA,1,100,0.386531
1755629414.248721,3133469.300,49625,20,EA,1,100,0.382875
1755629414.315422,3133536.000,49625,20,EA,1,100,0.378545
1755629414.382066,3133602.643,49646,14,EA,1,100,0.376396
1755629414.448709,3133669.286,49646,14,EA,1,100,0.374775
1755629414.515353,3133735.929,49646,14,EA,1,100,0.372251
1755629414.581997,3133802.571,49646,14,EA,1,100,0.366181
1755629414.648640,3133869.214,49646,14,EA,1,100,0.357568
1755629414.715284,3133935.857,49646,14,EA,1,100,0.350036
1755629414.781928,3134002.500,49646,14,EA,1,100,0.345897
1755629414.848571,3134069.143,49646,14,EA,1,100,0.346138
1755629414.915215,3134135.786,49646,14,EA,1,100,0.349895
1755629414.981859,3134202.429,49646,14,EA,1,100,0.354473
1755629415.048502,3134269.071,49646,14,EA,1,100,0.359303
1755629415.115146,3134335.714,49646,14,EA,1,100,0.363923
1755629415.181790,3134402.357,49646,14,EA,1,100,0.367845
1755629415.248433,3134469.000,49646,14,EA,1,100,0.370724
1755629415.315101,3134535.667,49665,3,EA,1,100,0.372350
1755629415.381768,3134602.333,49665,3,EA,1,100,0.373368
1755629415.448436,3134669.000,49665,3,EA,1,100,0.373609
1755629415.515437,3134736.000,49682,1,EA,1,100,0.372909
1755629415.581937,3134802.500,49699,2,EA,1,100,0.372769
1755629415.648438,3134869.000,49699,2,EA,1,100,0.374674
1755629415.714439,3134935.000,49716,1,EA,1,100,0.377744
1755629415.781440,3135002.000,49730,2,EA,1,100,0.384822
1755629415.848441,3135069.000,49730,2,EA,1,100,0.399437
1755629415.915441,3135136.000,49747,1,EA,1,100,0.410047
1755629415.981942,3135202.500,49764,2,EA,1,100,0.412012
1755629416.048443,3135269.000,49764,2,EA,1,100,0.413997
1755629416.114444,3135335.000,49781,1,EA,1,100,0.415578
1755629416.181445,3135402.000,49798,2,EA,1,100,0.414860
1755629416.248445,3135469.000,49798,2,EA,1,100,0.412427
1755629416.314946,3135535.500,49817,2,EA,1,100,0.403792
1755629416.381447,3135602.000,49817,2,EA,1,100,0.386209
1755629416.448448,3135669.000,49833,1,EA,1,100,0.378052
1755629416.514949,3135735.500,49855,2,EA,1,100,0.376091
1755629416.581450,3135802.000,49855,2,EA,1,100,0.375625
1755629416.647950,3135868.500,49872,2,EA,1,100,0.377498
1755629416.714451,3135935.000,49872,2,EA,1,100,0.379660
1755629416.781452,3136002.000,49889,1,EA,1,100,0.375827
1755629416.847953,3136068.500,49903,2,EA,1,100,0.368839
1755629416.914454,3136135.000,49903,2,EA,1,100,0.363980
1755629416.981454,3136202.000,49921,1,EA,1,100,0.363866
1755629417.047955,3136268.500,49937,2,EA,1,100,0.366143
1755629417.114456,3136335.000,49937,2,EA,1,100,0.368722
1755629417.181457,3136402.000,49954,1,EA,1,100,0.367031
1755629417.247958,3136468.500,49969,2,EA,1,100,0.363505
1755629417.314458,3136535.000,49969,2,EA,1,100,0.362181
1755629417.381459,3136602.000,49990,1,EA,1,100,0.362238
1755629417.447960,3136668.500,50006,2,EA,1,100,0.361711
1755629417.514461,3136735.000,50006,2,EA,1,100,0.360792
1755629417.581462,3136802.000,50023,1,EA,1,100,0.358138
1755629417.647962,3136868.500,50039,2,EA,1,100,0.355414
1755629417.714463,3136935.000,50039,2,EA,1,100,0.355124
1755629417.781464,3137002.000,50055,1,EA,1,100,0.356378
1755629417.847965,3137068.500,50071,2,EA,1,100,0.357917
1755629417.914466,3137135.000,50071,2,EA,1,100,0.359228
1755629417.981467,3137202.000,50089,2,EA,1,100,0.360549
1755629418.048467,3137269.000,50089,2,EA,1,100,0.362256
1755629418.114468,3137335.000,50105,1,EA,1,100,0.362842
1755629418.181469,3137402.000,50120,2,EA,1,100,0.362955
1755629418.248470,3137469.000,50120,2,EA,1,100,0.361917
1755629418.314471,3137535.000,50137,1,EA,1,100,0.361185
1755629418.381471,3137602.000,50156,2,EA,1,100,0.363790
1755629418.448472,3137669.000,50156,2,EA,1,100,0.364781
1755629418.514473,3137735.000,50172,1,EA,1,100,0.361917
1755629418.581474,3137802.000,50188,2,EA,1,100,0.357568
1755629418.648475,3137869.000,50188,2,EA,1,100,0.353717
1755629418.714475,3137935.000,50204,1,EA,1,100,0.352374
1755629418.781476,3138002.000,50221,2,EA,1,100,0.352713
1755629418.848477,3138069.000,50221,2,EA,1,100,0.353843
1755629418.914478,3138135.000,50237,1,EA,1,100,0.354401
1755629418.981479,3138202.000,50253,2,EA,1,100,0.355796
1755629419.048480,3138269.000,50253,2,EA,1,100,0.356123
1755629419.114480,3138335.000,50269,1,EA,1,100,0.356105
1755629419.181481,3138402.000,50286,2,EA,1,100,0.355632
1755629419.248482,3138469.000,50286,2,EA,1,100,0.355233
1755629419.314483,3138535.000,50305,1,EA,1,100,0.355360
1755629419.381484,3138602.000,50320,2,EA,1,100,0.354726
1755629419.448484,3138669.000,50320,2,EA,1,100,0.352821
1755629419.514485,3138735.000,50336,1,EA,1,100,0.350723
1755629419.581486,3138802.000,50354,2,EA,1,100,0.349948
1755629419.648487,3138869.000,50354,2,EA,1,100,0.350706
1755629419.714488,3138935.000,50370,1,EA,1,100,0.352321
1755629419.780988,3139001.500,50386,2,EA,1,100,0.353645
1755629419.847489,3139068.000,50386,2,EA,1,100,0.355378
1755629419.914490,3139135.000,50401,1,EA,1,100,0.359562
1755629419.981491,3139202.000,50419,2,EA,1,100,0.371080
1755629420.048492,3139269.000,50419,2,EA,1,100,0.389820
1755629420.114492,3139335.000,50435,1,EA,1,100,0.413480
1755629420.180993,3139401.500,50451,2,EA,1,100,0.451444
1755629420.247494,3139468.000,50451,2,EA,1,100,0.485134
1755629420.314495,3139535.000,50469,2,EA,1,100,0.497367
1755629420.381496,3139602.000,50469,2,EA,1,100,0.502682
1755629420.448497,3139669.000,50486,1,EA,1,100,0.510084
1755629420.514997,3139735.500,50502,2,EA,1,100,0.521547
1755629420.581498,3139802.000,50502,2,EA,1,100,0.531379
1755629420.647499,3139868.000,50520,1,EA,1,100,0.536456
1755629420.714500,3139935.000,50536,2,EA,1,100,0.534561
1755629420.781501,3140002.000,50536,2,EA,1,100,0.528917
1755629420.847501,3140068.000,50553,1,EA,1,100,0.528274
1755629420.914502,3140135.000,50570,2,EA,1,100,0.526039
1755629420.981503,3140202.000,50570,2,EA,1,100,0.520495
1755629421.047504,3140268.000,50587,1,EA,1,100,0.506153
1755629421.114505,3140335.000,50601,2,EA,1,100,0.481011
1755629421.181505,3140402.000,50601,2,EA,1,100,0.455967
1755629421.247506,3140468.000,50618,1,EA,1,100,0.442211
1755629421.314507,3140535.000,50635,2,EA,1,100,0.434647
1755629421.381508,3140602.000,50635,2,EA,1,100,0.429208
1755629421.447509,3140668.000,50654,1,EA,1,100,0.425327
1755629421.514510,3140735.000,50668,2,EA,1,100,0.423233
1755629421.581510,3140802.000,50668,2,EA,1,100,0.421669
1755629421.648011,3140868.500,50691,2,EA,1,100,0.420854
1755629421.714512,3140935.000,50691,2,EA,1,100,0.420574
1755629421.781013,3141001.500,50707,2,EA,1,100,0.420117
1755629421.847514,3141068.000,50707,2,EA,1,100,0.420168
1755629421.914514,3141135.000,50724,1,EA,1,100,0.421286
1755629421.981015,3141201.500,50741,2,EA,1,100,0.421593
1755629422.047516,3141268.000,50741,2,EA,1,100,0.421159
1755629422.114517,3141335.000,50758,1,EA,1,100,0.419712
1755629422.181018,3141401.500,50772,2,EA,1,100,0.418375
1755629422.247518,3141468.000,50772,2,EA,1,100,0.418300
1755629422.314519,3141535.000,50790,1,EA,1,100,0.420295
1755629422.381020,3141601.500,50810,2,EA,1,100,0.425639
1755629422.447521,3141668.000,50810,2,EA,1,100,0.434728
1755629422.514522,3141735.000,50827,1,EA,1,100,0.446952
1755629422.581022,3141801.500,50842,2,EA,1,100,0.457977
1755629422.647523,3141868.000,50842,2,EA,1,100,0.467510
1755629422.714524,3141935.000,50859,1,EA,1,100,0.475038
1755629422.781025,3142001.500,50875,2,EA,1,100,0.478170
1755629422.847526,3142068.000,50875,2,EA,1,100,0.477612
1755629422.914527,3142135.000,50894,1,EA,1,100,0.473584
1755629422.981027,3142201.500,50909,2,EA,1,100,0.468769
1755629423.047528,3142268.000,50909,2,EA,1,100,0.463094
1755629423.114529,3142335.000,50926,1,EA,1,100,0.456087
1755629423.181030,3142401.500,50942,2,EA,1,100,0.449811
1755629423.247531,3142468.000,50942,2,EA,1,100,0.445693
1755629423.314531,3142535.000,50960,1,EA,1,100,0.442886
1755629423.381032,3142601.500,50977,2,EA,1,100,0.440449
1755629423.447533,3142668.000,50977,2,EA,1,100,0.438258
1755629423.514534,3142735.000,50993,1,EA,1,100,0.436582
1755629423.581035,3142801.500,51010,2,EA,1,100,0.435626
1755629423.647535,3142868.000,51010,2,EA,1,100,0.435435
1755629423.714536,3142935.000,51027,1,EA,1,100,0.434755
1755629423.781037,3143001.500,51042,2,EA,1,100,0.434024
1755629423.847538,3143068.000,51042,2,EA,1,100,0.432917
1755629423.914039,3143134.500,51059,2,EA,1,100,0.432379
1755629423.980540,3143201.000,51059,2,EA,1,100,0.432863
1755629424.047540,3143268.000,51075,1,EA,1,100,0.432702
1755629424.114041,3143334.500,51092,2,EA,1,100,0.432621
1755629424.180542,3143401.000,51092,2,EA,1,100,0.433160
1755629424.247543,3143468.000,51108,1,EA,1,100,0.431763
1755629424.314044,3143534.500,51124,2,EA,1,100,0.431388
1755629424.380544,3143601.000,51124,2,EA,1,100,0.432353
1755629424.447545,3143668.000,51140,1,EA,1,100,0.433348
1755629424.514046,3143734.500,51159,2,EA,1,100,0.434457
1755629424.580547,3143801.000,51159,2,EA,1,100,0.435926
1755629424.647548,3143868.000,51176,1,EA,1,100,0.436664
1755629424.714048,3143934.500,51191,2,EA,1,100,0.435680
1755629424.780549,3144001.000,51191,2,EA,1,100,0.435435
1755629424.847550,3144068.000,51207,1,EA,1,100,0.437405
1755629424.914051,3144134.500,51225,2,EA,1,100,0.442295
1755629424.980552,3144201.000,51225,2,EA,1,100,0.449839
1755629425.047552,3144268.000,51241,1,EA,1,100,0.454420
1755629425.114053,3144334.500,51256,2,EA,1,100,0.457495
1755629425.180554,3144401.000,51256,2,EA,1,100,0.459943
1755629425.247555,3144468.000,51272,1,EA,1,100,0.461315
1755629425.314056,3144534.500,51290,2,EA,1,100,0.466101
1755629425.380557,3144601.000,51290,2,EA,1,100,0.475362
1755629425.447557,3144668.000,51306,1,EA,1,100,0.483281
1755629425.514058,3144734.500,51323,2,EA,1,100,0.498935
1755629425.580559,3144801.000,51323,2,EA,1,100,0.527794
1755629425.647560,3144868.000,51340,1,EA,1,100,0.565428
1755629425.714061,3144934.500,51357,2,EA,1,100,0.582993
1755629425.780561,3145001.000,51357,2,EA,1,100,0.590109
1755629425.847562,3145068.000,51373,1,EA,1,100,0.607778
1755629425.914063,3145134.500,51390,2,EA,1,100,0.625243
1755629425.980564,3145201.000,51390,2,EA,1,100,0.636446
1755629426.047565,3145268.000,51405,1,EA,1,100,0.640427
1755629426.114065,3145334.500,51424,2,EA,1,100,0.642732
1755629426.180566,3145401.000,51424,2,EA,1,100,0.644876
1755629426.247567,3145468.000,51440,1,EA,1,100,0.643624
1755629426.314068,3145534.500,51457,2,EA,1,100,0.643981
1755629426.380569,3145601.000,51457,2,EA,1,100,0.649205
1755629426.447070,3145667.500,51474,2,EA,1,100,0.651819
1755629426.513570,3145734.000,51474,2,EA,1,100,0.653900
1755629426.580571,3145801.000,51491,1,EA,1,100,0.656490
1755629426.647072,3145867.500,51508,2,EA,1,100,0.659599
1755629426.713573,3145934.000,51508,2,EA,1,100,0.662676
1755629426.780574,3146001.000,51528,2,EA,1,100,0.663244
1755629426.847574,3146068.000,51528,2,EA,1,100,0.663940
1755629426.914075,3146134.500,51545,2,EA,1,100,0.666036
1755629426.980576,3146201.000,51545,2,EA,1,100,0.668208
1755629427.047577,3146268.000,51562,1,EA,1,100,0.670074
1755629427.114078,3146334.500,51577,2,EA,1,100,0.671560
1755629427.180578,3146401.000,51577,2,EA,1,100,0.671820
1755629427.247079,3146467.500,51594,2,EA,1,100,0.673119
1755629427.313580,3146534.000,51594,2,EA,1,100,0.674292
1755629427.380581,3146601.000,51612,1,EA,1,100,0.675404
1755629427.447082,3146667.500,51631,2,EA,1,100,0.676717
1755629427.513582,3146734.000,51631,2,EA,1,100,0.677837
1755629427.580583,3146801.000,51647,1,EA,1,100,0.679093
1755629427.647084,3146867.500,51663,2,EA,1,100,0.679889
1755629427.713585,3146934.000,51663,2,EA,1,100,0.681353
1755629427.780586,3147001.000,51679,1,EA,1,100,0.682287
1755629427.847087,3147067.500,51696,2,EA,1,100,0.683024
1755629427.913587,3147134.000,51696,2,EA,1,100,0.684030
1755629427.980588,3147201.000,51713,1,EA,1,100,0.684434
1755629428.047089,3147267.500,51728,2,EA,1,100,0.684770
1755629428.113590,3147334.000,51728,2,EA,1,100,0.684299
1755629428.180591,3147401.000,51744,1,EA,1,100,0.684568
1755629428.247091,3147467.500,51762,2,EA,1,100,0.684299
1755629428.313592,3147534.000,51762,2,EA,1,100,0.684165
1755629428.380593,3147601.000,51778,1,EA,1,100,0.683695
1755629428.447094,3147667.500,51795,2,EA,1,100,0.684635
1755629428.513595,3147734.000,51795,2,EA,1,100,0.686729
1755629428.580595,3147801.000,51811,1,EA,1,100,0.691710
1755629428.647096,3147867.500,51829,2,EA,1,100,0.698230
1755629428.713597,3147934.000,51829,2,EA,1,100,0.701325
1755629428.780598,3148001.000,51845,1,EA,1,100,0.702812
1755629428.847099,3148067.500,51862,2,EA,1,100,0.704162
1755629428.913600,3148134.000,51862,2,EA,1,100,0.704875
1755629428.980600,3148201.000,51879,1,EA,1,100,0.705947
1755629429.047101,3148267.500,51896,2,EA,1,100,0.707597
1755629429.113602,3148334.000,51896,2,EA,1,100,0.709689
1755629429.180603,3148401.000,51914,1,EA,1,100,0.710776
1755629429.247104,3148467.500,51931,2,EA,1,100,0.711720
1755629429.313604,3148534.000,51931,2,EA,1,100,0.712448
1755629429.380605,3148601.000,51946,1,EA,1,100,0.713178
1755629429.447106,3148667.500,51963,2,EA,1,100,0.714276
1755629429.513607,3148734.000,51963,2,EA,1,100,0.715083
1755629429.580108,3148800.500,51980,2,EA,1,100,0.716260
1755629429.646608,3148867.000,51980,2,EA,1,100,0.717440
1755629429.713609,3148934.000,51997,1,EA,1,100,0.718329
1755629429.780110,3149000.500,52011,2,EA,1,100,0.718922
1755629429.846611,3149067.000,52011,2,EA,1,100,0.719889
1755629429.913612,3149134.000,52028,1,EA,1,100,0.721306
1755629429.980112,3149200.500,52045,2,EA,1,100,0.722278
1755629430.046613,3149267.000,52045,2,EA,1,100,0.723630
1755629430.113614,3149334.000,52064,1,EA,1,100,0.723630
1755629430.180115,3149400.500,52078,2,EA,1,100,0.723254
1755629430.246616,3149467.000,52078,2,EA,1,100,0.723931
1755629430.313617,3149534.000,52096,1,EA,1,100,0.724835
1755629430.380117,3149600.500,52112,2,EA,1,100,0.725666
1755629430.446618,3149667.000,52112,2,EA,1,100,0.727030
1755629430.513619,3149734.000,52129,1,EA,1,100,0.727714
1755629430.580120,3149800.500,52144,2,EA,1,100,0.728552
1755629430.646621,3149867.000,52144,2,EA,1,100,0.728933
1755629430.713621,3149934.000,52161,1,EA,1,100,0.729085
1755629430.780122,3150000.500,52177,2,EA,1,100,0.729315
1755629430.846623,3150067.000,52177,2,EA,1,100,0.732537
1755629430.913624,3150134.000,52194,1,EA,1,100,0.732692
1755629430.980125,3150200.500,52211,2,EA,1,100,0.733387
1755629431.046625,3150267.000,52211,2,EA,1,100,0.735323
1755629431.113626,3150334.000,52228,1,EA,1,100,0.737270
1755629431.180127,3150400.500,52246,2,EA,1,100,0.738912
1755629431.246628,3150467.000,52246,2,EA,1,100,0.739933
1755629431.313629,3150534.000,52264,1,EA,1,100,0.740800
1755629431.380130,3150600.500,52281,2,EA,1,100,0.742142
1755629431.446630,3150667.000,52281,2,EA,1,100,0.742696
1755629431.513631,3150734.000,52297,1,EA,1,100,0.743251
1755629431.580132,3150800.500,52314,2,EA,1,100,0.743489
1755629431.646633,3150867.000,52314,2,EA,1,100,0.744125
1755629431.713634,3150934.000,52331,2,EA,1,100,0.745160
1755629431.780634,3151001.000,52331,2,EA,1,100,0.746359
1755629431.846635,3151067.000,52347,1,EA,1,100,0.746919
1755629431.913136,3151133.500,52370,2,EA,1,100,0.747801
1755629431.979637,3151200.000,52370,2,EA,1,100,0.748364
1755629432.046638,3151267.000,52386,2,EA,1,100,0.749169
1755629432.113638,3151334.000,52386,2,EA,1,100,0.749895
1755629432.180639,3151401.000,52403,1,EA,1,100,0.750461
1755629432.247140,3151467.500,52420,2,EA,1,100,0.750785
1755629432.313641,3151534.000,52420,2,EA,1,100,0.751109
1755629432.380642,3151601.000,52441,1,EA,1,100,0.751839
1755629432.447142,3151667.500,52456,2,EA,1,100,0.752489
1755629432.513643,3151734.000,52456,2,EA,1,100,0.753385
1755629432.579644,3151800.000,52472,1,EA,1,100,0.755101
1755629432.646645,3151867.000,52489,2,EA,1,100,0.756002
1755629432.713646,3151934.000,52489,2,EA,1,100,0.757071
1755629432.779647,3152000.000,52506,1,EA,1,100,0.758391
1755629432.846647,3152067.000,52521,2,EA,1,100,0.759880
1755629432.913648,3152134.000,52521,2,EA,1,100,0.761210
1755629432.980149,3152200.500,52540,2,EA,1,100,0.762126
1755629433.046650,3152267.000,52540,2,EA,1,100,0.761792
1755629433.113651,3152334.000,52558,1,EA,1,100,0.762043
1755629433.180151,3152400.500,52575,2,EA,1,100,0.762377
1755629433.246652,3152467.000,52575,2,EA,1,100,0.762962
1755629433.313653,3152534.000,52592,1,EA,1,100,0.763715
1755629433.380154,3152600.500,52607,2,EA,1,100,0.765141
1755629433.446655,3152667.000,52607,2,EA,1,100,0.765647
1755629433.513655,3152734.000,52623,1,EA,1,100,0.766489
1755629433.580156,3152800.500,52641,2,EA,1,100,0.767081
1755629433.646657,3152867.000,52641,2,EA,1,100,0.768011
1755629433.713658,3152934.000,52657,1,EA,1,100,0.768775
1755629433.780159,3153000.500,52672,2,EA,1,100,0.769284
1755629433.846660,3153067.000,52672,2,EA,1,100,0.769794
1755629433.913660,3153134.000,52690,1,EA,1,100,0.770476
1755629433.980161,3153200.500,52708,2,EA,1,100,0.770988
1755629434.046662,3153267.000,52708,2,EA,1,100,0.771586
1755629434.113663,3153334.000,52724,1,EA,1,100,0.773386
1755629434.180164,3153400.500,52739,2,EA,1,100,0.774676
1755629434.246664,3153467.000,52739,2,EA,1,100,0.774935
1755629434.313665,3153534.000,52756,1,EA,1,100,0.776231
1755629434.380166,3153600.500,52773,2,EA,1,100,0.779272
1755629434.446667,3153667.000,52773,2,EA,1,100,0.783217
1755629434.513668,3153734.000,52789,1,EA,1,100,0.784629
1755629434.580168,3153800.500,52809,2,EA,1,100,0.781722
1755629434.646669,3153867.000,52809,2,EA,1,100,0.776664
1755629434.713670,3153934.000,52825,1,EA,1,100,0.775971
1755629434.780171,3154000.500,52842,2,EA,1,100,0.777271
1755629434.846672,3154067.000,52842,2,EA,1,100,0.778575
1755629434.913672,3154134.000,52858,1,EA,1,100,0.778662
1755629434.980173,3154200.500,52875,2,EA,1,100,0.779971
1755629435.046674,3154267.000,52875,2,EA,1,100,0.780933
1755629435.113675,3154334.000,52890,1,EA,1,100,0.781722
1755629435.180176,3154400.500,52909,2,EA,1,100,0.782601
1755629435.246677,3154467.000,52909,2,EA,1,100,0.782776
1755629435.313177,3154533.500,52926,2,EA,1,100,0.782689
1755629435.379678,3154600.000,52926,2,EA,1,100,0.783129
1755629435.446679,3154667.000,52943,1,EA,1,100,0.785160
1755629435.513180,3154733.500,52957,2,EA,1,100,0.784894
1755629435.579681,3154800.000,52957,2,EA,1,100,0.783482
1755629435.646681,3154867.000,52975,1,EA,1,100,0.785072
1755629435.713182,3154933.500,52991,2,EA,1,100,0.787380
1755629435.779683,3155000.000,52991,2,EA,1,100,0.787291
1755629435.846684,3155067.000,53010,1,EA,1,100,0.787380
1755629435.913185,3155133.500,53025,2,EA,1,100,0.788004
1755629435.979685,3155200.000,53025,2,EA,1,100,0.788629
1755629436.046686,3155267.000,53042,1,EA,1,100,0.791138
1755629436.113187,3155333.500,53060,2,EA,1,100,0.790509
1755629436.179688,3155400.000,53060,2,EA,1,100,0.790599
1755629436.246689,3155467.000,53077,1,EA,1,100,0.791948
1755629436.313190,3155533.500,53092,2,EA,1,100,0.793211
1755629436.379690,3155600.000,53092,2,EA,1,100,0.795113
1755629436.446691,3155667.000,53109,1,EA,1,100,0.796022
1755629436.513192,3155733.500,53127,2,EA,1,100,0.795022
1755629436.579693,3155800.000,53127,2,EA,1,100,0.794840
1755629436.646694,3155867.000,53145,1,EA,1,100,0.795113
1755629436.713194,3155933.500,53159,2,EA,1,100,0.795568
1755629436.779695,3156000.000,53159,2,EA,1,100,0.797024
1755629436.846696,3156067.000,53176,1,EA,1,100,0.797847
1755629436.913197,3156133.500,53197,2,EA,1,100,0.798029
1755629436.979698,3156200.000,53197,2,EA,1,100,0.798212
1755629437.046198,3156266.500,53219,2,EA,1,100,0.798029
1755629437.112699,3156333.000,53219,2,EA,1,100,0.798853
1755629437.179700,3156400.000,53235,2,EA,1,100,0.797847
1755629437.246701,3156467.000,53235,2,EA,1,100,0.797298
1755629437.312702,3156533.000,53253,1,EA,1,100,0.798487
1755629437.379702,3156600.000,53269,2,EA,1,100,0.800047
1755629437.446703,3156667.000,53269,2,EA,1,100,0.802629
1755629437.512704,3156733.000,53286,1,EA,1,100,0.803092
1755629437.579705,3156800.000,53303,2,EA,1,100,0.804205
1755629437.646706,3156867.000,53303,2,EA,1,100,0.804949
1755629437.712707,3156933.000,53322,1,EA,1,100,0.801705
1755629437.779707,3157000.000,53336,2,EA,1,100,0.801889
1755629437.846708,3157067.000,53336,2,EA,1,100,0.803370
1755629437.912709,3157133.000,53353,1,EA,1,100,0.804391
1755629437.979710,3157200.000,53372,2,EA,1,100,0.806161
1755629438.046711,3157267.000,53372,2,EA,1,100,0.805229
1755629438.112711,3157333.000,53391,1,EA,1,100,0.804019
1755629438.179712,3157400.000,53405,2,EA,1,100,0.804205
1755629438.246713,3157467.000,53405,2,EA,1,100,0.805042
1755629438.312714,3157533.000,53423,1,EA,1,100,0.806534
1755629438.379715,3157600.000,53439,2,EA,1,100,0.806628
1755629438.446715,3157667.000,53439,2,EA,1,100,0.807096
1755629438.512716,3157733.000,53456,1,EA,1,100,0.807564
1755629438.579217,3157799.500,53472,2,EA,1,100,0.808219
1755629438.645718,3157866.000,53472,2,EA,1,100,0.808783
1755629438.712719,3157933.000,53490,2,EA,1,100,0.808595
1755629438.779720,3158000.000,53490,2,EA,1,100,0.809441
1755629438.845720,3158066.000,53506,1,EA,1,100,0.809912
1755629438.912721,3158133.000,53526,2,EA,1,100,0.810195
1755629438.979722,3158200.000,53526,2,EA,1,100,0.810289
1755629439.046723,3158267.000,53542,1,EA,1,100,0.810384
1755629439.113224,3158333.500,53557,2,EA,1,100,0.811611
1755629439.179724,3158400.000,53557,2,EA,1,100,0.812085
1755629439.246725,3158467.000,53577,1,EA,1,100,0.812085
1755629439.313226,3158533.500,53595,2,EA,1,100,0.811895
1755629439.379727,3158600.000,53595,2,EA,1,100,0.811611
1755629439.445728,3158666.000,53611,1,EA,1,100,0.811895
1755629439.512728,3158733.000,53626,2,EA,1,100,0.812463
1755629439.579729,3158800.000,53626,2,EA,1,100,0.812749
1755629439.645730,3158866.000,53643,1,EA,1,100,0.813413
1755629439.712731,3158933.000,53660,2,EA,1,100,0.814364
1755629439.779732,3159000.000,53660,2,EA,1,100,0.814745
1755629439.845732,3159066.000,53676,1,EA,1,100,0.814936
1755629439.912733,3159133.000,53694,2,EA,1,100,0.815223
1755629439.979734,3159200.000,53694,2,EA,1,100,0.815509
1755629440.046735,3159267.000,53710,1,EA,1,100,0.815700
1755629440.113236,3159333.500,53727,2,EA,1,100,0.816178
1755629440.179737,3159400.000,53727,2,EA,1,100,0.816561
1755629440.245737,3159466.000,53743,1,EA,1,100,0.817136
1755629440.312738,3159533.000,53761,2,EA,1,100,0.817136
1755629440.379739,3159600.000,53761,2,EA,1,100,0.817616
1755629440.445740,3159666.000,53777,1,EA,1,100,0.817904
1755629440.512741,3159733.000,53794,2,EA,1,100,0.818192
1755629440.579741,3159800.000,53794,2,EA,1,100,0.818866
1755629440.645742,3159866.000,53811,1,EA,1,100,0.819348
1755629440.712743,3159933.000,53827,2,EA,1,100,0.819637
1755629440.779744,3160000.000,53827,2,EA,1,100,0.820217
1755629440.845745,3160066.000,53842,1,EA,1,100,0.820507
1755629440.912745,3160133.000,53862,2,EA,1,100,0.820120
1755629440.979746,3160200.000,53862,2,EA,1,100,0.822931
1755629441.046247,3160266.500,53878,2,EA,1,100,0.819734
1755629441.112748,3160333.000,53878,2,EA,1,100,0.818000
1755629441.179749,3160400.000,53895,1,EA,1,100,0.819348
1755629441.246250,3160466.500,53912,2,EA,1,100,0.820410
1755629441.312750,3160533.000,53912,2,EA,1,100,0.822056
1755629441.379751,3160600.000,53929,1,EA,1,100,0.823321
1755629441.446252,3160666.500,53945,2,EA,1,100,0.823905
1755629441.512753,3160733.000,53945,2,EA,1,100,0.823515
1755629441.579754,3160800.000,53964,1,EA,1,100,0.822640
1755629441.646254,3160866.500,53979,2,EA,1,100,0.822445
1755629441.712755,3160933.000,53979,2,EA,1,100,0.822640
1755629441.779756,3161000.000,53996,1,EA,1,100,0.823321
1755629441.846257,3161066.500,54012,2,EA,1,100,0.823710
1755629441.912758,3161133.000,54012,2,EA,1,100,0.824197
1755629441.979758,3161200.000,54030,1,EA,1,100,0.823613
1755629442.046259,3161266.500,54044,2,EA,1,100,0.819637
1755629442.112760,3161333.000,54044,2,EA,1,100,0.814269
1755629442.179261,3161399.500,54066,2,EA,1,100,0.824978
1755629442.245762,3161466.000,54066,2,EA,1,100,0.837281
1755629442.312762,3161533.000,54083,1,EA,1,100,0.827331
1755629442.379263,3161599.500,54104,2,EA,1,100,0.817904
1755629442.445764,3161666.000,54104,2,EA,1,100,0.829302
1755629442.512765,3161733.000,54120,1,EA,1,100,0.840719
1755629442.579266,3161799.500,54139,2,EA,1,100,0.825174
1755629442.645767,3161866.000,54139,2,EA,1,100,0.823223
1755629442.712267,3161932.500,54154,2,EA,1,100,0.833472
1755629442.778768,3161999.000,54154,2,EA,1,100,0.827234
1755629442.845769,3162066.000,54171,1,EA,1,100,0.815318
1755629442.912270,3162132.500,54188,2,EA,1,100,0.821863
1755629442.978771,3162199.000,54188,2,EA,1,100,0.833372
1755629443.045771,3162266.000,54205,1,EA,1,100,0.834972
1755629443.112272,3162332.500,54219,2,EA,1,100,0.831184
1755629443.178773,3162399.000,54219,2,EA,1,100,0.830490
1755629443.245774,3162466.000,54236,1,EA,1,100,0.830688
1755629443.312275,3162532.500,54253,2,EA,1,100,0.830291
1755629443.378775,3162599.000,54253,2,EA,1,100,0.831481
1755629443.445776,3162666.000,54270,1,EA,1,100,0.834471
1755629443.512277,3162732.500,54286,2,EA,1,100,0.835472
1755629443.578778,3162799.000,54286,2,EA,1,100,0.835372
1755629443.645779,3162866.000,54304,1,EA,1,100,0.835572
1755629443.712280,3162932.500,54322,2,EA,1,100,0.834771
1755629443.778780,3162999.000,54322,2,EA,1,100,0.833971
1755629443.845781,3163066.000,54339,1,EA,1,100,0.834871
1755629443.912282,3163132.500,54354,2,EA,1,100,0.834671
1755629443.978783,3163199.000,54354,2,EA,1,100,0.834671
1755629444.045784,3163266.000,54371,1,EA,1,100,0.835172
1755629444.112284,3163332.500,54389,2,EA,1,100,0.836074
1755629444.178785,3163399.000,54389,2,EA,1,100,0.822056
1755629444.245786,3163466.000,54406,1,EA,1,100,0.805601
1755629444.312287,3163532.500,54421,2,EA,1,100,0.798395
1755629444.378788,3163599.000,54421,2,EA,1,100,0.813128
1755629444.445788,3163666.000,54438,1,EA,1,100,0.825467
1755629444.512289,3163732.500,54454,2,EA,1,100,0.828414
1755629444.578790,3163799.000,54454,2,EA,1,100,0.835071
1755629444.645791,3163866.000,54474,1,EA,1,100,0.870139
1755629444.712292,3163932.500,54488,2,EA,1,100,0.863662
1755629444.778792,3163999.000,54488,2,EA,1,100,0.847575
1755629444.845793,3164066.000,54505,1,EA,1,100,0.836778
1755629444.912294,3164132.500,54522,2,EA,1,100,0.821765
1755629444.978795,3164199.000,54522,2,EA,1,100,0.810195
1755629445.045796,3164266.000,54539,2,EA,1,100,0.831184
1755629445.112797,3164333.000,54539,2,EA,1,100,0.842244
1755629445.178797,3164399.000,54555,1,EA,1,100,0.846340
1755629445.245798,3164466.000,54571,2,EA,1,100,0.852244
1755629445.312799,3164533.000,54571,2,EA,1,100,0.858761
1755629445.378800,3164599.000,54587,1,EA,1,100,0.858549
1755629445.445801,3164666.000,54606,2,EA,1,100,0.854231
1755629445.512801,3164733.000,54606,2,EA,1,100,0.847988
1755629445.578802,3164799.000,54622,1,EA,1,100,0.844594
1755629445.645303,3164865.500,54638,2,EA,1,100,0.842550
1755629445.711804,3164932.000,54638,2,EA,1,100,0.841124
1755629445.778805,3164999.000,54654,1,EA,1,100,0.840617
1755629445.845305,3165065.500,54673,2,EA,1,100,0.839806
1755629445.911806,3165132.000,54673,2,EA,1,100,0.838592
1755629445.978807,3165199.000,54690,1,EA,1,100,0.841429
1755629446.045308,3165265.500,54705,2,EA,1,100,0.842651
1755629446.111809,3165332.000,54705,2,EA,1,100,0.842040
1755629446.178810,3165399.000,54721,1,EA,1,100,0.840008
1755629446.245310,3165465.500,54739,2,EA,1,100,0.833672
1755629446.311811,3165532.000,54739,2,EA,1,100,0.832276
1755629446.378812,3165599.000,54755,1,EA,1,100,0.836175
1755629446.445313,3165665.500,54770,2,EA,1,100,0.846854
1755629446.511814,3165732.000,54770,2,EA,1,100,0.853812
1755629446.578814,3165799.000,54786,1,EA,1,100,0.845312
1755629446.645315,3165865.500,54804,2,EA,1,100,0.842550
1755629446.711816,3165932.000,54804,2,EA,1,100,0.845107
1755629446.778817,3165999.000,54820,1,EA,1,100,0.845722
1755629446.845318,3166065.500,54838,2,EA,1,100,0.846442
1755629446.911818,3166132.000,54838,2,EA,1,100,0.847059
1755629446.978819,3166199.000,54854,1,EA,1,100,0.851723
1755629447.045320,3166265.500,54873,2,EA,1,100,0.850475
1755629447.111821,3166332.000,54873,2,EA,1,100,0.847575
1755629447.178822,3166399.000,54889,2,EA,1,100,0.846236
1755629447.245822,3166466.000,54889,2,EA,1,100,0.840109
1755629447.312323,3166532.500,54912,2,EA,1,100,0.831878
1755629447.378824,3166599.000,54912,2,EA,1,100,0.836576
1755629447.445325,3166665.500,54930,2,EA,1,100,0.848402
1755629447.511826,3166732.000,54930,2,EA,1,100,0.858020
1755629447.578827,3166799.000,54947,1,EA,1,100,0.857703
1755629447.645327,3166865.500,54962,2,EA,1,100,0.854860
1755629447.711828,3166932.000,54962,2,EA,1,100,0.860672
1755629447.778829,3166999.000,54981,1,EA,1,100,0.864842
1755629447.845330,3167065.500,54999,2,EA,1,100,0.863662
1755629447.911831,3167132.000,54999,2,EA,1,100,0.860992
1755629447.978831,3167199.000,55017,1,EA,1,100,0.859398
1755629448.045332,3167265.500,55031,2,EA,1,100,0.858444
1755629448.111833,3167332.000,55031,2,EA,1,100,0.863984
1755629448.178834,3167399.000,55048,1,EA,1,100,0.880259
1755629448.245335,3167465.500,55065,2,EA,1,100,1.126879
1755629448.311835,3167532.000,55065,2,EA,1,100,1.180973
1755629448.378836,3167599.000,55084,1,EA,1,100,0.992009
1755629448.445337,3167665.500,55098,2,EA,1,100,0.898202
1755629448.511838,3167732.000,55098,2,EA,1,100,0.878150
1755629448.578839,3167799.000,55115,1,EA,1,100,0.875940
1755629448.645340,3167865.500,55132,2,EA,1,100,0.884733
1755629448.711840,3167932.000,55132,2,EA,1,100,0.887779
1755629448.778841,3167999.000,55149,1,EA,1,100,0.888686
