LocalTimestamp,EmotiBitTimestamp,PacketNumber,DataLength,TypeTag,ProtocolVersion,DataReliability,EA
1755195925.946975,1318802.000,16523,1,EA,1,100,1.117115
1755195926.013975,1318869.000,16528,1,EA,1,100,1.115147
1755195926.080476,1318935.500,16546,2,EA,1,100,1.114255
1755195926.146976,1319002.000,16546,2,EA,1,100,1.111942
1755195926.213976,1319069.000,16562,1,EA,1,100,1.110345
1755195926.280477,1319135.500,16577,2,EA,1,100,1.110169
1755195926.346977,1319202.000,16577,2,EA,1,100,1.109815
1755195926.413978,1319269.000,16593,1,EA,1,100,1.109107
1755195926.480478,1319335.500,16611,2,EA,1,100,1.108753
1755195926.546979,1319402.000,16611,2,EA,1,100,1.106990
1755195926.613979,1319469.000,16627,1,EA,1,100,1.103133
1755195926.680480,1319535.500,16642,2,EA,1,100,1.104707
1755195926.746980,1319602.000,16642,2,EA,1,100,1.109461
1755195926.813981,1319669.000,16659,1,EA,1,100,1.111763
1755195926.880481,1319735.500,16676,2,EA,1,100,1.112831
1755195926.946982,1319802.000,16676,2,EA,1,100,1.111408
1755195927.013982,1319869.000,16692,1,EA,1,100,1.109637
1755195927.080483,1319935.500,16709,2,EA,1,100,1.107520
1755195927.146983,1320002.000,16709,2,EA,1,100,1.105761
1755195927.213984,1320069.000,16726,1,EA,1,100,1.107696
1755195927.280484,1320135.500,16743,2,EA,1,100,1.113185
1755195927.346985,1320202.000,16743,2,EA,1,100,1.114790
1755195927.413985,1320269.000,16759,1,EA,1,100,1.115505
1755195927.480486,1320335.500,16776,2,EA,1,100,1.114968
1755195927.546986,1320402.000,16776,2,EA,1,100,1.111942
1755195927.613486,1320468.500,16791,2,EA,1,100,1.111942
1755195927.679987,1320535.000,16791,2,EA,1,100,1.112475
1755195927.746987,1320602.000,16808,1,EA,1,100,1.113542
1755195927.813488,1320668.500,16825,2,EA,1,100,1.114612
1755195927.879988,1320735.000,16825,2,EA,1,100,1.115325
1755195927.946989,1320802.000,16842,1,EA,1,100,1.115683
1755195928.013489,1320868.500,16856,2,EA,1,100,1.114255
1755195928.079990,1320935.000,16856,2,EA,1,100,1.113542
1755195928.146990,1321002.000,16876,1,EA,1,100,1.115147
1755195928.213491,1321068.500,16892,2,EA,1,100,1.115683
1755195928.279991,1321135.000,16892,2,EA,1,100,1.115147
1755195928.346992,1321202.000,16914,1,EA,1,100,1.114433
1755195928.413492,1321268.500,16929,2,EA,1,100,1.111942
1755195928.479993,1321335.000,16929,2,EA,1,100,1.110700
1755195928.546993,1321402.000,16946,1,EA,1,100,1.113898
1755195928.613494,1321468.500,16962,2,EA,1,100,1.116578
1755195928.679994,1321535.000,16962,2,EA,1,100,1.115861
1755195928.746995,1321602.000,16979,1,EA,1,100,1.114968
1755195928.813495,1321668.500,16996,2,EA,1,100,1.113185
1755195928.879995,1321735.000,16996,2,EA,1,100,1.115505
1755195928.946996,1321802.000,17013,1,EA,1,100,1.118910
1755195929.013496,1321868.500,17029,2,EA,1,100,1.117833
1755195929.079997,1321935.000,17029,2,EA,1,100,1.114076
1755195929.146997,1322002.000,17049,1,EA,1,100,1.115683
1755195929.213498,1322068.500,17063,2,EA,1,100,1.120171
1755195929.279998,1322135.000,17063,2,EA,1,100,1.119810
1755195929.346999,1322202.000,17080,1,EA,1,100,1.116219
1755195929.413499,1322268.500,17097,2,EA,1,100,1.116041
1755195929.480000,1322335.000,17097,2,EA,1,100,1.117653
1755195929.547000,1322402.000,17114,1,EA,1,100,1.119091
1755195929.613501,1322468.500,17129,2,EA,1,100,1.119091
1755195929.680001,1322535.000,17129,2,EA,1,100,1.119270
1755195929.747002,1322602.000,17145,1,EA,1,100,1.118910
1755195929.813502,1322668.500,17164,2,EA,1,100,1.118192
1755195929.880003,1322735.000,17164,2,EA,1,100,1.118012
1755195929.947003,1322802.000,17181,1,EA,1,100,1.117295
1755195930.013504,1322868.500,17196,2,EA,1,100,1.116400
1755195930.080004,1322935.000,17196,2,EA,1,100,1.116400
1755195930.146504,1323001.500,17213,2,EA,1,100,1.115861
1755195930.213005,1323068.000,17213,2,EA,1,100,1.114968
1755195930.280005,1323135.000,17229,1,EA,1,100,1.114968
1755195930.346506,1323201.500,17246,2,EA,1,100,1.114612
1755195930.413006,1323268.000,17246,2,EA,1,100,1.114612
1755195930.480007,1323335.000,17263,1,EA,1,100,1.113008
1755195930.546507,1323401.500,17278,2,EA,1,100,1.110700
1755195930.613008,1323468.000,17278,2,EA,1,100,1.116041
1755195930.680008,1323535.000,17294,1,EA,1,100,1.120893
1755195930.746509,1323601.500,17314,2,EA,1,100,1.117115
1755195930.813009,1323668.000,17314,2,EA,1,100,1.110522
1755195930.880010,1323735.000,17330,1,EA,1,100,1.116400
1755195930.946510,1323801.500,17345,2,EA,1,100,1.124331
1755195931.013011,1323868.000,17345,2,EA,1,100,1.124695
1755195931.080011,1323935.000,17361,1,EA,1,100,1.120171
1755195931.146512,1324001.500,17379,2,EA,1,100,1.116041
1755195931.213012,1324068.000,17379,2,EA,1,100,1.115325
1755195931.280013,1324135.000,17395,1,EA,1,100,1.117833
1755195931.346513,1324201.500,17410,2,EA,1,100,1.121073
1755195931.413013,1324268.000,17410,2,EA,1,100,1.121073
1755195931.480014,1324335.000,17427,1,EA,1,100,1.119631
1755195931.547014,1324402.000,17444,2,EA,1,100,1.118731
1755195931.614015,1324469.000,17444,2,EA,1,100,1.118731
1755195931.680015,1324535.000,17460,1,EA,1,100,1.118731
1755195931.746516,1324601.500,17478,2,EA,1,100,1.119450
1755195931.813016,1324668.000,17478,2,EA,1,100,1.119091
1755195931.880017,1324735.000,17494,1,EA,1,100,1.119450
1755195931.946517,1324801.500,17511,2,EA,1,100,1.120171
1755195932.013018,1324868.000,17511,2,EA,1,100,1.119991
1755195932.080018,1324935.000,17527,1,EA,1,100,1.119991
1755195932.146519,1325001.500,17544,2,EA,1,100,1.120350
1755195932.213019,1325068.000,17544,2,EA,1,100,1.120350
1755195932.280020,1325135.000,17559,1,EA,1,100,1.120893
1755195932.346520,1325201.500,17576,2,EA,1,100,1.120532
1755195932.413021,1325268.000,17576,2,EA,1,100,1.120532
1755195932.480021,1325335.000,17593,2,EA,1,100,1.120711
1755195932.547022,1325402.000,17593,2,EA,1,100,1.121252
1755195932.613022,1325468.000,17610,1,EA,1,100,1.121796
1755195932.679522,1325534.500,17626,2,EA,1,100,1.121796
1755195932.746023,1325601.000,17626,2,EA,1,100,1.121976
1755195932.813023,1325668.000,17644,1,EA,1,100,1.122518
1755195932.879524,1325734.500,17660,2,EA,1,100,1.122156
1755195932.946024,1325801.000,17660,2,EA,1,100,1.122518
1755195933.013025,1325868.000,17677,1,EA,1,100,1.123061
1755195933.079525,1325934.500,17692,2,EA,1,100,1.123243
1755195933.146026,1326001.000,17692,2,EA,1,100,1.122881
1755195933.213026,1326068.000,17709,1,EA,1,100,1.123787
1755195933.279527,1326134.500,17725,2,EA,1,100,1.123787
1755195933.346027,1326201.000,17725,2,EA,1,100,1.124331
1755195933.413028,1326268.000,17747,1,EA,1,100,1.124514
1755195933.479528,1326334.500,17762,2,EA,1,100,1.124695
1755195933.546029,1326401.000,17762,2,EA,1,100,1.124514
1755195933.613029,1326468.000,17779,1,EA,1,100,1.125422
1755195933.679530,1326534.500,17797,2,EA,1,100,1.125422
1755195933.746030,1326601.000,17797,2,EA,1,100,1.125968
1755195933.813031,1326668.000,17815,1,EA,1,100,1.126333
1755195933.879531,1326734.500,17831,2,EA,1,100,1.127061
1755195933.946031,1326801.000,17831,2,EA,1,100,1.127245
1755195934.013032,1326868.000,17848,1,EA,1,100,1.128158
1755195934.079532,1326934.500,17865,2,EA,1,100,1.128888
1755195934.146033,1327001.000,17865,2,EA,1,100,1.128158
1755195934.213033,1327068.000,17882,1,EA,1,100,1.127245
1755195934.279534,1327134.500,17897,2,EA,1,100,1.127245
1755195934.346034,1327201.000,17897,2,EA,1,100,1.128706
1755195934.413035,1327268.000,17913,1,EA,1,100,1.131273
1755195934.479535,1327334.500,17930,2,EA,1,100,1.130539
1755195934.546036,1327401.000,17930,2,EA,1,100,1.128888
1755195934.613036,1327468.000,17947,1,EA,1,100,1.127426
1755195934.679537,1327534.500,17962,2,EA,1,100,1.128158
1755195934.746037,1327601.000,17962,2,EA,1,100,1.129073
1755195934.813038,1327668.000,17981,2,EA,1,100,1.129804
1755195934.880038,1327735.000,17981,2,EA,1,100,1.129804
1755195934.946039,1327801.000,17997,1,EA,1,100,1.129804
1755195935.013039,1327868.000,18014,2,EA,1,100,1.129255
1755195935.080040,1327935.000,18014,2,EA,1,100,1.129804
1755195935.146040,1328001.000,18031,1,EA,1,100,1.129255
1755195935.213040,1328068.000,18046,2,EA,1,100,1.129255
1755195935.280041,1328135.000,18046,2,EA,1,100,1.129989
1755195935.346041,1328201.000,18062,1,EA,1,100,1.129989
1755195935.413042,1328268.000,18080,2,EA,1,100,1.130172
1755195935.480042,1328335.000,18080,2,EA,1,100,1.130172
1755195935.546043,1328401.000,18096,1,EA,1,100,1.130539
1755195935.613043,1328468.000,18113,2,EA,1,100,1.130354
1755195935.680044,1328535.000,18113,2,EA,1,100,1.131273
1755195935.746044,1328601.000,18129,1,EA,1,100,1.131458
1755195935.813045,1328668.000,18147,2,EA,1,100,1.132192
1755195935.880045,1328735.000,18147,2,EA,1,100,1.132378
1755195935.946046,1328801.000,18163,1,EA,1,100,1.132192
1755195936.013046,1328868.000,18178,2,EA,1,100,1.132378
1755195936.080047,1328935.000,18178,2,EA,1,100,1.132009
1755195936.146047,1329001.000,18195,1,EA,1,100,1.132378
1755195936.212548,1329067.500,18212,2,EA,1,100,1.132746
1755195936.279048,1329134.000,18212,2,EA,1,100,1.132746
1755195936.346049,1329201.000,18228,1,EA,1,100,1.133114
1755195936.412549,1329267.500,18246,2,EA,1,100,1.133669
1755195936.479049,1329334.000,18246,2,EA,1,100,1.133669
1755195936.546050,1329401.000,18262,1,EA,1,100,1.133669
1755195936.612550,1329467.500,18279,2,EA,1,100,1.133853
1755195936.679051,1329534.000,18279,2,EA,1,100,1.134222
1755195936.746051,1329601.000,18295,1,EA,1,100,1.134592
1755195936.812552,1329667.500,18312,2,EA,1,100,1.134592
1755195936.879052,1329734.000,18312,2,EA,1,100,1.134592
1755195936.946053,1329801.000,18327,2,EA,1,100,1.134961
1755195937.013053,1329868.000,18327,2,EA,1,100,1.135147
1755195937.079054,1329934.000,18344,1,EA,1,100,1.135518
1755195937.146054,1330001.000,18361,2,EA,1,100,1.135331
1755195937.213055,1330068.000,18361,2,EA,1,100,1.135518
1755195937.279055,1330134.000,18380,1,EA,1,100,1.135518
1755195937.346056,1330201.000,18394,2,EA,1,100,1.135518
1755195937.413056,1330268.000,18394,2,EA,1,100,1.135518
1755195937.479057,1330334.000,18412,1,EA,1,100,1.136073
1755195937.546057,1330401.000,18428,2,EA,1,100,1.136258
1755195937.613058,1330468.000,18428,2,EA,1,100,1.136444
1755195937.679058,1330534.000,18445,1,EA,1,100,1.136444
1755195937.746058,1330601.000,18460,2,EA,1,100,1.136444
1755195937.813059,1330668.000,18460,2,EA,1,100,1.136444
1755195937.879059,1330734.000,18477,1,EA,1,100,1.136073
1755195937.946060,1330801.000,18493,2,EA,1,100,1.136258
1755195938.013060,1330868.000,18493,2,EA,1,100,1.137001
1755195938.079061,1330934.000,18510,1,EA,1,100,1.137186
1755195938.146061,1331001.000,18525,2,EA,1,100,1.137186
1755195938.213062,1331068.000,18525,2,EA,1,100,1.137001
1755195938.279062,1331134.000,18542,1,EA,1,100,1.137373
1755195938.346063,1331201.000,18558,2,EA,1,100,1.137558
1755195938.413063,1331268.000,18558,2,EA,1,100,1.137558
1755195938.479064,1331334.000,18576,1,EA,1,100,1.137373
1755195938.546064,1331401.000,18596,2,EA,1,100,1.138302
1755195938.613065,1331468.000,18596,2,EA,1,100,1.138115
1755195938.679065,1331534.000,18612,1,EA,1,100,1.138302
1755195938.746066,1331601.000,18629,2,EA,1,100,1.138302
1755195938.813066,1331668.000,18629,2,EA,1,100,1.138488
1755195938.879067,1331734.000,18648,1,EA,1,100,1.139046
1755195938.946067,1331801.000,18663,2,EA,1,100,1.139605
1755195939.013067,1331868.000,18663,2,EA,1,100,1.139419
1755195939.079568,1331934.500,18680,2,EA,1,100,1.139605
1755195939.146068,1332001.000,18680,2,EA,1,100,1.139979
1755195939.213069,1332068.000,18696,1,EA,1,100,1.140539
1755195939.279569,1332134.500,18713,2,EA,1,100,1.141101
1755195939.346070,1332201.000,18713,2,EA,1,100,1.140727
1755195939.413070,1332268.000,18729,1,EA,1,100,1.141287
1755195939.479571,1332334.500,18745,2,EA,1,100,1.141101
1755195939.546071,1332401.000,18745,2,EA,1,100,1.141662
1755195939.612072,1332467.000,18761,1,EA,1,100,1.142037
1755195939.679072,1332534.000,18778,2,EA,1,100,1.142037
1755195939.746073,1332601.000,18778,2,EA,1,100,1.142037
1755195939.812073,1332667.000,18795,1,EA,1,100,1.142223
1755195939.879074,1332734.000,18810,2,EA,1,100,1.142974
1755195939.946074,1332801.000,18810,2,EA,1,100,1.142974
1755195940.012075,1332867.000,18826,1,EA,1,100,1.143161
1755195940.079075,1332934.000,18844,2,EA,1,100,1.143537
1755195940.146076,1333001.000,18844,2,EA,1,100,1.143724
1755195940.212076,1333067.000,18860,1,EA,1,100,1.144100
1755195940.279076,1333134.000,18875,2,EA,1,100,1.143913
1755195940.346077,1333201.000,18875,2,EA,1,100,1.143537
1755195940.412077,1333267.000,18891,1,EA,1,100,1.143913
1755195940.479078,1333334.000,18909,2,EA,1,100,1.144100
1755195940.546078,1333401.000,18909,2,EA,1,100,1.143913
1755195940.612079,1333467.000,18925,1,EA,1,100,1.144100
1755195940.679079,1333534.000,18940,2,EA,1,100,1.144477
1755195940.746080,1333601.000,18940,2,EA,1,100,1.144288
1755195940.812080,1333667.000,18957,1,EA,1,100,1.144477
1755195940.879081,1333734.000,18974,2,EA,1,100,1.144664
1755195940.946081,1333801.000,18974,2,EA,1,100,1.144288
1755195941.012082,1333867.000,18990,1,EA,1,100,1.144853
1755195941.079082,1333934.000,19007,2,EA,1,100,1.144853
1755195941.146083,1334001.000,19007,2,EA,1,100,1.145041
1755195941.212083,1334067.000,19022,1,EA,1,100,1.145606
1755195941.279084,1334134.000,19039,2,EA,1,100,1.145606
1755195941.346084,1334201.000,19039,2,EA,1,100,1.145796
1755195941.412085,1334267.000,19055,1,EA,1,100,1.145796
1755195941.479085,1334334.000,19072,2,EA,1,100,1.145983
1755195941.546085,1334401.000,19072,2,EA,1,100,1.145983
1755195941.612586,1334467.500,19087,2,EA,1,100,1.145796
1755195941.679086,1334534.000,19087,2,EA,1,100,1.146549
1755195941.746087,1334601.000,19104,1,EA,1,100,1.147116
1755195941.812587,1334667.500,19121,2,EA,1,100,1.147306
1755195941.879088,1334734.000,19121,2,EA,1,100,1.145983
1755195941.946088,1334801.000,19138,1,EA,1,100,1.144477
1755195942.012589,1334867.500,19152,2,EA,1,100,1.145041
1755195942.079089,1334934.000,19152,2,EA,1,100,1.146739
1755195942.146090,1335001.000,19170,1,EA,1,100,1.147306
1755195942.212590,1335067.500,19186,2,EA,1,100,1.147116
1755195942.279091,1335134.000,19186,2,EA,1,100,1.146927
1755195942.346091,1335201.000,19203,1,EA,1,100,1.146171
1755195942.412592,1335267.500,19218,2,EA,1,100,1.146549
1755195942.479092,1335334.000,19218,2,EA,1,100,1.147306
1755195942.546093,1335401.000,19235,1,EA,1,100,1.149199
1755195942.612593,1335467.500,19251,2,EA,1,100,1.149579
1755195942.679094,1335534.000,19251,2,EA,1,100,1.149579
1755195942.746094,1335601.000,19268,1,EA,1,100,1.149009
1755195942.812595,1335667.500,19283,2,EA,1,100,1.149199
1755195942.879095,1335734.000,19283,2,EA,1,100,1.148820
1755195942.945095,1335800.000,19302,1,EA,1,100,1.148631
1755195943.012096,1335867.000,19318,2,EA,1,100,1.145796
1755195943.079096,1335934.000,19318,2,EA,1,100,1.143913
1755195943.146097,1336001.000,19336,1,EA,1,100,1.145418
1755195943.212597,1336067.500,19351,2,EA,1,100,1.147873
1755195943.279098,1336134.000,19351,2,EA,1,100,1.149388
1755195943.345598,1336200.500,19367,2,EA,1,100,1.150338
1755195943.412099,1336267.000,19367,2,EA,1,100,1.150149
1755195943.479099,1336334.000,19384,1,EA,1,100,1.150529
1755195943.545600,1336400.500,19401,2,EA,1,100,1.149958
1755195943.612100,1336467.000,19401,2,EA,1,100,1.149768
1755195943.679101,1336534.000,19422,1,EA,1,100,1.150719
1755195943.745601,1336600.500,19440,2,EA,1,100,1.151099
1755195943.812102,1336667.000,19440,2,EA,1,100,1.151670
1755195943.879102,1336734.000,19458,1,EA,1,100,1.152624
1755195943.945603,1336800.500,19475,2,EA,1,100,1.152624
1755195944.012103,1336867.000,19475,2,EA,1,100,1.152052
1755195944.079104,1336934.000,19491,1,EA,1,100,1.152434
1755195944.145604,1337000.500,19507,2,EA,1,100,1.153006
1755195944.212104,1337067.000,19507,2,EA,1,100,1.152624
1755195944.279105,1337134.000,19523,1,EA,1,100,1.151860
1755195944.345605,1337200.500,19540,2,EA,1,100,1.151481
1755195944.412106,1337267.000,19540,2,EA,1,100,1.151481
1755195944.479106,1337334.000,19557,1,EA,1,100,1.151670
1755195944.545607,1337400.500,19572,2,EA,1,100,1.151670
1755195944.612107,1337467.000,19572,2,EA,1,100,1.151670
1755195944.679108,1337534.000,19590,1,EA,1,100,1.151481
1755195944.745608,1337600.500,19608,2,EA,1,100,1.149958
1755195944.812109,1337667.000,19608,2,EA,1,100,1.149388
1755195944.879109,1337734.000,19624,1,EA,1,100,1.151289
1755195944.945610,1337800.500,19640,2,EA,1,100,1.152624
1755195945.012110,1337867.000,19640,2,EA,1,100,1.152814
1755195945.079111,1337934.000,19655,1,EA,1,100,1.153769
1755195945.145611,1338000.500,19673,2,EA,1,100,1.153006
1755195945.212112,1338067.000,19673,2,EA,1,100,1.152624
1755195945.278612,1338133.500,19689,2,EA,1,100,1.152624
1755195945.345113,1338200.000,19689,2,EA,1,100,1.153006
1755195945.412113,1338267.000,19706,1,EA,1,100,1.153388
1755195945.478613,1338333.500,19721,2,EA,1,100,1.154344
1755195945.545114,1338400.000,19721,2,EA,1,100,1.154152
1755195945.612114,1338467.000,19740,1,EA,1,100,1.153578
1755195945.678615,1338533.500,19756,2,EA,1,100,1.151289
1755195945.745115,1338600.000,19756,2,EA,1,100,1.148061
1755195945.812116,1338667.000,19774,1,EA,1,100,1.144853
1755195945.878616,1338733.500,19788,2,EA,1,100,1.147494
1755195945.945117,1338800.000,19788,2,EA,1,100,1.153196
1755195946.012117,1338867.000,19805,1,EA,1,100,1.156453
1755195946.078618,1338933.500,19822,2,EA,1,100,1.157029
1755195946.145118,1339000.000,19822,2,EA,1,100,1.157799
1755195946.212119,1339067.000,19839,1,EA,1,100,1.158185
1755195946.278619,1339133.500,19853,2,EA,1,100,1.158763
1755195946.345120,1339200.000,19853,2,EA,1,100,1.158569
1755195946.412120,1339267.000,19870,1,EA,1,100,1.158185
1755195946.478621,1339333.500,19887,2,EA,1,100,1.157799
1755195946.545121,1339400.000,19887,2,EA,1,100,1.158763
1755195946.612122,1339467.000,19906,1,EA,1,100,1.158569
1755195946.678622,1339533.500,19920,2,EA,1,100,1.159920
1755195946.745122,1339600.000,19920,2,EA,1,100,1.159728
1755195946.812123,1339667.000,19938,1,EA,1,100,1.161663
1755195946.878623,1339733.500,19954,2,EA,1,100,1.164187
1755195946.945124,1339800.000,19954,2,EA,1,100,1.165356
1755195947.012124,1339867.000,19971,1,EA,1,100,1.164381
1755195947.078625,1339933.500,19987,2,EA,1,100,1.163994
1755195947.145125,1340000.000,19987,2,EA,1,100,1.163994
1755195947.212126,1340067.000,20003,1,EA,1,100,1.162826
1755195947.278626,1340133.500,20019,2,EA,1,100,1.162244
1755195947.345127,1340200.000,20019,2,EA,1,100,1.160307
1755195947.412127,1340267.000,20036,1,EA,1,100,1.159341
1755195947.478628,1340333.500,20054,2,EA,1,100,1.158955
1755195947.545128,1340400.000,20054,2,EA,1,100,1.159920
1755195947.611629,1340466.500,20070,2,EA,1,100,1.161468
1755195947.678129,1340533.000,20070,2,EA,1,100,1.161663
1755195947.745130,1340600.000,20086,1,EA,1,100,1.161663
1755195947.811630,1340666.500,20104,2,EA,1,100,1.162437
1755195947.878131,1340733.000,20104,2,EA,1,100,1.162437
1755195947.945131,1340800.000,20120,1,EA,1,100,1.163409
1755195948.011631,1340866.500,20135,2,EA,1,100,1.163215
1755195948.078132,1340933.000,20135,2,EA,1,100,1.163215
1755195948.145132,1341000.000,20152,1,EA,1,100,1.163798
1755195948.211633,1341066.500,20169,2,EA,1,100,1.163409
1755195948.278133,1341133.000,20169,2,EA,1,100,1.163409
1755195948.345134,1341200.000,20185,1,EA,1,100,1.163409
1755195948.411634,1341266.500,20203,2,EA,1,100,1.164381
1755195948.478135,1341333.000,20203,2,EA,1,100,1.164381
1755195948.545135,1341400.000,20219,1,EA,1,100,1.164967
1755195948.611636,1341466.500,20236,2,EA,1,100,1.164771
1755195948.678136,1341533.000,20236,2,EA,1,100,1.164577
1755195948.745137,1341600.000,20252,1,EA,1,100,1.164967
1755195948.811637,1341666.500,20275,2,EA,1,100,1.164967
1755195948.878138,1341733.000,20275,2,EA,1,100,1.165162
1755195948.945138,1341800.000,20291,1,EA,1,100,1.164967
1755195949.011639,1341866.500,20308,2,EA,1,100,1.164381
1755195949.078139,1341933.000,20308,2,EA,1,100,1.164771
1755195949.145140,1342000.000,20325,1,EA,1,100,1.164967
1755195949.211640,1342066.500,20340,2,EA,1,100,1.164771
1755195949.278140,1342133.000,20340,2,EA,1,100,1.164967
1755195949.345141,1342200.000,20358,1,EA,1,100,1.164771
1755195949.411641,1342266.500,20376,2,EA,1,100,1.164771
1755195949.478142,1342333.000,20376,2,EA,1,100,1.165162
1755195949.545142,1342400.000,20392,1,EA,1,100,1.164771
1755195949.611643,1342466.500,20408,2,EA,1,100,1.165356
1755195949.678143,1342533.000,20408,2,EA,1,100,1.165162
1755195949.745144,1342600.000,20423,1,EA,1,100,1.165162
1755195949.811644,1342666.500,20441,2,EA,1,100,1.165356
1755195949.878145,1342733.000,20441,2,EA,1,100,1.165552
1755195949.944645,1342799.500,20457,2,EA,1,100,1.165356
1755195950.011146,1342866.000,20457,2,EA,1,100,1.165552
1755195950.078146,1342933.000,20474,1,EA,1,100,1.165552
1755195950.144647,1342999.500,20489,2,EA,1,100,1.165746
1755195950.211147,1343066.000,20489,2,EA,1,100,1.165552
1755195950.278148,1343133.000,20506,1,EA,1,100,1.165943
1755195950.344648,1343199.500,20524,2,EA,1,100,1.166528
1755195950.411149,1343266.000,20524,2,EA,1,100,1.166332
1755195950.478149,1343333.000,20542,1,EA,1,100,1.166137
1755195950.544649,1343399.500,20556,2,EA,1,100,1.166332
1755195950.611150,1343466.000,20556,2,EA,1,100,1.166332
1755195950.678150,1343533.000,20573,1,EA,1,100,1.166723
1755195950.744651,1343599.500,20590,2,EA,1,100,1.166920
1755195950.811151,1343666.000,20590,2,EA,1,100,1.167310
1755195950.878152,1343733.000,20607,1,EA,1,100,1.167115
1755195950.944652,1343799.500,20621,2,EA,1,100,1.167310
1755195951.011153,1343866.000,20621,2,EA,1,100,1.167310
1755195951.078153,1343933.000,20638,1,EA,1,100,1.168094
1755195951.144654,1343999.500,20655,2,EA,1,100,1.167310
1755195951.211154,1344066.000,20655,2,EA,1,100,1.167702
1755195951.278155,1344133.000,20672,1,EA,1,100,1.168094
1755195951.344655,1344199.500,20686,2,EA,1,100,1.168289
1755195951.411156,1344266.000,20686,2,EA,1,100,1.168289
1755195951.478156,1344333.000,20706,1,EA,1,100,1.168289
1755195951.544657,1344399.500,20722,2,EA,1,100,1.168879
1755195951.611157,1344466.000,20722,2,EA,1,100,1.168486
1755195951.678158,1344533.000,20739,1,EA,1,100,1.168289
1755195951.744658,1344599.500,20755,2,EA,1,100,1.168486
1755195951.811158,1344666.000,20755,2,EA,1,100,1.168486
1755195951.878159,1344733.000,20771,1,EA,1,100,1.168486
1755195951.944659,1344799.500,20787,2,EA,1,100,1.168879
1755195952.011160,1344866.000,20787,2,EA,1,100,1.169270
1755195952.078160,1344933.000,20805,2,EA,1,100,1.169468
1755195952.145161,1345000.000,20805,2,EA,1,100,1.169075
1755195952.211161,1345066.000,20821,1,EA,1,100,1.169270
1755195952.278162,1345133.000,20838,2,EA,1,100,1.169663
1755195952.345162,1345200.000,20838,2,EA,1,100,1.169861
1755195952.411163,1345266.000,20854,1,EA,1,100,1.169468
1755195952.478163,1345333.000,20872,2,EA,1,100,1.169663
1755195952.545164,1345400.000,20872,2,EA,1,100,1.169468
1755195952.611164,1345466.000,20888,1,EA,1,100,1.170253
1755195952.677665,1345532.500,20903,2,EA,1,100,1.170057
1755195952.744165,1345599.000,20903,2,EA,1,100,1.170253
1755195952.811166,1345666.000,20920,1,EA,1,100,1.170451
1755195952.877666,1345732.500,20937,2,EA,1,100,1.170647
1755195952.944167,1345799.000,20937,2,EA,1,100,1.170845
1755195953.011167,1345866.000,20953,1,EA,1,100,1.170845
1755195953.077667,1345932.500,20969,2,EA,1,100,1.171041
1755195953.144168,1345999.000,20969,2,EA,1,100,1.171041
1755195953.211168,1346066.000,20987,1,EA,1,100,1.171041
1755195953.277669,1346132.500,21004,2,EA,1,100,1.170845
1755195953.344169,1346199.000,21004,2,EA,1,100,1.171237
1755195953.411170,1346266.000,21020,1,EA,1,100,1.171041
1755195953.477670,1346332.500,21036,2,EA,1,100,1.171237
1755195953.544171,1346399.000,21036,2,EA,1,100,1.171237
1755195953.611171,1346466.000,21052,1,EA,1,100,1.172027
1755195953.677672,1346532.500,21069,2,EA,1,100,1.171237
1755195953.744172,1346599.000,21069,2,EA,1,100,1.171632
1755195953.811173,1346666.000,21086,1,EA,1,100,1.171830
1755195953.877673,1346732.500,21108,2,EA,1,100,1.172027
1755195953.944174,1346799.000,21108,2,EA,1,100,1.172223
1755195954.011174,1346866.000,21126,1,EA,1,100,1.171830
1755195954.077675,1346932.500,21144,2,EA,1,100,1.172223
1755195954.144175,1346999.000,21144,2,EA,1,100,1.172027
1755195954.211176,1347066.000,21160,1,EA,1,100,1.172027
1755195954.277676,1347132.500,21176,2,EA,1,100,1.172618
1755195954.344176,1347199.000,21176,2,EA,1,100,1.172618
1755195954.411177,1347266.000,21191,1,EA,1,100,1.173211
1755195954.477677,1347332.500,21209,2,EA,1,100,1.173211
1755195954.544178,1347399.000,21209,2,EA,1,100,1.173211
1755195954.611178,1347466.000,21225,2,EA,1,100,1.173014
1755195954.678179,1347533.000,21225,2,EA,1,100,1.173014
1755195954.744179,1347599.000,21242,1,EA,1,100,1.173806
1755195954.811180,1347666.000,21257,2,EA,1,100,1.173607
1755195954.878180,1347733.000,21257,2,EA,1,100,1.173410
1755195954.944181,1347799.000,21276,1,EA,1,100,1.173607
1755195955.011181,1347866.000,21292,2,EA,1,100,1.173607
1755195955.078182,1347933.000,21292,2,EA,1,100,1.174003
1755195955.144182,1347999.000,21310,1,EA,1,100,1.174399
1755195955.211183,1348066.000,21324,2,EA,1,100,1.174796
1755195955.278183,1348133.000,21324,2,EA,1,100,1.174399
1755195955.344184,1348199.000,21341,1,EA,1,100,1.174994
1755195955.411184,1348266.000,21358,2,EA,1,100,1.174994
1755195955.478185,1348333.000,21358,2,EA,1,100,1.174597
1755195955.544185,1348399.000,21375,1,EA,1,100,1.174796
1755195955.611185,1348466.000,21389,2,EA,1,100,1.175191
1755195955.678186,1348533.000,21389,2,EA,1,100,1.175191
1755195955.744186,1348599.000,21406,1,EA,1,100,1.175191
1755195955.811187,1348666.000,21423,2,EA,1,100,1.174994
1755195955.878187,1348733.000,21423,2,EA,1,100,1.175191
1755195955.944188,1348799.000,21440,1,EA,1,100,1.175788
1755195956.011188,1348866.000,21456,2,EA,1,100,1.175788
1755195956.078189,1348933.000,21456,2,EA,1,100,1.175191
1755195956.144189,1348999.000,21474,1,EA,1,100,1.175788
1755195956.210690,1349065.500,21490,2,EA,1,100,1.176582
1755195956.277190,1349132.000,21490,2,EA,1,100,1.176582
1755195956.344191,1349199.000,21507,1,EA,1,100,1.176384
1755195956.410691,1349265.500,21523,2,EA,1,100,1.176384
1755195956.477192,1349332.000,21523,2,EA,1,100,1.176582
1755195956.544192,1349399.000,21539,1,EA,1,100,1.176980
1755195956.610693,1349465.500,21555,2,EA,1,100,1.176980
1755195956.677193,1349532.000,21555,2,EA,1,100,1.176582
1755195956.744194,1349599.000,21573,2,EA,1,100,1.176582
1755195956.811194,1349666.000,21573,2,EA,1,100,1.176980
1755195956.877194,1349732.000,21589,1,EA,1,100,1.176980
1755195956.944195,1349799.000,21604,2,EA,1,100,1.177777
1755195957.011195,1349866.000,21604,2,EA,1,100,1.177178
1755195957.077196,1349932.000,21620,1,EA,1,100,1.177178
1755195957.144196,1349999.000,21640,2,EA,1,100,1.177378
1755195957.211197,1350066.000,21640,2,EA,1,100,1.177178
1755195957.277197,1350132.000,21656,1,EA,1,100,1.177378
1755195957.344198,1350199.000,21671,2,EA,1,100,1.177577
1755195957.411198,1350266.000,21671,2,EA,1,100,1.177777
1755195957.477199,1350332.000,21688,1,EA,1,100,1.178375
1755195957.544199,1350399.000,21705,2,EA,1,100,1.178573
1755195957.611200,1350466.000,21705,2,EA,1,100,1.178174
1755195957.677200,1350532.000,21721,1,EA,1,100,1.177975
1755195957.744201,1350599.000,21737,2,EA,1,100,1.178573
1755195957.811201,1350666.000,21737,2,EA,1,100,1.178573
1755195957.877202,1350732.000,21753,1,EA,1,100,1.178973
1755195957.944202,1350799.000,21770,2,EA,1,100,1.179172
1755195958.011203,1350866.000,21770,2,EA,1,100,1.179373
1755195958.077203,1350932.000,21788,1,EA,1,100,1.178973
1755195958.144203,1350999.000,21804,2,EA,1,100,1.179172
1755195958.211204,1351066.000,21804,2,EA,1,100,1.178973
1755195958.277204,1351132.000,21820,1,EA,1,100,1.179972
1755195958.344205,1351199.000,21837,2,EA,1,100,1.179773
1755195958.411205,1351266.000,21837,2,EA,1,100,1.179773
1755195958.477206,1351332.000,21854,1,EA,1,100,1.179972
1755195958.544206,1351399.000,21869,2,EA,1,100,1.180171
1755195958.611207,1351466.000,21869,2,EA,1,100,1.180171
1755195958.677207,1351532.000,21885,1,EA,1,100,1.180372
1755195958.744208,1351599.000,21903,2,EA,1,100,1.180572
1755195958.811208,1351666.000,21903,2,EA,1,100,1.180572
1755195958.877209,1351732.000,21921,1,EA,1,100,1.180372
1755195958.944209,1351799.000,21939,2,EA,1,100,1.180572
1755195959.011210,1351866.000,21939,2,EA,1,100,1.180372
1755195959.077210,1351932.000,21959,1,EA,1,100,1.180773
1755195959.144211,1351999.000,21977,2,EA,1,100,1.180773
1755195959.211211,1352066.000,21977,2,EA,1,100,1.180773
1755195959.277712,1352132.500,21993,2,EA,1,100,1.181172
1755195959.344212,1352199.000,21993,2,EA,1,100,1.181172
1755195959.410212,1352265.000,22010,1,EA,1,100,1.181374
1755195959.477213,1352332.000,22025,2,EA,1,100,1.181574
1755195959.544213,1352399.000,22025,2,EA,1,100,1.181574
1755195959.610214,1352465.000,22042,1,EA,1,100,1.181775
1755195959.677214,1352532.000,22058,2,EA,1,100,1.182779
1755195959.744215,1352599.000,22058,2,EA,1,100,1.182175
1755195959.811215,1352666.000,22076,1,EA,1,100,1.182175
1755195959.877716,1352732.500,22092,2,EA,1,100,1.182779
1755195959.944216,1352799.000,22092,2,EA,1,100,1.182779
1755195960.010217,1352865.000,22109,1,EA,1,100,1.183179
1755195960.077217,1352932.000,22126,2,EA,1,100,1.183179
1755195960.144218,1352999.000,22126,2,EA,1,100,1.183179
1755195960.210218,1353065.000,22143,1,EA,1,100,1.183382
1755195960.277219,1353132.000,22157,2,EA,1,100,1.183582
1755195960.344219,1353199.000,22157,2,EA,1,100,1.183785
1755195960.410220,1353265.000,22174,1,EA,1,100,1.183785
1755195960.477220,1353332.000,22191,2,EA,1,100,1.184186
1755195960.544221,1353399.000,22191,2,EA,1,100,1.183985
1755195960.610221,1353465.000,22208,1,EA,1,100,1.184186
1755195960.677222,1353532.000,22224,2,EA,1,100,1.184388
1755195960.744222,1353599.000,22224,2,EA,1,100,1.185194
1755195960.810222,1353665.000,22242,1,EA,1,100,1.185194
1755195960.877223,1353732.000,22258,2,EA,1,100,1.184186
1755195960.944223,1353799.000,22258,2,EA,1,100,1.184186
1755195961.010224,1353865.000,22275,1,EA,1,100,1.184993
1755195961.077224,1353932.000,22290,2,EA,1,100,1.185598
1755195961.144225,1353999.000,22290,2,EA,1,100,1.185194
1755195961.211225,1354066.000,22307,1,EA,1,100,1.184993
1755195961.277726,1354132.500,22323,2,EA,1,100,1.184792
1755195961.344226,1354199.000,22323,2,EA,1,100,1.185194
1755195961.410227,1354265.000,22340,1,EA,1,100,1.186002
1755195961.477227,1354332.000,22356,2,EA,1,100,1.185801
1755195961.544228,1354399.000,22356,2,EA,1,100,1.186406
1755195961.610228,1354465.000,22372,1,EA,1,100,1.186811
1755195961.677229,1354532.000,22390,2,EA,1,100,1.186811
1755195961.744229,1354599.000,22390,2,EA,1,100,1.186406
1755195961.810730,1354665.500,22408,2,EA,1,100,1.186811
1755195961.877230,1354732.000,22408,2,EA,1,100,1.186608
1755195961.944231,1354799.000,22424,1,EA,1,100,1.186406
1755195962.010731,1354865.500,22439,2,EA,1,100,1.186608
1755195962.077231,1354932.000,22439,2,EA,1,100,1.187214
1755195962.144232,1354999.000,22456,1,EA,1,100,1.187620
1755195962.210732,1355065.500,22473,2,EA,1,100,1.187418
1755195962.277233,1355132.000,22473,2,EA,1,100,1.187013
1755195962.344233,1355199.000,22489,1,EA,1,100,1.186203
1755195962.410734,1355265.500,22505,2,EA,1,100,1.186811
1755195962.477234,1355332.000,22505,2,EA,1,100,1.186608
1755195962.544235,1355399.000,22521,1,EA,1,100,1.187418
1755195962.610735,1355465.500,22538,2,EA,1,100,1.188026
1755195962.677236,1355532.000,22538,2,EA,1,100,1.188026
1755195962.743236,1355598.000,22556,1,EA,1,100,1.188228
1755195962.810237,1355665.000,22572,2,EA,1,100,1.187620
1755195962.877237,1355732.000,22572,2,EA,1,100,1.188026
1755195962.944238,1355799.000,22588,1,EA,1,100,1.188634
1755195963.010738,1355865.500,22605,2,EA,1,100,1.188634
1755195963.077239,1355932.000,22605,2,EA,1,100,1.188228
1755195963.144239,1355999.000,22622,1,EA,1,100,1.188432
1755195963.210740,1356065.500,22637,2,EA,1,100,1.188432
1755195963.277240,1356132.000,22637,2,EA,1,100,1.188634
1755195963.343240,1356198.000,22653,1,EA,1,100,1.189649
1755195963.410241,1356265.000,22671,2,EA,1,100,1.189447
1755195963.477241,1356332.000,22671,2,EA,1,100,1.189649
1755195963.544242,1356399.000,22687,1,EA,1,100,1.190259
1755195963.610742,1356465.500,22705,2,EA,1,100,1.190259
1755195963.677243,1356532.000,22705,2,EA,1,100,1.189649
1755195963.743243,1356598.000,22720,1,EA,1,100,1.189854
1755195963.810244,1356665.000,22740,2,EA,1,100,1.190666
1755195963.877244,1356732.000,22740,2,EA,1,100,1.190259
1755195963.943245,1356798.000,22756,1,EA,1,100,1.190464
1755195964.010245,1356865.000,22772,2,EA,1,100,1.190464
1755195964.077246,1356932.000,22772,2,EA,1,100,1.190259
1755195964.143746,1356998.500,22793,2,EA,1,100,1.190464
1755195964.210247,1357065.000,22793,2,EA,1,100,1.190666
1755195964.277247,1357132.000,22810,1,EA,1,100,1.190871
1755195964.343748,1357198.500,22826,2,EA,1,100,1.190666
1755195964.410248,1357265.000,22826,2,EA,1,100,1.190871
1755195964.477249,1357332.000,22844,1,EA,1,100,1.191277
1755195964.543749,1357398.500,22860,2,EA,1,100,1.191482
1755195964.610249,1357465.000,22860,2,EA,1,100,1.191277
1755195964.677250,1357532.000,22877,1,EA,1,100,1.191685
1755195964.743750,1357598.500,22894,2,EA,1,100,1.191891
1755195964.810251,1357665.000,22894,2,EA,1,100,1.191891
1755195964.877251,1357732.000,22911,1,EA,1,100,1.192297
1755195964.943752,1357798.500,22925,2,EA,1,100,1.192503
1755195965.010252,1357865.000,22925,2,EA,1,100,1.192094
1755195965.077253,1357932.000,22942,1,EA,1,100,1.192297
1755195965.143753,1357998.500,22959,2,EA,1,100,1.192706
1755195965.210254,1358065.000,22959,2,EA,1,100,1.193115
1755195965.277254,1358132.000,22976,1,EA,1,100,1.193115
1755195965.343755,1358198.500,22990,2,EA,1,100,1.193729
1755195965.410255,1358265.000,22990,2,EA,1,100,1.193525
1755195965.477256,1358332.000,23008,1,EA,1,100,1.193729
1755195965.543756,1358398.500,23026,2,EA,1,100,1.193525
1755195965.610257,1358465.000,23026,2,EA,1,100,1.194139
1755195965.677257,1358532.000,23043,1,EA,1,100,1.194342
1755195965.743758,1358598.500,23058,2,EA,1,100,1.194549
1755195965.810258,1358665.000,23058,2,EA,1,100,1.194139
1755195965.877258,1358732.000,23075,1,EA,1,100,1.194342
1755195965.943759,1358798.500,23091,2,EA,1,100,1.194549
1755195966.010259,1358865.000,23091,2,EA,1,100,1.194753
1755195966.077260,1358932.000,23108,1,EA,1,100,1.194959
1755195966.143760,1358998.500,23124,2,EA,1,100,1.194959
1755195966.210261,1359065.000,23124,2,EA,1,100,1.194959
1755195966.277261,1359132.000,23140,1,EA,1,100,1.195779
1755195966.343762,1359198.500,23156,2,EA,1,100,1.195985
1755195966.410262,1359265.000,23156,2,EA,1,100,1.196190
1755195966.477263,1359332.000,23176,1,EA,1,100,1.195985
1755195966.543763,1359398.500,23191,2,EA,1,100,1.196602
1755195966.610264,1359465.000,23191,2,EA,1,100,1.196602
1755195966.676764,1359531.500,23207,2,EA,1,100,1.196807
1755195966.743265,1359598.000,23207,2,EA,1,100,1.196807
1755195966.810265,1359665.000,23224,1,EA,1,100,1.197219
1755195966.876766,1359731.500,23241,2,EA,1,100,1.197013
1755195966.943266,1359798.000,23241,2,EA,1,100,1.197013
1755195967.010267,1359865.000,23257,1,EA,1,100,1.196807
1755195967.076767,1359931.500,23273,2,EA,1,100,1.197424
1755195967.143267,1359998.000,23273,2,EA,1,100,1.197013
1755195967.210268,1360065.000,23289,1,EA,1,100,1.197219
1755195967.276768,1360131.500,23306,2,EA,1,100,1.197424
1755195967.343269,1360198.000,23306,2,EA,1,100,1.197836
1755195967.410269,1360265.000,23322,1,EA,1,100,1.197631
1755195967.476770,1360331.500,23340,2,EA,1,100,1.198043
1755195967.543270,1360398.000,23340,2,EA,1,100,1.197836
1755195967.610271,1360465.000,23356,1,EA,1,100,1.198043
1755195967.676771,1360531.500,23373,2,EA,1,100,1.198662
1755195967.743272,1360598.000,23373,2,EA,1,100,1.199075
1755195967.810272,1360665.000,23390,1,EA,1,100,1.198662
1755195967.876773,1360731.500,23405,2,EA,1,100,1.199281
1755195967.943273,1360798.000,23405,2,EA,1,100,1.199075
1755195968.010274,1360865.000,23421,1,EA,1,100,1.199281
1755195968.076774,1360931.500,23439,2,EA,1,100,1.199695
1755195968.143275,1360998.000,23439,2,EA,1,100,1.199901
1755195968.210275,1361065.000,23455,1,EA,1,100,1.199281
1755195968.276776,1361131.500,23470,2,EA,1,100,1.199901
1755195968.343276,1361198.000,23470,2,EA,1,100,1.200109
1755195968.410276,1361265.000,23486,1,EA,1,100,1.200315
1755195968.476777,1361331.500,23506,2,EA,1,100,1.200935
1755195968.543277,1361398.000,23506,2,EA,1,100,1.201144
1755195968.610278,1361465.000,23522,1,EA,1,100,1.200935
1755195968.676778,1361531.500,23538,2,EA,1,100,1.201144
1755195968.743279,1361598.000,23538,2,EA,1,100,1.200935
1755195968.810279,1361665.000,23554,1,EA,1,100,1.200935
1755195968.876780,1361731.500,23573,2,EA,1,100,1.201144
1755195968.943280,1361798.000,23573,2,EA,1,100,1.201350
1755195969.010281,1361865.000,23589,1,EA,1,100,1.201350
1755195969.076781,1361931.500,23606,2,EA,1,100,1.201972
1755195969.143282,1361998.000,23606,2,EA,1,100,1.201765
1755195969.209782,1362064.500,23621,2,EA,1,100,1.201557
1755195969.276283,1362131.000,23621,2,EA,1,100,1.201972
1755195969.343283,1362198.000,23643,1,EA,1,100,1.202181
1755195969.409784,1362264.500,23660,2,EA,1,100,1.202388
1755195969.476284,1362331.000,23660,2,EA,1,100,1.202803
1755195969.543285,1362398.000,23679,1,EA,1,100,1.203010
1755195969.609785,1362464.500,23693,2,EA,1,100,1.203220
1755195969.676285,1362531.000,23693,2,EA,1,100,1.202181
1755195969.743286,1362598.000,23710,1,EA,1,100,1.202594
1755195969.809786,1362664.500,23727,2,EA,1,100,1.202803
1755195969.876287,1362731.000,23727,2,EA,1,100,1.203427
1755195969.943287,1362798.000,23744,1,EA,1,100,1.203634
1755195970.009788,1362864.500,23758,2,EA,1,100,1.203634
1755195970.076288,1362931.000,23758,2,EA,1,100,1.203427
1755195970.143289,1362998.000,23776,1,EA,1,100,1.204260
1755195970.209789,1363064.500,23792,2,EA,1,100,1.204260
1755195970.276290,1363131.000,23792,2,EA,1,100,1.204885
1755195970.343290,1363198.000,23809,1,EA,1,100,1.204675
1755195970.409791,1363264.500,23826,2,EA,1,100,1.204675
1755195970.476291,1363331.000,23826,2,EA,1,100,1.204885
1755195970.543292,1363398.000,23843,1,EA,1,100,1.205302
1755195970.609792,1363464.500,23859,2,EA,1,100,1.205510
1755195970.676293,1363531.000,23859,2,EA,1,100,1.205302
1755195970.743293,1363598.000,23876,1,EA,1,100,1.205093
1755195970.809794,1363664.500,23891,2,EA,1,100,1.205302
1755195970.876294,1363731.000,23891,2,EA,1,100,1.205302
1755195970.943294,1363798.000,23908,1,EA,1,100,1.205302
1755195971.009795,1363864.500,23924,2,EA,1,100,1.204885
1755195971.076295,1363931.000,23924,2,EA,1,100,1.205302
1755195971.143296,1363998.000,23942,1,EA,1,100,1.205510
1755195971.209796,1364064.500,23957,2,EA,1,100,1.206347
1755195971.276297,1364131.000,23957,2,EA,1,100,1.206555
1755195971.343297,1364198.000,23973,1,EA,1,100,1.206555
1755195971.409798,1364264.500,23990,2,EA,1,100,1.206555
1755195971.476298,1364331.000,23990,2,EA,1,100,1.206347
1755195971.542799,1364397.500,24009,2,EA,1,100,1.206763
1755195971.609299,1364464.000,24009,2,EA,1,100,1.206974
1755195971.676300,1364531.000,24025,1,EA,1,100,1.207182
1755195971.742800,1364597.500,24041,2,EA,1,100,1.207393
1755195971.809301,1364664.000,24041,2,EA,1,100,1.207182
1755195971.876301,1364731.000,24057,1,EA,1,100,1.207182
1755195971.942802,1364797.500,24074,2,EA,1,100,1.207601
1755195972.009302,1364864.000,24074,2,EA,1,100,1.207393
1755195972.076303,1364931.000,24090,1,EA,1,100,1.207810
1755195972.142803,1364997.500,24106,2,EA,1,100,1.207810
1755195972.209303,1365064.000,24106,2,EA,1,100,1.208021
1755195972.276304,1365131.000,24122,1,EA,1,100,1.208021
1755195972.342804,1365197.500,24141,2,EA,1,100,1.207810
1755195972.409305,1365264.000,24141,2,EA,1,100,1.208230
1755195972.476305,1365331.000,24158,1,EA,1,100,1.208441
1755195972.542806,1365397.500,24173,2,EA,1,100,1.209070
1755195972.609306,1365464.000,24173,2,EA,1,100,1.208441
1755195972.676307,1365531.000,24189,1,EA,1,100,1.208441
1755195972.742807,1365597.500,24207,2,EA,1,100,1.208858
1755195972.809308,1365664.000,24207,2,EA,1,100,1.208858
1755195972.876308,1365731.000,24223,1,EA,1,100,1.208858
1755195972.942809,1365797.500,24239,2,EA,1,100,1.208650
1755195973.009309,1365864.000,24239,2,EA,1,100,1.209070
1755195973.076310,1365931.000,24254,1,EA,1,100,1.209490
1755195973.142810,1365997.500,24274,2,EA,1,100,1.208858
1755195973.209311,1366064.000,24274,2,EA,1,100,1.209490
1755195973.276311,1366131.000,24290,1,EA,1,100,1.209490
1755195973.342812,1366197.500,24306,2,EA,1,100,1.209490
1755195973.409312,1366264.000,24306,2,EA,1,100,1.209699
1755195973.475812,1366330.500,24322,2,EA,1,100,1.209699
1755195973.542313,1366397.000,24322,2,EA,1,100,1.209909
1755195973.609313,1366464.000,24339,1,EA,1,100,1.209699
1755195973.675814,1366530.500,24355,2,EA,1,100,1.209909
1755195973.742314,1366597.000,24355,2,EA,1,100,1.210330
1755195973.809315,1366664.000,24373,1,EA,1,100,1.210542
1755195973.875815,1366730.500,24389,2,EA,1,100,1.210120
1755195973.942316,1366797.000,24389,2,EA,1,100,1.210542
1755195974.009316,1366864.000,24406,1,EA,1,100,1.210961
1755195974.075817,1366930.500,24425,2,EA,1,100,1.211173
1755195974.142317,1366997.000,24425,2,EA,1,100,1.210961
1755195974.209318,1367064.000,24442,1,EA,1,100,1.210542
1755195974.275818,1367130.500,24456,2,EA,1,100,1.211173
1755195974.342319,1367197.000,24456,2,EA,1,100,1.211173
1755195974.409319,1367264.000,24478,1,EA,1,100,1.210961
1755195974.475820,1367330.500,24495,2,EA,1,100,1.211383
1755195974.542320,1367397.000,24495,2,EA,1,100,1.211173
1755195974.609321,1367464.000,24512,1,EA,1,100,1.210961
1755195974.675821,1367530.500,24526,2,EA,1,100,1.210961
1755195974.742321,1367597.000,24526,2,EA,1,100,1.211383
1755195974.809322,1367664.000,24546,1,EA,1,100,1.211173
1755195974.875822,1367730.500,24562,2,EA,1,100,1.211173
1755195974.942323,1367797.000,24562,2,EA,1,100,1.211173
1755195975.009323,1367864.000,24579,1,EA,1,100,1.211595
1755195975.075824,1367930.500,24594,2,EA,1,100,1.211805
1755195975.142324,1367997.000,24594,2,EA,1,100,1.212015
1755195975.209325,1368064.000,24611,1,EA,1,100,1.212438
1755195975.275825,1368130.500,24627,2,EA,1,100,1.211383
1755195975.342326,1368197.000,24627,2,EA,1,100,1.211805
1755195975.409326,1368264.000,24644,1,EA,1,100,1.212015
1755195975.475827,1368330.500,24660,2,EA,1,100,1.212015
1755195975.542327,1368397.000,24660,2,EA,1,100,1.212015
1755195975.609328,1368464.000,24676,1,EA,1,100,1.212650
1755195975.675828,1368530.500,24692,2,EA,1,100,1.212438
1755195975.742329,1368597.000,24692,2,EA,1,100,1.212860
1755195975.809329,1368664.000,24710,2,EA,1,100,1.213707
1755195975.876330,1368731.000,24710,2,EA,1,100,1.213494
1755195975.942330,1368797.000,24726,1,EA,1,100,1.213707
1755195976.008831,1368863.500,24741,2,EA,1,100,1.213071
1755195976.075331,1368930.000,24741,2,EA,1,100,1.213494
1755195976.142331,1368997.000,24758,1,EA,1,100,1.213707
1755195976.208832,1369063.500,24775,2,EA,1,100,1.214129
1755195976.275332,1369130.000,24775,2,EA,1,100,1.213918
1755195976.342333,1369197.000,24791,1,EA,1,100,1.213707
1755195976.408833,1369263.500,24809,2,EA,1,100,1.214129
1755195976.475334,1369330.000,24809,2,EA,1,100,1.214129
1755195976.542334,1369397.000,24825,1,EA,1,100,1.214553
1755195976.608835,1369463.500,24842,2,EA,1,100,1.215188
1755195976.675335,1369530.000,24842,2,EA,1,100,1.214766
1755195976.742336,1369597.000,24858,1,EA,1,100,1.214766
1755195976.808836,1369663.500,24874,2,EA,1,100,1.215613
1755195976.875337,1369730.000,24874,2,EA,1,100,1.215826
1755195976.942337,1369797.000,24890,1,EA,1,100,1.216250
1755195977.008838,1369863.500,24907,2,EA,1,100,1.216038
1755195977.075338,1369930.000,24907,2,EA,1,100,1.216038
1755195977.142339,1369997.000,24924,1,EA,1,100,1.216250
1755195977.208839,1370063.500,24939,2,EA,1,100,1.216463
1755195977.275340,1370130.000,24939,2,EA,1,100,1.216675
1755195977.342340,1370197.000,24955,1,EA,1,100,1.217101
1755195977.408840,1370263.500,24975,2,EA,1,100,1.216889
1755195977.475341,1370330.000,24975,2,EA,1,100,1.217101
1755195977.542341,1370397.000,24991,1,EA,1,100,1.216889
1755195977.608842,1370463.500,25007,2,EA,1,100,1.216675
1755195977.675342,1370530.000,25007,2,EA,1,100,1.217101
1755195977.742343,1370597.000,25022,1,EA,1,100,1.217739
1755195977.808843,1370663.500,25040,2,EA,1,100,1.217527
1755195977.875344,1370730.000,25040,2,EA,1,100,1.217739
1755195977.942344,1370797.000,25056,1,EA,1,100,1.217953
1755195978.008845,1370863.500,25072,2,EA,1,100,1.218166
1755195978.075345,1370930.000,25072,2,EA,1,100,1.217739
1755195978.142346,1370997.000,25088,2,EA,1,100,1.218166
1755195978.209346,1371064.000,25088,2,EA,1,100,1.218166
1755195978.275347,1371130.000,25105,1,EA,1,100,1.218593
1755195978.342347,1371197.000,25121,2,EA,1,100,1.218378
1755195978.409348,1371264.000,25121,2,EA,1,100,1.218378
1755195978.475348,1371330.000,25139,1,EA,1,100,1.219020
1755195978.542349,1371397.000,25153,2,EA,1,100,1.219020
1755195978.609349,1371464.000,25153,2,EA,1,100,1.219020
1755195978.675349,1371530.000,25170,1,EA,1,100,1.219020
1755195978.742350,1371597.000,25187,2,EA,1,100,1.219232
1755195978.809350,1371664.000,25187,2,EA,1,100,1.219445
1755195978.875351,1371730.000,25206,1,EA,1,100,1.219873
1755195978.942351,1371797.000,25220,2,EA,1,100,1.219660
1755195979.009352,1371864.000,25220,2,EA,1,100,1.219445
1755195979.075352,1371930.000,25237,1,EA,1,100,1.219873
1755195979.142353,1371997.000,25254,2,EA,1,100,1.219660
1755195979.209353,1372064.000,25254,2,EA,1,100,1.219873
1755195979.275354,1372130.000,25271,1,EA,1,100,1.220088
1755195979.341854,1372196.500,25285,2,EA,1,100,1.220729
1755195979.408355,1372263.000,25285,2,EA,1,100,1.220514
1755195979.475355,1372330.000,25303,1,EA,1,100,1.220729
1755195979.541856,1372396.500,25324,2,EA,1,100,1.220942
1755195979.608356,1372463.000,25324,2,EA,1,100,1.220514
1755195979.675357,1372530.000,25341,1,EA,1,100,1.220514
1755195979.741857,1372596.500,25356,2,EA,1,100,1.220514
1755195979.808358,1372663.000,25356,2,EA,1,100,1.220942
1755195979.875358,1372730.000,25373,1,EA,1,100,1.220729
1755195979.941858,1372796.500,25389,2,EA,1,100,1.221158
1755195980.008359,1372863.000,25389,2,EA,1,100,1.220301
1755195980.075359,1372930.000,25406,1,EA,1,100,1.220514
1755195980.141860,1372996.500,25422,2,EA,1,100,1.220942
1755195980.208360,1373063.000,25422,2,EA,1,100,1.221371
1755195980.275361,1373130.000,25438,1,EA,1,100,1.221800
1755195980.341861,1373196.500,25454,2,EA,1,100,1.221585
1755195980.408362,1373263.000,25454,2,EA,1,100,1.222229
1755195980.475362,1373330.000,25472,1,EA,1,100,1.220301
1755195980.541863,1373396.500,25489,2,EA,1,100,1.220088
1755195980.608363,1373463.000,25489,2,EA,1,100,1.221158
1755195980.675364,1373530.000,25505,2,EA,1,100,1.221371
1755195980.742364,1373597.000,25505,2,EA,1,100,1.222229
1755195980.808365,1373663.000,25522,1,EA,1,100,1.223303
1755195980.875365,1373730.000,25539,2,EA,1,100,1.222014
1755195980.942366,1373797.000,25539,2,EA,1,100,1.221585
1755195981.008366,1373863.000,25555,1,EA,1,100,1.221800
1755195981.075367,1373930.000,25571,2,EA,1,100,1.222657
1755195981.142367,1373997.000,25571,2,EA,1,100,1.222657
1755195981.208367,1374063.000,25587,1,EA,1,100,1.223087
1755195981.275368,1374130.000,25606,2,EA,1,100,1.223732
1755195981.342368,1374197.000,25606,2,EA,1,100,1.223517
1755195981.408369,1374263.000,25622,1,EA,1,100,1.223732
1755195981.475369,1374330.000,25638,2,EA,1,100,1.224593
1755195981.542370,1374397.000,25638,2,EA,1,100,1.225025
1755195981.608370,1374463.000,25654,1,EA,1,100,1.224808
1755195981.675371,1374530.000,25671,2,EA,1,100,1.225025
1755195981.742371,1374597.000,25671,2,EA,1,100,1.225025
1755195981.808372,1374663.000,25688,1,EA,1,100,1.224808
1755195981.875372,1374730.000,25703,2,EA,1,100,1.224808
1755195981.942373,1374797.000,25703,2,EA,1,100,1.224162
1755195982.008373,1374863.000,25719,1,EA,1,100,1.224379
1755195982.075374,1374930.000,25737,2,EA,1,100,1.224808
1755195982.142374,1374997.000,25737,2,EA,1,100,1.224808
1755195982.208375,1375063.000,25755,1,EA,1,100,1.225025
1755195982.275375,1375130.000,25770,2,EA,1,100,1.225886
1755195982.342376,1375197.000,25770,2,EA,1,100,1.225886
1755195982.408376,1375263.000,25786,1,EA,1,100,1.226103
1755195982.475376,1375330.000,25804,2,EA,1,100,1.226319
1755195982.542377,1375397.000,25804,2,EA,1,100,1.226751
1755195982.608377,1375463.000,25820,1,EA,1,100,1.226536
1755195982.674878,1375529.500,25836,2,EA,1,100,1.226536
1755195982.741378,1375596.000,25836,2,EA,1,100,1.226536
1755195982.808379,1375663.000,25852,1,EA,1,100,1.227617
1755195982.874879,1375729.500,25869,2,EA,1,100,1.227833
1755195982.941380,1375796.000,25869,2,EA,1,100,1.228049
1755195983.008380,1375863.000,25885,2,EA,1,100,1.228049
1755195983.075381,1375930.000,25885,2,EA,1,100,1.228266
1755195983.142381,1375997.000,25903,1,EA,1,100,1.228049
1755195983.208882,1376063.500,25919,2,EA,1,100,1.228266
1755195983.275382,1376130.000,25919,2,EA,1,100,1.228482
1755195983.341383,1376196.000,25936,1,EA,1,100,1.228049
1755195983.408383,1376263.000,25953,2,EA,1,100,1.228482
1755195983.475384,1376330.000,25953,2,EA,1,100,1.228700
1755195983.541384,1376396.000,25970,1,EA,1,100,1.228916
1755195983.608385,1376463.000,25984,2,EA,1,100,1.228916
1755195983.675385,1376530.000,25984,2,EA,1,100,1.229133
1755195983.741385,1376596.000,26001,1,EA,1,100,1.229567
1755195983.808386,1376663.000,26020,2,EA,1,100,1.230219
1755195983.875386,1376730.000,26020,2,EA,1,100,1.230002
1755195983.941387,1376796.000,26037,1,EA,1,100,1.229786
1755195984.008387,1376863.000,26051,2,EA,1,100,1.229786
1755195984.075388,1376930.000,26051,2,EA,1,100,1.230219
1755195984.141388,1376996.000,26071,1,EA,1,100,1.230219
1755195984.208389,1377063.000,26087,2,EA,1,100,1.230219
1755195984.275389,1377130.000,26087,2,EA,1,100,1.230219
1755195984.341390,1377196.000,26104,1,EA,1,100,1.230002
1755195984.408390,1377263.000,26119,2,EA,1,100,1.230219
1755195984.475391,1377330.000,26119,2,EA,1,100,1.230654
1755195984.541391,1377396.000,26136,1,EA,1,100,1.231742
1755195984.608392,1377463.000,26157,2,EA,1,100,1.231742
1755195984.675392,1377530.000,26157,2,EA,1,100,1.231306
1755195984.741393,1377596.000,26174,1,EA,1,100,1.231525
1755195984.808393,1377663.000,26192,2,EA,1,100,1.232615
1755195984.875394,1377730.000,26192,2,EA,1,100,1.232615
1755195984.941394,1377796.000,26208,1,EA,1,100,1.232615
1755195985.008394,1377863.000,26224,2,EA,1,100,1.232396
1755195985.075395,1377930.000,26224,2,EA,1,100,1.232615
1755195985.141395,1377996.000,26242,1,EA,1,100,1.233053
1755195985.208396,1378063.000,26257,2,EA,1,100,1.233270
1755195985.275396,1378130.000,26257,2,EA,1,100,1.233270
1755195985.341897,1378196.500,26273,2,EA,1,100,1.233488
1755195985.408397,1378263.000,26273,2,EA,1,100,1.233053
1755195985.475398,1378330.000,26290,1,EA,1,100,1.233708
1755195985.541898,1378396.500,26307,2,EA,1,100,1.233488
1755195985.608399,1378463.000,26307,2,EA,1,100,1.233270
1755195985.675399,1378530.000,26323,1,EA,1,100,1.232833
1755195985.741900,1378596.500,26339,2,EA,1,100,1.232833
1755195985.808400,1378663.000,26339,2,EA,1,100,1.232615
1755195985.875401,1378730.000,26357,1,EA,1,100,1.233053
1755195985.941901,1378796.500,26374,2,EA,1,100,1.233270
1755195986.008402,1378863.000,26374,2,EA,1,100,1.233053
1755195986.075402,1378930.000,26390,1,EA,1,100,1.232833
1755195986.141903,1378996.500,26406,2,EA,1,100,1.233270
1755195986.208403,1379063.000,26406,2,EA,1,100,1.233053
1755195986.274403,1379129.000,26422,1,EA,1,100,1.233708
1755195986.341404,1379196.000,26439,2,EA,1,100,1.233925
1755195986.408404,1379263.000,26439,2,EA,1,100,1.233708
1755195986.474405,1379329.000,26456,1,EA,1,100,1.234145
1755195986.541405,1379396.000,26471,2,EA,1,100,1.234581
1755195986.608406,1379463.000,26471,2,EA,1,100,1.234363
1755195986.674406,1379529.000,26487,1,EA,1,100,1.234802
1755195986.741407,1379596.000,26505,2,EA,1,100,1.234581
1755195986.808407,1379663.000,26505,2,EA,1,100,1.234363
1755195986.874408,1379729.000,26523,1,EA,1,100,1.234581
1755195986.941408,1379796.000,26538,2,EA,1,100,1.235240
1755195987.008409,1379863.000,26538,2,EA,1,100,1.234581
1755195987.074409,1379929.000,26554,1,EA,1,100,1.234802
1755195987.141410,1379996.000,26572,2,EA,1,100,1.235020
1755195987.208410,1380063.000,26572,2,EA,1,100,1.234802
1755195987.275411,1380130.000,26588,1,EA,1,100,1.235240
1755195987.341911,1380196.500,26604,2,EA,1,100,1.235240
1755195987.408412,1380263.000,26604,2,EA,1,100,1.235240
1755195987.474412,1380329.000,26620,1,EA,1,100,1.235677
1755195987.541412,1380396.000,26637,2,EA,1,100,1.235898
1755195987.608413,1380463.000,26637,2,EA,1,100,1.236774
1755195987.674913,1380529.500,26653,2,EA,1,100,1.236337
1755195987.741414,1380596.000,26653,2,EA,1,100,1.236116
1755195987.808414,1380663.000,26673,1,EA,1,100,1.235677
1755195987.874915,1380729.500,26687,2,EA,1,100,1.236116
1755195987.941415,1380796.000,26687,2,EA,1,100,1.236337
1755195988.008416,1380863.000,26704,1,EA,1,100,1.236337
1755195988.074916,1380929.500,26721,2,EA,1,100,1.236337
1755195988.141417,1380996.000,26721,2,EA,1,100,1.236337
1755195988.208417,1381063.000,26738,1,EA,1,100,1.237436
1755195988.274918,1381129.500,26752,2,EA,1,100,1.237214
1755195988.341418,1381196.000,26752,2,EA,1,100,1.236774
1755195988.408419,1381263.000,26769,1,EA,1,100,1.237436
1755195988.474919,1381329.500,26786,2,EA,1,100,1.237436
1755195988.541420,1381396.000,26786,2,EA,1,100,1.237655
1755195988.608420,1381463.000,26803,1,EA,1,100,1.238095
1755195988.674921,1381529.500,26819,2,EA,1,100,1.238536
1755195988.741421,1381596.000,26819,2,EA,1,100,1.238315
1755195988.808422,1381663.000,26837,1,EA,1,100,1.238975
1755195988.874922,1381729.500,26855,2,EA,1,100,1.238756
1755195988.941422,1381796.000,26855,2,EA,1,100,1.238975
1755195989.008423,1381863.000,26872,1,EA,1,100,1.239197
1755195989.074923,1381929.500,26887,2,EA,1,100,1.239639
1755195989.141424,1381996.000,26887,2,EA,1,100,1.239417
1755195989.208424,1382063.000,26904,1,EA,1,100,1.239639
1755195989.274925,1382129.500,26920,2,EA,1,100,1.239639
1755195989.341425,1382196.000,26920,2,EA,1,100,1.239639
1755195989.408426,1382263.000,26937,1,EA,1,100,1.240301
1755195989.474926,1382329.500,26953,2,EA,1,100,1.240301
1755195989.541427,1382396.000,26953,2,EA,1,100,1.239859
1755195989.608427,1382463.000,26971,1,EA,1,100,1.240964
1755195989.674928,1382529.500,26987,2,EA,1,100,1.241407
1755195989.741428,1382596.000,26987,2,EA,1,100,1.240964
1755195989.807929,1382662.500,27010,2,EA,1,100,1.241184
1755195989.874429,1382729.000,27010,2,EA,1,100,1.241184
1755195989.941430,1382796.000,27026,1,EA,1,100,1.241850
1755195990.007930,1382862.500,27041,2,EA,1,100,1.242291
1755195990.074431,1382929.000,27041,2,EA,1,100,1.241627
1755195990.141431,1382996.000,27058,1,EA,1,100,1.241627
1755195990.207931,1383062.500,27075,2,EA,1,100,1.241627
1755195990.274432,1383129.000,27075,2,EA,1,100,1.241627
1755195990.341432,1383196.000,27091,1,EA,1,100,1.241850
1755195990.407933,1383262.500,27109,2,EA,1,100,1.241627
1755195990.474433,1383329.000,27109,2,EA,1,100,1.242071
1755195990.541434,1383396.000,27125,1,EA,1,100,1.242735
1755195990.607934,1383462.500,27142,2,EA,1,100,1.242735
1755195990.674435,1383529.000,27142,2,EA,1,100,1.242958
1755195990.741435,1383596.000,27158,1,EA,1,100,1.242958
1755195990.807936,1383662.500,27174,2,EA,1,100,1.242958
1755195990.874436,1383729.000,27174,2,EA,1,100,1.242514
1755195990.941437,1383796.000,27190,1,EA,1,100,1.242958
1755195991.007937,1383862.500,27207,2,EA,1,100,1.243401
1755195991.074438,1383929.000,27207,2,EA,1,100,1.242958
1755195991.141438,1383996.000,27224,1,EA,1,100,1.243624
1755195991.207939,1384062.500,27239,2,EA,1,100,1.243845
1755195991.274439,1384129.000,27239,2,EA,1,100,1.244290
1755195991.341440,1384196.000,27257,1,EA,1,100,1.244290
1755195991.407940,1384262.500,27275,2,EA,1,100,1.244069
1755195991.474440,1384329.000,27275,2,EA,1,100,1.244512
1755195991.541441,1384396.000,27291,1,EA,1,100,1.244512
1755195991.607941,1384462.500,27306,2,EA,1,100,1.244512
1755195991.674442,1384529.000,27306,2,EA,1,100,1.244290
1755195991.741442,1384596.000,27322,1,EA,1,100,1.244512
1755195991.807943,1384662.500,27340,2,EA,1,100,1.244512
1755195991.874443,1384729.000,27340,2,EA,1,100,1.244736
1755195991.941444,1384796.000,27356,1,EA,1,100,1.244957
1755195992.007944,1384862.500,27375,2,EA,1,100,1.244512
1755195992.074445,1384929.000,27375,2,EA,1,100,1.244512
1755195992.140945,1384995.500,27390,2,EA,1,100,1.244512
1755195992.207446,1385062.000,27390,2,EA,1,100,1.244957
1755195992.274446,1385129.000,27407,1,EA,1,100,1.245181
1755195992.340947,1385195.500,27423,2,EA,1,100,1.245403
1755195992.407447,1385262.000,27423,2,EA,1,100,1.245625
1755195992.474448,1385329.000,27441,1,EA,1,100,1.245625
1755195992.540948,1385395.500,27455,2,EA,1,100,1.245403
1755195992.607449,1385462.000,27455,2,EA,1,100,1.245849
1755195992.674449,1385529.000,27472,1,EA,1,100,1.246071
1755195992.740949,1385595.500,27489,2,EA,1,100,1.246296
1755195992.807450,1385662.000,27489,2,EA,1,100,1.245849
1755195992.874450,1385729.000,27506,1,EA,1,100,1.246071
1755195992.940951,1385795.500,27520,2,EA,1,100,1.246740
1755195993.007451,1385862.000,27520,2,EA,1,100,1.246518
1755195993.074452,1385929.000,27537,1,EA,1,100,1.246740
1755195993.140952,1385995.500,27554,2,EA,1,100,1.246740
1755195993.207453,1386062.000,27554,2,EA,1,100,1.246965
1755195993.274453,1386129.000,27571,1,EA,1,100,1.246740
1755195993.340954,1386195.500,27585,2,EA,1,100,1.247188
1755195993.407454,1386262.000,27585,2,EA,1,100,1.246740
1755195993.474455,1386329.000,27603,1,EA,1,100,1.247188
1755195993.540955,1386395.500,27619,2,EA,1,100,1.247412
1755195993.607456,1386462.000,27619,2,EA,1,100,1.247635
1755195993.674456,1386529.000,27636,1,EA,1,100,1.247858
1755195993.740957,1386595.500,27651,2,EA,1,100,1.248083
1755195993.807457,1386662.000,27651,2,EA,1,100,1.247635
1755195993.874458,1386729.000,27670,1,EA,1,100,1.247858
1755195993.940958,1386795.500,27686,2,EA,1,100,1.248754
1755195994.007458,1386862.000,27686,2,EA,1,100,1.248754
1755195994.074459,1386929.000,27703,1,EA,1,100,1.248977
1755195994.140959,1386995.500,27719,2,EA,1,100,1.248977
1755195994.207460,1387062.000,27719,2,EA,1,100,1.248977
1755195994.274460,1387129.000,27735,1,EA,1,100,1.249202
1755195994.340961,1387195.500,27751,2,EA,1,100,1.248977
1755195994.407461,1387262.000,27751,2,EA,1,100,1.249426
1755195994.473962,1387328.500,27769,2,EA,1,100,1.249202
1755195994.540462,1387395.000,27769,2,EA,1,100,1.249875
1755195994.607463,1387462.000,27785,1,EA,1,100,1.250098
1755195994.673963,1387528.500,27800,2,EA,1,100,1.250324
1755195994.740464,1387595.000,27800,2,EA,1,100,1.250324
1755195994.807464,1387662.000,27817,1,EA,1,100,1.250548
1755195994.873965,1387728.500,27839,2,EA,1,100,1.250098
1755195994.940465,1387795.000,27839,2,EA,1,100,1.250098
1755195995.007466,1387862.000,27855,1,EA,1,100,1.250324
1755195995.073966,1387928.500,27871,2,EA,1,100,1.250998
1755195995.140467,1387995.000,27871,2,EA,1,100,1.250548
1755195995.207467,1388062.000,27887,1,EA,1,100,1.251222
1755195995.273967,1388128.500,27906,2,EA,1,100,1.251222
1755195995.340468,1388195.000,27906,2,EA,1,100,1.251448
1755195995.407468,1388262.000,27922,1,EA,1,100,1.251448
1755195995.473969,1388328.500,27938,2,EA,1,100,1.251672
1755195995.540469,1388395.000,27938,2,EA,1,100,1.251222
1755195995.607470,1388462.000,27954,1,EA,1,100,1.251672
1755195995.673970,1388528.500,27971,2,EA,1,100,1.251448
1755195995.740471,1388595.000,27971,2,EA,1,100,1.251898
1755195995.807471,1388662.000,27988,1,EA,1,100,1.252123
1755195995.873972,1388728.500,28003,2,EA,1,100,1.252347
1755195995.940472,1388795.000,28003,2,EA,1,100,1.252347
1755195996.007473,1388862.000,28019,1,EA,1,100,1.252798
1755195996.073973,1388928.500,28037,2,EA,1,100,1.252347
1755195996.140474,1388995.000,28037,2,EA,1,100,1.252573
1755195996.207474,1389062.000,28053,1,EA,1,100,1.252347
1755195996.273975,1389128.500,28069,2,EA,1,100,1.252347
1755195996.340475,1389195.000,28069,2,EA,1,100,1.252347
1755195996.407476,1389262.000,28084,1,EA,1,100,1.252798
1755195996.473976,1389328.500,28102,2,EA,1,100,1.253025
1755195996.540476,1389395.000,28102,2,EA,1,100,1.252798
1755195996.607477,1389462.000,28118,1,EA,1,100,1.253025
1755195996.673977,1389528.500,28134,2,EA,1,100,1.253249
1755195996.740478,1389595.000,28134,2,EA,1,100,1.253025
1755195996.806978,1389661.500,28150,2,EA,1,100,1.253025
1755195996.873479,1389728.000,28150,2,EA,1,100,1.252573
1755195996.940479,1389795.000,28167,1,EA,1,100,1.253249
1755195997.006980,1389861.500,28183,2,EA,1,100,1.253701
1755195997.073480,1389928.000,28183,2,EA,1,100,1.253249
1755195997.140481,1389995.000,28203,1,EA,1,100,1.253926
1755195997.206981,1390061.500,28217,2,EA,1,100,1.253926
1755195997.273482,1390128.000,28217,2,EA,1,100,1.253249
1755195997.340482,1390195.000,28234,1,EA,1,100,1.254153
1755195997.406983,1390261.500,28251,2,EA,1,100,1.254378
1755195997.473483,1390328.000,28251,2,EA,1,100,1.254378
1755195997.540484,1390395.000,28268,1,EA,1,100,1.254604
1755195997.606984,1390461.500,28282,2,EA,1,100,1.254831
1755195997.673485,1390528.000,28282,2,EA,1,100,1.254831
1755195997.740485,1390595.000,28299,1,EA,1,100,1.255056
1755195997.806985,1390661.500,28316,2,EA,1,100,1.255284
1755195997.873486,1390728.000,28316,2,EA,1,100,1.255284
1755195997.940486,1390795.000,28335,1,EA,1,100,1.255056
1755195998.006987,1390861.500,28349,2,EA,1,100,1.255284
1755195998.073487,1390928.000,28349,2,EA,1,100,1.255056
1755195998.140488,1390995.000,28367,1,EA,1,100,1.255284
1755195998.206988,1391061.500,28383,2,EA,1,100,1.255735
1755195998.273489,1391128.000,28383,2,EA,1,100,1.255509
1755195998.340489,1391195.000,28400,1,EA,1,100,1.255509
1755195998.406990,1391261.500,28415,2,EA,1,100,1.255963
1755195998.473490,1391328.000,28415,2,EA,1,100,1.256417
1755195998.540491,1391395.000,28432,1,EA,1,100,1.256642
1755195998.606991,1391461.500,28448,2,EA,1,100,1.256189
1755195998.673492,1391528.000,28448,2,EA,1,100,1.256189
1755195998.740492,1391595.000,28467,1,EA,1,100,1.256642
1755195998.806993,1391661.500,28485,2,EA,1,100,1.257323
1755195998.873493,1391728.000,28485,2,EA,1,100,1.257097
1755195998.940494,1391795.000,28501,1,EA,1,100,1.257551
1755195999.006994,1391861.500,28517,2,EA,1,100,1.257551
1755195999.073494,1391928.000,28517,2,EA,1,100,1.257551
1755195999.140495,1391995.000,28535,2,EA,1,100,1.257551
1755195999.207495,1392062.000,28535,2,EA,1,100,1.257551
1755195999.273496,1392128.000,28551,1,EA,1,100,1.258004
1755195999.339996,1392194.500,28566,2,EA,1,100,1.258688
1755195999.406497,1392261.000,28566,2,EA,1,100,1.258688
1755195999.473497,1392328.000,28585,1,EA,1,100,1.258459
1755195999.539998,1392394.500,28602,2,EA,1,100,1.258688
1755195999.606498,1392461.000,28602,2,EA,1,100,1.258688
1755195999.673499,1392528.000,28618,1,EA,1,100,1.258688
1755195999.739999,1392594.500,28634,2,EA,1,100,1.258688
1755195999.806500,1392661.000,28634,2,EA,1,100,1.259141
1755195999.873500,1392728.000,28650,1,EA,1,100,1.259370
1755195999.940001,1392794.500,28667,2,EA,1,100,1.259597
1755196000.006501,1392861.000,28667,2,EA,1,100,1.259827
1755196000.073502,1392928.000,28688,1,EA,1,100,1.260054
1755196000.140002,1392994.500,28704,2,EA,1,100,1.260054
1755196000.206503,1393061.000,28704,2,EA,1,100,1.260054
1755196000.273503,1393128.000,28722,1,EA,1,100,1.260511
1755196000.340003,1393194.500,28739,2,EA,1,100,1.261195
1755196000.406504,1393261.000,28739,2,EA,1,100,1.260968
1755196000.473504,1393328.000,28756,1,EA,1,100,1.261195
1755196000.540005,1393394.500,28771,2,EA,1,100,1.261653
1755196000.606505,1393461.000,28771,2,EA,1,100,1.261195
1755196000.673506,1393528.000,28787,1,EA,1,100,1.261423
1755196000.740006,1393594.500,28805,2,EA,1,100,1.260968
1755196000.806507,1393661.000,28805,2,EA,1,100,1.261195
1755196000.873507,1393728.000,28821,1,EA,1,100,1.261195
1755196000.940008,1393794.500,28836,2,EA,1,100,1.261880
1755196001.006508,1393861.000,28836,2,EA,1,100,1.261880
1755196001.073509,1393928.000,28852,1,EA,1,100,1.262110
1755196001.140009,1393994.500,28870,2,EA,1,100,1.261880
1755196001.206510,1394061.000,28870,2,EA,1,100,1.262339
1755196001.273510,1394128.000,28886,1,EA,1,100,1.262110
1755196001.340011,1394194.500,28902,2,EA,1,100,1.262566
1755196001.406511,1394261.000,28902,2,EA,1,100,1.262339
1755196001.473512,1394328.000,28918,1,EA,1,100,1.262566
1755196001.540012,1394394.500,28935,2,EA,1,100,1.262797
1755196001.606512,1394461.000,28935,2,EA,1,100,1.262797
1755196001.673513,1394528.000,28951,2,EA,1,100,1.263255
1755196001.740513,1394595.000,28951,2,EA,1,100,1.262566
1755196001.806514,1394661.000,28969,1,EA,1,100,1.263484
1755196001.873514,1394728.000,28983,2,EA,1,100,1.263712
1755196001.940515,1394795.000,28983,2,EA,1,100,1.263484
1755196002.006515,1394861.000,29000,1,EA,1,100,1.263484
1755196002.073516,1394928.000,29017,2,EA,1,100,1.263484
1755196002.140516,1394995.000,29017,2,EA,1,100,1.263255
1755196002.206517,1395061.000,29034,1,EA,1,100,1.263484
1755196002.273517,1395128.000,29048,2,EA,1,100,1.263712
1755196002.340518,1395195.000,29048,2,EA,1,100,1.263712
1755196002.406518,1395261.000,29065,1,EA,1,100,1.263943
1755196002.473519,1395328.000,29082,2,EA,1,100,1.263943
1755196002.540519,1395395.000,29082,2,EA,1,100,1.263943
1755196002.606520,1395461.000,29099,1,EA,1,100,1.264172
1755196002.673020,1395527.500,29113,2,EA,1,100,1.264172
1755196002.739521,1395594.000,29113,2,EA,1,100,1.263943
1755196002.806521,1395661.000,29131,1,EA,1,100,1.264403
1755196002.873021,1395727.500,29147,2,EA,1,100,1.264172
1755196002.939522,1395794.000,29147,2,EA,1,100,1.263943
1755196003.006522,1395861.000,29164,1,EA,1,100,1.264403
1755196003.073023,1395927.500,29181,2,EA,1,100,1.264860
1755196003.139523,1395994.000,29181,2,EA,1,100,1.264631
1755196003.206524,1396061.000,29198,1,EA,1,100,1.265320
1755196003.273024,1396127.500,29214,2,EA,1,100,1.265091
1755196003.339525,1396194.000,29214,2,EA,1,100,1.265320
1755196003.406525,1396261.000,29231,1,EA,1,100,1.265320
1755196003.473026,1396327.500,29247,2,EA,1,100,1.265091
1755196003.539526,1396394.000,29247,2,EA,1,100,1.265552
1755196003.606527,1396461.000,29263,1,EA,1,100,1.266010
1755196003.673027,1396527.500,29279,2,EA,1,100,1.266010
1755196003.739528,1396594.000,29279,2,EA,1,100,1.266242
1755196003.806528,1396661.000,29297,1,EA,1,100,1.266010
1755196003.873029,1396727.500,29314,2,EA,1,100,1.266703
1755196003.939529,1396794.000,29314,2,EA,1,100,1.267162
1755196004.006530,1396861.000,29330,2,EA,1,100,1.267624
1755196004.073530,1396928.000,29330,2,EA,1,100,1.267162
1755196004.139530,1396994.000,29347,1,EA,1,100,1.267162
1755196004.206531,1397061.000,29364,2,EA,1,100,1.267856
1755196004.273531,1397128.000,29364,2,EA,1,100,1.267162
1755196004.339532,1397194.000,29380,1,EA,1,100,1.267624
1755196004.406532,1397261.000,29398,2,EA,1,100,1.268316
1755196004.473533,1397328.000,29398,2,EA,1,100,1.268316
1755196004.539533,1397394.000,29414,1,EA,1,100,1.268316
1755196004.606534,1397461.000,29431,2,EA,1,100,1.268549
1755196004.673534,1397528.000,29431,2,EA,1,100,1.269242
1755196004.739535,1397594.000,29447,1,EA,1,100,1.269012
1755196004.806535,1397661.000,29463,2,EA,1,100,1.269012
1755196004.873536,1397728.000,29463,2,EA,1,100,1.269012
1755196004.939536,1397794.000,29479,1,EA,1,100,1.269473
1755196005.006537,1397861.000,29496,2,EA,1,100,1.270400
1755196005.073537,1397928.000,29496,2,EA,1,100,1.269936
1755196005.139538,1397994.000,29518,1,EA,1,100,1.269936
1755196005.206538,1398061.000,29533,2,EA,1,100,1.269936
1755196005.273539,1398128.000,29533,2,EA,1,100,1.269936
1755196005.339539,1398194.000,29551,1,EA,1,100,1.270169
1755196005.406540,1398261.000,29569,2,EA,1,100,1.270400
1755196005.473540,1398328.000,29569,2,EA,1,100,1.270400
1755196005.539540,1398394.000,29585,1,EA,1,100,1.270400
1755196005.606541,1398461.000,29600,2,EA,1,100,1.270631
1755196005.673541,1398528.000,29600,2,EA,1,100,1.270400
1755196005.739542,1398594.000,29616,1,EA,1,100,1.270169
1755196005.806542,1398661.000,29634,2,EA,1,100,1.270631
1755196005.873543,1398728.000,29634,2,EA,1,100,1.270864
1755196005.939543,1398794.000,29650,1,EA,1,100,1.271096
1755196006.006044,1398860.500,29668,2,EA,1,100,1.270169
1755196006.072544,1398927.000,29668,2,EA,1,100,1.270400
1755196006.139545,1398994.000,29684,1,EA,1,100,1.270400
1755196006.206045,1399060.500,29701,2,EA,1,100,1.269936
1755196006.272546,1399127.000,29701,2,EA,1,100,1.270631
1755196006.339546,1399194.000,29717,2,EA,1,100,1.270864
1755196006.406547,1399261.000,29717,2,EA,1,100,1.270400
1755196006.472547,1399327.000,29735,1,EA,1,100,1.271329
1755196006.539548,1399394.000,29749,2,EA,1,100,1.271560
1755196006.606548,1399461.000,29749,2,EA,1,100,1.271096
1755196006.672549,1399527.000,29766,1,EA,1,100,1.271329
1755196006.739549,1399594.000,29783,2,EA,1,100,1.271560
1755196006.806549,1399661.000,29783,2,EA,1,100,1.271792
1755196006.872550,1399727.000,29800,1,EA,1,100,1.271792
1755196006.939550,1399794.000,29816,2,EA,1,100,1.272025
1755196007.006551,1399861.000,29816,2,EA,1,100,1.272025
1755196007.072551,1399927.000,29833,1,EA,1,100,1.272954
1755196007.139552,1399994.000,29850,2,EA,1,100,1.273188
1755196007.206552,1400061.000,29850,2,EA,1,100,1.273655
1755196007.272553,1400127.000,29867,1,EA,1,100,1.273887
1755196007.339553,1400194.000,29881,2,EA,1,100,1.273655
1755196007.406554,1400261.000,29881,2,EA,1,100,1.274119
1755196007.472554,1400327.000,29899,1,EA,1,100,1.274586
1755196007.539555,1400394.000,29915,2,EA,1,100,1.274119
1755196007.606555,1400461.000,29915,2,EA,1,100,1.273887
1755196007.672556,1400527.000,29932,1,EA,1,100,1.274119
1755196007.739556,1400594.000,29947,2,EA,1,100,1.274821
1755196007.806557,1400661.000,29947,2,EA,1,100,1.274821
1755196007.872557,1400727.000,29964,1,EA,1,100,1.274821
1755196007.939558,1400794.000,29980,2,EA,1,100,1.274119
1755196008.006558,1400861.000,29980,2,EA,1,100,1.275053
1755196008.072558,1400927.000,29997,1,EA,1,100,1.274119
1755196008.139559,1400994.000,30013,2,EA,1,100,1.274119
1755196008.206559,1401061.000,30013,2,EA,1,100,1.274586
1755196008.272560,1401127.000,30029,1,EA,1,100,1.274119
1755196008.339560,1401194.000,30045,2,EA,1,100,1.272722
1755196008.406561,1401261.000,30045,2,EA,1,100,1.272491
1755196008.473061,1401327.500,30063,2,EA,1,100,1.272491
1755196008.539562,1401394.000,30063,2,EA,1,100,1.272491
1755196008.606562,1401461.000,30079,1,EA,1,100,1.272491
1755196008.673063,1401527.500,30094,2,EA,1,100,1.272722
1755196008.739563,1401594.000,30094,2,EA,1,100,1.272954
1755196008.806564,1401661.000,30111,1,EA,1,100,1.273188
1755196008.873064,1401727.500,30130,2,EA,1,100,1.273655
1755196008.939565,1401794.000,30130,2,EA,1,100,1.273655
1755196009.006565,1401861.000,30146,1,EA,1,100,1.273188
1755196009.073066,1401927.500,30162,2,EA,1,100,1.273188
1755196009.139566,1401994.000,30162,2,EA,1,100,1.273655
1755196009.206567,1402061.000,30178,1,EA,1,100,1.274119
1755196009.273067,1402127.500,30195,2,EA,1,100,1.274119
1755196009.339567,1402194.000,30195,2,EA,1,100,1.273655
1755196009.405568,1402260.000,30211,1,EA,1,100,1.274119
1755196009.472568,1402327.000,30227,2,EA,1,100,1.273887
1755196009.539569,1402394.000,30227,2,EA,1,100,1.273887
1755196009.605569,1402460.000,30243,1,EA,1,100,1.274354
1755196009.672570,1402527.000,30262,2,EA,1,100,1.275521
1755196009.739570,1402594.000,30262,2,EA,1,100,1.275754
1755196009.806571,1402661.000,30279,1,EA,1,100,1.275286
1755196009.873071,1402727.500,30294,2,EA,1,100,1.275521
1755196009.939572,1402794.000,30294,2,EA,1,100,1.275053
1755196010.005572,1402860.000,30310,1,EA,1,100,1.275521
1755196010.072573,1402927.000,30328,2,EA,1,100,1.275989
1755196010.139573,1402994.000,30328,2,EA,1,100,1.276222
1755196010.205574,1403060.000,30344,1,EA,1,100,1.275989
1755196010.272574,1403127.000,30364,2,EA,1,100,1.276455
1755196010.339575,1403194.000,30364,2,EA,1,100,1.275989
1755196010.405575,1403260.000,30380,1,EA,1,100,1.276222
1755196010.472576,1403327.000,30398,2,EA,1,100,1.276222
1755196010.539576,1403394.000,30398,2,EA,1,100,1.276455
1755196010.605576,1403460.000,30414,1,EA,1,100,1.276455
1755196010.672577,1403527.000,30430,2,EA,1,100,1.276455
1755196010.739577,1403594.000,30430,2,EA,1,100,1.276455
1755196010.805578,1403660.000,30446,1,EA,1,100,1.276690
1755196010.872578,1403727.000,30463,2,EA,1,100,1.276690
1755196010.939579,1403794.000,30463,2,EA,1,100,1.276924
1755196011.006079,1403860.500,30479,2,EA,1,100,1.277393
1755196011.072580,1403927.000,30479,2,EA,1,100,1.276924
1755196011.139580,1403994.000,30497,1,EA,1,100,1.277159
1755196011.206081,1404060.500,30511,2,EA,1,100,1.277626
1755196011.272581,1404127.000,30511,2,EA,1,100,1.277626
1755196011.339582,1404194.000,30528,1,EA,1,100,1.277626
1755196011.406082,1404260.500,30545,2,EA,1,100,1.277626
1755196011.472583,1404327.000,30545,2,EA,1,100,1.277626
1755196011.539583,1404394.000,30562,1,EA,1,100,1.277626
1755196011.606084,1404460.500,30576,2,EA,1,100,1.278096
1755196011.672584,1404527.000,30576,2,EA,1,100,1.278096
1755196011.739585,1404594.000,30593,1,EA,1,100,1.278096
1755196011.806085,1404660.500,30610,2,EA,1,100,1.278332
1755196011.872585,1404727.000,30610,2,EA,1,100,1.278799
1755196011.939586,1404794.000,30627,1,EA,1,100,1.278799
1755196012.006086,1404860.500,30643,2,EA,1,100,1.279036
1755196012.072587,1404927.000,30643,2,EA,1,100,1.279036
1755196012.139587,1404994.000,30661,1,EA,1,100,1.278799
1755196012.206088,1405060.500,30677,2,EA,1,100,1.279270
1755196012.272588,1405127.000,30677,2,EA,1,100,1.279975
1755196012.339589,1405194.000,30694,1,EA,1,100,1.279506
1755196012.406089,1405260.500,30709,2,EA,1,100,1.279270
1755196012.472590,1405327.000,30709,2,EA,1,100,1.279270
1755196012.539590,1405394.000,30726,1,EA,1,100,1.279741
1755196012.606091,1405460.500,30742,2,EA,1,100,1.279741
1755196012.672591,1405527.000,30742,2,EA,1,100,1.279741
1755196012.739592,1405594.000,30759,1,EA,1,100,1.279741
1755196012.806092,1405660.500,30777,2,EA,1,100,1.279741
1755196012.872593,1405727.000,30777,2,EA,1,100,1.279975
1755196012.939593,1405794.000,30793,1,EA,1,100,1.279975
1755196013.006094,1405860.500,30809,2,EA,1,100,1.280212
1755196013.072594,1405927.000,30809,2,EA,1,100,1.280918
1755196013.139594,1405994.000,30827,1,EA,1,100,1.281152
1755196013.206095,1406060.500,30842,2,EA,1,100,1.281152
1755196013.272595,1406127.000,30842,2,EA,1,100,1.280683
1755196013.339096,1406193.500,30860,2,EA,1,100,1.280918
1755196013.405596,1406260.000,30860,2,EA,1,100,1.280918
1755196013.472597,1406327.000,30877,1,EA,1,100,1.280683
1755196013.539097,1406393.500,30894,2,EA,1,100,1.281152
1755196013.605598,1406460.000,30894,2,EA,1,100,1.281152
1755196013.672598,1406527.000,30910,1,EA,1,100,1.280918
1755196013.739099,1406593.500,30926,2,EA,1,100,1.281390
1755196013.805599,1406660.000,30926,2,EA,1,100,1.281390
1755196013.872600,1406727.000,30944,1,EA,1,100,1.282097
1755196013.939100,1406793.500,30961,2,EA,1,100,1.282805
1755196014.005601,1406860.000,30961,2,EA,1,100,1.282805
1755196014.072601,1406927.000,30977,1,EA,1,100,1.282805
1755196014.139102,1406993.500,30993,2,EA,1,100,1.283514
1755196014.205602,1407060.000,30993,2,EA,1,100,1.283514
1755196014.272603,1407127.000,31009,1,EA,1,100,1.283514
1755196014.339103,1407193.500,31026,2,EA,1,100,1.283752
1755196014.405603,1407260.000,31026,2,EA,1,100,1.283514
1755196014.472604,1407327.000,31043,1,EA,1,100,1.284226
1755196014.539104,1407393.500,31058,2,EA,1,100,1.284937
1755196014.605605,1407460.000,31058,2,EA,1,100,1.283279
1755196014.672605,1407527.000,31074,1,EA,1,100,1.283514
1755196014.739106,1407593.500,31092,2,EA,1,100,1.283752
1755196014.805606,1407660.000,31092,2,EA,1,100,1.284937
1755196014.872607,1407727.000,31108,1,EA,1,100,1.288027
1755196014.939107,1407793.500,31123,2,EA,1,100,1.289697
1755196015.005608,1407860.000,31123,2,EA,1,100,1.287550
1755196015.072608,1407927.000,31139,1,EA,1,100,1.283279
1755196015.139109,1407993.500,31157,2,EA,1,100,1.280683
1755196015.205609,1408060.000,31157,2,EA,1,100,1.280683
1755196015.272610,1408127.000,31173,1,EA,1,100,1.282570
1755196015.339110,1408193.500,31194,2,EA,1,100,1.283279
1755196015.405611,1408260.000,31194,2,EA,1,100,1.283279
1755196015.472611,1408327.000,31210,1,EA,1,100,1.283988
1755196015.539112,1408393.500,31227,2,EA,1,100,1.286124
1755196015.605612,1408460.000,31227,2,EA,1,100,1.287313
1755196015.672112,1408526.500,31243,2,EA,1,100,1.288027
1755196015.738613,1408593.000,31243,2,EA,1,100,1.285173
1755196015.805613,1408660.000,31261,1,EA,1,100,1.283279
1755196015.872114,1408726.500,31275,2,EA,1,100,1.285412
1755196015.938614,1408793.000,31275,2,EA,1,100,1.286837
1755196016.005615,1408860.000,31292,1,EA,1,100,1.286600
1755196016.072115,1408926.500,31309,2,EA,1,100,1.285885
1755196016.138616,1408993.000,31309,2,EA,1,100,1.283279
1755196016.205616,1409060.000,31326,1,EA,1,100,1.281625
1755196016.272117,1409126.500,31340,2,EA,1,100,1.283988
1755196016.338617,1409193.000,31340,2,EA,1,100,1.287073
1755196016.405618,1409260.000,31357,1,EA,1,100,1.288982
1755196016.472118,1409326.500,31374,2,EA,1,100,1.288027
1755196016.538619,1409393.000,31374,2,EA,1,100,1.286837
1755196016.605619,1409460.000,31391,1,EA,1,100,1.286124
1755196016.672120,1409526.500,31405,2,EA,1,100,1.287073
1755196016.738620,1409593.000,31405,2,EA,1,100,1.287550
1755196016.805621,1409660.000,31423,1,EA,1,100,1.287789
1755196016.872121,1409726.500,31439,2,EA,1,100,1.287550
1755196016.938621,1409793.000,31439,2,EA,1,100,1.287073
1755196017.005622,1409860.000,31456,1,EA,1,100,1.287313
1755196017.072122,1409926.500,31471,2,EA,1,100,1.287789
1755196017.138623,1409993.000,31471,2,EA,1,100,1.287550
1755196017.205623,1410060.000,31488,1,EA,1,100,1.288027
1755196017.272124,1410126.500,31504,2,EA,1,100,1.287789
1755196017.338624,1410193.000,31504,2,EA,1,100,1.287789
1755196017.405625,1410260.000,31521,1,EA,1,100,1.288027
1755196017.472125,1410326.500,31536,2,EA,1,100,1.288027
1755196017.538626,1410393.000,31536,2,EA,1,100,1.288027
1755196017.605626,1410460.000,31553,1,EA,1,100,1.288264
1755196017.672127,1410526.500,31571,2,EA,1,100,1.288742
1755196017.738627,1410593.000,31571,2,EA,1,100,1.288504
1755196017.805628,1410660.000,31589,1,EA,1,100,1.288742
1755196017.872128,1410726.500,31604,2,EA,1,100,1.288264
1755196017.938629,1410793.000,31604,2,EA,1,100,1.288742
1755196018.005129,1410859.500,31620,2,EA,1,100,1.288982
1755196018.071630,1410926.000,31620,2,EA,1,100,1.288742
1755196018.138630,1410993.000,31637,1,EA,1,100,1.288742
1755196018.205130,1411059.500,31654,2,EA,1,100,1.288982
1755196018.271631,1411126.000,31654,2,EA,1,100,1.288982
1755196018.338631,1411193.000,31670,1,EA,1,100,1.288982
1755196018.405132,1411259.500,31686,2,EA,1,100,1.288742
1755196018.471632,1411326.000,31686,2,EA,1,100,1.288504
1755196018.538633,1411393.000,31704,1,EA,1,100,1.288742
1755196018.605133,1411459.500,31721,2,EA,1,100,1.288982
1755196018.671634,1411526.000,31721,2,EA,1,100,1.289219
1755196018.738634,1411593.000,31737,1,EA,1,100,1.289697
1755196018.805135,1411659.500,31755,2,EA,1,100,1.290176
1755196018.871635,1411726.000,31755,2,EA,1,100,1.289697
1755196018.938636,1411793.000,31771,1,EA,1,100,1.289935
1755196019.005136,1411859.500,31788,2,EA,1,100,1.290893
1755196019.071637,1411926.000,31788,2,EA,1,100,1.290652
1755196019.138637,1411993.000,31805,1,EA,1,100,1.290414
1755196019.205138,1412059.500,31822,2,EA,1,100,1.290652
1755196019.271638,1412126.000,31822,2,EA,1,100,1.290414
1755196019.338639,1412193.000,31838,1,EA,1,100,1.290414
1755196019.405139,1412259.500,31856,2,EA,1,100,1.290652
1755196019.471639,1412326.000,31856,2,EA,1,100,1.290893
1755196019.538640,1412393.000,31872,1,EA,1,100,1.290414
1755196019.605140,1412459.500,31887,2,EA,1,100,1.290652
1755196019.671641,1412526.000,31887,2,EA,1,100,1.290893
1755196019.738641,1412593.000,31903,1,EA,1,100,1.291131
1755196019.805142,1412659.500,31921,2,EA,1,100,1.290893
1755196019.871642,1412726.000,31921,2,EA,1,100,1.291131
1755196019.938643,1412793.000,31937,1,EA,1,100,1.291131
1755196020.005143,1412859.500,31953,2,EA,1,100,1.291850
1755196020.071644,1412926.000,31953,2,EA,1,100,1.291611
1755196020.138644,1412993.000,31969,1,EA,1,100,1.291850
1755196020.205145,1413059.500,31986,2,EA,1,100,1.291850
1755196020.271645,1413126.000,31986,2,EA,1,100,1.292330
1755196020.338146,1413192.500,32002,2,EA,1,100,1.293049
1755196020.404646,1413259.000,32002,2,EA,1,100,1.292571
1755196020.471647,1413326.000,32020,1,EA,1,100,1.292091
1755196020.538147,1413392.500,32039,2,EA,1,100,1.293049
1755196020.604648,1413459.000,32039,2,EA,1,100,1.292571
1755196020.671648,1413526.000,32056,1,EA,1,100,1.293049
1755196020.738649,1413593.000,32073,2,EA,1,100,1.293291
1755196020.805649,1413660.000,32073,2,EA,1,100,1.293291
1755196020.871649,1413726.000,32090,1,EA,1,100,1.293291
1755196020.938150,1413792.500,32104,2,EA,1,100,1.293291
1755196021.004650,1413859.000,32104,2,EA,1,100,1.294012
1755196021.071651,1413926.000,32121,1,EA,1,100,1.294251
1755196021.138151,1413992.500,32138,2,EA,1,100,1.294251
1755196021.204652,1414059.000,32138,2,EA,1,100,1.294493
1755196021.271652,1414126.000,32155,1,EA,1,100,1.294251
1755196021.338153,1414192.500,32169,2,EA,1,100,1.294493
1755196021.404653,1414259.000,32169,2,EA,1,100,1.294733
1755196021.471654,1414326.000,32187,1,EA,1,100,1.294733
1755196021.538154,1414392.500,32203,2,EA,1,100,1.294493
1755196021.604655,1414459.000,32203,2,EA,1,100,1.295215
1755196021.671655,1414526.000,32220,1,EA,1,100,1.295455
1755196021.738156,1414592.500,32235,2,EA,1,100,1.295455
1755196021.804656,1414659.000,32235,2,EA,1,100,1.295698
1755196021.871657,1414726.000,32254,1,EA,1,100,1.295455
1755196021.938157,1414792.500,32270,2,EA,1,100,1.295698
1755196022.004658,1414859.000,32270,2,EA,1,100,1.296181
1755196022.071658,1414926.000,32287,1,EA,1,100,1.296421
1755196022.138158,1414992.500,32303,2,EA,1,100,1.295938
1755196022.204659,1415059.000,32303,2,EA,1,100,1.296181
1755196022.271659,1415126.000,32319,1,EA,1,100,1.296661
1755196022.338160,1415192.500,32335,2,EA,1,100,1.296904
1755196022.404660,1415259.000,32335,2,EA,1,100,1.296904
1755196022.471661,1415326.000,32353,2,EA,1,100,1.296904
1755196022.538661,1415393.000,32353,2,EA,1,100,1.297629
1755196022.604662,1415459.000,32369,1,EA,1,100,1.297870
1755196022.671662,1415526.000,32384,2,EA,1,100,1.297388
1755196022.738663,1415593.000,32384,2,EA,1,100,1.297145
1755196022.804663,1415659.000,32401,1,EA,1,100,1.297870
1755196022.871164,1415725.500,32420,2,EA,1,100,1.297870
1755196022.937664,1415792.000,32420,2,EA,1,100,1.297870
1755196023.004665,1415859.000,32436,1,EA,1,100,1.297870
1755196023.071165,1415925.500,32452,2,EA,1,100,1.297870
1755196023.137666,1415992.000,32452,2,EA,1,100,1.297388
1755196023.204666,1416059.000,32468,1,EA,1,100,1.298355
1755196023.271167,1416125.500,32485,2,EA,1,100,1.298355
1755196023.337667,1416192.000,32485,2,EA,1,100,1.298113
1755196023.404667,1416259.000,32501,1,EA,1,100,1.298113
1755196023.471168,1416325.500,32517,2,EA,1,100,1.298840
1755196023.537668,1416392.000,32517,2,EA,1,100,1.298840
1755196023.604669,1416459.000,32533,1,EA,1,100,1.298598
1755196023.671669,1416526.000,32552,2,EA,1,100,1.298598
1755196023.738670,1416593.000,32552,2,EA,1,100,1.299325
1755196023.804670,1416659.000,32569,1,EA,1,100,1.299325
1755196023.871171,1416725.500,32586,2,EA,1,100,1.299810
1755196023.937671,1416792.000,32586,2,EA,1,100,1.298840
1755196024.004672,1416859.000,32602,1,EA,1,100,1.299081
1755196024.071172,1416925.500,32620,2,EA,1,100,1.299081
1755196024.137673,1416992.000,32620,2,EA,1,100,1.299325
1755196024.204673,1417059.000,32636,1,EA,1,100,1.299810
1755196024.271174,1417125.500,32651,2,EA,1,100,1.300780
1755196024.337674,1417192.000,32651,2,EA,1,100,1.300294
1755196024.404675,1417259.000,32669,1,EA,1,100,1.300538
1755196024.471175,1417325.500,32687,2,EA,1,100,1.300538
1755196024.537676,1417392.000,32687,2,EA,1,100,1.301025
1755196024.604676,1417459.000,32703,1,EA,1,100,1.301025
1755196024.671176,1417525.500,32719,2,EA,1,100,1.300780
1755196024.737677,1417592.000,32719,2,EA,1,100,1.300780
1755196024.804677,1417659.000,32735,1,EA,1,100,1.301025
1755196024.871178,1417725.500,32752,2,EA,1,100,1.301025
1755196024.937678,1417792.000,32752,2,EA,1,100,1.301025
1755196025.004679,1417859.000,32770,2,EA,1,100,1.301025
1755196025.071679,1417926.000,32770,2,EA,1,100,1.301509
1755196025.137680,1417992.000,32788,1,EA,1,100,1.301509
1755196025.204680,1418059.000,32802,2,EA,1,100,1.301997
1755196025.271681,1418126.000,32802,2,EA,1,100,1.301509
1755196025.337681,1418192.000,32819,1,EA,1,100,1.301509
1755196025.404682,1418259.000,32836,2,EA,1,100,1.301754
1755196025.471682,1418326.000,32836,2,EA,1,100,1.301997
1755196025.537683,1418392.000,32853,1,EA,1,100,1.302242
1755196025.604350,1418458.667,32871,3,EA,1,100,1.302484
1755196025.671017,1418525.333,32871,3,EA,1,100,1.301997
1755196025.737684,1418592.000,32871,3,EA,1,100,1.301997
1755196025.804685,1418659.000,32888,1,EA,1,100,1.302242
1755196025.871185,1418725.500,32904,2,EA,1,100,1.302242
1755196025.937685,1418792.000,32904,2,EA,1,100,1.302484
1755196026.004686,1418859.000,32919,1,EA,1,100,1.303215
1755196026.071186,1418925.500,32937,2,EA,1,100,1.303215
1755196026.137687,1418992.000,32937,2,EA,1,100,1.303215
1755196026.204187,1419058.500,32953,2,EA,1,100,1.303460
1755196026.270688,1419125.000,32953,2,EA,1,100,1.303947
1755196026.337688,1419192.000,32970,1,EA,1,100,1.304436
1755196026.404689,1419259.000,32985,2,EA,1,100,1.303704
1755196026.471689,1419326.000,32985,2,EA,1,100,1.303947
1755196026.537690,1419392.000,33002,1,EA,1,100,1.303704
1755196026.604190,1419458.500,33018,2,EA,1,100,1.303947
1755196026.670691,1419525.000,33018,2,EA,1,100,1.303947
1755196026.737691,1419592.000,33035,1,EA,1,100,1.304193
1755196026.804192,1419658.500,33050,2,EA,1,100,1.304682
1755196026.870692,1419725.000,33050,2,EA,1,100,1.304925
1755196026.937693,1419792.000,33067,1,EA,1,100,1.304682
1755196027.004193,1419858.500,33083,2,EA,1,100,1.303947
1755196027.070694,1419925.000,33083,2,EA,1,100,1.304436
1755196027.137694,1419992.000,33101,1,EA,1,100,1.305415
1755196027.204194,1420058.500,33115,2,EA,1,100,1.305415
1755196027.270695,1420125.000,33115,2,EA,1,100,1.305415
1755196027.337695,1420192.000,33132,1,EA,1,100,1.305659
1755196027.404196,1420258.500,33149,2,EA,1,100,1.305415
1755196027.470696,1420325.000,33149,2,EA,1,100,1.305905
1755196027.537697,1420392.000,33166,1,EA,1,100,1.306149
1755196027.604197,1420458.500,33180,2,EA,1,100,1.306394
1755196027.670698,1420525.000,33180,2,EA,1,100,1.306394
1755196027.737698,1420592.000,33199,1,EA,1,100,1.306149
1755196027.804199,1420658.500,33216,2,EA,1,100,1.307131
1755196027.870699,1420725.000,33216,2,EA,1,100,1.306640
1755196027.937700,1420792.000,33233,1,EA,1,100,1.306885
1755196028.004200,1420858.500,33248,2,EA,1,100,1.306640
1755196028.070701,1420925.000,33248,2,EA,1,100,1.306394
1755196028.137701,1420992.000,33265,1,EA,1,100,1.306394
1755196028.204202,1421058.500,33281,2,EA,1,100,1.306640
1755196028.270702,1421125.000,33281,2,EA,1,100,1.307131
1755196028.337703,1421192.000,33298,1,EA,1,100,1.307376
1755196028.404203,1421258.500,33314,2,EA,1,100,1.307376
1755196028.470703,1421325.000,33314,2,EA,1,100,1.307376
1755196028.537704,1421392.000,33330,2,EA,1,100,1.307620
1755196028.604704,1421459.000,33330,2,EA,1,100,1.307620
1755196028.670705,1421525.000,33346,1,EA,1,100,1.307867
1755196028.737705,1421592.000,33364,2,EA,1,100,1.307867
1755196028.804706,1421659.000,33364,2,EA,1,100,1.308112
1755196028.870706,1421725.000,33384,1,EA,1,100,1.307620
1755196028.937707,1421792.000,33399,2,EA,1,100,1.308112
1755196029.004707,1421859.000,33399,2,EA,1,100,1.308112
1755196029.070708,1421925.000,33415,1,EA,1,100,1.308360
1755196029.137708,1421992.000,33433,2,EA,1,100,1.308604
1755196029.204709,1422059.000,33433,2,EA,1,100,1.308112
1755196029.270709,1422125.000,33449,1,EA,1,100,1.308112
1755196029.337210,1422191.500,33464,2,EA,1,100,1.308360
1755196029.403710,1422258.000,33464,2,EA,1,100,1.308604
1755196029.470711,1422325.000,33481,1,EA,1,100,1.308849
1755196029.537211,1422391.500,33498,2,EA,1,100,1.308849
1755196029.603712,1422458.000,33498,2,EA,1,100,1.309097
1755196029.670712,1422525.000,33516,1,EA,1,100,1.308849
1755196029.737212,1422591.500,33532,2,EA,1,100,1.309097
1755196029.803713,1422658.000,33532,2,EA,1,100,1.308849
1755196029.870713,1422725.000,33548,1,EA,1,100,1.308849
1755196029.937214,1422791.500,33565,2,EA,1,100,1.309342
1755196030.003714,1422858.000,33565,2,EA,1,100,1.309590
1755196030.070715,1422925.000,33581,1,EA,1,100,1.308849
1755196030.137215,1422991.500,33597,2,EA,1,100,1.309590
1755196030.203716,1423058.000,33597,2,EA,1,100,1.309835
1755196030.270716,1423125.000,33613,1,EA,1,100,1.309835
1755196030.337217,1423191.500,33630,2,EA,1,100,1.309835
1755196030.403717,1423258.000,33630,2,EA,1,100,1.309590
1755196030.470718,1423325.000,33649,1,EA,1,100,1.310575
1755196030.537218,1423391.500,33665,2,EA,1,100,1.310081
1755196030.603719,1423458.000,33665,2,EA,1,100,1.310081
1755196030.670719,1423525.000,33680,1,EA,1,100,1.310575
1755196030.737386,1423591.667,33705,3,EA,1,100,1.310575
1755196030.804053,1423658.333,33705,3,EA,1,100,1.310329
1755196030.870721,1423725.000,33705,3,EA,1,100,1.310823
1755196030.937721,1423792.000,33721,1,EA,1,100,1.310575
1755196031.004221,1423858.500,33738,2,EA,1,100,1.309590
1755196031.070722,1423925.000,33738,2,EA,1,100,1.309835
1755196031.137722,1423992.000,33755,1,EA,1,100,1.310329
1755196031.204223,1424058.500,33772,2,EA,1,100,1.311069
1755196031.270723,1424125.000,33772,2,EA,1,100,1.311809
1755196031.337724,1424192.000,33788,1,EA,1,100,1.312058
1755196031.404224,1424258.500,33806,2,EA,1,100,1.311809
1755196031.470725,1424325.000,33806,2,EA,1,100,1.311563
1755196031.537725,1424392.000,33822,1,EA,1,100,1.311069
1755196031.604226,1424458.500,33837,2,EA,1,100,1.311069
1755196031.670726,1424525.000,33837,2,EA,1,100,1.311315
1755196031.737727,1424592.000,33853,1,EA,1,100,1.311315
1755196031.804227,1424658.500,33871,2,EA,1,100,1.311563
1755196031.870728,1424725.000,33871,2,EA,1,100,1.311563
1755196031.937728,1424792.000,33889,1,EA,1,100,1.312058
1755196032.004229,1424858.500,33905,2,EA,1,100,1.312058
1755196032.070729,1424925.000,33905,2,EA,1,100,1.312058
1755196032.137730,1424992.000,33921,1,EA,1,100,1.312058
1755196032.204230,1425058.500,33938,2,EA,1,100,1.311563
1755196032.270730,1425125.000,33938,2,EA,1,100,1.312058
1755196032.337731,1425192.000,33954,1,EA,1,100,1.311809
1755196032.404231,1425258.500,33971,2,EA,1,100,1.311809
1755196032.470732,1425325.000,33971,2,EA,1,100,1.312551
1755196032.537232,1425391.500,33986,2,EA,1,100,1.311809
1755196032.603733,1425458.000,33986,2,EA,1,100,1.312058
1755196032.670733,1425525.000,34005,1,EA,1,100,1.312058
1755196032.737234,1425591.500,34022,2,EA,1,100,1.312551
1755196032.803734,1425658.000,34022,2,EA,1,100,1.313046
1755196032.870735,1425725.000,34039,1,EA,1,100,1.312304
1755196032.937235,1425791.500,34053,2,EA,1,100,1.312551
1755196033.003736,1425858.000,34053,2,EA,1,100,1.313046
1755196033.070736,1425925.000,34070,1,EA,1,100,1.313046
1755196033.137237,1425991.500,34087,2,EA,1,100,1.313295
1755196033.203737,1426058.000,34087,2,EA,1,100,1.313295
1755196033.270738,1426125.000,34104,1,EA,1,100,1.313295
1755196033.337238,1426191.500,34118,2,EA,1,100,1.313789
1755196033.403739,1426258.000,34118,2,EA,1,100,1.313789
1755196033.470739,1426325.000,34136,1,EA,1,100,1.313789
1755196033.537239,1426391.500,34152,2,EA,1,100,1.314038
1755196033.603740,1426458.000,34152,2,EA,1,100,1.314038
1755196033.670740,1426525.000,34169,1,EA,1,100,1.315030
1755196033.737241,1426591.500,34184,2,EA,1,100,1.315030
1755196033.803741,1426658.000,34184,2,EA,1,100,1.315030
1755196033.870742,1426725.000,34203,1,EA,1,100,1.315030
1755196033.937242,1426791.500,34219,2,EA,1,100,1.315777
1755196034.003743,1426858.000,34219,2,EA,1,100,1.315030
1755196034.070743,1426925.000,34236,1,EA,1,100,1.315030
1755196034.137244,1426991.500,34251,2,EA,1,100,1.315030
1755196034.203744,1427058.000,34251,2,EA,1,100,1.315280
1755196034.270745,1427125.000,34268,1,EA,1,100,1.315777
1755196034.337245,1427191.500,34284,2,EA,1,100,1.316025
1755196034.403746,1427258.000,34284,2,EA,1,100,1.315280
1755196034.470746,1427325.000,34302,1,EA,1,100,1.315527
1755196034.537247,1427391.500,34317,2,EA,1,100,1.315280
1755196034.603747,1427458.000,34317,2,EA,1,100,1.316025
1755196034.670748,1427525.000,34333,1,EA,1,100,1.316273
1755196034.737248,1427591.500,34350,2,EA,1,100,1.316523
1755196034.803748,1427658.000,34350,2,EA,1,100,1.316771
1755196034.870749,1427725.000,34367,1,EA,1,100,1.316771
1755196034.937249,1427791.500,34382,2,EA,1,100,1.317022
1755196035.003750,1427858.000,34382,2,EA,1,100,1.316523
1755196035.070250,1427924.500,34399,2,EA,1,100,1.317022
1755196035.136751,1427991.000,34399,2,EA,1,100,1.317022
1755196035.203751,1428058.000,34415,1,EA,1,100,1.316523
1755196035.270252,1428124.500,34432,2,EA,1,100,1.317270
1755196035.336752,1428191.000,34432,2,EA,1,100,1.317769
1755196035.403753,1428258.000,34448,1,EA,1,100,1.318017
1755196035.470253,1428324.500,34466,2,EA,1,100,1.318017
1755196035.536754,1428391.000,34466,2,EA,1,100,1.317769
1755196035.603754,1428458.000,34482,1,EA,1,100,1.318269
1755196035.670255,1428524.500,34499,2,EA,1,100,1.318766
1755196035.736755,1428591.000,34499,2,EA,1,100,1.319266
1755196035.803756,1428658.000,34516,1,EA,1,100,1.319266
1755196035.870256,1428724.500,34536,2,EA,1,100,1.319518
1755196035.936757,1428791.000,34536,2,EA,1,100,1.319518
1755196036.003257,1428857.500,34552,2,EA,1,100,1.320016
1755196036.069757,1428924.000,34552,2,EA,1,100,1.320016
1755196036.136758,1428991.000,34569,1,EA,1,100,1.320517
1755196036.203758,1429058.000,34585,2,EA,1,100,1.320016
1755196036.270759,1429125.000,34585,2,EA,1,100,1.321019
1755196036.336759,1429191.000,34604,1,EA,1,100,1.321019
1755196036.403260,1429257.500,34620,2,EA,1,100,1.321521
1755196036.469760,1429324.000,34620,2,EA,1,100,1.322023
1755196036.536761,1429391.000,34636,2,EA,1,100,1.322273
1755196036.603761,1429458.000,34636,2,EA,1,100,1.322524
1755196036.669762,1429524.000,34652,1,EA,1,100,1.321771
1755196036.736762,1429591.000,34670,2,EA,1,100,1.322023
1755196036.803763,1429658.000,34670,2,EA,1,100,1.321269
1755196036.869763,1429724.000,34686,1,EA,1,100,1.321771
1755196036.936764,1429791.000,34701,2,EA,1,100,1.322023
1755196037.003764,1429858.000,34701,2,EA,1,100,1.321771
1755196037.069765,1429924.000,34717,1,EA,1,100,1.322023
1755196037.136765,1429991.000,34735,2,EA,1,100,1.322023
1755196037.203766,1430058.000,34735,2,EA,1,100,1.322023
1755196037.270766,1430125.000,34753,1,EA,1,100,1.322776
1755196037.337267,1430191.500,34768,2,EA,1,100,1.322776
1755196037.403767,1430258.000,34768,2,EA,1,100,1.322273
1755196037.469767,1430324.000,34785,1,EA,1,100,1.322524
1755196037.536768,1430391.000,34802,2,EA,1,100,1.323280
1755196037.603768,1430458.000,34802,2,EA,1,100,1.322776
1755196037.669769,1430524.000,34818,1,EA,1,100,1.322776
1755196037.736769,1430591.000,34834,2,EA,1,100,1.323027
1755196037.803770,1430658.000,34834,2,EA,1,100,1.322524
1755196037.870770,1430725.000,34850,1,EA,1,100,1.322776
1755196037.937271,1430791.500,34867,2,EA,1,100,1.323280
1755196038.003771,1430858.000,34867,2,EA,1,100,1.323027
1755196038.069772,1430924.000,34885,1,EA,1,100,1.322776
1755196038.136772,1430991.000,34901,2,EA,1,100,1.322776
1755196038.203773,1431058.000,34901,2,EA,1,100,1.323027
1755196038.269773,1431124.000,34917,1,EA,1,100,1.323781
1755196038.336774,1431191.000,34934,2,EA,1,100,1.323530
1755196038.403774,1431258.000,34934,2,EA,1,100,1.324034
1755196038.469775,1431324.000,34951,1,EA,1,100,1.324034
1755196038.536775,1431391.000,34966,2,EA,1,100,1.323530
1755196038.603776,1431458.000,34966,2,EA,1,100,1.323280
1755196038.669776,1431524.000,34982,1,EA,1,100,1.323781
1755196038.736776,1431591.000,35002,2,EA,1,100,1.323280
1755196038.803777,1431658.000,35002,2,EA,1,100,1.324034
1755196038.869777,1431724.000,35020,1,EA,1,100,1.324285
1755196038.936778,1431791.000,35036,2,EA,1,100,1.324538
1755196039.003778,1431858.000,35036,2,EA,1,100,1.324789
1755196039.070279,1431924.500,35052,2,EA,1,100,1.325040
1755196039.136779,1431991.000,35052,2,EA,1,100,1.324789
1755196039.203780,1432058.000,35069,1,EA,1,100,1.325294
1755196039.270280,1432124.500,35085,2,EA,1,100,1.325799
1755196039.336781,1432191.000,35085,2,EA,1,100,1.325546
1755196039.403781,1432258.000,35102,1,EA,1,100,1.325294
1755196039.470282,1432324.500,35117,2,EA,1,100,1.325799
1755196039.536782,1432391.000,35117,2,EA,1,100,1.325799
1755196039.602783,1432457.000,35134,1,EA,1,100,1.326303
1755196039.669783,1432524.000,35150,2,EA,1,100,1.326303
1755196039.736784,1432591.000,35150,2,EA,1,100,1.326303
1755196039.802784,1432657.000,35168,1,EA,1,100,1.326303
1755196039.869785,1432724.000,35182,2,EA,1,100,1.327063
1755196039.936785,1432791.000,35182,2,EA,1,100,1.326809
1755196040.002785,1432857.000,35199,1,EA,1,100,1.326809
1755196040.069786,1432924.000,35216,2,EA,1,100,1.326809
1755196040.136786,1432991.000,35216,2,EA,1,100,1.327063
1755196040.202787,1433057.000,35233,1,EA,1,100,1.327315
1755196040.269787,1433124.000,35247,2,EA,1,100,1.327315
1755196040.336788,1433191.000,35247,2,EA,1,100,1.326809
1755196040.402788,1433257.000,35264,1,EA,1,100,1.327567
1755196040.469789,1433324.000,35281,2,EA,1,100,1.328329
1755196040.536789,1433391.000,35281,2,EA,1,100,1.328329
1755196040.602790,1433457.000,35298,1,EA,1,100,1.328581
1755196040.669790,1433524.000,35312,2,EA,1,100,1.329342
1755196040.736791,1433591.000,35312,2,EA,1,100,1.329089
1755196040.803791,1433658.000,35330,1,EA,1,100,1.329597
1755196040.870292,1433724.500,35346,2,EA,1,100,1.329850
1755196040.936792,1433791.000,35346,2,EA,1,100,1.330103
1755196041.003293,1433857.500,35368,2,EA,1,100,1.330103
1755196041.069793,1433924.000,35368,2,EA,1,100,1.330103
1755196041.136294,1433990.500,35385,2,EA,1,100,1.330359
1755196041.202794,1434057.000,35385,2,EA,1,100,1.330612
1755196041.269794,1434124.000,35402,1,EA,1,100,1.330103
1755196041.336295,1434190.500,35416,2,EA,1,100,1.330612
1755196041.402795,1434257.000,35416,2,EA,1,100,1.330103
1755196041.469796,1434324.000,35434,1,EA,1,100,1.330868
1755196041.536296,1434390.500,35450,2,EA,1,100,1.330868
1755196041.602797,1434457.000,35450,2,EA,1,100,1.331121
1755196041.669797,1434524.000,35469,1,EA,1,100,1.330612
1755196041.736298,1434590.500,35484,2,EA,1,100,1.330612
1755196041.802798,1434657.000,35484,2,EA,1,100,1.330612
1755196041.869799,1434724.000,35501,1,EA,1,100,1.330868
1755196041.936299,1434790.500,35517,2,EA,1,100,1.330868
1755196042.002800,1434857.000,35517,2,EA,1,100,1.330359
1755196042.069800,1434924.000,35534,1,EA,1,100,1.331121
1755196042.136301,1434990.500,35550,2,EA,1,100,1.331885
1755196042.202801,1435057.000,35550,2,EA,1,100,1.331631
1755196042.269802,1435124.000,35566,1,EA,1,100,1.331885
1755196042.336302,1435190.500,35582,2,EA,1,100,1.331631
1755196042.402803,1435257.000,35582,2,EA,1,100,1.331885
1755196042.469803,1435324.000,35600,2,EA,1,100,1.331375
1755196042.536803,1435391.000,35600,2,EA,1,100,1.331885
1755196042.602804,1435457.000,35616,1,EA,1,100,1.331631
1755196042.669804,1435524.000,35631,2,EA,1,100,1.331631
1755196042.736805,1435591.000,35631,2,EA,1,100,1.332141
1755196042.802805,1435657.000,35648,1,EA,1,100,1.331885
1755196042.869306,1435723.500,35665,2,EA,1,100,1.332141
1755196042.935806,1435790.000,35665,2,EA,1,100,1.332395
1755196043.002807,1435857.000,35681,1,EA,1,100,1.332141
1755196043.069307,1435923.500,35697,2,EA,1,100,1.332906
1755196043.135808,1435990.000,35697,2,EA,1,100,1.332649
1755196043.202808,1436057.000,35713,1,EA,1,100,1.333417
1755196043.269309,1436123.500,35730,2,EA,1,100,1.333417
1755196043.335809,1436190.000,35730,2,EA,1,100,1.333160
1755196043.402810,1436257.000,35748,1,EA,1,100,1.332906
1755196043.469310,1436323.500,35764,2,EA,1,100,1.333417
1755196043.535811,1436390.000,35764,2,EA,1,100,1.333160
1755196043.602811,1436457.000,35780,1,EA,1,100,1.333417
1755196043.669312,1436523.500,35797,2,EA,1,100,1.333417
1755196043.735812,1436590.000,35797,2,EA,1,100,1.333671
1755196043.802812,1436657.000,35814,1,EA,1,100,1.333417
1755196043.869313,1436723.500,35831,2,EA,1,100,1.333417
1755196043.935813,1436790.000,35831,2,EA,1,100,1.333671
1755196044.002814,1436857.000,35847,1,EA,1,100,1.333671
1755196044.069814,1436924.000,35867,2,EA,1,100,1.333671
1755196044.136815,1436991.000,35867,2,EA,1,100,1.334438
1755196044.202815,1437057.000,35883,1,EA,1,100,1.333926
1755196044.269316,1437123.500,35898,2,EA,1,100,1.333417
1755196044.335816,1437190.000,35898,2,EA,1,100,1.333671
1755196044.402817,1437257.000,35914,1,EA,1,100,1.333417
1755196044.469817,1437324.000,35932,2,EA,1,100,1.333926
1755196044.536818,1437391.000,35932,2,EA,1,100,1.333926
1755196044.602818,1437457.000,35948,1,EA,1,100,1.334695
1755196044.669319,1437523.500,35964,2,EA,1,100,1.334950
1755196044.735819,1437590.000,35964,2,EA,1,100,1.334438
1755196044.802820,1437657.000,35982,1,EA,1,100,1.335205
1755196044.869320,1437723.500,35999,2,EA,1,100,1.335462
1755196044.935821,1437790.000,35999,2,EA,1,100,1.335718
1755196045.002821,1437857.000,36015,2,EA,1,100,1.335462
1755196045.069821,1437924.000,36015,2,EA,1,100,1.335205
1755196045.135822,1437990.000,36033,1,EA,1,100,1.335205
1755196045.202822,1438057.000,36047,2,EA,1,100,1.335975
1755196045.269823,1438124.000,36047,2,EA,1,100,1.335975
1755196045.335823,1438190.000,36064,1,EA,1,100,1.336486
1755196045.402824,1438257.000,36083,2,EA,1,100,1.335718
1755196045.469824,1438324.000,36083,2,EA,1,100,1.336486
1755196045.535825,1438390.000,36100,1,EA,1,100,1.336486
1755196045.602825,1438457.000,36114,2,EA,1,100,1.336744
1755196045.669826,1438524.000,36114,2,EA,1,100,1.336486
1755196045.735826,1438590.000,36131,1,EA,1,100,1.337000
1755196045.802827,1438657.000,36148,2,EA,1,100,1.337258
1755196045.869827,1438724.000,36148,2,EA,1,100,1.336744
1755196045.935828,1438790.000,36165,1,EA,1,100,1.337000
1755196046.002328,1438856.500,36179,2,EA,1,100,1.336744
1755196046.068829,1438923.000,36179,2,EA,1,100,1.336744
1755196046.135496,1438989.667,36202,3,EA,1,100,1.337258
1755196046.202163,1439056.333,36202,3,EA,1,100,1.336744
1755196046.268830,1439123.000,36202,3,EA,1,100,1.337000
1755196046.335830,1439190.000,36218,1,EA,1,100,1.337258
1755196046.402331,1439256.500,36234,2,EA,1,100,1.337258
1755196046.468831,1439323.000,36234,2,EA,1,100,1.337000
1755196046.535832,1439390.000,36250,1,EA,1,100,1.337770
1755196046.602332,1439456.500,36267,2,EA,1,100,1.338029
1755196046.668833,1439523.000,36267,2,EA,1,100,1.338029
1755196046.735833,1439590.000,36283,1,EA,1,100,1.338029
1755196046.802334,1439656.500,36299,2,EA,1,100,1.337770
1755196046.868834,1439723.000,36299,2,EA,1,100,1.337770
1755196046.935835,1439790.000,36315,1,EA,1,100,1.338029
1755196047.002335,1439856.500,36334,2,EA,1,100,1.339057
1755196047.068836,1439923.000,36334,2,EA,1,100,1.339316
1755196047.135836,1439990.000,36351,1,EA,1,100,1.341122
1755196047.202337,1440056.500,36367,2,EA,1,100,1.339573
1755196047.268837,1440123.000,36367,2,EA,1,100,1.337258
1755196047.335838,1440190.000,36382,1,EA,1,100,1.336744
1755196047.402338,1440256.500,36400,2,EA,1,100,1.335975
1755196047.468839,1440323.000,36400,2,EA,1,100,1.334695
1755196047.535839,1440390.000,36416,2,EA,1,100,1.332906
1755196047.602839,1440457.000,36416,2,EA,1,100,1.332906
1755196047.668840,1440523.000,36433,1,EA,1,100,1.336744
1755196047.735840,1440590.000,36448,2,EA,1,100,1.340089
1755196047.802841,1440657.000,36448,2,EA,1,100,1.339832
1755196047.868841,1440723.000,36465,1,EA,1,100,1.339316
1755196047.935842,1440790.000,36481,2,EA,1,100,1.338800
1755196048.002842,1440857.000,36481,2,EA,1,100,1.337770
1755196048.068843,1440923.000,36500,1,EA,1,100,1.337514
1755196048.135843,1440990.000,36515,2,EA,1,100,1.339057
1755196048.202844,1441057.000,36515,2,EA,1,100,1.341122
1755196048.268844,1441123.000,36532,1,EA,1,100,1.342673
1755196048.335845,1441190.000,36548,2,EA,1,100,1.345267
1755196048.402845,1441257.000,36548,2,EA,1,100,1.356538
1755196048.468846,1441323.000,36566,1,EA,1,100,1.445540
1755196048.535846,1441390.000,36580,2,EA,1,100,1.422211
1755196048.602847,1441457.000,36580,2,EA,1,100,1.404991
1755196048.668847,1441523.000,36597,1,EA,1,100,1.395416
1755196048.735848,1441590.000,36614,2,EA,1,100,1.346568
1755196048.802848,1441657.000,36614,2,EA,1,100,1.338544
1755196048.868848,1441723.000,36633,1,EA,1,100,1.341897
1755196048.935849,1441790.000,36649,2,EA,1,100,1.343711
1755196049.002849,1441857.000,36649,2,EA,1,100,1.343969
1755196049.068850,1441923.000,36666,1,EA,1,100,1.345008
1755196049.135850,1441990.000,36683,2,EA,1,100,1.345788
1755196049.202851,1442057.000,36683,2,EA,1,100,1.345267
1755196049.268851,1442123.000,36700,1,EA,1,100,1.345008
1755196049.335852,1442190.000,36715,2,EA,1,100,1.344227
1755196049.402852,1442257.000,36715,2,EA,1,100,1.345267
1755196049.468853,1442323.000,36732,1,EA,1,100,1.346309
1755196049.535353,1442389.500,36748,2,EA,1,100,1.345788
1755196049.601854,1442456.000,36748,2,EA,1,100,1.344227
1755196049.668854,1442523.000,36765,2,EA,1,100,1.349438
1755196049.735855,1442590.000,36765,2,EA,1,100,1.353111
1755196049.802855,1442657.000,36782,1,EA,1,100,1.353111
1755196049.869356,1442723.500,36797,2,EA,1,100,1.352585
1755196049.935856,1442790.000,36797,2,EA,1,100,1.351272
1755196050.001857,1442856.000,36815,1,EA,1,100,1.350486
1755196050.068857,1442923.000,36833,2,EA,1,100,1.350486
1755196050.135857,1442990.000,36833,2,EA,1,100,1.351011
1755196050.201858,1443056.000,36849,1,EA,1,100,1.349178
1755196050.268858,1443123.000,36864,2,EA,1,100,1.348655
1755196050.335859,1443190.000,36864,2,EA,1,100,1.347612
1755196050.401859,1443256.000,36880,1,EA,1,100,1.347872
1755196050.468860,1443323.000,36898,2,EA,1,100,1.347872
1755196050.535860,1443390.000,36898,2,EA,1,100,1.347872
1755196050.601861,1443456.000,36914,1,EA,1,100,1.348655
1755196050.668861,1443523.000,36929,2,EA,1,100,1.348655
1755196050.735862,1443590.000,36929,2,EA,1,100,1.348132
1755196050.801862,1443656.000,36946,1,EA,1,100,1.348132
1755196050.868863,1443723.000,36965,2,EA,1,100,1.348655
1755196050.935863,1443790.000,36965,2,EA,1,100,1.348917
1755196051.001864,1443856.000,36981,1,EA,1,100,1.348394
1755196051.068864,1443923.000,36997,2,EA,1,100,1.348132
1755196051.135865,1443990.000,36997,2,EA,1,100,1.348132
1755196051.201865,1444056.000,37013,1,EA,1,100,1.348132
1755196051.268532,1444122.667,37035,3,EA,1,100,1.348132
1755196051.335199,1444189.333,37035,3,EA,1,100,1.348132
1755196051.401866,1444256.000,37035,3,EA,1,100,1.348132
1755196051.468867,1444323.000,37052,1,EA,1,100,1.348917
1755196051.535367,1444389.500,37069,2,EA,1,100,1.348394
1755196051.601868,1444456.000,37069,2,EA,1,100,1.348132
1755196051.668868,1444523.000,37085,1,EA,1,100,1.348132
1755196051.735369,1444589.500,37103,2,EA,1,100,1.348655
1755196051.801869,1444656.000,37103,2,EA,1,100,1.347612
1755196051.868870,1444723.000,37119,1,EA,1,100,1.348132
1755196051.935370,1444789.500,37136,2,EA,1,100,1.348394
1755196052.001871,1444856.000,37136,2,EA,1,100,1.348917
1755196052.068871,1444923.000,37152,1,EA,1,100,1.348132
1755196052.135372,1444989.500,37168,2,EA,1,100,1.348394
1755196052.201872,1445056.000,37168,2,EA,1,100,1.348655
1755196052.268873,1445123.000,37184,1,EA,1,100,1.348917
1755196052.335373,1445189.500,37203,2,EA,1,100,1.349178
1755196052.401874,1445256.000,37203,2,EA,1,100,1.349438
1755196052.468874,1445323.000,37220,1,EA,1,100,1.349438
1755196052.535375,1445389.500,37235,2,EA,1,100,1.349438
1755196052.601875,1445456.000,37235,2,EA,1,100,1.349962
1755196052.668876,1445523.000,37251,1,EA,1,100,1.350225
1755196052.735376,1445589.500,37269,2,EA,1,100,1.350747
1755196052.801876,1445656.000,37269,2,EA,1,100,1.350225
1755196052.868877,1445723.000,37285,1,EA,1,100,1.350225
1755196052.935377,1445789.500,37301,2,EA,1,100,1.350225
1755196053.001878,1445856.000,37301,2,EA,1,100,1.350225
1755196053.068878,1445923.000,37318,1,EA,1,100,1.350225
1755196053.135379,1445989.500,37336,2,EA,1,100,1.350225
1755196053.201879,1446056.000,37336,2,EA,1,100,1.350747
1755196053.268880,1446123.000,37352,1,EA,1,100,1.350747
1755196053.335380,1446189.500,37368,2,EA,1,100,1.350747
1755196053.401881,1446256.000,37368,2,EA,1,100,1.350747
1755196053.468381,1446322.500,37384,2,EA,1,100,1.351272
1755196053.534882,1446389.000,37384,2,EA,1,100,1.351272
1755196053.601882,1446456.000,37401,1,EA,1,100,1.352059
1755196053.668383,1446522.500,37417,2,EA,1,100,1.352059
1755196053.734883,1446589.000,37417,2,EA,1,100,1.351797
1755196053.801884,1446656.000,37435,1,EA,1,100,1.352059
1755196053.868384,1446722.500,37451,2,EA,1,100,1.352059
1755196053.934885,1446789.000,37451,2,EA,1,100,1.352323
1755196054.001885,1446856.000,37470,1,EA,1,100,1.352585
1755196054.068385,1446922.500,37487,2,EA,1,100,1.352059
1755196054.134886,1446989.000,37487,2,EA,1,100,1.352323
1755196054.201886,1447056.000,37504,1,EA,1,100,1.352323
1755196054.268387,1447122.500,37518,2,EA,1,100,1.352849
1755196054.334887,1447189.000,37518,2,EA,1,100,1.351536
1755196054.401888,1447256.000,37535,1,EA,1,100,1.352323
1755196054.468388,1447322.500,37552,2,EA,1,100,1.353111
1755196054.534889,1447389.000,37552,2,EA,1,100,1.353637
1755196054.601889,1447456.000,37569,1,EA,1,100,1.354689
1755196054.668390,1447522.500,37583,2,EA,1,100,1.354165
1755196054.734890,1447589.000,37583,2,EA,1,100,1.354955
1755196054.801891,1447656.000,37601,1,EA,1,100,1.354955
1755196054.868391,1447722.500,37617,2,EA,1,100,1.354165
1755196054.934892,1447789.000,37617,2,EA,1,100,1.354165
1755196055.001892,1447856.000,37636,1,EA,1,100,1.354427
1755196055.068393,1447922.500,37651,2,EA,1,100,1.354689
1755196055.134893,1447989.000,37651,2,EA,1,100,1.355483
1755196055.201894,1448056.000,37668,1,EA,1,100,1.354955
1755196055.268394,1448122.500,37684,2,EA,1,100,1.355217
1755196055.334894,1448189.000,37684,2,EA,1,100,1.355483
1755196055.401895,1448256.000,37701,1,EA,1,100,1.355483
1755196055.468395,1448322.500,37717,2,EA,1,100,1.355483
1755196055.534896,1448389.000,37717,2,EA,1,100,1.355483
1755196055.601896,1448456.000,37733,1,EA,1,100,1.355483
1755196055.668397,1448522.500,37749,2,EA,1,100,1.355483
1755196055.734897,1448589.000,37749,2,EA,1,100,1.356538
1755196055.801898,1448656.000,37767,2,EA,1,100,1.356538
1755196055.868898,1448723.000,37767,2,EA,1,100,1.356538
1755196055.934899,1448789.000,37785,1,EA,1,100,1.356803
1755196056.001399,1448855.500,37800,2,EA,1,100,1.356803
1755196056.067900,1448922.000,37800,2,EA,1,100,1.356274
1755196056.134900,1448989.000,37817,1,EA,1,100,1.356803
1755196056.201401,1449055.500,37834,2,EA,1,100,1.356009
1755196056.267901,1449122.000,37834,2,EA,1,100,1.356274
1755196056.334902,1449189.000,37850,1,EA,1,100,1.355483
1755196056.401402,1449255.500,37871,2,EA,1,100,1.355483
1755196056.467903,1449322.000,37871,2,EA,1,100,1.355217
1755196056.534903,1449389.000,37887,2,EA,1,100,1.355483
1755196056.601903,1449456.000,37887,2,EA,1,100,1.354689
1755196056.667904,1449522.000,37904,1,EA,1,100,1.355217
1755196056.734904,1449589.000,37921,2,EA,1,100,1.355746
1755196056.801905,1449656.000,37921,2,EA,1,100,1.355483
1755196056.867905,1449722.000,37938,1,EA,1,100,1.355483
1755196056.934906,1449789.000,37954,2,EA,1,100,1.355483
1755196057.001906,1449856.000,37954,2,EA,1,100,1.355483
1755196057.067907,1449922.000,37971,1,EA,1,100,1.355746
1755196057.134907,1449989.000,37988,2,EA,1,100,1.355746
1755196057.201908,1450056.000,37988,2,EA,1,100,1.355746
1755196057.267908,1450122.000,38005,1,EA,1,100,1.355746
1755196057.334909,1450189.000,38020,2,EA,1,100,1.356009
1755196057.401909,1450256.000,38020,2,EA,1,100,1.356009
1755196057.468410,1450322.500,38037,2,EA,1,100,1.355746
1755196057.534910,1450389.000,38037,2,EA,1,100,1.355483
1755196057.601911,1450456.000,38053,1,EA,1,100,1.355483
1755196057.668411,1450522.500,38070,2,EA,1,100,1.355746
1755196057.734912,1450589.000,38070,2,EA,1,100,1.356274
1755196057.801912,1450656.000,38087,1,EA,1,100,1.357067
1755196057.868412,1450722.500,38102,2,EA,1,100,1.357597
1755196057.934913,1450789.000,38102,2,EA,1,100,1.357330
1755196058.001913,1450856.000,38118,1,EA,1,100,1.357597
1755196058.068414,1450922.500,38138,2,EA,1,100,1.357330
1755196058.134914,1450989.000,38138,2,EA,1,100,1.357330
1755196058.201915,1451056.000,38154,1,EA,1,100,1.357330
1755196058.268415,1451122.500,38169,2,EA,1,100,1.357597
1755196058.334916,1451189.000,38169,2,EA,1,100,1.357597
1755196058.401916,1451256.000,38185,1,EA,1,100,1.357597
1755196058.468417,1451322.500,38203,2,EA,1,100,1.358391
1755196058.534917,1451389.000,38203,2,EA,1,100,1.358391
1755196058.601918,1451456.000,38219,1,EA,1,100,1.358127
1755196058.668418,1451522.500,38234,2,EA,1,100,1.358391
1755196058.734919,1451589.000,38234,2,EA,1,100,1.358391
1755196058.801919,1451656.000,38251,1,EA,1,100,1.358922
1755196058.868420,1451722.500,38272,2,EA,1,100,1.358655
1755196058.934920,1451789.000,38272,2,EA,1,100,1.358655
1755196059.001921,1451856.000,38288,1,EA,1,100,1.358655
1755196059.068421,1451922.500,38304,2,EA,1,100,1.358922
1755196059.134921,1451989.000,38304,2,EA,1,100,1.358922
1755196059.201922,1452056.000,38320,1,EA,1,100,1.359453
1755196059.268422,1452122.500,38337,2,EA,1,100,1.359186
1755196059.334923,1452189.000,38337,2,EA,1,100,1.359453
1755196059.401923,1452256.000,38353,1,EA,1,100,1.359453
1755196059.468424,1452322.500,38369,2,EA,1,100,1.359982
1755196059.534924,1452389.000,38369,2,EA,1,100,1.359982
1755196059.601925,1452456.000,38385,1,EA,1,100,1.360781
1755196059.668425,1452522.500,38404,2,EA,1,100,1.359982
1755196059.734926,1452589.000,38404,2,EA,1,100,1.359982
1755196059.801926,1452656.000,38421,1,EA,1,100,1.361046
1755196059.868427,1452722.500,38437,2,EA,1,100,1.361046
1755196059.934927,1452789.000,38437,2,EA,1,100,1.360781
1755196060.001428,1452855.500,38452,2,EA,1,100,1.361046
1755196060.067928,1452922.000,38452,2,EA,1,100,1.360514
1755196060.134929,1452989.000,38470,1,EA,1,100,1.361311
1755196060.201429,1453055.500,38486,2,EA,1,100,1.361579
1755196060.267930,1453122.000,38486,2,EA,1,100,1.361311
1755196060.334930,1453189.000,38503,1,EA,1,100,1.361311
1755196060.401430,1453255.500,38518,2,EA,1,100,1.361311
1755196060.467931,1453322.000,38518,2,EA,1,100,1.361844
1755196060.534931,1453389.000,38537,1,EA,1,100,1.361579
1755196060.601432,1453455.500,38553,2,EA,1,100,1.361579
1755196060.667932,1453522.000,38553,2,EA,1,100,1.362112
1755196060.734933,1453589.000,38570,1,EA,1,100,1.362112
1755196060.801433,1453655.500,38585,2,EA,1,100,1.362643
1755196060.867934,1453722.000,38585,2,EA,1,100,1.362378
1755196060.934934,1453789.000,38602,1,EA,1,100,1.362378
1755196061.001435,1453855.500,38618,2,EA,1,100,1.362112
1755196061.067935,1453922.000,38618,2,EA,1,100,1.362112
1755196061.134936,1453989.000,38636,1,EA,1,100,1.362112
1755196061.201436,1454055.500,38650,2,EA,1,100,1.362112
1755196061.267937,1454122.000,38650,2,EA,1,100,1.362112
1755196061.334937,1454189.000,38667,1,EA,1,100,1.362912
1755196061.401438,1454255.500,38686,2,EA,1,100,1.362912
1755196061.467938,1454322.000,38686,2,EA,1,100,1.362643
1755196061.534439,1454388.500,38708,2,EA,1,100,1.362912
1755196061.600939,1454455.000,38708,2,EA,1,100,1.363446
1755196061.667939,1454522.000,38724,2,EA,1,100,1.363978
1755196061.734940,1454589.000,38724,2,EA,1,100,1.363978
1755196061.800940,1454655.000,38742,1,EA,1,100,1.363712
1755196061.867941,1454722.000,38756,2,EA,1,100,1.363978
1755196061.934941,1454789.000,38756,2,EA,1,100,1.363446
1755196062.000942,1454855.000,38773,1,EA,1,100,1.363978
1755196062.067942,1454922.000,38790,2,EA,1,100,1.363978
1755196062.134943,1454989.000,38790,2,EA,1,100,1.363712
1755196062.200943,1455055.000,38807,1,EA,1,100,1.363446
1755196062.267944,1455122.000,38821,2,EA,1,100,1.364513
1755196062.334944,1455189.000,38821,2,EA,1,100,1.363712
1755196062.400945,1455255.000,38840,1,EA,1,100,1.364513
1755196062.467945,1455322.000,38857,2,EA,1,100,1.363978
1755196062.534946,1455389.000,38857,2,EA,1,100,1.364782
1755196062.600946,1455455.000,38874,1,EA,1,100,1.365049
1755196062.667447,1455521.500,38889,2,EA,1,100,1.364782
1755196062.733947,1455588.000,38889,2,EA,1,100,1.365049
1755196062.800948,1455655.000,38906,1,EA,1,100,1.365852
1755196062.867448,1455721.500,38922,2,EA,1,100,1.365049
1755196062.933948,1455788.000,38922,2,EA,1,100,1.365316
1755196063.000949,1455855.000,38939,1,EA,1,100,1.366121
1755196063.067449,1455921.500,38955,2,EA,1,100,1.366388
1755196063.133950,1455988.000,38955,2,EA,1,100,1.367193
1755196063.200950,1456055.000,38973,2,EA,1,100,1.366925
1755196063.267951,1456122.000,38973,2,EA,1,100,1.366388
1755196063.334951,1456189.000,38989,1,EA,1,100,1.366656
1755196063.401452,1456255.500,39007,2,EA,1,100,1.367193
1755196063.467952,1456322.000,39007,2,EA,1,100,1.367463
1755196063.533953,1456388.000,39023,1,EA,1,100,1.367193
1755196063.600953,1456455.000,39038,2,EA,1,100,1.367463
1755196063.667954,1456522.000,39038,2,EA,1,100,1.367193
1755196063.733954,1456588.000,39054,1,EA,1,100,1.367193
1755196063.800955,1456655.000,39074,2,EA,1,100,1.367463
1755196063.867955,1456722.000,39074,2,EA,1,100,1.367463
1755196063.933956,1456788.000,39090,1,EA,1,100,1.367463
1755196064.000956,1456855.000,39105,2,EA,1,100,1.367730
1755196064.067957,1456922.000,39105,2,EA,1,100,1.367730
1755196064.133957,1456988.000,39124,1,EA,1,100,1.367463
1755196064.200957,1457055.000,39141,2,EA,1,100,1.367730
1755196064.267958,1457122.000,39141,2,EA,1,100,1.368269
1755196064.333958,1457188.000,39157,1,EA,1,100,1.368807
1755196064.400959,1457255.000,39173,2,EA,1,100,1.368269
1755196064.467959,1457322.000,39173,2,EA,1,100,1.368537
1755196064.533960,1457388.000,39189,1,EA,1,100,1.368537
1755196064.600960,1457455.000,39206,2,EA,1,100,1.368269
1755196064.667961,1457522.000,39206,2,EA,1,100,1.369075
1755196064.733961,1457588.000,39222,1,EA,1,100,1.369075
1755196064.800962,1457655.000,39238,2,EA,1,100,1.368807
1755196064.867962,1457722.000,39238,2,EA,1,100,1.369344
1755196064.933963,1457788.000,39256,1,EA,1,100,1.369883
1755196065.000963,1457855.000,39273,2,EA,1,100,1.368807
1755196065.067964,1457922.000,39273,2,EA,1,100,1.368807
1755196065.133964,1457988.000,39290,1,EA,1,100,1.368807
1755196065.200965,1458055.000,39306,2,EA,1,100,1.369075
1755196065.267965,1458122.000,39306,2,EA,1,100,1.368807
1755196065.333966,1458188.000,39321,1,EA,1,100,1.368807
1755196065.400966,1458255.000,39339,2,EA,1,100,1.368807
1755196065.467966,1458322.000,39339,2,EA,1,100,1.370423
1755196065.534467,1458388.500,39355,2,EA,1,100,1.370154
1755196065.600967,1458455.000,39355,2,EA,1,100,1.370154
1755196065.667968,1458522.000,39372,1,EA,1,100,1.369883
1755196065.734468,1458588.500,39387,2,EA,1,100,1.369883
1755196065.800969,1458655.000,39387,2,EA,1,100,1.370691
1755196065.867969,1458722.000,39404,1,EA,1,100,1.370423
1755196065.934470,1458788.500,39420,2,EA,1,100,1.369614
1755196066.000970,1458855.000,39420,2,EA,1,100,1.370423
1755196066.066971,1458921.000,39437,1,EA,1,100,1.370691
1755196066.133971,1458988.000,39452,2,EA,1,100,1.370691
1755196066.200972,1459055.000,39452,2,EA,1,100,1.370691
1755196066.266972,1459121.000,39469,1,EA,1,100,1.370691
1755196066.333973,1459188.000,39485,2,EA,1,100,1.371232
1755196066.400973,1459255.000,39485,2,EA,1,100,1.371773
1755196066.466974,1459321.000,39503,1,EA,1,100,1.371504
1755196066.533974,1459388.000,39517,2,EA,1,100,1.371773
1755196066.600975,1459455.000,39517,2,EA,1,100,1.371232
1755196066.667475,1459521.500,39539,2,EA,1,100,1.372042
1755196066.733975,1459588.000,39539,2,EA,1,100,1.371773
1755196066.800476,1459654.500,39558,2,EA,1,100,1.371504
1755196066.866976,1459721.000,39558,2,EA,1,100,1.371504
1755196066.933977,1459788.000,39575,1,EA,1,100,1.371773
1755196067.000477,1459854.500,39591,2,EA,1,100,1.372314
1755196067.066978,1459921.000,39591,2,EA,1,100,1.372856
1755196067.133978,1459988.000,39609,1,EA,1,100,1.372584
1755196067.200479,1460054.500,39623,2,EA,1,100,1.372856
1755196067.266979,1460121.000,39623,2,EA,1,100,1.372314
1755196067.333980,1460188.000,39640,1,EA,1,100,1.373125
1755196067.400480,1460254.500,39657,2,EA,1,100,1.373125
1755196067.466981,1460321.000,39657,2,EA,1,100,1.372584
1755196067.533981,1460388.000,39674,1,EA,1,100,1.372856
1755196067.600482,1460454.500,39688,2,EA,1,100,1.373125
1755196067.666982,1460521.000,39688,2,EA,1,100,1.373395
1755196067.733983,1460588.000,39705,1,EA,1,100,1.373668
1755196067.800483,1460654.500,39724,2,EA,1,100,1.373668
1755196067.866984,1460721.000,39724,2,EA,1,100,1.373395
1755196067.933984,1460788.000,39741,1,EA,1,100,1.373125
1755196068.000485,1460854.500,39755,2,EA,1,100,1.373395
1755196068.066985,1460921.000,39755,2,EA,1,100,1.373395
1755196068.133985,1460988.000,39773,1,EA,1,100,1.373395
1755196068.200486,1461054.500,39789,2,EA,1,100,1.373395
1755196068.266986,1461121.000,39789,2,EA,1,100,1.373395
1755196068.333987,1461188.000,39806,1,EA,1,100,1.373668
1755196068.400487,1461254.500,39821,2,EA,1,100,1.374211
1755196068.466988,1461321.000,39821,2,EA,1,100,1.373668
1755196068.533988,1461388.000,39838,1,EA,1,100,1.373938
1755196068.600489,1461454.500,39854,2,EA,1,100,1.373938
1755196068.666989,1461521.000,39854,2,EA,1,100,1.373938
1755196068.733990,1461588.000,39873,1,EA,1,100,1.374211
1755196068.800490,1461654.500,39891,2,EA,1,100,1.374481
1755196068.866991,1461721.000,39891,2,EA,1,100,1.373938
1755196068.933991,1461788.000,39907,2,EA,1,100,1.374481
1755196069.000992,1461855.000,39907,2,EA,1,100,1.374481
1755196069.066992,1461921.000,39923,1,EA,1,100,1.374481
1755196069.133993,1461988.000,39941,2,EA,1,100,1.374751
1755196069.200993,1462055.000,39941,2,EA,1,100,1.375295
1755196069.266994,1462121.000,39957,1,EA,1,100,1.375295
1755196069.333494,1462187.500,39972,2,EA,1,100,1.375295
1755196069.399994,1462254.000,39972,2,EA,1,100,1.375024
1755196069.466995,1462321.000,39991,1,EA,1,100,1.375295
1755196069.533495,1462387.500,40008,2,EA,1,100,1.375295
1755196069.599996,1462454.000,40008,2,EA,1,100,1.375295
1755196069.666996,1462521.000,40024,1,EA,1,100,1.375295
1755196069.733497,1462587.500,40040,2,EA,1,100,1.375568
1755196069.799997,1462654.000,40040,2,EA,1,100,1.375024
1755196069.866998,1462721.000,40056,1,EA,1,100,1.375568
1755196069.933498,1462787.500,40073,2,EA,1,100,1.375568
1755196069.999999,1462854.000,40073,2,EA,1,100,1.375568
1755196070.066999,1462921.000,40091,1,EA,1,100,1.375295
1755196070.133500,1462987.500,40107,2,EA,1,100,1.375568
1755196070.200000,1463054.000,40107,2,EA,1,100,1.375295
1755196070.267001,1463121.000,40123,1,EA,1,100,1.375839
1755196070.333501,1463187.500,40140,2,EA,1,100,1.375839
1755196070.400002,1463254.000,40140,2,EA,1,100,1.376655
1755196070.467002,1463321.000,40157,1,EA,1,100,1.376928
1755196070.533503,1463387.500,40172,2,EA,1,100,1.376928
1755196070.600003,1463454.000,40172,2,EA,1,100,1.377471
1755196070.667003,1463521.000,40188,1,EA,1,100,1.378291
1755196070.733504,1463587.500,40206,2,EA,1,100,1.378291
1755196070.800004,1463654.000,40206,2,EA,1,100,1.377471
1755196070.867005,1463721.000,40222,1,EA,1,100,1.377745
1755196070.933505,1463787.500,40238,2,EA,1,100,1.378291
1755196071.000006,1463854.000,40238,2,EA,1,100,1.378291
1755196071.067006,1463921.000,40254,2,EA,1,100,1.378291
1755196071.134007,1463988.000,40254,2,EA,1,100,1.378017
1755196071.200007,1464054.000,40271,1,EA,1,100,1.378291
1755196071.267008,1464121.000,40287,2,EA,1,100,1.378291
1755196071.334008,1464188.000,40287,2,EA,1,100,1.377745
1755196071.400009,1464254.000,40304,1,EA,1,100,1.378291
1755196071.467009,1464321.000,40319,2,EA,1,100,1.378563
1755196071.534010,1464388.000,40319,2,EA,1,100,1.378017
1755196071.600010,1464454.000,40336,1,EA,1,100,1.379110
1755196071.667011,1464521.000,40352,2,EA,1,100,1.379382
1755196071.734011,1464588.000,40352,2,EA,1,100,1.378835
1755196071.800512,1464654.500,40375,2,EA,1,100,1.378291
1755196071.867012,1464721.000,40375,2,EA,1,100,1.379110
1755196071.934012,1464788.000,40391,1,EA,1,100,1.378835
1755196072.000513,1464854.500,40406,2,EA,1,100,1.379110
1755196072.067013,1464921.000,40406,2,EA,1,100,1.379110
1755196072.134014,1464988.000,40425,1,EA,1,100,1.379382
1755196072.200514,1465054.500,40442,2,EA,1,100,1.379657
1755196072.267015,1465121.000,40442,2,EA,1,100,1.379929
1755196072.334015,1465188.000,40458,1,EA,1,100,1.379929
1755196072.400516,1465254.500,40475,2,EA,1,100,1.380477
1755196072.467016,1465321.000,40475,2,EA,1,100,1.380477
1755196072.534017,1465388.000,40490,1,EA,1,100,1.380477
1755196072.600517,1465454.500,40507,2,EA,1,100,1.380750
1755196072.667018,1465521.000,40507,2,EA,1,100,1.380750
1755196072.734018,1465588.000,40523,1,EA,1,100,1.380477
1755196072.800519,1465654.500,40540,2,EA,1,100,1.379929
1755196072.867019,1465721.000,40540,2,EA,1,100,1.380202
1755196072.933520,1465787.500,40555,2,EA,1,100,1.380202
1755196073.000020,1465854.000,40555,2,EA,1,100,1.380477
1755196073.067021,1465921.000,40572,1,EA,1,100,1.380750
1755196073.133521,1465987.500,40591,2,EA,1,100,1.380477
1755196073.200021,1466054.000,40591,2,EA,1,100,1.380750
1755196073.267022,1466121.000,40608,1,EA,1,100,1.381025
1755196073.333522,1466187.500,40622,2,EA,1,100,1.381298
1755196073.400023,1466254.000,40622,2,EA,1,100,1.380750
1755196073.467023,1466321.000,40640,1,EA,1,100,1.381571
1755196073.533524,1466387.500,40656,2,EA,1,100,1.381571
1755196073.600024,1466454.000,40656,2,EA,1,100,1.381298
1755196073.667025,1466521.000,40673,1,EA,1,100,1.381571
1755196073.733525,1466587.500,40688,2,EA,1,100,1.382670
1755196073.800026,1466654.000,40688,2,EA,1,100,1.382120
1755196073.867026,1466721.000,40707,1,EA,1,100,1.382670
1755196073.933527,1466787.500,40725,2,EA,1,100,1.382943
1755196074.000027,1466854.000,40725,2,EA,1,100,1.382670
1755196074.067028,1466921.000,40742,1,EA,1,100,1.382670
1755196074.133528,1466987.500,40757,2,EA,1,100,1.382943
1755196074.200029,1467054.000,40757,2,EA,1,100,1.382396
1755196074.267029,1467121.000,40774,1,EA,1,100,1.382943
1755196074.333530,1467187.500,40790,2,EA,1,100,1.382943
1755196074.400030,1467254.000,40790,2,EA,1,100,1.382670
1755196074.467030,1467321.000,40808,1,EA,1,100,1.382943
1755196074.533531,1467387.500,40822,2,EA,1,100,1.382943
1755196074.600031,1467454.000,40822,2,EA,1,100,1.383220
1755196074.667032,1467521.000,40839,1,EA,1,100,1.384044
1755196074.733532,1467587.500,40856,2,EA,1,100,1.383220
1755196074.800033,1467654.000,40856,2,EA,1,100,1.383220
1755196074.867033,1467721.000,40875,1,EA,1,100,1.383493
1755196074.933534,1467787.500,40890,2,EA,1,100,1.382943
1755196075.000034,1467854.000,40890,2,EA,1,100,1.383220
1755196075.067035,1467921.000,40906,1,EA,1,100,1.384318
1755196075.133535,1467987.500,40923,2,EA,1,100,1.384318
1755196075.200036,1468054.000,40923,2,EA,1,100,1.384044
1755196075.267036,1468121.000,40940,1,EA,1,100,1.384595
1755196075.333537,1468187.500,40955,2,EA,1,100,1.385696
1755196075.400037,1468254.000,40955,2,EA,1,100,1.385696
1755196075.466538,1468320.500,40972,2,EA,1,100,1.386801
1755196075.533038,1468387.000,40972,2,EA,1,100,1.385696
1755196075.600039,1468454.000,40990,1,EA,1,100,1.386248
1755196075.666539,1468520.500,41007,2,EA,1,100,1.385973
1755196075.733039,1468587.000,41007,2,EA,1,100,1.385146
1755196075.800040,1468654.000,41024,1,EA,1,100,1.384044
1755196075.866540,1468720.500,41039,2,EA,1,100,1.384318
1755196075.933041,1468787.000,41039,2,EA,1,100,1.384595
1755196076.000041,1468854.000,41055,1,EA,1,100,1.384869
1755196076.066542,1468920.500,41073,2,EA,1,100,1.385421
1755196076.133042,1468987.000,41073,2,EA,1,100,1.385421
1755196076.200043,1469054.000,41089,1,EA,1,100,1.385421
1755196076.266543,1469120.500,41104,2,EA,1,100,1.386526
1755196076.333044,1469187.000,41104,2,EA,1,100,1.386801
1755196076.400044,1469254.000,41122,1,EA,1,100,1.386801
1755196076.466545,1469320.500,41140,2,EA,1,100,1.386801
1755196076.533045,1469387.000,41140,2,EA,1,100,1.387076
1755196076.600046,1469454.000,41156,1,EA,1,100,1.386801
1755196076.666546,1469520.500,41171,2,EA,1,100,1.387076
1755196076.733047,1469587.000,41171,2,EA,1,100,1.387354
1755196076.800047,1469654.000,41188,1,EA,1,100,1.387908
1755196076.866714,1469720.667,41210,3,EA,1,100,1.386526
1755196076.933381,1469787.333,41210,3,EA,1,100,1.386526
1755196077.000048,1469854.000,41210,3,EA,1,100,1.386801
1755196077.066049,1469920.000,41226,1,EA,1,100,1.387354
1755196077.133049,1469987.000,41244,2,EA,1,100,1.386801
1755196077.200050,1470054.000,41244,2,EA,1,100,1.386801
1755196077.266050,1470120.000,41262,1,EA,1,100,1.386801
1755196077.333051,1470187.000,41277,2,EA,1,100,1.386801
1755196077.400051,1470254.000,41277,2,EA,1,100,1.386801
1755196077.466052,1470320.000,41294,1,EA,1,100,1.387629
1755196077.533052,1470387.000,41311,2,EA,1,100,1.387908
1755196077.600053,1470454.000,41311,2,EA,1,100,1.387908
1755196077.666053,1470520.000,41327,1,EA,1,100,1.387908
1755196077.733054,1470587.000,41343,2,EA,1,100,1.387908
1755196077.800054,1470654.000,41343,2,EA,1,100,1.387629
1755196077.866055,1470720.000,41359,1,EA,1,100,1.387908
1755196077.933055,1470787.000,41376,2,EA,1,100,1.388183
1755196078.000056,1470854.000,41376,2,EA,1,100,1.388459
1755196078.066056,1470920.000,41392,1,EA,1,100,1.388459
1755196078.133057,1470987.000,41408,2,EA,1,100,1.388738
1755196078.200057,1471054.000,41408,2,EA,1,100,1.389014
1755196078.266057,1471120.000,41424,1,EA,1,100,1.389292
1755196078.333058,1471187.000,41443,2,EA,1,100,1.389014
1755196078.400058,1471254.000,41443,2,EA,1,100,1.389569
1755196078.466059,1471320.000,41460,1,EA,1,100,1.389014
1755196078.533059,1471387.000,41475,2,EA,1,100,1.389569
1755196078.600060,1471454.000,41475,2,EA,1,100,1.389569
1755196078.666060,1471520.000,41491,1,EA,1,100,1.389569
1755196078.733061,1471587.000,41509,2,EA,1,100,1.390400
1755196078.800061,1471654.000,41509,2,EA,1,100,1.390400
1755196078.866062,1471720.000,41527,1,EA,1,100,1.390680
1755196078.933062,1471787.000,41543,2,EA,1,100,1.390400
1755196079.000063,1471854.000,41543,2,EA,1,100,1.390124
1755196079.066063,1471920.000,41558,1,EA,1,100,1.390400
1755196079.133064,1471987.000,41576,2,EA,1,100,1.390680
1755196079.200064,1472054.000,41576,2,EA,1,100,1.390957
1755196079.266065,1472120.000,41592,1,EA,1,100,1.390680
1755196079.332565,1472186.500,41608,2,EA,1,100,1.390124
1755196079.399066,1472253.000,41608,2,EA,1,100,1.390957
1755196079.466066,1472320.000,41624,2,EA,1,100,1.391790
1755196079.533066,1472387.000,41624,2,EA,1,100,1.391233
1755196079.599067,1472453.000,41643,1,EA,1,100,1.391233
1755196079.666067,1472520.000,41659,2,EA,1,100,1.391790
1755196079.733068,1472587.000,41659,2,EA,1,100,1.391513
1755196079.799068,1472653.000,41677,1,EA,1,100,1.392070
1755196079.866069,1472720.000,41691,2,EA,1,100,1.392625
1755196079.933069,1472787.000,41691,2,EA,1,100,1.392070
1755196079.999070,1472853.000,41708,1,EA,1,100,1.392625
1755196080.066070,1472920.000,41725,2,EA,1,100,1.392625
1755196080.133071,1472987.000,41725,2,EA,1,100,1.393183
1755196080.199071,1473053.000,41742,1,EA,1,100,1.392905
1755196080.266072,1473120.000,41756,2,EA,1,100,1.394019
1755196080.333072,1473187.000,41756,2,EA,1,100,1.394019
1755196080.399073,1473253.000,41773,1,EA,1,100,1.394300
1755196080.466073,1473320.000,41790,2,EA,1,100,1.394300
1755196080.533074,1473387.000,41790,2,EA,1,100,1.394578
1755196080.599074,1473453.000,41809,1,EA,1,100,1.394019
1755196080.666075,1473520.000,41823,2,EA,1,100,1.394859
1755196080.733075,1473587.000,41823,2,EA,1,100,1.394300
1755196080.799075,1473653.000,41841,1,EA,1,100,1.394578
1755196080.866076,1473720.000,41857,2,EA,1,100,1.395137
1755196080.933076,1473787.000,41857,2,EA,1,100,1.394859
1755196080.999077,1473853.000,41874,1,EA,1,100,1.395416
1755196081.066077,1473920.000,41890,2,EA,1,100,1.395416
1755196081.133078,1473987.000,41890,2,EA,1,100,1.395137
1755196081.199078,1474053.000,41906,1,EA,1,100,1.395416
1755196081.266079,1474120.000,41924,2,EA,1,100,1.394859
1755196081.333079,1474187.000,41924,2,EA,1,100,1.395697
1755196081.400080,1474254.000,41941,1,EA,1,100,1.395416
1755196081.466580,1474320.500,41957,2,EA,1,100,1.395416
1755196081.533081,1474387.000,41957,2,EA,1,100,1.395137
1755196081.599581,1474453.500,41973,2,EA,1,100,1.394578
1755196081.666082,1474520.000,41973,2,EA,1,100,1.394300
1755196081.733082,1474587.000,41989,1,EA,1,100,1.395137
1755196081.799583,1474653.500,42007,2,EA,1,100,1.395416
1755196081.866083,1474720.000,42007,2,EA,1,100,1.395416
1755196081.933084,1474787.000,42023,1,EA,1,100,1.395137
1755196081.999584,1474853.500,42043,2,EA,1,100,1.395697
1755196082.066084,1474920.000,42043,2,EA,1,100,1.396537
1755196082.132585,1474986.500,42060,2,EA,1,100,1.396258
1755196082.199085,1475053.000,42060,2,EA,1,100,1.395416
1755196082.266086,1475120.000,42079,1,EA,1,100,1.395976
1755196082.332586,1475186.500,42095,2,EA,1,100,1.395697
1755196082.399087,1475253.000,42095,2,EA,1,100,1.395976
1755196082.466087,1475320.000,42113,1,EA,1,100,1.396258
1755196082.532588,1475386.500,42127,2,EA,1,100,1.396537
1755196082.599088,1475453.000,42127,2,EA,1,100,1.396258
1755196082.666089,1475520.000,42144,1,EA,1,100,1.396258
1755196082.732589,1475586.500,42161,2,EA,1,100,1.396816
1755196082.799090,1475653.000,42161,2,EA,1,100,1.396258
1755196082.866090,1475720.000,42178,1,EA,1,100,1.395697
1755196082.932591,1475786.500,42192,2,EA,1,100,1.396537
1755196082.999091,1475853.000,42192,2,EA,1,100,1.396816
1755196083.066092,1475920.000,42209,1,EA,1,100,1.396816
1755196083.132592,1475986.500,42228,2,EA,1,100,1.396258
1755196083.199093,1476053.000,42228,2,EA,1,100,1.396816
1755196083.266093,1476120.000,42245,1,EA,1,100,1.397377
1755196083.332594,1476186.500,42260,2,EA,1,100,1.396537
1755196083.399094,1476253.000,42260,2,EA,1,100,1.395976
1755196083.466094,1476320.000,42277,1,EA,1,100,1.398218
1755196083.532595,1476386.500,42293,2,EA,1,100,1.399063
1755196083.599095,1476453.000,42293,2,EA,1,100,1.399063
1755196083.665596,1476519.500,42310,2,EA,1,100,1.399063
1755196083.732096,1476586.000,42310,2,EA,1,100,1.398501
1755196083.799097,1476653.000,42327,1,EA,1,100,1.398218
1755196083.865597,1476719.500,42344,2,EA,1,100,1.398781
1755196083.932098,1476786.000,42344,2,EA,1,100,1.399907
1755196083.999098,1476853.000,42360,1,EA,1,100,1.401032
1755196084.065599,1476919.500,42380,2,EA,1,100,1.400187
1755196084.132099,1476986.000,42380,2,EA,1,100,1.399063
1755196084.199100,1477053.000,42396,1,EA,1,100,1.397939
1755196084.265600,1477119.500,42411,2,EA,1,100,1.397939
1755196084.332101,1477186.000,42411,2,EA,1,100,1.398501
1755196084.399101,1477253.000,42427,1,EA,1,100,1.399063
1755196084.465602,1477319.500,42445,2,EA,1,100,1.399343
1755196084.532102,1477386.000,42445,2,EA,1,100,1.399907
1755196084.599103,1477453.000,42461,1,EA,1,100,1.398781
1755196084.665603,1477519.500,42476,2,EA,1,100,1.397659
1755196084.732103,1477586.000,42476,2,EA,1,100,1.398781
1755196084.799104,1477653.000,42493,1,EA,1,100,1.399343
1755196084.865604,1477719.500,42510,2,EA,1,100,1.398781
1755196084.932105,1477786.000,42510,2,EA,1,100,1.398781
1755196084.999105,1477853.000,42526,1,EA,1,100,1.398781
1755196085.065606,1477919.500,42543,2,EA,1,100,1.399624
1755196085.132106,1477986.000,42543,2,EA,1,100,1.398781
1755196085.199107,1478053.000,42558,1,EA,1,100,1.398781
1755196085.265607,1478119.500,42577,2,EA,1,100,1.399907
1755196085.332108,1478186.000,42577,2,EA,1,100,1.399343
1755196085.399108,1478253.000,42594,2,EA,1,100,1.399343
1755196085.466109,1478320.000,42594,2,EA,1,100,1.399343
1755196085.532109,1478386.000,42611,1,EA,1,100,1.399063
1755196085.599110,1478453.000,42625,2,EA,1,100,1.399624
1755196085.666110,1478520.000,42625,2,EA,1,100,1.399907
1755196085.732111,1478586.000,42642,1,EA,1,100,1.399624
1755196085.799111,1478653.000,42659,2,EA,1,100,1.400187
1755196085.866112,1478720.000,42659,2,EA,1,100,1.400187
1755196085.932112,1478786.000,42676,1,EA,1,100,1.400751
1755196085.998612,1478852.500,42690,2,EA,1,100,1.401881
1755196086.065113,1478919.000,42690,2,EA,1,100,1.401316
1755196086.132113,1478986.000,42708,1,EA,1,100,1.401597
1755196086.198614,1479052.500,42724,2,EA,1,100,1.401597
1755196086.265114,1479119.000,42724,2,EA,1,100,1.401881
1755196086.332115,1479186.000,42741,1,EA,1,100,1.401597
1755196086.398615,1479252.500,42758,2,EA,1,100,1.402162
1755196086.465116,1479319.000,42758,2,EA,1,100,1.401881
1755196086.532116,1479386.000,42775,1,EA,1,100,1.401032
1755196086.598617,1479452.500,42791,2,EA,1,100,1.401032
1755196086.665117,1479519.000,42791,2,EA,1,100,1.403009
1755196086.732118,1479586.000,42808,1,EA,1,100,1.404424
1755196086.798618,1479652.500,42823,2,EA,1,100,1.402443
1755196086.865119,1479719.000,42823,2,EA,1,100,1.401597
1755196086.932119,1479786.000,42840,1,EA,1,100,1.401881
1755196086.998620,1479852.500,42856,2,EA,1,100,1.400751
1755196087.065120,1479919.000,42856,2,EA,1,100,1.397659
1755196087.132121,1479986.000,42879,2,EA,1,100,1.396537
1755196087.199121,1480053.000,42879,2,EA,1,100,1.397098
1755196087.265621,1480119.500,42895,2,EA,1,100,1.400187
1755196087.332122,1480186.000,42895,2,EA,1,100,1.402727
1755196087.399122,1480253.000,42912,1,EA,1,100,1.402727
1755196087.465623,1480319.500,42929,2,EA,1,100,1.404424
1755196087.532123,1480386.000,42929,2,EA,1,100,1.406127
1755196087.599124,1480453.000,42946,1,EA,1,100,1.406410
1755196087.665624,1480519.500,42962,2,EA,1,100,1.403857
1755196087.732125,1480586.000,42962,2,EA,1,100,1.402443
1755196087.799125,1480653.000,42980,1,EA,1,100,1.404424
1755196087.865626,1480719.500,42994,2,EA,1,100,1.406979
1755196087.932126,1480786.000,42994,2,EA,1,100,1.403009
1755196087.999127,1480853.000,43011,1,EA,1,100,1.401597
1755196088.065627,1480919.500,43028,2,EA,1,100,1.403575
1755196088.132128,1480986.000,43028,2,EA,1,100,1.403857
1755196088.199128,1481053.000,43045,1,EA,1,100,1.407262
1755196088.265629,1481119.500,43062,2,EA,1,100,1.405274
1755196088.332129,1481186.000,43062,2,EA,1,100,1.404424
1755196088.399130,1481253.000,43078,1,EA,1,100,1.407549
1755196088.465630,1481319.500,43095,2,EA,1,100,1.411257
1755196088.532130,1481386.000,43095,2,EA,1,100,1.412115
1755196088.598631,1481452.500,43112,2,EA,1,100,1.401597
1755196088.665131,1481519.000,43112,2,EA,1,100,1.395976
1755196088.732132,1481586.000,43128,1,EA,1,100,1.403293
1755196088.798632,1481652.500,43146,2,EA,1,100,1.411257
1755196088.865133,1481719.000,43146,2,EA,1,100,1.414410
1755196088.932133,1481786.000,43162,1,EA,1,100,1.407832
1755196088.998634,1481852.500,43181,2,EA,1,100,1.398781
1755196089.065134,1481919.000,43181,2,EA,1,100,1.395697
1755196089.132135,1481986.000,43198,1,EA,1,100,1.399063
1755196089.198635,1482052.500,43213,2,EA,1,100,1.410400
1755196089.265136,1482119.000,43213,2,EA,1,100,1.415561
1755196089.332136,1482186.000,43229,1,EA,1,100,1.409541
1755196089.398637,1482252.500,43247,2,EA,1,100,1.404424
1755196089.465137,1482319.000,43247,2,EA,1,100,1.403009
1755196089.532138,1482386.000,43263,1,EA,1,100,1.400751
1755196089.598638,1482452.500,43280,2,EA,1,100,1.405842
1755196089.665139,1482519.000,43280,2,EA,1,100,1.411542
1755196089.732139,1482586.000,43296,1,EA,1,100,1.409541
1755196089.798639,1482652.500,43314,2,EA,1,100,1.407262
1755196089.865140,1482719.000,43314,2,EA,1,100,1.406410
1755196089.932140,1482786.000,43330,1,EA,1,100,1.404424
1755196089.998641,1482852.500,43345,2,EA,1,100,1.404709
1755196090.065141,1482919.000,43345,2,EA,1,100,1.408973
1755196090.132142,1482986.000,43362,1,EA,1,100,1.411830
1755196090.198642,1483052.500,43379,2,EA,1,100,1.410685
1755196090.265143,1483119.000,43379,2,EA,1,100,1.408402
1755196090.332143,1483186.000,43395,1,EA,1,100,1.405842
1755196090.398644,1483252.500,43412,2,EA,1,100,1.406127
1755196090.465144,1483319.000,43412,2,EA,1,100,1.407832
1755196090.532145,1483386.000,43427,1,EA,1,100,1.409541
1755196090.598645,1483452.500,43444,2,EA,1,100,1.410113
1755196090.665146,1483519.000,43444,2,EA,1,100,1.410113
1755196090.731646,1483585.500,43463,2,EA,1,100,1.408973
1755196090.798147,1483652.000,43463,2,EA,1,100,1.407832
1755196090.865147,1483719.000,43480,1,EA,1,100,1.407549
1755196090.931648,1483785.500,43494,2,EA,1,100,1.409541
1755196090.998148,1483852.000,43494,2,EA,1,100,1.412689
1755196091.065148,1483919.000,43511,1,EA,1,100,1.414410
1755196091.131649,1483985.500,43528,2,EA,1,100,1.413263
1755196091.198149,1484052.000,43528,2,EA,1,100,1.412974
1755196091.265150,1484119.000,43545,1,EA,1,100,1.410113
1755196091.331650,1484185.500,43559,2,EA,1,100,1.408402
1755196091.398151,1484252.000,43559,2,EA,1,100,1.407832
1755196091.465151,1484319.000,43577,1,EA,1,100,1.411542
1755196091.531652,1484385.500,43593,2,EA,1,100,1.412974
1755196091.598152,1484452.000,43593,2,EA,1,100,1.412115
1755196091.665153,1484519.000,43610,1,EA,1,100,1.410400
1755196091.731653,1484585.500,43625,2,EA,1,100,1.408686
1755196091.798154,1484652.000,43625,2,EA,1,100,1.406410
1755196091.865154,1484719.000,43642,1,EA,1,100,1.407832
1755196091.931655,1484785.500,43658,2,EA,1,100,1.409541
1755196091.998155,1484852.000,43658,2,EA,1,100,1.410113
1755196092.065156,1484919.000,43675,1,EA,1,100,1.410113
1755196092.131656,1484985.500,43690,2,EA,1,100,1.412115
1755196092.198157,1485052.000,43690,2,EA,1,100,1.413549
1755196092.264657,1485118.500,43712,2,EA,1,100,1.414124
1755196092.331157,1485185.000,43712,2,EA,1,100,1.414124
1755196092.398158,1485252.000,43729,2,EA,1,100,1.414699
1755196092.465158,1485319.000,43729,2,EA,1,100,1.413263
1755196092.532159,1485386.000,43746,1,EA,1,100,1.410969
1755196092.598659,1485452.500,43762,2,EA,1,100,1.410113
1755196092.665160,1485519.000,43762,2,EA,1,100,1.412115
1755196092.732160,1485586.000,43779,1,EA,1,100,1.413835
1755196092.798661,1485652.500,43794,2,EA,1,100,1.414699
1755196092.865161,1485719.000,43794,2,EA,1,100,1.414124
1755196092.931162,1485785.000,43813,1,EA,1,100,1.413263
1755196092.998162,1485852.000,43829,2,EA,1,100,1.411830
1755196093.065163,1485919.000,43829,2,EA,1,100,1.409828
1755196093.131163,1485985.000,43847,1,EA,1,100,1.411830
1755196093.198164,1486052.000,43861,2,EA,1,100,1.413835
1755196093.265164,1486119.000,43861,2,EA,1,100,1.413263
1755196093.331165,1486185.000,43878,1,EA,1,100,1.411542
1755196093.398165,1486252.000,43895,2,EA,1,100,1.409257
1755196093.465166,1486319.000,43895,2,EA,1,100,1.408973
1755196093.531166,1486385.000,43912,1,EA,1,100,1.410113
1755196093.598166,1486452.000,43926,2,EA,1,100,1.411542
1755196093.665167,1486519.000,43926,2,EA,1,100,1.411830
1755196093.731167,1486585.000,43945,1,EA,1,100,1.411830
1755196093.798168,1486652.000,43964,2,EA,1,100,1.412401
1755196093.865168,1486719.000,43964,2,EA,1,100,1.412115
1755196093.931169,1486785.000,43981,1,EA,1,100,1.412401
1755196093.998169,1486852.000,43995,2,EA,1,100,1.413549
1755196094.065170,1486919.000,43995,2,EA,1,100,1.412689
1755196094.131170,1486985.000,44013,1,EA,1,100,1.413263
1755196094.198171,1487052.000,44029,2,EA,1,100,1.413835
1755196094.265171,1487119.000,44029,2,EA,1,100,1.413835
1755196094.331172,1487185.000,44046,1,EA,1,100,1.415561
1755196094.398172,1487252.000,44062,2,EA,1,100,1.414410
1755196094.465173,1487319.000,44062,2,EA,1,100,1.412689
1755196094.531173,1487385.000,44078,1,EA,1,100,1.413263
1755196094.598174,1487452.000,44096,2,EA,1,100,1.412974
1755196094.665174,1487519.000,44096,2,EA,1,100,1.412974
1755196094.731675,1487585.500,44114,2,EA,1,100,1.413549
1755196094.798175,1487652.000,44114,2,EA,1,100,1.413549
1755196094.865175,1487719.000,44130,1,EA,1,100,1.413835
1755196094.931676,1487785.500,44145,2,EA,1,100,1.414699
1755196094.998176,1487852.000,44145,2,EA,1,100,1.414985
1755196095.065177,1487919.000,44161,1,EA,1,100,1.415272
1755196095.131677,1487985.500,44179,2,EA,1,100,1.413835
1755196095.198178,1488052.000,44179,2,EA,1,100,1.414410
1755196095.265178,1488119.000,44195,1,EA,1,100,1.414124
1755196095.331679,1488185.500,44210,2,EA,1,100,1.413835
1755196095.398179,1488252.000,44210,2,EA,1,100,1.413835
1755196095.465180,1488319.000,44227,1,EA,1,100,1.413835
1755196095.531680,1488385.500,44246,2,EA,1,100,1.414699
1755196095.598181,1488452.000,44246,2,EA,1,100,1.414985
1755196095.665181,1488519.000,44262,1,EA,1,100,1.414124
1755196095.731682,1488585.500,44278,2,EA,1,100,1.414699
1755196095.798182,1488652.000,44278,2,EA,1,100,1.415272
1755196095.865183,1488719.000,44294,1,EA,1,100,1.415848
1755196095.931683,1488785.500,44311,2,EA,1,100,1.416137
1755196095.998184,1488852.000,44311,2,EA,1,100,1.415848
1755196096.065184,1488919.000,44327,1,EA,1,100,1.416137
1755196096.131684,1488985.500,44343,2,EA,1,100,1.416712
1755196096.198185,1489052.000,44343,2,EA,1,100,1.415848
1755196096.264185,1489118.000,44359,1,EA,1,100,1.415848
1755196096.331186,1489185.000,44376,2,EA,1,100,1.416137
1755196096.398186,1489252.000,44376,2,EA,1,100,1.415561
1755196096.465187,1489319.000,44393,1,EA,1,100,1.415848
1755196096.531687,1489385.500,44408,2,EA,1,100,1.416137
1755196096.598188,1489452.000,44408,2,EA,1,100,1.415848
1755196096.665188,1489519.000,44426,1,EA,1,100,1.416137
1755196096.731689,1489585.500,44444,2,EA,1,100,1.416137
1755196096.798189,1489652.000,44444,2,EA,1,100,1.416137
1755196096.864690,1489718.500,44460,2,EA,1,100,1.416137
1755196096.931190,1489785.000,44460,2,EA,1,100,1.416137
1755196096.998191,1489852.000,44477,1,EA,1,100,1.415848
1755196097.064691,1489918.500,44492,2,EA,1,100,1.416137
1755196097.131192,1489985.000,44492,2,EA,1,100,1.416137
1755196097.198192,1490052.000,44509,1,EA,1,100,1.416137
1755196097.264693,1490118.500,44525,2,EA,1,100,1.416137
1755196097.331193,1490185.000,44525,2,EA,1,100,1.416137
1755196097.397693,1490251.500,44548,2,EA,1,100,1.416137
1755196097.464194,1490318.000,44548,2,EA,1,100,1.416712
1755196097.531194,1490385.000,44566,1,EA,1,100,1.415848
1755196097.597695,1490451.500,44582,2,EA,1,100,1.416137
1755196097.664195,1490518.000,44582,2,EA,1,100,1.416137
1755196097.731196,1490585.000,44597,1,EA,1,100,1.416424
1755196097.797696,1490651.500,44615,2,EA,1,100,1.415848
1755196097.864197,1490718.000,44615,2,EA,1,100,1.416424
1755196097.931197,1490785.000,44631,2,EA,1,100,1.417289
1755196097.998198,1490852.000,44631,2,EA,1,100,1.417579
1755196098.064198,1490918.000,44648,1,EA,1,100,1.417579
1755196098.131199,1490985.000,44663,2,EA,1,100,1.417579
1755196098.198199,1491052.000,44663,2,EA,1,100,1.417579
1755196098.264200,1491118.000,44680,1,EA,1,100,1.417579
1755196098.331200,1491185.000,44696,2,EA,1,100,1.417579
1755196098.398201,1491252.000,44696,2,EA,1,100,1.417579
1755196098.464201,1491318.000,44716,1,EA,1,100,1.417579
1755196098.531202,1491385.000,44730,2,EA,1,100,1.417579
1755196098.598202,1491452.000,44730,2,EA,1,100,1.417289
1755196098.664202,1491518.000,44747,1,EA,1,100,1.417289
1755196098.731203,1491585.000,44764,2,EA,1,100,1.417579
1755196098.798203,1491652.000,44764,2,EA,1,100,1.417579
1755196098.864204,1491718.000,44783,1,EA,1,100,1.417289
1755196098.931204,1491785.000,44797,2,EA,1,100,1.417867
1755196098.998205,1491852.000,44797,2,EA,1,100,1.417867
1755196099.064205,1491918.000,44814,1,EA,1,100,1.418154
1755196099.131206,1491985.000,44831,2,EA,1,100,1.417867
1755196099.198206,1492052.000,44831,2,EA,1,100,1.418445
1755196099.264207,1492118.000,44850,1,EA,1,100,1.418445
1755196099.330707,1492184.500,44864,2,EA,1,100,1.418445
1755196099.397208,1492251.000,44864,2,EA,1,100,1.417867
1755196099.464208,1492318.000,44882,1,EA,1,100,1.418733
1755196099.531209,1492385.000,44898,2,EA,1,100,1.419600
1755196099.598209,1492452.000,44898,2,EA,1,100,1.419891
1755196099.664210,1492518.000,44915,1,EA,1,100,1.419600
1755196099.731210,1492585.000,44931,2,EA,1,100,1.419312
1755196099.798211,1492652.000,44931,2,EA,1,100,1.419024
1755196099.864211,1492718.000,44947,1,EA,1,100,1.419600
1755196099.930712,1492784.500,44963,2,EA,1,100,1.420180
1755196099.997212,1492851.000,44963,2,EA,1,100,1.420180
1755196100.064212,1492918.000,44981,2,EA,1,100,1.419600
1755196100.131213,1492985.000,44981,2,EA,1,100,1.420180
1755196100.197213,1493051.000,44997,1,EA,1,100,1.420180
1755196100.264214,1493118.000,45012,2,EA,1,100,1.419891
1755196100.331214,1493185.000,45012,2,EA,1,100,1.421049
1755196100.397215,1493251.000,45030,1,EA,1,100,1.420760
1755196100.464215,1493318.000,45048,2,EA,1,100,1.420180
1755196100.531216,1493385.000,45048,2,EA,1,100,1.420760
1755196100.597216,1493451.000,45064,1,EA,1,100,1.420471
1755196100.664217,1493518.000,45079,2,EA,1,100,1.421049
1755196100.731217,1493585.000,45079,2,EA,1,100,1.420180
1755196100.797218,1493651.000,45096,1,EA,1,100,1.421049
1755196100.864218,1493718.000,45113,2,EA,1,100,1.421049
1755196100.931219,1493785.000,45113,2,EA,1,100,1.421049
1755196100.997219,1493851.000,45129,1,EA,1,100,1.421922
1755196101.064220,1493918.000,45145,2,EA,1,100,1.422501
1755196101.131220,1493985.000,45145,2,EA,1,100,1.421630
1755196101.197221,1494051.000,45161,1,EA,1,100,1.421341
1755196101.264221,1494118.000,45178,2,EA,1,100,1.421922
1755196101.331221,1494185.000,45178,2,EA,1,100,1.422501
1755196101.397222,1494251.000,45194,1,EA,1,100,1.422211
1755196101.464222,1494318.000,45212,2,EA,1,100,1.422501
1755196101.531223,1494385.000,45212,2,EA,1,100,1.422501
1755196101.597223,1494451.000,45228,1,EA,1,100,1.422793
1755196101.664224,1494518.000,45245,2,EA,1,100,1.422793
1755196101.731224,1494585.000,45245,2,EA,1,100,1.423665
1755196101.797225,1494651.000,45262,1,EA,1,100,1.422793
1755196101.864225,1494718.000,45277,2,EA,1,100,1.423665
1755196101.931226,1494785.000,45277,2,EA,1,100,1.423375
1755196101.997226,1494851.000,45293,1,EA,1,100,1.423955
1755196102.064227,1494918.000,45311,2,EA,1,100,1.423083
1755196102.131227,1494985.000,45311,2,EA,1,100,1.423665
1755196102.197728,1495051.500,45327,2,EA,1,100,1.423665
1755196102.264228,1495118.000,45327,2,EA,1,100,1.423955
1755196102.331229,1495185.000,45346,1,EA,1,100,1.424248
1755196102.397729,1495251.500,45361,2,EA,1,100,1.423955
1755196102.464230,1495318.000,45361,2,EA,1,100,1.424248
1755196102.530730,1495384.500,45383,2,EA,1,100,1.424248
1755196102.597230,1495451.000,45383,2,EA,1,100,1.424248
1755196102.664231,1495518.000,45399,1,EA,1,100,1.424248
1755196102.730731,1495584.500,45417,2,EA,1,100,1.424248
1755196102.797232,1495651.000,45417,2,EA,1,100,1.424248
1755196102.864232,1495718.000,45433,1,EA,1,100,1.424248
1755196102.930733,1495784.500,45448,2,EA,1,100,1.424832
1755196102.997233,1495851.000,45448,2,EA,1,100,1.425122
1755196103.064234,1495918.000,45466,1,EA,1,100,1.424832
1755196103.130734,1495984.500,45484,2,EA,1,100,1.424832
1755196103.197235,1496051.000,45484,2,EA,1,100,1.424539
1755196103.264235,1496118.000,45500,1,EA,1,100,1.425122
1755196103.330736,1496184.500,45515,2,EA,1,100,1.425122
1755196103.397236,1496251.000,45515,2,EA,1,100,1.424832
1755196103.464237,1496318.000,45532,1,EA,1,100,1.425413
1755196103.530737,1496384.500,45549,2,EA,1,100,1.425413
1755196103.597238,1496451.000,45549,2,EA,1,100,1.425413
1755196103.664238,1496518.000,45565,1,EA,1,100,1.425413
1755196103.730739,1496584.500,45581,2,EA,1,100,1.425707
1755196103.797239,1496651.000,45581,2,EA,1,100,1.426291
1755196103.864239,1496718.000,45601,1,EA,1,100,1.425707
1755196103.930740,1496784.500,45618,2,EA,1,100,1.425707
1755196103.997240,1496851.000,45618,2,EA,1,100,1.426582
1755196104.064241,1496918.000,45634,1,EA,1,100,1.426582
1755196104.130741,1496984.500,45651,2,EA,1,100,1.426291
1755196104.197242,1497051.000,45651,2,EA,1,100,1.425997
1755196104.263742,1497117.500,45666,2,EA,1,100,1.426582
1755196104.330243,1497184.000,45666,2,EA,1,100,1.426874
1755196104.397243,1497251.000,45683,1,EA,1,100,1.426582
1755196104.463744,1497317.500,45700,2,EA,1,100,1.425997
1755196104.530244,1497384.000,45700,2,EA,1,100,1.426291
1755196104.597245,1497451.000,45717,1,EA,1,100,1.426582
1755196104.663745,1497517.500,45733,2,EA,1,100,1.426582
1755196104.730246,1497584.000,45733,2,EA,1,100,1.426582
1755196104.797246,1497651.000,45751,1,EA,1,100,1.426291
1755196104.863747,1497717.500,45767,2,EA,1,100,1.426291
1755196104.930247,1497784.000,45767,2,EA,1,100,1.427168
1755196104.997248,1497851.000,45784,1,EA,1,100,1.426874
1755196105.063748,1497917.500,45799,2,EA,1,100,1.427168
1755196105.130248,1497984.000,45799,2,EA,1,100,1.427168
1755196105.197249,1498051.000,45816,1,EA,1,100,1.426874
1755196105.263749,1498117.500,45832,2,EA,1,100,1.426291
1755196105.330250,1498184.000,45832,2,EA,1,100,1.426582
1755196105.397250,1498251.000,45849,1,EA,1,100,1.427754
1755196105.463751,1498317.500,45866,2,EA,1,100,1.428045
1755196105.530251,1498384.000,45866,2,EA,1,100,1.428632
1755196105.597252,1498451.000,45883,1,EA,1,100,1.428337
1755196105.663752,1498517.500,45899,2,EA,1,100,1.427459
1755196105.730253,1498584.000,45899,2,EA,1,100,1.427168
1755196105.797253,1498651.000,45917,1,EA,1,100,1.427459
1755196105.863754,1498717.500,45931,2,EA,1,100,1.427459
1755196105.930254,1498784.000,45931,2,EA,1,100,1.427168
1755196105.997255,1498851.000,45948,1,EA,1,100,1.428045
1755196106.063755,1498917.500,45965,2,EA,1,100,1.427754
1755196106.130256,1498984.000,45965,2,EA,1,100,1.428337
1755196106.197256,1499051.000,45982,1,EA,1,100,1.427754
1755196106.263757,1499117.500,45996,2,EA,1,100,1.428045
1755196106.330257,1499184.000,45996,2,EA,1,100,1.428924
1755196106.397257,1499251.000,46013,1,EA,1,100,1.429219
1755196106.463758,1499317.500,46030,2,EA,1,100,1.429219
1755196106.530258,1499384.000,46030,2,EA,1,100,1.428924
1755196106.597259,1499451.000,46047,1,EA,1,100,1.428924
1755196106.663759,1499517.500,46062,2,EA,1,100,1.428924
1755196106.730260,1499584.000,46062,2,EA,1,100,1.429219
1755196106.796760,1499650.500,46081,2,EA,1,100,1.429219
1755196106.863261,1499717.000,46081,2,EA,1,100,1.429219
1755196106.930261,1499784.000,46097,1,EA,1,100,1.430099
1755196106.996762,1499850.500,46114,2,EA,1,100,1.430099
1755196107.063262,1499917.000,46114,2,EA,1,100,1.429511
1755196107.130263,1499984.000,46131,1,EA,1,100,1.430099
1755196107.196763,1500050.500,46146,2,EA,1,100,1.430687
1755196107.263264,1500117.000,46146,2,EA,1,100,1.430687
1755196107.330264,1500184.000,46162,1,EA,1,100,1.430687
1755196107.396765,1500250.500,46180,2,EA,1,100,1.430687
1755196107.463265,1500317.000,46180,2,EA,1,100,1.430392
1755196107.530266,1500384.000,46198,1,EA,1,100,1.430392
1755196107.596766,1500450.500,46218,2,EA,1,100,1.430687
1755196107.663266,1500517.000,46218,2,EA,1,100,1.429804
1755196107.730267,1500584.000,46235,2,EA,1,100,1.430980
1755196107.797267,1500651.000,46235,2,EA,1,100,1.430687
1755196107.863268,1500717.000,46251,1,EA,1,100,1.430980
1755196107.930268,1500784.000,46267,2,EA,1,100,1.430687
1755196107.997269,1500851.000,46267,2,EA,1,100,1.430687
1755196108.064269,1500918.000,46284,1,EA,1,100,1.432159
1755196108.130770,1500984.500,46300,2,EA,1,100,1.432159
1755196108.197270,1501051.000,46300,2,EA,1,100,1.431863
1755196108.263771,1501117.500,46316,2,EA,1,100,1.432159
1755196108.330271,1501184.000,46316,2,EA,1,100,1.431863
1755196108.397272,1501251.000,46332,1,EA,1,100,1.433043
1755196108.463772,1501317.500,46352,2,EA,1,100,1.433633
1755196108.530273,1501384.000,46352,2,EA,1,100,1.433043
1755196108.597273,1501451.000,46368,1,EA,1,100,1.433043
1755196108.663774,1501517.500,46383,2,EA,1,100,1.433043
1755196108.730274,1501584.000,46383,2,EA,1,100,1.433043
1755196108.797275,1501651.000,46400,1,EA,1,100,1.432746
1755196108.863775,1501717.500,46419,2,EA,1,100,1.433633
1755196108.930275,1501784.000,46419,2,EA,1,100,1.433043
1755196108.997276,1501851.000,46435,1,EA,1,100,1.433337
1755196109.063776,1501917.500,46451,2,EA,1,100,1.433633
1755196109.130277,1501984.000,46451,2,EA,1,100,1.433928
1755196109.197277,1502051.000,46467,1,EA,1,100,1.434519
1755196109.263778,1502117.500,46486,2,EA,1,100,1.434519
1755196109.330278,1502184.000,46486,2,EA,1,100,1.433928
1755196109.396279,1502250.000,46502,1,EA,1,100,1.434222
1755196109.463279,1502317.000,46518,2,EA,1,100,1.434222
1755196109.530280,1502384.000,46518,2,EA,1,100,1.433337
1755196109.596280,1502450.000,46534,1,EA,1,100,1.433337
1755196109.663281,1502517.000,46551,2,EA,1,100,1.433928
1755196109.730281,1502584.000,46551,2,EA,1,100,1.433337
1755196109.796282,1502650.000,46568,1,EA,1,100,1.433928
1755196109.863282,1502717.000,46583,2,EA,1,100,1.433633
1755196109.930283,1502784.000,46583,2,EA,1,100,1.433337
1755196109.996283,1502850.000,46599,1,EA,1,100,1.433928
1755196110.063284,1502917.000,46619,2,EA,1,100,1.434222
1755196110.130284,1502984.000,46619,2,EA,1,100,1.434519
1755196110.196284,1503050.000,46635,1,EA,1,100,1.434519
1755196110.263285,1503117.000,46651,2,EA,1,100,1.433928
1755196110.330285,1503184.000,46651,2,EA,1,100,1.433633
1755196110.396286,1503250.000,46666,1,EA,1,100,1.433928
1755196110.463286,1503317.000,46684,2,EA,1,100,1.433928
1755196110.530287,1503384.000,46684,2,EA,1,100,1.434519
1755196110.596787,1503450.500,46700,2,EA,1,100,1.434519
1755196110.663288,1503517.000,46700,2,EA,1,100,1.434519
1755196110.730288,1503584.000,46717,1,EA,1,100,1.434222
1755196110.796789,1503650.500,46734,2,EA,1,100,1.434813
1755196110.863289,1503717.000,46734,2,EA,1,100,1.434813
1755196110.930290,1503784.000,46751,1,EA,1,100,1.435406
1755196110.996790,1503850.500,46767,2,EA,1,100,1.435701
1755196111.063291,1503917.000,46767,2,EA,1,100,1.435406
1755196111.130291,1503984.000,46785,1,EA,1,100,1.436293
1755196111.196792,1504050.500,46799,2,EA,1,100,1.436592
1755196111.263292,1504117.000,46799,2,EA,1,100,1.436887
1755196111.330293,1504184.000,46816,1,EA,1,100,1.436887
1755196111.396793,1504250.500,46833,2,EA,1,100,1.436592
1755196111.463293,1504317.000,46833,2,EA,1,100,1.437182
1755196111.530294,1504384.000,46852,1,EA,1,100,1.437182
1755196111.596794,1504450.500,46866,2,EA,1,100,1.437182
1755196111.663295,1504517.000,46866,2,EA,1,100,1.436592
1755196111.730295,1504584.000,46883,1,EA,1,100,1.437182
1755196111.796796,1504650.500,46900,2,EA,1,100,1.436887
1755196111.863296,1504717.000,46900,2,EA,1,100,1.436592
1755196111.930297,1504784.000,46917,1,EA,1,100,1.437481
1755196111.996797,1504850.500,46931,2,EA,1,100,1.437481
1755196112.063298,1504917.000,46931,2,EA,1,100,1.437481
1755196112.130298,1504984.000,46949,1,EA,1,100,1.437481
1755196112.196799,1505050.500,46965,2,EA,1,100,1.437777
1755196112.263299,1505117.000,46965,2,EA,1,100,1.437481
1755196112.330300,1505184.000,46984,1,EA,1,100,1.438371
1755196112.396800,1505250.500,47000,2,EA,1,100,1.438075
1755196112.463301,1505317.000,47000,2,EA,1,100,1.438371
1755196112.530301,1505384.000,47016,1,EA,1,100,1.437777
1755196112.596802,1505450.500,47032,2,EA,1,100,1.438075
1755196112.663302,1505517.000,47032,2,EA,1,100,1.437777
1755196112.729802,1505583.500,47055,2,EA,1,100,1.438667
1755196112.796303,1505650.000,47055,2,EA,1,100,1.438371
1755196112.863303,1505717.000,47071,2,EA,1,100,1.438667
1755196112.930304,1505784.000,47071,2,EA,1,100,1.438966
1755196112.996304,1505850.000,47088,1,EA,1,100,1.439263
1755196113.062805,1505916.500,47103,2,EA,1,100,1.439562
1755196113.129305,1505983.000,47103,2,EA,1,100,1.438667
1755196113.196306,1506050.000,47120,1,EA,1,100,1.439263
1755196113.262806,1506116.500,47138,2,EA,1,100,1.438966
1755196113.329307,1506183.000,47138,2,EA,1,100,1.438966
1755196113.396307,1506250.000,47155,1,EA,1,100,1.439562
1755196113.462808,1506316.500,47170,2,EA,1,100,1.440155
1755196113.529308,1506383.000,47170,2,EA,1,100,1.439562
1755196113.596309,1506450.000,47187,1,EA,1,100,1.440155
1755196113.662809,1506516.500,47203,2,EA,1,100,1.440155
1755196113.729310,1506583.000,47203,2,EA,1,100,1.439859
1755196113.796310,1506650.000,47221,1,EA,1,100,1.440752
1755196113.862811,1506716.500,47238,2,EA,1,100,1.440155
1755196113.929311,1506783.000,47238,2,EA,1,100,1.440155
1755196113.996312,1506850.000,47254,1,EA,1,100,1.441052
1755196114.062812,1506916.500,47271,2,EA,1,100,1.440752
1755196114.129312,1506983.000,47271,2,EA,1,100,1.441052
1755196114.196313,1507050.000,47288,1,EA,1,100,1.441646
1755196114.262813,1507116.500,47305,2,EA,1,100,1.441646
1755196114.329314,1507183.000,47305,2,EA,1,100,1.441646
1755196114.396314,1507250.000,47322,2,EA,1,100,1.441946
1755196114.463315,1507317.000,47322,2,EA,1,100,1.441349
1755196114.529315,1507383.000,47338,1,EA,1,100,1.441052
1755196114.596316,1507450.000,47355,2,EA,1,100,1.441646
1755196114.663316,1507517.000,47355,2,EA,1,100,1.441646
1755196114.730317,1507584.000,47371,1,EA,1,100,1.441646
1755196114.796817,1507650.500,47387,2,EA,1,100,1.442545
1755196114.863318,1507717.000,47387,2,EA,1,100,1.442842
1755196114.929318,1507783.000,47403,1,EA,1,100,1.441946
1755196114.996319,1507850.000,47420,2,EA,1,100,1.441646
1755196115.063319,1507917.000,47420,2,EA,1,100,1.441646
1755196115.129320,1507983.000,47437,1,EA,1,100,1.441946
1755196115.196320,1508050.000,47452,2,EA,1,100,1.441646
1755196115.263321,1508117.000,47452,2,EA,1,100,1.441946
1755196115.329321,1508183.000,47470,1,EA,1,100,1.442244
1755196115.396321,1508250.000,47488,2,EA,1,100,1.441646
1755196115.463322,1508317.000,47488,2,EA,1,100,1.441946
1755196115.529322,1508383.000,47504,1,EA,1,100,1.442545
1755196115.596323,1508450.000,47519,2,EA,1,100,1.443140
1755196115.663323,1508517.000,47519,2,EA,1,100,1.442545
1755196115.729324,1508583.000,47535,1,EA,1,100,1.442842
1755196115.796324,1508650.000,47553,2,EA,1,100,1.443140
1755196115.863325,1508717.000,47553,2,EA,1,100,1.442545
1755196115.929325,1508783.000,47569,1,EA,1,100,1.442842
1755196115.996326,1508850.000,47584,2,EA,1,100,1.442545
1755196116.063326,1508917.000,47584,2,EA,1,100,1.443140
1755196116.129327,1508983.000,47603,1,EA,1,100,1.443441
1755196116.196327,1509050.000,47620,2,EA,1,100,1.443441
1755196116.263328,1509117.000,47620,2,EA,1,100,1.443441
1755196116.329328,1509183.000,47636,1,EA,1,100,1.444040
1755196116.396329,1509250.000,47653,2,EA,1,100,1.444040
1755196116.463329,1509317.000,47653,2,EA,1,100,1.443739
1755196116.529830,1509383.500,47668,2,EA,1,100,1.444339
1755196116.596330,1509450.000,47668,2,EA,1,100,1.444637
1755196116.663330,1509517.000,47685,1,EA,1,100,1.444637
1755196116.729831,1509583.500,47702,2,EA,1,100,1.445839
1755196116.796331,1509650.000,47702,2,EA,1,100,1.445839
1755196116.863332,1509717.000,47719,1,EA,1,100,1.444939
1755196116.929832,1509783.500,47735,2,EA,1,100,1.442842
1755196116.996333,1509850.000,47735,2,EA,1,100,1.441052
1755196117.062333,1509916.000,47752,1,EA,1,100,1.444939
1755196117.129334,1509983.000,47769,2,EA,1,100,1.447944
1755196117.196334,1510050.000,47769,2,EA,1,100,1.447641
1755196117.262335,1510116.000,47786,1,EA,1,100,1.445839
1755196117.329335,1510183.000,47800,2,EA,1,100,1.446138
1755196117.396336,1510250.000,47800,2,EA,1,100,1.446739
1755196117.462336,1510316.000,47818,1,EA,1,100,1.447641
1755196117.529337,1510383.000,47836,2,EA,1,100,1.447042
1755196117.596337,1510450.000,47836,2,EA,1,100,1.446440
1755196117.662338,1510516.000,47853,1,EA,1,100,1.444637
1755196117.729338,1510583.000,47868,2,EA,1,100,1.442244
1755196117.796339,1510650.000,47868,2,EA,1,100,1.443140
1755196117.862839,1510716.500,47890,2,EA,1,100,1.444637
1755196117.929339,1510783.000,47890,2,EA,1,100,1.446440
1755196117.995840,1510849.500,47906,2,EA,1,100,1.446138
1755196118.062340,1510916.000,47906,2,EA,1,100,1.443140
1755196118.129341,1510983.000,47924,1,EA,1,100,1.446138
1755196118.195841,1511049.500,47940,2,EA,1,100,1.449148
1755196118.262342,1511116.000,47940,2,EA,1,100,1.449451
1755196118.329342,1511183.000,47959,1,EA,1,100,1.449451
1755196118.395843,1511249.500,47974,2,EA,1,100,1.447042
1755196118.462343,1511316.000,47974,2,EA,1,100,1.447042
1755196118.529344,1511383.000,47991,1,EA,1,100,1.448847
1755196118.595844,1511449.500,48007,2,EA,1,100,1.448244
1755196118.662345,1511516.000,48007,2,EA,1,100,1.447341
1755196118.729345,1511583.000,48024,1,EA,1,100,1.446138
1755196118.795846,1511649.500,48041,2,EA,1,100,1.443739
1755196118.862346,1511716.000,48041,2,EA,1,100,1.441946
1755196118.929347,1511783.000,48058,1,EA,1,100,1.443739
1755196118.995847,1511849.500,48074,2,EA,1,100,1.447944
1755196119.062348,1511916.000,48074,2,EA,1,100,1.449451
1755196119.129348,1511983.000,48092,1,EA,1,100,1.449752
1755196119.195848,1512049.500,48106,2,EA,1,100,1.449451
1755196119.262349,1512116.000,48106,2,EA,1,100,1.447341
1755196119.329349,1512183.000,48123,1,EA,1,100,1.446440
1755196119.395850,1512249.500,48140,2,EA,1,100,1.446440
1755196119.462350,1512316.000,48140,2,EA,1,100,1.450356
1755196119.529351,1512383.000,48157,1,EA,1,100,1.452475
1755196119.595851,1512449.500,48173,2,EA,1,100,1.450657
1755196119.662352,1512516.000,48173,2,EA,1,100,1.448547
1755196119.729352,1512583.000,48190,1,EA,1,100,1.446440
1755196119.795853,1512649.500,48207,2,EA,1,100,1.443441
1755196119.862353,1512716.000,48207,2,EA,1,100,1.443441
1755196119.928854,1512782.500,48224,2,EA,1,100,1.449752
1755196119.995354,1512849.000,48224,2,EA,1,100,1.452170
1755196120.062355,1512916.000,48240,1,EA,1,100,1.452475
1755196120.128855,1512982.500,48256,2,EA,1,100,1.452777
1755196120.195356,1513049.000,48256,2,EA,1,100,1.452170
1755196120.262356,1513116.000,48272,1,EA,1,100,1.450657
1755196120.328857,1513182.500,48289,2,EA,1,100,1.448547
1755196120.395357,1513249.000,48289,2,EA,1,100,1.450356
1755196120.462357,1513316.000,48306,1,EA,1,100,1.452777
1755196120.528858,1513382.500,48321,2,EA,1,100,1.452170
1755196120.595358,1513449.000,48321,2,EA,1,100,1.450657
1755196120.662359,1513516.000,48337,1,EA,1,100,1.449752
1755196120.728859,1513582.500,48355,2,EA,1,100,1.448244
1755196120.795360,1513649.000,48355,2,EA,1,100,1.447042
1755196120.862360,1513716.000,48371,1,EA,1,100,1.447341
1755196120.928861,1513782.500,48386,2,EA,1,100,1.450356
1755196120.995361,1513849.000,48386,2,EA,1,100,1.453686
1755196121.062362,1513916.000,48402,1,EA,1,100,1.457338
1755196121.128862,1513982.500,48420,2,EA,1,100,1.457338
1755196121.195363,1514049.000,48420,2,EA,1,100,1.453992
1755196121.262363,1514116.000,48436,1,EA,1,100,1.448547
1755196121.328864,1514182.500,48451,2,EA,1,100,1.444339
1755196121.395364,1514249.000,48451,2,EA,1,100,1.445839
1755196121.462365,1514316.000,48468,1,EA,1,100,1.450356
1755196121.528865,1514382.500,48487,2,EA,1,100,1.453384
1755196121.595366,1514449.000,48487,2,EA,1,100,1.453992
1755196121.662366,1514516.000,48503,1,EA,1,100,1.453082
1755196121.728866,1514582.500,48519,2,EA,1,100,1.452170
1755196121.795367,1514649.000,48519,2,EA,1,100,1.450657
1755196121.862367,1514716.000,48535,1,EA,1,100,1.450961
1755196121.928868,1514782.500,48552,2,EA,1,100,1.455205
1755196121.995368,1514849.000,48552,2,EA,1,100,1.457338
1755196122.062369,1514916.000,48568,1,EA,1,100,1.456728
1755196122.128869,1514982.500,48585,2,EA,1,100,1.455815
1755196122.195370,1515049.000,48585,2,EA,1,100,1.451263
1755196122.262370,1515116.000,48600,1,EA,1,100,1.447341
1755196122.328871,1515182.500,48619,2,EA,1,100,1.448244
1755196122.395371,1515249.000,48619,2,EA,1,100,1.451869
1755196122.462372,1515316.000,48636,2,EA,1,100,1.455205
1755196122.529372,1515383.000,48636,2,EA,1,100,1.455815
1755196122.595373,1515449.000,48653,1,EA,1,100,1.453686
1755196122.662373,1515516.000,48667,2,EA,1,100,1.451263
1755196122.729374,1515583.000,48667,2,EA,1,100,1.450056
1755196122.795374,1515649.000,48685,1,EA,1,100,1.453992
1755196122.861875,1515715.500,48701,2,EA,1,100,1.457034
1755196122.928375,1515782.000,48701,2,EA,1,100,1.458865
1755196122.995375,1515849.000,48723,2,EA,1,100,1.456424
1755196123.062376,1515916.000,48723,2,EA,1,100,1.453992
1755196123.128376,1515982.000,48740,1,EA,1,100,1.453384
1755196123.195377,1516049.000,48757,2,EA,1,100,1.454294
1755196123.262377,1516116.000,48757,2,EA,1,100,1.456121
1755196123.328378,1516182.000,48773,1,EA,1,100,1.456424
1755196123.395378,1516249.000,48791,2,EA,1,100,1.454903
1755196123.462379,1516316.000,48791,2,EA,1,100,1.452170
1755196123.529379,1516383.000,48807,1,EA,1,100,1.452170
1755196123.595880,1516449.500,48823,2,EA,1,100,1.454903
1755196123.662380,1516516.000,48823,2,EA,1,100,1.456121
1755196123.728381,1516582.000,48838,1,EA,1,100,1.456728
1755196123.795381,1516649.000,48858,2,EA,1,100,1.455205
1755196123.862382,1516716.000,48858,2,EA,1,100,1.452777
1755196123.928382,1516782.000,48874,1,EA,1,100,1.453686
1755196123.995383,1516849.000,48890,2,EA,1,100,1.455815
1755196124.062383,1516916.000,48890,2,EA,1,100,1.455815
1755196124.128884,1516982.500,48908,2,EA,1,100,1.456121
1755196124.195384,1517049.000,48908,2,EA,1,100,1.455205
1755196124.262384,1517116.000,48925,1,EA,1,100,1.455512
1755196124.328885,1517182.500,48941,2,EA,1,100,1.456728
1755196124.395385,1517249.000,48941,2,EA,1,100,1.457034
1755196124.462386,1517316.000,48959,1,EA,1,100,1.456728
1755196124.528886,1517382.500,48973,2,EA,1,100,1.456728
1755196124.595387,1517449.000,48973,2,EA,1,100,1.456728
1755196124.662387,1517516.000,48990,1,EA,1,100,1.457034
1755196124.728888,1517582.500,49007,2,EA,1,100,1.457034
1755196124.795388,1517649.000,49007,2,EA,1,100,1.457034
1755196124.862389,1517716.000,49024,1,EA,1,100,1.457338
1755196124.928889,1517782.500,49038,2,EA,1,100,1.457338
1755196124.995390,1517849.000,49038,2,EA,1,100,1.457645
1755196125.062390,1517916.000,49057,1,EA,1,100,1.458253
1755196125.128891,1517982.500,49074,2,EA,1,100,1.457645
1755196125.195391,1518049.000,49074,2,EA,1,100,1.457949
1755196125.262392,1518116.000,49091,1,EA,1,100,1.457949
1755196125.328892,1518182.500,49105,2,EA,1,100,1.457949
1755196125.395393,1518249.000,49105,2,EA,1,100,1.458253
1755196125.462393,1518316.000,49123,1,EA,1,100,1.458865
1755196125.528893,1518382.500,49139,2,EA,1,100,1.458865
1755196125.595394,1518449.000,49139,2,EA,1,100,1.458253
1755196125.662394,1518516.000,49156,1,EA,1,100,1.458253
1755196125.728895,1518582.500,49171,2,EA,1,100,1.458865
1755196125.795395,1518649.000,49171,2,EA,1,100,1.458865
1755196125.862396,1518716.000,49188,1,EA,1,100,1.459477
1755196125.928896,1518782.500,49204,2,EA,1,100,1.460090
1755196125.995397,1518849.000,49204,2,EA,1,100,1.459782
1755196126.062397,1518916.000,49221,1,EA,1,100,1.459782
1755196126.128898,1518982.500,49237,2,EA,1,100,1.459782
1755196126.195398,1519049.000,49237,2,EA,1,100,1.460703
1755196126.262399,1519116.000,49255,1,EA,1,100,1.461009
1755196126.328899,1519182.500,49271,2,EA,1,100,1.460395
1755196126.395400,1519249.000,49271,2,EA,1,100,1.460703
1755196126.461900,1519315.500,49289,2,EA,1,100,1.460703
1755196126.528401,1519382.000,49289,2,EA,1,100,1.461009
1755196126.595401,1519449.000,49305,1,EA,1,100,1.461314
1755196126.661902,1519515.500,49320,2,EA,1,100,1.461314
1755196126.728402,1519582.000,49320,2,EA,1,100,1.461314
1755196126.795402,1519649.000,49337,1,EA,1,100,1.461314
1755196126.861903,1519715.500,49354,2,EA,1,100,1.461314
1755196126.928403,1519782.000,49354,2,EA,1,100,1.461623
1755196126.995404,1519849.000,49370,1,EA,1,100,1.461623
1755196127.061904,1519915.500,49386,2,EA,1,100,1.461314
1755196127.128405,1519982.000,49386,2,EA,1,100,1.461623
1755196127.195405,1520049.000,49404,1,EA,1,100,1.461623
1755196127.261906,1520115.500,49421,2,EA,1,100,1.461623
1755196127.328406,1520182.000,49421,2,EA,1,100,1.461623
1755196127.395407,1520249.000,49437,1,EA,1,100,1.461928
1755196127.461907,1520315.500,49453,2,EA,1,100,1.461928
1755196127.528408,1520382.000,49453,2,EA,1,100,1.461314
1755196127.595408,1520449.000,49469,1,EA,1,100,1.461623
1755196127.661909,1520515.500,49486,2,EA,1,100,1.461928
1755196127.728409,1520582.000,49486,2,EA,1,100,1.461928
1755196127.795410,1520649.000,49503,1,EA,1,100,1.461314
1755196127.861910,1520715.500,49520,2,EA,1,100,1.461314
1755196127.928411,1520782.000,49520,2,EA,1,100,1.461623
1755196127.995411,1520849.000,49536,1,EA,1,100,1.462849
1755196128.062078,1520915.667,49559,3,EA,1,100,1.462849
1755196128.128745,1520982.333,49559,3,EA,1,100,1.462849
1755196128.195412,1521049.000,49559,3,EA,1,100,1.462849
1755196128.261413,1521115.000,49575,1,EA,1,100,1.463158
1755196128.328413,1521182.000,49592,2,EA,1,100,1.463158
1755196128.395414,1521249.000,49592,2,EA,1,100,1.463465
1755196128.461414,1521315.000,49609,1,EA,1,100,1.463465
1755196128.528415,1521382.000,49624,2,EA,1,100,1.464697
1755196128.595415,1521449.000,49624,2,EA,1,100,1.465005
1755196128.661416,1521515.000,49640,1,EA,1,100,1.464388
1755196128.728416,1521582.000,49658,2,EA,1,100,1.464388
1755196128.795417,1521649.000,49658,2,EA,1,100,1.464697
1755196128.861417,1521715.000,49676,1,EA,1,100,1.464081
1755196128.928418,1521782.000,49693,2,EA,1,100,1.464697
1755196128.995418,1521849.000,49693,2,EA,1,100,1.464388
1755196129.061419,1521915.000,49709,1,EA,1,100,1.464388
1755196129.128419,1521982.000,49727,2,EA,1,100,1.464697
1755196129.195420,1522049.000,49727,2,EA,1,100,1.464697
1755196129.261420,1522115.000,49743,1,EA,1,100,1.464697
1755196129.327920,1522181.500,49758,2,EA,1,100,1.463774
1755196129.394421,1522248.000,49758,2,EA,1,100,1.464081
1755196129.461421,1522315.000,49775,1,EA,1,100,1.464697
1755196129.527922,1522381.500,49792,2,EA,1,100,1.465005
1755196129.594422,1522448.000,49792,2,EA,1,100,1.464697
1755196129.661423,1522515.000,49808,1,EA,1,100,1.464388
1755196129.728423,1522582.000,49826,2,EA,1,100,1.464697
1755196129.795424,1522649.000,49826,2,EA,1,100,1.465315
1755196129.861424,1522715.000,49842,1,EA,1,100,1.465315
1755196129.927925,1522781.500,49859,2,EA,1,100,1.464697
1755196129.994425,1522848.000,49859,2,EA,1,100,1.465005
1755196130.061426,1522915.000,49875,1,EA,1,100,1.465315
1755196130.127926,1522981.500,49892,2,EA,1,100,1.465315
1755196130.194427,1523048.000,49892,2,EA,1,100,1.466240
1755196130.261427,1523115.000,49907,1,EA,1,100,1.466547
1755196130.327928,1523181.500,49924,2,EA,1,100,1.466547
1755196130.394428,1523248.000,49924,2,EA,1,100,1.466547
1755196130.461429,1523315.000,49941,2,EA,1,100,1.467166
1755196130.528429,1523382.000,49941,2,EA,1,100,1.466240
1755196130.594430,1523448.000,49958,1,EA,1,100,1.466240
1755196130.661430,1523515.000,49974,2,EA,1,100,1.466547
1755196130.728430,1523582.000,49974,2,EA,1,100,1.466240
1755196130.794431,1523648.000,49992,1,EA,1,100,1.466858
1755196130.861431,1523715.000,50008,2,EA,1,100,1.466547
1755196130.928432,1523782.000,50008,2,EA,1,100,1.466858
1755196130.994432,1523848.000,50025,1,EA,1,100,1.466858
1755196131.061433,1523915.000,50040,2,EA,1,100,1.466858
1755196131.128433,1523982.000,50040,2,EA,1,100,1.466547
1755196131.194434,1524048.000,50057,1,EA,1,100,1.467166
1755196131.261434,1524115.000,50073,2,EA,1,100,1.468094
1755196131.328435,1524182.000,50073,2,EA,1,100,1.467785
1755196131.394435,1524248.000,50090,1,EA,1,100,1.469022
1755196131.461436,1524315.000,50105,2,EA,1,100,1.468405
1755196131.528436,1524382.000,50105,2,EA,1,100,1.467474
1755196131.594437,1524448.000,50122,1,EA,1,100,1.467785
1755196131.661437,1524515.000,50138,2,EA,1,100,1.468405
1755196131.728438,1524582.000,50138,2,EA,1,100,1.469022
1755196131.794438,1524648.000,50158,1,EA,1,100,1.469022
1755196131.861439,1524715.000,50172,2,EA,1,100,1.469022
1755196131.928439,1524782.000,50172,2,EA,1,100,1.468714
1755196131.994439,1524848.000,50189,1,EA,1,100,1.468714
1755196132.061440,1524915.000,50206,2,EA,1,100,1.468094
1755196132.128440,1524982.000,50206,2,EA,1,100,1.468405
1755196132.194441,1525048.000,50223,1,EA,1,100,1.469334
1755196132.261441,1525115.000,50238,2,EA,1,100,1.469334
1755196132.328442,1525182.000,50238,2,EA,1,100,1.469643
1755196132.394942,1525248.500,50255,2,EA,1,100,1.469643
1755196132.461443,1525315.000,50255,2,EA,1,100,1.469643
1755196132.528443,1525382.000,50271,1,EA,1,100,1.469955
1755196132.594944,1525448.500,50290,2,EA,1,100,1.469955
1755196132.661444,1525515.000,50290,2,EA,1,100,1.469955
1755196132.728445,1525582.000,50306,1,EA,1,100,1.470574
1755196132.794945,1525648.500,50322,2,EA,1,100,1.469955
1755196132.861446,1525715.000,50322,2,EA,1,100,1.469955
1755196132.927446,1525781.000,50338,1,EA,1,100,1.469955
1755196132.994447,1525848.000,50355,2,EA,1,100,1.469955
1755196133.061447,1525915.000,50355,2,EA,1,100,1.469955
1755196133.127448,1525981.000,50372,1,EA,1,100,1.469955
1755196133.194448,1526048.000,50394,2,EA,1,100,1.469955
1755196133.261448,1526115.000,50394,2,EA,1,100,1.470574
1755196133.327949,1526181.500,50410,2,EA,1,100,1.471509
1755196133.394449,1526248.000,50410,2,EA,1,100,1.470264
1755196133.461450,1526315.000,50427,1,EA,1,100,1.470574
1755196133.527950,1526381.500,50443,2,EA,1,100,1.470264
1755196133.594451,1526448.000,50443,2,EA,1,100,1.471196
1755196133.661451,1526515.000,50460,1,EA,1,100,1.471509
1755196133.727952,1526581.500,50476,2,EA,1,100,1.471818
1755196133.794452,1526648.000,50476,2,EA,1,100,1.471509
1755196133.860953,1526714.500,50494,2,EA,1,100,1.470574
1755196133.927453,1526781.000,50494,2,EA,1,100,1.470886
1755196133.994454,1526848.000,50510,1,EA,1,100,1.471509
1755196134.061454,1526915.000,50530,2,EA,1,100,1.471509
1755196134.128455,1526982.000,50530,2,EA,1,100,1.471509
1755196134.194455,1527048.000,50546,1,EA,1,100,1.471818
1755196134.260956,1527114.500,50561,2,EA,1,100,1.472442
1755196134.327456,1527181.000,50561,2,EA,1,100,1.472128
1755196134.394457,1527248.000,50577,1,EA,1,100,1.471818
1755196134.460957,1527314.500,50595,2,EA,1,100,1.472442
1755196134.527457,1527381.000,50595,2,EA,1,100,1.471818
1755196134.594458,1527448.000,50611,1,EA,1,100,1.471818
1755196134.660958,1527514.500,50626,2,EA,1,100,1.472128
1755196134.727459,1527581.000,50626,2,EA,1,100,1.472128
1755196134.794459,1527648.000,50643,1,EA,1,100,1.472442
1755196134.860960,1527714.500,50660,2,EA,1,100,1.472442
1755196134.927460,1527781.000,50660,2,EA,1,100,1.472752
1755196134.994461,1527848.000,50676,1,EA,1,100,1.472442
1755196135.060961,1527914.500,50694,2,EA,1,100,1.472752
1755196135.127462,1527981.000,50694,2,EA,1,100,1.473065
1755196135.194462,1528048.000,50710,1,EA,1,100,1.473065
1755196135.260963,1528114.500,50727,2,EA,1,100,1.473376
1755196135.327463,1528181.000,50727,2,EA,1,100,1.473686
1755196135.394464,1528248.000,50743,1,EA,1,100,1.473376
1755196135.460964,1528314.500,50759,2,EA,1,100,1.474311
1755196135.527465,1528381.000,50759,2,EA,1,100,1.473686
1755196135.594465,1528448.000,50775,1,EA,1,100,1.474625
1755196135.660966,1528514.500,50792,2,EA,1,100,1.474000
1755196135.727466,1528581.000,50792,2,EA,1,100,1.474625
1755196135.794466,1528648.000,50809,1,EA,1,100,1.475562
1755196135.860967,1528714.500,50825,2,EA,1,100,1.474936
1755196135.927467,1528781.000,50825,2,EA,1,100,1.475248
1755196135.993968,1528847.500,50842,2,EA,1,100,1.475562
1755196136.060468,1528914.000,50842,2,EA,1,100,1.475248
1755196136.127469,1528981.000,50860,1,EA,1,100,1.474936
1755196136.193969,1529047.500,50876,2,EA,1,100,1.475562
1755196136.260470,1529114.000,50876,2,EA,1,100,1.475562
1755196136.327470,1529181.000,50893,1,EA,1,100,1.475562
1755196136.393971,1529247.500,50908,2,EA,1,100,1.475248
1755196136.460471,1529314.000,50908,2,EA,1,100,1.475248
1755196136.527472,1529381.000,50925,1,EA,1,100,1.475874
1755196136.593972,1529447.500,50941,2,EA,1,100,1.475874
1755196136.660473,1529514.000,50941,2,EA,1,100,1.475562
1755196136.727473,1529581.000,50958,1,EA,1,100,1.476189
1755196136.793974,1529647.500,50975,2,EA,1,100,1.475562
1755196136.860474,1529714.000,50975,2,EA,1,100,1.476189
1755196136.927475,1529781.000,50992,1,EA,1,100,1.477127
1755196136.993975,1529847.500,51008,2,EA,1,100,1.476812
1755196137.060475,1529914.000,51008,2,EA,1,100,1.476812
1755196137.127476,1529981.000,51026,1,EA,1,100,1.477127
1755196137.193976,1530047.500,51040,2,EA,1,100,1.478068
1755196137.260477,1530114.000,51040,2,EA,1,100,1.477440
1755196137.327477,1530181.000,51057,1,EA,1,100,1.478068
1755196137.393978,1530247.500,51074,2,EA,1,100,1.477755
1755196137.460478,1530314.000,51074,2,EA,1,100,1.477755
1755196137.527479,1530381.000,51091,1,EA,1,100,1.477755
1755196137.593979,1530447.500,51108,2,EA,1,100,1.477127
1755196137.660480,1530514.000,51108,2,EA,1,100,1.477127
1755196137.727480,1530581.000,51124,1,EA,1,100,1.478380
1755196137.793981,1530647.500,51141,2,EA,1,100,1.478380
1755196137.860481,1530714.000,51141,2,EA,1,100,1.479009
1755196137.927482,1530781.000,51158,2,EA,1,100,1.479325
1755196137.994482,1530848.000,51158,2,EA,1,100,1.478696
1755196138.060483,1530914.000,51174,1,EA,1,100,1.479009
1755196138.127483,1530981.000,51190,2,EA,1,100,1.479009
1755196138.194484,1531048.000,51190,2,EA,1,100,1.478696
1755196138.260484,1531114.000,51206,1,EA,1,100,1.478696
1755196138.327484,1531181.000,51228,2,EA,1,100,1.478696
1755196138.394485,1531248.000,51228,2,EA,1,100,1.479325
1755196138.460985,1531314.500,51247,2,EA,1,100,1.479951
1755196138.527486,1531381.000,51247,2,EA,1,100,1.479951
1755196138.594486,1531448.000,51264,1,EA,1,100,1.479951
1755196138.660987,1531514.500,51278,2,EA,1,100,1.480582
1755196138.727487,1531581.000,51278,2,EA,1,100,1.480268
1755196138.794488,1531648.000,51296,1,EA,1,100,1.480582
1755196138.860988,1531714.500,51314,2,EA,1,100,1.479951
1755196138.927489,1531781.000,51314,2,EA,1,100,1.479951
1755196138.994489,1531848.000,51331,1,EA,1,100,1.479951
1755196139.060990,1531914.500,51347,2,EA,1,100,1.479951
1755196139.127490,1531981.000,51347,2,EA,1,100,1.480582
1755196139.194491,1532048.000,51363,1,EA,1,100,1.480268
1755196139.260991,1532114.500,51381,2,EA,1,100,1.480898
1755196139.327492,1532181.000,51381,2,EA,1,100,1.481843
1755196139.393992,1532247.500,51399,2,EA,1,100,1.481843
1755196139.460493,1532314.000,51399,2,EA,1,100,1.481843
1755196139.527493,1532381.000,51415,1,EA,1,100,1.481843
1755196139.593993,1532447.500,51430,2,EA,1,100,1.481843
1755196139.660494,1532514.000,51430,2,EA,1,100,1.481212
1755196139.727494,1532581.000,51446,1,EA,1,100,1.482157
1755196139.793995,1532647.500,51464,2,EA,1,100,1.482157
1755196139.860495,1532714.000,51464,2,EA,1,100,1.483104
1755196139.927496,1532781.000,51480,1,EA,1,100,1.482475
1755196139.993996,1532847.500,51495,2,EA,1,100,1.482789
1755196140.060497,1532914.000,51495,2,EA,1,100,1.483737
1755196140.127497,1532981.000,51512,1,EA,1,100,1.483422
1755196140.193998,1533047.500,51529,2,EA,1,100,1.482475
1755196140.260498,1533114.000,51529,2,EA,1,100,1.483422
1755196140.327499,1533181.000,51547,1,EA,1,100,1.483422
1755196140.393999,1533247.500,51563,2,EA,1,100,1.483737
1755196140.460500,1533314.000,51563,2,EA,1,100,1.483737
1755196140.527500,1533381.000,51579,1,EA,1,100,1.484370
1755196140.594001,1533447.500,51596,2,EA,1,100,1.484055
1755196140.660501,1533514.000,51596,2,EA,1,100,1.484055
1755196140.727502,1533581.000,51612,1,EA,1,100,1.484055
1755196140.794002,1533647.500,51628,2,EA,1,100,1.484370
1755196140.860502,1533714.000,51628,2,EA,1,100,1.484055
1755196140.927503,1533781.000,51644,1,EA,1,100,1.484055
1755196140.994003,1533847.500,51661,2,EA,1,100,1.484055
1755196141.060504,1533914.000,51661,2,EA,1,100,1.484685
1755196141.127504,1533981.000,51678,1,EA,1,100,1.484685
1755196141.194005,1534047.500,51696,2,EA,1,100,1.485319
1755196141.260505,1534114.000,51696,2,EA,1,100,1.484370
1755196141.327506,1534181.000,51711,1,EA,1,100,1.485319
1755196141.394006,1534247.500,51729,2,EA,1,100,1.485319
1755196141.460507,1534314.000,51729,2,EA,1,100,1.485319
1755196141.527507,1534381.000,51745,1,EA,1,100,1.485319
1755196141.594008,1534447.500,51761,2,EA,1,100,1.485954
1755196141.660508,1534514.000,51761,2,EA,1,100,1.485638
1755196141.727009,1534580.500,51777,2,EA,1,100,1.485638
1755196141.793509,1534647.000,51777,2,EA,1,100,1.485004
1755196141.860510,1534714.000,51794,1,EA,1,100,1.485638
1755196141.927010,1534780.500,51812,2,EA,1,100,1.486270
1755196141.993511,1534847.000,51812,2,EA,1,100,1.485954
1755196142.060511,1534914.000,51829,1,EA,1,100,1.485954
1755196142.127011,1534980.500,51844,2,EA,1,100,1.486905
1755196142.193512,1535047.000,51844,2,EA,1,100,1.486905
1755196142.260512,1535114.000,51861,1,EA,1,100,1.486270
1755196142.327013,1535180.500,51877,2,EA,1,100,1.486905
1755196142.393513,1535247.000,51877,2,EA,1,100,1.485638
1755196142.460514,1535314.000,51895,1,EA,1,100,1.487225
1755196142.527014,1535380.500,51909,2,EA,1,100,1.487225
1755196142.593515,1535447.000,51909,2,EA,1,100,1.486905
1755196142.660515,1535514.000,51928,1,EA,1,100,1.487541
1755196142.727016,1535580.500,51945,2,EA,1,100,1.487858
1755196142.793516,1535647.000,51945,2,EA,1,100,1.488495
1755196142.860517,1535714.000,51962,1,EA,1,100,1.488178
1755196142.927017,1535780.500,51976,2,EA,1,100,1.488815
1755196142.993518,1535847.000,51976,2,EA,1,100,1.488815
1755196143.060518,1535914.000,51993,1,EA,1,100,1.489770
1755196143.127019,1535980.500,52010,2,EA,1,100,1.488815
1755196143.193519,1536047.000,52010,2,EA,1,100,1.489132
1755196143.260520,1536114.000,52027,1,EA,1,100,1.488495
1755196143.327020,1536180.500,52041,2,EA,1,100,1.489132
1755196143.393520,1536247.000,52041,2,EA,1,100,1.489450
1755196143.460021,1536313.500,52066,2,EA,1,100,1.490409
1755196143.526521,1536380.000,52066,2,EA,1,100,1.490088
1755196143.593522,1536447.000,52082,2,EA,1,100,1.490409
1755196143.660522,1536514.000,52082,2,EA,1,100,1.491044
1755196143.726523,1536580.000,52099,1,EA,1,100,1.491684
1755196143.793523,1536647.000,52118,2,EA,1,100,1.492005
1755196143.860524,1536714.000,52118,2,EA,1,100,1.492324
1755196143.926524,1536780.000,52135,1,EA,1,100,1.492324
1755196143.993525,1536847.000,52149,2,EA,1,100,1.492324
1755196144.060525,1536914.000,52149,2,EA,1,100,1.492005
1755196144.127526,1536981.000,52167,1,EA,1,100,1.492965
1755196144.194026,1537047.500,52183,2,EA,1,100,1.493284
1755196144.260527,1537114.000,52183,2,EA,1,100,1.493284
1755196144.326527,1537180.000,52200,1,EA,1,100,1.493606
1755196144.393528,1537247.000,52215,2,EA,1,100,1.493284
1755196144.460528,1537314.000,52215,2,EA,1,100,1.492965
1755196144.526529,1537380.000,52232,1,EA,1,100,1.493606
1755196144.593529,1537447.000,52250,2,EA,1,100,1.492965
1755196144.660530,1537514.000,52250,2,EA,1,100,1.493284
1755196144.726530,1537580.000,52267,1,EA,1,100,1.493606
1755196144.793530,1537647.000,52282,2,EA,1,100,1.493284
1755196144.860531,1537714.000,52282,2,EA,1,100,1.492965
1755196144.926531,1537780.000,52299,1,EA,1,100,1.493284
1755196144.993532,1537847.000,52315,2,EA,1,100,1.492643
1755196145.060532,1537914.000,52315,2,EA,1,100,1.493284
1755196145.126533,1537980.000,52333,1,EA,1,100,1.493606
1755196145.193533,1538047.000,52347,2,EA,1,100,1.493284
1755196145.260534,1538114.000,52347,2,EA,1,100,1.492643
1755196145.326534,1538180.000,52364,1,EA,1,100,1.492643
1755196145.393535,1538247.000,52381,2,EA,1,100,1.492965
1755196145.460535,1538314.000,52381,2,EA,1,100,1.494244
1755196145.526536,1538380.000,52398,1,EA,1,100,1.494887
1755196145.593536,1538447.000,52413,2,EA,1,100,1.494887
1755196145.660537,1538514.000,52413,2,EA,1,100,1.495530
1755196145.726537,1538580.000,52431,1,EA,1,100,1.495850
1755196145.793538,1538647.000,52448,2,EA,1,100,1.495850
1755196145.860538,1538714.000,52448,2,EA,1,100,1.495850
1755196145.927039,1538780.500,52465,2,EA,1,100,1.496493
1755196145.993539,1538847.000,52465,2,EA,1,100,1.495850
1755196146.059539,1538913.000,52481,1,EA,1,100,1.496173
1755196146.126540,1538980.000,52497,2,EA,1,100,1.496173
1755196146.193540,1539047.000,52497,2,EA,1,100,1.496817
1755196146.259541,1539113.000,52513,1,EA,1,100,1.497458
1755196146.326541,1539180.000,52530,2,EA,1,100,1.496493
1755196146.393542,1539247.000,52530,2,EA,1,100,1.496817
1755196146.459542,1539313.000,52547,1,EA,1,100,1.497458
1755196146.526543,1539380.000,52564,2,EA,1,100,1.497458
1755196146.593543,1539447.000,52564,2,EA,1,100,1.497138
1755196146.659544,1539513.000,52580,1,EA,1,100,1.497458
1755196146.726544,1539580.000,52598,2,EA,1,100,1.497458
1755196146.793545,1539647.000,52598,2,EA,1,100,1.497782
1755196146.859545,1539713.000,52614,1,EA,1,100,1.497782
1755196146.926546,1539780.000,52629,2,EA,1,100,1.497782
1755196146.993546,1539847.000,52629,2,EA,1,100,1.497782
1755196147.060547,1539914.000,52645,1,EA,1,100,1.497458
1755196147.127047,1539980.500,52665,2,EA,1,100,1.497458
1755196147.193548,1540047.000,52665,2,EA,1,100,1.497458
1755196147.259548,1540113.000,52681,1,EA,1,100,1.497782
1755196147.326548,1540180.000,52696,2,EA,1,100,1.497458
1755196147.393549,1540247.000,52696,2,EA,1,100,1.497138
1755196147.459549,1540313.000,52713,1,EA,1,100,1.497458
1755196147.526550,1540380.000,52730,2,EA,1,100,1.497138
1755196147.593550,1540447.000,52730,2,EA,1,100,1.497458
1755196147.659551,1540513.000,52746,1,EA,1,100,1.496817
1755196147.726551,1540580.000,52763,2,EA,1,100,1.497782
1755196147.793552,1540647.000,52763,2,EA,1,100,1.497138
1755196147.859552,1540713.000,52780,1,EA,1,100,1.496817
1755196147.926553,1540780.000,52797,2,EA,1,100,1.496817
1755196147.993553,1540847.000,52797,2,EA,1,100,1.497782
1755196148.059554,1540913.000,52813,1,EA,1,100,1.497782
1755196148.126554,1540980.000,52830,2,EA,1,100,1.497138
1755196148.193555,1541047.000,52830,2,EA,1,100,1.497782
1755196148.260055,1541113.500,52845,2,EA,1,100,1.498103
1755196148.326556,1541180.000,52845,2,EA,1,100,1.498428
1755196148.393556,1541247.000,52862,1,EA,1,100,1.498103
1755196148.460057,1541313.500,52879,2,EA,1,100,1.498103
1755196148.526557,1541380.000,52879,2,EA,1,100,1.498428
1755196148.593057,1541446.500,52901,2,EA,1,100,1.499395
1755196148.659558,1541513.000,52901,2,EA,1,100,1.499070
1755196148.726558,1541580.000,52917,1,EA,1,100,1.499395
1755196148.793059,1541646.500,52936,2,EA,1,100,1.499070
1755196148.859559,1541713.000,52936,2,EA,1,100,1.498103
1755196148.926560,1541780.000,52951,1,EA,1,100,1.499070
1755196148.993060,1541846.500,52968,2,EA,1,100,1.499717
1755196149.059561,1541913.000,52968,2,EA,1,100,1.499395
1755196149.126561,1541980.000,52985,2,EA,1,100,1.499717
1755196149.193562,1542047.000,52985,2,EA,1,100,1.499395
1755196149.259562,1542113.000,53002,1,EA,1,100,1.500042
1755196149.326063,1542179.500,53016,2,EA,1,100,1.499717
1755196149.392563,1542246.000,53016,2,EA,1,100,1.498428
1755196149.459564,1542313.000,53034,1,EA,1,100,1.499395
1755196149.526064,1542379.500,53050,2,EA,1,100,1.500042
1755196149.592565,1542446.000,53050,2,EA,1,100,1.499717
1755196149.659565,1542513.000,53067,1,EA,1,100,1.499717
1755196149.726066,1542579.500,53082,2,EA,1,100,1.499717
1755196149.792566,1542646.000,53082,2,EA,1,100,1.499395
1755196149.859566,1542713.000,53099,1,EA,1,100,1.500042
1755196149.926067,1542779.500,53117,2,EA,1,100,1.499717
1755196149.992567,1542846.000,53117,2,EA,1,100,1.500042
1755196150.059568,1542913.000,53134,1,EA,1,100,1.500364
1755196150.126068,1542979.500,53149,2,EA,1,100,1.500042
1755196150.192569,1543046.000,53149,2,EA,1,100,1.500364
1755196150.259569,1543113.000,53166,1,EA,1,100,1.501660
1755196150.326070,1543179.500,53182,2,EA,1,100,1.500686
1755196150.392570,1543246.000,53182,2,EA,1,100,1.500042
1755196150.459571,1543313.000,53200,1,EA,1,100,1.500042
1755196150.526071,1543379.500,53214,2,EA,1,100,1.500364
1755196150.592572,1543446.000,53214,2,EA,1,100,1.500042
1755196150.659572,1543513.000,53231,1,EA,1,100,1.501334
1755196150.726073,1543579.500,53248,2,EA,1,100,1.502305
1755196150.792573,1543646.000,53248,2,EA,1,100,1.502631
1755196150.859574,1543713.000,53267,1,EA,1,100,1.503281
1755196150.926074,1543779.500,53281,2,EA,1,100,1.503281
1755196150.992575,1543846.000,53281,2,EA,1,100,1.503281
1755196151.059575,1543913.000,53298,1,EA,1,100,1.503927
1755196151.126075,1543979.500,53315,2,EA,1,100,1.504905
1755196151.192576,1544046.000,53315,2,EA,1,100,1.504905
1755196151.259576,1544113.000,53332,1,EA,1,100,1.505554
1755196151.326077,1544179.500,53347,2,EA,1,100,1.505881
1755196151.392577,1544246.000,53347,2,EA,1,100,1.505554
1755196151.459578,1544313.000,53364,1,EA,1,100,1.505881
1755196151.526078,1544379.500,53380,2,EA,1,100,1.505554
1755196151.592579,1544446.000,53380,2,EA,1,100,1.505229
1755196151.659579,1544513.000,53399,2,EA,1,100,1.504254
1755196151.726580,1544580.000,53399,2,EA,1,100,1.504905
1755196151.792580,1544646.000,53416,1,EA,1,100,1.504578
1755196151.859581,1544713.000,53431,2,EA,1,100,1.505554
1755196151.926581,1544780.000,53431,2,EA,1,100,1.504578
1755196151.992582,1544846.000,53447,1,EA,1,100,1.504578
1755196152.059582,1544913.000,53465,2,EA,1,100,1.503927
1755196152.126583,1544980.000,53465,2,EA,1,100,1.503281
1755196152.192583,1545046.000,53481,1,EA,1,100,1.504578
1755196152.259584,1545113.000,53496,2,EA,1,100,1.506534
1755196152.326584,1545180.000,53496,2,EA,1,100,1.504905
1755196152.392584,1545246.000,53512,1,EA,1,100,1.503604
1755196152.459585,1545313.000,53530,2,EA,1,100,1.503927
1755196152.526585,1545380.000,53530,2,EA,1,100,1.505881
1755196152.592586,1545446.000,53548,1,EA,1,100,1.506534
1755196152.659086,1545512.500,53563,2,EA,1,100,1.506534
1755196152.725587,1545579.000,53563,2,EA,1,100,1.505881
1755196152.792587,1545646.000,53580,1,EA,1,100,1.506534
1755196152.859088,1545712.500,53597,2,EA,1,100,1.507183
1755196152.925588,1545779.000,53597,2,EA,1,100,1.507183
1755196152.992589,1545846.000,53613,1,EA,1,100,1.507511
1755196153.059089,1545912.500,53629,2,EA,1,100,1.506858
1755196153.125590,1545979.000,53629,2,EA,1,100,1.505881
1755196153.192590,1546046.000,53645,1,EA,1,100,1.507837
1755196153.259091,1546112.500,53662,2,EA,1,100,1.508491
1755196153.325591,1546179.000,53662,2,EA,1,100,1.506858
1755196153.392592,1546246.000,53680,1,EA,1,100,1.503927
1755196153.459092,1546312.500,53696,2,EA,1,100,1.502305
1755196153.525593,1546379.000,53696,2,EA,1,100,1.503281
1755196153.592593,1546446.000,53712,1,EA,1,100,1.507183
1755196153.659260,1546512.667,53735,3,EA,1,100,1.506206
1755196153.725927,1546579.333,53735,3,EA,1,100,1.501660
1755196153.792594,1546646.000,53735,3,EA,1,100,1.503604
1755196153.859595,1546713.000,53753,1,EA,1,100,1.511766
1755196153.926095,1546779.500,53770,2,EA,1,100,1.513409
1755196153.992596,1546846.000,53770,2,EA,1,100,1.508165
1755196154.059596,1546913.000,53788,1,EA,1,100,1.503604
1755196154.126097,1546979.500,53804,2,EA,1,100,1.506206
1755196154.192597,1547046.000,53804,2,EA,1,100,1.511109
1755196154.259598,1547113.000,53820,1,EA,1,100,1.512751
1755196154.326098,1547179.500,53837,2,EA,1,100,1.510127
1755196154.392599,1547246.000,53837,2,EA,1,100,1.506534
1755196154.459599,1547313.000,53854,1,EA,1,100,1.504578
1755196154.526100,1547379.500,53869,2,EA,1,100,1.508165
1755196154.592600,1547446.000,53869,2,EA,1,100,1.509800
1755196154.659601,1547513.000,53885,1,EA,1,100,1.508491
1755196154.726101,1547579.500,53903,2,EA,1,100,1.507511
1755196154.792602,1547646.000,53903,2,EA,1,100,1.506206
1755196154.859602,1547713.000,53919,1,EA,1,100,1.507511
1755196154.926102,1547779.500,53934,2,EA,1,100,1.511109
1755196154.992603,1547846.000,53934,2,EA,1,100,1.510453
1755196155.059603,1547913.000,53952,1,EA,1,100,1.509471
1755196155.126104,1547979.500,53970,2,EA,1,100,1.504254
1755196155.192604,1548046.000,53970,2,EA,1,100,1.508491
1755196155.259605,1548113.000,53986,1,EA,1,100,1.511766
1755196155.326105,1548179.500,54002,2,EA,1,100,1.513409
1755196155.392606,1548246.000,54002,2,EA,1,100,1.508165
1755196155.459606,1548313.000,54018,1,EA,1,100,1.502305
1755196155.526107,1548379.500,54035,2,EA,1,100,1.508491
1755196155.592607,1548446.000,54035,2,EA,1,100,1.514396
1755196155.659108,1548512.500,54051,2,EA,1,100,1.515056
1755196155.725608,1548579.000,54051,2,EA,1,100,1.505229
1755196155.792609,1548646.000,54069,1,EA,1,100,1.501011
1755196155.859109,1548712.500,54085,2,EA,1,100,1.507837
1755196155.925610,1548779.000,54085,2,EA,1,100,1.515384
1755196155.992610,1548846.000,54102,1,EA,1,100,1.510783
1755196156.059111,1548912.500,54119,2,EA,1,100,1.507183
1755196156.125611,1548979.000,54119,2,EA,1,100,1.505881
1755196156.192611,1549046.000,54136,1,EA,1,100,1.509471
1755196156.259112,1549112.500,54150,2,EA,1,100,1.513081
1755196156.325612,1549179.000,54150,2,EA,1,100,1.510453
1755196156.392613,1549246.000,54167,1,EA,1,100,1.509471
1755196156.459113,1549312.500,54184,2,EA,1,100,1.507837
1755196156.525614,1549379.000,54184,2,EA,1,100,1.509145
1755196156.592614,1549446.000,54203,1,EA,1,100,1.510127
1755196156.659115,1549512.500,54217,2,EA,1,100,1.510127
1755196156.725615,1549579.000,54217,2,EA,1,100,1.510783
1755196156.792616,1549646.000,54235,1,EA,1,100,1.510453
1755196156.859116,1549712.500,54251,2,EA,1,100,1.507837
1755196156.925617,1549779.000,54251,2,EA,1,100,1.505554
1755196156.992617,1549846.000,54268,1,EA,1,100,1.511109
1755196157.059118,1549912.500,54283,2,EA,1,100,1.515384
1755196157.125618,1549979.000,54283,2,EA,1,100,1.515716
1755196157.192619,1550046.000,54300,1,EA,1,100,1.510783
1755196157.259119,1550112.500,54316,2,EA,1,100,1.504578
1755196157.325620,1550179.000,54316,2,EA,1,100,1.508165
1755196157.392620,1550246.000,54333,1,EA,1,100,1.516706
1755196157.459120,1550312.500,54351,2,EA,1,100,1.521347
1755196157.525621,1550379.000,54351,2,EA,1,100,1.515384
1755196157.592621,1550446.000,54367,1,EA,1,100,1.504254
1755196157.659122,1550512.500,54383,2,EA,1,100,1.504578
1755196157.725622,1550579.000,54383,2,EA,1,100,1.513409
1755196157.792123,1550645.500,54401,2,EA,1,100,1.519687
1755196157.858623,1550712.000,54401,2,EA,1,100,1.513409
1755196157.925624,1550779.000,54417,1,EA,1,100,1.508165
1755196157.992124,1550845.500,54432,2,EA,1,100,1.508491
1755196158.058625,1550912.000,54432,2,EA,1,100,1.515056
1755196158.125625,1550979.000,54449,1,EA,1,100,1.517697
1755196158.192126,1551045.500,54466,2,EA,1,100,1.515384
1755196158.258626,1551112.000,54466,2,EA,1,100,1.512093
1755196158.325627,1551179.000,54482,1,EA,1,100,1.512424
1755196158.392127,1551245.500,54498,2,EA,1,100,1.516377
1755196158.458628,1551312.000,54498,2,EA,1,100,1.515056
1755196158.525628,1551379.000,54516,1,EA,1,100,1.512424
1755196158.592129,1551445.500,54533,2,EA,1,100,1.511109
1755196158.658629,1551512.000,54533,2,EA,1,100,1.518360
1755196158.725629,1551579.000,54549,1,EA,1,100,1.519353
1755196158.792130,1551645.500,54572,2,EA,1,100,1.513737
1755196158.858630,1551712.000,54572,2,EA,1,100,1.511109
1755196158.925631,1551779.000,54588,2,EA,1,100,1.514068
1755196158.992631,1551846.000,54588,2,EA,1,100,1.518690
1755196159.058632,1551912.000,54604,1,EA,1,100,1.516706
1755196159.125632,1551979.000,54621,2,EA,1,100,1.514727
1755196159.192633,1552046.000,54621,2,EA,1,100,1.513081
1755196159.258633,1552112.000,54638,1,EA,1,100,1.516045
1755196159.325134,1552178.500,54655,2,EA,1,100,1.520682
1755196159.391634,1552245.000,54655,2,EA,1,100,1.516045
1755196159.458635,1552312.000,54672,2,EA,1,100,1.512424
1755196159.525635,1552379.000,54672,2,EA,1,100,1.512751
1755196159.592636,1552446.000,54688,1,EA,1,100,1.517368
1755196159.659136,1552512.500,54705,2,EA,1,100,1.519023
1755196159.725637,1552579.000,54705,2,EA,1,100,1.516045
1755196159.791637,1552645.000,54722,1,EA,1,100,1.515716
1755196159.858638,1552712.000,54737,2,EA,1,100,1.515384
1755196159.925638,1552779.000,54737,2,EA,1,100,1.517035
1755196159.991638,1552845.000,54753,1,EA,1,100,1.516377
1755196160.058639,1552912.000,54771,2,EA,1,100,1.517368
1755196160.125639,1552979.000,54771,2,EA,1,100,1.517035
1755196160.191640,1553045.000,54789,1,EA,1,100,1.514727
1755196160.258640,1553112.000,54804,2,EA,1,100,1.516377
1755196160.325641,1553179.000,54804,2,EA,1,100,1.516377
1755196160.391641,1553245.000,54820,1,EA,1,100,1.518360
1755196160.458642,1553312.000,54838,2,EA,1,100,1.518360
1755196160.525642,1553379.000,54838,2,EA,1,100,1.516045
1755196160.591643,1553445.000,54854,1,EA,1,100,1.517035
1755196160.658643,1553512.000,54869,2,EA,1,100,1.517035
1755196160.725644,1553579.000,54869,2,EA,1,100,1.518690
1755196160.791644,1553645.000,54886,1,EA,1,100,1.518360
1755196160.858645,1553712.000,54905,2,EA,1,100,1.517368
1755196160.925645,1553779.000,54905,2,EA,1,100,1.517368
1755196160.991646,1553845.000,54921,1,EA,1,100,1.518360
1755196161.058646,1553912.000,54937,2,EA,1,100,1.520017
1755196161.125647,1553979.000,54937,2,EA,1,100,1.519687
1755196161.191647,1554045.000,54953,1,EA,1,100,1.519023
1755196161.258648,1554112.000,54970,2,EA,1,100,1.516377
1755196161.325648,1554179.000,54970,2,EA,1,100,1.518030
1755196161.391648,1554245.000,54986,1,EA,1,100,1.521013
1755196161.458649,1554312.000,55003,2,EA,1,100,1.521347
1755196161.525649,1554379.000,55003,2,EA,1,100,1.515716
1755196161.591650,1554445.000,55018,1,EA,1,100,1.512751
1755196161.658650,1554512.000,55037,2,EA,1,100,1.520017
1755196161.725651,1554579.000,55037,2,EA,1,100,1.523675
1755196161.792151,1554645.500,55054,2,EA,1,100,1.522676
1755196161.858652,1554712.000,55054,2,EA,1,100,1.514396
1755196161.925652,1554779.000,55071,1,EA,1,100,1.514068
1755196161.992153,1554845.500,55085,2,EA,1,100,1.523011
1755196162.058653,1554912.000,55085,2,EA,1,100,1.526683
1755196162.125654,1554979.000,55103,1,EA,1,100,1.520017
1755196162.192154,1555045.500,55119,2,EA,1,100,1.511439
1755196162.258655,1555112.000,55119,2,EA,1,100,1.515056
1755196162.325655,1555179.000,55136,1,EA,1,100,1.525680
1755196162.392156,1555245.500,55153,2,EA,1,100,1.527688
1755196162.458656,1555312.000,55153,2,EA,1,100,1.520017
1755196162.525657,1555379.000,55170,1,EA,1,100,1.514068
1755196162.592157,1555445.500,55186,2,EA,1,100,1.515384
1755196162.658657,1555512.000,55186,2,EA,1,100,1.524011
1755196162.724658,1555578.000,55203,1,EA,1,100,1.525680
1755196162.791658,1555645.000,55218,2,EA,1,100,1.521347
1755196162.858659,1555712.000,55218,2,EA,1,100,1.518360
1755196162.924659,1555778.000,55235,1,EA,1,100,1.519023
1755196162.991660,1555845.000,55251,2,EA,1,100,1.522010
1755196163.058660,1555912.000,55251,2,EA,1,100,1.522344
1755196163.125661,1555979.000,55271,1,EA,1,100,1.522676
1755196163.192161,1556045.500,55285,2,EA,1,100,1.521678
1755196163.258662,1556112.000,55285,2,EA,1,100,1.518360
1755196163.324662,1556178.000,55302,1,EA,1,100,1.518360
1755196163.391663,1556245.000,55319,2,EA,1,100,1.523011
1755196163.458663,1556312.000,55319,2,EA,1,100,1.524011
1755196163.524664,1556378.000,55336,1,EA,1,100,1.523675
1755196163.591664,1556445.000,55351,2,EA,1,100,1.523343
1755196163.658665,1556512.000,55351,2,EA,1,100,1.521347
1755196163.724665,1556578.000,55367,1,EA,1,100,1.522676
1755196163.791666,1556645.000,55386,2,EA,1,100,1.521347
1755196163.858666,1556712.000,55386,2,EA,1,100,1.520348
1755196163.925166,1556778.500,55408,2,EA,1,100,1.522010
1755196163.991667,1556845.000,55408,2,EA,1,100,1.523343
1755196164.058167,1556911.500,55425,2,EA,1,100,1.523011
1755196164.124668,1556978.000,55425,2,EA,1,100,1.521013
1755196164.191668,1557045.000,55444,1,EA,1,100,1.521347
1755196164.258169,1557111.500,55458,2,EA,1,100,1.522010
1755196164.324669,1557178.000,55458,2,EA,1,100,1.523675
1755196164.391670,1557245.000,55475,1,EA,1,100,1.524343
1755196164.458170,1557311.500,55492,2,EA,1,100,1.524343
1755196164.524671,1557378.000,55492,2,EA,1,100,1.524343
1755196164.591671,1557445.000,55509,1,EA,1,100,1.524011
1755196164.658172,1557511.500,55523,2,EA,1,100,1.524679
1755196164.724672,1557578.000,55523,2,EA,1,100,1.524011
1755196164.791673,1557645.000,55541,1,EA,1,100,1.524011
1755196164.858173,1557711.500,55557,2,EA,1,100,1.523675
1755196164.924674,1557778.000,55557,2,EA,1,100,1.524011
1755196164.991674,1557845.000,55574,1,EA,1,100,1.524679
1755196165.058175,1557911.500,55590,2,EA,1,100,1.524011
1755196165.124675,1557978.000,55590,2,EA,1,100,1.524343
1755196165.191675,1558045.000,55608,1,EA,1,100,1.524679
1755196165.258176,1558111.500,55624,2,EA,1,100,1.525011
1755196165.324676,1558178.000,55624,2,EA,1,100,1.524679
1755196165.391677,1558245.000,55641,1,EA,1,100,1.525344
1755196165.458177,1558311.500,55657,2,EA,1,100,1.525344
1755196165.524678,1558378.000,55657,2,EA,1,100,1.525680
1755196165.591678,1558445.000,55673,2,EA,1,100,1.526350
1755196165.658679,1558512.000,55673,2,EA,1,100,1.525344
1755196165.724679,1558578.000,55689,1,EA,1,100,1.526013
1755196165.791680,1558645.000,55707,2,EA,1,100,1.526350
1755196165.858680,1558712.000,55707,2,EA,1,100,1.526350
1755196165.924681,1558778.000,55723,1,EA,1,100,1.526350
1755196165.991681,1558845.000,55740,2,EA,1,100,1.527017
1755196166.058682,1558912.000,55740,2,EA,1,100,1.527017
1755196166.124682,1558978.000,55757,1,EA,1,100,1.527354
1755196166.191683,1559045.000,55774,2,EA,1,100,1.527354
1755196166.258683,1559112.000,55774,2,EA,1,100,1.527017
1755196166.324684,1559178.000,55790,1,EA,1,100,1.527017
1755196166.391684,1559245.000,55806,2,EA,1,100,1.527354
1755196166.458684,1559312.000,55806,2,EA,1,100,1.528359
1755196166.524685,1559378.000,55822,1,EA,1,100,1.529703
1755196166.591685,1559445.000,55839,2,EA,1,100,1.529703
1755196166.658686,1559512.000,55839,2,EA,1,100,1.530038
1755196166.724686,1559578.000,55855,1,EA,1,100,1.529703
1755196166.791187,1559644.500,55873,2,EA,1,100,1.529703
1755196166.857687,1559711.000,55873,2,EA,1,100,1.529031
1755196166.924688,1559778.000,55889,1,EA,1,100,1.529703
1755196166.991688,1559845.000,55906,2,EA,1,100,1.530038
1755196167.058689,1559912.000,55906,2,EA,1,100,1.530038
1755196167.124689,1559978.000,55923,1,EA,1,100,1.529703
1755196167.191190,1560044.500,55938,2,EA,1,100,1.529703
1755196167.257690,1560111.000,55938,2,EA,1,100,1.529366
1755196167.324691,1560178.000,55954,1,EA,1,100,1.530038
1755196167.391191,1560244.500,55972,2,EA,1,100,1.530373
1755196167.457692,1560311.000,55972,2,EA,1,100,1.530373
1755196167.524692,1560378.000,55990,1,EA,1,100,1.530712
1755196167.591193,1560444.500,56006,2,EA,1,100,1.530373
1755196167.657693,1560511.000,56006,2,EA,1,100,1.530373
1755196167.724693,1560578.000,56021,1,EA,1,100,1.530038
1755196167.791194,1560644.500,56039,2,EA,1,100,1.529703
1755196167.857694,1560711.000,56039,2,EA,1,100,1.529703
1755196167.924695,1560778.000,56055,2,EA,1,100,1.530373
1755196167.991695,1560845.000,56055,2,EA,1,100,1.530373
1755196168.057696,1560911.000,56072,1,EA,1,100,1.529366
1755196168.124696,1560978.000,56087,2,EA,1,100,1.529366
1755196168.191697,1561045.000,56087,2,EA,1,100,1.529703
1755196168.257697,1561111.000,56104,1,EA,1,100,1.530038
1755196168.324698,1561178.000,56120,2,EA,1,100,1.530038
1755196168.391698,1561245.000,56120,2,EA,1,100,1.529366
1755196168.457699,1561311.000,56138,1,EA,1,100,1.529366
1755196168.524699,1561378.000,56152,2,EA,1,100,1.529703
1755196168.591700,1561445.000,56152,2,EA,1,100,1.529703
1755196168.657700,1561511.000,56169,1,EA,1,100,1.530038
1755196168.724701,1561578.000,56186,2,EA,1,100,1.530038
1755196168.791701,1561645.000,56186,2,EA,1,100,1.529703
1755196168.857702,1561711.000,56205,1,EA,1,100,1.529703
1755196168.924702,1561778.000,56219,2,EA,1,100,1.530373
1755196168.991702,1561845.000,56219,2,EA,1,100,1.530373
1755196169.058203,1561911.500,56242,2,EA,1,100,1.530373
1755196169.124703,1561978.000,56242,2,EA,1,100,1.531047
1755196169.191704,1562045.000,56258,1,EA,1,100,1.530373
1755196169.258204,1562111.500,56277,2,EA,1,100,1.529703
1755196169.324705,1562178.000,56277,2,EA,1,100,1.530373
1755196169.391205,1562244.500,56294,2,EA,1,100,1.530038
1755196169.457706,1562311.000,56294,2,EA,1,100,1.530373
1755196169.524706,1562378.000,56311,1,EA,1,100,1.530373
1755196169.591207,1562444.500,56325,2,EA,1,100,1.530373
1755196169.657707,1562511.000,56325,2,EA,1,100,1.530373
1755196169.724708,1562578.000,56342,1,EA,1,100,1.530038
1755196169.791208,1562644.500,56359,2,EA,1,100,1.530038
1755196169.857709,1562711.000,56359,2,EA,1,100,1.531386
1755196169.924709,1562778.000,56376,1,EA,1,100,1.531721
1755196169.991210,1562844.500,56390,2,EA,1,100,1.531721
1755196170.057710,1562911.000,56390,2,EA,1,100,1.531721
1755196170.124711,1562978.000,56408,1,EA,1,100,1.532057
1755196170.191211,1563044.500,56424,2,EA,1,100,1.532057
1755196170.257711,1563111.000,56424,2,EA,1,100,1.531386
1755196170.324712,1563178.000,56441,1,EA,1,100,1.531386
1755196170.391212,1563244.500,56456,2,EA,1,100,1.531721
1755196170.457713,1563311.000,56456,2,EA,1,100,1.530373
1755196170.524713,1563378.000,56473,1,EA,1,100,1.530373
1755196170.591214,1563444.500,56489,2,EA,1,100,1.530712
1755196170.657714,1563511.000,56489,2,EA,1,100,1.531047
1755196170.724715,1563578.000,56506,1,EA,1,100,1.531721
1755196170.791215,1563644.500,56521,2,EA,1,100,1.531721
1755196170.857716,1563711.000,56521,2,EA,1,100,1.532732
1755196170.924716,1563778.000,56538,1,EA,1,100,1.532396
1755196170.991217,1563844.500,56554,2,EA,1,100,1.530712
1755196171.057717,1563911.000,56554,2,EA,1,100,1.529031
1755196171.124718,1563978.000,56572,1,EA,1,100,1.531047
1755196171.191218,1564044.500,56587,2,EA,1,100,1.531721
1755196171.257719,1564111.000,56587,2,EA,1,100,1.532396
1755196171.324719,1564178.000,56603,1,EA,1,100,1.532057
1755196171.391220,1564244.500,56620,2,EA,1,100,1.532396
1755196171.457720,1564311.000,56620,2,EA,1,100,1.532396
1755196171.524220,1564377.500,56639,2,EA,1,100,1.533408
1755196171.590721,1564444.000,56639,2,EA,1,100,1.533408
1755196171.657721,1564511.000,56655,1,EA,1,100,1.533408
1755196171.724222,1564577.500,56671,2,EA,1,100,1.533745
1755196171.790722,1564644.000,56671,2,EA,1,100,1.532396
1755196171.857723,1564711.000,56687,1,EA,1,100,1.533408
1755196171.924223,1564777.500,56704,2,EA,1,100,1.534085
1755196171.990724,1564844.000,56704,2,EA,1,100,1.533072
1755196172.057724,1564911.000,56720,1,EA,1,100,1.534085
1755196172.124225,1564977.500,56736,2,EA,1,100,1.534085
1755196172.190725,1565044.000,56736,2,EA,1,100,1.534085
1755196172.257726,1565111.000,56754,1,EA,1,100,1.535099
1755196172.324226,1565177.500,56771,2,EA,1,100,1.535776
1755196172.390727,1565244.000,56771,2,EA,1,100,1.536114
1755196172.457727,1565311.000,56788,1,EA,1,100,1.535776
1755196172.524228,1565377.500,56803,2,EA,1,100,1.535776
1755196172.590728,1565444.000,56803,2,EA,1,100,1.535099
1755196172.657729,1565511.000,56819,1,EA,1,100,1.535776
1755196172.724229,1565577.500,56837,2,EA,1,100,1.535436
1755196172.790729,1565644.000,56837,2,EA,1,100,1.535776
1755196172.857730,1565711.000,56853,1,EA,1,100,1.536793
1755196172.924230,1565777.500,56868,2,EA,1,100,1.537810
1755196172.990731,1565844.000,56868,2,EA,1,100,1.536114
1755196173.057731,1565911.000,56884,1,EA,1,100,1.536455
1755196173.124232,1565977.500,56902,2,EA,1,100,1.536793
1755196173.190732,1566044.000,56902,2,EA,1,100,1.536455
1755196173.257733,1566111.000,56918,1,EA,1,100,1.537131
1755196173.324233,1566177.500,56934,2,EA,1,100,1.536455
1755196173.390734,1566244.000,56934,2,EA,1,100,1.536455
1755196173.457234,1566310.500,56950,2,EA,1,100,1.537131
1755196173.523735,1566377.000,56950,2,EA,1,100,1.537472
1755196173.590735,1566444.000,56967,1,EA,1,100,1.537472
1755196173.657236,1566510.500,56983,2,EA,1,100,1.537472
1755196173.723736,1566577.000,56983,2,EA,1,100,1.537131
1755196173.790737,1566644.000,57001,1,EA,1,100,1.537472
1755196173.857237,1566710.500,57017,2,EA,1,100,1.538152
1755196173.923738,1566777.000,57017,2,EA,1,100,1.537810
1755196173.990738,1566844.000,57034,1,EA,1,100,1.538152
1755196174.057238,1566910.500,57051,2,EA,1,100,1.538491
1755196174.123739,1566977.000,57051,2,EA,1,100,1.538152
1755196174.190739,1567044.000,57073,2,EA,1,100,1.538830
1755196174.257740,1567111.000,57073,2,EA,1,100,1.538830
1755196174.324240,1567177.500,57089,2,EA,1,100,1.538830
1755196174.390741,1567244.000,57089,2,EA,1,100,1.539511
1755196174.457741,1567311.000,57107,1,EA,1,100,1.538830
1755196174.524242,1567377.500,57121,2,EA,1,100,1.539511
1755196174.590742,1567444.000,57121,2,EA,1,100,1.539172
1755196174.657743,1567511.000,57138,1,EA,1,100,1.539511
1755196174.724243,1567577.500,57155,2,EA,1,100,1.539853
1755196174.790744,1567644.000,57155,2,EA,1,100,1.539511
1755196174.857744,1567711.000,57172,1,EA,1,100,1.539172
1755196174.924245,1567777.500,57186,2,EA,1,100,1.539853
1755196174.990745,1567844.000,57186,2,EA,1,100,1.539172
1755196175.057746,1567911.000,57203,1,EA,1,100,1.539853
1755196175.124246,1567977.500,57220,2,EA,1,100,1.539511
1755196175.190747,1568044.000,57220,2,EA,1,100,1.539511
1755196175.257747,1568111.000,57237,1,EA,1,100,1.539511
1755196175.324248,1568177.500,57251,2,EA,1,100,1.539853
1755196175.390748,1568244.000,57251,2,EA,1,100,1.539511
1755196175.457748,1568311.000,57269,1,EA,1,100,1.539853
1755196175.524249,1568377.500,57285,2,EA,1,100,1.540192
1755196175.590749,1568444.000,57285,2,EA,1,100,1.539511
1755196175.657750,1568511.000,57302,1,EA,1,100,1.539511
1755196175.724250,1568577.500,57317,2,EA,1,100,1.540192
1755196175.790751,1568644.000,57317,2,EA,1,100,1.539172
1755196175.857751,1568711.000,57334,1,EA,1,100,1.539511
1755196175.924252,1568777.500,57350,2,EA,1,100,1.539853
1755196175.990752,1568844.000,57350,2,EA,1,100,1.541215
1755196176.057753,1568911.000,57367,1,EA,1,100,1.540875
1755196176.124253,1568977.500,57382,2,EA,1,100,1.541558
1755196176.190754,1569044.000,57382,2,EA,1,100,1.541558
1755196176.257754,1569111.000,57399,1,EA,1,100,1.541215
1755196176.324255,1569177.500,57415,2,EA,1,100,1.541215
1755196176.390755,1569244.000,57415,2,EA,1,100,1.541898
1755196176.457756,1569311.000,57433,1,EA,1,100,1.542582
1755196176.524256,1569377.500,57449,2,EA,1,100,1.542238
1755196176.590757,1569444.000,57449,2,EA,1,100,1.541898
1755196176.657257,1569510.500,57464,2,EA,1,100,1.543266
1755196176.723757,1569577.000,57464,2,EA,1,100,1.542922
1755196176.790758,1569644.000,57481,1,EA,1,100,1.542582
1755196176.857258,1569710.500,57498,2,EA,1,100,1.542582
1755196176.923759,1569777.000,57498,2,EA,1,100,1.543266
1755196176.990759,1569844.000,57514,1,EA,1,100,1.543266
1755196177.057260,1569910.500,57532,2,EA,1,100,1.543607
1755196177.123760,1569977.000,57532,2,EA,1,100,1.543607
1755196177.190761,1570044.000,57548,1,EA,1,100,1.544634
1755196177.257261,1570110.500,57565,2,EA,1,100,1.544979
1755196177.323762,1570177.000,57565,2,EA,1,100,1.545320
1755196177.390762,1570244.000,57581,1,EA,1,100,1.545662
1755196177.457263,1570310.500,57597,2,EA,1,100,1.545320
1755196177.523763,1570377.000,57597,2,EA,1,100,1.544979
1755196177.590764,1570444.000,57613,1,EA,1,100,1.544979
1755196177.657264,1570510.500,57632,2,EA,1,100,1.544979
1755196177.723765,1570577.000,57632,2,EA,1,100,1.545662
1755196177.790765,1570644.000,57649,1,EA,1,100,1.545662
1755196177.857266,1570710.500,57664,2,EA,1,100,1.546007
1755196177.923766,1570777.000,57664,2,EA,1,100,1.545662
1755196177.990766,1570844.000,57680,1,EA,1,100,1.546349
1755196178.057267,1570910.500,57698,2,EA,1,100,1.545662
1755196178.123767,1570977.000,57698,2,EA,1,100,1.546349
1755196178.190768,1571044.000,57714,1,EA,1,100,1.547037
1755196178.257268,1571110.500,57729,2,EA,1,100,1.547726
1755196178.323769,1571177.000,57729,2,EA,1,100,1.546695
1755196178.390769,1571244.000,57745,1,EA,1,100,1.547037
1755196178.457270,1571310.500,57763,2,EA,1,100,1.546007
1755196178.523770,1571377.000,57763,2,EA,1,100,1.546007
1755196178.590771,1571444.000,57779,1,EA,1,100,1.546695
1755196178.657271,1571510.500,57795,2,EA,1,100,1.547037
1755196178.723772,1571577.000,57795,2,EA,1,100,1.546349
1755196178.790772,1571644.000,57811,1,EA,1,100,1.546695
1755196178.857273,1571710.500,57830,2,EA,1,100,1.546695
1755196178.923773,1571777.000,57830,2,EA,1,100,1.547037
1755196178.990774,1571844.000,57846,1,EA,1,100,1.547037
1755196179.057274,1571910.500,57863,2,EA,1,100,1.546695
1755196179.123775,1571977.000,57863,2,EA,1,100,1.547379
1755196179.190275,1572043.500,57878,2,EA,1,100,1.547726
1755196179.256775,1572110.000,57878,2,EA,1,100,1.547379
1755196179.323276,1572176.500,57900,2,EA,1,100,1.547037
1755196179.389776,1572243.000,57900,2,EA,1,100,1.546695
1755196179.456777,1572310.000,57917,1,EA,1,100,1.547379
1755196179.523777,1572377.000,57934,2,EA,1,100,1.547726
1755196179.590778,1572444.000,57934,2,EA,1,100,1.546695
1755196179.656778,1572510.000,57950,1,EA,1,100,1.547037
1755196179.723279,1572576.500,57966,2,EA,1,100,1.547726
1755196179.789779,1572643.000,57966,2,EA,1,100,1.547379
1755196179.856780,1572710.000,57982,1,EA,1,100,1.547726
1755196179.923280,1572776.500,57999,2,EA,1,100,1.547379
1755196179.989781,1572843.000,57999,2,EA,1,100,1.547726
1755196180.056781,1572910.000,58015,1,EA,1,100,1.547379
1755196180.123282,1572976.500,58032,2,EA,1,100,1.547379
1755196180.189782,1573043.000,58032,2,EA,1,100,1.548068
1755196180.256783,1573110.000,58047,1,EA,1,100,1.547726
1755196180.323283,1573176.500,58064,2,EA,1,100,1.547726
1755196180.389784,1573243.000,58064,2,EA,1,100,1.548415
1755196180.456784,1573310.000,58081,1,EA,1,100,1.548068
1755196180.523284,1573376.500,58097,2,EA,1,100,1.548415
1755196180.589785,1573443.000,58097,2,EA,1,100,1.548068
1755196180.656785,1573510.000,58112,2,EA,1,100,1.548068
1755196180.723786,1573577.000,58112,2,EA,1,100,1.548068
1755196180.789786,1573643.000,58130,1,EA,1,100,1.548068
1755196180.856787,1573710.000,58146,2,EA,1,100,1.548415
1755196180.923787,1573777.000,58146,2,EA,1,100,1.549101
1755196180.989788,1573843.000,58163,1,EA,1,100,1.549101
1755196181.056788,1573910.000,58178,2,EA,1,100,1.549101
1755196181.123789,1573977.000,58178,2,EA,1,100,1.548415
1755196181.189789,1574043.000,58195,1,EA,1,100,1.548415
1755196181.256790,1574110.000,58211,2,EA,1,100,1.548758
1755196181.323790,1574177.000,58211,2,EA,1,100,1.548415
1755196181.389791,1574243.000,58228,1,EA,1,100,1.548068
1755196181.456791,1574310.000,58243,2,EA,1,100,1.548415
1755196181.523792,1574377.000,58243,2,EA,1,100,1.548758
1755196181.589792,1574443.000,58260,1,EA,1,100,1.550138
1755196181.656793,1574510.000,58276,2,EA,1,100,1.549448
1755196181.723793,1574577.000,58276,2,EA,1,100,1.549791
1755196181.789793,1574643.000,58294,1,EA,1,100,1.549791
1755196181.856794,1574710.000,58310,2,EA,1,100,1.549791
1755196181.923794,1574777.000,58310,2,EA,1,100,1.550138
1755196181.989795,1574843.000,58327,1,EA,1,100,1.550826
1755196182.056795,1574910.000,58344,2,EA,1,100,1.549791
1755196182.123796,1574977.000,58344,2,EA,1,100,1.549791
1755196182.189796,1575043.000,58361,1,EA,1,100,1.550826
1755196182.256797,1575110.000,58376,2,EA,1,100,1.550482
1755196182.323797,1575177.000,58376,2,EA,1,100,1.550482
1755196182.389798,1575243.000,58392,1,EA,1,100,1.550482
1755196182.456798,1575310.000,58409,2,EA,1,100,1.550138
1755196182.523799,1575377.000,58409,2,EA,1,100,1.550482
1755196182.589799,1575443.000,58426,1,EA,1,100,1.550482
1755196182.656300,1575509.500,58441,2,EA,1,100,1.550826
1755196182.722800,1575576.000,58441,2,EA,1,100,1.550138
1755196182.789801,1575643.000,58460,2,EA,1,100,1.551174
1755196182.856801,1575710.000,58460,2,EA,1,100,1.550826
1755196182.922802,1575776.000,58476,1,EA,1,100,1.551174
1755196182.989802,1575843.000,58493,2,EA,1,100,1.551866
1755196183.056802,1575910.000,58493,2,EA,1,100,1.551518
1755196183.122803,1575976.000,58510,1,EA,1,100,1.551174
1755196183.189803,1576043.000,58525,2,EA,1,100,1.551866
1755196183.256804,1576110.000,58525,2,EA,1,100,1.551866
1755196183.322804,1576176.000,58541,1,EA,1,100,1.551866
1755196183.389805,1576243.000,58559,2,EA,1,100,1.551518
1755196183.456805,1576310.000,58559,2,EA,1,100,1.551518
1755196183.522806,1576376.000,58575,1,EA,1,100,1.551866
1755196183.589806,1576443.000,58590,2,EA,1,100,1.551866
1755196183.656807,1576510.000,58590,2,EA,1,100,1.552211
1755196183.722807,1576576.000,58606,1,EA,1,100,1.552555
1755196183.789808,1576643.000,58626,2,EA,1,100,1.552904
1755196183.856808,1576710.000,58626,2,EA,1,100,1.553249
1755196183.922809,1576776.000,58642,1,EA,1,100,1.553597
1755196183.989809,1576843.000,58657,2,EA,1,100,1.553249
1755196184.056810,1576910.000,58657,2,EA,1,100,1.553249
1755196184.122810,1576976.000,58674,1,EA,1,100,1.553597
1755196184.189811,1577043.000,58691,2,EA,1,100,1.553943
1755196184.256811,1577110.000,58691,2,EA,1,100,1.553943
1755196184.322811,1577176.000,58707,1,EA,1,100,1.553597
1755196184.389479,1577242.667,58728,3,EA,1,100,1.554288
1755196184.456146,1577309.333,58728,3,EA,1,100,1.554288
1755196184.522813,1577376.000,58728,3,EA,1,100,1.554983
1755196184.589813,1577443.000,58744,1,EA,1,100,1.554983
1755196184.656314,1577509.500,58759,2,EA,1,100,1.554288
1755196184.722814,1577576.000,58759,2,EA,1,100,1.554637
1755196184.789815,1577643.000,58776,1,EA,1,100,1.554983
1755196184.856315,1577709.500,58793,2,EA,1,100,1.554983
1755196184.922816,1577776.000,58793,2,EA,1,100,1.555333
1755196184.989816,1577843.000,58809,1,EA,1,100,1.555333
1755196185.056317,1577909.500,58825,2,EA,1,100,1.555333
1755196185.122817,1577976.000,58825,2,EA,1,100,1.555333
1755196185.189818,1578043.000,58841,1,EA,1,100,1.555679
1755196185.256318,1578109.500,58858,2,EA,1,100,1.554983
1755196185.322819,1578176.000,58858,2,EA,1,100,1.554983
1755196185.389819,1578243.000,58874,1,EA,1,100,1.556025
1755196185.456320,1578309.500,58890,2,EA,1,100,1.556025
1755196185.522820,1578376.000,58890,2,EA,1,100,1.556375
1755196185.589820,1578443.000,58906,1,EA,1,100,1.557072
1755196185.656321,1578509.500,58925,2,EA,1,100,1.557766
1755196185.722821,1578576.000,58925,2,EA,1,100,1.557072
1755196185.789822,1578643.000,58942,1,EA,1,100,1.557419
1755196185.856322,1578709.500,58958,2,EA,1,100,1.557766
1755196185.922823,1578776.000,58958,2,EA,1,100,1.557072
1755196185.989823,1578843.000,58973,1,EA,1,100,1.557766
1755196186.056324,1578909.500,58991,2,EA,1,100,1.558464
1755196186.122824,1578976.000,58991,2,EA,1,100,1.557766
1755196186.189325,1579042.500,59007,2,EA,1,100,1.558117
1755196186.255825,1579109.000,59007,2,EA,1,100,1.558815
1755196186.322826,1579176.000,59024,1,EA,1,100,1.558117
1755196186.389326,1579242.500,59039,2,EA,1,100,1.558815
1755196186.455827,1579309.000,59039,2,EA,1,100,1.559163
1755196186.522827,1579376.000,59056,1,EA,1,100,1.559163
1755196186.589328,1579442.500,59072,2,EA,1,100,1.559862
1755196186.655828,1579509.000,59072,2,EA,1,100,1.560562
1755196186.722829,1579576.000,59089,1,EA,1,100,1.560562
1755196186.789329,1579642.500,59106,2,EA,1,100,1.560562
1755196186.855829,1579709.000,59106,2,EA,1,100,1.561259
1755196186.922830,1579776.000,59123,1,EA,1,100,1.561611
1755196186.989330,1579842.500,59139,2,EA,1,100,1.561259
1755196187.055831,1579909.000,59139,2,EA,1,100,1.560910
1755196187.122831,1579976.000,59157,1,EA,1,100,1.561611
1755196187.189332,1580042.500,59171,2,EA,1,100,1.561611
1755196187.255832,1580109.000,59171,2,EA,1,100,1.561259
1755196187.322833,1580176.000,59188,1,EA,1,100,1.561611
1755196187.389333,1580242.500,59205,2,EA,1,100,1.561259
1755196187.455834,1580309.000,59205,2,EA,1,100,1.562313
1755196187.522834,1580376.000,59224,1,EA,1,100,1.561611
1755196187.589335,1580442.500,59239,2,EA,1,100,1.561960
1755196187.655835,1580509.000,59239,2,EA,1,100,1.561611
1755196187.722836,1580576.000,59255,1,EA,1,100,1.562313
1755196187.789336,1580642.500,59272,2,EA,1,100,1.562662
1755196187.855837,1580709.000,59272,2,EA,1,100,1.562313
1755196187.922837,1580776.000,59289,2,EA,1,100,1.563012
1755196187.989838,1580843.000,59289,2,EA,1,100,1.562313
1755196188.055838,1580909.000,59305,1,EA,1,100,1.561960
1755196188.122838,1580976.000,59321,2,EA,1,100,1.561960
1755196188.189839,1581043.000,59321,2,EA,1,100,1.561960
1755196188.255839,1581109.000,59337,1,EA,1,100,1.563012
1755196188.322840,1581176.000,59356,2,EA,1,100,1.562662
1755196188.389840,1581243.000,59356,2,EA,1,100,1.562662
1755196188.455841,1581309.000,59373,1,EA,1,100,1.562662
1755196188.522841,1581376.000,59388,2,EA,1,100,1.563012
1755196188.589842,1581443.000,59388,2,EA,1,100,1.561960
1755196188.655842,1581509.000,59404,1,EA,1,100,1.562313
1755196188.722843,1581576.000,59422,2,EA,1,100,1.563012
1755196188.789843,1581643.000,59422,2,EA,1,100,1.562313
1755196188.855844,1581709.000,59440,1,EA,1,100,1.562313
1755196188.922844,1581776.000,59455,2,EA,1,100,1.562662
1755196188.989845,1581843.000,59455,2,EA,1,100,1.561611
1755196189.055845,1581909.000,59471,1,EA,1,100,1.561259
1755196189.122846,1581976.000,59489,2,EA,1,100,1.561259
1755196189.189846,1582043.000,59489,2,EA,1,100,1.561611
1755196189.255847,1582109.000,59505,1,EA,1,100,1.561611
1755196189.322347,1582175.500,59520,2,EA,1,100,1.560910
1755196189.388847,1582242.000,59520,2,EA,1,100,1.560910
1755196189.455848,1582309.000,59537,1,EA,1,100,1.561259
1755196189.522348,1582375.500,59561,2,EA,1,100,1.561259
1755196189.588849,1582442.000,59561,2,EA,1,100,1.560910
1755196189.655849,1582509.000,59577,2,EA,1,100,1.561259
1755196189.722850,1582576.000,59577,2,EA,1,100,1.561960
1755196189.788850,1582642.000,59595,1,EA,1,100,1.561960
1755196189.855851,1582709.000,59610,2,EA,1,100,1.562313
1755196189.922851,1582776.000,59610,2,EA,1,100,1.561611
1755196189.989852,1582843.000,59626,1,EA,1,100,1.561960
1755196190.056352,1582909.500,59643,2,EA,1,100,1.562662
1755196190.122853,1582976.000,59643,2,EA,1,100,1.563012
1755196190.189353,1583042.500,59660,2,EA,1,100,1.563365
1755196190.255854,1583109.000,59660,2,EA,1,100,1.564068
1755196190.322854,1583176.000,59676,1,EA,1,100,1.563714
1755196190.389355,1583242.500,59692,2,EA,1,100,1.563714
1755196190.455855,1583309.000,59692,2,EA,1,100,1.563714
1755196190.522856,1583376.000,59708,1,EA,1,100,1.564068
1755196190.589356,1583442.500,59725,2,EA,1,100,1.564068
1755196190.655856,1583509.000,59725,2,EA,1,100,1.563365
1755196190.722857,1583576.000,59743,1,EA,1,100,1.563365
1755196190.789357,1583642.500,59759,2,EA,1,100,1.563714
1755196190.855858,1583709.000,59759,2,EA,1,100,1.563012
1755196190.922858,1583776.000,59775,1,EA,1,100,1.563365
1755196190.989359,1583842.500,59792,2,EA,1,100,1.564068
1755196191.055859,1583909.000,59792,2,EA,1,100,1.563365
1755196191.122860,1583976.000,59809,1,EA,1,100,1.563714
1755196191.189360,1584042.500,59824,2,EA,1,100,1.563714
1755196191.255861,1584109.000,59824,2,EA,1,100,1.564068
1755196191.322861,1584176.000,59840,1,EA,1,100,1.564068
1755196191.389362,1584242.500,59858,2,EA,1,100,1.564068
1755196191.455862,1584309.000,59858,2,EA,1,100,1.564068
1755196191.522863,1584376.000,59876,1,EA,1,100,1.564418
1755196191.589363,1584442.500,59891,2,EA,1,100,1.564768
1755196191.655864,1584509.000,59891,2,EA,1,100,1.564418
1755196191.722864,1584576.000,59907,1,EA,1,100,1.565122
1755196191.789365,1584642.500,59925,2,EA,1,100,1.565826
1755196191.855865,1584709.000,59925,2,EA,1,100,1.566177
1755196191.922866,1584776.000,59941,1,EA,1,100,1.566528
1755196191.989366,1584842.500,59957,2,EA,1,100,1.566883
1755196192.055866,1584909.000,59957,2,EA,1,100,1.565826
1755196192.122867,1584976.000,59973,1,EA,1,100,1.566528
1755196192.189367,1585042.500,59990,2,EA,1,100,1.566177
1755196192.255868,1585109.000,59990,2,EA,1,100,1.566528
1755196192.322368,1585175.500,60006,2,EA,1,100,1.566177
1755196192.388869,1585242.000,60006,2,EA,1,100,1.567589
1755196192.455869,1585309.000,60026,1,EA,1,100,1.566883
1755196192.522370,1585375.500,60040,2,EA,1,100,1.566528
1755196192.588870,1585442.000,60040,2,EA,1,100,1.566177
1755196192.655871,1585509.000,60057,1,EA,1,100,1.566177
1755196192.722371,1585575.500,60074,2,EA,1,100,1.565826
1755196192.788872,1585642.000,60074,2,EA,1,100,1.566177
1755196192.855872,1585709.000,60091,1,EA,1,100,1.567234
1755196192.922373,1585775.500,60105,2,EA,1,100,1.567589
1755196192.988873,1585842.000,60105,2,EA,1,100,1.568293
1755196193.055874,1585909.000,60122,1,EA,1,100,1.568648
1755196193.122374,1585975.500,60139,2,EA,1,100,1.567941
1755196193.188875,1586042.000,60139,2,EA,1,100,1.567941
1755196193.255875,1586109.000,60156,1,EA,1,100,1.568293
1755196193.322375,1586175.500,60170,2,EA,1,100,1.569000
1755196193.388876,1586242.000,60170,2,EA,1,100,1.567941
1755196193.455876,1586309.000,60188,1,EA,1,100,1.568293
1755196193.522377,1586375.500,60204,2,EA,1,100,1.568648
1755196193.588877,1586442.000,60204,2,EA,1,100,1.569356
1755196193.655878,1586509.000,60221,1,EA,1,100,1.569000
1755196193.722378,1586575.500,60236,2,EA,1,100,1.569356
1755196193.788879,1586642.000,60236,2,EA,1,100,1.569000
1755196193.855879,1586709.000,60255,1,EA,1,100,1.569708
1755196193.922380,1586775.500,60271,2,EA,1,100,1.569708
1755196193.988880,1586842.000,60271,2,EA,1,100,1.570417
1755196194.055881,1586909.000,60288,1,EA,1,100,1.569356
1755196194.122381,1586975.500,60304,2,EA,1,100,1.569708
1755196194.188882,1587042.000,60304,2,EA,1,100,1.569708
1755196194.255882,1587109.000,60320,1,EA,1,100,1.570417
1755196194.322383,1587175.500,60336,2,EA,1,100,1.569708
1755196194.388883,1587242.000,60336,2,EA,1,100,1.571127
1755196194.455884,1587309.000,60354,1,EA,1,100,1.570417
1755196194.522384,1587375.500,60369,2,EA,1,100,1.569708
1755196194.588884,1587442.000,60369,2,EA,1,100,1.570061
1755196194.655385,1587508.500,60390,2,EA,1,100,1.570770
1755196194.721885,1587575.000,60390,2,EA,1,100,1.571127
1755196194.788886,1587642.000,60407,2,EA,1,100,1.571127
1755196194.855886,1587709.000,60407,2,EA,1,100,1.571127
1755196194.921887,1587775.000,60424,1,EA,1,100,1.571127
1755196194.988887,1587842.000,60440,2,EA,1,100,1.571127
1755196195.055888,1587909.000,60440,2,EA,1,100,1.571127
1755196195.121888,1587975.000,60458,1,EA,1,100,1.571480
1755196195.188889,1588042.000,60474,2,EA,1,100,1.571127
1755196195.255889,1588109.000,60474,2,EA,1,100,1.571127
1755196195.321890,1588175.000,60491,1,EA,1,100,1.572190
1755196195.388890,1588242.000,60508,2,EA,1,100,1.571127
1755196195.455891,1588309.000,60508,2,EA,1,100,1.571833
1755196195.521891,1588375.000,60525,1,EA,1,100,1.571833
1755196195.588892,1588442.000,60540,2,EA,1,100,1.572544
1755196195.655892,1588509.000,60540,2,EA,1,100,1.572901
1755196195.721893,1588575.000,60556,1,EA,1,100,1.572544
1755196195.788893,1588642.000,60573,2,EA,1,100,1.572901
1755196195.855893,1588709.000,60573,2,EA,1,100,1.572544
1755196195.921894,1588775.000,60590,1,EA,1,100,1.572544
1755196195.988394,1588841.500,60605,2,EA,1,100,1.573609
1755196196.054895,1588908.000,60605,2,EA,1,100,1.572901
1755196196.121895,1588975.000,60622,2,EA,1,100,1.574322
1755196196.188896,1589042.000,60622,2,EA,1,100,1.573255
1755196196.254896,1589108.000,60640,1,EA,1,100,1.573967
1755196196.321897,1589175.000,60657,2,EA,1,100,1.574322
1755196196.388897,1589242.000,60657,2,EA,1,100,1.574322
1755196196.454898,1589308.000,60674,1,EA,1,100,1.573967
1755196196.521898,1589375.000,60689,2,EA,1,100,1.575390
1755196196.588899,1589442.000,60689,2,EA,1,100,1.574680
1755196196.654899,1589508.000,60705,1,EA,1,100,1.574322
1755196196.721900,1589575.000,60723,2,EA,1,100,1.574680
1755196196.788900,1589642.000,60723,2,EA,1,100,1.575035
1755196196.854901,1589708.000,60739,1,EA,1,100,1.574322
1755196196.921901,1589775.000,60754,2,EA,1,100,1.575035
1755196196.988902,1589842.000,60754,2,EA,1,100,1.574680
1755196197.054902,1589908.000,60770,1,EA,1,100,1.575035
1755196197.121902,1589975.000,60790,2,EA,1,100,1.575748
1755196197.188903,1590042.000,60790,2,EA,1,100,1.575035
1755196197.254903,1590108.000,60806,1,EA,1,100,1.575035
1755196197.321904,1590175.000,60821,2,EA,1,100,1.575390
1755196197.388904,1590242.000,60821,2,EA,1,100,1.574680
1755196197.454905,1590308.000,60838,1,EA,1,100,1.575035
1755196197.521905,1590375.000,60855,2,EA,1,100,1.574680
1755196197.588906,1590442.000,60855,2,EA,1,100,1.575390
1755196197.654906,1590508.000,60871,1,EA,1,100,1.576104
1755196197.721907,1590575.000,60887,2,EA,1,100,1.576104
1755196197.788907,1590642.000,60887,2,EA,1,100,1.575035
1755196197.854908,1590708.000,60903,1,EA,1,100,1.575390
1755196197.921908,1590775.000,60922,2,EA,1,100,1.575390
1755196197.988909,1590842.000,60922,2,EA,1,100,1.576463
1755196198.054909,1590908.000,60938,1,EA,1,100,1.575748
1755196198.121910,1590975.000,60955,2,EA,1,100,1.576104
1755196198.188910,1591042.000,60955,2,EA,1,100,1.575390
1755196198.254911,1591108.000,60970,1,EA,1,100,1.576104
1755196198.321911,1591175.000,60987,2,EA,1,100,1.575390
1755196198.388911,1591242.000,60987,2,EA,1,100,1.575390
1755196198.454912,1591308.000,61004,1,EA,1,100,1.576104
1755196198.521912,1591375.000,61020,2,EA,1,100,1.576104
1755196198.588913,1591442.000,61020,2,EA,1,100,1.576104
1755196198.655413,1591508.500,61035,2,EA,1,100,1.575748
1755196198.721914,1591575.000,61035,2,EA,1,100,1.576463
1755196198.788914,1591642.000,61055,1,EA,1,100,1.575390
1755196198.855415,1591708.500,61073,2,EA,1,100,1.575390
1755196198.921915,1591775.000,61073,2,EA,1,100,1.575748
1755196198.988916,1591842.000,61090,1,EA,1,100,1.576104
1755196199.055416,1591908.500,61105,2,EA,1,100,1.576818
1755196199.121917,1591975.000,61105,2,EA,1,100,1.576104
1755196199.188917,1592042.000,61122,1,EA,1,100,1.576104
1755196199.255418,1592108.500,61138,2,EA,1,100,1.575390
1755196199.321918,1592175.000,61138,2,EA,1,100,1.575390
1755196199.387919,1592241.000,61157,1,EA,1,100,1.576463
1755196199.454919,1592308.000,61172,2,EA,1,100,1.576463
1755196199.521920,1592375.000,61172,2,EA,1,100,1.575390
1755196199.587920,1592441.000,61189,1,EA,1,100,1.576104
1755196199.654920,1592508.000,61205,2,EA,1,100,1.575748
1755196199.721921,1592575.000,61205,2,EA,1,100,1.575748
1755196199.788421,1592641.500,61228,2,EA,1,100,1.576104
1755196199.854922,1592708.000,61228,2,EA,1,100,1.575748
1755196199.921422,1592774.500,61244,2,EA,1,100,1.576463
1755196199.987923,1592841.000,61244,2,EA,1,100,1.575748
1755196200.054923,1592908.000,61261,1,EA,1,100,1.575390
1755196200.121424,1592974.500,61277,2,EA,1,100,1.575390
1755196200.187924,1593041.000,61277,2,EA,1,100,1.575748
1755196200.254925,1593108.000,61295,2,EA,1,100,1.575390
1755196200.321925,1593175.000,61295,2,EA,1,100,1.575390
1755196200.387926,1593241.000,61311,1,EA,1,100,1.576463
1755196200.454926,1593308.000,61329,2,EA,1,100,1.576104
1755196200.521927,1593375.000,61329,2,EA,1,100,1.575748
1755196200.587927,1593441.000,61345,1,EA,1,100,1.576463
1755196200.654928,1593508.000,61360,2,EA,1,100,1.576818
1755196200.721928,1593575.000,61360,2,EA,1,100,1.577174
1755196200.787929,1593641.000,61377,1,EA,1,100,1.576818
1755196200.854929,1593708.000,61394,2,EA,1,100,1.577890
1755196200.921929,1593775.000,61394,2,EA,1,100,1.577890
1755196200.987930,1593841.000,61410,1,EA,1,100,1.577890
1755196201.054930,1593908.000,61426,2,EA,1,100,1.577534
1755196201.121931,1593975.000,61426,2,EA,1,100,1.577174
1755196201.187931,1594041.000,61442,1,EA,1,100,1.577174
1755196201.254932,1594108.000,61459,2,EA,1,100,1.577174
1755196201.321932,1594175.000,61459,2,EA,1,100,1.577174
1755196201.387933,1594241.000,61475,1,EA,1,100,1.577890
1755196201.454933,1594308.000,61491,2,EA,1,100,1.577534
1755196201.521934,1594375.000,61491,2,EA,1,100,1.577174
1755196201.587934,1594441.000,61509,1,EA,1,100,1.577890
1755196201.654935,1594508.000,61526,2,EA,1,100,1.577174
1755196201.721935,1594575.000,61526,2,EA,1,100,1.578249
1755196201.787936,1594641.000,61543,1,EA,1,100,1.577890
1755196201.854936,1594708.000,61558,2,EA,1,100,1.577174
1755196201.921937,1594775.000,61558,2,EA,1,100,1.577890
1755196201.987937,1594841.000,61574,1,EA,1,100,1.577890
1755196202.054938,1594908.000,61592,2,EA,1,100,1.577174
1755196202.121938,1594975.000,61592,2,EA,1,100,1.577174
1755196202.187938,1595041.000,61608,1,EA,1,100,1.577174
1755196202.254939,1595108.000,61624,2,EA,1,100,1.577534
1755196202.321939,1595175.000,61624,2,EA,1,100,1.577890
1755196202.387940,1595241.000,61641,1,EA,1,100,1.579323
1755196202.454940,1595308.000,61659,2,EA,1,100,1.580040
1755196202.521941,1595375.000,61659,2,EA,1,100,1.579680
1755196202.587941,1595441.000,61675,1,EA,1,100,1.579680
1755196202.654442,1595507.500,61691,2,EA,1,100,1.580398
1755196202.720942,1595574.000,61691,2,EA,1,100,1.580398
1755196202.787943,1595641.000,61707,2,EA,1,100,1.579680
1755196202.854943,1595708.000,61707,2,EA,1,100,1.579323
1755196202.920944,1595774.000,61724,1,EA,1,100,1.580398
1755196202.987944,1595841.000,61740,2,EA,1,100,1.580755
1755196203.054945,1595908.000,61740,2,EA,1,100,1.580040
1755196203.121945,1595975.000,61760,1,EA,1,100,1.580040
1755196203.188446,1596041.500,61774,2,EA,1,100,1.580398
1755196203.254946,1596108.000,61774,2,EA,1,100,1.579680
1755196203.320947,1596174.000,61791,1,EA,1,100,1.580398
1755196203.387947,1596241.000,61808,2,EA,1,100,1.580755
1755196203.454947,1596308.000,61808,2,EA,1,100,1.580755
1755196203.520948,1596374.000,61825,1,EA,1,100,1.581474
1755196203.587948,1596441.000,61839,2,EA,1,100,1.580755
1755196203.654949,1596508.000,61839,2,EA,1,100,1.580755
1755196203.720949,1596574.000,61856,1,EA,1,100,1.581116
1755196203.787950,1596641.000,61875,2,EA,1,100,1.580755
1755196203.854950,1596708.000,61875,2,EA,1,100,1.580398
1755196203.920951,1596774.000,61894,1,EA,1,100,1.581116
1755196203.987951,1596841.000,61908,2,EA,1,100,1.581116
1755196204.054952,1596908.000,61908,2,EA,1,100,1.581835
1755196204.120952,1596974.000,61926,1,EA,1,100,1.582193
1755196204.187953,1597041.000,61942,2,EA,1,100,1.582552
1755196204.254953,1597108.000,61942,2,EA,1,100,1.582552
1755196204.320954,1597174.000,61959,1,EA,1,100,1.582552
1755196204.387954,1597241.000,61975,2,EA,1,100,1.581835
1755196204.454955,1597308.000,61975,2,EA,1,100,1.582552
1755196204.520955,1597374.000,61991,1,EA,1,100,1.583272
1755196204.587956,1597441.000,62007,2,EA,1,100,1.582552
1755196204.654956,1597508.000,62007,2,EA,1,100,1.582552
1755196204.720956,1597574.000,62024,1,EA,1,100,1.583272
1755196204.787957,1597641.000,62042,2,EA,1,100,1.582914
1755196204.854957,1597708.000,62042,2,EA,1,100,1.582552
1755196204.921458,1597774.500,62063,2,EA,1,100,1.582914
1755196204.987958,1597841.000,62063,2,EA,1,100,1.582193
1755196205.054459,1597907.500,62080,2,EA,1,100,1.582193
1755196205.120959,1597974.000,62080,2,EA,1,100,1.582193
1755196205.187960,1598041.000,62096,1,EA,1,100,1.582914
1755196205.254460,1598107.500,62112,2,EA,1,100,1.582552
1755196205.320961,1598174.000,62112,2,EA,1,100,1.583993
1755196205.387961,1598241.000,62129,1,EA,1,100,1.583993
1755196205.454462,1598307.500,62145,2,EA,1,100,1.583634
1755196205.520962,1598374.000,62145,2,EA,1,100,1.583634
1755196205.587963,1598441.000,62161,2,EA,1,100,1.583993
1755196205.654963,1598508.000,62161,2,EA,1,100,1.583634
1755196205.720964,1598574.000,62177,1,EA,1,100,1.583993
1755196205.787964,1598641.000,62195,2,EA,1,100,1.583634
1755196205.854965,1598708.000,62195,2,EA,1,100,1.584352
1755196205.920965,1598774.000,62211,1,EA,1,100,1.584715
1755196205.987965,1598841.000,62228,2,EA,1,100,1.583634
1755196206.054966,1598908.000,62228,2,EA,1,100,1.583993
1755196206.120966,1598974.000,62245,1,EA,1,100,1.583993
1755196206.187967,1599041.000,62262,2,EA,1,100,1.583993
1755196206.254967,1599108.000,62262,2,EA,1,100,1.585437
1755196206.320968,1599174.000,62278,1,EA,1,100,1.586157
1755196206.387968,1599241.000,62294,2,EA,1,100,1.586520
1755196206.454969,1599308.000,62294,2,EA,1,100,1.585797
1755196206.520969,1599374.000,62310,1,EA,1,100,1.586520
1755196206.587970,1599441.000,62327,2,EA,1,100,1.586520
1755196206.654970,1599508.000,62327,2,EA,1,100,1.586520
1755196206.720971,1599574.000,62343,1,EA,1,100,1.585797
1755196206.787471,1599640.500,62359,2,EA,1,100,1.587245
1755196206.853972,1599707.000,62359,2,EA,1,100,1.586881
1755196206.920972,1599774.000,62375,1,EA,1,100,1.586881
1755196206.987473,1599840.500,62392,2,EA,1,100,1.587245
1755196207.053973,1599907.000,62392,2,EA,1,100,1.586520
1755196207.120974,1599974.000,62409,1,EA,1,100,1.586881
1755196207.187474,1600040.500,62424,2,EA,1,100,1.587245
1755196207.253974,1600107.000,62424,2,EA,1,100,1.586157
1755196207.320975,1600174.000,62440,1,EA,1,100,1.586881
1755196207.387475,1600240.500,62458,2,EA,1,100,1.587245
1755196207.453976,1600307.000,62458,2,EA,1,100,1.586881
1755196207.520976,1600374.000,62474,1,EA,1,100,1.587245
1755196207.587477,1600440.500,62490,2,EA,1,100,1.587966
1755196207.653977,1600507.000,62490,2,EA,1,100,1.586881
1755196207.720978,1600574.000,62508,2,EA,1,100,1.588330
1755196207.787978,1600641.000,62508,2,EA,1,100,1.587966
1755196207.853979,1600707.000,62525,1,EA,1,100,1.587966
1755196207.920979,1600774.000,62541,2,EA,1,100,1.588330
1755196207.987980,1600841.000,62541,2,EA,1,100,1.588330
1755196208.053980,1600907.000,62558,1,EA,1,100,1.588330
1755196208.120981,1600974.000,62573,2,EA,1,100,1.588691
1755196208.187981,1601041.000,62573,2,EA,1,100,1.587605
1755196208.253982,1601107.000,62590,1,EA,1,100,1.587245
1755196208.320982,1601174.000,62606,2,EA,1,100,1.587245
1755196208.387983,1601241.000,62606,2,EA,1,100,1.587966
1755196208.453983,1601307.000,62624,1,EA,1,100,1.587605
1755196208.520984,1601374.000,62638,2,EA,1,100,1.587966
1755196208.587984,1601441.000,62638,2,EA,1,100,1.587605
1755196208.653984,1601507.000,62657,1,EA,1,100,1.588691
1755196208.720985,1601574.000,62674,2,EA,1,100,1.588691
1755196208.787985,1601641.000,62674,2,EA,1,100,1.589056
1755196208.853986,1601707.000,62693,1,EA,1,100,1.589056
1755196208.920986,1601774.000,62707,2,EA,1,100,1.589417
1755196208.987987,1601841.000,62707,2,EA,1,100,1.589056
1755196209.053987,1601907.000,62724,1,EA,1,100,1.589417
1755196209.120988,1601974.000,62741,2,EA,1,100,1.589417
1755196209.187988,1602041.000,62741,2,EA,1,100,1.589779
1755196209.253989,1602107.000,62758,1,EA,1,100,1.588691
1755196209.320489,1602173.500,62772,2,EA,1,100,1.589056
1755196209.386990,1602240.000,62772,2,EA,1,100,1.588691
1755196209.453990,1602307.000,62790,1,EA,1,100,1.589056
1755196209.520491,1602373.500,62808,2,EA,1,100,1.589779
1755196209.586991,1602440.000,62808,2,EA,1,100,1.589417
1755196209.653992,1602507.000,62825,1,EA,1,100,1.589417
1755196209.720492,1602573.500,62841,2,EA,1,100,1.589779
1755196209.786993,1602640.000,62841,2,EA,1,100,1.590144
1755196209.853993,1602707.000,62857,2,EA,1,100,1.590506
1755196209.920993,1602774.000,62857,2,EA,1,100,1.589779
1755196209.986994,1602840.000,62873,1,EA,1,100,1.589056
1755196210.053994,1602907.000,62896,2,EA,1,100,1.589779
1755196210.120995,1602974.000,62896,2,EA,1,100,1.589779
1755196210.187495,1603040.500,62912,2,EA,1,100,1.590871
1755196210.253996,1603107.000,62912,2,EA,1,100,1.590506
1755196210.320996,1603174.000,62929,1,EA,1,100,1.590871
1755196210.387497,1603240.500,62946,2,EA,1,100,1.591596
1755196210.453997,1603307.000,62946,2,EA,1,100,1.591962
1755196210.520998,1603374.000,62963,1,EA,1,100,1.591234
1755196210.587498,1603440.500,62979,2,EA,1,100,1.590144
1755196210.653999,1603507.000,62979,2,EA,1,100,1.590144
1755196210.720999,1603574.000,62996,1,EA,1,100,1.590144
1755196210.787500,1603640.500,63012,2,EA,1,100,1.590871
1755196210.854000,1603707.000,63012,2,EA,1,100,1.590144
1755196210.921001,1603774.000,63028,1,EA,1,100,1.590506
1755196210.987501,1603840.500,63044,2,EA,1,100,1.590144
1755196211.054002,1603907.000,63044,2,EA,1,100,1.590506
1755196211.120502,1603973.500,63062,2,EA,1,100,1.590144
1755196211.187002,1604040.000,63062,2,EA,1,100,1.590871
1755196211.254003,1604107.000,63080,1,EA,1,100,1.590506
1755196211.320503,1604173.500,63095,2,EA,1,100,1.590506
1755196211.387004,1604240.000,63095,2,EA,1,100,1.589779
1755196211.454004,1604307.000,63112,1,EA,1,100,1.590506
1755196211.520505,1604373.500,63129,2,EA,1,100,1.590506
1755196211.587005,1604440.000,63129,2,EA,1,100,1.590144
1755196211.654006,1604507.000,63145,1,EA,1,100,1.590871
1755196211.720506,1604573.500,63161,2,EA,1,100,1.591596
1755196211.787007,1604640.000,63161,2,EA,1,100,1.590871
1755196211.854007,1604707.000,63177,1,EA,1,100,1.591234
1755196211.920508,1604773.500,63194,2,EA,1,100,1.589779
1755196211.987008,1604840.000,63194,2,EA,1,100,1.590871
1755196212.054009,1604907.000,63210,1,EA,1,100,1.591234
1755196212.120509,1604973.500,63226,2,EA,1,100,1.592324
1755196212.187010,1605040.000,63226,2,EA,1,100,1.591596
1755196212.254010,1605107.000,63242,1,EA,1,100,1.592324
1755196212.320511,1605173.500,63259,2,EA,1,100,1.591962
1755196212.387011,1605240.000,63259,2,EA,1,100,1.591962
1755196212.454011,1605307.000,63276,1,EA,1,100,1.591962
1755196212.520512,1605373.500,63293,2,EA,1,100,1.591962
1755196212.587012,1605440.000,63293,2,EA,1,100,1.591596
1755196212.654013,1605507.000,63309,1,EA,1,100,1.591596
1755196212.720513,1605573.500,63327,2,EA,1,100,1.591962
1755196212.787014,1605640.000,63327,2,EA,1,100,1.592324
1755196212.854014,1605707.000,63343,1,EA,1,100,1.592691
1755196212.920515,1605773.500,63359,2,EA,1,100,1.592691
1755196212.987015,1605840.000,63359,2,EA,1,100,1.591962
1755196213.054016,1605907.000,63374,1,EA,1,100,1.592324
1755196213.120516,1605973.500,63392,2,EA,1,100,1.593417
1755196213.187017,1606040.000,63392,2,EA,1,100,1.593417
1755196213.254017,1606107.000,63408,1,EA,1,100,1.593784
1755196213.320518,1606173.500,63426,2,EA,1,100,1.593417
1755196213.387018,1606240.000,63426,2,EA,1,100,1.593054
1755196213.453519,1606306.500,63442,2,EA,1,100,1.593417
1755196213.520019,1606373.000,63442,2,EA,1,100,1.593054
1755196213.587020,1606440.000,63459,1,EA,1,100,1.594148
1755196213.653520,1606506.500,63475,2,EA,1,100,1.593417
1755196213.720020,1606573.000,63475,2,EA,1,100,1.593054
1755196213.787021,1606640.000,63493,1,EA,1,100,1.593417
1755196213.853521,1606706.500,63509,2,EA,1,100,1.593417
1755196213.920022,1606773.000,63509,2,EA,1,100,1.593054
1755196213.987022,1606840.000,63526,1,EA,1,100,1.593417
1755196214.053523,1606906.500,63543,2,EA,1,100,1.593784
1755196214.120023,1606973.000,63543,2,EA,1,100,1.593417
1755196214.187024,1607040.000,63560,1,EA,1,100,1.594148
1755196214.253524,1607106.500,63576,2,EA,1,100,1.594148
1755196214.320025,1607173.000,63576,2,EA,1,100,1.594515
1755196214.387025,1607240.000,63593,1,EA,1,100,1.594515
1755196214.453526,1607306.500,63610,2,EA,1,100,1.594515
1755196214.520026,1607373.000,63610,2,EA,1,100,1.594148
1755196214.587027,1607440.000,63627,1,EA,1,100,1.593784
1755196214.653527,1607506.500,63641,2,EA,1,100,1.594515
1755196214.720028,1607573.000,63641,2,EA,1,100,1.594515
1755196214.787028,1607640.000,63659,1,EA,1,100,1.594879
1755196214.853529,1607706.500,63675,2,EA,1,100,1.594515
1755196214.920029,1607773.000,63675,2,EA,1,100,1.594879
1755196214.987029,1607840.000,63692,1,EA,1,100,1.594515
1755196215.053530,1607906.500,63707,2,EA,1,100,1.594515
1755196215.120030,1607973.000,63707,2,EA,1,100,1.595975
1755196215.187031,1608040.000,63731,2,EA,1,100,1.595975
1755196215.254031,1608107.000,63731,2,EA,1,100,1.596343
1755196215.320532,1608173.500,63747,2,EA,1,100,1.597806
1755196215.387032,1608240.000,63747,2,EA,1,100,1.597806
1755196215.454033,1608307.000,63765,1,EA,1,100,1.598175
1755196215.520533,1608373.500,63781,2,EA,1,100,1.598906
1755196215.587034,1608440.000,63781,2,EA,1,100,1.598906
1755196215.654034,1608507.000,63798,1,EA,1,100,1.598540
1755196215.720535,1608573.500,63813,2,EA,1,100,1.598906
1755196215.787035,1608640.000,63813,2,EA,1,100,1.598175
1755196215.854036,1608707.000,63830,1,EA,1,100,1.598540
1755196215.920536,1608773.500,63846,2,EA,1,100,1.597441
1755196215.987037,1608840.000,63846,2,EA,1,100,1.598175
1755196216.054037,1608907.000,63863,1,EA,1,100,1.598175
1755196216.120538,1608973.500,63878,2,EA,1,100,1.598906
1755196216.187038,1609040.000,63878,2,EA,1,100,1.598175
1755196216.254038,1609107.000,63895,1,EA,1,100,1.598540
1755196216.320539,1609173.500,63911,2,EA,1,100,1.598906
1755196216.387039,1609240.000,63911,2,EA,1,100,1.598906
1755196216.454040,1609307.000,63929,1,EA,1,100,1.598906
1755196216.520540,1609373.500,63945,2,EA,1,100,1.599275
1755196216.587041,1609440.000,63945,2,EA,1,100,1.598540
1755196216.654041,1609507.000,63962,1,EA,1,100,1.599642
1755196216.720542,1609573.500,63979,2,EA,1,100,1.599642
1755196216.787042,1609640.000,63979,2,EA,1,100,1.598906
1755196216.854043,1609707.000,63996,1,EA,1,100,1.598906
1755196216.920543,1609773.500,64011,2,EA,1,100,1.598540
1755196216.987044,1609840.000,64011,2,EA,1,100,1.598906
1755196217.053044,1609906.000,64027,1,EA,1,100,1.599275
1755196217.120045,1609973.000,64044,2,EA,1,100,1.598906
1755196217.187045,1610040.000,64044,2,EA,1,100,1.599275
1755196217.253546,1610106.500,64061,2,EA,1,100,1.599275
1755196217.320046,1610173.000,64061,2,EA,1,100,1.600378
1755196217.387047,1610240.000,64079,1,EA,1,100,1.600378
1755196217.453547,1610306.500,64095,2,EA,1,100,1.600011
1755196217.520047,1610373.000,64095,2,EA,1,100,1.600378
1755196217.587048,1610440.000,64111,1,EA,1,100,1.600011
1755196217.653548,1610506.500,64128,2,EA,1,100,1.601481
1755196217.720049,1610573.000,64128,2,EA,1,100,1.600744
1755196217.787049,1610640.000,64145,1,EA,1,100,1.601114
1755196217.853550,1610706.500,64160,2,EA,1,100,1.602219
1755196217.920050,1610773.000,64160,2,EA,1,100,1.601114
1755196217.987051,1610840.000,64176,1,EA,1,100,1.601481
1755196218.053551,1610906.500,64196,2,EA,1,100,1.601481
1755196218.120052,1610973.000,64196,2,EA,1,100,1.602219
1755196218.187052,1611040.000,64212,1,EA,1,100,1.602219
1755196218.253553,1611106.500,64227,2,EA,1,100,1.602586
1755196218.320053,1611173.000,64227,2,EA,1,100,1.603325
1755196218.387054,1611240.000,64243,1,EA,1,100,1.602586
1755196218.453554,1611306.500,64261,2,EA,1,100,1.601114
1755196218.520055,1611373.000,64261,2,EA,1,100,1.598540
1755196218.587055,1611440.000,64277,1,EA,1,100,1.597806
1755196218.653556,1611506.500,64292,2,EA,1,100,1.600378
1755196218.720056,1611573.000,64292,2,EA,1,100,1.604433
1755196218.787056,1611640.000,64309,1,EA,1,100,1.608512
1755196218.853557,1611706.500,64330,2,EA,1,100,1.612237
1755196218.920057,1611773.000,64330,2,EA,1,100,1.608512
1755196218.987058,1611840.000,64346,1,EA,1,100,1.602586
1755196219.053558,1611906.500,64363,2,EA,1,100,1.601114
1755196219.120059,1611973.000,64363,2,EA,1,100,1.601114
1755196219.187059,1612040.000,64378,1,EA,1,100,1.601114
1755196219.253560,1612106.500,64395,2,EA,1,100,1.602957
1755196219.320060,1612173.000,64395,2,EA,1,100,1.602219
1755196219.387061,1612240.000,64411,1,EA,1,100,1.602586
1755196219.453561,1612306.500,64428,2,EA,1,100,1.600744
1755196219.520062,1612373.000,64428,2,EA,1,100,1.601852
1755196219.586562,1612439.500,64443,2,EA,1,100,1.607026
1755196219.653063,1612506.000,64443,2,EA,1,100,1.606284
1755196219.720063,1612573.000,64460,1,EA,1,100,1.602586
1755196219.786564,1612639.500,64479,2,EA,1,100,1.604065
1755196219.853064,1612706.000,64479,2,EA,1,100,1.604805
1755196219.920065,1612773.000,64496,1,EA,1,100,1.604433
1755196219.986565,1612839.500,64510,2,EA,1,100,1.603697
1755196220.053065,1612906.000,64510,2,EA,1,100,1.602957
1755196220.120066,1612973.000,64528,1,EA,1,100,1.605546
1755196220.186566,1613039.500,64544,2,EA,1,100,1.606284
1755196220.253067,1613106.000,64544,2,EA,1,100,1.606284
1755196220.319567,1613172.500,64564,2,EA,1,100,1.604805
1755196220.386068,1613239.000,64564,2,EA,1,100,1.603697
1755196220.453068,1613306.000,64583,1,EA,1,100,1.605173
1755196220.519569,1613372.500,64598,2,EA,1,100,1.605173
1755196220.586069,1613439.000,64598,2,EA,1,100,1.605173
1755196220.653070,1613506.000,64614,1,EA,1,100,1.606284
1755196220.719570,1613572.500,64632,2,EA,1,100,1.605546
1755196220.786071,1613639.000,64632,2,EA,1,100,1.605546
1755196220.853071,1613706.000,64648,1,EA,1,100,1.605915
1755196220.919572,1613772.500,64664,2,EA,1,100,1.606284
1755196220.986072,1613839.000,64664,2,EA,1,100,1.606657
1755196221.053073,1613906.000,64680,2,EA,1,100,1.606657
1755196221.120073,1613973.000,64680,2,EA,1,100,1.605173
1755196221.186074,1614039.000,64697,1,EA,1,100,1.605546
1755196221.253074,1614106.000,64713,2,EA,1,100,1.606284
1755196221.320074,1614173.000,64713,2,EA,1,100,1.605915
1755196221.386075,1614239.000,64730,1,EA,1,100,1.606284
1755196221.453075,1614306.000,64745,2,EA,1,100,1.605546
1755196221.520076,1614373.000,64745,2,EA,1,100,1.605173
1755196221.586076,1614439.000,64764,1,EA,1,100,1.605173
1755196221.653077,1614506.000,64780,2,EA,1,100,1.605546
1755196221.720077,1614573.000,64780,2,EA,1,100,1.605173
1755196221.786078,1614639.000,64798,1,EA,1,100,1.605915
1755196221.853078,1614706.000,64812,2,EA,1,100,1.605915
1755196221.920079,1614773.000,64812,2,EA,1,100,1.605915
1755196221.986079,1614839.000,64829,1,EA,1,100,1.606284
1755196222.053080,1614906.000,64846,2,EA,1,100,1.605546
1755196222.120080,1614973.000,64846,2,EA,1,100,1.605546
1755196222.186081,1615039.000,64863,1,EA,1,100,1.605546
1755196222.253081,1615106.000,64877,2,EA,1,100,1.605546
1755196222.320082,1615173.000,64877,2,EA,1,100,1.605173
1755196222.386082,1615239.000,64894,1,EA,1,100,1.605915
1755196222.453083,1615306.000,64911,2,EA,1,100,1.605546
1755196222.520083,1615373.000,64911,2,EA,1,100,1.605546
1755196222.586083,1615439.000,64928,1,EA,1,100,1.605173
1755196222.652584,1615505.500,64944,2,EA,1,100,1.605915
1755196222.719084,1615572.000,64944,2,EA,1,100,1.606284
1755196222.786085,1615639.000,64962,1,EA,1,100,1.605546
1755196222.852585,1615705.500,64978,2,EA,1,100,1.604805
1755196222.919086,1615772.000,64978,2,EA,1,100,1.605546
1755196222.986086,1615839.000,64995,1,EA,1,100,1.605173
1755196223.052587,1615905.500,65011,2,EA,1,100,1.606284
1755196223.119087,1615972.000,65011,2,EA,1,100,1.606657
1755196223.186088,1616039.000,65027,1,EA,1,100,1.606657
1755196223.252588,1616105.500,65043,2,EA,1,100,1.605546
1755196223.319089,1616172.000,65043,2,EA,1,100,1.606284
1755196223.386089,1616239.000,65061,2,EA,1,100,1.605546
1755196223.453090,1616306.000,65061,2,EA,1,100,1.605915
1755196223.519090,1616372.000,65077,1,EA,1,100,1.605546
1755196223.586091,1616439.000,65092,2,EA,1,100,1.605546
1755196223.653091,1616506.000,65092,2,EA,1,100,1.605173
1755196223.719092,1616572.000,65110,1,EA,1,100,1.606284
1755196223.786092,1616639.000,65130,2,EA,1,100,1.605546
1755196223.853093,1616706.000,65130,2,EA,1,100,1.605173
1755196223.919093,1616772.000,65146,1,EA,1,100,1.605173
1755196223.986093,1616839.000,65161,2,EA,1,100,1.607769
1755196224.053094,1616906.000,65161,2,EA,1,100,1.609257
1755196224.119094,1616972.000,65178,1,EA,1,100,1.611490
1755196224.186095,1617039.000,65195,2,EA,1,100,1.613357
1755196224.253095,1617106.000,65195,2,EA,1,100,1.614106
1755196224.319096,1617172.000,65211,1,EA,1,100,1.614106
1755196224.386096,1617239.000,65227,2,EA,1,100,1.614106
1755196224.453097,1617306.000,65227,2,EA,1,100,1.612237
1755196224.519097,1617372.000,65245,1,EA,1,100,1.611490
1755196224.586098,1617439.000,65262,2,EA,1,100,1.611862
1755196224.653098,1617506.000,65262,2,EA,1,100,1.610373
1755196224.719099,1617572.000,65278,1,EA,1,100,1.609257
1755196224.786099,1617639.000,65294,2,EA,1,100,1.608883
1755196224.853100,1617706.000,65294,2,EA,1,100,1.608883
1755196224.919100,1617772.000,65310,1,EA,1,100,1.609257
1755196224.986101,1617839.000,65327,2,EA,1,100,1.610373
1755196225.053101,1617906.000,65327,2,EA,1,100,1.609627
1755196225.119102,1617972.000,65344,1,EA,1,100,1.609257
1755196225.186102,1618039.000,65360,2,EA,1,100,1.609627
1755196225.253102,1618106.000,65360,2,EA,1,100,1.610744
1755196225.319103,1618172.000,65375,1,EA,1,100,1.611490
1755196225.385770,1618238.667,65402,3,EA,1,100,1.610373
1755196225.452437,1618305.333,65402,3,EA,1,100,1.610373
1755196225.519104,1618372.000,65402,3,EA,1,100,1.609998
1755196225.586105,1618439.000,65418,1,EA,1,100,1.608883
1755196225.652605,1618505.500,65435,2,EA,1,100,1.608139
1755196225.719106,1618572.000,65435,2,EA,1,100,1.608512
1755196225.786106,1618639.000,65452,1,EA,1,100,1.608139
1755196225.852607,1618705.500,65467,2,EA,1,100,1.607026
1755196225.919107,1618772.000,65467,2,EA,1,100,1.608512
1755196225.986108,1618839.000,65483,1,EA,1,100,1.609998
1755196226.052608,1618905.500,65501,2,EA,1,100,1.610373
1755196226.119109,1618972.000,65501,2,EA,1,100,1.611119
1755196226.186109,1619039.000,65517,1,EA,1,100,1.611119
1755196226.252610,1619105.500,65534,2,EA,1,100,1.612237
1755196226.319110,1619172.000,65534,2,EA,1,100,1.612237
1755196226.386111,1619239.000,14,1,EA,1,100,1.612609
1755196226.452611,1619305.500,32,2,EA,1,100,1.611490
1755196226.519111,1619372.000,32,2,EA,1,100,1.612609
1755196226.586112,1619439.000,48,1,EA,1,100,1.612609
1755196226.652612,1619505.500,64,2,EA,1,100,1.613357
1755196226.719113,1619572.000,64,2,EA,1,100,1.611862
1755196226.785613,1619638.500,80,2,EA,1,100,1.612237
1755196226.852114,1619705.000,80,2,EA,1,100,1.612237
1755196226.919114,1619772.000,97,1,EA,1,100,1.612985
1755196226.985615,1619838.500,113,2,EA,1,100,1.612609
1755196227.052115,1619905.000,113,2,EA,1,100,1.612985
1755196227.119116,1619972.000,131,1,EA,1,100,1.612237
1755196227.185616,1620038.500,147,2,EA,1,100,1.613357
1755196227.252117,1620105.000,147,2,EA,1,100,1.612985
1755196227.319117,1620172.000,164,1,EA,1,100,1.613357
1755196227.385618,1620238.500,181,2,EA,1,100,1.612985
1755196227.452118,1620305.000,181,2,EA,1,100,1.613357
1755196227.519119,1620372.000,198,1,EA,1,100,1.613357
1755196227.585619,1620438.500,212,2,EA,1,100,1.613730
1755196227.652120,1620505.000,212,2,EA,1,100,1.613357
1755196227.719120,1620572.000,229,1,EA,1,100,1.613730
1755196227.785620,1620638.500,246,2,EA,1,100,1.613730
1755196227.852121,1620705.000,246,2,EA,1,100,1.614106
1755196227.919121,1620772.000,263,1,EA,1,100,1.614479
1755196227.985622,1620838.500,277,2,EA,1,100,1.615229
1755196228.052122,1620905.000,277,2,EA,1,100,1.614479
1755196228.119123,1620972.000,295,1,EA,1,100,1.615229
1755196228.185623,1621038.500,311,2,EA,1,100,1.614856
1755196228.252124,1621105.000,311,2,EA,1,100,1.615229
1755196228.319124,1621172.000,330,1,EA,1,100,1.614479
1755196228.385625,1621238.500,345,2,EA,1,100,1.615979
1755196228.452125,1621305.000,345,2,EA,1,100,1.614856
1755196228.519126,1621372.000,362,1,EA,1,100,1.614856
1755196228.585626,1621438.500,378,2,EA,1,100,1.614479
1755196228.652127,1621505.000,378,2,EA,1,100,1.614856
1755196228.719127,1621572.000,395,1,EA,1,100,1.615602
1755196228.785628,1621638.500,413,2,EA,1,100,1.615979
1755196228.852128,1621705.000,413,2,EA,1,100,1.615602
1755196228.919129,1621772.000,429,1,EA,1,100,1.616353
1755196228.985629,1621838.500,445,2,EA,1,100,1.615602
1755196229.052129,1621905.000,445,2,EA,1,100,1.616353
1755196229.119130,1621972.000,463,2,EA,1,100,1.617104
1755196229.186130,1622039.000,463,2,EA,1,100,1.617479
1755196229.252131,1622105.000,479,1,EA,1,100,1.617104
1755196229.318631,1622171.500,494,2,EA,1,100,1.617104
1755196229.385132,1622238.000,494,2,EA,1,100,1.617104
1755196229.452132,1622305.000,511,1,EA,1,100,1.618231
1755196229.518633,1622371.500,528,2,EA,1,100,1.617479
1755196229.585133,1622438.000,528,2,EA,1,100,1.617479
1755196229.652134,1622505.000,546,1,EA,1,100,1.617104
1755196229.718634,1622571.500,562,2,EA,1,100,1.617479
1755196229.785135,1622638.000,562,2,EA,1,100,1.617857
1755196229.852135,1622705.000,578,1,EA,1,100,1.617479
1755196229.918636,1622771.500,595,2,EA,1,100,1.618231
1755196229.985136,1622838.000,595,2,EA,1,100,1.617857
1755196230.052137,1622905.000,611,1,EA,1,100,1.617857
1755196230.118637,1622971.500,627,2,EA,1,100,1.618231
1755196230.185138,1623038.000,627,2,EA,1,100,1.618610
1755196230.252138,1623105.000,643,1,EA,1,100,1.618231
1755196230.318638,1623171.500,660,2,EA,1,100,1.618610
1755196230.385139,1623238.000,660,2,EA,1,100,1.618610
1755196230.452139,1623305.000,677,1,EA,1,100,1.618985
1755196230.518640,1623371.500,697,2,EA,1,100,1.618610
1755196230.585140,1623438.000,697,2,EA,1,100,1.618985
1755196230.652141,1623505.000,715,1,EA,1,100,1.618985
1755196230.718641,1623571.500,733,2,EA,1,100,1.619739
1755196230.785142,1623638.000,733,2,EA,1,100,1.619360
1755196230.852142,1623705.000,749,1,EA,1,100,1.619360
1755196230.918643,1623771.500,765,2,EA,1,100,1.619360
1755196230.985143,1623838.000,765,2,EA,1,100,1.619360
1755196231.052144,1623905.000,780,1,EA,1,100,1.618985
1755196231.118644,1623971.500,798,2,EA,1,100,1.618985
1755196231.185145,1624038.000,798,2,EA,1,100,1.619739
1755196231.252145,1624105.000,814,2,EA,1,100,1.619739
1755196231.319146,1624172.000,814,2,EA,1,100,1.619360
1755196231.385146,1624238.000,831,1,EA,1,100,1.620114
1755196231.452147,1624305.000,848,2,EA,1,100,1.619739
1755196231.519147,1624372.000,848,2,EA,1,100,1.620493
1755196231.585147,1624438.000,865,1,EA,1,100,1.621245
1755196231.652148,1624505.000,881,2,EA,1,100,1.620114
1755196231.719148,1624572.000,881,2,EA,1,100,1.620114
1755196231.785149,1624638.000,899,1,EA,1,100,1.620114
1755196231.852149,1624705.000,913,2,EA,1,100,1.620114
1755196231.919150,1624772.000,913,2,EA,1,100,1.620114
1755196231.985150,1624838.000,930,1,EA,1,100,1.620114
1755196232.052151,1624905.000,947,2,EA,1,100,1.621245
1755196232.119151,1624972.000,947,2,EA,1,100,1.620869
1755196232.185152,1625038.000,964,1,EA,1,100,1.620493
1755196232.252152,1625105.000,980,2,EA,1,100,1.621245
1755196232.319153,1625172.000,980,2,EA,1,100,1.620869
1755196232.385153,1625238.000,997,1,EA,1,100,1.621245
1755196232.452154,1625305.000,1014,2,EA,1,100,1.621625
1755196232.519154,1625372.000,1014,2,EA,1,100,1.620869
1755196232.585155,1625438.000,1031,1,EA,1,100,1.621625
1755196232.651655,1625504.500,1045,2,EA,1,100,1.622001
1755196232.718156,1625571.000,1045,2,EA,1,100,1.621625
1755196232.785156,1625638.000,1063,1,EA,1,100,1.621625
1755196232.851656,1625704.500,1079,2,EA,1,100,1.621245
1755196232.918157,1625771.000,1079,2,EA,1,100,1.621625
1755196232.985157,1625838.000,1098,1,EA,1,100,1.621625
1755196233.052158,1625905.000,1114,2,EA,1,100,1.622001
1755196233.119158,1625972.000,1114,2,EA,1,100,1.622381
1755196233.185159,1626038.000,1130,1,EA,1,100,1.623135
1755196233.251659,1626104.500,1146,2,EA,1,100,1.622001
1755196233.318160,1626171.000,1146,2,EA,1,100,1.622381
1755196233.385160,1626238.000,1164,2,EA,1,100,1.622758
1755196233.452161,1626305.000,1164,2,EA,1,100,1.622381
1755196233.518161,1626371.000,1180,1,EA,1,100,1.622381
1755196233.585162,1626438.000,1195,2,EA,1,100,1.622001
1755196233.652162,1626505.000,1195,2,EA,1,100,1.622381
1755196233.718163,1626571.000,1211,1,EA,1,100,1.622381
1755196233.785163,1626638.000,1231,2,EA,1,100,1.622381
1755196233.852164,1626705.000,1231,2,EA,1,100,1.622758
1755196233.918164,1626771.000,1247,1,EA,1,100,1.622758
1755196233.985165,1626838.000,1262,2,EA,1,100,1.622758
1755196234.052165,1626905.000,1262,2,EA,1,100,1.622381
1755196234.118165,1626971.000,1279,1,EA,1,100,1.622758
1755196234.185166,1627038.000,1296,2,EA,1,100,1.622381
1755196234.252166,1627105.000,1296,2,EA,1,100,1.622758
1755196234.318167,1627171.000,1312,1,EA,1,100,1.622758
1755196234.385167,1627238.000,1328,2,EA,1,100,1.623893
1755196234.452168,1627305.000,1328,2,EA,1,100,1.623516
1755196234.518168,1627371.000,1344,1,EA,1,100,1.623893
1755196234.585169,1627438.000,1361,2,EA,1,100,1.624274
1755196234.652169,1627505.000,1361,2,EA,1,100,1.625029
1755196234.718170,1627571.000,1377,1,EA,1,100,1.624274
1755196234.785170,1627638.000,1393,2,EA,1,100,1.624274
1755196234.852171,1627705.000,1393,2,EA,1,100,1.624651
1755196234.918171,1627771.000,1409,1,EA,1,100,1.624651
1755196234.985172,1627838.000,1426,2,EA,1,100,1.626171
1755196235.052172,1627905.000,1426,2,EA,1,100,1.626171
1755196235.118173,1627971.000,1443,1,EA,1,100,1.625789
1755196235.185173,1628038.000,1459,2,EA,1,100,1.626171
1755196235.252174,1628105.000,1459,2,EA,1,100,1.626928
1755196235.318674,1628171.500,1474,2,EA,1,100,1.627689
1755196235.385174,1628238.000,1474,2,EA,1,100,1.627689
1755196235.452175,1628305.000,1492,1,EA,1,100,1.627310
1755196235.518675,1628371.500,1508,2,EA,1,100,1.626549
1755196235.585176,1628438.000,1508,2,EA,1,100,1.626171
1755196235.652176,1628505.000,1530,1,EA,1,100,1.625789
1755196235.718677,1628571.500,1545,2,EA,1,100,1.625789
1755196235.785177,1628638.000,1545,2,EA,1,100,1.625789
1755196235.852178,1628705.000,1564,1,EA,1,100,1.626928
1755196235.918678,1628771.500,1580,2,EA,1,100,1.627310
1755196235.985179,1628838.000,1580,2,EA,1,100,1.626549
1755196236.052179,1628905.000,1597,1,EA,1,100,1.627310
1755196236.118680,1628971.500,1612,2,EA,1,100,1.627310
1755196236.185180,1629038.000,1612,2,EA,1,100,1.626928
1755196236.251181,1629104.000,1629,1,EA,1,100,1.627689
1755196236.318181,1629171.000,1645,2,EA,1,100,1.628072
1755196236.385182,1629238.000,1645,2,EA,1,100,1.627689
1755196236.452182,1629305.000,1663,1,EA,1,100,1.627310
1755196236.518683,1629371.500,1677,2,EA,1,100,1.627689
1755196236.585183,1629438.000,1677,2,EA,1,100,1.627689
1755196236.652184,1629505.000,1694,1,EA,1,100,1.628072
1755196236.718684,1629571.500,1711,2,EA,1,100,1.628451
1755196236.785184,1629638.000,1711,2,EA,1,100,1.627689
1755196236.852185,1629705.000,1728,1,EA,1,100,1.627310
1755196236.918685,1629771.500,1742,2,EA,1,100,1.628072
1755196236.985186,1629838.000,1742,2,EA,1,100,1.628072
1755196237.052186,1629905.000,1759,1,EA,1,100,1.627689
1755196237.118687,1629971.500,1776,2,EA,1,100,1.627689
1755196237.185187,1630038.000,1776,2,EA,1,100,1.627689
1755196237.252188,1630105.000,1793,1,EA,1,100,1.628451
1755196237.318688,1630171.500,1807,2,EA,1,100,1.628831
1755196237.385189,1630238.000,1807,2,EA,1,100,1.628831
1755196237.452189,1630305.000,1825,1,EA,1,100,1.628831
1755196237.518690,1630371.500,1841,2,EA,1,100,1.628831
1755196237.585190,1630438.000,1841,2,EA,1,100,1.629214
1755196237.651191,1630504.000,1858,1,EA,1,100,1.629214
1755196237.718191,1630571.000,1874,2,EA,1,100,1.628831
1755196237.785192,1630638.000,1874,2,EA,1,100,1.628831
1755196237.851692,1630704.500,1890,2,EA,1,100,1.630738
1755196237.918193,1630771.000,1890,2,EA,1,100,1.629214
1755196237.985193,1630838.000,1908,1,EA,1,100,1.629214
1755196238.051693,1630904.500,1926,2,EA,1,100,1.628831
1755196238.118194,1630971.000,1926,2,EA,1,100,1.628072
1755196238.185194,1631038.000,1942,1,EA,1,100,1.628831
1755196238.251695,1631104.500,1957,2,EA,1,100,1.629978
1755196238.318195,1631171.000,1957,2,EA,1,100,1.629594
1755196238.385196,1631238.000,1973,1,EA,1,100,1.629214
1755196238.451696,1631304.500,1991,2,EA,1,100,1.628831
1755196238.518197,1631371.000,1991,2,EA,1,100,1.628831
1755196238.585197,1631438.000,2007,1,EA,1,100,1.629214
1755196238.651698,1631504.500,2024,2,EA,1,100,1.629214
1755196238.718198,1631571.000,2024,2,EA,1,100,1.628831
1755196238.785199,1631638.000,2041,1,EA,1,100,1.629214
1755196238.851699,1631704.500,2060,2,EA,1,100,1.629214
1755196238.918200,1631771.000,2060,2,EA,1,100,1.629214
1755196238.985200,1631838.000,2076,1,EA,1,100,1.629214
1755196239.051701,1631904.500,2092,2,EA,1,100,1.629594
1755196239.118201,1631971.000,2092,2,EA,1,100,1.628831
1755196239.185202,1632038.000,2108,1,EA,1,100,1.629594
1755196239.251702,1632104.500,2125,2,EA,1,100,1.629214
1755196239.318202,1632171.000,2125,2,EA,1,100,1.629594
1755196239.385203,1632238.000,2143,1,EA,1,100,1.629594
1755196239.451703,1632304.500,2159,2,EA,1,100,1.629594
1755196239.518204,1632371.000,2159,2,EA,1,100,1.630358
1755196239.584204,1632437.000,2175,1,EA,1,100,1.629594
1755196239.651205,1632504.000,2192,2,EA,1,100,1.630358
1755196239.718205,1632571.000,2192,2,EA,1,100,1.630358
1755196239.785206,1632638.000,2209,1,EA,1,100,1.630358
1755196239.851706,1632704.500,2225,2,EA,1,100,1.629594
1755196239.918207,1632771.000,2225,2,EA,1,100,1.629214
1755196239.985207,1632838.000,2240,1,EA,1,100,1.631123
1755196240.051708,1632904.500,2258,2,EA,1,100,1.629978
1755196240.118208,1632971.000,2258,2,EA,1,100,1.629594
1755196240.184209,1633037.000,2274,1,EA,1,100,1.630358
1755196240.251209,1633104.000,2290,2,EA,1,100,1.630358
1755196240.318210,1633171.000,2290,2,EA,1,100,1.629594
1755196240.384710,1633237.500,2306,2,EA,1,100,1.630738
1755196240.451211,1633304.000,2306,2,EA,1,100,1.629978
1755196240.518211,1633371.000,2323,1,EA,1,100,1.629978
1755196240.584711,1633437.500,2339,2,EA,1,100,1.629594
1755196240.651212,1633504.000,2339,2,EA,1,100,1.630358
1755196240.718212,1633571.000,2356,1,EA,1,100,1.630738
1755196240.784713,1633637.500,2376,2,EA,1,100,1.629978
1755196240.851213,1633704.000,2376,2,EA,1,100,1.630358
1755196240.918214,1633771.000,2393,1,EA,1,100,1.630738
1755196240.984714,1633837.500,2409,2,EA,1,100,1.630358
1755196241.051215,1633904.000,2409,2,EA,1,100,1.630358
1755196241.118215,1633971.000,2427,1,EA,1,100,1.630738
1755196241.184716,1634037.500,2441,2,EA,1,100,1.630358
1755196241.251216,1634104.000,2441,2,EA,1,100,1.631123
1755196241.318217,1634171.000,2458,1,EA,1,100,1.631503
1755196241.384717,1634237.500,2477,2,EA,1,100,1.631503
1755196241.451218,1634304.000,2477,2,EA,1,100,1.632269
1755196241.518218,1634371.000,2494,1,EA,1,100,1.631888
1755196241.584719,1634437.500,2508,2,EA,1,100,1.631503
1755196241.651219,1634504.000,2508,2,EA,1,100,1.631123
1755196241.718220,1634571.000,2525,1,EA,1,100,1.631888
1755196241.784720,1634637.500,2542,2,EA,1,100,1.631888
1755196241.851220,1634704.000,2542,2,EA,1,100,1.632269
1755196241.918221,1634771.000,2559,1,EA,1,100,1.631888
1755196241.984721,1634837.500,2573,2,EA,1,100,1.631888
1755196242.051222,1634904.000,2573,2,EA,1,100,1.632269
1755196242.118222,1634971.000,2591,1,EA,1,100,1.633417
1755196242.184723,1635037.500,2607,2,EA,1,100,1.632650
1755196242.251223,1635104.000,2607,2,EA,1,100,1.632269
1755196242.318224,1635171.000,2624,1,EA,1,100,1.632650
1755196242.384724,1635237.500,2640,2,EA,1,100,1.632650
1755196242.451225,1635304.000,2640,2,EA,1,100,1.633036
1755196242.518225,1635371.000,2656,1,EA,1,100,1.633803
1755196242.584726,1635437.500,2672,2,EA,1,100,1.634185
1755196242.651226,1635504.000,2672,2,EA,1,100,1.633803
1755196242.717727,1635570.500,2690,2,EA,1,100,1.633803
1755196242.784227,1635637.000,2690,2,EA,1,100,1.633417
1755196242.851228,1635704.000,2706,1,EA,1,100,1.632650
1755196242.917728,1635770.500,2721,2,EA,1,100,1.632269
1755196242.984229,1635837.000,2721,2,EA,1,100,1.633417
1755196243.051229,1635904.000,2737,1,EA,1,100,1.633803
1755196243.117729,1635970.500,2755,2,EA,1,100,1.634185
1755196243.184230,1636037.000,2755,2,EA,1,100,1.633803
1755196243.251230,1636104.000,2771,1,EA,1,100,1.634185
1755196243.317731,1636170.500,2786,2,EA,1,100,1.634185
1755196243.384231,1636237.000,2786,2,EA,1,100,1.633803
1755196243.451232,1636304.000,2803,1,EA,1,100,1.634953
1755196243.517732,1636370.500,2820,2,EA,1,100,1.634567
1755196243.584233,1636437.000,2820,2,EA,1,100,1.634953
1755196243.651233,1636504.000,2838,1,EA,1,100,1.634567
1755196243.717734,1636570.500,2854,2,EA,1,100,1.635722
1755196243.784234,1636637.000,2854,2,EA,1,100,1.635722
1755196243.851235,1636704.000,2872,1,EA,1,100,1.634953
1755196243.917735,1636770.500,2889,2,EA,1,100,1.636105
1755196243.984236,1636837.000,2889,2,EA,1,100,1.636105
1755196244.051236,1636904.000,2905,1,EA,1,100,1.636105
1755196244.117737,1636970.500,2921,2,EA,1,100,1.636105
1755196244.184237,1637037.000,2921,2,EA,1,100,1.635722
1755196244.251238,1637104.000,2937,1,EA,1,100,1.636488
1755196244.317738,1637170.500,2954,2,EA,1,100,1.636875
1755196244.384238,1637237.000,2954,2,EA,1,100,1.636875
1755196244.451239,1637304.000,2973,1,EA,1,100,1.636875
1755196244.517739,1637370.500,2989,2,EA,1,100,1.637258
1755196244.584240,1637437.000,2989,2,EA,1,100,1.637646
1755196244.651240,1637504.000,3004,1,EA,1,100,1.636875
1755196244.717741,1637570.500,3022,2,EA,1,100,1.636488
1755196244.784241,1637637.000,3022,2,EA,1,100,1.636105
1755196244.851242,1637704.000,3038,1,EA,1,100,1.635722
1755196244.917742,1637770.500,3054,2,EA,1,100,1.636488
1755196244.984243,1637837.000,3054,2,EA,1,100,1.636105
1755196245.050743,1637903.500,3070,2,EA,1,100,1.636488
1755196245.117244,1637970.000,3070,2,EA,1,100,1.636105
1755196245.184244,1638037.000,3089,1,EA,1,100,1.636488
1755196245.250745,1638103.500,3105,2,EA,1,100,1.637258
1755196245.317245,1638170.000,3105,2,EA,1,100,1.637258
1755196245.384246,1638237.000,3122,1,EA,1,100,1.636875
1755196245.450746,1638303.500,3137,2,EA,1,100,1.637258
1755196245.517247,1638370.000,3137,2,EA,1,100,1.636488
1755196245.584247,1638437.000,3154,1,EA,1,100,1.637258
1755196245.650747,1638503.500,3170,2,EA,1,100,1.637258
1755196245.717248,1638570.000,3170,2,EA,1,100,1.638029
1755196245.784248,1638637.000,3188,1,EA,1,100,1.637646
1755196245.850749,1638703.500,3207,2,EA,1,100,1.638413
1755196245.917249,1638770.000,3207,2,EA,1,100,1.637646
1755196245.983750,1638836.500,3224,2,EA,1,100,1.638413
1755196246.050250,1638903.000,3224,2,EA,1,100,1.638029
1755196246.117251,1638970.000,3241,1,EA,1,100,1.636875
1755196246.183751,1639036.500,3258,2,EA,1,100,1.636488
1755196246.250252,1639103.000,3258,2,EA,1,100,1.636875
1755196246.317252,1639170.000,3274,1,EA,1,100,1.636875
1755196246.383753,1639236.500,3290,2,EA,1,100,1.637258
1755196246.450253,1639303.000,3290,2,EA,1,100,1.636875
1755196246.517254,1639370.000,3306,1,EA,1,100,1.637646
1755196246.583754,1639436.500,3323,2,EA,1,100,1.638029
1755196246.650255,1639503.000,3323,2,EA,1,100,1.638413
1755196246.717255,1639570.000,3339,1,EA,1,100,1.638413
1755196246.783756,1639636.500,3355,2,EA,1,100,1.638801
1755196246.850256,1639703.000,3355,2,EA,1,100,1.638413
1755196246.917256,1639770.000,3371,1,EA,1,100,1.638029
1755196246.983757,1639836.500,3388,2,EA,1,100,1.638029
1755196247.050257,1639903.000,3388,2,EA,1,100,1.638413
1755196247.117258,1639970.000,3405,1,EA,1,100,1.639186
1755196247.183758,1640036.500,3421,2,EA,1,100,1.640343
1755196247.250259,1640103.000,3421,2,EA,1,100,1.639959
1755196247.317259,1640170.000,3436,1,EA,1,100,1.639959
1755196247.383760,1640236.500,3454,2,EA,1,100,1.640343
1755196247.450260,1640303.000,3454,2,EA,1,100,1.641507
1755196247.517261,1640370.000,3470,2,EA,1,100,1.640732
1755196247.584261,1640437.000,3470,2,EA,1,100,1.640732
1755196247.650262,1640503.000,3487,1,EA,1,100,1.642278
1755196247.717262,1640570.000,3502,2,EA,1,100,1.643444
1755196247.784263,1640637.000,3502,2,EA,1,100,1.642278
1755196247.850263,1640703.000,3519,1,EA,1,100,1.642278
1755196247.917264,1640770.000,3535,2,EA,1,100,1.642278
1755196247.984264,1640837.000,3535,2,EA,1,100,1.642668
1755196248.050265,1640903.000,3552,1,EA,1,100,1.644217
1755196248.117265,1640970.000,3567,2,EA,1,100,1.645386
1755196248.184265,1641037.000,3567,2,EA,1,100,1.644608
1755196248.250266,1641103.000,3584,1,EA,1,100,1.645773
1755196248.317266,1641170.000,3600,2,EA,1,100,1.646161
1755196248.384267,1641237.000,3600,2,EA,1,100,1.644995
1755196248.450267,1641303.000,3620,1,EA,1,100,1.644608
1755196248.517268,1641370.000,3634,2,EA,1,100,1.645386
1755196248.584268,1641437.000,3634,2,EA,1,100,1.644608
1755196248.650269,1641503.000,3651,1,EA,1,100,1.644995
1755196248.717269,1641570.000,3668,2,EA,1,100,1.644217
1755196248.784270,1641637.000,3668,2,EA,1,100,1.644608
1755196248.850270,1641703.000,3687,1,EA,1,100,1.643831
1755196248.917271,1641770.000,3701,2,EA,1,100,1.644217
1755196248.984271,1641837.000,3701,2,EA,1,100,1.644608
1755196249.050272,1641903.000,3718,1,EA,1,100,1.644608
1755196249.117272,1641970.000,3735,2,EA,1,100,1.644608
1755196249.184273,1642037.000,3735,2,EA,1,100,1.643831
1755196249.250273,1642103.000,3752,1,EA,1,100,1.643831
1755196249.317274,1642170.000,3767,2,EA,1,100,1.644995
1755196249.384274,1642237.000,3767,2,EA,1,100,1.644995
1755196249.450274,1642303.000,3784,1,EA,1,100,1.644995
1755196249.516775,1642369.500,3800,2,EA,1,100,1.645386
1755196249.583275,1642436.000,3800,2,EA,1,100,1.644995
1755196249.650276,1642503.000,3817,2,EA,1,100,1.644995
1755196249.717276,1642570.000,3817,2,EA,1,100,1.644995
1755196249.783277,1642636.000,3834,1,EA,1,100,1.645386
1755196249.850277,1642703.000,3849,2,EA,1,100,1.645773
1755196249.917278,1642770.000,3849,2,EA,1,100,1.645386
1755196249.983278,1642836.000,3867,1,EA,1,100,1.645773
1755196250.050279,1642903.000,3885,2,EA,1,100,1.646553
1755196250.117279,1642970.000,3885,2,EA,1,100,1.646161
1755196250.183280,1643036.000,3901,1,EA,1,100,1.646161
1755196250.250280,1643103.000,3916,2,EA,1,100,1.646553
1755196250.317281,1643170.000,3916,2,EA,1,100,1.646553
1755196250.383281,1643236.000,3932,1,EA,1,100,1.647333
1755196250.450282,1643303.000,3950,2,EA,1,100,1.646941
1755196250.517282,1643370.000,3950,2,EA,1,100,1.646941
1755196250.583283,1643436.000,3966,1,EA,1,100,1.647333
1755196250.650283,1643503.000,3983,2,EA,1,100,1.649284
1755196250.717283,1643570.000,3983,2,EA,1,100,1.648502
1755196250.784284,1643637.000,4000,1,EA,1,100,1.648109
1755196250.850784,1643703.500,4017,2,EA,1,100,1.647721
1755196250.917285,1643770.000,4017,2,EA,1,100,1.648109
1755196250.983952,1643836.667,4038,3,EA,1,100,1.648891
1755196251.050619,1643903.333,4038,3,EA,1,100,1.648109
1755196251.117286,1643970.000,4038,3,EA,1,100,1.648502
1755196251.183287,1644036.000,4054,1,EA,1,100,1.648891
1755196251.250287,1644103.000,4071,2,EA,1,100,1.648891
1755196251.317288,1644170.000,4071,2,EA,1,100,1.648891
1755196251.383288,1644236.000,4087,1,EA,1,100,1.649284
1755196251.450289,1644303.000,4103,2,EA,1,100,1.649673
1755196251.517289,1644370.000,4103,2,EA,1,100,1.648891
1755196251.583290,1644436.000,4119,1,EA,1,100,1.649673
1755196251.650290,1644503.000,4136,2,EA,1,100,1.649284
1755196251.717291,1644570.000,4136,2,EA,1,100,1.649673
1755196251.783291,1644636.000,4153,1,EA,1,100,1.649673
1755196251.850292,1644703.000,4168,2,EA,1,100,1.649673
1755196251.917292,1644770.000,4168,2,EA,1,100,1.649284
1755196251.983292,1644836.000,4184,1,EA,1,100,1.650062
1755196252.050293,1644903.000,4202,2,EA,1,100,1.651239
1755196252.117293,1644970.000,4202,2,EA,1,100,1.650456
1755196252.183294,1645036.000,4218,1,EA,1,100,1.650062
1755196252.250294,1645103.000,4234,2,EA,1,100,1.650846
1755196252.317295,1645170.000,4234,2,EA,1,100,1.650456
1755196252.383795,1645236.500,4250,2,EA,1,100,1.650846
1755196252.450296,1645303.000,4250,2,EA,1,100,1.650062
1755196252.517296,1645370.000,4267,1,EA,1,100,1.650456
1755196252.583797,1645436.500,4283,2,EA,1,100,1.650456
1755196252.650297,1645503.000,4283,2,EA,1,100,1.650846
1755196252.716298,1645569.000,4302,1,EA,1,100,1.650456
1755196252.783298,1645636.000,4317,2,EA,1,100,1.650846
1755196252.850299,1645703.000,4317,2,EA,1,100,1.650846
1755196252.916299,1645769.000,4334,1,EA,1,100,1.651239
1755196252.983300,1645836.000,4350,2,EA,1,100,1.650846
1755196253.050300,1645903.000,4350,2,EA,1,100,1.650456
1755196253.116301,1645969.000,4368,1,EA,1,100,1.650456
1755196253.183301,1646036.000,4382,2,EA,1,100,1.650456
1755196253.250302,1646103.000,4382,2,EA,1,100,1.650846
1755196253.316302,1646169.000,4399,1,EA,1,100,1.651630
1755196253.383302,1646236.000,4416,2,EA,1,100,1.650456
1755196253.450303,1646303.000,4416,2,EA,1,100,1.650062
1755196253.516303,1646369.000,4433,1,EA,1,100,1.650456
1755196253.583304,1646436.000,4447,2,EA,1,100,1.650456
1755196253.650304,1646503.000,4447,2,EA,1,100,1.650846
1755196253.716305,1646569.000,4464,1,EA,1,100,1.651239
1755196253.783305,1646636.000,4485,2,EA,1,100,1.650456
1755196253.850306,1646703.000,4485,2,EA,1,100,1.650456
1755196253.916306,1646769.000,4502,1,EA,1,100,1.652020
1755196253.983307,1646836.000,4516,2,EA,1,100,1.650846
1755196254.050307,1646903.000,4516,2,EA,1,100,1.652020
1755196254.117308,1646970.000,4534,1,EA,1,100,1.651630
1755196254.183808,1647036.500,4550,2,EA,1,100,1.651239
1755196254.250309,1647103.000,4550,2,EA,1,100,1.651630
1755196254.316309,1647169.000,4567,1,EA,1,100,1.651630
1755196254.383310,1647236.000,4583,2,EA,1,100,1.651239
1755196254.450310,1647303.000,4583,2,EA,1,100,1.651239
1755196254.516311,1647369.000,4599,1,EA,1,100,1.651239
1755196254.583311,1647436.000,4617,2,EA,1,100,1.651239
1755196254.650311,1647503.000,4617,2,EA,1,100,1.651630
1755196254.716812,1647569.500,4635,2,EA,1,100,1.650846
1755196254.783312,1647636.000,4635,2,EA,1,100,1.652020
1755196254.850313,1647703.000,4651,1,EA,1,100,1.652020
1755196254.916813,1647769.500,4666,2,EA,1,100,1.651239
1755196254.983314,1647836.000,4666,2,EA,1,100,1.652414
1755196255.050314,1647903.000,4682,1,EA,1,100,1.651630
1755196255.116815,1647969.500,4700,2,EA,1,100,1.652414
1755196255.183315,1648036.000,4700,2,EA,1,100,1.651239
1755196255.250316,1648103.000,4718,1,EA,1,100,1.651630
1755196255.316816,1648169.500,4733,2,EA,1,100,1.652414
1755196255.383317,1648236.000,4733,2,EA,1,100,1.651239
1755196255.450317,1648303.000,4750,1,EA,1,100,1.652414
1755196255.516818,1648369.500,4767,2,EA,1,100,1.652020
1755196255.583318,1648436.000,4767,2,EA,1,100,1.652805
1755196255.650319,1648503.000,4783,1,EA,1,100,1.653200
1755196255.716819,1648569.500,4799,2,EA,1,100,1.653200
1755196255.783320,1648636.000,4799,2,EA,1,100,1.652805
1755196255.850320,1648703.000,4815,1,EA,1,100,1.653200
1755196255.916820,1648769.500,4832,2,EA,1,100,1.652414
1755196255.983321,1648836.000,4832,2,EA,1,100,1.653200
1755196256.050321,1648903.000,4848,1,EA,1,100,1.653200
1755196256.116822,1648969.500,4871,2,EA,1,100,1.653200
1755196256.183322,1649036.000,4871,2,EA,1,100,1.652805
1755196256.250323,1649103.000,4887,1,EA,1,100,1.653200
1755196256.316823,1649169.500,4904,2,EA,1,100,1.653982
1755196256.383324,1649236.000,4904,2,EA,1,100,1.654769
1755196256.450324,1649303.000,4921,1,EA,1,100,1.653982
1755196256.516825,1649369.500,4937,2,EA,1,100,1.653982
1755196256.583325,1649436.000,4937,2,EA,1,100,1.653982
1755196256.650326,1649503.000,4952,1,EA,1,100,1.654769
1755196256.716826,1649569.500,4970,2,EA,1,100,1.654769
1755196256.783327,1649636.000,4970,2,EA,1,100,1.654378
1755196256.849827,1649702.500,4986,2,EA,1,100,1.654769
1755196256.916328,1649769.000,4986,2,EA,1,100,1.655165
1755196256.983328,1649836.000,5003,1,EA,1,100,1.654769
1755196257.049829,1649902.500,5018,2,EA,1,100,1.655165
1755196257.116329,1649969.000,5018,2,EA,1,100,1.654769
1755196257.183329,1650036.000,5037,1,EA,1,100,1.654378
1755196257.249830,1650102.500,5053,2,EA,1,100,1.655165
1755196257.316330,1650169.000,5053,2,EA,1,100,1.655165
1755196257.383331,1650236.000,5070,1,EA,1,100,1.655949
1755196257.449831,1650302.500,5085,2,EA,1,100,1.655949
1755196257.516332,1650369.000,5085,2,EA,1,100,1.655165
1755196257.583332,1650436.000,5102,1,EA,1,100,1.655949
1755196257.649833,1650502.500,5118,2,EA,1,100,1.655949
1755196257.716333,1650569.000,5118,2,EA,1,100,1.655165
1755196257.783334,1650636.000,5136,1,EA,1,100,1.655949
1755196257.849834,1650702.500,5150,2,EA,1,100,1.656738
1755196257.916335,1650769.000,5150,2,EA,1,100,1.655557
1755196257.983335,1650836.000,5167,1,EA,1,100,1.655949
1755196258.049836,1650902.500,5184,2,EA,1,100,1.656738
1755196258.116336,1650969.000,5184,2,EA,1,100,1.655949
1755196258.183337,1651036.000,5203,1,EA,1,100,1.656346
1755196258.249837,1651102.500,5217,2,EA,1,100,1.657135
1755196258.316338,1651169.000,5217,2,EA,1,100,1.657135
1755196258.383338,1651236.000,5234,1,EA,1,100,1.656738
1755196258.449838,1651302.500,5251,2,EA,1,100,1.657528
1755196258.516339,1651369.000,5251,2,EA,1,100,1.657921
1755196258.583339,1651436.000,5268,1,EA,1,100,1.657921
1755196258.649840,1651502.500,5282,2,EA,1,100,1.656738
1755196258.716340,1651569.000,5282,2,EA,1,100,1.656738
1755196258.783341,1651636.000,5300,1,EA,1,100,1.657528
1755196258.849841,1651702.500,5318,2,EA,1,100,1.656738
1755196258.916342,1651769.000,5318,2,EA,1,100,1.656738
1755196258.983342,1651836.000,5337,1,EA,1,100,1.656346
1755196259.049843,1651902.500,5353,2,EA,1,100,1.656738
1755196259.116343,1651969.000,5353,2,EA,1,100,1.657135
1755196259.183344,1652036.000,5369,1,EA,1,100,1.658318
1755196259.249844,1652102.500,5385,2,EA,1,100,1.658712
1755196259.316345,1652169.000,5385,2,EA,1,100,1.657921
1755196259.382845,1652235.500,5403,2,EA,1,100,1.657921
1755196259.449346,1652302.000,5403,2,EA,1,100,1.658712
1755196259.516346,1652369.000,5419,1,EA,1,100,1.657921
1755196259.582847,1652435.500,5434,2,EA,1,100,1.658712
1755196259.649347,1652502.000,5434,2,EA,1,100,1.658712
1755196259.716347,1652569.000,5452,1,EA,1,100,1.659109
1755196259.782848,1652635.500,5470,2,EA,1,100,1.659109
1755196259.849348,1652702.000,5470,2,EA,1,100,1.659109
1755196259.916349,1652769.000,5486,1,EA,1,100,1.659503
1755196259.982849,1652835.500,5501,2,EA,1,100,1.660690
1755196260.049350,1652902.000,5501,2,EA,1,100,1.661088
1755196260.116350,1652969.000,5518,1,EA,1,100,1.660295
1755196260.182851,1653035.500,5535,2,EA,1,100,1.661088
1755196260.249351,1653102.000,5535,2,EA,1,100,1.659109
1755196260.316352,1653169.000,5551,1,EA,1,100,1.660690
1755196260.382852,1653235.500,5567,2,EA,1,100,1.660690
1755196260.449353,1653302.000,5567,2,EA,1,100,1.660295
1755196260.516353,1653369.000,5583,1,EA,1,100,1.660690
1755196260.582854,1653435.500,5602,2,EA,1,100,1.660690
1755196260.649354,1653502.000,5602,2,EA,1,100,1.660690
1755196260.716355,1653569.000,5618,1,EA,1,100,1.661088
1755196260.782855,1653635.500,5634,2,EA,1,100,1.660690
1755196260.849356,1653702.000,5634,2,EA,1,100,1.661088
1755196260.916356,1653769.000,5650,1,EA,1,100,1.661088
1755196260.982856,1653835.500,5667,2,EA,1,100,1.661483
1755196261.049357,1653902.000,5667,2,EA,1,100,1.661088
1755196261.116357,1653969.000,5684,1,EA,1,100,1.661878
1755196261.182858,1654035.500,5705,2,EA,1,100,1.661878
1755196261.249358,1654102.000,5705,2,EA,1,100,1.661878
1755196261.316359,1654169.000,5720,1,EA,1,100,1.662277
1755196261.382859,1654235.500,5738,2,EA,1,100,1.661483
1755196261.449360,1654302.000,5738,2,EA,1,100,1.661483
1755196261.516360,1654369.000,5754,1,EA,1,100,1.662277
1755196261.582861,1654435.500,5770,2,EA,1,100,1.662277
1755196261.649361,1654502.000,5770,2,EA,1,100,1.662277
1755196261.715862,1654568.500,5788,2,EA,1,100,1.662673
1755196261.782362,1654635.000,5788,2,EA,1,100,1.662673
1755196261.849363,1654702.000,5805,1,EA,1,100,1.662673
1755196261.915863,1654768.500,5821,2,EA,1,100,1.663072
1755196261.982364,1654835.000,5821,2,EA,1,100,1.663072
1755196262.049364,1654902.000,5838,1,EA,1,100,1.663468
1755196262.115865,1654968.500,5853,2,EA,1,100,1.663468
1755196262.182365,1655035.000,5853,2,EA,1,100,1.663864
1755196262.249365,1655102.000,5870,1,EA,1,100,1.664660
1755196262.315866,1655168.500,5886,2,EA,1,100,1.664264
1755196262.382366,1655235.000,5886,2,EA,1,100,1.664660
1755196262.449367,1655302.000,5904,1,EA,1,100,1.664660
1755196262.515867,1655368.500,5918,2,EA,1,100,1.665061
1755196262.582368,1655435.000,5918,2,EA,1,100,1.664660
1755196262.649368,1655502.000,5937,1,EA,1,100,1.665061
1755196262.715869,1655568.500,5954,2,EA,1,100,1.665061
1755196262.782369,1655635.000,5954,2,EA,1,100,1.665061
1755196262.849370,1655702.000,5971,1,EA,1,100,1.664660
1755196262.915870,1655768.500,5985,2,EA,1,100,1.663864
1755196262.982371,1655835.000,5985,2,EA,1,100,1.663468
1755196263.049371,1655902.000,6002,1,EA,1,100,1.663864
1755196263.115872,1655968.500,6019,2,EA,1,100,1.664660
1755196263.182372,1656035.000,6019,2,EA,1,100,1.663864
1755196263.249373,1656102.000,6036,1,EA,1,100,1.664264
1755196263.315873,1656168.500,6050,2,EA,1,100,1.664660
1755196263.382374,1656235.000,6050,2,EA,1,100,1.664264
1755196263.449374,1656302.000,6068,1,EA,1,100,1.664264
1755196263.515874,1656368.500,6086,2,EA,1,100,1.664660
1755196263.582375,1656435.000,6086,2,EA,1,100,1.663864
1755196263.649375,1656502.000,6103,1,EA,1,100,1.664660
1755196263.715876,1656568.500,6119,2,EA,1,100,1.664660
1755196263.782376,1656635.000,6119,2,EA,1,100,1.663864
1755196263.849377,1656702.000,6137,1,EA,1,100,1.665061
1755196263.915877,1656768.500,6153,2,EA,1,100,1.664264
1755196263.982378,1656835.000,6153,2,EA,1,100,1.664264
1755196264.049378,1656902.000,6170,1,EA,1,100,1.665458
1755196264.115879,1656968.500,6186,2,EA,1,100,1.665855
1755196264.182379,1657035.000,6186,2,EA,1,100,1.664660
1755196264.248880,1657101.500,6202,2,EA,1,100,1.664660
1755196264.315380,1657168.000,6202,2,EA,1,100,1.664660
1755196264.382381,1657235.000,6218,1,EA,1,100,1.665458
1755196264.448881,1657301.500,6238,2,EA,1,100,1.665458
1755196264.515382,1657368.000,6238,2,EA,1,100,1.665458
1755196264.582382,1657435.000,6254,1,EA,1,100,1.665458
1755196264.648883,1657501.500,6269,2,EA,1,100,1.666255
1755196264.715383,1657568.000,6269,2,EA,1,100,1.666653
1755196264.782383,1657635.000,6286,1,EA,1,100,1.665855
1755196264.848884,1657701.500,6303,2,EA,1,100,1.665458
1755196264.915384,1657768.000,6303,2,EA,1,100,1.665855
1755196264.982385,1657835.000,6319,1,EA,1,100,1.665855
1755196265.048885,1657901.500,6335,2,EA,1,100,1.666653
1755196265.115386,1657968.000,6335,2,EA,1,100,1.666653
1755196265.182386,1658035.000,6351,1,EA,1,100,1.666255
1755196265.248887,1658101.500,6368,2,EA,1,100,1.665458
1755196265.315387,1658168.000,6368,2,EA,1,100,1.666255
1755196265.382388,1658235.000,6386,1,EA,1,100,1.665855
1755196265.448888,1658301.500,6402,2,EA,1,100,1.666653
1755196265.515389,1658368.000,6402,2,EA,1,100,1.666653
1755196265.582389,1658435.000,6418,1,EA,1,100,1.666653
1755196265.648890,1658501.500,6435,2,EA,1,100,1.667054
1755196265.715390,1658568.000,6435,2,EA,1,100,1.666653
1755196265.782391,1658635.000,6452,1,EA,1,100,1.666653
1755196265.848891,1658701.500,6467,2,EA,1,100,1.667054
1755196265.915392,1658768.000,6467,2,EA,1,100,1.667054
1755196265.982392,1658835.000,6483,1,EA,1,100,1.667452
1755196266.048892,1658901.500,6501,2,EA,1,100,1.667054
1755196266.115393,1658968.000,6501,2,EA,1,100,1.667054
1755196266.182393,1659035.000,6517,1,EA,1,100,1.667452
1755196266.248894,1659101.500,6535,2,EA,1,100,1.667850
1755196266.315394,1659168.000,6535,2,EA,1,100,1.667054
1755196266.382395,1659235.000,6555,1,EA,1,100,1.667054
1755196266.448895,1659301.500,6573,2,EA,1,100,1.667850
1755196266.515396,1659368.000,6573,2,EA,1,100,1.668650
1755196266.581896,1659434.500,6589,2,EA,1,100,1.667452
1755196266.648397,1659501.000,6589,2,EA,1,100,1.667054
1755196266.715397,1659568.000,6606,1,EA,1,100,1.667054
1755196266.781898,1659634.500,6621,2,EA,1,100,1.667850
1755196266.848398,1659701.000,6621,2,EA,1,100,1.667850
1755196266.915399,1659768.000,6638,1,EA,1,100,1.667452
1755196266.981899,1659834.500,6654,2,EA,1,100,1.667850
1755196267.048400,1659901.000,6654,2,EA,1,100,1.669052
1755196267.115400,1659968.000,6672,1,EA,1,100,1.668650
1755196267.181901,1660034.500,6686,2,EA,1,100,1.669052
1755196267.248401,1660101.000,6686,2,EA,1,100,1.668650
1755196267.315401,1660168.000,6705,1,EA,1,100,1.668252
1755196267.381902,1660234.500,6722,2,EA,1,100,1.668650
1755196267.448402,1660301.000,6722,2,EA,1,100,1.669052
1755196267.515403,1660368.000,6739,1,EA,1,100,1.669052
1755196267.581903,1660434.500,6753,2,EA,1,100,1.669052
1755196267.648404,1660501.000,6753,2,EA,1,100,1.668650
1755196267.715404,1660568.000,6770,1,EA,1,100,1.669052
1755196267.781905,1660634.500,6787,2,EA,1,100,1.669850
1755196267.848405,1660701.000,6787,2,EA,1,100,1.669052
1755196267.915406,1660768.000,6804,1,EA,1,100,1.669451
1755196267.981906,1660834.500,6818,2,EA,1,100,1.669850
1755196268.048407,1660901.000,6818,2,EA,1,100,1.670652
1755196268.115407,1660968.000,6838,1,EA,1,100,1.671455
1755196268.181908,1661034.500,6854,2,EA,1,100,1.672259
1755196268.248408,1661101.000,6854,2,EA,1,100,1.671855
1755196268.315409,1661168.000,6871,1,EA,1,100,1.671855
1755196268.381909,1661234.500,6886,2,EA,1,100,1.672659
1755196268.448410,1661301.000,6886,2,EA,1,100,1.671855
1755196268.515410,1661368.000,6903,1,EA,1,100,1.673063
1755196268.581910,1661434.500,6919,2,EA,1,100,1.672659
1755196268.648411,1661501.000,6919,2,EA,1,100,1.672659
1755196268.715411,1661568.000,6936,1,EA,1,100,1.672259
1755196268.781912,1661634.500,6954,2,EA,1,100,1.672659
1755196268.848412,1661701.000,6954,2,EA,1,100,1.671055
1755196268.915413,1661768.000,6970,1,EA,1,100,1.671855
1755196268.981913,1661834.500,6988,2,EA,1,100,1.671855
1755196269.048414,1661901.000,6988,2,EA,1,100,1.672259
1755196269.115414,1661968.000,7006,2,EA,1,100,1.671855
1755196269.182415,1662035.000,7006,2,EA,1,100,1.671455
1755196269.248415,1662101.000,7022,1,EA,1,100,1.671855
1755196269.314916,1662167.500,7037,2,EA,1,100,1.672259
1755196269.381416,1662234.000,7037,2,EA,1,100,1.672259
1755196269.448417,1662301.000,7054,1,EA,1,100,1.672259
1755196269.514917,1662367.500,7071,2,EA,1,100,1.672259
1755196269.581418,1662434.000,7071,2,EA,1,100,1.672259
1755196269.648418,1662501.000,7087,1,EA,1,100,1.671855
1755196269.715419,1662568.000,7103,2,EA,1,100,1.672259
1755196269.782419,1662635.000,7103,2,EA,1,100,1.672259
1755196269.848420,1662701.000,7119,1,EA,1,100,1.672259
1755196269.915420,1662768.000,7136,2,EA,1,100,1.671855
1755196269.982420,1662835.000,7136,2,EA,1,100,1.672259
1755196270.048421,1662901.000,7154,1,EA,1,100,1.673063
1755196270.114921,1662967.500,7170,2,EA,1,100,1.673464
1755196270.181422,1663034.000,7170,2,EA,1,100,1.673464
1755196270.248422,1663101.000,7186,1,EA,1,100,1.672659
1755196270.314923,1663167.500,7203,2,EA,1,100,1.667452
1755196270.381423,1663234.000,7203,2,EA,1,100,1.667452
1755196270.448424,1663301.000,7220,1,EA,1,100,1.675076
1755196270.514924,1663367.500,7235,2,EA,1,100,1.679519
1755196270.581425,1663434.000,7235,2,EA,1,100,1.679519
1755196270.648425,1663501.000,7251,1,EA,1,100,1.676687
1755196270.714926,1663567.500,7269,2,EA,1,100,1.672659
1755196270.781426,1663634.000,7269,2,EA,1,100,1.667054
1755196270.848427,1663701.000,7285,1,EA,1,100,1.668252
1755196270.914927,1663767.500,7301,2,EA,1,100,1.672259
1755196270.981428,1663834.000,7301,2,EA,1,100,1.675477
1755196271.048428,1663901.000,7316,1,EA,1,100,1.676687
1755196271.114929,1663967.500,7334,2,EA,1,100,1.670652
1755196271.181429,1664034.000,7334,2,EA,1,100,1.667452
1755196271.248429,1664101.000,7350,1,EA,1,100,1.670652
1755196271.314930,1664167.500,7366,2,EA,1,100,1.678305
1755196271.381430,1664234.000,7366,2,EA,1,100,1.683986
1755196271.448431,1664301.000,7387,2,EA,1,100,1.675076
1755196271.515431,1664368.000,7387,2,EA,1,100,1.665855
1755196271.581932,1664434.500,7404,2,EA,1,100,1.665855
1755196271.648432,1664501.000,7404,2,EA,1,100,1.669850
1755196271.715433,1664568.000,7420,1,EA,1,100,1.679116
1755196271.781933,1664634.500,7438,2,EA,1,100,1.675076
1755196271.848434,1664701.000,7438,2,EA,1,100,1.673063
1755196271.915434,1664768.000,7454,1,EA,1,100,1.673864
1755196271.981935,1664834.500,7471,2,EA,1,100,1.675477
1755196272.048435,1664901.000,7471,2,EA,1,100,1.670652
1755196272.115436,1664968.000,7488,1,EA,1,100,1.667850
1755196272.181936,1665034.500,7505,2,EA,1,100,1.674671
1755196272.248437,1665101.000,7505,2,EA,1,100,1.678708
1755196272.315437,1665168.000,7521,1,EA,1,100,1.677898
1755196272.381938,1665234.500,7537,2,EA,1,100,1.675076
1755196272.448438,1665301.000,7537,2,EA,1,100,1.670253
1755196272.515438,1665368.000,7553,1,EA,1,100,1.672659
1755196272.581939,1665434.500,7570,2,EA,1,100,1.676687
1755196272.648439,1665501.000,7570,2,EA,1,100,1.677093
1755196272.715440,1665568.000,7586,1,EA,1,100,1.677496
1755196272.781940,1665634.500,7604,2,EA,1,100,1.672659
1755196272.848441,1665701.000,7604,2,EA,1,100,1.672659
1755196272.914441,1665767.000,7620,1,EA,1,100,1.675477
1755196272.981442,1665834.000,7637,2,EA,1,100,1.674269
1755196273.048442,1665901.000,7637,2,EA,1,100,1.675879
1755196273.115443,1665968.000,7654,1,EA,1,100,1.672659
1755196273.181943,1666034.500,7669,2,EA,1,100,1.676687
1755196273.248444,1666101.000,7669,2,EA,1,100,1.679116
1755196273.314444,1666167.000,7685,1,EA,1,100,1.679519
1755196273.381445,1666234.000,7703,2,EA,1,100,1.670652
1755196273.448445,1666301.000,7703,2,EA,1,100,1.669451
1755196273.514946,1666367.500,7721,2,EA,1,100,1.678305
1755196273.581446,1666434.000,7721,2,EA,1,100,1.680331
1755196273.648447,1666501.000,7738,1,EA,1,100,1.681952
1755196273.714947,1666567.500,7753,2,EA,1,100,1.676285
1755196273.781447,1666634.000,7753,2,EA,1,100,1.669451
1755196273.848448,1666701.000,7772,1,EA,1,100,1.675477
1755196273.914948,1666767.500,7788,2,EA,1,100,1.679923
1755196273.981449,1666834.000,7788,2,EA,1,100,1.683580
1755196274.048449,1666901.000,7805,1,EA,1,100,1.679116
1755196274.114950,1666967.500,7820,2,EA,1,100,1.664660
1755196274.181450,1667034.000,7820,2,EA,1,100,1.668252
1755196274.248451,1667101.000,7837,1,EA,1,100,1.680331
1755196274.314951,1667167.500,7853,2,EA,1,100,1.684396
1755196274.381452,1667234.000,7853,2,EA,1,100,1.683175
1755196274.448452,1667301.000,7871,1,EA,1,100,1.672259
1755196274.514953,1667367.500,7885,2,EA,1,100,1.667452
1755196274.581453,1667434.000,7885,2,EA,1,100,1.674269
1755196274.648454,1667501.000,7902,1,EA,1,100,1.681547
1755196274.714954,1667567.500,7919,2,EA,1,100,1.683986
1755196274.781455,1667634.000,7919,2,EA,1,100,1.681143
1755196274.848455,1667701.000,7936,1,EA,1,100,1.673464
1755196274.914956,1667767.500,7950,2,EA,1,100,1.670253
1755196274.981456,1667834.000,7950,2,EA,1,100,1.674269
1755196275.048456,1667901.000,7967,1,EA,1,100,1.679519
1755196275.114957,1667967.500,7984,2,EA,1,100,1.680331
1755196275.181457,1668034.000,7984,2,EA,1,100,1.678708
1755196275.248458,1668101.000,8001,1,EA,1,100,1.678708
1755196275.314958,1668167.500,8016,2,EA,1,100,1.677898
1755196275.381459,1668234.000,8016,2,EA,1,100,1.677496
1755196275.448459,1668301.000,8033,1,EA,1,100,1.677898
1755196275.514960,1668367.500,8049,2,EA,1,100,1.678708
1755196275.581460,1668434.000,8049,2,EA,1,100,1.678708
1755196275.647961,1668500.500,8066,2,EA,1,100,1.679519
1755196275.714461,1668567.000,8066,2,EA,1,100,1.679116
1755196275.781462,1668634.000,8083,1,EA,1,100,1.678305
1755196275.847962,1668700.500,8098,2,EA,1,100,1.677898
1755196275.914463,1668767.000,8098,2,EA,1,100,1.678305
1755196275.981463,1668834.000,8114,1,EA,1,100,1.678708
1755196276.047964,1668900.500,8132,2,EA,1,100,1.680735
1755196276.114464,1668967.000,8132,2,EA,1,100,1.681143
1755196276.181465,1669034.000,8150,1,EA,1,100,1.681143
1755196276.247965,1669100.500,8165,2,EA,1,100,1.681952
1755196276.314465,1669167.000,8165,2,EA,1,100,1.681952
1755196276.381466,1669234.000,8181,1,EA,1,100,1.681547
1755196276.447966,1669300.500,8199,2,EA,1,100,1.681952
1755196276.514467,1669367.000,8199,2,EA,1,100,1.681952
1755196276.581467,1669434.000,8220,1,EA,1,100,1.683175
1755196276.647968,1669500.500,8235,2,EA,1,100,1.683175
1755196276.714468,1669567.000,8235,2,EA,1,100,1.682766
1755196276.781469,1669634.000,8252,1,EA,1,100,1.682766
1755196276.847969,1669700.500,8269,2,EA,1,100,1.682361
1755196276.914470,1669767.000,8269,2,EA,1,100,1.682766
1755196276.981470,1669834.000,8285,1,EA,1,100,1.683175
1755196277.047971,1669900.500,8301,2,EA,1,100,1.683580
1755196277.114471,1669967.000,8301,2,EA,1,100,1.683580
1755196277.181472,1670034.000,8317,1,EA,1,100,1.683986
1755196277.247972,1670100.500,8334,2,EA,1,100,1.683986
1755196277.314473,1670167.000,8334,2,EA,1,100,1.684396
1755196277.381473,1670234.000,8352,1,EA,1,100,1.684396
1755196277.447974,1670300.500,8369,2,EA,1,100,1.683986
1755196277.514474,1670367.000,8369,2,EA,1,100,1.683986
1755196277.581474,1670434.000,8384,1,EA,1,100,1.684396
1755196277.647975,1670500.500,8401,2,EA,1,100,1.683986
1755196277.714475,1670567.000,8401,2,EA,1,100,1.684802
1755196277.781476,1670634.000,8418,1,EA,1,100,1.684802
1755196277.847976,1670700.500,8434,2,EA,1,100,1.684396
1755196277.914477,1670767.000,8434,2,EA,1,100,1.685618
1755196277.980977,1670833.500,8449,2,EA,1,100,1.686025
1755196278.047478,1670900.000,8449,2,EA,1,100,1.686025
1755196278.114478,1670967.000,8467,1,EA,1,100,1.685212
1755196278.180979,1671033.500,8483,2,EA,1,100,1.686025
1755196278.247479,1671100.000,8483,2,EA,1,100,1.686025
1755196278.314480,1671167.000,8500,1,EA,1,100,1.685618
1755196278.380980,1671233.500,8517,2,EA,1,100,1.686025
1755196278.447481,1671300.000,8517,2,EA,1,100,1.686025
1755196278.514481,1671367.000,8534,1,EA,1,100,1.686436
1755196278.580982,1671433.500,8550,2,EA,1,100,1.686025
1755196278.647482,1671500.000,8550,2,EA,1,100,1.686436
1755196278.714483,1671567.000,8567,1,EA,1,100,1.686025
1755196278.780983,1671633.500,8584,2,EA,1,100,1.686436
1755196278.847483,1671700.000,8584,2,EA,1,100,1.686436
1755196278.914484,1671767.000,8601,1,EA,1,100,1.687661
1755196278.980984,1671833.500,8617,2,EA,1,100,1.687254
1755196279.047485,1671900.000,8617,2,EA,1,100,1.686843
1755196279.114485,1671967.000,8635,1,EA,1,100,1.686843
1755196279.180986,1672033.500,8651,2,EA,1,100,1.687661
1755196279.247486,1672100.000,8651,2,EA,1,100,1.686843
1755196279.314487,1672167.000,8668,1,EA,1,100,1.686843
1755196279.380987,1672233.500,8685,2,EA,1,100,1.686436
1755196279.447488,1672300.000,8685,2,EA,1,100,1.685618
1755196279.514488,1672367.000,8702,1,EA,1,100,1.685618
1755196279.580989,1672433.500,8716,2,EA,1,100,1.685618
1755196279.647489,1672500.000,8716,2,EA,1,100,1.685618
1755196279.714490,1672567.000,8733,1,EA,1,100,1.686025
1755196279.780990,1672633.500,8750,2,EA,1,100,1.685212
1755196279.847491,1672700.000,8750,2,EA,1,100,1.686436
1755196279.914491,1672767.000,8767,1,EA,1,100,1.686843
1755196279.980992,1672833.500,8782,2,EA,1,100,1.686843
1755196280.047492,1672900.000,8782,2,EA,1,100,1.686843
1755196280.114492,1672967.000,8801,1,EA,1,100,1.687254
1755196280.180993,1673033.500,8817,2,EA,1,100,1.686843
1755196280.247493,1673100.000,8817,2,EA,1,100,1.687254
1755196280.314494,1673167.000,8834,1,EA,1,100,1.686843
1755196280.380994,1673233.500,8850,2,EA,1,100,1.687254
1755196280.447495,1673300.000,8850,2,EA,1,100,1.687661
1755196280.513995,1673366.500,8866,2,EA,1,100,1.688069
1755196280.580496,1673433.000,8866,2,EA,1,100,1.687661
1755196280.647496,1673500.000,8882,1,EA,1,100,1.687254
1755196280.713997,1673566.500,8900,2,EA,1,100,1.688069
1755196280.780497,1673633.000,8900,2,EA,1,100,1.687254
1755196280.847498,1673700.000,8916,1,EA,1,100,1.687254
1755196280.913998,1673766.500,8933,2,EA,1,100,1.687254
1755196280.980499,1673833.000,8933,2,EA,1,100,1.687254
1755196281.047499,1673900.000,8949,1,EA,1,100,1.687254
1755196281.114000,1673966.500,8967,2,EA,1,100,1.688481
1755196281.180500,1674033.000,8967,2,EA,1,100,1.688069
1755196281.247501,1674100.000,8983,1,EA,1,100,1.687661
1755196281.314001,1674166.500,8998,2,EA,1,100,1.688889
1755196281.380501,1674233.000,8998,2,EA,1,100,1.688069
1755196281.447502,1674300.000,9015,1,EA,1,100,1.687254
1755196281.514002,1674366.500,9032,2,EA,1,100,1.688069
1755196281.580503,1674433.000,9032,2,EA,1,100,1.687661
1755196281.647503,1674500.000,9048,1,EA,1,100,1.689301
1755196281.714004,1674566.500,9069,2,EA,1,100,1.689301
1755196281.780504,1674633.000,9069,2,EA,1,100,1.688069
1755196281.847505,1674700.000,9087,1,EA,1,100,1.689301
1755196281.914005,1674766.500,9104,2,EA,1,100,1.687254
1755196281.980506,1674833.000,9104,2,EA,1,100,1.688481
1755196282.047506,1674900.000,9120,1,EA,1,100,1.688889
1755196282.114007,1674966.500,9136,2,EA,1,100,1.688889
1755196282.180507,1675033.000,9136,2,EA,1,100,1.688889
1755196282.247508,1675100.000,9152,1,EA,1,100,1.689301
1755196282.314008,1675166.500,9169,2,EA,1,100,1.689301
1755196282.380509,1675233.000,9169,2,EA,1,100,1.689301
1755196282.447509,1675300.000,9186,1,EA,1,100,1.689709
1755196282.514010,1675366.500,9202,2,EA,1,100,1.689709
1755196282.580510,1675433.000,9202,2,EA,1,100,1.690118
1755196282.647510,1675500.000,9217,1,EA,1,100,1.690530
1755196282.714011,1675566.500,9235,2,EA,1,100,1.690118
1755196282.780511,1675633.000,9235,2,EA,1,100,1.690118
1755196282.847012,1675699.500,9251,2,EA,1,100,1.690530
1755196282.913512,1675766.000,9251,2,EA,1,100,1.691353
1755196282.980513,1675833.000,9268,1,EA,1,100,1.690530
1755196283.047013,1675899.500,9283,2,EA,1,100,1.690940
1755196283.113514,1675966.000,9283,2,EA,1,100,1.690940
1755196283.180514,1676033.000,9300,1,EA,1,100,1.690940
1755196283.247015,1676099.500,9316,2,EA,1,100,1.691353
1755196283.313515,1676166.000,9316,2,EA,1,100,1.691353
1755196283.380516,1676233.000,9333,1,EA,1,100,1.691353
1755196283.447016,1676299.500,9348,2,EA,1,100,1.691762
1755196283.513517,1676366.000,9348,2,EA,1,100,1.690940
1755196283.580517,1676433.000,9365,1,EA,1,100,1.691762
1755196283.647018,1676499.500,9381,2,EA,1,100,1.691353
1755196283.713518,1676566.000,9381,2,EA,1,100,1.690118
1755196283.780519,1676633.000,9399,1,EA,1,100,1.690118
1755196283.847019,1676699.500,9415,2,EA,1,100,1.691353
1755196283.913519,1676766.000,9415,2,EA,1,100,1.690940
1755196283.980520,1676833.000,9432,1,EA,1,100,1.690940
1755196284.047020,1676899.500,9449,2,EA,1,100,1.692172
1755196284.113521,1676966.000,9449,2,EA,1,100,1.691762
1755196284.180521,1677033.000,9466,1,EA,1,100,1.692172
1755196284.247022,1677099.500,9480,2,EA,1,100,1.691762
1755196284.313522,1677166.000,9480,2,EA,1,100,1.691762
1755196284.380523,1677233.000,9497,1,EA,1,100,1.692172
1755196284.447023,1677299.500,9514,2,EA,1,100,1.691353
1755196284.513524,1677366.000,9514,2,EA,1,100,1.692995
1755196284.580524,1677433.000,9531,1,EA,1,100,1.692585
1755196284.647025,1677499.500,9546,2,EA,1,100,1.692172
1755196284.713525,1677566.000,9546,2,EA,1,100,1.692995
1755196284.780526,1677633.000,9563,2,EA,1,100,1.693820
1755196284.847526,1677700.000,9563,2,EA,1,100,1.693409
1755196284.913527,1677766.000,9581,1,EA,1,100,1.695056
1755196284.980527,1677833.000,9598,2,EA,1,100,1.694231
1755196285.047528,1677900.000,9598,2,EA,1,100,1.694231
1755196285.113528,1677966.000,9615,1,EA,1,100,1.694231
1755196285.180529,1678033.000,9630,2,EA,1,100,1.694645
1755196285.247529,1678100.000,9630,2,EA,1,100,1.694231
1755196285.313529,1678166.000,9646,1,EA,1,100,1.694645
1755196285.380530,1678233.000,9664,2,EA,1,100,1.694231
1755196285.447530,1678300.000,9664,2,EA,1,100,1.695056
1755196285.513531,1678366.000,9680,1,EA,1,100,1.695056
1755196285.580531,1678433.000,9695,2,EA,1,100,1.694645
1755196285.647532,1678500.000,9695,2,EA,1,100,1.694645
1755196285.713532,1678566.000,9711,1,EA,1,100,1.695472
1755196285.780533,1678633.000,9729,2,EA,1,100,1.694231
1755196285.847533,1678700.000,9729,2,EA,1,100,1.694645
1755196285.913534,1678766.000,9745,1,EA,1,100,1.695056
1755196285.980034,1678832.500,9760,2,EA,1,100,1.694645
1755196286.046535,1678899.000,9760,2,EA,1,100,1.695056
1755196286.113535,1678966.000,9777,1,EA,1,100,1.695472
1755196286.180036,1679032.500,9794,2,EA,1,100,1.696294
1755196286.246536,1679099.000,9794,2,EA,1,100,1.695056
1755196286.313537,1679166.000,9810,1,EA,1,100,1.694231
1755196286.380037,1679232.500,9826,2,EA,1,100,1.694645
1755196286.446538,1679299.000,9826,2,EA,1,100,1.693820
1755196286.513538,1679366.000,9842,1,EA,1,100,1.694231
1755196286.580038,1679432.500,9859,2,EA,1,100,1.694645
1755196286.646539,1679499.000,9859,2,EA,1,100,1.694645
1755196286.713539,1679566.000,9875,1,EA,1,100,1.694645
1755196286.780540,1679633.000,9899,2,EA,1,100,1.694231
1755196286.847540,1679700.000,9899,2,EA,1,100,1.694231
1755196286.914041,1679766.500,9914,2,EA,1,100,1.694645
1755196286.980541,1679833.000,9914,2,EA,1,100,1.694645
1755196287.046542,1679899.000,9931,1,EA,1,100,1.695883
1755196287.113542,1679966.000,9948,2,EA,1,100,1.695056
1755196287.180543,1680033.000,9948,2,EA,1,100,1.694645
1755196287.246543,1680099.000,9965,1,EA,1,100,1.694645
1755196287.313544,1680166.000,9979,2,EA,1,100,1.695056
1755196287.380544,1680233.000,9979,2,EA,1,100,1.695472
1755196287.446545,1680299.000,9997,1,EA,1,100,1.695472
1755196287.513545,1680366.000,10013,2,EA,1,100,1.695056
1755196287.580546,1680433.000,10013,2,EA,1,100,1.695472
1755196287.646546,1680499.000,10032,1,EA,1,100,1.695056
1755196287.713547,1680566.000,10047,2,EA,1,100,1.694645
1755196287.780547,1680633.000,10047,2,EA,1,100,1.695883
1755196287.846547,1680699.000,10064,1,EA,1,100,1.695883
1755196287.913548,1680766.000,10080,2,EA,1,100,1.696294
1755196287.980548,1680833.000,10080,2,EA,1,100,1.695883
1755196288.046549,1680899.000,10097,1,EA,1,100,1.695883
1755196288.113549,1680966.000,10112,2,EA,1,100,1.696710
1755196288.180550,1681033.000,10112,2,EA,1,100,1.695883
1755196288.246550,1681099.000,10129,1,EA,1,100,1.695883
1755196288.313551,1681166.000,10145,2,EA,1,100,1.695472
1755196288.380551,1681233.000,10145,2,EA,1,100,1.695056
1755196288.446552,1681299.000,10165,1,EA,1,100,1.696294
1755196288.513552,1681366.000,10179,2,EA,1,100,1.697122
1755196288.580553,1681433.000,10179,2,EA,1,100,1.696710
1755196288.646553,1681499.000,10196,1,EA,1,100,1.696294
1755196288.713554,1681566.000,10213,2,EA,1,100,1.696294
1755196288.780554,1681633.000,10213,2,EA,1,100,1.696294
1755196288.846555,1681699.000,10232,1,EA,1,100,1.696294
1755196288.913555,1681766.000,10247,2,EA,1,100,1.697122
1755196288.980556,1681833.000,10247,2,EA,1,100,1.696710
1755196289.046556,1681899.000,10263,1,EA,1,100,1.697538
1755196289.113556,1681966.000,10280,2,EA,1,100,1.697122
1755196289.180557,1682033.000,10280,2,EA,1,100,1.697538
1755196289.247057,1682099.500,10297,2,EA,1,100,1.697122
1755196289.313558,1682166.000,10297,2,EA,1,100,1.697538
1755196289.380558,1682233.000,10313,1,EA,1,100,1.697538
1755196289.447059,1682299.500,10329,2,EA,1,100,1.697951
1755196289.513559,1682366.000,10329,2,EA,1,100,1.697538
1755196289.579560,1682432.000,10345,1,EA,1,100,1.697951
1755196289.646560,1682499.000,10362,2,EA,1,100,1.697951
1755196289.713561,1682566.000,10362,2,EA,1,100,1.698363
1755196289.779561,1682632.000,10379,1,EA,1,100,1.698363
1755196289.846562,1682699.000,10394,2,EA,1,100,1.697538
1755196289.913562,1682766.000,10394,2,EA,1,100,1.698780
1755196289.979563,1682832.000,10410,1,EA,1,100,1.698780
1755196290.046563,1682899.000,10428,2,EA,1,100,1.699193
1755196290.113564,1682966.000,10428,2,EA,1,100,1.698363
1755196290.179564,1683032.000,10444,1,EA,1,100,1.697951
1755196290.246565,1683099.000,10459,2,EA,1,100,1.699193
1755196290.313565,1683166.000,10459,2,EA,1,100,1.698780
1755196290.379565,1683232.000,10475,1,EA,1,100,1.699610
1755196290.446566,1683299.000,10493,2,EA,1,100,1.700024
1755196290.513566,1683366.000,10493,2,EA,1,100,1.700024
1755196290.579567,1683432.000,10509,1,EA,1,100,1.699610
1755196290.646567,1683499.000,10524,2,EA,1,100,1.699610
1755196290.713568,1683566.000,10524,2,EA,1,100,1.699610
1755196290.779568,1683632.000,10541,1,EA,1,100,1.700024
1755196290.846569,1683699.000,10558,2,EA,1,100,1.699610
1755196290.913569,1683766.000,10558,2,EA,1,100,1.700437
1755196290.979570,1683832.000,10574,1,EA,1,100,1.700855
1755196291.046570,1683899.000,10590,2,EA,1,100,1.701269
1755196291.113571,1683966.000,10590,2,EA,1,100,1.701269
1755196291.179571,1684032.000,10606,1,EA,1,100,1.701269
1755196291.246572,1684099.000,10623,2,EA,1,100,1.702516
1755196291.313572,1684166.000,10623,2,EA,1,100,1.702102
1755196291.379573,1684232.000,10639,1,EA,1,100,1.702516
1755196291.446573,1684299.000,10656,2,EA,1,100,1.702935
1755196291.513574,1684366.000,10656,2,EA,1,100,1.702516
1755196291.579574,1684432.000,10671,1,EA,1,100,1.703769
1755196291.646574,1684499.000,10688,2,EA,1,100,1.703769
1755196291.713575,1684566.000,10688,2,EA,1,100,1.704185
1755196291.780075,1684632.500,10705,2,EA,1,100,1.704185
1755196291.846576,1684699.000,10705,2,EA,1,100,1.702516
1755196291.913076,1684765.500,10727,2,EA,1,100,1.702516
1755196291.979577,1684832.000,10727,2,EA,1,100,1.703350
1755196292.046577,1684899.000,10744,1,EA,1,100,1.702935
1755196292.113078,1684965.500,10759,2,EA,1,100,1.702516
1755196292.179578,1685032.000,10759,2,EA,1,100,1.702102
1755196292.246579,1685099.000,10776,1,EA,1,100,1.700855
1755196292.313079,1685165.500,10792,2,EA,1,100,1.699193
1755196292.379580,1685232.000,10792,2,EA,1,100,1.697122
1755196292.446580,1685299.000,10810,1,EA,1,100,1.697538
1755196292.513081,1685365.500,10825,2,EA,1,100,1.700437
1755196292.579581,1685432.000,10825,2,EA,1,100,1.698363
1755196292.646582,1685499.000,10841,2,EA,1,100,1.698780
1755196292.713582,1685566.000,10841,2,EA,1,100,1.699610
1755196292.779583,1685632.000,10858,1,EA,1,100,1.701687
1755196292.846083,1685698.500,10875,2,EA,1,100,1.701269
1755196292.912583,1685765.000,10875,2,EA,1,100,1.700855
1755196292.979584,1685832.000,10891,1,EA,1,100,1.700855
1755196293.046084,1685898.500,10907,2,EA,1,100,1.700855
1755196293.112585,1685965.000,10907,2,EA,1,100,1.700437
1755196293.179585,1686032.000,10923,1,EA,1,100,1.701269
1755196293.246586,1686099.000,10942,2,EA,1,100,1.701687
1755196293.313586,1686166.000,10942,2,EA,1,100,1.702102
1755196293.379587,1686232.000,10958,1,EA,1,100,1.702516
1755196293.446087,1686298.500,10974,2,EA,1,100,1.702516
1755196293.512588,1686365.000,10974,2,EA,1,100,1.702102
1755196293.579588,1686432.000,10990,1,EA,1,100,1.702516
1755196293.646589,1686499.000,11007,2,EA,1,100,1.703350
1755196293.713589,1686566.000,11007,2,EA,1,100,1.702516
1755196293.779590,1686632.000,11024,1,EA,1,100,1.702516
1755196293.846090,1686698.500,11041,2,EA,1,100,1.702516
1755196293.912591,1686765.000,11041,2,EA,1,100,1.703350
1755196293.979591,1686832.000,11057,1,EA,1,100,1.703350
1755196294.046092,1686898.500,11075,2,EA,1,100,1.703350
1755196294.112592,1686965.000,11075,2,EA,1,100,1.703350
1755196294.179592,1687032.000,11091,1,EA,1,100,1.702516
1755196294.246593,1687099.000,11106,2,EA,1,100,1.703350
1755196294.313593,1687166.000,11106,2,EA,1,100,1.703769
1755196294.379594,1687232.000,11122,1,EA,1,100,1.702935
1755196294.446594,1687299.000,11140,2,EA,1,100,1.703350
1755196294.513595,1687366.000,11140,2,EA,1,100,1.703350
1755196294.579595,1687432.000,11156,1,EA,1,100,1.703350
1755196294.646096,1687498.500,11172,2,EA,1,100,1.703350
1755196294.712596,1687565.000,11172,2,EA,1,100,1.704600
1755196294.779597,1687632.000,11188,1,EA,1,100,1.706690
1755196294.846097,1687698.500,11205,2,EA,1,100,1.705436
1755196294.912598,1687765.000,11205,2,EA,1,100,1.706273
1755196294.979598,1687832.000,11221,2,EA,1,100,1.706273
1755196295.046599,1687899.000,11221,2,EA,1,100,1.705436
1755196295.112599,1687965.000,11239,1,EA,1,100,1.705436
1755196295.179600,1688032.000,11253,2,EA,1,100,1.705857
1755196295.246600,1688099.000,11253,2,EA,1,100,1.705020
1755196295.312601,1688165.000,11270,1,EA,1,100,1.705436
1755196295.379601,1688232.000,11287,2,EA,1,100,1.705436
1755196295.446601,1688299.000,11287,2,EA,1,100,1.706690
1755196295.512602,1688365.000,11304,1,EA,1,100,1.705020
1755196295.579602,1688432.000,11318,2,EA,1,100,1.704600
1755196295.646603,1688499.000,11318,2,EA,1,100,1.705436
1755196295.712603,1688565.000,11335,1,EA,1,100,1.705436
1755196295.779604,1688632.000,11352,2,EA,1,100,1.705020
1755196295.846604,1688699.000,11352,2,EA,1,100,1.705436
1755196295.912605,1688765.000,11369,1,EA,1,100,1.705436
1755196295.979105,1688831.500,11383,2,EA,1,100,1.705857
1755196296.045606,1688898.000,11383,2,EA,1,100,1.705020
1755196296.112606,1688965.000,11401,1,EA,1,100,1.705857
1755196296.179107,1689031.500,11417,2,EA,1,100,1.705857
1755196296.245607,1689098.000,11417,2,EA,1,100,1.705436
1755196296.312608,1689165.000,11434,1,EA,1,100,1.705857
1755196296.379108,1689231.500,11449,2,EA,1,100,1.706690
1755196296.445609,1689298.000,11449,2,EA,1,100,1.707111
1755196296.512609,1689365.000,11466,1,EA,1,100,1.705857
1755196296.579110,1689431.500,11482,2,EA,1,100,1.707528
1755196296.645610,1689498.000,11482,2,EA,1,100,1.705857
1755196296.712610,1689565.000,11499,1,EA,1,100,1.706690
1755196296.779111,1689631.500,11514,2,EA,1,100,1.707111
1755196296.845611,1689698.000,11514,2,EA,1,100,1.707111
1755196296.912612,1689765.000,11531,1,EA,1,100,1.707949
1755196296.979279,1689831.667,11552,3,EA,1,100,1.707111
1755196297.045946,1689898.333,11552,3,EA,1,100,1.707949
1755196297.112613,1689965.000,11552,3,EA,1,100,1.707949
1755196297.179614,1690032.000,11568,2,EA,1,100,1.707949
1755196297.246614,1690099.000,11568,2,EA,1,100,1.707528
1755196297.312615,1690165.000,11585,1,EA,1,100,1.707949
1755196297.379115,1690231.500,11602,2,EA,1,100,1.707949
1755196297.445616,1690298.000,11602,2,EA,1,100,1.707949
1755196297.512616,1690365.000,11619,1,EA,1,100,1.707949
1755196297.579117,1690431.500,11634,2,EA,1,100,1.708784
1755196297.645617,1690498.000,11634,2,EA,1,100,1.708367
1755196297.712618,1690565.000,11651,2,EA,1,100,1.708367
1755196297.779618,1690632.000,11651,2,EA,1,100,1.708784
1755196297.845619,1690698.000,11667,1,EA,1,100,1.709624
1755196297.912619,1690765.000,11684,2,EA,1,100,1.708784
1755196297.979619,1690832.000,11684,2,EA,1,100,1.708367
1755196298.045620,1690898.000,11700,1,EA,1,100,1.709206
1755196298.112620,1690965.000,11718,2,EA,1,100,1.709206
1755196298.179621,1691032.000,11718,2,EA,1,100,1.708784
1755196298.245621,1691098.000,11734,1,EA,1,100,1.709624
1755196298.312622,1691165.000,11751,2,EA,1,100,1.708784
1755196298.379622,1691232.000,11751,2,EA,1,100,1.708784
1755196298.445623,1691298.000,11768,1,EA,1,100,1.708784
1755196298.512623,1691365.000,11783,2,EA,1,100,1.709206
1755196298.579624,1691432.000,11783,2,EA,1,100,1.709624
1755196298.645624,1691498.000,11799,1,EA,1,100,1.709624
1755196298.712625,1691565.000,11817,2,EA,1,100,1.709624
1755196298.779625,1691632.000,11817,2,EA,1,100,1.709624
1755196298.845626,1691698.000,11837,1,EA,1,100,1.709624
1755196298.912626,1691765.000,11852,2,EA,1,100,1.710884
1755196298.979627,1691832.000,11852,2,EA,1,100,1.710046
1755196299.045627,1691898.000,11868,1,EA,1,100,1.710046
1755196299.112628,1691965.000,11886,2,EA,1,100,1.710465
1755196299.179628,1692032.000,11886,2,EA,1,100,1.709624
1755196299.245628,1692098.000,11902,1,EA,1,100,1.710046
1755196299.312629,1692165.000,11917,2,EA,1,100,1.710046
1755196299.379629,1692232.000,11917,2,EA,1,100,1.710046
1755196299.445630,1692298.000,11934,1,EA,1,100,1.710046
1755196299.512630,1692365.000,11951,2,EA,1,100,1.709206
1755196299.579631,1692432.000,11951,2,EA,1,100,1.710046
1755196299.645631,1692498.000,11969,1,EA,1,100,1.710046
1755196299.712632,1692565.000,11986,2,EA,1,100,1.710465
1755196299.779632,1692632.000,11986,2,EA,1,100,1.710046
1755196299.845633,1692698.000,12001,1,EA,1,100,1.710884
1755196299.912133,1692764.500,12018,2,EA,1,100,1.711307
1755196299.978634,1692831.000,12018,2,EA,1,100,1.711307
1755196300.045634,1692898.000,12034,1,EA,1,100,1.711307
1755196300.112135,1692964.500,12051,2,EA,1,100,1.711726
1755196300.178635,1693031.000,12051,2,EA,1,100,1.711307
1755196300.245636,1693098.000,12066,2,EA,1,100,1.712569
1755196300.312636,1693165.000,12066,2,EA,1,100,1.712149
1755196300.378637,1693231.000,12083,1,EA,1,100,1.712988
1755196300.445637,1693298.000,12100,2,EA,1,100,1.713412
1755196300.512638,1693365.000,12100,2,EA,1,100,1.713832
1755196300.578638,1693431.000,12117,1,EA,1,100,1.713412
1755196300.645638,1693498.000,12131,2,EA,1,100,1.713832
1755196300.712639,1693565.000,12131,2,EA,1,100,1.713412
1755196300.778639,1693631.000,12149,1,EA,1,100,1.713412
1755196300.845640,1693698.000,12165,2,EA,1,100,1.712569
1755196300.912640,1693765.000,12165,2,EA,1,100,1.712988
1755196300.978641,1693831.000,12182,1,EA,1,100,1.711726
1755196301.045641,1693898.000,12197,2,EA,1,100,1.712149
1755196301.112642,1693965.000,12197,2,EA,1,100,1.712149
1755196301.178642,1694031.000,12214,1,EA,1,100,1.711726
1755196301.245643,1694098.000,12230,2,EA,1,100,1.712149
1755196301.312643,1694165.000,12230,2,EA,1,100,1.712149
1755196301.378644,1694231.000,12247,1,EA,1,100,1.711726
1755196301.445644,1694298.000,12262,2,EA,1,100,1.712149
1755196301.512645,1694365.000,12262,2,EA,1,100,1.712149
1755196301.578645,1694431.000,12279,1,EA,1,100,1.712988
1755196301.645646,1694498.000,12295,2,EA,1,100,1.713412
1755196301.712646,1694565.000,12295,2,EA,1,100,1.714257
1755196301.778647,1694631.000,12313,1,EA,1,100,1.713832
1755196301.845647,1694698.000,12327,2,EA,1,100,1.714677
1755196301.912647,1694765.000,12327,2,EA,1,100,1.714257
1755196301.978648,1694831.000,12344,1,EA,1,100,1.715523
1755196302.045648,1694898.000,12361,2,EA,1,100,1.714677
1755196302.112649,1694965.000,12361,2,EA,1,100,1.714257
1755196302.178649,1695031.000,12385,1,EA,1,100,1.714257
1755196302.245650,1695098.000,12400,2,EA,1,100,1.715523
1755196302.312650,1695165.000,12400,2,EA,1,100,1.715098
1755196302.378651,1695231.000,12416,1,EA,1,100,1.715523
1755196302.445651,1695298.000,12433,2,EA,1,100,1.714677
1755196302.512652,1695365.000,12433,2,EA,1,100,1.715945
1755196302.579152,1695431.500,12450,2,EA,1,100,1.715945
1755196302.645653,1695498.000,12450,2,EA,1,100,1.715098
1755196302.711653,1695564.000,12466,1,EA,1,100,1.714257
1755196302.778654,1695631.000,12482,2,EA,1,100,1.715523
1755196302.845654,1695698.000,12482,2,EA,1,100,1.715945
1755196302.911655,1695764.000,12498,1,EA,1,100,1.716370
1755196302.978655,1695831.000,12515,2,EA,1,100,1.717213
1755196303.045656,1695898.000,12515,2,EA,1,100,1.715945
1755196303.112656,1695965.000,12532,1,EA,1,100,1.716791
1755196303.179156,1696031.500,12547,2,EA,1,100,1.715945
1755196303.245657,1696098.000,12547,2,EA,1,100,1.715945
1755196303.311657,1696164.000,12563,1,EA,1,100,1.716791
1755196303.378658,1696231.000,12581,2,EA,1,100,1.717213
1755196303.445658,1696298.000,12581,2,EA,1,100,1.717213
1755196303.511659,1696364.000,12597,1,EA,1,100,1.716370
1755196303.578659,1696431.000,12614,2,EA,1,100,1.716370
1755196303.645660,1696498.000,12614,2,EA,1,100,1.717213
1755196303.711660,1696564.000,12630,1,EA,1,100,1.716791
1755196303.778661,1696631.000,12650,2,EA,1,100,1.715945
1755196303.845661,1696698.000,12650,2,EA,1,100,1.716791
1755196303.911662,1696764.000,12666,1,EA,1,100,1.716791
1755196303.978662,1696831.000,12681,2,EA,1,100,1.716791
1755196304.045663,1696898.000,12681,2,EA,1,100,1.717213
1755196304.111663,1696964.000,12698,1,EA,1,100,1.717213
1755196304.178664,1697031.000,12715,2,EA,1,100,1.717213
1755196304.245664,1697098.000,12715,2,EA,1,100,1.717213
1755196304.311665,1697164.000,12733,1,EA,1,100,1.717213
1755196304.378665,1697231.000,12750,2,EA,1,100,1.718062
1755196304.445665,1697298.000,12750,2,EA,1,100,1.718062
1755196304.511666,1697364.000,12765,1,EA,1,100,1.718488
1755196304.578666,1697431.000,12782,2,EA,1,100,1.718911
1755196304.645667,1697498.000,12782,2,EA,1,100,1.718911
1755196304.711667,1697564.000,12798,1,EA,1,100,1.718911
1755196304.778668,1697631.000,12815,2,EA,1,100,1.718488
1755196304.845668,1697698.000,12815,2,EA,1,100,1.718911
1755196304.912169,1697764.500,12830,2,EA,1,100,1.720184
1755196304.978669,1697831.000,12830,2,EA,1,100,1.718488
1755196305.045670,1697898.000,12847,1,EA,1,100,1.719334
1755196305.112170,1697964.500,12866,2,EA,1,100,1.720612
1755196305.178671,1698031.000,12866,2,EA,1,100,1.719761
1755196305.245671,1698098.000,12883,1,EA,1,100,1.720184
1755196305.312172,1698164.500,12897,2,EA,1,100,1.720612
1755196305.378672,1698231.000,12897,2,EA,1,100,1.719334
1755196305.445673,1698298.000,12915,1,EA,1,100,1.719761
1755196305.512173,1698364.500,12931,2,EA,1,100,1.719334
1755196305.578674,1698431.000,12931,2,EA,1,100,1.718911
1755196305.645674,1698498.000,12948,1,EA,1,100,1.719334
1755196305.712174,1698564.500,12963,2,EA,1,100,1.719334
1755196305.778675,1698631.000,12963,2,EA,1,100,1.718488
1755196305.845675,1698698.000,12980,1,EA,1,100,1.718062
1755196305.912176,1698764.500,12996,2,EA,1,100,1.717639
1755196305.978676,1698831.000,12996,2,EA,1,100,1.718911
1755196306.044677,1698897.000,13015,1,EA,1,100,1.718062
1755196306.111677,1698964.000,13030,2,EA,1,100,1.719334
1755196306.178678,1699031.000,13030,2,EA,1,100,1.719334
1755196306.244678,1699097.000,13047,1,EA,1,100,1.720184
1755196306.311679,1699164.000,13063,2,EA,1,100,1.719334
1755196306.378679,1699231.000,13063,2,EA,1,100,1.719761
1755196306.444680,1699297.000,13081,1,EA,1,100,1.719761
1755196306.511680,1699364.000,13095,2,EA,1,100,1.719334
1755196306.578681,1699431.000,13095,2,EA,1,100,1.718911
1755196306.645681,1699498.000,13112,1,EA,1,100,1.718488
1755196306.712182,1699564.500,13129,2,EA,1,100,1.718488
1755196306.778682,1699631.000,13129,2,EA,1,100,1.718488
1755196306.845683,1699698.000,13146,1,EA,1,100,1.718488
1755196306.912183,1699764.500,13163,2,EA,1,100,1.719334
1755196306.978683,1699831.000,13163,2,EA,1,100,1.718911
1755196307.045684,1699898.000,13179,1,EA,1,100,1.719761
1755196307.112184,1699964.500,13196,2,EA,1,100,1.719334
1755196307.178685,1700031.000,13196,2,EA,1,100,1.719761
1755196307.245685,1700098.000,13218,1,EA,1,100,1.719334
1755196307.312186,1700164.500,13233,2,EA,1,100,1.720184
1755196307.378686,1700231.000,13233,2,EA,1,100,1.720612
1755196307.445187,1700297.500,13250,2,EA,1,100,1.721035
1755196307.511687,1700364.000,13250,2,EA,1,100,1.719334
1755196307.578688,1700431.000,13266,1,EA,1,100,1.720184
1755196307.645188,1700497.500,13283,2,EA,1,100,1.721035
1755196307.711689,1700564.000,13283,2,EA,1,100,1.721459
1755196307.778689,1700631.000,13300,1,EA,1,100,1.722312
1755196307.845190,1700697.500,13315,2,EA,1,100,1.722740
1755196307.911690,1700764.000,13315,2,EA,1,100,1.722740
1755196307.978691,1700831.000,13333,1,EA,1,100,1.721887
1755196308.045191,1700897.500,13351,2,EA,1,100,1.721887
1755196308.111692,1700964.000,13351,2,EA,1,100,1.722312
1755196308.178692,1701031.000,13367,1,EA,1,100,1.722312
1755196308.245192,1701097.500,13382,2,EA,1,100,1.722312
1755196308.311693,1701164.000,13382,2,EA,1,100,1.722740
1755196308.378693,1701231.000,13398,1,EA,1,100,1.722740
1755196308.445194,1701297.500,13416,2,EA,1,100,1.722740
1755196308.511694,1701364.000,13416,2,EA,1,100,1.722740
1755196308.578695,1701431.000,13432,1,EA,1,100,1.721887
1755196308.645195,1701497.500,13447,2,EA,1,100,1.722740
1755196308.711696,1701564.000,13447,2,EA,1,100,1.722740
1755196308.778696,1701631.000,13464,1,EA,1,100,1.721887
1755196308.845197,1701697.500,13483,2,EA,1,100,1.722740
1755196308.911697,1701764.000,13483,2,EA,1,100,1.722312
1755196308.978698,1701831.000,13499,1,EA,1,100,1.722312
1755196309.045198,1701897.500,13515,2,EA,1,100,1.723165
1755196309.111699,1701964.000,13515,2,EA,1,100,1.723590
1755196309.178699,1702031.000,13531,1,EA,1,100,1.724019
1755196309.245200,1702097.500,13548,2,EA,1,100,1.723590
1755196309.311700,1702164.000,13548,2,EA,1,100,1.724019
1755196309.378701,1702231.000,13564,1,EA,1,100,1.724019
1755196309.445201,1702297.500,13581,2,EA,1,100,1.723590
1755196309.511701,1702364.000,13581,2,EA,1,100,1.723590
1755196309.578702,1702431.000,13596,1,EA,1,100,1.723590
1755196309.645202,1702497.500,13613,2,EA,1,100,1.724019
1755196309.711703,1702564.000,13613,2,EA,1,100,1.725726
1755196309.778703,1702631.000,13630,1,EA,1,100,1.725300
1755196309.845204,1702697.500,13647,2,EA,1,100,1.724019
1755196309.911704,1702764.000,13647,2,EA,1,100,1.724019
1755196309.978205,1702830.500,13663,2,EA,1,100,1.725726
1755196310.044705,1702897.000,13663,2,EA,1,100,1.724874
1755196310.111706,1702964.000,13681,1,EA,1,100,1.726156
1755196310.178206,1703030.500,13697,2,EA,1,100,1.725726
1755196310.244707,1703097.000,13697,2,EA,1,100,1.725726
1755196310.311707,1703164.000,13714,1,EA,1,100,1.727014
1755196310.378208,1703230.500,13729,2,EA,1,100,1.727867
1755196310.444708,1703297.000,13729,2,EA,1,100,1.727867
1755196310.511709,1703364.000,13746,1,EA,1,100,1.726583
1755196310.578209,1703430.500,13762,2,EA,1,100,1.725726
1755196310.644710,1703497.000,13762,2,EA,1,100,1.726156
1755196310.711710,1703564.000,13781,1,EA,1,100,1.727014
1755196310.778210,1703630.500,13796,2,EA,1,100,1.726583
1755196310.844711,1703697.000,13796,2,EA,1,100,1.725726
1755196310.911711,1703764.000,13813,1,EA,1,100,1.726583
1755196310.978212,1703830.500,13829,2,EA,1,100,1.727867
1755196311.044712,1703897.000,13829,2,EA,1,100,1.726583
1755196311.111713,1703964.000,13847,1,EA,1,100,1.727440
1755196311.178213,1704030.500,13861,2,EA,1,100,1.727440
1755196311.244714,1704097.000,13861,2,EA,1,100,1.726583
1755196311.311714,1704164.000,13878,1,EA,1,100,1.727014
1755196311.378215,1704230.500,13895,2,EA,1,100,1.727440
1755196311.444715,1704297.000,13895,2,EA,1,100,1.727440
1755196311.511716,1704364.000,13914,1,EA,1,100,1.727440
1755196311.578216,1704430.500,13928,2,EA,1,100,1.727014
1755196311.644717,1704497.000,13928,2,EA,1,100,1.726156
1755196311.711717,1704564.000,13945,1,EA,1,100,1.727014
1755196311.778218,1704630.500,13962,2,EA,1,100,1.727440
1755196311.844718,1704697.000,13962,2,EA,1,100,1.727867
1755196311.911719,1704764.000,13979,1,EA,1,100,1.728299
1755196311.978219,1704830.500,13994,2,EA,1,100,1.727867
1755196312.044719,1704897.000,13994,2,EA,1,100,1.727867
1755196312.111220,1704963.500,14011,2,EA,1,100,1.728726
1755196312.177720,1705030.000,14011,2,EA,1,100,1.727867
1755196312.244721,1705097.000,14027,1,EA,1,100,1.728299
1755196312.311221,1705163.500,14044,2,EA,1,100,1.727014
1755196312.377722,1705230.000,14044,2,EA,1,100,1.727014
1755196312.444722,1705297.000,14068,1,EA,1,100,1.727440
1755196312.511223,1705363.500,14083,2,EA,1,100,1.728299
1755196312.577723,1705430.000,14083,2,EA,1,100,1.727867
1755196312.644724,1705497.000,14099,1,EA,1,100,1.728726
1755196312.711224,1705563.500,14117,2,EA,1,100,1.728299
1755196312.777725,1705630.000,14117,2,EA,1,100,1.727867
1755196312.844725,1705697.000,14133,1,EA,1,100,1.728299
1755196312.911226,1705763.500,14148,2,EA,1,100,1.728726
1755196312.977726,1705830.000,14148,2,EA,1,100,1.728299
1755196313.044727,1705897.000,14164,1,EA,1,100,1.728299
1755196313.111227,1705963.500,14182,2,EA,1,100,1.728299
1755196313.177728,1706030.000,14182,2,EA,1,100,1.728299
1755196313.244728,1706097.000,14198,1,EA,1,100,1.728726
1755196313.311228,1706163.500,14213,2,EA,1,100,1.729158
1755196313.377729,1706230.000,14213,2,EA,1,100,1.728299
1755196313.444729,1706297.000,14230,1,EA,1,100,1.728726
1755196313.511230,1706363.500,14249,2,EA,1,100,1.728299
1755196313.577730,1706430.000,14249,2,EA,1,100,1.728726
1755196313.644731,1706497.000,14265,1,EA,1,100,1.728726
1755196313.711231,1706563.500,14281,2,EA,1,100,1.728299
1755196313.777732,1706630.000,14281,2,EA,1,100,1.728726
1755196313.844732,1706697.000,14299,1,EA,1,100,1.729158
1755196313.911233,1706763.500,14316,2,EA,1,100,1.729158
1755196313.977733,1706830.000,14316,2,EA,1,100,1.728726
1755196314.044734,1706897.000,14332,1,EA,1,100,1.729586
1755196314.111234,1706963.500,14349,2,EA,1,100,1.729158
1755196314.177735,1707030.000,14349,2,EA,1,100,1.729158
1755196314.244735,1707097.000,14364,1,EA,1,100,1.730875
1755196314.311236,1707163.500,14381,2,EA,1,100,1.730014
1755196314.377736,1707230.000,14381,2,EA,1,100,1.730014
1755196314.444737,1707297.000,14398,1,EA,1,100,1.729586
1755196314.511237,1707363.500,14416,2,EA,1,100,1.730447
1755196314.577737,1707430.000,14416,2,EA,1,100,1.730875
1755196314.644238,1707496.500,14431,2,EA,1,100,1.731737
1755196314.710738,1707563.000,14431,2,EA,1,100,1.730014
1755196314.777739,1707630.000,14449,1,EA,1,100,1.731308
1755196314.844239,1707696.500,14465,2,EA,1,100,1.731308
1755196314.910740,1707763.000,14465,2,EA,1,100,1.731308
1755196314.977740,1707830.000,14482,1,EA,1,100,1.731308
1755196315.044241,1707896.500,14497,2,EA,1,100,1.730875
1755196315.110741,1707963.000,14497,2,EA,1,100,1.730447
1755196315.177742,1708030.000,14514,1,EA,1,100,1.730447
1755196315.244242,1708096.500,14530,2,EA,1,100,1.730447
1755196315.310743,1708163.000,14530,2,EA,1,100,1.730447
1755196315.377743,1708230.000,14549,1,EA,1,100,1.730014
1755196315.444244,1708296.500,14564,2,EA,1,100,1.730014
1755196315.510744,1708363.000,14564,2,EA,1,100,1.730014
1755196315.577745,1708430.000,14581,1,EA,1,100,1.730875
1755196315.644245,1708496.500,14597,2,EA,1,100,1.730447
1755196315.710746,1708563.000,14597,2,EA,1,100,1.730875
1755196315.777746,1708630.000,14615,1,EA,1,100,1.730875
1755196315.844247,1708696.500,14629,2,EA,1,100,1.730875
1755196315.910747,1708763.000,14629,2,EA,1,100,1.730014
1755196315.977747,1708830.000,14646,1,EA,1,100,1.730014
1755196316.044248,1708896.500,14663,2,EA,1,100,1.730014
1755196316.110748,1708963.000,14663,2,EA,1,100,1.730014
1755196316.177749,1709030.000,14680,1,EA,1,100,1.729586
1755196316.244249,1709096.500,14696,2,EA,1,100,1.730014
1755196316.310750,1709163.000,14696,2,EA,1,100,1.730447
1755196316.377750,1709230.000,14713,1,EA,1,100,1.730014
1755196316.444251,1709296.500,14730,2,EA,1,100,1.730014
1755196316.510751,1709363.000,14730,2,EA,1,100,1.730014
1755196316.577752,1709430.000,14747,1,EA,1,100,1.730014
1755196316.644252,1709496.500,14762,2,EA,1,100,1.729158
1755196316.710753,1709563.000,14762,2,EA,1,100,1.728726
1755196316.777753,1709630.000,14779,1,EA,1,100,1.730014
1755196316.844254,1709696.500,14795,2,EA,1,100,1.729158
1755196316.910754,1709763.000,14795,2,EA,1,100,1.730014
1755196316.977255,1709829.500,14812,2,EA,1,100,1.730014
1755196317.043755,1709896.000,14812,2,EA,1,100,1.730014
1755196317.110756,1709963.000,14829,1,EA,1,100,1.729586
1755196317.177256,1710029.500,14846,2,EA,1,100,1.730014
1755196317.243756,1710096.000,14846,2,EA,1,100,1.730014
1755196317.310757,1710163.000,14862,1,EA,1,100,1.730014
1755196317.377257,1710229.500,14880,2,EA,1,100,1.730447
1755196317.443758,1710296.000,14880,2,EA,1,100,1.730447
1755196317.510758,1710363.000,14901,1,EA,1,100,1.730447
1755196317.577259,1710429.500,14916,2,EA,1,100,1.730447
1755196317.643759,1710496.000,14916,2,EA,1,100,1.729158
1755196317.710760,1710563.000,14932,1,EA,1,100,1.730447
1755196317.777260,1710629.500,14950,2,EA,1,100,1.730447
1755196317.843761,1710696.000,14950,2,EA,1,100,1.730875
1755196317.910761,1710763.000,14966,1,EA,1,100,1.731308
1755196317.977262,1710829.500,14981,2,EA,1,100,1.731308
1755196318.043762,1710896.000,14981,2,EA,1,100,1.730447
1755196318.110763,1710963.000,15000,1,EA,1,100,1.730447
1755196318.177263,1711029.500,15017,2,EA,1,100,1.730875
1755196318.243764,1711096.000,15017,2,EA,1,100,1.730875
1755196318.310764,1711163.000,15033,1,EA,1,100,1.730875
1755196318.377265,1711229.500,15050,2,EA,1,100,1.731308
1755196318.443765,1711296.000,15050,2,EA,1,100,1.730875
1755196318.510765,1711363.000,15065,1,EA,1,100,1.731308
1755196318.577266,1711429.500,15082,2,EA,1,100,1.731308
1755196318.643766,1711496.000,15082,2,EA,1,100,1.731737
1755196318.710767,1711563.000,15099,2,EA,1,100,1.731308
1755196318.777767,1711630.000,15099,2,EA,1,100,1.732600
1755196318.843768,1711696.000,15118,1,EA,1,100,1.732600
1755196318.910768,1711763.000,15134,2,EA,1,100,1.732166
1755196318.977769,1711830.000,15134,2,EA,1,100,1.732166
1755196319.043769,1711896.000,15151,1,EA,1,100,1.732166
1755196319.110770,1711963.000,15168,2,EA,1,100,1.731737
1755196319.177770,1712030.000,15168,2,EA,1,100,1.732166
1755196319.243771,1712096.000,15185,1,EA,1,100,1.732166
1755196319.310271,1712162.500,15199,2,EA,1,100,1.733029
1755196319.376772,1712229.000,15199,2,EA,1,100,1.731737
1755196319.443772,1712296.000,15217,1,EA,1,100,1.731737
1755196319.510273,1712362.500,15233,2,EA,1,100,1.733029
1755196319.576773,1712429.000,15233,2,EA,1,100,1.732600
1755196319.643774,1712496.000,15250,1,EA,1,100,1.733029
1755196319.710274,1712562.500,15265,2,EA,1,100,1.733029
1755196319.776774,1712629.000,15265,2,EA,1,100,1.732600
1755196319.843775,1712696.000,15284,1,EA,1,100,1.733893
1755196319.910275,1712762.500,15300,2,EA,1,100,1.733893
1755196319.976776,1712829.000,15300,2,EA,1,100,1.733893
1755196320.043776,1712896.000,15317,1,EA,1,100,1.733893
1755196320.110277,1712962.500,15332,2,EA,1,100,1.733029
1755196320.176777,1713029.000,15332,2,EA,1,100,1.733029
1755196320.243778,1713096.000,15349,1,EA,1,100,1.733893
1755196320.310278,1713162.500,15365,2,EA,1,100,1.733463
1755196320.376779,1713229.000,15365,2,EA,1,100,1.734324
1755196320.443779,1713296.000,15383,1,EA,1,100,1.733893
1755196320.510280,1713362.500,15397,2,EA,1,100,1.733463
1755196320.576780,1713429.000,15397,2,EA,1,100,1.733893
1755196320.643781,1713496.000,15414,1,EA,1,100,1.733893
1755196320.710281,1713562.500,15431,2,EA,1,100,1.733893
1755196320.776782,1713629.000,15431,2,EA,1,100,1.733893
1755196320.843782,1713696.000,15448,1,EA,1,100,1.733463
1755196320.910283,1713762.500,15463,2,EA,1,100,1.733893
1755196320.976783,1713829.000,15463,2,EA,1,100,1.734324
1755196321.043783,1713896.000,15480,2,EA,1,100,1.733893
1755196321.110784,1713963.000,15480,2,EA,1,100,1.734324
1755196321.176784,1714029.000,15496,1,EA,1,100,1.733893
1755196321.243785,1714096.000,15513,2,EA,1,100,1.733893
1755196321.310785,1714163.000,15513,2,EA,1,100,1.734324
1755196321.376786,1714229.000,15529,1,EA,1,100,1.734758
1755196321.443786,1714296.000,15545,2,EA,1,100,1.735189
1755196321.510787,1714363.000,15545,2,EA,1,100,1.735189
1755196321.576787,1714429.000,15561,1,EA,1,100,1.733893
1755196321.643788,1714496.000,15578,2,EA,1,100,1.733029
1755196321.710788,1714563.000,15578,2,EA,1,100,1.733029
1755196321.776789,1714629.000,15595,1,EA,1,100,1.734758
1755196321.843789,1714696.000,15610,2,EA,1,100,1.735624
1755196321.910790,1714763.000,15610,2,EA,1,100,1.736055
1755196321.976790,1714829.000,15626,1,EA,1,100,1.736922
1755196322.043791,1714896.000,15644,2,EA,1,100,1.737354
1755196322.110791,1714963.000,15644,2,EA,1,100,1.737790
1755196322.176792,1715029.000,15660,1,EA,1,100,1.736486
1755196322.243792,1715096.000,15677,2,EA,1,100,1.737354
1755196322.310792,1715163.000,15677,2,EA,1,100,1.736922
1755196322.376793,1715229.000,15693,1,EA,1,100,1.739091
1755196322.443793,1715296.000,15711,2,EA,1,100,1.739091
1755196322.510794,1715363.000,15711,2,EA,1,100,1.736922
1755196322.576794,1715429.000,15727,1,EA,1,100,1.735189
1755196322.643295,1715495.500,15747,2,EA,1,100,1.734324
1755196322.709795,1715562.000,15747,2,EA,1,100,1.732166
1755196322.776796,1715629.000,15764,1,EA,1,100,1.731737
1755196322.843796,1715696.000,15781,2,EA,1,100,1.734324
1755196322.910797,1715763.000,15781,2,EA,1,100,1.736486
1755196322.976797,1715829.000,15797,1,EA,1,100,1.736486
1755196323.043298,1715895.500,15814,2,EA,1,100,1.737790
1755196323.109798,1715962.000,15814,2,EA,1,100,1.737790
1755196323.176799,1716029.000,15829,2,EA,1,100,1.737354
1755196323.243799,1716096.000,15829,2,EA,1,100,1.738222
1755196323.309800,1716162.000,15846,1,EA,1,100,1.740828
1755196323.376800,1716229.000,15863,2,EA,1,100,1.740395
1755196323.443801,1716296.000,15863,2,EA,1,100,1.739524
1755196323.509801,1716362.000,15880,1,EA,1,100,1.738222
1755196323.576801,1716429.000,15894,2,EA,1,100,1.737354
1755196323.643802,1716496.000,15894,2,EA,1,100,1.737354
1755196323.709802,1716562.000,15911,1,EA,1,100,1.739524
1755196323.776803,1716629.000,15930,2,EA,1,100,1.739524
1755196323.843803,1716696.000,15930,2,EA,1,100,1.739962
1755196323.909804,1716762.000,15947,1,EA,1,100,1.739962
1755196323.976804,1716829.000,15961,2,EA,1,100,1.739962
1755196324.043805,1716896.000,15961,2,EA,1,100,1.739524
1755196324.109805,1716962.000,15979,1,EA,1,100,1.739962
1755196324.176806,1717029.000,15995,2,EA,1,100,1.740395
1755196324.243806,1717096.000,15995,2,EA,1,100,1.741266
1755196324.309807,1717162.000,16012,1,EA,1,100,1.741700
1755196324.376807,1717229.000,16027,2,EA,1,100,1.740395
1755196324.443808,1717296.000,16027,2,EA,1,100,1.741266
1755196324.509808,1717362.000,16044,1,EA,1,100,1.742138
1755196324.576809,1717429.000,16060,2,EA,1,100,1.742138
1755196324.643809,1717496.000,16060,2,EA,1,100,1.741266
1755196324.709810,1717562.000,16077,1,EA,1,100,1.740828
1755196324.776810,1717629.000,16092,2,EA,1,100,1.740828
1755196324.843810,1717696.000,16092,2,EA,1,100,1.740828
1755196324.909811,1717762.000,16109,1,EA,1,100,1.741700
1755196324.976811,1717829.000,16125,2,EA,1,100,1.741266
1755196325.043812,1717896.000,16125,2,EA,1,100,1.740395
1755196325.109812,1717962.000,16143,1,EA,1,100,1.740828
1755196325.176813,1718029.000,16158,2,EA,1,100,1.741700
1755196325.243813,1718096.000,16158,2,EA,1,100,1.741700
1755196325.309814,1718162.000,16174,1,EA,1,100,1.742138
1755196325.376814,1718229.000,16191,2,EA,1,100,1.741700
1755196325.443815,1718296.000,16191,2,EA,1,100,1.741700
1755196325.510315,1718362.500,16208,2,EA,1,100,1.742138
1755196325.576816,1718429.000,16208,2,EA,1,100,1.742138
1755196325.643816,1718496.000,16224,1,EA,1,100,1.742573
1755196325.710317,1718562.500,16240,2,EA,1,100,1.742573
1755196325.776817,1718629.000,16240,2,EA,1,100,1.741700
1755196325.843818,1718696.000,16256,1,EA,1,100,1.742138
1755196325.910318,1718762.500,16273,2,EA,1,100,1.742573
1755196325.976819,1718829.000,16273,2,EA,1,100,1.741700
1755196326.042819,1718895.000,16289,1,EA,1,100,1.742138
1755196326.109819,1718962.000,16305,2,EA,1,100,1.742138
1755196326.176820,1719029.000,16305,2,EA,1,100,1.742138
1755196326.242820,1719095.000,16321,1,EA,1,100,1.743007
1755196326.309821,1719162.000,16338,2,EA,1,100,1.743007
1755196326.376821,1719229.000,16338,2,EA,1,100,1.743007
1755196326.442822,1719295.000,16355,1,EA,1,100,1.743446
1755196326.509822,1719362.000,16370,2,EA,1,100,1.743007
1755196326.576823,1719429.000,16370,2,EA,1,100,1.741700
1755196326.642823,1719495.000,16386,1,EA,1,100,1.743446
1755196326.709824,1719562.000,16404,2,EA,1,100,1.743007
1755196326.776824,1719629.000,16404,2,EA,1,100,1.742138
1755196326.843825,1719696.000,16420,1,EA,1,100,1.742138
1755196326.910325,1719762.500,16435,2,EA,1,100,1.743446
1755196326.976826,1719829.000,16435,2,EA,1,100,1.742573
1755196327.042826,1719895.000,16451,1,EA,1,100,1.742573
1755196327.109827,1719962.000,16469,2,EA,1,100,1.743446
1755196327.176827,1720029.000,16469,2,EA,1,100,1.743007
1755196327.242828,1720095.000,16485,1,EA,1,100,1.743446
1755196327.309828,1720162.000,16500,2,EA,1,100,1.742573
1755196327.376828,1720229.000,16500,2,EA,1,100,1.743007
1755196327.442829,1720295.000,16517,1,EA,1,100,1.743446
1755196327.509829,1720362.000,16536,2,EA,1,100,1.743881
1755196327.576830,1720429.000,16536,2,EA,1,100,1.744321
1755196327.643330,1720495.500,16552,2,EA,1,100,1.743446
1755196327.709831,1720562.000,16552,2,EA,1,100,1.743007
1755196327.776831,1720629.000,16575,1,EA,1,100,1.742573
1755196327.843332,1720695.500,16589,2,EA,1,100,1.743446
1755196327.909832,1720762.000,16589,2,EA,1,100,1.743446
1755196327.976833,1720829.000,16606,1,EA,1,100,1.744756
1755196328.043333,1720895.500,16625,2,EA,1,100,1.743881
1755196328.109834,1720962.000,16625,2,EA,1,100,1.743881
1755196328.176834,1721029.000,16642,1,EA,1,100,1.739091
1755196328.243335,1721095.500,16656,2,EA,1,100,1.713412
1755196328.309835,1721162.000,16656,2,EA,1,100,1.697538
1755196328.376836,1721229.000,16673,1,EA,1,100,1.671055
1755196328.443336,1721295.500,16690,2,EA,1,100,1.733463
1755196328.509837,1721362.000,16690,2,EA,1,100,1.785932
1755196328.576837,1721429.000,16707,1,EA,1,100,1.765552
1755196328.643337,1721495.500,16721,2,EA,1,100,1.736055
1755196328.709838,1721562.000,16721,2,EA,1,100,1.720612
1755196328.776838,1721629.000,16739,1,EA,1,100,1.730447
1755196328.843339,1721695.500,16757,2,EA,1,100,1.723590
1755196328.909839,1721762.000,16757,2,EA,1,100,1.730447
1755196328.976840,1721829.000,16774,1,EA,1,100,1.723590
1755196329.043340,1721895.500,16789,2,EA,1,100,1.742573
1755196329.109841,1721962.000,16789,2,EA,1,100,1.744321
1755196329.176841,1722029.000,16806,1,EA,1,100,1.765102
1755196329.243342,1722095.500,16822,2,EA,1,100,1.767793
1755196329.309842,1722162.000,16822,2,EA,1,100,1.751778
1755196329.376843,1722229.000,16839,1,EA,1,100,1.740395
1755196329.443343,1722295.500,16855,2,EA,1,100,1.728726
1755196329.509844,1722362.000,16855,2,EA,1,100,1.719761
1755196329.576844,1722429.000,16871,1,EA,1,100,1.746945
1755196329.643345,1722495.500,16887,2,EA,1,100,1.740395
1755196329.709845,1722562.000,16887,2,EA,1,100,1.734324
1755196329.776346,1722628.500,16905,2,EA,1,100,1.736486
1755196329.842846,1722695.000,16905,2,EA,1,100,1.735624
1755196329.909846,1722762.000,16921,1,EA,1,100,1.736055
1755196329.976347,1722828.500,16936,2,EA,1,100,1.739524
1755196330.042847,1722895.000,16936,2,EA,1,100,1.737790
1755196330.109848,1722962.000,16953,1,EA,1,100,1.736055
1755196330.176348,1723028.500,16970,2,EA,1,100,1.741266
1755196330.242849,1723095.000,16970,2,EA,1,100,1.745632
1755196330.309849,1723162.000,16986,1,EA,1,100,1.745632
1755196330.376350,1723228.500,17002,2,EA,1,100,1.746068
1755196330.442850,1723295.000,17002,2,EA,1,100,1.745632
1755196330.509851,1723362.000,17018,1,EA,1,100,1.745192
1755196330.576351,1723428.500,17035,2,EA,1,100,1.743881
1755196330.642852,1723495.000,17035,2,EA,1,100,1.744756
1755196330.709852,1723562.000,17051,1,EA,1,100,1.749577
1755196330.776353,1723628.500,17067,2,EA,1,100,1.749139
1755196330.842853,1723695.000,17067,2,EA,1,100,1.742573
1755196330.909854,1723762.000,17083,1,EA,1,100,1.738222
1755196330.976354,1723828.500,17100,2,EA,1,100,1.737790
1755196331.042855,1723895.000,17100,2,EA,1,100,1.742573
1755196331.109855,1723962.000,17117,1,EA,1,100,1.745632
1755196331.176356,1724028.500,17132,2,EA,1,100,1.747382
1755196331.242856,1724095.000,17132,2,EA,1,100,1.747823
1755196331.309856,1724162.000,17148,1,EA,1,100,1.745192
1755196331.376357,1724228.500,17166,2,EA,1,100,1.743446
1755196331.442857,1724295.000,17166,2,EA,1,100,1.742573
1755196331.509858,1724362.000,17182,1,EA,1,100,1.744321
1755196331.576358,1724428.500,17198,2,EA,1,100,1.746068
1755196331.642859,1724495.000,17198,2,EA,1,100,1.745192
1755196331.709859,1724562.000,17213,1,EA,1,100,1.744321
1755196331.776360,1724628.500,17231,2,EA,1,100,1.745192
1755196331.842860,1724695.000,17231,2,EA,1,100,1.748260
1755196331.909861,1724762.000,17247,1,EA,1,100,1.747823
1755196331.976361,1724828.500,17263,2,EA,1,100,1.748260
1755196332.042862,1724895.000,17263,2,EA,1,100,1.746068
1755196332.109362,1724961.500,17279,2,EA,1,100,1.743881
1755196332.175863,1725028.000,17279,2,EA,1,100,1.743881
1755196332.242863,1725095.000,17296,1,EA,1,100,1.746945
1755196332.309364,1725161.500,17312,2,EA,1,100,1.748702
1755196332.375864,1725228.000,17312,2,EA,1,100,1.748260
1755196332.442865,1725295.000,17330,1,EA,1,100,1.746508
1755196332.509365,1725361.500,17344,2,EA,1,100,1.745632
1755196332.575865,1725428.000,17344,2,EA,1,100,1.745192
1755196332.642866,1725495.000,17361,1,EA,1,100,1.746508
1755196332.709366,1725561.500,17380,2,EA,1,100,1.748260
1755196332.775867,1725628.000,17380,2,EA,1,100,1.748260
1755196332.842867,1725695.000,17397,1,EA,1,100,1.746068
1755196332.909368,1725761.500,17416,2,EA,1,100,1.746508
1755196332.975868,1725828.000,17416,2,EA,1,100,1.746068
1755196333.042869,1725895.000,17433,1,EA,1,100,1.747823
1755196333.109369,1725961.500,17450,2,EA,1,100,1.747382
1755196333.175870,1726028.000,17450,2,EA,1,100,1.748702
1755196333.242870,1726095.000,17467,1,EA,1,100,1.748260
1755196333.309371,1726161.500,17483,2,EA,1,100,1.748260
1755196333.375871,1726228.000,17483,2,EA,1,100,1.749139
1755196333.442872,1726295.000,17501,1,EA,1,100,1.750020
1755196333.509372,1726361.500,17517,2,EA,1,100,1.748702
1755196333.575873,1726428.000,17517,2,EA,1,100,1.749577
1755196333.642873,1726495.000,17534,1,EA,1,100,1.750020
1755196333.709374,1726561.500,17549,2,EA,1,100,1.750020
1755196333.775874,1726628.000,17549,2,EA,1,100,1.748702
1755196333.842874,1726695.000,17568,1,EA,1,100,1.750458
1755196333.909375,1726761.500,17584,2,EA,1,100,1.749577
1755196333.975875,1726828.000,17584,2,EA,1,100,1.749577
1755196334.042876,1726895.000,17601,1,EA,1,100,1.750458
1755196334.109376,1726961.500,17617,2,EA,1,100,1.750901
1755196334.175877,1727028.000,17617,2,EA,1,100,1.750901
1755196334.242877,1727095.000,17633,1,EA,1,100,1.750458
1755196334.309378,1727161.500,17649,2,EA,1,100,1.750020
1755196334.375878,1727228.000,17649,2,EA,1,100,1.750458
1755196334.442879,1727295.000,17667,1,EA,1,100,1.750458
1755196334.509379,1727361.500,17682,2,EA,1,100,1.751339
1755196334.575880,1727428.000,17682,2,EA,1,100,1.751778
1755196334.642380,1727494.500,17698,2,EA,1,100,1.752661
1755196334.708881,1727561.000,17698,2,EA,1,100,1.751778
1755196334.775881,1727628.000,17715,1,EA,1,100,1.750901
1755196334.842382,1727694.500,17732,2,EA,1,100,1.751778
1755196334.908882,1727761.000,17732,2,EA,1,100,1.752222
1755196334.975883,1727828.000,17748,1,EA,1,100,1.753105
1755196335.042383,1727894.500,17764,2,EA,1,100,1.753105
1755196335.108883,1727961.000,17764,2,EA,1,100,1.752661
1755196335.175884,1728028.000,17780,1,EA,1,100,1.752222
1755196335.242384,1728094.500,17797,2,EA,1,100,1.753105
1755196335.308885,1728161.000,17797,2,EA,1,100,1.752661
1755196335.375885,1728228.000,17813,1,EA,1,100,1.753105
1755196335.442386,1728294.500,17829,2,EA,1,100,1.753105
1755196335.508886,1728361.000,17829,2,EA,1,100,1.753105
1755196335.575887,1728428.000,17845,1,EA,1,100,1.754429
1755196335.642387,1728494.500,17862,2,EA,1,100,1.753545
1755196335.708888,1728561.000,17862,2,EA,1,100,1.753545
1755196335.775888,1728628.000,17879,1,EA,1,100,1.753545
1755196335.842389,1728694.500,17894,2,EA,1,100,1.753105
1755196335.908889,1728761.000,17894,2,EA,1,100,1.753545
1755196335.975890,1728828.000,17910,1,EA,1,100,1.754870
1755196336.042390,1728894.500,17928,2,EA,1,100,1.755315
1755196336.108891,1728961.000,17928,2,EA,1,100,1.754429
1755196336.175891,1729028.000,17944,1,EA,1,100,1.754870
1755196336.242392,1729094.500,17959,2,EA,1,100,1.754870
1755196336.308892,1729161.000,17959,2,EA,1,100,1.754429
1755196336.375892,1729228.000,17975,1,EA,1,100,1.754870
1755196336.442393,1729294.500,17993,2,EA,1,100,1.754870
1755196336.508893,1729361.000,17993,2,EA,1,100,1.755315
1755196336.575894,1729428.000,18009,1,EA,1,100,1.756197
1755196336.642394,1729494.500,18025,2,EA,1,100,1.755315
1755196336.708895,1729561.000,18025,2,EA,1,100,1.754429
1755196336.775895,1729628.000,18041,1,EA,1,100,1.754870
1755196336.842396,1729694.500,18058,2,EA,1,100,1.755315
1755196336.908896,1729761.000,18058,2,EA,1,100,1.754870
1755196336.975397,1729827.500,18074,2,EA,1,100,1.755315
1755196337.041897,1729894.000,18074,2,EA,1,100,1.755315
1755196337.108898,1729961.000,18092,1,EA,1,100,1.755315
1755196337.175398,1730027.500,18106,2,EA,1,100,1.755756
1755196337.241899,1730094.000,18106,2,EA,1,100,1.755756
1755196337.308899,1730161.000,18123,1,EA,1,100,1.755315
1755196337.375400,1730227.500,18140,2,EA,1,100,1.755315
1755196337.441900,1730294.000,18140,2,EA,1,100,1.755315
1755196337.508901,1730361.000,18157,1,EA,1,100,1.755756
1755196337.575401,1730427.500,18171,2,EA,1,100,1.756197
1755196337.641901,1730494.000,18171,2,EA,1,100,1.756197
1755196337.708902,1730561.000,18188,1,EA,1,100,1.756643
1755196337.775402,1730627.500,18205,2,EA,1,100,1.756197
1755196337.841903,1730694.000,18205,2,EA,1,100,1.756197
1755196337.908903,1730761.000,18222,1,EA,1,100,1.756197
1755196337.975904,1730828.000,18241,2,EA,1,100,1.757084
1755196338.042904,1730895.000,18241,2,EA,1,100,1.756643
1755196338.108905,1730961.000,18259,1,EA,1,100,1.757084
1755196338.175405,1731027.500,18275,2,EA,1,100,1.757084
1755196338.241906,1731094.000,18275,2,EA,1,100,1.757530
1755196338.308906,1731161.000,18294,1,EA,1,100,1.757084
1755196338.375407,1731227.500,18309,2,EA,1,100,1.757972
1755196338.441907,1731294.000,18309,2,EA,1,100,1.757530
1755196338.508908,1731361.000,18326,1,EA,1,100,1.757972
1755196338.575408,1731427.500,18342,2,EA,1,100,1.757972
1755196338.641909,1731494.000,18342,2,EA,1,100,1.757972
1755196338.708909,1731561.000,18359,1,EA,1,100,1.757530
1755196338.775410,1731627.500,18377,2,EA,1,100,1.757530
1755196338.841910,1731694.000,18377,2,EA,1,100,1.757530
1755196338.908910,1731761.000,18393,1,EA,1,100,1.757530
1755196338.975411,1731827.500,18411,2,EA,1,100,1.757084
1755196339.041911,1731894.000,18411,2,EA,1,100,1.756643
1755196339.108912,1731961.000,18429,2,EA,1,100,1.756643
1755196339.175912,1732028.000,18429,2,EA,1,100,1.756197
1755196339.241913,1732094.000,18445,1,EA,1,100,1.756197
1755196339.308913,1732161.000,18460,2,EA,1,100,1.757530
1755196339.375914,1732228.000,18460,2,EA,1,100,1.757084
1755196339.441914,1732294.000,18477,1,EA,1,100,1.756197
1755196339.508415,1732360.500,18494,2,EA,1,100,1.756197
1755196339.574915,1732427.000,18494,2,EA,1,100,1.756643
1755196339.641916,1732494.000,18510,1,EA,1,100,1.756643
1755196339.708916,1732561.000,18526,2,EA,1,100,1.757530
1755196339.775917,1732628.000,18526,2,EA,1,100,1.757084
1755196339.841917,1732694.000,18544,1,EA,1,100,1.757530
1755196339.908918,1732761.000,18561,2,EA,1,100,1.757530
1755196339.975918,1732828.000,18561,2,EA,1,100,1.758415
1755196340.041919,1732894.000,18577,1,EA,1,100,1.758861
1755196340.108419,1732960.500,18593,2,EA,1,100,1.759304
1755196340.174919,1733027.000,18593,2,EA,1,100,1.758861
1755196340.241920,1733094.000,18609,1,EA,1,100,1.759304
1755196340.308420,1733160.500,18626,2,EA,1,100,1.759304
1755196340.374921,1733227.000,18626,2,EA,1,100,1.759751
1755196340.441921,1733294.000,18643,1,EA,1,100,1.759304
1755196340.508422,1733360.500,18658,2,EA,1,100,1.759751
1755196340.574922,1733427.000,18658,2,EA,1,100,1.760195
1755196340.641923,1733494.000,18674,1,EA,1,100,1.761086
1755196340.708423,1733560.500,18692,2,EA,1,100,1.760195
1755196340.774924,1733627.000,18692,2,EA,1,100,1.760638
1755196340.841924,1733694.000,18708,1,EA,1,100,1.761086
1755196340.908425,1733760.500,18724,2,EA,1,100,1.761530
1755196340.974925,1733827.000,18724,2,EA,1,100,1.761086
1755196341.041926,1733894.000,18739,1,EA,1,100,1.761530
1755196341.108426,1733960.500,18757,2,EA,1,100,1.762867
1755196341.174927,1734027.000,18757,2,EA,1,100,1.763761
1755196341.241927,1734094.000,18773,1,EA,1,100,1.763316
1755196341.308428,1734160.500,18789,2,EA,1,100,1.761978
1755196341.374928,1734227.000,18789,2,EA,1,100,1.761978
1755196341.441928,1734294.000,18805,2,EA,1,100,1.759304
1755196341.508929,1734361.000,18805,2,EA,1,100,1.759304
1755196341.574929,1734427.000,18822,1,EA,1,100,1.757972
1755196341.641930,1734494.000,18838,2,EA,1,100,1.757084
1755196341.708930,1734561.000,18838,2,EA,1,100,1.755315
1755196341.774931,1734627.000,18856,1,EA,1,100,1.756197
1755196341.841931,1734694.000,18870,2,EA,1,100,1.757530
1755196341.908932,1734761.000,18870,2,EA,1,100,1.757530
1755196341.974932,1734827.000,18887,1,EA,1,100,1.757084
1755196342.041933,1734894.000,18904,2,EA,1,100,1.757530
1755196342.108933,1734961.000,18904,2,EA,1,100,1.765552
1755196342.174934,1735027.000,18921,1,EA,1,100,1.764656
1755196342.241934,1735094.000,18935,2,EA,1,100,1.750458
1755196342.308935,1735161.000,18935,2,EA,1,100,1.739524
1755196342.374935,1735227.000,18952,1,EA,1,100,1.754429
1755196342.441936,1735294.000,18969,2,EA,1,100,1.760638
1755196342.508936,1735361.000,18969,2,EA,1,100,1.761530
1755196342.574937,1735427.000,18986,1,EA,1,100,1.765552
1755196342.641437,1735493.500,19000,2,EA,1,100,1.763316
1755196342.707937,1735560.000,19000,2,EA,1,100,1.756643
1755196342.774938,1735627.000,19018,1,EA,1,100,1.763316
1755196342.841438,1735693.500,19034,2,EA,1,100,1.746508
1755196342.907939,1735760.000,19034,2,EA,1,100,1.709624
1755196342.974939,1735827.000,19051,1,EA,1,100,1.724874
1755196343.041440,1735893.500,19069,2,EA,1,100,1.757530
1755196343.107940,1735960.000,19069,2,EA,1,100,1.771391
1755196343.174941,1736027.000,19090,1,EA,1,100,1.784559
1755196343.241441,1736093.500,19106,2,EA,1,100,1.777268
1755196343.307942,1736160.000,19106,2,EA,1,100,1.763761
1755196343.374942,1736227.000,19123,1,EA,1,100,1.773647
1755196343.441443,1736293.500,19139,2,EA,1,100,1.766449
1755196343.507943,1736360.000,19139,2,EA,1,100,1.722312
1755196343.574944,1736427.000,19155,2,EA,1,100,1.705020
1755196343.641944,1736494.000,19155,2,EA,1,100,1.747382
1755196343.707945,1736560.000,19171,1,EA,1,100,1.767793
1755196343.774945,1736627.000,19191,2,EA,1,100,1.784559
1755196343.841946,1736694.000,19191,2,EA,1,100,1.796530
1755196343.907946,1736760.000,19207,1,EA,1,100,1.790983
1755196343.974946,1736827.000,19224,2,EA,1,100,1.751339
1755196344.041947,1736894.000,19224,2,EA,1,100,1.691762
1755196344.107947,1736960.000,19241,1,EA,1,100,1.692995
1755196344.174948,1737027.000,19258,2,EA,1,100,1.743881
1755196344.241948,1737094.000,19258,2,EA,1,100,1.753985
1755196344.307949,1737160.000,19274,1,EA,1,100,1.757972
1755196344.374949,1737227.000,19290,2,EA,1,100,1.772293
1755196344.441950,1737294.000,19290,2,EA,1,100,1.780904
1755196344.507950,1737360.000,19306,1,EA,1,100,1.783644
1755196344.574951,1737427.000,19323,2,EA,1,100,1.779086
1755196344.641951,1737494.000,19323,2,EA,1,100,1.776816
1755196344.707952,1737560.000,19339,1,EA,1,100,1.784099
1755196344.774952,1737627.000,19357,2,EA,1,100,1.777268
1755196344.841953,1737694.000,19357,2,EA,1,100,1.736922
1755196344.907953,1737760.000,19373,1,EA,1,100,1.697122
1755196344.974954,1737827.000,19390,2,EA,1,100,1.729158
1755196345.041954,1737894.000,19390,2,EA,1,100,1.779086
1755196345.107955,1737960.000,19407,1,EA,1,100,1.791906
1755196345.174955,1738027.000,19422,2,EA,1,100,1.788225
1755196345.241955,1738094.000,19422,2,EA,1,100,1.781362
1755196345.307956,1738160.000,19438,1,EA,1,100,1.785932
1755196345.374956,1738227.000,19456,2,EA,1,100,1.776816
1755196345.441957,1738294.000,19456,2,EA,1,100,1.766449
1755196345.507957,1738360.000,19472,1,EA,1,100,1.775458
1755196345.574958,1738427.000,19488,2,EA,1,100,1.779539
1755196345.641958,1738494.000,19488,2,EA,1,100,1.772293
1755196345.707959,1738560.000,19505,1,EA,1,100,1.770942
1755196345.774959,1738627.000,19523,2,EA,1,100,1.757084
1755196345.841960,1738694.000,19523,2,EA,1,100,1.725726
1755196345.907960,1738760.000,19539,1,EA,1,100,1.717639
1755196345.974461,1738826.500,19555,2,EA,1,100,1.753985
1755196346.040961,1738893.000,19555,2,EA,1,100,1.787763
1755196346.107962,1738960.000,19571,2,EA,1,100,1.795602
1755196346.174962,1739027.000,19571,2,EA,1,100,1.772293
1755196346.240963,1739093.000,19588,1,EA,1,100,1.775909
1755196346.307963,1739160.000,19604,2,EA,1,100,1.789603
1755196346.374964,1739227.000,19604,2,EA,1,100,1.750020
1755196346.440964,1739293.000,19622,1,EA,1,100,1.720612
1755196346.507964,1739360.000,19636,2,EA,1,100,1.743446
1755196346.574965,1739427.000,19636,2,EA,1,100,1.761978
1755196346.640965,1739493.000,19655,1,EA,1,100,1.780904
1755196346.707966,1739560.000,19672,2,EA,1,100,1.789603
1755196346.774966,1739627.000,19672,2,EA,1,100,1.758861
1755196346.840967,1739693.000,19689,1,EA,1,100,1.776360
1755196346.907967,1739760.000,19703,2,EA,1,100,1.799314
1755196346.974968,1739827.000,19703,2,EA,1,100,1.790061
1755196347.040968,1739893.000,19720,1,EA,1,100,1.765552
1755196347.107969,1739960.000,19737,2,EA,1,100,1.764211
1755196347.174969,1740027.000,19737,2,EA,1,100,1.766895
1755196347.240970,1740093.000,19754,1,EA,1,100,1.786388
1755196347.307970,1740160.000,19770,2,EA,1,100,1.787763
1755196347.374971,1740227.000,19770,2,EA,1,100,1.787763
1755196347.440971,1740293.000,19788,1,EA,1,100,1.775458
1755196347.507972,1740360.000,19804,2,EA,1,100,1.766895
1755196347.574972,1740427.000,19804,2,EA,1,100,1.766895
1755196347.641973,1740494.000,19821,1,EA,1,100,1.771391
1755196347.708473,1740560.500,19836,2,EA,1,100,1.766449
1755196347.774974,1740627.000,19836,2,EA,1,100,1.753545
1755196347.840974,1740693.000,19853,1,EA,1,100,1.754870
1755196347.907974,1740760.000,19869,2,EA,1,100,1.759751
1755196347.974975,1740827.000,19869,2,EA,1,100,1.766449
1755196348.040975,1740893.000,19886,1,EA,1,100,1.770942
1755196348.107976,1740960.000,19902,2,EA,1,100,1.776360
1755196348.174976,1741027.000,19902,2,EA,1,100,1.762867
1755196348.240977,1741093.000,19923,1,EA,1,100,1.758861
1755196348.307977,1741160.000,19941,2,EA,1,100,1.761978
1755196348.374978,1741227.000,19941,2,EA,1,100,1.763316
1755196348.441478,1741293.500,19959,2,EA,1,100,1.766449
1755196348.507979,1741360.000,19959,2,EA,1,100,1.775909
1755196348.574979,1741427.000,19975,1,EA,1,100,1.776360
1755196348.641480,1741493.500,19990,2,EA,1,100,1.761530
1755196348.707980,1741560.000,19990,2,EA,1,100,1.762422
1755196348.774981,1741627.000,20007,1,EA,1,100,1.763761
1755196348.841481,1741693.500,20026,2,EA,1,100,1.764211
1755196348.907982,1741760.000,20026,2,EA,1,100,1.767342
1755196348.974982,1741827.000,20042,1,EA,1,100,1.778629
1755196349.041483,1741893.500,20058,2,EA,1,100,1.775002
1755196349.107983,1741960.000,20058,2,EA,1,100,1.764656
1755196349.174983,1742027.000,20074,1,EA,1,100,1.763761
1755196349.241484,1742093.500,20091,2,EA,1,100,1.765552
1755196349.307984,1742160.000,20091,2,EA,1,100,1.762867
1755196349.373985,1742226.000,20109,1,EA,1,100,1.761978
1755196349.440985,1742293.000,20125,2,EA,1,100,1.765102
1755196349.507986,1742360.000,20125,2,EA,1,100,1.771839
1755196349.574986,1742427.000,20141,1,EA,1,100,1.765552
1755196349.641487,1742493.500,20158,2,EA,1,100,1.760638
1755196349.707987,1742560.000,20158,2,EA,1,100,1.759304
1755196349.774988,1742627.000,20175,1,EA,1,100,1.758861
1755196349.841488,1742693.500,20190,2,EA,1,100,1.752661
1755196349.907989,1742760.000,20190,2,EA,1,100,1.751339
1755196349.973989,1742826.000,20206,1,EA,1,100,1.758415
1755196350.040990,1742893.000,20224,2,EA,1,100,1.757972
1755196350.107990,1742960.000,20224,2,EA,1,100,1.762422
1755196350.174991,1743027.000,20240,1,EA,1,100,1.780904
1755196350.241491,1743093.500,20256,2,EA,1,100,1.800245
1755196350.307992,1743160.000,20256,2,EA,1,100,1.820011
1755196350.373992,1743226.000,20273,1,EA,1,100,1.814795
1755196350.440992,1743293.000,20291,2,EA,1,100,1.798388
1755196350.507993,1743360.000,20291,2,EA,1,100,1.784559
1755196350.574493,1743426.500,20307,2,EA,1,100,1.787763
1755196350.640994,1743493.000,20307,2,EA,1,100,1.796530
1755196350.707994,1743560.000,20324,1,EA,1,100,1.794215
1755196350.774495,1743626.500,20339,2,EA,1,100,1.788225
1755196350.840995,1743693.000,20339,2,EA,1,100,1.784099
1755196350.907996,1743760.000,20356,1,EA,1,100,1.778629
1755196350.974496,1743826.500,20372,2,EA,1,100,1.776816
1755196351.040997,1743893.000,20372,2,EA,1,100,1.780450
1755196351.107997,1743960.000,20390,1,EA,1,100,1.783644
1755196351.174498,1744026.500,20406,2,EA,1,100,1.783644
1755196351.240998,1744093.000,20406,2,EA,1,100,1.778177
1755196351.307999,1744160.000,20423,1,EA,1,100,1.776816
1755196351.374499,1744226.500,20440,2,EA,1,100,1.779539
1755196351.441000,1744293.000,20440,2,EA,1,100,1.779539
1755196351.508000,1744360.000,20457,1,EA,1,100,1.780450
1755196351.574501,1744426.500,20471,2,EA,1,100,1.779997
1755196351.641001,1744493.000,20471,2,EA,1,100,1.777268
1755196351.708001,1744560.000,20488,1,EA,1,100,1.778629
1755196351.774502,1744626.500,20505,2,EA,1,100,1.775458
1755196351.841002,1744693.000,20505,2,EA,1,100,1.773197
1755196351.908003,1744760.000,20522,1,EA,1,100,1.774552
1755196351.974503,1744826.500,20538,2,EA,1,100,1.776816
1755196352.041004,1744893.000,20538,2,EA,1,100,1.778629
1755196352.108004,1744960.000,20556,1,EA,1,100,1.779997
1755196352.174505,1745026.500,20572,2,EA,1,100,1.778629
1755196352.241005,1745093.000,20572,2,EA,1,100,1.778177
1755196352.308006,1745160.000,20589,1,EA,1,100,1.779539
1755196352.374506,1745226.500,20604,2,EA,1,100,1.779997
1755196352.441007,1745293.000,20604,2,EA,1,100,1.776360
1755196352.508007,1745360.000,20621,1,EA,1,100,1.776360
1755196352.574508,1745426.500,20637,2,EA,1,100,1.779086
1755196352.641008,1745493.000,20637,2,EA,1,100,1.779539
1755196352.708009,1745560.000,20656,1,EA,1,100,1.780904
1755196352.774509,1745626.500,20672,2,EA,1,100,1.780450
1755196352.841010,1745693.000,20672,2,EA,1,100,1.779086
1755196352.907510,1745759.500,20688,2,EA,1,100,1.781362
1755196352.974010,1745826.000,20688,2,EA,1,100,1.781816
1755196353.041011,1745893.000,20704,1,EA,1,100,1.779086
1755196353.107511,1745959.500,20722,2,EA,1,100,1.778177
1755196353.174012,1746026.000,20722,2,EA,1,100,1.779086
1755196353.241012,1746093.000,20738,1,EA,1,100,1.779997
1755196353.307513,1746159.500,20753,2,EA,1,100,1.781362
1755196353.374013,1746226.000,20753,2,EA,1,100,1.781362
1755196353.441014,1746293.000,20775,1,EA,1,100,1.781362
1755196353.507514,1746359.500,20792,2,EA,1,100,1.781816
1755196353.574015,1746426.000,20792,2,EA,1,100,1.780904
1755196353.641015,1746493.000,20808,1,EA,1,100,1.780450
1755196353.707516,1746559.500,20826,2,EA,1,100,1.779997
1755196353.774016,1746626.000,20826,2,EA,1,100,1.779539
1755196353.841017,1746693.000,20844,1,EA,1,100,1.779997
1755196353.907517,1746759.500,20861,2,EA,1,100,1.780450
1755196353.974018,1746826.000,20861,2,EA,1,100,1.781816
1755196354.041018,1746893.000,20877,1,EA,1,100,1.780904
1755196354.107519,1746959.500,20893,2,EA,1,100,1.781816
1755196354.174019,1747026.000,20893,2,EA,1,100,1.780450
1755196354.241019,1747093.000,20909,1,EA,1,100,1.780450
1755196354.307520,1747159.500,20928,2,EA,1,100,1.781816
1755196354.374020,1747226.000,20928,2,EA,1,100,1.780450
1755196354.441021,1747293.000,20945,1,EA,1,100,1.780450
1755196354.507521,1747359.500,20960,2,EA,1,100,1.781816
1755196354.574022,1747426.000,20960,2,EA,1,100,1.780450
1755196354.641022,1747493.000,20976,1,EA,1,100,1.779997
1755196354.707523,1747559.500,20994,2,EA,1,100,1.779997
1755196354.774023,1747626.000,20994,2,EA,1,100,1.780450
1755196354.841024,1747693.000,21010,1,EA,1,100,1.780904
1755196354.907524,1747759.500,21026,2,EA,1,100,1.779997
1755196354.974025,1747826.000,21026,2,EA,1,100,1.780450
1755196355.041025,1747893.000,21043,1,EA,1,100,1.780904
1755196355.107526,1747959.500,21061,2,EA,1,100,1.779997
1755196355.174026,1748026.000,21061,2,EA,1,100,1.780904
1755196355.240527,1748092.500,21077,2,EA,1,100,1.781362
1755196355.307027,1748159.000,21077,2,EA,1,100,1.779997
1755196355.374028,1748226.000,21094,1,EA,1,100,1.780904
1755196355.440528,1748292.500,21109,2,EA,1,100,1.780904
1755196355.507028,1748359.000,21109,2,EA,1,100,1.780904
1755196355.574029,1748426.000,21126,1,EA,1,100,1.780904
1755196355.640529,1748492.500,21142,2,EA,1,100,1.780450
1755196355.707030,1748559.000,21142,2,EA,1,100,1.781816
1755196355.774030,1748626.000,21160,1,EA,1,100,1.785471
1755196355.840531,1748692.500,21176,2,EA,1,100,1.785471
1755196355.907031,1748759.000,21176,2,EA,1,100,1.783644
1755196355.974032,1748826.000,21193,1,EA,1,100,1.784559
1755196356.040532,1748892.500,21210,2,EA,1,100,1.784099
1755196356.107033,1748959.000,21210,2,EA,1,100,1.784559
1755196356.174033,1749026.000,21227,1,EA,1,100,1.784099
1755196356.240534,1749092.500,21241,2,EA,1,100,1.784559
1755196356.307034,1749159.000,21241,2,EA,1,100,1.784099
1755196356.374035,1749226.000,21258,1,EA,1,100,1.785471
1755196356.440535,1749292.500,21275,2,EA,1,100,1.784559
1755196356.507036,1749359.000,21275,2,EA,1,100,1.783644
1755196356.574036,1749426.000,21294,1,EA,1,100,1.785015
1755196356.640537,1749492.500,21308,2,EA,1,100,1.784099
1755196356.707037,1749559.000,21308,2,EA,1,100,1.783184
1755196356.774037,1749626.000,21326,1,EA,1,100,1.784099
1755196356.840538,1749692.500,21342,2,EA,1,100,1.784099
1755196356.907038,1749759.000,21342,2,EA,1,100,1.783184
1755196356.974039,1749826.000,21359,1,EA,1,100,1.784559
1755196357.040539,1749892.500,21375,2,EA,1,100,1.784559
1755196357.107040,1749959.000,21375,2,EA,1,100,1.785932
1755196357.174040,1750026.000,21391,1,EA,1,100,1.785471
1755196357.240541,1750092.500,21409,2,EA,1,100,1.785015
1755196357.307041,1750159.000,21409,2,EA,1,100,1.785015
1755196357.374042,1750226.000,21426,1,EA,1,100,1.785932
1755196357.440542,1750292.500,21442,2,EA,1,100,1.785932
1755196357.507043,1750359.000,21442,2,EA,1,100,1.785471
1755196357.573543,1750425.500,21458,2,EA,1,100,1.785932
1755196357.640044,1750492.000,21458,2,EA,1,100,1.785471
1755196357.707044,1750559.000,21474,1,EA,1,100,1.785932
1755196357.773545,1750625.500,21492,2,EA,1,100,1.785932
1755196357.840045,1750692.000,21492,2,EA,1,100,1.785932
1755196357.907046,1750759.000,21508,1,EA,1,100,1.786388
1755196357.973546,1750825.500,21523,2,EA,1,100,1.786388
1755196358.040046,1750892.000,21523,2,EA,1,100,1.785015
1755196358.107047,1750959.000,21540,1,EA,1,100,1.785932
1755196358.173547,1751025.500,21557,2,EA,1,100,1.785932
1755196358.240048,1751092.000,21557,2,EA,1,100,1.785932
1755196358.307048,1751159.000,21573,1,EA,1,100,1.788683
1755196358.373549,1751225.500,21591,2,EA,1,100,1.790524
1755196358.440049,1751292.000,21591,2,EA,1,100,1.790524
1755196358.507050,1751359.000,21611,2,EA,1,100,1.791906
1755196358.574050,1751426.000,21611,2,EA,1,100,1.791906
1755196358.640551,1751492.500,21627,2,EA,1,100,1.790524
1755196358.707051,1751559.000,21627,2,EA,1,100,1.790061
1755196358.774052,1751626.000,21644,1,EA,1,100,1.790061
1755196358.840552,1751692.500,21662,2,EA,1,100,1.790524
1755196358.907053,1751759.000,21662,2,EA,1,100,1.790061
1755196358.974053,1751826.000,21679,1,EA,1,100,1.789145
1755196359.040554,1751892.500,21695,2,EA,1,100,1.789603
1755196359.107054,1751959.000,21695,2,EA,1,100,1.788683
1755196359.173555,1752025.500,21711,2,EA,1,100,1.789145
1755196359.240055,1752092.000,21711,2,EA,1,100,1.789603
1755196359.307055,1752159.000,21727,1,EA,1,100,1.790061
1755196359.373556,1752225.500,21747,2,EA,1,100,1.790061
1755196359.440056,1752292.000,21747,2,EA,1,100,1.788683
1755196359.507057,1752359.000,21763,1,EA,1,100,1.789603
1755196359.573557,1752425.500,21778,2,EA,1,100,1.790524
1755196359.640058,1752492.000,21778,2,EA,1,100,1.790524
1755196359.707058,1752559.000,21794,1,EA,1,100,1.790983
1755196359.773559,1752625.500,21812,2,EA,1,100,1.790061
1755196359.840059,1752692.000,21812,2,EA,1,100,1.790061
1755196359.907060,1752759.000,21828,1,EA,1,100,1.790061
1755196359.973560,1752825.500,21843,2,EA,1,100,1.790983
1755196360.040061,1752892.000,21843,2,EA,1,100,1.792366
1755196360.107061,1752959.000,21860,1,EA,1,100,1.791447
1755196360.173562,1753025.500,21877,2,EA,1,100,1.790061
1755196360.240062,1753092.000,21877,2,EA,1,100,1.792366
1755196360.307063,1753159.000,21893,1,EA,1,100,1.788683
1755196360.373563,1753225.500,21909,2,EA,1,100,1.785015
1755196360.440064,1753292.000,21909,2,EA,1,100,1.787763
1755196360.507064,1753359.000,21927,1,EA,1,100,1.788225
1755196360.573564,1753425.500,21944,2,EA,1,100,1.790983
1755196360.640065,1753492.000,21944,2,EA,1,100,1.792830
1755196360.707065,1753559.000,21960,1,EA,1,100,1.788683
1755196360.773566,1753625.500,21976,2,EA,1,100,1.789145
1755196360.840066,1753692.000,21976,2,EA,1,100,1.791906
1755196360.907067,1753759.000,21992,1,EA,1,100,1.791447
1755196360.973567,1753825.500,22009,2,EA,1,100,1.783644
1755196361.040068,1753892.000,22009,2,EA,1,100,1.780904
1755196361.107068,1753959.000,22026,1,EA,1,100,1.783644
1755196361.173569,1754025.500,22041,2,EA,1,100,1.787306
1755196361.240069,1754092.000,22041,2,EA,1,100,1.789145
1755196361.307070,1754159.000,22057,1,EA,1,100,1.790524
1755196361.373570,1754225.500,22075,2,EA,1,100,1.788225
1755196361.440071,1754292.000,22075,2,EA,1,100,1.790061
1755196361.507071,1754359.000,22093,1,EA,1,100,1.796530
1755196361.573572,1754425.500,22109,2,EA,1,100,1.796530
1755196361.640072,1754492.000,22109,2,EA,1,100,1.795602
1755196361.706573,1754558.500,22125,2,EA,1,100,1.799782
1755196361.773073,1754625.000,22125,2,EA,1,100,1.803045
1755196361.840074,1754692.000,22142,1,EA,1,100,1.806316
1755196361.906574,1754758.500,22158,2,EA,1,100,1.841675
1755196361.973074,1754825.000,22158,2,EA,1,100,1.861370
1755196362.040075,1754892.000,22175,1,EA,1,100,1.897383
1755196362.106575,1754958.500,22194,2,EA,1,100,1.883016
1755196362.173076,1755025.000,22194,2,EA,1,100,1.846560
1755196362.240076,1755092.000,22211,1,EA,1,100,1.822868
1755196362.306577,1755158.500,22227,2,EA,1,100,1.813373
1755196362.373077,1755225.000,22227,2,EA,1,100,1.803045
1755196362.440078,1755292.000,22245,1,EA,1,100,1.800245
1755196362.506578,1755358.500,22259,2,EA,1,100,1.808662
1755196362.573079,1755425.000,22259,2,EA,1,100,1.809135
1755196362.640079,1755492.000,22276,1,EA,1,100,1.801642
1755196362.706580,1755558.500,22293,2,EA,1,100,1.792366
1755196362.773080,1755625.000,22293,2,EA,1,100,1.790983
1755196362.840081,1755692.000,22310,1,EA,1,100,1.802576
1755196362.906581,1755758.500,22326,2,EA,1,100,1.811488
1755196362.973082,1755825.000,22326,2,EA,1,100,1.808662
1755196363.040082,1755892.000,22343,1,EA,1,100,1.800713
1755196363.106583,1755958.500,22360,2,EA,1,100,1.798851
1755196363.173083,1756025.000,22360,2,EA,1,100,1.799314
1755196363.240083,1756092.000,22377,1,EA,1,100,1.802576
1755196363.306584,1756158.500,22391,2,EA,1,100,1.805849
1755196363.373084,1756225.000,22391,2,EA,1,100,1.806316
1755196363.440085,1756292.000,22409,1,EA,1,100,1.805849
1755196363.506585,1756358.500,22425,2,EA,1,100,1.806787
1755196363.573086,1756425.000,22425,2,EA,1,100,1.806316
1755196363.640086,1756492.000,22445,1,EA,1,100,1.806787
1755196363.706587,1756558.500,22461,2,EA,1,100,1.806787
1755196363.773087,1756625.000,22461,2,EA,1,100,1.805383
1755196363.840088,1756692.000,22479,1,EA,1,100,1.806316
1755196363.906588,1756758.500,22495,2,EA,1,100,1.806787
1755196363.973089,1756825.000,22495,2,EA,1,100,1.808662
1755196364.039589,1756891.500,22513,2,EA,1,100,1.808662
1755196364.106090,1756958.000,22513,2,EA,1,100,1.807255
1755196364.173090,1757025.000,22529,1,EA,1,100,1.808194
1755196364.239591,1757091.500,22544,2,EA,1,100,1.808662
1755196364.306091,1757158.000,22544,2,EA,1,100,1.806787
1755196364.373092,1757225.000,22560,1,EA,1,100,1.806316
1755196364.439592,1757291.500,22578,2,EA,1,100,1.806316
1755196364.506092,1757358.000,22578,2,EA,1,100,1.804912
1755196364.573093,1757425.000,22594,1,EA,1,100,1.804446
1755196364.639593,1757491.500,22609,2,EA,1,100,1.803976
1755196364.706094,1757558.000,22609,2,EA,1,100,1.803045
1755196364.773094,1757625.000,22626,1,EA,1,100,1.804446
1755196364.839595,1757691.500,22643,2,EA,1,100,1.803976
1755196364.906095,1757758.000,22643,2,EA,1,100,1.803976
1755196364.973096,1757825.000,22659,1,EA,1,100,1.803976
1755196365.039596,1757891.500,22675,2,EA,1,100,1.803510
1755196365.106097,1757958.000,22675,2,EA,1,100,1.803045
1755196365.173097,1758025.000,22691,1,EA,1,100,1.803976
1755196365.239598,1758091.500,22708,2,EA,1,100,1.803976
1755196365.306098,1758158.000,22708,2,EA,1,100,1.803510
1755196365.373099,1758225.000,22724,1,EA,1,100,1.802576
1755196365.439599,1758291.500,22740,2,EA,1,100,1.806316
1755196365.506100,1758358.000,22740,2,EA,1,100,1.806316
1755196365.573100,1758425.000,22756,1,EA,1,100,1.805383
1755196365.639601,1758491.500,22773,2,EA,1,100,1.801178
1755196365.706101,1758558.000,22773,2,EA,1,100,1.796068
1755196365.773101,1758625.000,22790,1,EA,1,100,1.794676
1755196365.839602,1758691.500,22806,2,EA,1,100,1.795141
1755196365.906102,1758758.000,22806,2,EA,1,100,1.798388
1755196365.973103,1758825.000,22821,1,EA,1,100,1.803045
1755196366.039603,1758891.500,22839,2,EA,1,100,1.798388
1755196366.106104,1758958.000,22839,2,EA,1,100,1.792830
1755196366.172604,1759024.500,22857,2,EA,1,100,1.793755
1755196366.239105,1759091.000,22857,2,EA,1,100,1.797921
1755196366.306105,1759158.000,22874,1,EA,1,100,1.804446
1755196366.372606,1759224.500,22889,2,EA,1,100,1.808662
1755196366.439106,1759291.000,22889,2,EA,1,100,1.807255
1755196366.506107,1759358.000,22906,1,EA,1,100,1.809135
1755196366.573107,1759425.000,22922,2,EA,1,100,1.814319
1755196366.640108,1759492.000,22922,2,EA,1,100,1.817635
1755196366.706108,1759558.000,22939,1,EA,1,100,1.813848
1755196366.772609,1759624.500,22954,2,EA,1,100,1.810545
1755196366.839109,1759691.000,22954,2,EA,1,100,1.807255
1755196366.906110,1759758.000,22971,1,EA,1,100,1.803510
1755196366.972610,1759824.500,22987,2,EA,1,100,1.802576
1755196367.039110,1759891.000,22987,2,EA,1,100,1.803976
1755196367.106111,1759958.000,23007,1,EA,1,100,1.802576
1755196367.172611,1760024.500,23021,2,EA,1,100,1.804446
1755196367.239112,1760091.000,23021,2,EA,1,100,1.806787
1755196367.306112,1760158.000,23038,1,EA,1,100,1.808662
1755196367.372613,1760224.500,23055,2,EA,1,100,1.808662
1755196367.439113,1760291.000,23055,2,EA,1,100,1.808662
1755196367.506114,1760358.000,23072,1,EA,1,100,1.809603
1755196367.572614,1760424.500,23086,2,EA,1,100,1.811958
1755196367.639115,1760491.000,23086,2,EA,1,100,1.813848
1755196367.706115,1760558.000,23103,1,EA,1,100,1.808662
1755196367.772616,1760624.500,23122,2,EA,1,100,1.806316
1755196367.839116,1760691.000,23122,2,EA,1,100,1.807255
1755196367.906117,1760758.000,23139,1,EA,1,100,1.807255
1755196367.972617,1760824.500,23154,2,EA,1,100,1.807727
1755196368.039118,1760891.000,23154,2,EA,1,100,1.809603
1755196368.106118,1760958.000,23171,1,EA,1,100,1.808662
1755196368.172619,1761024.500,23187,2,EA,1,100,1.805849
1755196368.239119,1761091.000,23187,2,EA,1,100,1.807727
1755196368.306119,1761158.000,23204,2,EA,1,100,1.805849
1755196368.373120,1761225.000,23204,2,EA,1,100,1.803510
1755196368.439120,1761291.000,23221,1,EA,1,100,1.803045
1755196368.506121,1761358.000,23236,2,EA,1,100,1.804446
1755196368.573121,1761425.000,23236,2,EA,1,100,1.804912
1755196368.639122,1761491.000,23252,1,EA,1,100,1.806316
1755196368.706122,1761558.000,23275,2,EA,1,100,1.806787
1755196368.773123,1761625.000,23275,2,EA,1,100,1.805849
1755196368.839123,1761691.000,23293,1,EA,1,100,1.805849
1755196368.906124,1761758.000,23308,2,EA,1,100,1.806316
1755196368.973124,1761825.000,23308,2,EA,1,100,1.806316
1755196369.039125,1761891.000,23324,1,EA,1,100,1.806316
1755196369.106125,1761958.000,23342,2,EA,1,100,1.804446
1755196369.173126,1762025.000,23342,2,EA,1,100,1.805383
1755196369.239126,1762091.000,23358,1,EA,1,100,1.805383
1755196369.305627,1762157.500,23373,2,EA,1,100,1.803976
1755196369.372127,1762224.000,23373,2,EA,1,100,1.799314
1755196369.439128,1762291.000,23390,1,EA,1,100,1.796992
1755196369.505628,1762357.500,23407,2,EA,1,100,1.802111
1755196369.572128,1762424.000,23407,2,EA,1,100,1.808662
1755196369.639129,1762491.000,23423,1,EA,1,100,1.813848
1755196369.705629,1762557.500,23439,2,EA,1,100,1.818108
1755196369.772130,1762624.000,23439,2,EA,1,100,1.815737
1755196369.839130,1762691.000,23455,1,EA,1,100,1.810076
1755196369.905631,1762757.500,23472,2,EA,1,100,1.804446
1755196369.972131,1762824.000,23472,2,EA,1,100,1.803510
1755196370.039132,1762891.000,23488,1,EA,1,100,1.807255
1755196370.105632,1762957.500,23505,2,EA,1,100,1.810076
1755196370.172133,1763024.000,23505,2,EA,1,100,1.810076
1755196370.239133,1763091.000,23520,1,EA,1,100,1.809603
1755196370.305634,1763157.500,23537,2,EA,1,100,1.804446
1755196370.372134,1763224.000,23537,2,EA,1,100,1.801178
1755196370.439135,1763291.000,23554,2,EA,1,100,1.802576
1755196370.506135,1763358.000,23554,2,EA,1,100,1.806316
1755196370.572136,1763424.000,23571,1,EA,1,100,1.807255
1755196370.639136,1763491.000,23585,2,EA,1,100,1.806316
1755196370.706137,1763558.000,23585,2,EA,1,100,1.802111
1755196370.773137,1763625.000,23603,1,EA,1,100,1.801178
1755196370.839637,1763691.500,23619,2,EA,1,100,1.802111
1755196370.906138,1763758.000,23619,2,EA,1,100,1.800245
1755196370.972138,1763824.000,23636,1,EA,1,100,1.799782
1755196371.039139,1763891.000,23651,2,EA,1,100,1.806787
1755196371.106139,1763958.000,23651,2,EA,1,100,1.811015
1755196371.172140,1764024.000,23668,1,EA,1,100,1.807727
1755196371.239140,1764091.000,23684,2,EA,1,100,1.793290
1755196371.306141,1764158.000,23684,2,EA,1,100,1.775458
1755196371.372141,1764224.000,23701,1,EA,1,100,1.770040
1755196371.439142,1764291.000,23716,2,EA,1,100,1.794215
1755196371.506142,1764358.000,23716,2,EA,1,100,1.801642
1755196371.572143,1764424.000,23733,1,EA,1,100,1.796068
1755196371.639143,1764491.000,23749,2,EA,1,100,1.797921
1755196371.706144,1764558.000,23749,2,EA,1,100,1.797458
1755196371.772144,1764624.000,23767,1,EA,1,100,1.804912
1755196371.839145,1764691.000,23781,2,EA,1,100,1.813848
1755196371.906145,1764758.000,23781,2,EA,1,100,1.810545
1755196371.972146,1764824.000,23798,1,EA,1,100,1.805383
1755196372.039146,1764891.000,23815,2,EA,1,100,1.812433
1755196372.106146,1764958.000,23815,2,EA,1,100,1.820964
1755196372.172147,1765024.000,23832,1,EA,1,100,1.812433
1755196372.239147,1765091.000,23846,2,EA,1,100,1.793755
1755196372.306148,1765158.000,23846,2,EA,1,100,1.750458
1755196372.372148,1765224.000,23863,1,EA,1,100,1.676687
1755196372.439149,1765291.000,23880,2,EA,1,100,1.707949
1755196372.506149,1765358.000,23880,2,EA,1,100,1.785471
1755196372.572150,1765424.000,23897,1,EA,1,100,1.811958
1755196372.638650,1765490.500,23914,2,EA,1,100,1.828136
1755196372.705151,1765557.000,23914,2,EA,1,100,1.841675
1755196372.772151,1765624.000,23931,1,EA,1,100,1.848523
1755196372.838652,1765690.500,23947,2,EA,1,100,1.868365
1755196372.905152,1765757.000,23947,2,EA,1,100,1.885057
1755196372.972153,1765824.000,23964,2,EA,1,100,1.944008
1755196373.039153,1765891.000,23964,2,EA,1,100,2.027804
1755196373.106154,1765958.000,23981,1,EA,1,100,1.986153
1755196373.172654,1766024.500,23998,2,EA,1,100,1.867861
1755196373.239155,1766091.000,23998,2,EA,1,100,1.783184
1755196373.305155,1766157.000,24014,1,EA,1,100,1.766895
1755196373.372155,1766224.000,24034,2,EA,1,100,1.787763
1755196373.439156,1766291.000,24034,2,EA,1,100,1.825258
1755196373.505156,1766357.000,24050,1,EA,1,100,1.846072
1755196373.572157,1766424.000,24065,2,EA,1,100,1.840216
1755196373.639157,1766491.000,24065,2,EA,1,100,1.830055
1755196373.705158,1766557.000,24081,1,EA,1,100,1.828136
1755196373.772158,1766624.000,24106,2,EA,1,100,1.830055
1755196373.839159,1766691.000,24106,2,EA,1,100,1.809135
1755196373.905659,1766757.500,24122,2,EA,1,100,1.775458
1755196373.972160,1766824.000,24122,2,EA,1,100,1.755315
1755196374.039160,1766891.000,24139,1,EA,1,100,1.760195
1755196374.105661,1766957.500,24154,2,EA,1,100,1.817635
1755196374.172161,1767024.000,24154,2,EA,1,100,1.854427
1755196374.239162,1767091.000,24171,1,EA,1,100,1.862367
1755196374.305662,1767157.500,24189,2,EA,1,100,1.846560
1755196374.372163,1767224.000,24189,2,EA,1,100,1.844601
1755196374.439163,1767291.000,24207,1,EA,1,100,1.840701
1755196374.505664,1767357.500,24221,2,EA,1,100,1.831983
1755196374.572164,1767424.000,24221,2,EA,1,100,1.827653
1755196374.639164,1767491.000,24238,1,EA,1,100,1.828614
1755196374.705665,1767557.500,24255,2,EA,1,100,1.826216
1755196374.772165,1767624.000,24255,2,EA,1,100,1.824305
1755196374.839166,1767691.000,24272,1,EA,1,100,1.824305
1755196374.905666,1767757.500,24286,2,EA,1,100,1.822393
1755196374.972167,1767824.000,24286,2,EA,1,100,1.818108
1755196375.039167,1767891.000,24303,1,EA,1,100,1.816686
1755196375.105668,1767957.500,24320,2,EA,1,100,1.804912
1755196375.172168,1768024.000,24320,2,EA,1,100,1.803510
1755196375.239169,1768091.000,24337,1,EA,1,100,1.812903
1755196375.305669,1768157.500,24351,2,EA,1,100,1.820485
1755196375.372170,1768224.000,24351,2,EA,1,100,1.823349
1755196375.439170,1768291.000,24369,1,EA,1,100,1.821438
1755196375.505671,1768357.500,24385,2,EA,1,100,1.817163
1755196375.572171,1768424.000,24385,2,EA,1,100,1.815737
1755196375.639172,1768491.000,24402,1,EA,1,100,1.816214
1755196375.705672,1768557.500,24417,2,EA,1,100,1.815266
1755196375.772173,1768624.000,24417,2,EA,1,100,1.816214
1755196375.839173,1768691.000,24434,1,EA,1,100,1.816686
1755196375.905673,1768757.500,24450,2,EA,1,100,1.823824
1755196375.972174,1768824.000,24450,2,EA,1,100,1.831019
1755196376.039174,1768891.000,24467,1,EA,1,100,1.824305
1755196376.105675,1768957.500,24483,2,EA,1,100,1.818586
1755196376.172175,1769024.000,24483,2,EA,1,100,1.811015
1755196376.239176,1769091.000,24499,1,EA,1,100,1.792366
1755196376.305676,1769157.500,24515,2,EA,1,100,1.775458
1755196376.372177,1769224.000,24515,2,EA,1,100,1.801642
1755196376.438677,1769290.500,24533,2,EA,1,100,1.813848
1755196376.505178,1769357.000,24533,2,EA,1,100,1.803976
1755196376.572178,1769424.000,24549,1,EA,1,100,1.807727
1755196376.638679,1769490.500,24564,2,EA,1,100,1.813373
1755196376.705179,1769557.000,24564,2,EA,1,100,1.813373
1755196376.772180,1769624.000,24581,1,EA,1,100,1.818586
1755196376.838680,1769690.500,24598,2,EA,1,100,1.837299
1755196376.905181,1769757.000,24598,2,EA,1,100,1.818108
1755196376.972181,1769824.000,24614,1,EA,1,100,1.784099
1755196377.038682,1769890.500,24630,2,EA,1,100,1.742138
1755196377.105182,1769957.000,24630,2,EA,1,100,1.728299
1755196377.172183,1770024.000,24646,1,EA,1,100,1.782730
1755196377.238683,1770090.500,24663,2,EA,1,100,1.826216
1755196377.305183,1770157.000,24663,2,EA,1,100,1.845580
1755196377.372184,1770224.000,24679,1,EA,1,100,1.841675
1755196377.438684,1770290.500,24695,2,EA,1,100,1.815266
1755196377.505185,1770357.000,24695,2,EA,1,100,1.809135
1755196377.572185,1770424.000,24713,1,EA,1,100,1.839243
1755196377.638686,1770490.500,24730,2,EA,1,100,1.847541
1755196377.705186,1770557.000,24730,2,EA,1,100,1.838759
1755196377.772187,1770624.000,24747,1,EA,1,100,1.844114
1755196377.838687,1770690.500,24764,2,EA,1,100,1.860374
1755196377.905188,1770757.000,24764,2,EA,1,100,1.849995
1755196377.972188,1770824.000,24780,1,EA,1,100,1.790983
1755196378.038689,1770890.500,24798,2,EA,1,100,1.739091
1755196378.105189,1770957.000,24798,2,EA,1,100,1.730447
1755196378.172190,1771024.000,24814,1,EA,1,100,1.788683
1755196378.238690,1771090.500,24830,2,EA,1,100,1.836334
1755196378.305191,1771157.000,24830,2,EA,1,100,1.860374
1755196378.372191,1771224.000,24845,1,EA,1,100,1.829576
1755196378.438692,1771290.500,24863,2,EA,1,100,1.795141
1755196378.505192,1771357.000,24863,2,EA,1,100,1.808194
1755196378.572192,1771424.000,24881,1,EA,1,100,1.842651
1755196378.638693,1771490.500,24897,2,EA,1,100,1.841675
1755196378.705193,1771557.000,24897,2,EA,1,100,1.823824
1755196378.771694,1771623.500,24915,2,EA,1,100,1.788683
1755196378.838194,1771690.000,24915,2,EA,1,100,1.735624
1755196378.905195,1771757.000,24932,1,EA,1,100,1.746508
1755196378.971695,1771823.500,24953,2,EA,1,100,1.770040
1755196379.038196,1771890.000,24953,2,EA,1,100,1.782730
1755196379.105196,1771957.000,24971,1,EA,1,100,1.794676
1755196379.171697,1772023.500,24985,2,EA,1,100,1.803510
1755196379.238197,1772090.000,24985,2,EA,1,100,1.815266
1755196379.305198,1772157.000,25004,1,EA,1,100,1.829576
1755196379.371698,1772223.500,25021,2,EA,1,100,1.838759
1755196379.438199,1772290.000,25021,2,EA,1,100,1.847048
1755196379.505199,1772357.000,25038,1,EA,1,100,1.844114
1755196379.571700,1772423.500,25052,2,EA,1,100,1.828614
1755196379.638200,1772490.000,25052,2,EA,1,100,1.823349
1755196379.705201,1772557.000,25069,1,EA,1,100,1.848523
1755196379.771701,1772623.500,25086,2,EA,1,100,1.867861
1755196379.838201,1772690.000,25086,2,EA,1,100,1.863861
1755196379.905202,1772757.000,25105,1,EA,1,100,1.845093
1755196379.971702,1772823.500,25119,2,EA,1,100,1.819537
1755196380.038203,1772890.000,25119,2,EA,1,100,1.790983
1755196380.105203,1772957.000,25137,1,EA,1,100,1.787763
1755196380.171704,1773023.500,25155,2,EA,1,100,1.811015
1755196380.238204,1773090.000,25155,2,EA,1,100,1.833430
1755196380.305205,1773157.000,25172,1,EA,1,100,1.847048
1755196380.371705,1773223.500,25187,2,EA,1,100,1.840216
1755196380.438206,1773290.000,25187,2,EA,1,100,1.823824
1755196380.505206,1773357.000,25204,1,EA,1,100,1.817635
1755196380.571707,1773423.500,25220,2,EA,1,100,1.814319
1755196380.638207,1773490.000,25220,2,EA,1,100,1.811958
1755196380.705208,1773557.000,25237,1,EA,1,100,1.810545
1755196380.771708,1773623.500,25253,2,EA,1,100,1.810076
1755196380.838209,1773690.000,25253,2,EA,1,100,1.812433
1755196380.905209,1773757.000,25269,1,EA,1,100,1.813373
1755196380.971710,1773823.500,25285,2,EA,1,100,1.813373
1755196381.038210,1773890.000,25285,2,EA,1,100,1.813373
1755196381.105210,1773957.000,25303,1,EA,1,100,1.812433
1755196381.171711,1774023.500,25318,2,EA,1,100,1.812433
1755196381.238211,1774090.000,25318,2,EA,1,100,1.812433
1755196381.304712,1774156.500,25334,2,EA,1,100,1.815737
1755196381.371212,1774223.000,25334,2,EA,1,100,1.816686
1755196381.438213,1774290.000,25351,1,EA,1,100,1.816214
1755196381.504713,1774356.500,25368,2,EA,1,100,1.815737
1755196381.571214,1774423.000,25368,2,EA,1,100,1.817163
1755196381.638214,1774490.000,25384,1,EA,1,100,1.817163
1755196381.704715,1774556.500,25400,2,EA,1,100,1.819059
1755196381.771215,1774623.000,25400,2,EA,1,100,1.818586
1755196381.838216,1774690.000,25416,1,EA,1,100,1.815266
1755196381.904716,1774756.500,25433,2,EA,1,100,1.812433
1755196381.971217,1774823.000,25433,2,EA,1,100,1.814795
1755196382.038217,1774890.000,25449,1,EA,1,100,1.819537
1755196382.104718,1774956.500,25465,2,EA,1,100,1.820485
1755196382.171218,1775023.000,25465,2,EA,1,100,1.820011
1755196382.238219,1775090.000,25481,1,EA,1,100,1.821438
1755196382.304719,1775156.500,25498,2,EA,1,100,1.819537
1755196382.371219,1775223.000,25498,2,EA,1,100,1.816214
1755196382.438220,1775290.000,25515,1,EA,1,100,1.813373
1755196382.504720,1775356.500,25530,2,EA,1,100,1.814319
1755196382.571221,1775423.000,25530,2,EA,1,100,1.816686
1755196382.638221,1775490.000,25546,1,EA,1,100,1.819059
1755196382.704722,1775556.500,25564,2,EA,1,100,1.820011
1755196382.771222,1775623.000,25564,2,EA,1,100,1.820011
1755196382.838223,1775690.000,25580,1,EA,1,100,1.820485
1755196382.904723,1775756.500,25595,2,EA,1,100,1.820011
1755196382.971224,1775823.000,25595,2,EA,1,100,1.805383
1755196383.038224,1775890.000,25613,1,EA,1,100,1.763761
1755196383.104725,1775956.500,25631,2,EA,1,100,1.786849
1755196383.171225,1776023.000,25631,2,EA,1,100,1.790524
1755196383.238226,1776090.000,25647,1,EA,1,100,1.790524
1755196383.304726,1776156.500,25663,2,EA,1,100,1.795141
1755196383.371227,1776223.000,25663,2,EA,1,100,1.790524
1755196383.438227,1776290.000,25679,1,EA,1,100,1.797921
1755196383.504728,1776356.500,25696,2,EA,1,100,1.803510
1755196383.571228,1776423.000,25696,2,EA,1,100,1.816214
1755196383.637728,1776489.500,25712,2,EA,1,100,1.830539
1755196383.704229,1776556.000,25712,2,EA,1,100,1.817635
1755196383.771229,1776623.000,25730,1,EA,1,100,1.791906
1755196383.837730,1776689.500,25746,2,EA,1,100,1.780904
1755196383.904230,1776756.000,25746,2,EA,1,100,1.785015
1755196383.971231,1776823.000,25763,1,EA,1,100,1.799314
1755196384.037898,1776889.667,25784,3,EA,1,100,1.817635
1755196384.104565,1776956.333,25784,3,EA,1,100,1.831983
1755196384.171232,1777023.000,25784,3,EA,1,100,1.843137
1755196384.238233,1777090.000,25800,1,EA,1,100,1.839243
1755196384.304733,1777156.500,25817,2,EA,1,100,1.836817
1755196384.371234,1777223.000,25817,2,EA,1,100,1.814795
1755196384.438234,1777290.000,25834,1,EA,1,100,1.797921
1755196384.504735,1777356.500,25849,2,EA,1,100,1.796530
1755196384.571235,1777423.000,25849,2,EA,1,100,1.800245
1755196384.638236,1777490.000,25865,1,EA,1,100,1.802111
1755196384.704736,1777556.500,25883,2,EA,1,100,1.798851
1755196384.771237,1777623.000,25883,2,EA,1,100,1.809135
1755196384.837737,1777689.500,25901,2,EA,1,100,1.816214
1755196384.904237,1777756.000,25901,2,EA,1,100,1.819537
1755196384.971238,1777823.000,25918,1,EA,1,100,1.818108
1755196385.037738,1777889.500,25933,2,EA,1,100,1.818586
1755196385.104239,1777956.000,25933,2,EA,1,100,1.815737
1755196385.171239,1778023.000,25950,1,EA,1,100,1.815266
1755196385.237740,1778089.500,25966,2,EA,1,100,1.817163
1755196385.304240,1778156.000,25966,2,EA,1,100,1.815737
1755196385.371241,1778223.000,25983,1,EA,1,100,1.820485
1755196385.437741,1778289.500,25998,2,EA,1,100,1.822393
1755196385.504242,1778356.000,25998,2,EA,1,100,1.813373
1755196385.571242,1778423.000,26017,1,EA,1,100,1.811015
1755196385.637743,1778489.500,26033,2,EA,1,100,1.816214
1755196385.704243,1778556.000,26033,2,EA,1,100,1.820011
1755196385.771244,1778623.000,26051,1,EA,1,100,1.820485
1755196385.837744,1778689.500,26065,2,EA,1,100,1.813848
1755196385.904245,1778756.000,26065,2,EA,1,100,1.812903
1755196385.971245,1778823.000,26082,1,EA,1,100,1.819537
1755196386.037746,1778889.500,26099,2,EA,1,100,1.821438
1755196386.104246,1778956.000,26099,2,EA,1,100,1.819059
1755196386.171246,1779023.000,26116,1,EA,1,100,1.812433
1755196386.237747,1779089.500,26130,2,EA,1,100,1.812433
1755196386.304247,1779156.000,26130,2,EA,1,100,1.820485
1755196386.371248,1779223.000,26147,1,EA,1,100,1.824781
1755196386.437748,1779289.500,26164,2,EA,1,100,1.820964
1755196386.504249,1779356.000,26164,2,EA,1,100,1.813373
1755196386.571249,1779423.000,26181,1,EA,1,100,1.807727
1755196386.637750,1779489.500,26195,2,EA,1,100,1.812903
1755196386.704250,1779556.000,26195,2,EA,1,100,1.819537
1755196386.771251,1779623.000,26213,1,EA,1,100,1.815737
1755196386.837751,1779689.500,26229,2,EA,1,100,1.809603
1755196386.904252,1779756.000,26229,2,EA,1,100,1.810545
1755196386.971252,1779823.000,26246,1,EA,1,100,1.816686
1755196387.037753,1779889.500,26262,2,EA,1,100,1.821438
1755196387.104253,1779956.000,26262,2,EA,1,100,1.821438
1755196387.171254,1780023.000,26278,1,EA,1,100,1.816214
1755196387.237754,1780089.500,26294,2,EA,1,100,1.815266
1755196387.304255,1780156.000,26294,2,EA,1,100,1.818586
1755196387.371255,1780223.000,26311,1,EA,1,100,1.820964
1755196387.437755,1780289.500,26327,2,EA,1,100,1.820011
1755196387.504256,1780356.000,26327,2,EA,1,100,1.820011
1755196387.570756,1780422.500,26343,2,EA,1,100,1.819537
1755196387.637257,1780489.000,26343,2,EA,1,100,1.819537
1755196387.704257,1780556.000,26359,1,EA,1,100,1.819537
1755196387.770758,1780622.500,26377,2,EA,1,100,1.820485
1755196387.837258,1780689.000,26377,2,EA,1,100,1.820964
1755196387.904259,1780756.000,26393,1,EA,1,100,1.821438
1755196387.970759,1780822.500,26408,2,EA,1,100,1.820964
1755196388.037260,1780889.000,26408,2,EA,1,100,1.820485
1755196388.104260,1780956.000,26425,1,EA,1,100,1.820011
1755196388.170761,1781022.500,26442,2,EA,1,100,1.821438
1755196388.237261,1781089.000,26442,2,EA,1,100,1.821918
1755196388.304262,1781156.000,26458,1,EA,1,100,1.821438
1755196388.370762,1781222.500,26474,2,EA,1,100,1.820964
1755196388.437263,1781289.000,26474,2,EA,1,100,1.820485
1755196388.504263,1781356.000,26490,1,EA,1,100,1.820964
1755196388.570764,1781422.500,26507,2,EA,1,100,1.820964
1755196388.637264,1781489.000,26507,2,EA,1,100,1.821438
1755196388.704264,1781556.000,26523,1,EA,1,100,1.821438
1755196388.770765,1781622.500,26541,2,EA,1,100,1.821438
1755196388.837265,1781689.000,26541,2,EA,1,100,1.820964
1755196388.904266,1781756.000,26557,1,EA,1,100,1.822393
1755196388.970766,1781822.500,26574,2,EA,1,100,1.821438
1755196389.037267,1781889.000,26574,2,EA,1,100,1.821918
1755196389.104267,1781956.000,26591,1,EA,1,100,1.821918
1755196389.170768,1782022.500,26613,2,EA,1,100,1.822393
1755196389.237268,1782089.000,26613,2,EA,1,100,1.821918
1755196389.304269,1782156.000,26629,1,EA,1,100,1.822393
1755196389.370769,1782222.500,26647,2,EA,1,100,1.820964
1755196389.437270,1782289.000,26647,2,EA,1,100,1.820964
1755196389.504270,1782356.000,26663,1,EA,1,100,1.821438
1755196389.570771,1782422.500,26679,2,EA,1,100,1.821918
1755196389.637271,1782489.000,26679,2,EA,1,100,1.824305
1755196389.704272,1782556.000,26694,1,EA,1,100,1.826698
1755196389.770772,1782622.500,26712,2,EA,1,100,1.826698
1755196389.837273,1782689.000,26712,2,EA,1,100,1.827653
1755196389.904273,1782756.000,26728,2,EA,1,100,1.826698
1755196389.971273,1782823.000,26728,2,EA,1,100,1.827176
1755196390.037274,1782889.000,26745,1,EA,1,100,1.828614
1755196390.103774,1782955.500,26760,2,EA,1,100,1.828136
1755196390.170275,1783022.000,26760,2,EA,1,100,1.828136
1755196390.237275,1783089.000,26777,1,EA,1,100,1.827653
1755196390.303776,1783155.500,26793,2,EA,1,100,1.826698
1755196390.370276,1783222.000,26793,2,EA,1,100,1.828136
1755196390.437277,1783289.000,26811,1,EA,1,100,1.828614
1755196390.503777,1783355.500,26825,2,EA,1,100,1.826698
1755196390.570278,1783422.000,26825,2,EA,1,100,1.827176
1755196390.637278,1783489.000,26842,1,EA,1,100,1.829098
1755196390.703779,1783555.500,26859,2,EA,1,100,1.825258
1755196390.770279,1783622.000,26859,2,EA,1,100,1.824305
1755196390.837280,1783689.000,26878,1,EA,1,100,1.825739
1755196390.903780,1783755.500,26892,2,EA,1,100,1.824305
1755196390.970281,1783822.000,26892,2,EA,1,100,1.824781
1755196391.037281,1783889.000,26909,1,EA,1,100,1.825739
1755196391.104282,1783956.000,26926,2,EA,1,100,1.825258
1755196391.171282,1784023.000,26926,2,EA,1,100,1.825258
1755196391.237282,1784089.000,26943,1,EA,1,100,1.825739
1755196391.303783,1784155.500,26957,2,EA,1,100,1.826216
1755196391.370283,1784222.000,26957,2,EA,1,100,1.825739
1755196391.437284,1784289.000,26975,1,EA,1,100,1.826698
1755196391.503784,1784355.500,26993,2,EA,1,100,1.827653
1755196391.570285,1784422.000,26993,2,EA,1,100,1.829098
1755196391.637285,1784489.000,27010,1,EA,1,100,1.830055
1755196391.703786,1784555.500,27026,2,EA,1,100,1.830055
1755196391.770286,1784622.000,27026,2,EA,1,100,1.829576
1755196391.837287,1784689.000,27042,1,EA,1,100,1.828614
1755196391.903787,1784755.500,27058,2,EA,1,100,1.827653
1755196391.970288,1784822.000,27058,2,EA,1,100,1.826698
1755196392.037288,1784889.000,27076,2,EA,1,100,1.826698
1755196392.104289,1784956.000,27076,2,EA,1,100,1.825258
1755196392.170289,1785022.000,27092,1,EA,1,100,1.825739
1755196392.237290,1785089.000,27107,2,EA,1,100,1.826216
1755196392.304290,1785156.000,27107,2,EA,1,100,1.826216
1755196392.370291,1785222.000,27123,1,EA,1,100,1.826698
1755196392.437291,1785289.000,27141,2,EA,1,100,1.825739
1755196392.504292,1785356.000,27141,2,EA,1,100,1.825739
1755196392.570292,1785422.000,27157,1,EA,1,100,1.827653
1755196392.636792,1785488.500,27172,2,EA,1,100,1.827653
1755196392.703293,1785555.000,27172,2,EA,1,100,1.825258
1755196392.770293,1785622.000,27189,1,EA,1,100,1.824781
1755196392.836794,1785688.500,27206,2,EA,1,100,1.826698
1755196392.903294,1785755.000,27206,2,EA,1,100,1.826698
1755196392.970295,1785822.000,27222,1,EA,1,100,1.825739
1755196393.037295,1785889.000,27238,2,EA,1,100,1.827653
1755196393.104296,1785956.000,27238,2,EA,1,100,1.825739
1755196393.170296,1786022.000,27254,1,EA,1,100,1.825739
1755196393.236797,1786088.500,27271,2,EA,1,100,1.823824
1755196393.303297,1786155.000,27271,2,EA,1,100,1.820964
1755196393.370298,1786222.000,27287,1,EA,1,100,1.821438
1755196393.436798,1786288.500,27304,2,EA,1,100,1.826698
1755196393.503299,1786355.000,27304,2,EA,1,100,1.831983
1755196393.570299,1786422.000,27319,1,EA,1,100,1.832464
1755196393.636800,1786488.500,27336,2,EA,1,100,1.830539
1755196393.703300,1786555.000,27336,2,EA,1,100,1.828614
1755196393.770301,1786622.000,27355,2,EA,1,100,1.827176
1755196393.837301,1786689.000,27355,2,EA,1,100,1.824305
1755196393.903301,1786755.000,27372,1,EA,1,100,1.824781
1755196393.970302,1786822.000,27386,2,EA,1,100,1.827653
1755196394.037302,1786889.000,27386,2,EA,1,100,1.830055
1755196394.103303,1786955.000,27404,1,EA,1,100,1.831983
1755196394.170303,1787022.000,27420,2,EA,1,100,1.832949
1755196394.237304,1787089.000,27420,2,EA,1,100,1.831503
1755196394.303304,1787155.000,27442,1,EA,1,100,1.831503
1755196394.370305,1787222.000,27457,2,EA,1,100,1.831983
1755196394.437305,1787289.000,27457,2,EA,1,100,1.831983
1755196394.503306,1787355.000,27474,1,EA,1,100,1.829576
1755196394.570306,1787422.000,27490,2,EA,1,100,1.831503
1755196394.637307,1787489.000,27490,2,EA,1,100,1.831983
1755196394.703307,1787555.000,27507,1,EA,1,100,1.831983
1755196394.770308,1787622.000,27522,2,EA,1,100,1.831019
1755196394.837308,1787689.000,27522,2,EA,1,100,1.830055
1755196394.903309,1787755.000,27539,1,EA,1,100,1.831019
1755196394.970309,1787822.000,27555,2,EA,1,100,1.832949
1755196395.037310,1787889.000,27555,2,EA,1,100,1.832464
1755196395.103310,1787955.000,27573,1,EA,1,100,1.831019
1755196395.170310,1788022.000,27587,2,EA,1,100,1.830055
1755196395.237311,1788089.000,27587,2,EA,1,100,1.828136
1755196395.303311,1788155.000,27604,1,EA,1,100,1.831019
1755196395.370312,1788222.000,27621,2,EA,1,100,1.831019
1755196395.437312,1788289.000,27621,2,EA,1,100,1.827653
1755196395.503313,1788355.000,27638,1,EA,1,100,1.830055
1755196395.570313,1788422.000,27652,2,EA,1,100,1.836334
1755196395.637314,1788489.000,27652,2,EA,1,100,1.835365
1755196395.703314,1788555.000,27669,1,EA,1,100,1.833916
1755196395.770315,1788622.000,27686,2,EA,1,100,1.832464
1755196395.837315,1788689.000,27686,2,EA,1,100,1.832464
1755196395.903316,1788755.000,27703,1,EA,1,100,1.832949
1755196395.969816,1788821.500,27718,2,EA,1,100,1.833916
1755196396.036317,1788888.000,27718,2,EA,1,100,1.833916
1755196396.103317,1788955.000,27737,2,EA,1,100,1.834878
1755196396.170318,1789022.000,27737,2,EA,1,100,1.833916
1755196396.236318,1789088.000,27753,1,EA,1,100,1.833430
1755196396.303319,1789155.000,27770,2,EA,1,100,1.833916
1755196396.370319,1789222.000,27770,2,EA,1,100,1.833916
1755196396.437319,1789289.000,27787,1,EA,1,100,1.833916
1755196396.503820,1789355.500,27802,2,EA,1,100,1.833916
1755196396.570320,1789422.000,27802,2,EA,1,100,1.833916
1755196396.636321,1789488.000,27818,1,EA,1,100,1.833916
1755196396.703321,1789555.000,27836,2,EA,1,100,1.833430
1755196396.770322,1789622.000,27836,2,EA,1,100,1.832949
1755196396.836322,1789688.000,27854,1,EA,1,100,1.831983
1755196396.903323,1789755.000,27869,2,EA,1,100,1.831019
1755196396.970323,1789822.000,27869,2,EA,1,100,1.832464
1755196397.036324,1789888.000,27885,1,EA,1,100,1.835847
1755196397.103324,1789955.000,27903,2,EA,1,100,1.835847
1755196397.170325,1790022.000,27903,2,EA,1,100,1.831503
1755196397.236325,1790088.000,27919,1,EA,1,100,1.830539
1755196397.303326,1790155.000,27934,2,EA,1,100,1.831503
1755196397.370326,1790222.000,27934,2,EA,1,100,1.825258
1755196397.436327,1790288.000,27951,1,EA,1,100,1.822868
1755196397.503327,1790355.000,27968,2,EA,1,100,1.825258
1755196397.570328,1790422.000,27968,2,EA,1,100,1.825258
1755196397.636328,1790488.000,27986,1,EA,1,100,1.834878
1755196397.703328,1790555.000,28002,2,EA,1,100,1.851470
1755196397.770329,1790622.000,28002,2,EA,1,100,1.862367
1755196397.836329,1790688.000,28018,1,EA,1,100,1.852456
1755196397.903330,1790755.000,28035,2,EA,1,100,1.844114
1755196397.970330,1790822.000,28035,2,EA,1,100,1.842161
1755196398.036331,1790888.000,28051,1,EA,1,100,1.837787
1755196398.103331,1790955.000,28067,2,EA,1,100,1.839727
1755196398.170332,1791022.000,28067,2,EA,1,100,1.841675
1755196398.236332,1791088.000,28083,1,EA,1,100,1.845093
1755196398.303333,1791155.000,28102,2,EA,1,100,1.850485
1755196398.370333,1791222.000,28102,2,EA,1,100,1.855416
1755196398.436834,1791288.500,28119,2,EA,1,100,1.852948
1755196398.503334,1791355.000,28119,2,EA,1,100,1.843137
1755196398.570335,1791422.000,28136,1,EA,1,100,1.831503
1755196398.636835,1791488.500,28150,2,EA,1,100,1.819537
1755196398.703336,1791555.000,28150,2,EA,1,100,1.813848
1755196398.770336,1791622.000,28168,1,EA,1,100,1.817635
1755196398.836837,1791688.500,28186,2,EA,1,100,1.818586
1755196398.903337,1791755.000,28186,2,EA,1,100,1.816214
1755196398.970337,1791822.000,28203,1,EA,1,100,1.822868
1755196399.036838,1791888.500,28218,2,EA,1,100,1.837299
1755196399.103338,1791955.000,28218,2,EA,1,100,1.850980
1755196399.170339,1792022.000,28235,1,EA,1,100,1.851470
1755196399.236839,1792088.500,28253,2,EA,1,100,1.846072
1755196399.303340,1792155.000,28253,2,EA,1,100,1.839243
1755196399.370007,1792221.667,28274,3,EA,1,100,1.832464
1755196399.436674,1792288.333,28274,3,EA,1,100,1.831019
1755196399.503341,1792355.000,28274,3,EA,1,100,1.833430
1755196399.569342,1792421.000,28291,1,EA,1,100,1.833916
1755196399.636342,1792488.000,28307,2,EA,1,100,1.835365
1755196399.703343,1792555.000,28307,2,EA,1,100,1.841190
1755196399.770343,1792622.000,28325,1,EA,1,100,1.842161
1755196399.836844,1792688.500,28339,2,EA,1,100,1.839727
1755196399.903344,1792755.000,28339,2,EA,1,100,1.837299
1755196399.970345,1792822.000,28356,1,EA,1,100,1.836817
1755196400.036845,1792888.500,28373,2,EA,1,100,1.837299
1755196400.103346,1792955.000,28373,2,EA,1,100,1.835365
1755196400.169846,1793021.500,28390,2,EA,1,100,1.832949
1755196400.236346,1793088.000,28390,2,EA,1,100,1.831019
1755196400.303347,1793155.000,28406,1,EA,1,100,1.833430
1755196400.369847,1793221.500,28422,2,EA,1,100,1.838271
1755196400.436348,1793288.000,28422,2,EA,1,100,1.840701
1755196400.503348,1793355.000,28438,1,EA,1,100,1.841675
1755196400.569849,1793421.500,28455,2,EA,1,100,1.843628
1755196400.636349,1793488.000,28455,2,EA,1,100,1.841675
1755196400.703350,1793555.000,28471,1,EA,1,100,1.838759
1755196400.769850,1793621.500,28487,2,EA,1,100,1.839243
1755196400.836351,1793688.000,28487,2,EA,1,100,1.838271
1755196400.903351,1793755.000,28503,1,EA,1,100,1.836334
1755196400.969852,1793821.500,28520,2,EA,1,100,1.832464
1755196401.036352,1793888.000,28520,2,EA,1,100,1.831019
1755196401.103353,1793955.000,28537,1,EA,1,100,1.829098
1755196401.169853,1794021.500,28552,2,EA,1,100,1.828136
1755196401.236354,1794088.000,28552,2,EA,1,100,1.829576
1755196401.303354,1794155.000,28568,1,EA,1,100,1.830055
1755196401.369855,1794221.500,28586,2,EA,1,100,1.828614
1755196401.436355,1794288.000,28586,2,EA,1,100,1.831983
1755196401.503355,1794355.000,28602,1,EA,1,100,1.835365
1755196401.569856,1794421.500,28617,2,EA,1,100,1.837787
1755196401.636356,1794488.000,28617,2,EA,1,100,1.840216
1755196401.703357,1794555.000,28633,1,EA,1,100,1.839243
1755196401.769857,1794621.500,28653,2,EA,1,100,1.837787
1755196401.836358,1794688.000,28653,2,EA,1,100,1.840216
1755196401.903358,1794755.000,28669,1,EA,1,100,1.842651
1755196401.969859,1794821.500,28684,2,EA,1,100,1.842161
1755196402.036359,1794888.000,28684,2,EA,1,100,1.841190
1755196402.103360,1794955.000,28701,1,EA,1,100,1.837299
1755196402.169860,1795021.500,28718,2,EA,1,100,1.832949
1755196402.236361,1795088.000,28718,2,EA,1,100,1.835365
1755196402.303361,1795155.000,28734,1,EA,1,100,1.839243
1755196402.369862,1795221.500,28751,2,EA,1,100,1.844114
1755196402.436362,1795288.000,28751,2,EA,1,100,1.837787
1755196402.502863,1795354.500,28766,2,EA,1,100,1.829576
1755196402.569363,1795421.000,28766,2,EA,1,100,1.835847
1755196402.636364,1795488.000,28783,1,EA,1,100,1.850485
1755196402.702864,1795554.500,28800,2,EA,1,100,1.854924
1755196402.769364,1795621.000,28800,2,EA,1,100,1.853935
1755196402.836365,1795688.000,28817,1,EA,1,100,1.839243
1755196402.902865,1795754.500,28831,2,EA,1,100,1.831503
1755196402.969366,1795821.000,28831,2,EA,1,100,1.849012
1755196403.036366,1795888.000,28848,1,EA,1,100,1.867861
1755196403.102867,1795954.500,28865,2,EA,1,100,1.870370
1755196403.169367,1796021.000,28865,2,EA,1,100,1.850485
1755196403.236368,1796088.000,28882,1,EA,1,100,1.832464
1755196403.302868,1796154.500,28896,2,EA,1,100,1.837787
1755196403.369369,1796221.000,28896,2,EA,1,100,1.845093
1755196403.436369,1796288.000,28914,1,EA,1,100,1.843628
1755196403.502870,1796354.500,28930,2,EA,1,100,1.840216
1755196403.569370,1796421.000,28930,2,EA,1,100,1.836817
1755196403.636371,1796488.000,28947,1,EA,1,100,1.837787
1755196403.702871,1796554.500,28962,2,EA,1,100,1.846560
1755196403.769372,1796621.000,28962,2,EA,1,100,1.845093
1755196403.836372,1796688.000,28981,1,EA,1,100,1.835847
1755196403.902873,1796754.500,28997,2,EA,1,100,1.827653
1755196403.969373,1796821.000,28997,2,EA,1,100,1.838759
1755196404.036373,1796888.000,29014,1,EA,1,100,1.853935
1755196404.102874,1796954.500,29029,2,EA,1,100,1.846560
1755196404.169374,1797021.000,29029,2,EA,1,100,1.832949
1755196404.236375,1797088.000,29046,1,EA,1,100,1.832464
1755196404.302875,1797154.500,29062,2,EA,1,100,1.848029
1755196404.369376,1797221.000,29062,2,EA,1,100,1.849995
1755196404.436376,1797288.000,29080,1,EA,1,100,1.832949
1755196404.502877,1797354.500,29102,2,EA,1,100,1.827653
1755196404.569377,1797421.000,29102,2,EA,1,100,1.843137
1755196404.636378,1797488.000,29120,1,EA,1,100,1.862367
1755196404.702878,1797554.500,29137,2,EA,1,100,1.856900
1755196404.769379,1797621.000,29137,2,EA,1,100,1.837299
1755196404.836379,1797688.000,29154,1,EA,1,100,1.838271
1755196404.902880,1797754.500,29169,2,EA,1,100,1.854427
1755196404.969380,1797821.000,29169,2,EA,1,100,1.862863
1755196405.035881,1797887.500,29186,2,EA,1,100,1.851470
1755196405.102381,1797954.000,29186,2,EA,1,100,1.831019
1755196405.169382,1798021.000,29202,1,EA,1,100,1.831983
1755196405.235882,1798087.500,29219,2,EA,1,100,1.856407
1755196405.302382,1798154.000,29219,2,EA,1,100,1.860374
1755196405.369383,1798221.000,29235,1,EA,1,100,1.839243
1755196405.435883,1798287.500,29253,2,EA,1,100,1.821438
1755196405.502384,1798354.000,29253,2,EA,1,100,1.837299
1755196405.569384,1798421.000,29269,1,EA,1,100,1.868865
1755196405.635885,1798487.500,29286,2,EA,1,100,1.868365
1755196405.702385,1798554.000,29286,2,EA,1,100,1.843137
1755196405.769386,1798621.000,29303,1,EA,1,100,1.824305
1755196405.835886,1798687.500,29318,2,EA,1,100,1.848029
1755196405.902387,1798754.000,29318,2,EA,1,100,1.868865
1755196405.969387,1798821.000,29334,1,EA,1,100,1.849995
1755196406.035888,1798887.500,29352,2,EA,1,100,1.823824
1755196406.102388,1798954.000,29352,2,EA,1,100,1.834397
1755196406.169389,1799021.000,29368,1,EA,1,100,1.864861
1755196406.235889,1799087.500,29385,2,EA,1,100,1.860374
1755196406.302390,1799154.000,29385,2,EA,1,100,1.831983
1755196406.369390,1799221.000,29401,1,EA,1,100,1.826216
1755196406.435891,1799287.500,29419,2,EA,1,100,1.853935
1755196406.502391,1799354.000,29419,2,EA,1,100,1.867362
1755196406.569391,1799421.000,29435,1,EA,1,100,1.851470
1755196406.635892,1799487.500,29450,2,EA,1,100,1.823824
1755196406.702392,1799554.000,29450,2,EA,1,100,1.825258
1755196406.769393,1799621.000,29467,1,EA,1,100,1.851961
1755196406.835893,1799687.500,29484,2,EA,1,100,1.852948
1755196406.902394,1799754.000,29484,2,EA,1,100,1.830539
1755196406.969394,1799821.000,29500,1,EA,1,100,1.830055
1755196407.035895,1799887.500,29519,2,EA,1,100,1.854427
1755196407.102395,1799954.000,29519,2,EA,1,100,1.857398
1755196407.169396,1800021.000,29534,1,EA,1,100,1.847048
1755196407.235896,1800087.500,29551,2,EA,1,100,1.825739
1755196407.302397,1800154.000,29551,2,EA,1,100,1.824781
1755196407.369397,1800221.000,29567,1,EA,1,100,1.842161
1755196407.435898,1800287.500,29584,2,EA,1,100,1.844114
1755196407.502398,1800354.000,29584,2,EA,1,100,1.831983
1755196407.568899,1800420.500,29599,2,EA,1,100,1.830539
1755196407.635399,1800487.000,29599,2,EA,1,100,1.859879
1755196407.702400,1800554.000,29616,1,EA,1,100,1.860374
1755196407.768900,1800620.500,29633,2,EA,1,100,1.846072
1755196407.835400,1800687.000,29633,2,EA,1,100,1.845093
1755196407.902401,1800754.000,29650,1,EA,1,100,1.830539
1755196407.968901,1800820.500,29664,2,EA,1,100,1.814319
1755196408.035402,1800887.000,29664,2,EA,1,100,1.809135
1755196408.102402,1800954.000,29684,1,EA,1,100,1.828136
1755196408.168903,1801020.500,29700,2,EA,1,100,1.840216
1755196408.235403,1801087.000,29700,2,EA,1,100,1.837299
1755196408.302404,1801154.000,29717,1,EA,1,100,1.863861
1755196408.368904,1801220.500,29732,2,EA,1,100,1.882509
1755196408.435405,1801287.000,29732,2,EA,1,100,1.871376
1755196408.502405,1801354.000,29749,1,EA,1,100,1.853935
1755196408.568906,1801420.500,29765,2,EA,1,100,1.842651
1755196408.635406,1801487.000,29765,2,EA,1,100,1.866858
1755196408.702407,1801554.000,29782,1,EA,1,100,1.886589
1755196408.768907,1801620.500,29799,2,EA,1,100,1.884544
1755196408.835408,1801687.000,29799,2,EA,1,100,1.862367
1755196408.902408,1801754.000,29816,1,EA,1,100,1.852948
1755196408.968909,1801820.500,29834,2,EA,1,100,1.874905
1755196409.035409,1801887.000,29834,2,EA,1,100,1.887098
1755196409.102410,1801954.000,29852,1,EA,1,100,1.863365
1755196409.168910,1802020.500,29866,2,EA,1,100,1.838271
1755196409.235410,1802087.000,29866,2,EA,1,100,1.843628
1755196409.302411,1802154.000,29883,1,EA,1,100,1.868365
1755196409.368911,1802220.500,29900,2,EA,1,100,1.871376
1755196409.435412,1802287.000,29900,2,EA,1,100,1.858885
1755196409.502412,1802354.000,29917,1,EA,1,100,1.839243
1755196409.568913,1802420.500,29937,2,EA,1,100,1.843137
1755196409.635413,1802487.000,29937,2,EA,1,100,1.865861
1755196409.701914,1802553.500,29954,2,EA,1,100,1.872885
1755196409.768414,1802620.000,29954,2,EA,1,100,1.848029
1755196409.835415,1802687.000,29972,1,EA,1,100,1.819537
1755196409.901915,1802753.500,29989,2,EA,1,100,1.822868
1755196409.968416,1802820.000,29989,2,EA,1,100,1.846560
1755196410.035416,1802887.000,30005,1,EA,1,100,1.852948
1755196410.101917,1802953.500,30021,2,EA,1,100,1.839727
1755196410.168417,1803020.000,30021,2,EA,1,100,1.824305
1755196410.235418,1803087.000,30037,1,EA,1,100,1.838271
1755196410.301918,1803153.500,30054,2,EA,1,100,1.859879
1755196410.368419,1803220.000,30054,2,EA,1,100,1.856407
1755196410.435419,1803287.000,30071,1,EA,1,100,1.840216
1755196410.502419,1803354.000,30086,2,EA,1,100,1.826698
1755196410.569420,1803421.000,30086,2,EA,1,100,1.846560
1755196410.635420,1803487.000,30102,1,EA,1,100,1.873894
1755196410.701921,1803553.500,30122,2,EA,1,100,1.878952
1755196410.768421,1803620.000,30122,2,EA,1,100,1.860374
1755196410.835422,1803687.000,30138,1,EA,1,100,1.847541
1755196410.901922,1803753.500,30153,2,EA,1,100,1.864861
1755196410.968423,1803820.000,30153,2,EA,1,100,1.869869
1755196411.035423,1803887.000,30169,1,EA,1,100,1.874397
1755196411.101924,1803953.500,30187,2,EA,1,100,1.901011
1755196411.168424,1804020.000,30187,2,EA,1,100,1.914076
1755196411.235425,1804087.000,30205,2,EA,1,100,1.891715
1755196411.302425,1804154.000,30205,2,EA,1,100,1.887613
1755196411.368426,1804220.000,30222,1,EA,1,100,1.886589
1755196411.435426,1804287.000,30237,2,EA,1,100,1.872383
1755196411.502427,1804354.000,30237,2,EA,1,100,1.859879
1755196411.568427,1804420.000,30256,1,EA,1,100,1.858391
1755196411.635428,1804487.000,30272,2,EA,1,100,1.862367
1755196411.702428,1804554.000,30272,2,EA,1,100,1.868865
1755196411.768428,1804620.000,30290,1,EA,1,100,1.853935
1755196411.835429,1804687.000,30304,2,EA,1,100,1.840701
1755196411.902429,1804754.000,30304,2,EA,1,100,1.842161
1755196411.968430,1804820.000,30321,1,EA,1,100,1.843137
1755196412.035430,1804887.000,30338,2,EA,1,100,1.849501
1755196412.102431,1804954.000,30338,2,EA,1,100,1.856407
1755196412.168431,1805020.000,30355,1,EA,1,100,1.860374
1755196412.235432,1805087.000,30369,2,EA,1,100,1.861866
1755196412.302432,1805154.000,30369,2,EA,1,100,1.861866
1755196412.368433,1805220.000,30388,1,EA,1,100,1.858885
1755196412.435433,1805287.000,30405,2,EA,1,100,1.857892
1755196412.502434,1805354.000,30405,2,EA,1,100,1.858391
1755196412.568434,1805420.000,30422,1,EA,1,100,1.858885
1755196412.634935,1805486.500,30436,2,EA,1,100,1.859380
1755196412.701435,1805553.000,30436,2,EA,1,100,1.857892
1755196412.768436,1805620.000,30454,1,EA,1,100,1.857398
1755196412.834936,1805686.500,30470,2,EA,1,100,1.857892
1755196412.901437,1805753.000,30470,2,EA,1,100,1.856900
1755196412.968437,1805820.000,30487,1,EA,1,100,1.856900
1755196413.034937,1805886.500,30502,2,EA,1,100,1.857892
1755196413.101438,1805953.000,30502,2,EA,1,100,1.859380
1755196413.168438,1806020.000,30519,1,EA,1,100,1.859879
1755196413.235439,1806087.000,30535,2,EA,1,100,1.859380
1755196413.302439,1806154.000,30535,2,EA,1,100,1.858885
1755196413.368440,1806220.000,30554,1,EA,1,100,1.856900
1755196413.434940,1806286.500,30570,2,EA,1,100,1.856900
1755196413.501441,1806353.000,30570,2,EA,1,100,1.860874
1755196413.568441,1806420.000,30586,1,EA,1,100,1.864861
1755196413.634942,1806486.500,30602,2,EA,1,100,1.864359
1755196413.701442,1806553.000,30602,2,EA,1,100,1.861866
1755196413.768443,1806620.000,30622,2,EA,1,100,1.837787
1755196413.835443,1806687.000,30622,2,EA,1,100,1.833430
1755196413.901444,1806753.000,30638,1,EA,1,100,1.862863
1755196413.968444,1806820.000,30653,2,EA,1,100,1.880984
1755196414.035445,1806887.000,30653,2,EA,1,100,1.884544
1755196414.101445,1806953.000,30670,1,EA,1,100,1.887613
1755196414.168446,1807020.000,30687,2,EA,1,100,1.892744
1755196414.235446,1807087.000,30687,2,EA,1,100,1.895321
1755196414.301446,1807153.000,30705,1,EA,1,100,1.902051
1755196414.368447,1807220.000,30721,2,EA,1,100,1.923065
1755196414.435447,1807287.000,30721,2,EA,1,100,2.583004
1755196414.501448,1807353.000,30737,1,EA,1,100,3.422222
1755196414.568448,1807420.000,30756,2,EA,1,100,2.972251
1755196414.635449,1807487.000,30756,2,EA,1,100,2.616005
1755196414.701449,1807553.000,30777,1,EA,1,100,2.200177
1755196414.768450,1807620.000,30793,2,EA,1,100,2.044476
1755196414.835450,1807687.000,30793,2,EA,1,100,2.101875
1755196414.901451,1807753.000,30809,1,EA,1,100,1.989556
1755196414.968451,1807820.000,30826,2,EA,1,100,1.822393
1755196415.035452,1807887.000,30826,2,EA,1,100,1.833430
1755196415.101452,1807953.000,30845,1,EA,1,100,1.850485
1755196415.168453,1808020.000,30861,2,EA,1,100,1.856407
1755196415.235453,1808087.000,30861,2,EA,1,100,1.860374
1755196415.301454,1808153.000,30876,1,EA,1,100,1.862863
1755196415.368454,1808220.000,30894,2,EA,1,100,1.869364
1755196415.435455,1808287.000,30894,2,EA,1,100,1.875408
1755196415.501955,1808353.500,30910,2,EA,1,100,1.890686
1755196415.568455,1808420.000,30910,2,EA,1,100,2.011981
1755196415.635456,1808487.000,30927,1,EA,1,100,1.994689
1755196415.701956,1808553.500,30942,2,EA,1,100,2.004452
1755196415.768457,1808620.000,30942,2,EA,1,100,2.030761
1755196415.835457,1808687.000,30959,1,EA,1,100,1.986718
1755196415.901958,1808753.500,30977,2,EA,1,100,1.896868
1755196415.968458,1808820.000,30977,2,EA,1,100,1.841675
1755196416.035459,1808887.000,30994,1,EA,1,100,1.843628
1755196416.101959,1808953.500,31009,2,EA,1,100,1.846560
1755196416.168460,1809020.000,31009,2,EA,1,100,1.845093
1755196416.235460,1809087.000,31026,1,EA,1,100,1.849501
1755196416.301961,1809153.500,31042,2,EA,1,100,1.853444
1755196416.368461,1809220.000,31042,2,EA,1,100,1.858885
1755196416.435462,1809287.000,31060,1,EA,1,100,1.861370
1755196416.501962,1809353.500,31074,2,EA,1,100,1.861866
1755196416.568463,1809420.000,31074,2,EA,1,100,1.860874
1755196416.634463,1809486.000,31091,1,EA,1,100,1.859380
1755196416.701464,1809553.000,31108,2,EA,1,100,1.859380
1755196416.768464,1809620.000,31108,2,EA,1,100,1.858885
1755196416.834464,1809686.000,31125,1,EA,1,100,1.859879
1755196416.901465,1809753.000,31139,2,EA,1,100,1.859380
1755196416.968465,1809820.000,31139,2,EA,1,100,1.858391
1755196417.034466,1809886.000,31156,1,EA,1,100,1.859380
1755196417.101466,1809953.000,31175,2,EA,1,100,1.857398
1755196417.168467,1810020.000,31175,2,EA,1,100,1.856900
1755196417.235467,1810087.000,31192,1,EA,1,100,1.858885
1755196417.301968,1810153.500,31207,2,EA,1,100,1.859380
1755196417.368468,1810220.000,31207,2,EA,1,100,1.856407
1755196417.434469,1810286.000,31224,1,EA,1,100,1.855416
1755196417.501469,1810353.000,31240,2,EA,1,100,1.863861
1755196417.568470,1810420.000,31240,2,EA,1,100,1.870370
1755196417.634970,1810486.500,31257,2,EA,1,100,1.876924
1755196417.701471,1810553.000,31257,2,EA,1,100,1.876924
1755196417.768471,1810620.000,31274,1,EA,1,100,1.867362
1755196417.834972,1810686.500,31289,2,EA,1,100,1.865861
1755196417.901472,1810753.000,31289,2,EA,1,100,1.863365
1755196417.968473,1810820.000,31305,1,EA,1,100,1.861866
1755196418.034973,1810886.500,31323,2,EA,1,100,1.858391
1755196418.101473,1810953.000,31323,2,EA,1,100,1.857398
1755196418.168474,1811020.000,31339,1,EA,1,100,1.858391
1755196418.234974,1811086.500,31354,2,EA,1,100,1.861370
1755196418.301475,1811153.000,31354,2,EA,1,100,1.859879
1755196418.368475,1811220.000,31370,1,EA,1,100,1.860874
1755196418.434976,1811286.500,31390,2,EA,1,100,1.860874
1755196418.501476,1811353.000,31390,2,EA,1,100,1.860374
1755196418.568477,1811420.000,31406,1,EA,1,100,1.859380
1755196418.634977,1811486.500,31421,2,EA,1,100,1.860374
1755196418.701478,1811553.000,31421,2,EA,1,100,1.861370
1755196418.768478,1811620.000,31438,1,EA,1,100,1.860874
1755196418.834979,1811686.500,31457,2,EA,1,100,1.861370
1755196418.901479,1811753.000,31457,2,EA,1,100,1.860874
1755196418.968480,1811820.000,31473,1,EA,1,100,1.858885
1755196419.034980,1811886.500,31489,2,EA,1,100,1.862367
1755196419.101481,1811953.000,31489,2,EA,1,100,1.865359
1755196419.168481,1812020.000,31505,1,EA,1,100,1.863861
1755196419.234982,1812086.500,31522,2,EA,1,100,1.863861
1755196419.301482,1812153.000,31522,2,EA,1,100,1.861370
1755196419.368482,1812220.000,31540,1,EA,1,100,1.862863
1755196419.434983,1812286.500,31556,2,EA,1,100,1.865359
1755196419.501483,1812353.000,31556,2,EA,1,100,1.863365
1755196419.568484,1812420.000,31572,1,EA,1,100,1.864861
1755196419.634984,1812486.500,31589,2,EA,1,100,1.864861
1755196419.701485,1812553.000,31589,2,EA,1,100,1.860874
1755196419.768485,1812620.000,31606,1,EA,1,100,1.859879
1755196419.834986,1812686.500,31627,2,EA,1,100,1.861370
1755196419.901486,1812753.000,31627,2,EA,1,100,1.861866
1755196419.967487,1812819.000,31642,1,EA,1,100,1.863861
1755196420.034487,1812886.000,31660,2,EA,1,100,1.864359
1755196420.101488,1812953.000,31660,2,EA,1,100,1.862367
1755196420.167988,1813019.500,31678,2,EA,1,100,1.858391
1755196420.234489,1813086.000,31678,2,EA,1,100,1.855416
1755196420.301489,1813153.000,31695,1,EA,1,100,1.856900
1755196420.367990,1813219.500,31710,2,EA,1,100,1.859879
1755196420.434490,1813286.000,31710,2,EA,1,100,1.860374
1755196420.501491,1813353.000,31727,1,EA,1,100,1.858391
1755196420.567991,1813419.500,31743,2,EA,1,100,1.860874
1755196420.634491,1813486.000,31743,2,EA,1,100,1.862863
1755196420.701492,1813553.000,31760,1,EA,1,100,1.861370
1755196420.767992,1813619.500,31775,2,EA,1,100,1.862367
1755196420.834493,1813686.000,31775,2,EA,1,100,1.861370
1755196420.901493,1813753.000,31792,1,EA,1,100,1.859879
1755196420.967994,1813819.500,31808,2,EA,1,100,1.856407
1755196421.034494,1813886.000,31808,2,EA,1,100,1.856900
1755196421.101495,1813953.000,31828,1,EA,1,100,1.856900
1755196421.167995,1814019.500,31842,2,EA,1,100,1.853935
1755196421.234496,1814086.000,31842,2,EA,1,100,1.849012
1755196421.301496,1814153.000,31859,1,EA,1,100,1.840701
1755196421.367997,1814219.500,31876,2,EA,1,100,1.841190
1755196421.434497,1814286.000,31876,2,EA,1,100,1.842161
1755196421.501498,1814353.000,31893,1,EA,1,100,1.836817
1755196421.567998,1814419.500,31907,2,EA,1,100,1.824781
1755196421.634499,1814486.000,31907,2,EA,1,100,1.831019
1755196421.701499,1814553.000,31924,1,EA,1,100,1.844601
1755196421.768000,1814619.500,31943,2,EA,1,100,1.848523
1755196421.834500,1814686.000,31943,2,EA,1,100,1.852948
1755196421.901500,1814753.000,31960,1,EA,1,100,1.858391
1755196421.968001,1814819.500,31975,2,EA,1,100,1.860374
1755196422.034501,1814886.000,31975,2,EA,1,100,1.858391
1755196422.101502,1814953.000,31992,1,EA,1,100,1.859879
1755196422.168002,1815019.500,32008,2,EA,1,100,1.861370
1755196422.234503,1815086.000,32008,2,EA,1,100,1.862367
1755196422.301503,1815153.000,32025,1,EA,1,100,1.861370
1755196422.368004,1815219.500,32041,2,EA,1,100,1.862863
1755196422.434504,1815286.000,32041,2,EA,1,100,1.863365
1755196422.501005,1815352.500,32057,2,EA,1,100,1.862367
1755196422.567505,1815419.000,32057,2,EA,1,100,1.861370
1755196422.634506,1815486.000,32073,1,EA,1,100,1.860874
1755196422.701006,1815552.500,32091,2,EA,1,100,1.858391
1755196422.767507,1815619.000,32091,2,EA,1,100,1.848523
1755196422.834507,1815686.000,32107,1,EA,1,100,1.835847
1755196422.901008,1815752.500,32122,2,EA,1,100,1.837787
1755196422.967508,1815819.000,32122,2,EA,1,100,1.844601
1755196423.034509,1815886.000,32138,1,EA,1,100,1.846072
1755196423.101009,1815952.500,32156,2,EA,1,100,1.842651
1755196423.167509,1816019.000,32156,2,EA,1,100,1.837299
1755196423.234510,1816086.000,32172,1,EA,1,100,1.843137
1755196423.301010,1816152.500,32187,2,EA,1,100,1.849012
1755196423.367511,1816219.000,32187,2,EA,1,100,1.852456
1755196423.434511,1816286.000,32204,1,EA,1,100,1.857892
1755196423.501012,1816352.500,32221,2,EA,1,100,1.859380
1755196423.567512,1816419.000,32221,2,EA,1,100,1.858391
1755196423.634513,1816486.000,32237,1,EA,1,100,1.857892
1755196423.701013,1816552.500,32253,2,EA,1,100,1.858391
1755196423.767514,1816619.000,32253,2,EA,1,100,1.858885
1755196423.834514,1816686.000,32271,1,EA,1,100,1.860374
1755196423.901015,1816752.500,32288,2,EA,1,100,1.859879
1755196423.967515,1816819.000,32288,2,EA,1,100,1.859380
1755196424.034516,1816886.000,32304,1,EA,1,100,1.858885
1755196424.101016,1816952.500,32320,2,EA,1,100,1.858391
1755196424.167517,1817019.000,32320,2,EA,1,100,1.859380
1755196424.234517,1817086.000,32336,1,EA,1,100,1.862367
1755196424.301018,1817152.500,32353,2,EA,1,100,1.862863
1755196424.367518,1817219.000,32353,2,EA,1,100,1.861370
1755196424.434519,1817286.000,32370,1,EA,1,100,1.859879
1755196424.501019,1817352.500,32388,2,EA,1,100,1.861370
1755196424.567519,1817419.000,32388,2,EA,1,100,1.864861
1755196424.634520,1817486.000,32403,1,EA,1,100,1.865861
1755196424.701020,1817552.500,32421,2,EA,1,100,1.863365
1755196424.767521,1817619.000,32421,2,EA,1,100,1.864359
1755196424.834021,1817685.500,32437,2,EA,1,100,1.866360
1755196424.900522,1817752.000,32437,2,EA,1,100,1.864861
1755196424.967522,1817819.000,32459,1,EA,1,100,1.865359
1755196425.034023,1817885.500,32474,2,EA,1,100,1.866360
1755196425.100523,1817952.000,32474,2,EA,1,100,1.865359
1755196425.167524,1818019.000,32491,1,EA,1,100,1.863365
1755196425.234024,1818085.500,32507,2,EA,1,100,1.862367
1755196425.300525,1818152.000,32507,2,EA,1,100,1.864359
1755196425.367525,1818219.000,32524,1,EA,1,100,1.865861
1755196425.434026,1818285.500,32539,2,EA,1,100,1.864861
1755196425.500526,1818352.000,32539,2,EA,1,100,1.864861
1755196425.567527,1818419.000,32556,1,EA,1,100,1.864359
1755196425.634027,1818485.500,32572,2,EA,1,100,1.864861
1755196425.700528,1818552.000,32572,2,EA,1,100,1.865359
1755196425.767528,1818619.000,32590,1,EA,1,100,1.864861
1755196425.834028,1818685.500,32604,2,EA,1,100,1.864861
1755196425.900529,1818752.000,32604,2,EA,1,100,1.863861
1755196425.967529,1818819.000,32621,1,EA,1,100,1.864861
1755196426.034030,1818885.500,32638,2,EA,1,100,1.865861
1755196426.100530,1818952.000,32638,2,EA,1,100,1.865359
1755196426.167531,1819019.000,32655,1,EA,1,100,1.864359
1755196426.234031,1819085.500,32669,2,EA,1,100,1.865359
1755196426.300532,1819152.000,32669,2,EA,1,100,1.863861
1755196426.367532,1819219.000,32686,1,EA,1,100,1.864359
1755196426.434033,1819285.500,32703,2,EA,1,100,1.863861
1755196426.500533,1819352.000,32703,2,EA,1,100,1.862863
1755196426.567534,1819419.000,32720,1,EA,1,100,1.862863
1755196426.634034,1819485.500,32737,2,EA,1,100,1.863861
1755196426.700535,1819552.000,32737,2,EA,1,100,1.864359
1755196426.767535,1819619.000,32754,1,EA,1,100,1.864359
1755196426.834036,1819685.500,32770,2,EA,1,100,1.863861
1755196426.900536,1819752.000,32770,2,EA,1,100,1.864861
1755196426.967037,1819818.500,32787,2,EA,1,100,1.864359
1755196427.033537,1819885.000,32787,2,EA,1,100,1.864861
1755196427.100537,1819952.000,32804,1,EA,1,100,1.863365
1755196427.167038,1820018.500,32819,2,EA,1,100,1.862863
1755196427.233538,1820085.000,32819,2,EA,1,100,1.863861
1755196427.300539,1820152.000,32837,1,EA,1,100,1.862863
1755196427.367039,1820218.500,32855,2,EA,1,100,1.862863
1755196427.433540,1820285.000,32855,2,EA,1,100,1.865861
1755196427.500540,1820352.000,32871,1,EA,1,100,1.866360
1755196427.567041,1820418.500,32886,2,EA,1,100,1.864861
1755196427.633541,1820485.000,32886,2,EA,1,100,1.864359
1755196427.700542,1820552.000,32902,1,EA,1,100,1.866360
1755196427.767042,1820618.500,32920,2,EA,1,100,1.867362
1755196427.833543,1820685.000,32920,2,EA,1,100,1.865861
1755196427.900543,1820752.000,32936,1,EA,1,100,1.863365
1755196427.967044,1820818.500,32951,2,EA,1,100,1.863365
1755196428.033544,1820885.000,32951,2,EA,1,100,1.863861
1755196428.100545,1820952.000,32968,1,EA,1,100,1.863365
1755196428.167045,1821018.500,32985,2,EA,1,100,1.862367
1755196428.233546,1821085.000,32985,2,EA,1,100,1.863861
1755196428.300546,1821152.000,33001,1,EA,1,100,1.863861
1755196428.367046,1821218.500,33017,2,EA,1,100,1.863365
1755196428.433547,1821285.000,33017,2,EA,1,100,1.864359
1755196428.500547,1821352.000,33033,1,EA,1,100,1.863861
1755196428.567048,1821418.500,33050,2,EA,1,100,1.864861
1755196428.633548,1821485.000,33050,2,EA,1,100,1.865359
1755196428.700549,1821552.000,33066,1,EA,1,100,1.867362
1755196428.767049,1821618.500,33085,2,EA,1,100,1.868365
1755196428.833550,1821685.000,33085,2,EA,1,100,1.865861
1755196428.900550,1821752.000,33100,1,EA,1,100,1.865359
1755196428.967051,1821818.500,33117,2,EA,1,100,1.864359
1755196429.033551,1821885.000,33117,2,EA,1,100,1.864861
1755196429.100552,1821952.000,33134,1,EA,1,100,1.865359
1755196429.167052,1822018.500,33150,2,EA,1,100,1.863365
1755196429.233553,1822085.000,33150,2,EA,1,100,1.861866
1755196429.300053,1822151.500,33165,2,EA,1,100,1.864861
1755196429.366554,1822218.000,33165,2,EA,1,100,1.866858
1755196429.433554,1822285.000,33183,1,EA,1,100,1.866858
1755196429.500055,1822351.500,33199,2,EA,1,100,1.865861
1755196429.566555,1822418.000,33199,2,EA,1,100,1.866858
1755196429.633555,1822485.000,33216,1,EA,1,100,1.866858
1755196429.700056,1822551.500,33231,2,EA,1,100,1.867362
1755196429.766556,1822618.000,33231,2,EA,1,100,1.866858
1755196429.833557,1822685.000,33248,1,EA,1,100,1.866858
1755196429.900057,1822751.500,33264,2,EA,1,100,1.866858
1755196429.966558,1822818.000,33264,2,EA,1,100,1.866858
1755196430.033558,1822885.000,33281,1,EA,1,100,1.867362
1755196430.100059,1822951.500,33301,2,EA,1,100,1.869364
1755196430.166559,1823018.000,33301,2,EA,1,100,1.870875
1755196430.233560,1823085.000,33318,2,EA,1,100,1.870875
1755196430.300560,1823152.000,33318,2,EA,1,100,1.858885
1755196430.366561,1823218.000,33334,1,EA,1,100,1.850980
1755196430.433561,1823285.000,33352,2,EA,1,100,1.854924
1755196430.500562,1823352.000,33352,2,EA,1,100,1.866360
1755196430.566562,1823418.000,33368,1,EA,1,100,1.872383
1755196430.633563,1823485.000,33383,2,EA,1,100,1.867861
1755196430.700563,1823552.000,33383,2,EA,1,100,1.861370
1755196430.767064,1823618.500,33400,2,EA,1,100,1.858391
1755196430.833564,1823685.000,33400,2,EA,1,100,1.863861
1755196430.900564,1823752.000,33417,1,EA,1,100,1.863861
1755196430.967065,1823818.500,33433,2,EA,1,100,1.865359
1755196431.033565,1823885.000,33433,2,EA,1,100,1.868865
1755196431.100566,1823952.000,33451,1,EA,1,100,1.868365
1755196431.167066,1824018.500,33465,2,EA,1,100,1.860874
1755196431.233567,1824085.000,33465,2,EA,1,100,1.852948
1755196431.300567,1824152.000,33482,1,EA,1,100,1.855416
1755196431.367068,1824218.500,33499,2,EA,1,100,1.855914
1755196431.433568,1824285.000,33499,2,EA,1,100,1.860374
1755196431.500569,1824352.000,33516,1,EA,1,100,1.866858
1755196431.567069,1824418.500,33532,2,EA,1,100,1.874397
1755196431.633570,1824485.000,33532,2,EA,1,100,1.873894
1755196431.700570,1824552.000,33549,1,EA,1,100,1.867861
1755196431.767071,1824618.500,33566,2,EA,1,100,1.856900
1755196431.833571,1824685.000,33566,2,EA,1,100,1.851470
1755196431.900572,1824752.000,33583,1,EA,1,100,1.858391
1755196431.967072,1824818.500,33597,2,EA,1,100,1.866360
1755196432.033573,1824885.000,33597,2,EA,1,100,1.868865
1755196432.100573,1824952.000,33615,1,EA,1,100,1.869869
1755196432.167073,1825018.500,33631,2,EA,1,100,1.869364
1755196432.233574,1825085.000,33631,2,EA,1,100,1.870370
1755196432.300574,1825152.000,33650,1,EA,1,100,1.868365
1755196432.367075,1825218.500,33665,2,EA,1,100,1.866858
1755196432.433575,1825285.000,33665,2,EA,1,100,1.865359
1755196432.500576,1825352.000,33682,1,EA,1,100,1.866858
1755196432.567076,1825418.500,33698,2,EA,1,100,1.867861
1755196432.633577,1825485.000,33698,2,EA,1,100,1.868365
1755196432.700577,1825552.000,33715,1,EA,1,100,1.869364
1755196432.767078,1825618.500,33730,2,EA,1,100,1.869364
1755196432.833578,1825685.000,33730,2,EA,1,100,1.867861
1755196432.900579,1825752.000,33747,1,EA,1,100,1.867861
1755196432.967079,1825818.500,33765,2,EA,1,100,1.869364
1755196433.033580,1825885.000,33765,2,EA,1,100,1.869364
1755196433.100080,1825951.500,33783,2,EA,1,100,1.869364
1755196433.166581,1826018.000,33783,2,EA,1,100,1.869869
1755196433.233581,1826085.000,33799,1,EA,1,100,1.870370
1755196433.300082,1826151.500,33814,2,EA,1,100,1.870370
1755196433.366582,1826218.000,33814,2,EA,1,100,1.870875
1755196433.433582,1826285.000,33831,1,EA,1,100,1.876924
1755196433.500083,1826351.500,33848,2,EA,1,100,1.887613
1755196433.566583,1826418.000,33848,2,EA,1,100,1.890686
1755196433.633584,1826485.000,33864,1,EA,1,100,1.879457
1755196433.700084,1826551.500,33880,2,EA,1,100,1.882509
1755196433.766585,1826618.000,33880,2,EA,1,100,1.884036
1755196433.833585,1826685.000,33898,1,EA,1,100,1.875916
1755196433.900086,1826751.500,33915,2,EA,1,100,1.874397
1755196433.966586,1826818.000,33915,2,EA,1,100,1.876420
1755196434.033587,1826885.000,33931,1,EA,1,100,1.864359
1755196434.100087,1826951.500,33947,2,EA,1,100,1.859380
1755196434.166588,1827018.000,33947,2,EA,1,100,1.860374
1755196434.233588,1827085.000,33963,1,EA,1,100,1.863365
1755196434.300089,1827151.500,33980,2,EA,1,100,1.872885
1755196434.366589,1827218.000,33980,2,EA,1,100,1.879457
1755196434.433590,1827285.000,33997,1,EA,1,100,1.880984
1755196434.500090,1827351.500,34012,2,EA,1,100,1.874905
1755196434.566591,1827418.000,34012,2,EA,1,100,1.868865
1755196434.633591,1827485.000,34030,1,EA,1,100,1.869364
1755196434.700091,1827551.500,34048,2,EA,1,100,1.871877
1755196434.766592,1827618.000,34048,2,EA,1,100,1.871376
1755196434.833592,1827685.000,34064,1,EA,1,100,1.872383
1755196434.900093,1827751.500,34079,2,EA,1,100,1.874397
1755196434.966593,1827818.000,34079,2,EA,1,100,1.874905
1755196435.033594,1827885.000,34095,1,EA,1,100,1.875408
1755196435.100094,1827951.500,34113,2,EA,1,100,1.874397
1755196435.166595,1828018.000,34113,2,EA,1,100,1.876420
1755196435.233095,1828084.500,34134,2,EA,1,100,1.874397
1755196435.299596,1828151.000,34134,2,EA,1,100,1.872885
1755196435.366596,1828218.000,34151,1,EA,1,100,1.873392
1755196435.433097,1828284.500,34167,2,EA,1,100,1.872885
1755196435.499597,1828351.000,34167,2,EA,1,100,1.873392
1755196435.566598,1828418.000,34183,2,EA,1,100,1.872885
1755196435.633598,1828485.000,34183,2,EA,1,100,1.873894
1755196435.699599,1828551.000,34199,1,EA,1,100,1.873392
1755196435.766599,1828618.000,34217,2,EA,1,100,1.873894
1755196435.833600,1828685.000,34217,2,EA,1,100,1.873894
1755196435.899600,1828751.000,34233,1,EA,1,100,1.874905
1755196435.966100,1828817.500,34248,2,EA,1,100,1.872885
1755196436.032601,1828884.000,34248,2,EA,1,100,1.866360
1755196436.099601,1828951.000,34265,1,EA,1,100,1.866858
1755196436.166602,1829018.000,34284,2,EA,1,100,1.871376
1755196436.233602,1829085.000,34284,2,EA,1,100,1.868865
1755196436.299603,1829151.000,34300,1,EA,1,100,1.865861
1755196436.366603,1829218.000,34316,2,EA,1,100,1.866858
1755196436.433604,1829285.000,34316,2,EA,1,100,1.866360
1755196436.499604,1829351.000,34332,1,EA,1,100,1.865359
1755196436.566105,1829417.500,34349,2,EA,1,100,1.861370
1755196436.632605,1829484.000,34349,2,EA,1,100,1.865861
1755196436.699606,1829551.000,34365,1,EA,1,100,1.870370
1755196436.766106,1829617.500,34381,2,EA,1,100,1.872885
1755196436.832607,1829684.000,34381,2,EA,1,100,1.874905
1755196436.899607,1829751.000,34397,1,EA,1,100,1.876420
1755196436.966108,1829817.500,34414,2,EA,1,100,1.873894
1755196437.032608,1829884.000,34414,2,EA,1,100,1.872383
1755196437.099609,1829951.000,34433,1,EA,1,100,1.873392
1755196437.166109,1830017.500,34448,2,EA,1,100,1.874397
1755196437.232609,1830084.000,34448,2,EA,1,100,1.875408
1755196437.299610,1830151.000,34464,1,EA,1,100,1.871376
1755196437.366110,1830217.500,34482,2,EA,1,100,1.869364
1755196437.432611,1830284.000,34482,2,EA,1,100,1.869869
1755196437.499611,1830351.000,34498,1,EA,1,100,1.872383
1755196437.566112,1830417.500,34514,2,EA,1,100,1.871877
1755196437.632612,1830484.000,34514,2,EA,1,100,1.870370
1755196437.699613,1830551.000,34530,2,EA,1,100,1.872383
1755196437.766613,1830618.000,34530,2,EA,1,100,1.872383
1755196437.832614,1830684.000,34547,1,EA,1,100,1.872383
1755196437.899614,1830751.000,34565,2,EA,1,100,1.872885
1755196437.966615,1830818.000,34565,2,EA,1,100,1.874905
1755196438.032615,1830884.000,34582,1,EA,1,100,1.873894
1755196438.099616,1830951.000,34597,2,EA,1,100,1.873894
1755196438.166616,1831018.000,34597,2,EA,1,100,1.874397
1755196438.232617,1831084.000,34614,1,EA,1,100,1.875916
1755196438.299617,1831151.000,34630,2,EA,1,100,1.876924
1755196438.366618,1831218.000,34630,2,EA,1,100,1.877937
1755196438.432618,1831284.000,34648,1,EA,1,100,1.877432
1755196438.499618,1831351.000,34662,2,EA,1,100,1.876924
1755196438.566619,1831418.000,34662,2,EA,1,100,1.876420
1755196438.632619,1831484.000,34679,1,EA,1,100,1.876420
1755196438.699620,1831551.000,34698,2,EA,1,100,1.875916
1755196438.766620,1831618.000,34698,2,EA,1,100,1.874905
1755196438.833621,1831685.000,34717,1,EA,1,100,1.874905
1755196438.900121,1831751.500,34731,2,EA,1,100,1.875916
1755196438.966622,1831818.000,34731,2,EA,1,100,1.876420
1755196439.032622,1831884.000,34748,1,EA,1,100,1.875916
1755196439.099623,1831951.000,34765,2,EA,1,100,1.876420
1755196439.166623,1832018.000,34765,2,EA,1,100,1.883016
1755196439.232624,1832084.000,34782,1,EA,1,100,1.885057
1755196439.299624,1832151.000,34796,2,EA,1,100,1.881490
1755196439.366625,1832218.000,34796,2,EA,1,100,1.879457
1755196439.432625,1832284.000,34814,1,EA,1,100,1.879457
1755196439.499626,1832351.000,34830,2,EA,1,100,1.879967
1755196439.566626,1832418.000,34830,2,EA,1,100,1.878952
1755196439.632627,1832484.000,34847,1,EA,1,100,1.877937
1755196439.699127,1832550.500,34863,2,EA,1,100,1.875408
1755196439.765627,1832617.000,34863,2,EA,1,100,1.876420
1755196439.832628,1832684.000,34879,2,EA,1,100,1.877937
1755196439.899628,1832751.000,34879,2,EA,1,100,1.876924
1755196439.965629,1832817.000,34895,1,EA,1,100,1.877432
1755196440.032629,1832884.000,34913,2,EA,1,100,1.879457
1755196440.099630,1832951.000,34913,2,EA,1,100,1.878447
1755196440.165630,1833017.000,34929,1,EA,1,100,1.876420
1755196440.232631,1833084.000,34944,2,EA,1,100,1.876924
1755196440.299631,1833151.000,34944,2,EA,1,100,1.877432
1755196440.366132,1833217.500,34967,2,EA,1,100,1.878447
1755196440.432632,1833284.000,34967,2,EA,1,100,1.876420
1755196440.499633,1833351.000,34983,1,EA,1,100,1.878952
1755196440.566133,1833417.500,35000,2,EA,1,100,1.880473
1755196440.632634,1833484.000,35000,2,EA,1,100,1.878447
1755196440.699634,1833551.000,35016,1,EA,1,100,1.879967
1755196440.766135,1833617.500,35032,2,EA,1,100,1.882509
1755196440.832635,1833684.000,35032,2,EA,1,100,1.882509
1755196440.899636,1833751.000,35048,1,EA,1,100,1.880473
1755196440.966136,1833817.500,35065,2,EA,1,100,1.879457
1755196441.032637,1833884.000,35065,2,EA,1,100,1.879457
1755196441.099637,1833951.000,35082,1,EA,1,100,1.879967
1755196441.166137,1834017.500,35098,2,EA,1,100,1.882509
1755196441.232638,1834084.000,35098,2,EA,1,100,1.879967
1755196441.299638,1834151.000,35113,1,EA,1,100,1.878952
1755196441.366139,1834217.500,35131,2,EA,1,100,1.877432
1755196441.432639,1834284.000,35131,2,EA,1,100,1.857398
1755196441.499140,1834350.500,35147,2,EA,1,100,1.855914
1755196441.565640,1834417.000,35147,2,EA,1,100,1.865861
1755196441.632641,1834484.000,35164,1,EA,1,100,1.872383
1755196441.699141,1834550.500,35179,2,EA,1,100,1.877937
1755196441.765642,1834617.000,35179,2,EA,1,100,1.880984
1755196441.832642,1834684.000,35196,1,EA,1,100,1.881997
1755196441.899143,1834750.500,35212,2,EA,1,100,1.882509
1755196441.965643,1834817.000,35212,2,EA,1,100,1.881997
1755196442.032644,1834884.000,35229,1,EA,1,100,1.880984
1755196442.099144,1834950.500,35244,2,EA,1,100,1.880984
1755196442.165645,1835017.000,35244,2,EA,1,100,1.879457
1755196442.232645,1835084.000,35261,1,EA,1,100,1.883528
1755196442.299146,1835150.500,35277,2,EA,1,100,1.884544
1755196442.365646,1835217.000,35277,2,EA,1,100,1.880984
1755196442.432646,1835284.000,35295,1,EA,1,100,1.877937
1755196442.499147,1835350.500,35309,2,EA,1,100,1.879457
1755196442.565647,1835417.000,35309,2,EA,1,100,1.885566
1755196442.632648,1835484.000,35326,1,EA,1,100,1.886080
1755196442.699148,1835550.500,35345,2,EA,1,100,1.880984
1755196442.765649,1835617.000,35345,2,EA,1,100,1.881490
1755196442.832649,1835684.000,35362,1,EA,1,100,1.881997
1755196442.899150,1835750.500,35376,2,EA,1,100,1.880984
1755196442.965650,1835817.000,35376,2,EA,1,100,1.878952
1755196443.032651,1835884.000,35393,1,EA,1,100,1.881490
1755196443.099151,1835950.500,35410,2,EA,1,100,1.880473
1755196443.165652,1836017.000,35410,2,EA,1,100,1.880473
1755196443.232652,1836084.000,35427,1,EA,1,100,1.879457
1755196443.299153,1836150.500,35442,2,EA,1,100,1.881490
1755196443.365653,1836217.000,35442,2,EA,1,100,1.881997
1755196443.432654,1836284.000,35459,1,EA,1,100,1.881490
1755196443.499154,1836350.500,35475,2,EA,1,100,1.881997
1755196443.565655,1836417.000,35475,2,EA,1,100,1.881997
1755196443.632155,1836483.500,35492,2,EA,1,100,1.883016
1755196443.698655,1836550.000,35492,2,EA,1,100,1.884036
1755196443.765656,1836617.000,35509,1,EA,1,100,1.883528
1755196443.832156,1836683.500,35526,2,EA,1,100,1.884544
1755196443.898657,1836750.000,35526,2,EA,1,100,1.884036
1755196443.965657,1836817.000,35542,1,EA,1,100,1.884036
1755196444.032158,1836883.500,35560,2,EA,1,100,1.884544
1755196444.098658,1836950.000,35560,2,EA,1,100,1.884036
1755196444.165659,1837017.000,35576,1,EA,1,100,1.885057
1755196444.232159,1837083.500,35591,2,EA,1,100,1.887098
1755196444.298660,1837150.000,35591,2,EA,1,100,1.883016
1755196444.365660,1837217.000,35607,1,EA,1,100,1.883016
1755196444.432161,1837283.500,35625,2,EA,1,100,1.886080
1755196444.498661,1837350.000,35625,2,EA,1,100,1.886589
1755196444.565662,1837417.000,35643,1,EA,1,100,1.881997
1755196444.632162,1837483.500,35658,2,EA,1,100,1.880984
1755196444.698663,1837550.000,35658,2,EA,1,100,1.884036
1755196444.765663,1837617.000,35675,1,EA,1,100,1.887098
1755196444.832164,1837683.500,35692,2,EA,1,100,1.892227
1755196444.898664,1837750.000,35692,2,EA,1,100,1.886589
1755196444.965664,1837817.000,35708,1,EA,1,100,1.880984
1755196445.032165,1837883.500,35724,2,EA,1,100,1.884036
1755196445.098665,1837950.000,35724,2,EA,1,100,1.886080
1755196445.165666,1838017.000,35742,1,EA,1,100,1.884544
1755196445.232166,1838083.500,35759,2,EA,1,100,1.886589
1755196445.298667,1838150.000,35759,2,EA,1,100,1.890175
1755196445.365667,1838217.000,35775,1,EA,1,100,1.887613
1755196445.432334,1838283.667,35796,3,EA,1,100,1.885057
1755196445.499002,1838350.333,35796,3,EA,1,100,1.887613
1755196445.565669,1838417.000,35796,3,EA,1,100,1.888123
1755196445.632669,1838484.000,35812,1,EA,1,100,1.885057
1755196445.699170,1838550.500,35828,2,EA,1,100,1.886080
1755196445.765670,1838617.000,35828,2,EA,1,100,1.887613
1755196445.832671,1838684.000,35844,1,EA,1,100,1.886080
1755196445.899171,1838750.500,35861,2,EA,1,100,1.885057
1755196445.965672,1838817.000,35861,2,EA,1,100,1.885566
1755196446.031672,1838883.000,35877,1,EA,1,100,1.886589
1755196446.098673,1838950.000,35893,2,EA,1,100,1.887098
1755196446.165673,1839017.000,35893,2,EA,1,100,1.886080
1755196446.231673,1839083.000,35909,1,EA,1,100,1.889148
1755196446.298674,1839150.000,35926,2,EA,1,100,1.887613
1755196446.365674,1839217.000,35926,2,EA,1,100,1.886589
1755196446.431675,1839283.000,35943,1,EA,1,100,1.887613
1755196446.498675,1839350.000,35958,2,EA,1,100,1.887098
1755196446.565676,1839417.000,35958,2,EA,1,100,1.886080
1755196446.631676,1839483.000,35974,1,EA,1,100,1.887098
1755196446.698677,1839550.000,35992,2,EA,1,100,1.887098
1755196446.765677,1839617.000,35992,2,EA,1,100,1.887098
1755196446.831678,1839683.000,36008,1,EA,1,100,1.887613
1755196446.898678,1839750.000,36023,2,EA,1,100,1.887098
1755196446.965679,1839817.000,36023,2,EA,1,100,1.887098
1755196447.031679,1839883.000,36039,1,EA,1,100,1.886589
1755196447.098680,1839950.000,36057,2,EA,1,100,1.887098
1755196447.165680,1840017.000,36057,2,EA,1,100,1.887613
1755196447.231681,1840083.000,36073,1,EA,1,100,1.888123
1755196447.298681,1840150.000,36089,2,EA,1,100,1.887098
1755196447.365682,1840217.000,36089,2,EA,1,100,1.888123
1755196447.431682,1840283.000,36105,1,EA,1,100,1.888638
1755196447.498682,1840350.000,36122,2,EA,1,100,1.887613
1755196447.565683,1840417.000,36122,2,EA,1,100,1.888638
1755196447.631683,1840483.000,36138,1,EA,1,100,1.887613
1755196447.698684,1840550.000,36155,2,EA,1,100,1.887613
1755196447.765684,1840617.000,36155,2,EA,1,100,1.888123
1755196447.832185,1840683.500,36170,2,EA,1,100,1.887613
1755196447.898685,1840750.000,36170,2,EA,1,100,1.887098
1755196447.965686,1840817.000,36187,1,EA,1,100,1.887613
1755196448.032186,1840883.500,36204,2,EA,1,100,1.888123
1755196448.098687,1840950.000,36204,2,EA,1,100,1.887613
1755196448.165687,1841017.000,36221,1,EA,1,100,1.888638
1755196448.232188,1841083.500,36235,2,EA,1,100,1.888638
1755196448.298688,1841150.000,36235,2,EA,1,100,1.887098
1755196448.365689,1841217.000,36252,1,EA,1,100,1.888123
1755196448.432189,1841283.500,36269,2,EA,1,100,1.888123
1755196448.498690,1841350.000,36269,2,EA,1,100,1.888638
1755196448.565690,1841417.000,36286,1,EA,1,100,1.888638
1755196448.632191,1841483.500,36300,2,EA,1,100,1.888123
1755196448.698691,1841550.000,36300,2,EA,1,100,1.886589
1755196448.765691,1841617.000,36318,1,EA,1,100,1.888638
1755196448.832192,1841683.500,36336,2,EA,1,100,1.888638
1755196448.898692,1841750.000,36336,2,EA,1,100,1.879967
1755196448.965693,1841817.000,36353,1,EA,1,100,1.876924
1755196449.032193,1841883.500,36368,2,EA,1,100,1.882509
1755196449.098694,1841950.000,36368,2,EA,1,100,1.884544
1755196449.165694,1842017.000,36385,1,EA,1,100,1.876924
1755196449.232195,1842083.500,36401,2,EA,1,100,1.874397
1755196449.298695,1842150.000,36401,2,EA,1,100,1.876420
1755196449.365696,1842217.000,36418,1,EA,1,100,1.880984
1755196449.432196,1842283.500,36433,2,EA,1,100,1.883016
1755196449.498697,1842350.000,36433,2,EA,1,100,1.881997
1755196449.564697,1842416.000,36452,1,EA,1,100,1.880473
1755196449.631698,1842483.000,36468,2,EA,1,100,1.880984
1755196449.698698,1842550.000,36468,2,EA,1,100,1.881997
1755196449.765699,1842617.000,36486,1,EA,1,100,1.884544
1755196449.832199,1842683.500,36501,2,EA,1,100,1.886080
1755196449.898700,1842750.000,36501,2,EA,1,100,1.884544
1755196449.964700,1842816.000,36517,1,EA,1,100,1.885566
1755196450.031700,1842883.000,36534,2,EA,1,100,1.887098
1755196450.098701,1842950.000,36534,2,EA,1,100,1.886589
1755196450.164701,1843016.000,36551,1,EA,1,100,1.887098
1755196450.231702,1843083.000,36568,2,EA,1,100,1.886589
1755196450.298702,1843150.000,36568,2,EA,1,100,1.886589
1755196450.365203,1843216.500,36585,2,EA,1,100,1.888123
1755196450.431703,1843283.000,36585,2,EA,1,100,1.888638
1755196450.498704,1843350.000,36601,1,EA,1,100,1.889148
1755196450.565204,1843416.500,36623,2,EA,1,100,1.889659
1755196450.631705,1843483.000,36623,2,EA,1,100,1.890175
1755196450.698205,1843549.500,36640,2,EA,1,100,1.890686
1755196450.764706,1843616.000,36640,2,EA,1,100,1.890686
1755196450.831706,1843683.000,36657,1,EA,1,100,1.891715
1755196450.898207,1843749.500,36671,2,EA,1,100,1.891203
1755196450.964707,1843816.000,36671,2,EA,1,100,1.891203
1755196451.031708,1843883.000,36688,1,EA,1,100,1.890686
1755196451.098208,1843949.500,36705,2,EA,1,100,1.890686
1755196451.164709,1844016.000,36705,2,EA,1,100,1.890686
1755196451.231709,1844083.000,36722,1,EA,1,100,1.889659
1755196451.298209,1844149.500,36736,2,EA,1,100,1.889148
1755196451.364710,1844216.000,36736,2,EA,1,100,1.888123
1755196451.431710,1844283.000,36754,1,EA,1,100,1.887613
1755196451.498211,1844349.500,36770,2,EA,1,100,1.890175
1755196451.564711,1844416.000,36770,2,EA,1,100,1.891203
1755196451.631712,1844483.000,36787,1,EA,1,100,1.890686
1755196451.698212,1844549.500,36803,2,EA,1,100,1.890175
1755196451.764713,1844616.000,36803,2,EA,1,100,1.890175
1755196451.831713,1844683.000,36819,1,EA,1,100,1.889659
1755196451.898214,1844749.500,36835,2,EA,1,100,1.888638
1755196451.964714,1844816.000,36835,2,EA,1,100,1.891203
1755196452.031715,1844883.000,36852,1,EA,1,100,1.894288
1755196452.098215,1844949.500,36868,2,EA,1,100,1.891715
1755196452.164716,1845016.000,36868,2,EA,1,100,1.891203
1755196452.231716,1845083.000,36884,2,EA,1,100,1.894802
1755196452.298717,1845150.000,36884,2,EA,1,100,1.894802
1755196452.364717,1845216.000,36900,1,EA,1,100,1.891203
1755196452.431718,1845283.000,36918,2,EA,1,100,1.888638
1755196452.498718,1845350.000,36918,2,EA,1,100,1.889659
1755196452.564718,1845416.000,36934,1,EA,1,100,1.889659
1755196452.631719,1845483.000,36949,2,EA,1,100,1.889148
1755196452.698719,1845550.000,36949,2,EA,1,100,1.889148
1755196452.764720,1845616.000,36966,1,EA,1,100,1.890686
1755196452.831220,1845682.500,36983,2,EA,1,100,1.890686
1755196452.897721,1845749.000,36983,2,EA,1,100,1.891203
1755196452.964721,1845816.000,36999,1,EA,1,100,1.889659
1755196453.031722,1845883.000,37015,2,EA,1,100,1.891203
1755196453.098722,1845950.000,37015,2,EA,1,100,1.891203
1755196453.164723,1846016.000,37031,1,EA,1,100,1.891715
1755196453.231223,1846082.500,37048,2,EA,1,100,1.891203
1755196453.297724,1846149.000,37048,2,EA,1,100,1.890686
1755196453.364724,1846216.000,37064,1,EA,1,100,1.890686
1755196453.431225,1846282.500,37080,2,EA,1,100,1.890175
1755196453.497725,1846349.000,37080,2,EA,1,100,1.890175
1755196453.564726,1846416.000,37096,1,EA,1,100,1.890175
1755196453.631726,1846483.000,37113,2,EA,1,100,1.891715
1755196453.698727,1846550.000,37113,2,EA,1,100,1.891203
1755196453.764727,1846616.000,37130,1,EA,1,100,1.889659
1755196453.831227,1846682.500,37147,2,EA,1,100,1.887098
1755196453.897728,1846749.000,37147,2,EA,1,100,1.880984
1755196453.964728,1846816.000,37163,1,EA,1,100,1.880984
1755196454.031229,1846882.500,37183,2,EA,1,100,1.885057
1755196454.097729,1846949.000,37183,2,EA,1,100,1.888123
1755196454.164730,1847016.000,37199,1,EA,1,100,1.890175
1755196454.231230,1847082.500,37214,2,EA,1,100,1.891203
1755196454.297731,1847149.000,37214,2,EA,1,100,1.891203
1755196454.364731,1847216.000,37230,1,EA,1,100,1.890686
1755196454.431732,1847283.000,37248,2,EA,1,100,1.890686
1755196454.498732,1847350.000,37248,2,EA,1,100,1.891715
1755196454.564733,1847416.000,37264,1,EA,1,100,1.890686
1755196454.631233,1847482.500,37280,2,EA,1,100,1.891203
1755196454.697734,1847549.000,37280,2,EA,1,100,1.890686
1755196454.764734,1847616.000,37296,2,EA,1,100,1.891203
1755196454.831735,1847683.000,37296,2,EA,1,100,1.891715
1755196454.897735,1847749.000,37313,1,EA,1,100,1.891203
1755196454.964736,1847816.000,37329,2,EA,1,100,1.891203
1755196455.031736,1847883.000,37329,2,EA,1,100,1.891203
1755196455.097736,1847949.000,37347,1,EA,1,100,1.891715
1755196455.164737,1848016.000,37361,2,EA,1,100,1.891203
1755196455.231737,1848083.000,37361,2,EA,1,100,1.890686
1755196455.297738,1848149.000,37378,1,EA,1,100,1.891203
1755196455.364738,1848216.000,37397,2,EA,1,100,1.892227
1755196455.431739,1848283.000,37397,2,EA,1,100,1.891715
1755196455.497739,1848349.000,37414,1,EA,1,100,1.895835
1755196455.564740,1848416.000,37428,2,EA,1,100,1.903091
1755196455.631740,1848483.000,37428,2,EA,1,100,1.894288
1755196455.698241,1848549.500,37451,2,EA,1,100,1.888123
1755196455.764741,1848616.000,37451,2,EA,1,100,1.893257
1755196455.831742,1848683.000,37467,1,EA,1,100,1.899456
1755196455.898242,1848749.500,37484,2,EA,1,100,1.892227
1755196455.964743,1848816.000,37484,2,EA,1,100,1.890686
1755196456.031743,1848883.000,37500,1,EA,1,100,1.890686
1755196456.098244,1848949.500,37518,2,EA,1,100,1.892744
1755196456.164744,1849016.000,37518,2,EA,1,100,1.893775
1755196456.231245,1849082.500,37532,2,EA,1,100,1.893257
1755196456.297745,1849149.000,37532,2,EA,1,100,1.892744
1755196456.364746,1849216.000,37549,1,EA,1,100,1.893257
1755196456.431246,1849282.500,37566,2,EA,1,100,1.891715
1755196456.497746,1849349.000,37566,2,EA,1,100,1.893257
1755196456.564747,1849416.000,37583,1,EA,1,100,1.893775
1755196456.631247,1849482.500,37597,2,EA,1,100,1.893257
1755196456.697748,1849549.000,37597,2,EA,1,100,1.892744
1755196456.764748,1849616.000,37615,1,EA,1,100,1.895835
1755196456.831249,1849682.500,37631,2,EA,1,100,1.893775
1755196456.897749,1849749.000,37631,2,EA,1,100,1.893775
1755196456.964750,1849816.000,37648,1,EA,1,100,1.892227
1755196457.031250,1849882.500,37665,2,EA,1,100,1.894288
1755196457.097751,1849949.000,37665,2,EA,1,100,1.894802
1755196457.164751,1850016.000,37682,1,EA,1,100,1.894802
1755196457.231252,1850082.500,37698,2,EA,1,100,1.896354
1755196457.297752,1850149.000,37698,2,EA,1,100,1.895321
1755196457.364753,1850216.000,37715,1,EA,1,100,1.893775
1755196457.431253,1850282.500,37730,2,EA,1,100,1.895835
1755196457.497754,1850349.000,37730,2,EA,1,100,1.895835
1755196457.564754,1850416.000,37747,1,EA,1,100,1.895321
1755196457.631255,1850482.500,37763,2,EA,1,100,1.896354
1755196457.697755,1850549.000,37763,2,EA,1,100,1.896354
1755196457.764755,1850616.000,37781,1,EA,1,100,1.895835
1755196457.831256,1850682.500,37795,2,EA,1,100,1.896868
1755196457.897756,1850749.000,37795,2,EA,1,100,1.897383
1755196457.964757,1850816.000,37814,1,EA,1,100,1.900494
1755196458.031257,1850882.500,37831,2,EA,1,100,1.903091
1755196458.097758,1850949.000,37831,2,EA,1,100,1.907781
1755196458.164758,1851016.000,37848,1,EA,1,100,1.907781
1755196458.231259,1851082.500,37862,2,EA,1,100,1.909355
1755196458.297759,1851149.000,37862,2,EA,1,100,1.909877
1755196458.364760,1851216.000,37879,1,EA,1,100,1.909355
1755196458.431260,1851282.500,37896,2,EA,1,100,1.925194
1755196458.497761,1851349.000,37896,2,EA,1,100,2.014312
1755196458.564761,1851416.000,37913,1,EA,1,100,2.033727
1755196458.631262,1851482.500,37928,2,EA,1,100,2.639804
1755196458.697762,1851549.000,37928,2,EA,1,100,3.298990
1755196458.764263,1851615.500,37949,2,EA,1,100,2.127567
1755196458.830763,1851682.000,37949,2,EA,1,100,2.006760
1755196458.897764,1851749.000,37965,1,EA,1,100,1.997550
1755196458.964264,1851815.500,37982,2,EA,1,100,1.985589
1755196459.030764,1851882.000,37982,2,EA,1,100,1.976567
1755196459.097765,1851949.000,37999,1,EA,1,100,1.966519
1755196459.164265,1852015.500,38014,2,EA,1,100,1.961530
1755196459.230766,1852082.000,38014,2,EA,1,100,1.958222
1755196459.297766,1852149.000,38030,1,EA,1,100,1.956019
1755196459.364267,1852215.500,38048,2,EA,1,100,1.952730
1755196459.430767,1852282.000,38048,2,EA,1,100,1.921474
1755196459.497768,1852349.000,38064,1,EA,1,100,1.902568
1755196459.564268,1852415.500,38079,2,EA,1,100,1.898940
1755196459.630769,1852482.000,38079,2,EA,1,100,1.897383
1755196459.697769,1852549.000,38095,1,EA,1,100,1.899456
1755196459.764270,1852615.500,38113,2,EA,1,100,1.898419
1755196459.830770,1852682.000,38113,2,EA,1,100,1.895835
1755196459.897771,1852749.000,38129,1,EA,1,100,1.895321
1755196459.964271,1852815.500,38144,2,EA,1,100,1.896868
1755196460.030772,1852882.000,38144,2,EA,1,100,1.897904
1755196460.097772,1852949.000,38161,1,EA,1,100,1.897904
1755196460.164273,1853015.500,38178,2,EA,1,100,1.899972
1755196460.230773,1853082.000,38178,2,EA,1,100,1.897904
1755196460.297773,1853149.000,38194,1,EA,1,100,1.898940
1755196460.364274,1853215.500,38210,2,EA,1,100,1.899972
1755196460.430774,1853282.000,38210,2,EA,1,100,1.898419
1755196460.497775,1853349.000,38226,1,EA,1,100,1.898940
1755196460.564275,1853415.500,38243,2,EA,1,100,1.899972
1755196460.630776,1853482.000,38243,2,EA,1,100,1.898419
1755196460.697776,1853549.000,38259,1,EA,1,100,1.898419
1755196460.764443,1853615.667,38281,3,EA,1,100,1.899456
1755196460.831111,1853682.333,38281,3,EA,1,100,1.899972
1755196460.897778,1853749.000,38281,3,EA,1,100,1.899456
1755196460.963778,1853815.000,38297,1,EA,1,100,1.900494
1755196461.030779,1853882.000,38313,2,EA,1,100,1.902568
1755196461.097779,1853949.000,38313,2,EA,1,100,1.902568
1755196461.163780,1854015.000,38329,1,EA,1,100,1.900494
1755196461.230780,1854082.000,38346,2,EA,1,100,1.895321
1755196461.297781,1854149.000,38346,2,EA,1,100,1.896868
1755196461.363781,1854215.000,38362,1,EA,1,100,1.899972
1755196461.430782,1854282.000,38379,2,EA,1,100,1.901533
1755196461.497782,1854349.000,38379,2,EA,1,100,1.901533
1755196461.563782,1854415.000,38394,1,EA,1,100,1.901533
1755196461.630783,1854482.000,38411,2,EA,1,100,1.901011
1755196461.697783,1854549.000,38411,2,EA,1,100,1.898419
1755196461.763784,1854615.000,38428,1,EA,1,100,1.897904
1755196461.830784,1854682.000,38444,2,EA,1,100,1.898419
1755196461.897785,1854749.000,38444,2,EA,1,100,1.898419
1755196461.964285,1854815.500,38459,2,EA,1,100,1.897383
1755196462.030786,1854882.000,38459,2,EA,1,100,1.897904
1755196462.097786,1854949.000,38477,1,EA,1,100,1.897383
1755196462.164287,1855015.500,38493,2,EA,1,100,1.896354
1755196462.230787,1855082.000,38493,2,EA,1,100,1.897383
1755196462.297788,1855149.000,38510,1,EA,1,100,1.898419
1755196462.364288,1855215.500,38525,2,EA,1,100,1.897904
1755196462.430789,1855282.000,38525,2,EA,1,100,1.897904
1755196462.497789,1855349.000,38542,1,EA,1,100,1.897904
1755196462.564290,1855415.500,38558,2,EA,1,100,1.897904
1755196462.630790,1855482.000,38558,2,EA,1,100,1.898419
1755196462.697791,1855549.000,38575,1,EA,1,100,1.898419
1755196462.764291,1855615.500,38590,2,EA,1,100,1.898419
1755196462.830791,1855682.000,38590,2,EA,1,100,1.898940
1755196462.896792,1855748.000,38607,1,EA,1,100,1.898940
1755196462.963792,1855815.000,38623,2,EA,1,100,1.895835
1755196463.030793,1855882.000,38623,2,EA,1,100,1.896354
1755196463.096793,1855948.000,38641,1,EA,1,100,1.895835
1755196463.163794,1856015.000,38655,2,EA,1,100,1.896868
1755196463.230794,1856082.000,38655,2,EA,1,100,1.896868
1755196463.296795,1856148.000,38672,1,EA,1,100,1.899972
1755196463.363795,1856215.000,38689,2,EA,1,100,1.903610
1755196463.430796,1856282.000,38689,2,EA,1,100,1.902051
1755196463.496796,1856348.000,38708,1,EA,1,100,1.900494
1755196463.563797,1856415.000,38722,2,EA,1,100,1.899456
1755196463.630797,1856482.000,38722,2,EA,1,100,1.899972
1755196463.696798,1856548.000,38739,1,EA,1,100,1.900494
1755196463.763798,1856615.000,38758,2,EA,1,100,1.900494
1755196463.830799,1856682.000,38758,2,EA,1,100,1.900494
1755196463.896799,1856748.000,38775,1,EA,1,100,1.901533
1755196463.963800,1856815.000,38790,2,EA,1,100,1.901011
1755196464.030800,1856882.000,38790,2,EA,1,100,1.902051
1755196464.096800,1856948.000,38809,1,EA,1,100,1.902051
1755196464.163801,1857015.000,38825,2,EA,1,100,1.902051
1755196464.230801,1857082.000,38825,2,EA,1,100,1.902051
1755196464.297302,1857148.500,38842,2,EA,1,100,1.904652
1755196464.363802,1857215.000,38842,2,EA,1,100,1.903610
1755196464.430803,1857282.000,38859,1,EA,1,100,1.902568
1755196464.497303,1857348.500,38874,2,EA,1,100,1.902568
1755196464.563804,1857415.000,38874,2,EA,1,100,1.903610
1755196464.630804,1857482.000,38890,1,EA,1,100,1.903091
1755196464.697305,1857548.500,38908,2,EA,1,100,1.902568
1755196464.763805,1857615.000,38908,2,EA,1,100,1.903610
1755196464.830806,1857682.000,38924,1,EA,1,100,1.902568
1755196464.897306,1857748.500,38939,2,EA,1,100,1.903091
1755196464.963807,1857815.000,38939,2,EA,1,100,1.903610
1755196465.030807,1857882.000,38955,1,EA,1,100,1.903091
1755196465.097308,1857948.500,38973,2,EA,1,100,1.904652
1755196465.163808,1858015.000,38973,2,EA,1,100,1.905696
1755196465.230809,1858082.000,38989,1,EA,1,100,1.904133
1755196465.297309,1858148.500,39004,2,EA,1,100,1.904652
1755196465.363809,1858215.000,39004,2,EA,1,100,1.905696
1755196465.430810,1858282.000,39021,1,EA,1,100,1.905696
1755196465.497310,1858348.500,39038,2,EA,1,100,1.904652
1755196465.563811,1858415.000,39038,2,EA,1,100,1.904652
1755196465.630811,1858482.000,39054,1,EA,1,100,1.904652
1755196465.697312,1858548.500,39070,2,EA,1,100,1.904652
1755196465.763812,1858615.000,39070,2,EA,1,100,1.904652
1755196465.830813,1858682.000,39086,1,EA,1,100,1.906216
1755196465.897480,1858748.667,39108,3,EA,1,100,1.904652
1755196465.964147,1858815.333,39108,3,EA,1,100,1.906741
1755196466.030814,1858882.000,39108,3,EA,1,100,1.907781
1755196466.096815,1858948.000,39125,1,EA,1,100,1.909355
1755196466.163815,1859015.000,39142,2,EA,1,100,1.908308
1755196466.230816,1859082.000,39142,2,EA,1,100,1.905696
1755196466.296816,1859148.000,39158,1,EA,1,100,1.904652
1755196466.363317,1859214.500,39174,2,EA,1,100,1.905696
1755196466.429817,1859281.000,39174,2,EA,1,100,1.909355
1755196466.496818,1859348.000,39190,1,EA,1,100,1.905696
1755196466.563318,1859414.500,39207,2,EA,1,100,1.904133
1755196466.629818,1859481.000,39207,2,EA,1,100,1.903610
1755196466.696819,1859548.000,39223,1,EA,1,100,1.904133
1755196466.763319,1859614.500,39239,2,EA,1,100,1.905696
1755196466.829820,1859681.000,39239,2,EA,1,100,1.904133
1755196466.896820,1859748.000,39255,1,EA,1,100,1.904133
1755196466.963321,1859814.500,39272,2,EA,1,100,1.907781
1755196467.029821,1859881.000,39272,2,EA,1,100,1.904133
1755196467.096822,1859948.000,39291,1,EA,1,100,1.900494
1755196467.163322,1860014.500,39306,2,EA,1,100,1.898940
1755196467.229823,1860081.000,39306,2,EA,1,100,1.896354
1755196467.296823,1860148.000,39322,1,EA,1,100,1.898419
1755196467.363324,1860214.500,39340,2,EA,1,100,1.899972
1755196467.429824,1860281.000,39340,2,EA,1,100,1.900494
1755196467.496825,1860348.000,39356,1,EA,1,100,1.903091
1755196467.563325,1860414.500,39371,2,EA,1,100,1.909877
1755196467.629826,1860481.000,39371,2,EA,1,100,1.915655
1755196467.696826,1860548.000,39387,1,EA,1,100,1.949995
1755196467.763327,1860614.500,39405,2,EA,1,100,1.947268
1755196467.829827,1860681.000,39405,2,EA,1,100,1.938595
1755196467.896827,1860748.000,39421,1,EA,1,100,1.961530
1755196467.963328,1860814.500,39439,2,EA,1,100,1.924129
1755196468.029828,1860881.000,39439,2,EA,1,100,1.903610
1755196468.096829,1860948.000,39455,1,EA,1,100,1.897904
1755196468.163329,1861014.500,39472,2,EA,1,100,1.897383
1755196468.229830,1861081.000,39472,2,EA,1,100,1.895321
1755196468.296830,1861148.000,39488,2,EA,1,100,1.893775
1755196468.363831,1861215.000,39488,2,EA,1,100,1.889659
1755196468.429831,1861281.000,39506,1,EA,1,100,1.890175
1755196468.496832,1861348.000,39520,2,EA,1,100,1.895835
1755196468.563832,1861415.000,39520,2,EA,1,100,1.899456
1755196468.629833,1861481.000,39537,1,EA,1,100,1.900494
1755196468.696833,1861548.000,39554,2,EA,1,100,1.898419
1755196468.763834,1861615.000,39554,2,EA,1,100,1.898940
1755196468.829834,1861681.000,39573,1,EA,1,100,1.899972
1755196468.896835,1861748.000,39587,2,EA,1,100,1.902051
1755196468.963835,1861815.000,39587,2,EA,1,100,1.903610
1755196469.029836,1861881.000,39604,1,EA,1,100,1.905171
1755196469.096836,1861948.000,39621,2,EA,1,100,1.909877
1755196469.163836,1862015.000,39621,2,EA,1,100,1.914076
1755196469.229837,1862081.000,39638,1,EA,1,100,1.914606
1755196469.296337,1862147.500,39652,2,EA,1,100,1.915655
1755196469.362838,1862214.000,39652,2,EA,1,100,1.913552
1755196469.429838,1862281.000,39670,1,EA,1,100,1.910926
1755196469.496839,1862348.000,39686,2,EA,1,100,1.910399
1755196469.563839,1862415.000,39686,2,EA,1,100,1.909355
1755196469.629840,1862481.000,39705,1,EA,1,100,1.908308
1755196469.696340,1862547.500,39720,2,EA,1,100,1.907781
1755196469.762841,1862614.000,39720,2,EA,1,100,1.906216
1755196469.829841,1862681.000,39737,1,EA,1,100,1.906741
1755196469.896342,1862747.500,39753,2,EA,1,100,1.907261
1755196469.962842,1862814.000,39753,2,EA,1,100,1.908829
1755196470.029843,1862881.000,39770,1,EA,1,100,1.909877
1755196470.096343,1862947.500,39786,2,EA,1,100,1.909877
1755196470.162844,1863014.000,39786,2,EA,1,100,1.910926
1755196470.229844,1863081.000,39802,1,EA,1,100,1.911449
1755196470.296345,1863147.500,39820,2,EA,1,100,1.905171
1755196470.362845,1863214.000,39820,2,EA,1,100,1.899972
1755196470.429845,1863281.000,39838,2,EA,1,100,1.899456
1755196470.496846,1863348.000,39838,2,EA,1,100,1.898940
1755196470.562846,1863414.000,39854,1,EA,1,100,1.901011
1755196470.629847,1863481.000,39869,2,EA,1,100,1.904652
1755196470.696847,1863548.000,39869,2,EA,1,100,1.904133
1755196470.762848,1863614.000,39886,1,EA,1,100,1.905171
1755196470.829848,1863681.000,39903,2,EA,1,100,1.908308
1755196470.896849,1863748.000,39903,2,EA,1,100,1.909877
1755196470.962849,1863814.000,39919,1,EA,1,100,1.909877
1755196471.029850,1863881.000,39940,2,EA,1,100,1.909877
1755196471.096850,1863948.000,39940,2,EA,1,100,1.910399
1755196471.163351,1864014.500,39956,2,EA,1,100,1.913552
1755196471.229851,1864081.000,39956,2,EA,1,100,1.909355
1755196471.296852,1864148.000,39972,1,EA,1,100,1.909355
1755196471.363352,1864214.500,39989,2,EA,1,100,1.911977
1755196471.429853,1864281.000,39989,2,EA,1,100,1.920413
1755196471.496853,1864348.000,40006,1,EA,1,100,1.917768
1755196471.563354,1864414.500,40021,2,EA,1,100,1.909355
1755196471.629854,1864481.000,40021,2,EA,1,100,1.908829
1755196471.696355,1864547.500,40038,2,EA,1,100,1.914606
1755196471.762855,1864614.000,40038,2,EA,1,100,1.917242
1755196471.829855,1864681.000,40054,1,EA,1,100,1.919353
1755196471.896356,1864747.500,40071,2,EA,1,100,1.914076
1755196471.962856,1864814.000,40071,2,EA,1,100,1.910926
1755196472.029857,1864881.000,40087,1,EA,1,100,1.913024
1755196472.096357,1864947.500,40103,2,EA,1,100,1.913024
1755196472.162858,1865014.000,40103,2,EA,1,100,1.910926
1755196472.229858,1865081.000,40119,1,EA,1,100,1.910399
1755196472.296359,1865147.500,40136,2,EA,1,100,1.913552
1755196472.362859,1865214.000,40136,2,EA,1,100,1.915655
1755196472.429860,1865281.000,40153,1,EA,1,100,1.915130
1755196472.496360,1865347.500,40168,2,EA,1,100,1.913552
1755196472.562861,1865414.000,40168,2,EA,1,100,1.913552
1755196472.629861,1865481.000,40184,1,EA,1,100,1.914606
1755196472.696362,1865547.500,40202,2,EA,1,100,1.916186
1755196472.762862,1865614.000,40202,2,EA,1,100,1.915130
1755196472.829863,1865681.000,40218,1,EA,1,100,1.914606
1755196472.896363,1865747.500,40233,2,EA,1,100,1.912500
1755196472.962864,1865814.000,40233,2,EA,1,100,1.906216
1755196473.029864,1865881.000,40249,1,EA,1,100,1.908308
1755196473.096364,1865947.500,40267,2,EA,1,100,1.914076
1755196473.162865,1866014.000,40267,2,EA,1,100,1.915655
1755196473.229865,1866081.000,40283,1,EA,1,100,1.911977
1755196473.296366,1866147.500,40298,2,EA,1,100,1.911449
1755196473.362866,1866214.000,40298,2,EA,1,100,1.912500
1755196473.429867,1866281.000,40315,1,EA,1,100,1.913024
1755196473.496367,1866347.500,40332,2,EA,1,100,1.913552
1755196473.562868,1866414.000,40332,2,EA,1,100,1.913552
1755196473.629868,1866481.000,40348,1,EA,1,100,1.913024
1755196473.696369,1866547.500,40365,2,EA,1,100,1.913552
1755196473.762869,1866614.000,40365,2,EA,1,100,1.913552
1755196473.829870,1866681.000,40382,1,EA,1,100,1.913552
1755196473.896370,1866747.500,40399,2,EA,1,100,1.914076
1755196473.962871,1866814.000,40399,2,EA,1,100,1.915655
1755196474.029371,1866880.500,40416,2,EA,1,100,1.913552
1755196474.095872,1866947.000,40416,2,EA,1,100,1.913024
1755196474.162872,1867014.000,40433,1,EA,1,100,1.914076
1755196474.229373,1867080.500,40449,2,EA,1,100,1.915130
1755196474.295873,1867147.000,40449,2,EA,1,100,1.914606
1755196474.362873,1867214.000,40466,1,EA,1,100,1.915655
1755196474.429374,1867280.500,40483,2,EA,1,100,1.914606
1755196474.495874,1867347.000,40483,2,EA,1,100,1.914076
1755196474.562875,1867414.000,40500,1,EA,1,100,1.914076
1755196474.629375,1867480.500,40514,2,EA,1,100,1.915655
1755196474.695876,1867547.000,40514,2,EA,1,100,1.915655
1755196474.762876,1867614.000,40532,1,EA,1,100,1.915655
1755196474.829377,1867680.500,40548,2,EA,1,100,1.916186
1755196474.895877,1867747.000,40548,2,EA,1,100,1.917768
1755196474.962878,1867814.000,40567,1,EA,1,100,1.916711
1755196475.029378,1867880.500,40582,2,EA,1,100,1.915655
1755196475.095879,1867947.000,40582,2,EA,1,100,1.916186
1755196475.162879,1868014.000,40599,1,EA,1,100,1.916711
1755196475.229380,1868080.500,40615,2,EA,1,100,1.916186
1755196475.295880,1868147.000,40615,2,EA,1,100,1.913552
1755196475.362881,1868214.000,40632,1,EA,1,100,1.913552
1755196475.429381,1868280.500,40647,2,EA,1,100,1.915130
1755196475.495882,1868347.000,40647,2,EA,1,100,1.914606
1755196475.562882,1868414.000,40666,1,EA,1,100,1.915130
1755196475.629382,1868480.500,40682,2,EA,1,100,1.915130
1755196475.695883,1868547.000,40682,2,EA,1,100,1.914606
1755196475.762883,1868614.000,40700,1,EA,1,100,1.914606
1755196475.829384,1868680.500,40715,2,EA,1,100,1.914606
1755196475.895884,1868747.000,40715,2,EA,1,100,1.914076
1755196475.962885,1868814.000,40731,1,EA,1,100,1.915130
1755196476.029385,1868880.500,40748,2,EA,1,100,1.915655
1755196476.095886,1868947.000,40748,2,EA,1,100,1.915130
1755196476.162386,1869013.500,40772,2,EA,1,100,1.915655
1755196476.228887,1869080.000,40772,2,EA,1,100,1.915130
1755196476.295887,1869147.000,40788,2,EA,1,100,1.915655
1755196476.362888,1869214.000,40788,2,EA,1,100,1.915655
1755196476.428888,1869280.000,40806,1,EA,1,100,1.914606
1755196476.495889,1869347.000,40820,2,EA,1,100,1.915655
1755196476.562889,1869414.000,40820,2,EA,1,100,1.916186
1755196476.628890,1869480.000,40837,1,EA,1,100,1.917242
1755196476.695890,1869547.000,40854,2,EA,1,100,1.918294
1755196476.762891,1869614.000,40854,2,EA,1,100,1.918826
1755196476.829891,1869681.000,40871,1,EA,1,100,1.918294
1755196476.896391,1869747.500,40885,2,EA,1,100,1.918294
1755196476.962892,1869814.000,40885,2,EA,1,100,1.918826
1755196477.028892,1869880.000,40902,1,EA,1,100,1.919885
1755196477.095893,1869947.000,40919,2,EA,1,100,1.920413
1755196477.162893,1870014.000,40919,2,EA,1,100,1.920941
1755196477.228894,1870080.000,40936,1,EA,1,100,1.920413
1755196477.295894,1870147.000,40951,2,EA,1,100,1.920413
1755196477.362895,1870214.000,40951,2,EA,1,100,1.920413
1755196477.428895,1870280.000,40968,1,EA,1,100,1.920941
1755196477.495896,1870347.000,40984,2,EA,1,100,1.919885
1755196477.562896,1870414.000,40984,2,EA,1,100,1.921474
1755196477.628897,1870480.000,41001,1,EA,1,100,1.920941
1755196477.695897,1870547.000,41017,2,EA,1,100,1.921474
1755196477.762898,1870614.000,41017,2,EA,1,100,1.922002
1755196477.829398,1870680.500,41033,2,EA,1,100,1.921474
1755196477.895899,1870747.000,41033,2,EA,1,100,1.920941
1755196477.962899,1870814.000,41049,1,EA,1,100,1.921474
1755196478.029400,1870880.500,41067,2,EA,1,100,1.921474
1755196478.095900,1870947.000,41067,2,EA,1,100,1.920413
1755196478.162900,1871014.000,41083,1,EA,1,100,1.919353
1755196478.229401,1871080.500,41100,2,EA,1,100,1.919885
1755196478.295901,1871147.000,41100,2,EA,1,100,1.918294
1755196478.362902,1871214.000,41116,1,EA,1,100,1.918826
1755196478.429402,1871280.500,41134,2,EA,1,100,1.918826
1755196478.495903,1871347.000,41134,2,EA,1,100,1.918294
1755196478.562903,1871414.000,41150,1,EA,1,100,1.918294
1755196478.629404,1871480.500,41165,2,EA,1,100,1.918294
1755196478.695904,1871547.000,41165,2,EA,1,100,1.918294
1755196478.762905,1871614.000,41182,1,EA,1,100,1.917768
1755196478.829405,1871680.500,41201,2,EA,1,100,1.918294
1755196478.895906,1871747.000,41201,2,EA,1,100,1.918826
1755196478.962906,1871814.000,41217,1,EA,1,100,1.918294
1755196479.029407,1871880.500,41233,2,EA,1,100,1.919353
1755196479.095907,1871947.000,41233,2,EA,1,100,1.918294
1755196479.162908,1872014.000,41249,1,EA,1,100,1.918826
1755196479.229408,1872080.500,41266,2,EA,1,100,1.918826
1755196479.295909,1872147.000,41266,2,EA,1,100,1.919353
1755196479.361909,1872213.000,41282,1,EA,1,100,1.919353
1755196479.428909,1872280.000,41298,2,EA,1,100,1.919885
1755196479.495910,1872347.000,41298,2,EA,1,100,1.918826
1755196479.562910,1872414.000,41314,1,EA,1,100,1.919885
1755196479.629411,1872480.500,41331,2,EA,1,100,1.920941
1755196479.695911,1872547.000,41331,2,EA,1,100,1.922536
1755196479.761912,1872613.000,41348,1,EA,1,100,1.919353
1755196479.828912,1872680.000,41363,2,EA,1,100,1.919353
1755196479.895913,1872747.000,41363,2,EA,1,100,1.915655
1755196479.961913,1872813.000,41379,1,EA,1,100,1.911449
1755196480.028914,1872880.000,41397,2,EA,1,100,1.915655
1755196480.095914,1872947.000,41397,2,EA,1,100,1.919885
1755196480.161915,1873013.000,41413,1,EA,1,100,1.917242
1755196480.228915,1873080.000,41429,2,EA,1,100,1.914606
1755196480.295916,1873147.000,41429,2,EA,1,100,1.915130
1755196480.362416,1873213.500,41445,2,EA,1,100,1.916186
1755196480.428917,1873280.000,41445,2,EA,1,100,1.917768
1755196480.495917,1873347.000,41462,1,EA,1,100,1.918294
1755196480.562418,1873413.500,41478,2,EA,1,100,1.920413
1755196480.628918,1873480.000,41478,2,EA,1,100,1.920941
1755196480.695918,1873547.000,41495,1,EA,1,100,1.919885
1755196480.762419,1873613.500,41510,2,EA,1,100,1.919885
1755196480.828919,1873680.000,41510,2,EA,1,100,1.919885
1755196480.895920,1873747.000,41527,1,EA,1,100,1.919885
1755196480.962420,1873813.500,41543,2,EA,1,100,1.920941
1755196481.028921,1873880.000,41543,2,EA,1,100,1.920941
1755196481.095921,1873947.000,41561,1,EA,1,100,1.920941
1755196481.162422,1874013.500,41575,2,EA,1,100,1.920413
1755196481.228922,1874080.000,41575,2,EA,1,100,1.920941
1755196481.295423,1874146.500,41597,2,EA,1,100,1.920941
1755196481.361923,1874213.000,41597,2,EA,1,100,1.920941
1755196481.428924,1874280.000,41614,1,EA,1,100,1.922536
1755196481.495424,1874346.500,41631,2,EA,1,100,1.921474
1755196481.561925,1874413.000,41631,2,EA,1,100,1.922536
1755196481.628925,1874480.000,41647,2,EA,1,100,1.923065
1755196481.695926,1874547.000,41647,2,EA,1,100,1.923594
1755196481.761926,1874613.000,41665,1,EA,1,100,1.923594
1755196481.828927,1874680.000,41679,2,EA,1,100,1.923594
1755196481.895927,1874747.000,41679,2,EA,1,100,1.923594
1755196481.961927,1874813.000,41696,1,EA,1,100,1.923594
1755196482.028928,1874880.000,41713,2,EA,1,100,1.923594
1755196482.095928,1874947.000,41713,2,EA,1,100,1.924129
1755196482.161929,1875013.000,41732,1,EA,1,100,1.924129
1755196482.228929,1875080.000,41746,2,EA,1,100,1.924659
1755196482.295930,1875147.000,41746,2,EA,1,100,1.924659
1755196482.361930,1875213.000,41763,1,EA,1,100,1.925194
1755196482.428931,1875280.000,41780,2,EA,1,100,1.926255
1755196482.495931,1875347.000,41780,2,EA,1,100,1.925725
1755196482.561932,1875413.000,41797,1,EA,1,100,1.925725
1755196482.628432,1875479.500,41811,2,EA,1,100,1.926255
1755196482.694933,1875546.000,41811,2,EA,1,100,1.926255
1755196482.761933,1875613.000,41829,1,EA,1,100,1.926791
1755196482.828434,1875679.500,41845,2,EA,1,100,1.926791
1755196482.894934,1875746.000,41845,2,EA,1,100,1.926255
1755196482.961935,1875813.000,41862,1,EA,1,100,1.926791
1755196483.028435,1875879.500,41879,2,EA,1,100,1.927860
1755196483.094936,1875946.000,41879,2,EA,1,100,1.926791
1755196483.161936,1876013.000,41896,1,EA,1,100,1.926791
1755196483.228436,1876079.500,41912,2,EA,1,100,1.926791
1755196483.294937,1876146.000,41912,2,EA,1,100,1.926791
1755196483.361937,1876213.000,41929,1,EA,1,100,1.927323
1755196483.428438,1876279.500,41944,2,EA,1,100,1.927323
1755196483.494938,1876346.000,41944,2,EA,1,100,1.926791
1755196483.561939,1876413.000,41961,1,EA,1,100,1.927323
1755196483.628439,1876479.500,41977,2,EA,1,100,1.927323
1755196483.694940,1876546.000,41977,2,EA,1,100,1.927323
1755196483.761940,1876613.000,41995,1,EA,1,100,1.928391
1755196483.828441,1876679.500,42012,2,EA,1,100,1.927323
1755196483.894941,1876746.000,42012,2,EA,1,100,1.927323
1755196483.961942,1876813.000,42028,1,EA,1,100,1.928391
1755196484.028442,1876879.500,42045,2,EA,1,100,1.928391
1755196484.094943,1876946.000,42045,2,EA,1,100,1.927323
1755196484.161943,1877013.000,42062,2,EA,1,100,1.926791
1755196484.228944,1877080.000,42062,2,EA,1,100,1.926255
1755196484.294944,1877146.000,42078,1,EA,1,100,1.926791
1755196484.361945,1877213.000,42094,2,EA,1,100,1.926255
1755196484.428945,1877280.000,42094,2,EA,1,100,1.925194
1755196484.494945,1877346.000,42110,1,EA,1,100,1.924129
1755196484.561946,1877413.000,42127,2,EA,1,100,1.925725
1755196484.628946,1877480.000,42127,2,EA,1,100,1.926255
1755196484.694947,1877546.000,42143,1,EA,1,100,1.925194
1755196484.761947,1877613.000,42159,2,EA,1,100,1.927860
1755196484.828948,1877680.000,42159,2,EA,1,100,1.927323
1755196484.894948,1877746.000,42175,1,EA,1,100,1.921474
1755196484.961949,1877813.000,42192,2,EA,1,100,1.920941
1755196485.028949,1877880.000,42192,2,EA,1,100,1.923065
1755196485.094950,1877946.000,42209,1,EA,1,100,1.924129
1755196485.161950,1878013.000,42224,2,EA,1,100,1.924129
1755196485.228951,1878080.000,42224,2,EA,1,100,1.924129
1755196485.294951,1878146.000,42240,1,EA,1,100,1.925725
1755196485.361952,1878213.000,42258,2,EA,1,100,1.925725
1755196485.428952,1878280.000,42258,2,EA,1,100,1.925725
1755196485.494953,1878346.000,42274,1,EA,1,100,1.925725
1755196485.561953,1878413.000,42289,2,EA,1,100,1.925725
1755196485.628954,1878480.000,42289,2,EA,1,100,1.924129
1755196485.694954,1878546.000,42305,1,EA,1,100,1.924659
1755196485.761955,1878613.000,42323,2,EA,1,100,1.924659
1755196485.828955,1878680.000,42323,2,EA,1,100,1.925194
1755196485.894955,1878746.000,42339,1,EA,1,100,1.923594
1755196485.961956,1878813.000,42354,2,EA,1,100,1.924129
1755196486.028956,1878880.000,42354,2,EA,1,100,1.925194
1755196486.094957,1878946.000,42371,1,EA,1,100,1.925194
1755196486.161957,1879013.000,42388,2,EA,1,100,1.925725
1755196486.228958,1879080.000,42388,2,EA,1,100,1.925194
1755196486.295458,1879146.500,42404,2,EA,1,100,1.926791
1755196486.361959,1879213.000,42404,2,EA,1,100,1.927323
1755196486.428459,1879279.500,42427,2,EA,1,100,1.924129
1755196486.494960,1879346.000,42427,2,EA,1,100,1.923594
1755196486.561960,1879413.000,42443,1,EA,1,100,1.923594
1755196486.628461,1879479.500,42458,2,EA,1,100,1.923594
1755196486.694961,1879546.000,42458,2,EA,1,100,1.924659
1755196486.761962,1879613.000,42475,1,EA,1,100,1.925725
1755196486.828462,1879679.500,42492,2,EA,1,100,1.925725
1755196486.894963,1879746.000,42492,2,EA,1,100,1.926791
1755196486.961963,1879813.000,42508,1,EA,1,100,1.925194
1755196487.028464,1879879.500,42525,2,EA,1,100,1.926255
1755196487.094964,1879946.000,42525,2,EA,1,100,1.925725
1755196487.161964,1880013.000,42540,1,EA,1,100,1.926255
1755196487.228465,1880079.500,42557,2,EA,1,100,1.926255
1755196487.294965,1880146.000,42557,2,EA,1,100,1.925725
1755196487.361466,1880212.500,42574,2,EA,1,100,1.926255
1755196487.427966,1880279.000,42574,2,EA,1,100,1.926255
1755196487.494967,1880346.000,42591,1,EA,1,100,1.925194
1755196487.561467,1880412.500,42605,2,EA,1,100,1.922536
1755196487.627968,1880479.000,42605,2,EA,1,100,1.922002
1755196487.694968,1880546.000,42622,1,EA,1,100,1.923065
1755196487.761469,1880612.500,42639,2,EA,1,100,1.923594
1755196487.827969,1880679.000,42639,2,EA,1,100,1.925725
1755196487.894970,1880746.000,42656,1,EA,1,100,1.925725
1755196487.961470,1880812.500,42672,2,EA,1,100,1.925725
1755196488.027971,1880879.000,42672,2,EA,1,100,1.927323
1755196488.094971,1880946.000,42690,1,EA,1,100,1.927860
1755196488.161472,1881012.500,42706,2,EA,1,100,1.927323
1755196488.227972,1881079.000,42706,2,EA,1,100,1.928391
1755196488.294973,1881146.000,42723,1,EA,1,100,1.927860
1755196488.361473,1881212.500,42738,2,EA,1,100,1.925194
1755196488.427973,1881279.000,42738,2,EA,1,100,1.922002
1755196488.494974,1881346.000,42755,1,EA,1,100,1.919885
1755196488.561474,1881412.500,42771,2,EA,1,100,1.923594
1755196488.627975,1881479.000,42771,2,EA,1,100,1.928391
1755196488.694975,1881546.000,42790,1,EA,1,100,1.931066
1755196488.761476,1881612.500,42807,2,EA,1,100,1.934283
1755196488.827976,1881679.000,42807,2,EA,1,100,1.931066
1755196488.894977,1881746.000,42824,1,EA,1,100,1.928391
1755196488.961477,1881812.500,42840,2,EA,1,100,1.925194
1755196489.027978,1881879.000,42840,2,EA,1,100,1.920941
1755196489.094978,1881946.000,42858,1,EA,1,100,1.925194
1755196489.161479,1882012.500,42872,2,EA,1,100,1.928924
1755196489.227979,1882079.000,42872,2,EA,1,100,1.930532
1755196489.294980,1882146.000,42889,1,EA,1,100,1.931599
1755196489.361480,1882212.500,42906,2,EA,1,100,1.927860
1755196489.427981,1882279.000,42906,2,EA,1,100,1.925725
1755196489.494981,1882346.000,42923,1,EA,1,100,1.923594
1755196489.561482,1882412.500,42938,2,EA,1,100,1.927323
1755196489.627982,1882479.000,42938,2,EA,1,100,1.929461
1755196489.694982,1882546.000,42954,1,EA,1,100,1.930532
1755196489.761483,1882612.500,42971,2,EA,1,100,1.928391
1755196489.827983,1882679.000,42971,2,EA,1,100,1.926255
1755196489.894484,1882745.500,42988,2,EA,1,100,1.926255
1755196489.960984,1882812.000,42988,2,EA,1,100,1.926255
1755196490.027985,1882879.000,43004,1,EA,1,100,1.926255
1755196490.094485,1882945.500,43020,2,EA,1,100,1.925725
1755196490.160986,1883012.000,43020,2,EA,1,100,1.926255
1755196490.227986,1883079.000,43036,1,EA,1,100,1.925725
1755196490.294487,1883145.500,43053,2,EA,1,100,1.925194
1755196490.360987,1883212.000,43053,2,EA,1,100,1.924129
1755196490.427988,1883279.000,43070,1,EA,1,100,1.926791
1755196490.494488,1883345.500,43085,2,EA,1,100,1.927323
1755196490.560989,1883412.000,43085,2,EA,1,100,1.924129
1755196490.627989,1883479.000,43101,1,EA,1,100,1.925194
1755196490.694490,1883545.500,43119,2,EA,1,100,1.925725
1755196490.760990,1883612.000,43119,2,EA,1,100,1.925194
1755196490.827991,1883679.000,43135,1,EA,1,100,1.925194
1755196490.894491,1883745.500,43150,2,EA,1,100,1.925725
1755196490.960991,1883812.000,43150,2,EA,1,100,1.924659
1755196491.027992,1883879.000,43166,1,EA,1,100,1.924659
1755196491.094492,1883945.500,43184,2,EA,1,100,1.926255
1755196491.160993,1884012.000,43184,2,EA,1,100,1.925725
1755196491.227993,1884079.000,43200,1,EA,1,100,1.926791
1755196491.294494,1884145.500,43215,2,EA,1,100,1.926255
1755196491.360994,1884212.000,43215,2,EA,1,100,1.928924
1755196491.427995,1884279.000,43232,1,EA,1,100,1.927860
1755196491.494662,1884345.667,43254,3,EA,1,100,1.928924
1755196491.561329,1884412.333,43254,3,EA,1,100,1.927860
1755196491.627996,1884479.000,43254,3,EA,1,100,1.927323
1755196491.694997,1884546.000,43270,1,EA,1,100,1.928391
1755196491.761497,1884612.500,43288,2,EA,1,100,1.928924
1755196491.827998,1884679.000,43288,2,EA,1,100,1.928391
1755196491.894998,1884746.000,43304,1,EA,1,100,1.928391
1755196491.961499,1884812.500,43319,2,EA,1,100,1.928391
1755196492.027999,1884879.000,43319,2,EA,1,100,1.927323
1755196492.095000,1884946.000,43336,1,EA,1,100,1.927323
1755196492.161500,1885012.500,43353,2,EA,1,100,1.928924
1755196492.228000,1885079.000,43353,2,EA,1,100,1.928924
1755196492.295001,1885146.000,43369,1,EA,1,100,1.928391
1755196492.361501,1885212.500,43385,2,EA,1,100,1.928391
1755196492.428002,1885279.000,43385,2,EA,1,100,1.927323
1755196492.495002,1885346.000,43401,1,EA,1,100,1.927860
1755196492.561503,1885412.500,43420,2,EA,1,100,1.928391
1755196492.628003,1885479.000,43420,2,EA,1,100,1.928924
1755196492.695004,1885546.000,43436,1,EA,1,100,1.930532
1755196492.761504,1885612.500,43452,2,EA,1,100,1.929461
1755196492.828005,1885679.000,43452,2,EA,1,100,1.927860
1755196492.895005,1885746.000,43468,1,EA,1,100,1.928391
1755196492.961506,1885812.500,43485,2,EA,1,100,1.928391
1755196493.028006,1885879.000,43485,2,EA,1,100,1.927323
1755196493.095007,1885946.000,43502,1,EA,1,100,1.928924
1755196493.161507,1886012.500,43518,2,EA,1,100,1.929461
1755196493.228008,1886079.000,43518,2,EA,1,100,1.931599
1755196493.294008,1886145.000,43535,1,EA,1,100,1.933213
1755196493.361009,1886212.000,43553,2,EA,1,100,1.930532
1755196493.428009,1886279.000,43553,2,EA,1,100,1.928924
1755196493.494009,1886345.000,43569,1,EA,1,100,1.929461
1755196493.561010,1886412.000,43585,2,EA,1,100,1.929994
1755196493.628010,1886479.000,43585,2,EA,1,100,1.930532
1755196493.694511,1886545.500,43601,2,EA,1,100,1.931599
1755196493.761011,1886612.000,43601,2,EA,1,100,1.931599
1755196493.828012,1886679.000,43620,1,EA,1,100,1.932139
1755196493.894512,1886745.500,43638,2,EA,1,100,1.932139
1755196493.961013,1886812.000,43638,2,EA,1,100,1.931599
1755196494.028013,1886879.000,43655,1,EA,1,100,1.932139
1755196494.094514,1886945.500,43670,2,EA,1,100,1.934283
1755196494.161014,1887012.000,43670,2,EA,1,100,1.933747
1755196494.228015,1887079.000,43687,1,EA,1,100,1.933747
1755196494.294515,1887145.500,43703,2,EA,1,100,1.934823
1755196494.361016,1887212.000,43703,2,EA,1,100,1.934283
1755196494.428016,1887279.000,43721,1,EA,1,100,1.933747
1755196494.494517,1887345.500,43735,2,EA,1,100,1.934283
1755196494.561017,1887412.000,43735,2,EA,1,100,1.933747
1755196494.628018,1887479.000,43752,1,EA,1,100,1.934283
1755196494.694518,1887545.500,43769,2,EA,1,100,1.934283
1755196494.761018,1887612.000,43769,2,EA,1,100,1.934823
1755196494.828019,1887679.000,43786,1,EA,1,100,1.934823
1755196494.894519,1887745.500,43800,2,EA,1,100,1.935359
1755196494.961020,1887812.000,43800,2,EA,1,100,1.935359
1755196495.028020,1887879.000,43817,1,EA,1,100,1.935900
1755196495.094521,1887945.500,43834,2,EA,1,100,1.936437
1755196495.161021,1888012.000,43834,2,EA,1,100,1.935900
1755196495.228022,1888079.000,43851,1,EA,1,100,1.936437
1755196495.294522,1888145.500,43865,2,EA,1,100,1.936973
1755196495.361023,1888212.000,43865,2,EA,1,100,1.936973
1755196495.428023,1888279.000,43883,1,EA,1,100,1.936437
1755196495.494524,1888345.500,43899,2,EA,1,100,1.936437
1755196495.561024,1888412.000,43899,2,EA,1,100,1.936437
1755196495.628025,1888479.000,43916,1,EA,1,100,1.936437
1755196495.694525,1888545.500,43932,2,EA,1,100,1.936437
1755196495.761026,1888612.000,43932,2,EA,1,100,1.936973
1755196495.828026,1888679.000,43948,1,EA,1,100,1.936437
1755196495.894527,1888745.500,43964,2,EA,1,100,1.936973
1755196495.961027,1888812.000,43964,2,EA,1,100,1.937515
1755196496.027527,1888878.500,43982,2,EA,1,100,1.936973
1755196496.094028,1888945.000,43982,2,EA,1,100,1.936973
1755196496.161028,1889012.000,43998,1,EA,1,100,1.937515
1755196496.227529,1889078.500,44013,2,EA,1,100,1.936973
1755196496.294029,1889145.000,44013,2,EA,1,100,1.939133
1755196496.361030,1889212.000,44029,1,EA,1,100,1.938595
1755196496.427530,1889278.500,44047,2,EA,1,100,1.937515
1755196496.494031,1889345.000,44047,2,EA,1,100,1.937515
1755196496.561031,1889412.000,44063,1,EA,1,100,1.938595
1755196496.627532,1889478.500,44083,2,EA,1,100,1.937515
1755196496.694032,1889545.000,44083,2,EA,1,100,1.936973
1755196496.760533,1889611.500,44100,2,EA,1,100,1.938053
1755196496.827033,1889678.000,44100,2,EA,1,100,1.937515
1755196496.894034,1889745.000,44116,1,EA,1,100,1.936973
1755196496.960534,1889811.500,44132,2,EA,1,100,1.937515
1755196497.027035,1889878.000,44132,2,EA,1,100,1.937515
1755196497.094035,1889945.000,44150,1,EA,1,100,1.936437
1755196497.160536,1890011.500,44165,2,EA,1,100,1.935900
1755196497.227036,1890078.000,44165,2,EA,1,100,1.935900
1755196497.294036,1890145.000,44181,2,EA,1,100,1.938053
1755196497.361037,1890212.000,44181,2,EA,1,100,1.936973
1755196497.427037,1890278.000,44198,1,EA,1,100,1.938053
1755196497.494038,1890345.000,44215,2,EA,1,100,1.937515
1755196497.561038,1890412.000,44215,2,EA,1,100,1.936973
1755196497.627039,1890478.000,44231,1,EA,1,100,1.936973
1755196497.694039,1890545.000,44247,2,EA,1,100,1.938053
1755196497.761040,1890612.000,44247,2,EA,1,100,1.931066
1755196497.827040,1890678.000,44263,1,EA,1,100,1.932139
1755196497.894041,1890745.000,44282,2,EA,1,100,1.943462
1755196497.961041,1890812.000,44282,2,EA,1,100,1.940215
1755196498.027042,1890878.000,44298,1,EA,1,100,1.935900
1755196498.094042,1890945.000,44314,2,EA,1,100,1.934823
1755196498.161043,1891012.000,44314,2,EA,1,100,1.934823
1755196498.227043,1891078.000,44330,1,EA,1,100,1.938595
1755196498.294044,1891145.000,44347,2,EA,1,100,1.940215
1755196498.361044,1891212.000,44347,2,EA,1,100,1.939671
1755196498.427045,1891278.000,44364,1,EA,1,100,1.940215
1755196498.494045,1891345.000,44379,2,EA,1,100,1.942377
1755196498.561045,1891412.000,44379,2,EA,1,100,1.941298
1755196498.627046,1891478.000,44395,1,EA,1,100,1.942377
1755196498.694046,1891545.000,44413,2,EA,1,100,1.943462
1755196498.761047,1891612.000,44413,2,EA,1,100,1.942377
1755196498.827047,1891678.000,44431,1,EA,1,100,1.941298
1755196498.894048,1891745.000,44446,2,EA,1,100,1.940215
1755196498.961048,1891812.000,44446,2,EA,1,100,1.938053
1755196499.027049,1891878.000,44462,1,EA,1,100,1.939671
1755196499.094049,1891945.000,44480,2,EA,1,100,1.941837
1755196499.161050,1892012.000,44480,2,EA,1,100,1.941837
1755196499.227050,1892078.000,44496,1,EA,1,100,1.941298
1755196499.293551,1892144.500,44512,2,EA,1,100,1.940754
1755196499.360051,1892211.000,44512,2,EA,1,100,1.939671
1755196499.427052,1892278.000,44528,2,EA,1,100,1.939671
1755196499.494052,1892345.000,44528,2,EA,1,100,1.941298
1755196499.561053,1892412.000,44547,1,EA,1,100,1.940754
1755196499.627553,1892478.500,44563,2,EA,1,100,1.941837
1755196499.694054,1892545.000,44563,2,EA,1,100,1.944549
1755196499.760054,1892611.000,44581,1,EA,1,100,1.944549
1755196499.827054,1892678.000,44595,2,EA,1,100,1.941837
1755196499.894055,1892745.000,44595,2,EA,1,100,1.942377
1755196499.960055,1892811.000,44612,1,EA,1,100,1.943462
1755196500.027056,1892878.000,44629,2,EA,1,100,1.940754
1755196500.094056,1892945.000,44629,2,EA,1,100,1.939133
1755196500.161057,1893012.000,44646,1,EA,1,100,1.940215
1755196500.227557,1893078.500,44662,2,EA,1,100,1.940215
1755196500.294058,1893145.000,44662,2,EA,1,100,1.942377
1755196500.360058,1893211.000,44679,1,EA,1,100,1.944008
1755196500.427059,1893278.000,44696,2,EA,1,100,1.945090
1755196500.494059,1893345.000,44696,2,EA,1,100,1.944008
1755196500.560060,1893411.000,44713,1,EA,1,100,1.944008
1755196500.627060,1893478.000,44727,2,EA,1,100,1.944549
1755196500.694061,1893545.000,44727,2,EA,1,100,1.942922
1755196500.760061,1893611.000,44745,1,EA,1,100,1.943462
1755196500.827062,1893678.000,44761,2,EA,1,100,1.943462
1755196500.894062,1893745.000,44761,2,EA,1,100,1.942922
1755196500.960063,1893811.000,44778,1,EA,1,100,1.942377
1755196501.027063,1893878.000,44793,2,EA,1,100,1.944008
1755196501.094064,1893945.000,44793,2,EA,1,100,1.942377
1755196501.160064,1894011.000,44810,1,EA,1,100,1.942922
1755196501.227064,1894078.000,44826,2,EA,1,100,1.943462
1755196501.294065,1894145.000,44826,2,EA,1,100,1.942922
1755196501.360065,1894211.000,44843,1,EA,1,100,1.943462
1755196501.427066,1894278.000,44859,2,EA,1,100,1.944008
1755196501.494066,1894345.000,44859,2,EA,1,100,1.944008
1755196501.560067,1894411.000,44875,1,EA,1,100,1.945090
1755196501.627067,1894478.000,44891,2,EA,1,100,1.944008
1755196501.694068,1894545.000,44891,2,EA,1,100,1.943462
1755196501.760568,1894611.500,44914,2,EA,1,100,1.944008
1755196501.827069,1894678.000,44914,2,EA,1,100,1.944008
1755196501.893569,1894744.500,44930,2,EA,1,100,1.944549
1755196501.960070,1894811.000,44930,2,EA,1,100,1.944008
1755196502.027070,1894878.000,44947,1,EA,1,100,1.944549
1755196502.093571,1894944.500,44962,2,EA,1,100,1.945090
1755196502.160071,1895011.000,44962,2,EA,1,100,1.944008
1755196502.227072,1895078.000,44979,1,EA,1,100,1.944008
1755196502.293572,1895144.500,44995,2,EA,1,100,1.944549
1755196502.360073,1895211.000,44995,2,EA,1,100,1.944549
1755196502.427073,1895278.000,45013,1,EA,1,100,1.944549
1755196502.493573,1895344.500,45027,2,EA,1,100,1.945090
1755196502.560074,1895411.000,45027,2,EA,1,100,1.943462
1755196502.627074,1895478.000,45044,1,EA,1,100,1.944549
1755196502.693575,1895544.500,45061,2,EA,1,100,1.944549
1755196502.760075,1895611.000,45061,2,EA,1,100,1.943462
1755196502.827076,1895678.000,45078,1,EA,1,100,1.943462
1755196502.893576,1895744.500,45093,2,EA,1,100,1.943462
1755196502.960077,1895811.000,45093,2,EA,1,100,1.942922
1755196503.027077,1895878.000,45109,1,EA,1,100,1.943462
1755196503.093578,1895944.500,45126,2,EA,1,100,1.943462
1755196503.160078,1896011.000,45126,2,EA,1,100,1.943462
1755196503.227079,1896078.000,45143,1,EA,1,100,1.943462
1755196503.293579,1896144.500,45158,2,EA,1,100,1.942922
1755196503.360080,1896211.000,45158,2,EA,1,100,1.942922
1755196503.426580,1896277.500,45175,2,EA,1,100,1.942922
1755196503.493081,1896344.000,45175,2,EA,1,100,1.942377
1755196503.560081,1896411.000,45191,1,EA,1,100,1.942377
1755196503.626582,1896477.500,45208,2,EA,1,100,1.943462
1755196503.693082,1896544.000,45208,2,EA,1,100,1.942377
1755196503.760082,1896611.000,45225,1,EA,1,100,1.942377
1755196503.826583,1896677.500,45242,2,EA,1,100,1.943462
1755196503.893083,1896744.000,45242,2,EA,1,100,1.942922
1755196503.960084,1896811.000,45258,1,EA,1,100,1.943462
1755196504.026584,1896877.500,45276,2,EA,1,100,1.942377
1755196504.093085,1896944.000,45276,2,EA,1,100,1.942922
1755196504.160085,1897011.000,45294,1,EA,1,100,1.942377
1755196504.226586,1897077.500,45309,2,EA,1,100,1.943462
1755196504.293086,1897144.000,45309,2,EA,1,100,1.941298
1755196504.360087,1897211.000,45325,1,EA,1,100,1.941837
1755196504.426587,1897277.500,45343,2,EA,1,100,1.942377
1755196504.493088,1897344.000,45343,2,EA,1,100,1.941837
1755196504.560088,1897411.000,45359,1,EA,1,100,1.941837
1755196504.626589,1897477.500,45374,2,EA,1,100,1.941837
1755196504.693089,1897544.000,45374,2,EA,1,100,1.941837
1755196504.760090,1897611.000,45391,1,EA,1,100,1.942377
1755196504.826590,1897677.500,45410,2,EA,1,100,1.942377
1755196504.893091,1897744.000,45410,2,EA,1,100,1.941837
1755196504.960091,1897811.000,45426,1,EA,1,100,1.942377
1755196505.026591,1897877.500,45443,2,EA,1,100,1.944008
1755196505.093092,1897944.000,45443,2,EA,1,100,1.943462
1755196505.160092,1898011.000,45458,1,EA,1,100,1.943462
1755196505.226593,1898077.500,45475,2,EA,1,100,1.944008
1755196505.293093,1898144.000,45475,2,EA,1,100,1.943462
1755196505.360094,1898211.000,45491,1,EA,1,100,1.943462
1755196505.426594,1898277.500,45508,2,EA,1,100,1.941837
1755196505.493095,1898344.000,45508,2,EA,1,100,1.941837
1755196505.560095,1898411.000,45523,2,EA,1,100,1.944008
1755196505.627096,1898478.000,45523,2,EA,1,100,1.945637
1755196505.693096,1898544.000,45540,1,EA,1,100,1.949995
1755196505.760097,1898611.000,45559,2,EA,1,100,1.944549
1755196505.827097,1898678.000,45559,2,EA,1,100,1.940215
1755196505.893098,1898744.000,45576,1,EA,1,100,1.941298
1755196505.959598,1898810.500,45590,2,EA,1,100,1.944008
1755196506.026099,1898877.000,45590,2,EA,1,100,1.942922
1755196506.093099,1898944.000,45608,1,EA,1,100,1.942377
1755196506.159600,1899010.500,45624,2,EA,1,100,1.942377
1755196506.226100,1899077.000,45624,2,EA,1,100,1.941298
1755196506.293100,1899144.000,45641,1,EA,1,100,1.942922
1755196506.359601,1899210.500,45656,2,EA,1,100,1.944008
1755196506.426101,1899277.000,45656,2,EA,1,100,1.944008
1755196506.493102,1899344.000,45673,1,EA,1,100,1.942922
1755196506.560102,1899411.000,45689,2,EA,1,100,1.941298
1755196506.627103,1899478.000,45689,2,EA,1,100,1.938595
1755196506.693103,1899544.000,45706,1,EA,1,100,1.940215
1755196506.759604,1899610.500,45721,2,EA,1,100,1.944549
1755196506.826104,1899677.000,45721,2,EA,1,100,1.946726
1755196506.893105,1899744.000,45745,2,EA,1,100,1.945090
1755196506.960105,1899811.000,45745,2,EA,1,100,1.945090
1755196507.026106,1899877.000,45761,1,EA,1,100,1.944549
1755196507.093106,1899944.000,45779,2,EA,1,100,1.943462
1755196507.160107,1900011.000,45779,2,EA,1,100,1.945090
1755196507.226607,1900077.500,45795,2,EA,1,100,1.942377
1755196507.293108,1900144.000,45795,2,EA,1,100,1.941298
1755196507.360108,1900211.000,45812,1,EA,1,100,1.942922
1755196507.426609,1900277.500,45827,2,EA,1,100,1.944008
1755196507.493109,1900344.000,45827,2,EA,1,100,1.941837
1755196507.560109,1900411.000,45844,1,EA,1,100,1.943462
1755196507.626610,1900477.500,45860,2,EA,1,100,1.943462
1755196507.693110,1900544.000,45860,2,EA,1,100,1.944549
1755196507.760111,1900611.000,45878,1,EA,1,100,1.943462
1755196507.826611,1900677.500,45894,2,EA,1,100,1.944549
1755196507.893112,1900744.000,45894,2,EA,1,100,1.944008
1755196507.960112,1900811.000,45911,1,EA,1,100,1.942922
1755196508.026613,1900877.500,45928,2,EA,1,100,1.944008
1755196508.093113,1900944.000,45928,2,EA,1,100,1.944008
1755196508.160114,1901011.000,45945,1,EA,1,100,1.945637
1755196508.226614,1901077.500,45959,2,EA,1,100,1.945090
1755196508.293115,1901144.000,45959,2,EA,1,100,1.944008
1755196508.360115,1901211.000,45976,1,EA,1,100,1.944008
1755196508.426616,1901277.500,45993,2,EA,1,100,1.943462
1755196508.493116,1901344.000,45993,2,EA,1,100,1.943462
1755196508.560117,1901411.000,46012,1,EA,1,100,1.944549
1755196508.626617,1901477.500,46026,2,EA,1,100,1.944008
1755196508.693118,1901544.000,46026,2,EA,1,100,1.942922
1755196508.760118,1901611.000,46044,1,EA,1,100,1.944008
1755196508.826618,1901677.500,46062,2,EA,1,100,1.943462
1755196508.893119,1901744.000,46062,2,EA,1,100,1.944008
1755196508.960119,1901811.000,46079,1,EA,1,100,1.944008
1755196509.026620,1901877.500,46094,2,EA,1,100,1.944549
1755196509.093120,1901944.000,46094,2,EA,1,100,1.943462
1755196509.160121,1902011.000,46111,1,EA,1,100,1.944549
1755196509.226621,1902077.500,46127,2,EA,1,100,1.943462
1755196509.293122,1902144.000,46127,2,EA,1,100,1.943462
1755196509.360122,1902211.000,46146,1,EA,1,100,1.944008
1755196509.426623,1902277.500,46162,2,EA,1,100,1.945090
1755196509.493123,1902344.000,46162,2,EA,1,100,1.944549
1755196509.559124,1902410.000,46178,1,EA,1,100,1.944008
1755196509.626124,1902477.000,46194,2,EA,1,100,1.943462
1755196509.693125,1902544.000,46194,2,EA,1,100,1.945090
1755196509.759625,1902610.500,46212,2,EA,1,100,1.943462
1755196509.826126,1902677.000,46212,2,EA,1,100,1.943462
1755196509.893126,1902744.000,46228,1,EA,1,100,1.944549
1755196509.959627,1902810.500,46243,2,EA,1,100,1.945637
1755196510.026127,1902877.000,46243,2,EA,1,100,1.946179
1755196510.093127,1902944.000,46260,1,EA,1,100,1.947811
1755196510.159628,1903010.500,46277,2,EA,1,100,1.948903
1755196510.226128,1903077.000,46277,2,EA,1,100,1.947811
1755196510.293129,1903144.000,46293,1,EA,1,100,1.948359
1755196510.359629,1903210.500,46309,2,EA,1,100,1.947811
1755196510.426130,1903277.000,46309,2,EA,1,100,1.947268
1755196510.493130,1903344.000,46325,1,EA,1,100,1.947811
1755196510.559631,1903410.500,46342,2,EA,1,100,1.950539
1755196510.626131,1903477.000,46342,2,EA,1,100,1.952730
1755196510.693132,1903544.000,46358,1,EA,1,100,1.948359
1755196510.759632,1903610.500,46374,2,EA,1,100,1.945637
1755196510.826133,1903677.000,46374,2,EA,1,100,1.946726
1755196510.893133,1903744.000,46390,1,EA,1,100,1.945637
1755196510.959634,1903810.500,46407,2,EA,1,100,1.941837
1755196511.026134,1903877.000,46407,2,EA,1,100,1.942922
1755196511.093135,1903944.000,46424,1,EA,1,100,1.944008
1755196511.159635,1904010.500,46439,2,EA,1,100,1.946726
1755196511.226136,1904077.000,46439,2,EA,1,100,1.946726
1755196511.293136,1904144.000,46455,1,EA,1,100,1.947811
1755196511.359636,1904210.500,46475,2,EA,1,100,1.948359
1755196511.426137,1904277.000,46475,2,EA,1,100,1.948903
1755196511.493137,1904344.000,46491,1,EA,1,100,1.949451
1755196511.559638,1904410.500,46507,2,EA,1,100,1.949451
1755196511.626138,1904477.000,46507,2,EA,1,100,1.948359
1755196511.693139,1904544.000,46522,1,EA,1,100,1.948359
1755196511.759639,1904610.500,46540,2,EA,1,100,1.948903
1755196511.826140,1904677.000,46540,2,EA,1,100,1.948903
1755196511.893140,1904744.000,46556,1,EA,1,100,1.948903
1755196511.959807,1904810.667,46578,3,EA,1,100,1.949451
1755196512.026475,1904877.333,46578,3,EA,1,100,1.949995
1755196512.093142,1904944.000,46578,3,EA,1,100,1.949451
1755196512.159142,1905010.000,46594,1,EA,1,100,1.948903
1755196512.226143,1905077.000,46609,2,EA,1,100,1.949451
1755196512.293143,1905144.000,46609,2,EA,1,100,1.949995
1755196512.359144,1905210.000,46625,1,EA,1,100,1.949995
1755196512.426144,1905277.000,46643,2,EA,1,100,1.949451
1755196512.493145,1905344.000,46643,2,EA,1,100,1.948903
1755196512.559145,1905410.000,46659,1,EA,1,100,1.949451
1755196512.625645,1905476.500,46676,2,EA,1,100,1.950539
1755196512.692146,1905543.000,46676,2,EA,1,100,1.950539
1755196512.759146,1905610.000,46693,1,EA,1,100,1.950539
1755196512.826147,1905677.000,46710,2,EA,1,100,1.951089
1755196512.893147,1905744.000,46710,2,EA,1,100,1.950539
1755196512.959148,1905810.000,46726,1,EA,1,100,1.949451
1755196513.025648,1905876.500,46742,2,EA,1,100,1.949451
1755196513.092149,1905943.000,46742,2,EA,1,100,1.952184
1755196513.159149,1906010.000,46758,2,EA,1,100,1.957120
1755196513.226150,1906077.000,46758,2,EA,1,100,1.951089
1755196513.292150,1906143.000,46775,1,EA,1,100,1.948903
1755196513.359151,1906210.000,46792,2,EA,1,100,1.950539
1755196513.426151,1906277.000,46792,2,EA,1,100,1.952184
1755196513.492152,1906343.000,46809,1,EA,1,100,1.951634
1755196513.559152,1906410.000,46823,2,EA,1,100,1.949995
1755196513.626153,1906477.000,46823,2,EA,1,100,1.951634
1755196513.692153,1906543.000,46840,1,EA,1,100,1.949451
1755196513.759154,1906610.000,46859,2,EA,1,100,1.949451
1755196513.826154,1906677.000,46859,2,EA,1,100,1.947268
1755196513.892154,1906743.000,46876,1,EA,1,100,1.947811
1755196513.959155,1906810.000,46890,2,EA,1,100,1.949451
1755196514.026155,1906877.000,46890,2,EA,1,100,1.946726
1755196514.092156,1906943.000,46908,1,EA,1,100,1.946726
1755196514.159156,1907010.000,46924,2,EA,1,100,1.946726
1755196514.226157,1907077.000,46924,2,EA,1,100,1.948359
1755196514.292157,1907143.000,46941,1,EA,1,100,1.950539
1755196514.359158,1907210.000,46958,2,EA,1,100,1.951634
1755196514.426158,1907277.000,46958,2,EA,1,100,1.951634
1755196514.492159,1907343.000,46975,1,EA,1,100,1.951634
1755196514.559159,1907410.000,46991,2,EA,1,100,1.951634
1755196514.626160,1907477.000,46991,2,EA,1,100,1.951089
1755196514.692160,1907543.000,47008,1,EA,1,100,1.952184
1755196514.759161,1907610.000,47023,2,EA,1,100,1.952730
1755196514.826161,1907677.000,47023,2,EA,1,100,1.952184
1755196514.892162,1907743.000,47040,1,EA,1,100,1.952184
1755196514.959162,1907810.000,47056,2,EA,1,100,1.952730
1755196515.026163,1907877.000,47056,2,EA,1,100,1.954373
1755196515.092163,1907943.000,47074,1,EA,1,100,1.952184
1755196515.159163,1908010.000,47091,2,EA,1,100,1.953827
1755196515.226164,1908077.000,47091,2,EA,1,100,1.952730
1755196515.292164,1908143.000,47107,1,EA,1,100,1.952184
1755196515.359165,1908210.000,47124,2,EA,1,100,1.951634
1755196515.426165,1908277.000,47124,2,EA,1,100,1.951634
1755196515.492666,1908343.500,47141,2,EA,1,100,1.951089
1755196515.559166,1908410.000,47141,2,EA,1,100,1.951089
1755196515.626167,1908477.000,47157,1,EA,1,100,1.951089
1755196515.692667,1908543.500,47173,2,EA,1,100,1.951089
1755196515.759168,1908610.000,47173,2,EA,1,100,1.949451
1755196515.826168,1908677.000,47189,1,EA,1,100,1.948903
1755196515.892669,1908743.500,47206,2,EA,1,100,1.948903
1755196515.959169,1908810.000,47206,2,EA,1,100,1.948903
1755196516.026170,1908877.000,47222,1,EA,1,100,1.949451
1755196516.092670,1908943.500,47240,2,EA,1,100,1.949451
1755196516.159171,1909010.000,47240,2,EA,1,100,1.949995
1755196516.225171,1909076.000,47256,1,EA,1,100,1.949995
1755196516.292172,1909143.000,47273,2,EA,1,100,1.949451
1755196516.359172,1909210.000,47273,2,EA,1,100,1.949451
1755196516.425172,1909276.000,47290,1,EA,1,100,1.950539
1755196516.492173,1909343.000,47305,2,EA,1,100,1.951089
1755196516.559173,1909410.000,47305,2,EA,1,100,1.949995
1755196516.625174,1909476.000,47321,1,EA,1,100,1.948903
1755196516.692174,1909543.000,47341,2,EA,1,100,1.947811
1755196516.759175,1909610.000,47341,2,EA,1,100,1.949451
1755196516.826175,1909677.000,47357,1,EA,1,100,1.949451
1755196516.892676,1909743.500,47372,2,EA,1,100,1.949995
1755196516.959176,1909810.000,47372,2,EA,1,100,1.949451
1755196517.025177,1909876.000,47388,1,EA,1,100,1.949451
1755196517.091844,1909942.667,47411,3,EA,1,100,1.949451
1755196517.158511,1910009.333,47411,3,EA,1,100,1.948903
1755196517.225178,1910076.000,47411,3,EA,1,100,1.950539
1755196517.292179,1910143.000,47427,1,EA,1,100,1.949451
1755196517.358679,1910209.500,47445,2,EA,1,100,1.949451
1755196517.425180,1910276.000,47445,2,EA,1,100,1.949451
1755196517.492180,1910343.000,47461,1,EA,1,100,1.948903
1755196517.558681,1910409.500,47476,2,EA,1,100,1.949451
1755196517.625181,1910476.000,47476,2,EA,1,100,1.949451
1755196517.692182,1910543.000,47492,1,EA,1,100,1.948359
1755196517.758682,1910609.500,47510,2,EA,1,100,1.949451
1755196517.825182,1910676.000,47510,2,EA,1,100,1.947811
1755196517.892183,1910743.000,47526,1,EA,1,100,1.949451
1755196517.958683,1910809.500,47542,2,EA,1,100,1.950539
1755196518.025184,1910876.000,47542,2,EA,1,100,1.951634
1755196518.092184,1910943.000,47558,2,EA,1,100,1.949451
1755196518.159185,1911010.000,47558,2,EA,1,100,1.946726
1755196518.225185,1911076.000,47575,1,EA,1,100,1.946179
1755196518.292186,1911143.000,47591,2,EA,1,100,1.946726
1755196518.359186,1911210.000,47591,2,EA,1,100,1.945637
1755196518.425187,1911276.000,47609,1,EA,1,100,1.946179
1755196518.492187,1911343.000,47623,2,EA,1,100,1.947268
1755196518.559188,1911410.000,47623,2,EA,1,100,1.947268
1755196518.625188,1911476.000,47640,1,EA,1,100,1.948359
1755196518.692189,1911543.000,47657,2,EA,1,100,1.949451
1755196518.759189,1911610.000,47657,2,EA,1,100,1.947811
1755196518.825190,1911676.000,47676,1,EA,1,100,1.950539
1755196518.892190,1911743.000,47690,2,EA,1,100,1.952730
1755196518.959191,1911810.000,47690,2,EA,1,100,1.951634
1755196519.025191,1911876.000,47709,1,EA,1,100,1.952184
1755196519.092191,1911943.000,47726,2,EA,1,100,1.952184
1755196519.159192,1912010.000,47726,2,EA,1,100,1.953827
1755196519.225192,1912076.000,47743,1,EA,1,100,1.952730
1755196519.291693,1912142.500,47757,2,EA,1,100,1.954925
1755196519.358193,1912209.000,47757,2,EA,1,100,1.952184
1755196519.425194,1912276.000,47775,1,EA,1,100,1.950539
1755196519.491694,1912342.500,47791,2,EA,1,100,1.950539
1755196519.558195,1912409.000,47791,2,EA,1,100,1.951089
1755196519.625195,1912476.000,47808,1,EA,1,100,1.949995
1755196519.691696,1912542.500,47823,2,EA,1,100,1.947268
1755196519.758196,1912609.000,47823,2,EA,1,100,1.948359
1755196519.825197,1912676.000,47840,1,EA,1,100,1.949451
1755196519.891697,1912742.500,47856,2,EA,1,100,1.950539
1755196519.958198,1912809.000,47856,2,EA,1,100,1.951089
1755196520.025198,1912876.000,47873,1,EA,1,100,1.952184
1755196520.091699,1912942.500,47889,2,EA,1,100,1.952730
1755196520.158199,1913009.000,47889,2,EA,1,100,1.952730
1755196520.225200,1913076.000,47905,1,EA,1,100,1.953276
1755196520.291700,1913142.500,47921,2,EA,1,100,1.951634
1755196520.358200,1913209.000,47921,2,EA,1,100,1.953276
1755196520.425201,1913276.000,47939,2,EA,1,100,1.952730
1755196520.492201,1913343.000,47939,2,EA,1,100,1.953827
1755196520.558202,1913409.000,47955,1,EA,1,100,1.953827
1755196520.625202,1913476.000,47970,2,EA,1,100,1.952184
1755196520.692203,1913543.000,47970,2,EA,1,100,1.953276
1755196520.758203,1913609.000,47987,1,EA,1,100,1.953827
1755196520.825204,1913676.000,48004,2,EA,1,100,1.954925
1755196520.892204,1913743.000,48004,2,EA,1,100,1.955472
1755196520.958205,1913809.000,48020,1,EA,1,100,1.953276
1755196521.025205,1913876.000,48036,2,EA,1,100,1.955472
1755196521.092206,1913943.000,48036,2,EA,1,100,1.956019
1755196521.158206,1914009.000,48054,1,EA,1,100,1.957120
1755196521.225207,1914076.000,48071,2,EA,1,100,1.957674
1755196521.292207,1914143.000,48071,2,EA,1,100,1.957674
1755196521.358208,1914209.000,48087,1,EA,1,100,1.957120
1755196521.425208,1914276.000,48103,2,EA,1,100,1.958222
1755196521.492209,1914343.000,48103,2,EA,1,100,1.958222
1755196521.558209,1914409.000,48119,1,EA,1,100,1.957674
1755196521.625209,1914476.000,48136,2,EA,1,100,1.958771
1755196521.692210,1914543.000,48136,2,EA,1,100,1.958771
1755196521.758210,1914609.000,48153,1,EA,1,100,1.958771
1755196521.825211,1914676.000,48168,2,EA,1,100,1.958771
1755196521.892211,1914743.000,48168,2,EA,1,100,1.958771
1755196521.958212,1914809.000,48186,1,EA,1,100,1.959325
1755196522.025212,1914876.000,48204,2,EA,1,100,1.958771
1755196522.092213,1914943.000,48204,2,EA,1,100,1.958771
1755196522.158213,1915009.000,48220,1,EA,1,100,1.960430
1755196522.224880,1915075.667,48241,3,EA,1,100,1.959875
1755196522.291548,1915142.333,48241,3,EA,1,100,1.959875
1755196522.358215,1915209.000,48241,3,EA,1,100,1.959325
1755196522.425215,1915276.000,48258,2,EA,1,100,1.960430
1755196522.492216,1915343.000,48258,2,EA,1,100,1.959325
1755196522.558216,1915409.000,48275,1,EA,1,100,1.959325
1755196522.624717,1915475.500,48289,2,EA,1,100,1.959875
1755196522.691217,1915542.000,48289,2,EA,1,100,1.960430
1755196522.758218,1915609.000,48309,1,EA,1,100,1.959325
1755196522.824718,1915675.500,48325,2,EA,1,100,1.958771
1755196522.891218,1915742.000,48325,2,EA,1,100,1.959325
1755196522.958219,1915809.000,48342,1,EA,1,100,1.959325
1755196523.024719,1915875.500,48357,2,EA,1,100,1.958222
1755196523.091220,1915942.000,48357,2,EA,1,100,1.956019
1755196523.158220,1916009.000,48374,1,EA,1,100,1.958222
1755196523.224721,1916075.500,48390,2,EA,1,100,1.959325
1755196523.291221,1916142.000,48390,2,EA,1,100,1.959325
1755196523.358222,1916209.000,48407,1,EA,1,100,1.957674
1755196523.424722,1916275.500,48422,2,EA,1,100,1.957120
1755196523.491223,1916342.000,48422,2,EA,1,100,1.957674
1755196523.558223,1916409.000,48439,1,EA,1,100,1.963745
1755196523.624724,1916475.500,48455,2,EA,1,100,1.967072
1755196523.691224,1916542.000,48455,2,EA,1,100,1.965407
1755196523.758225,1916609.000,48473,1,EA,1,100,1.963194
1755196523.824725,1916675.500,48489,2,EA,1,100,1.958771
1755196523.891226,1916742.000,48489,2,EA,1,100,1.956019
1755196523.958226,1916809.000,48506,1,EA,1,100,1.958771
1755196524.024727,1916875.500,48523,2,EA,1,100,1.961530
1755196524.091227,1916942.000,48523,2,EA,1,100,1.962086
1755196524.158227,1917009.000,48540,1,EA,1,100,1.961530
1755196524.224728,1917075.500,48555,2,EA,1,100,1.956572
1755196524.291228,1917142.000,48555,2,EA,1,100,1.956572
1755196524.358229,1917209.000,48571,1,EA,1,100,1.962086
1755196524.424729,1917275.500,48588,2,EA,1,100,1.964297
1755196524.491230,1917342.000,48588,2,EA,1,100,1.963194
1755196524.558230,1917409.000,48605,1,EA,1,100,1.953827
1755196524.624731,1917475.500,48620,2,EA,1,100,1.934283
1755196524.691231,1917542.000,48620,2,EA,1,100,1.938595
1755196524.758232,1917609.000,48637,2,EA,1,100,1.959325
1755196524.825232,1917676.000,48637,2,EA,1,100,1.954925
1755196524.891233,1917742.000,48653,1,EA,1,100,1.954373
1755196524.958233,1917809.000,48670,2,EA,1,100,1.961530
1755196525.025234,1917876.000,48670,2,EA,1,100,1.962086
1755196525.091234,1917942.000,48687,1,EA,1,100,1.967072
1755196525.158235,1918009.000,48702,2,EA,1,100,1.972089
1755196525.225235,1918076.000,48702,2,EA,1,100,1.968185
1755196525.291236,1918142.000,48718,1,EA,1,100,1.965407
1755196525.358236,1918209.000,48736,2,EA,1,100,1.965407
1755196525.425236,1918276.000,48736,2,EA,1,100,1.963194
1755196525.491237,1918342.000,48752,1,EA,1,100,1.965966
1755196525.558237,1918409.000,48767,2,EA,1,100,1.967631
1755196525.625238,1918476.000,48767,2,EA,1,100,1.965966
1755196525.691238,1918542.000,48783,1,EA,1,100,1.962086
1755196525.758239,1918609.000,48801,2,EA,1,100,1.957120
1755196525.825239,1918676.000,48801,2,EA,1,100,1.963194
1755196525.891240,1918742.000,48817,1,EA,1,100,1.968745
1755196525.958240,1918809.000,48834,2,EA,1,100,1.967631
1755196526.025241,1918876.000,48834,2,EA,1,100,1.962637
1755196526.091241,1918942.000,48851,1,EA,1,100,1.959325
1755196526.158242,1919009.000,48868,2,EA,1,100,1.964855
1755196526.225242,1919076.000,48868,2,EA,1,100,1.970415
1755196526.291243,1919142.000,48884,1,EA,1,100,1.966519
1755196526.358243,1919209.000,48900,2,EA,1,100,1.962086
1755196526.425244,1919276.000,48900,2,EA,1,100,1.958222
1755196526.491244,1919342.000,48916,1,EA,1,100,1.963194
1755196526.558245,1919409.000,48933,2,EA,1,100,1.968745
1755196526.625245,1919476.000,48933,2,EA,1,100,1.967631
1755196526.691245,1919542.000,48949,1,EA,1,100,1.964855
1755196526.758246,1919609.000,48966,2,EA,1,100,1.961530
1755196526.825246,1919676.000,48966,2,EA,1,100,1.961530
1755196526.891247,1919742.000,48981,1,EA,1,100,1.965407
1755196526.958247,1919809.000,49000,2,EA,1,100,1.967072
1755196527.025248,1919876.000,49000,2,EA,1,100,1.964855
1755196527.091748,1919942.500,49017,2,EA,1,100,1.960980
1755196527.158249,1920009.000,49017,2,EA,1,100,1.957674
1755196527.224249,1920075.000,49034,1,EA,1,100,1.960430
1755196527.291250,1920142.000,49048,2,EA,1,100,1.965407
1755196527.358250,1920209.000,49048,2,EA,1,100,1.964855
1755196527.424751,1920275.500,49071,2,EA,1,100,1.963745
1755196527.491251,1920342.000,49071,2,EA,1,100,1.958771
1755196527.558252,1920409.000,49087,1,EA,1,100,1.958222
1755196527.624752,1920475.500,49104,2,EA,1,100,1.960430
1755196527.691253,1920542.000,49104,2,EA,1,100,1.966519
1755196527.758253,1920609.000,49121,1,EA,1,100,1.965407
1755196527.824754,1920675.500,49138,2,EA,1,100,1.962637
1755196527.891254,1920742.000,49138,2,EA,1,100,1.959325
1755196527.958254,1920809.000,49154,1,EA,1,100,1.961530
1755196528.024755,1920875.500,49172,2,EA,1,100,1.964855
1755196528.091255,1920942.000,49172,2,EA,1,100,1.964855
1755196528.158256,1921009.000,49188,1,EA,1,100,1.962637
1755196528.224756,1921075.500,49204,2,EA,1,100,1.962086
1755196528.291257,1921142.000,49204,2,EA,1,100,1.961530
1755196528.358257,1921209.000,49219,1,EA,1,100,1.961530
1755196528.424758,1921275.500,49237,2,EA,1,100,1.963745
1755196528.491258,1921342.000,49237,2,EA,1,100,1.962637
1755196528.557759,1921408.500,49255,2,EA,1,100,1.962086
1755196528.624259,1921475.000,49255,2,EA,1,100,1.962086
1755196528.691260,1921542.000,49272,1,EA,1,100,1.962637
1755196528.757760,1921608.500,49289,2,EA,1,100,1.963745
1755196528.824261,1921675.000,49289,2,EA,1,100,1.963194
1755196528.891261,1921742.000,49306,1,EA,1,100,1.963194
1755196528.957762,1921808.500,49322,2,EA,1,100,1.964297
1755196529.024262,1921875.000,49322,2,EA,1,100,1.964297
1755196529.091263,1921942.000,49340,1,EA,1,100,1.964297
1755196529.157763,1922008.500,49354,2,EA,1,100,1.964297
1755196529.224263,1922075.000,49354,2,EA,1,100,1.965407
1755196529.291264,1922142.000,49371,1,EA,1,100,1.964855
1755196529.357764,1922208.500,49388,2,EA,1,100,1.965407
1755196529.424265,1922275.000,49388,2,EA,1,100,1.967072
1755196529.491265,1922342.000,49405,1,EA,1,100,1.964855
1755196529.557766,1922408.500,49419,2,EA,1,100,1.965407
1755196529.624266,1922475.000,49419,2,EA,1,100,1.964855
1755196529.691267,1922542.000,49436,1,EA,1,100,1.964855
1755196529.757767,1922608.500,49453,2,EA,1,100,1.965407
1755196529.824268,1922675.000,49453,2,EA,1,100,1.965966
1755196529.891268,1922742.000,49470,1,EA,1,100,1.967072
1755196529.957769,1922808.500,49484,2,EA,1,100,1.967072
1755196530.024269,1922875.000,49484,2,EA,1,100,1.965966
1755196530.091270,1922942.000,49502,1,EA,1,100,1.965407
1755196530.157770,1923008.500,49518,2,EA,1,100,1.966519
1755196530.224271,1923075.000,49518,2,EA,1,100,1.967072
1755196530.291271,1923142.000,49535,1,EA,1,100,1.967072
1755196530.357772,1923208.500,49551,2,EA,1,100,1.966519
1755196530.424272,1923275.000,49551,2,EA,1,100,1.967072
1755196530.491272,1923342.000,49567,1,EA,1,100,1.967631
1755196530.557773,1923408.500,49583,2,EA,1,100,1.967072
1755196530.624273,1923475.000,49583,2,EA,1,100,1.967072
1755196530.690774,1923541.500,49601,2,EA,1,100,1.965966
1755196530.757274,1923608.000,49601,2,EA,1,100,1.965966
1755196530.824275,1923675.000,49617,1,EA,1,100,1.967072
1755196530.890775,1923741.500,49632,2,EA,1,100,1.967072
1755196530.957276,1923808.000,49632,2,EA,1,100,1.965966
1755196531.024276,1923875.000,49648,1,EA,1,100,1.966519
1755196531.090777,1923941.500,49666,2,EA,1,100,1.967072
1755196531.157277,1924008.000,49666,2,EA,1,100,1.967072
1755196531.224278,1924075.000,49682,1,EA,1,100,1.965407
1755196531.290778,1924141.500,49697,2,EA,1,100,1.965407
1755196531.357279,1924208.000,49697,2,EA,1,100,1.966519
1755196531.424279,1924275.000,49714,1,EA,1,100,1.967631
1755196531.490780,1924341.500,49731,2,EA,1,100,1.967072
1755196531.557280,1924408.000,49731,2,EA,1,100,1.967631
1755196531.624281,1924475.000,49747,1,EA,1,100,1.964855
1755196531.690781,1924541.500,49763,2,EA,1,100,1.966519
1755196531.757281,1924608.000,49763,2,EA,1,100,1.965966
1755196531.824282,1924675.000,49779,1,EA,1,100,1.966519
1755196531.890782,1924741.500,49796,2,EA,1,100,1.966519
1755196531.957283,1924808.000,49796,2,EA,1,100,1.967072
1755196532.024283,1924875.000,49812,1,EA,1,100,1.967631
1755196532.090784,1924941.500,49828,2,EA,1,100,1.968745
1755196532.157284,1925008.000,49828,2,EA,1,100,1.968185
1755196532.224285,1925075.000,49844,1,EA,1,100,1.967631
1755196532.290785,1925141.500,49861,2,EA,1,100,1.967072
1755196532.357286,1925208.000,49861,2,EA,1,100,1.965966
1755196532.424286,1925275.000,49878,1,EA,1,100,1.966519
1755196532.490953,1925341.667,49898,3,EA,1,100,1.965407
1755196532.557621,1925408.333,49898,3,EA,1,100,1.967631
1755196532.624288,1925475.000,49898,3,EA,1,100,1.969855
1755196532.691288,1925542.000,49914,1,EA,1,100,1.967631
1755196532.757789,1925608.500,49930,2,EA,1,100,1.968745
1755196532.824289,1925675.000,49930,2,EA,1,100,1.968745
1755196532.890290,1925741.000,49946,1,EA,1,100,1.968745
1755196532.957290,1925808.000,49963,2,EA,1,100,1.968185
1755196533.024291,1925875.000,49963,2,EA,1,100,1.968745
1755196533.090291,1925941.000,49980,1,EA,1,100,1.968745
1755196533.157291,1926008.000,49995,2,EA,1,100,1.967631
1755196533.224292,1926075.000,49995,2,EA,1,100,1.966519
1755196533.290292,1926141.000,50013,1,EA,1,100,1.967631
1755196533.357293,1926208.000,50031,2,EA,1,100,1.968745
1755196533.424293,1926275.000,50031,2,EA,1,100,1.971532
1755196533.491294,1926342.000,50047,1,EA,1,100,1.969855
1755196533.557794,1926408.500,50062,2,EA,1,100,1.967631
1755196533.624295,1926475.000,50062,2,EA,1,100,1.967631
1755196533.690295,1926541.000,50078,1,EA,1,100,1.969300
1755196533.757296,1926608.000,50098,2,EA,1,100,1.969855
1755196533.824296,1926675.000,50098,2,EA,1,100,1.970415
1755196533.890297,1926741.000,50114,1,EA,1,100,1.969855
1755196533.957297,1926808.000,50130,2,EA,1,100,1.968745
1755196534.024298,1926875.000,50130,2,EA,1,100,1.967631
1755196534.090798,1926941.500,50148,2,EA,1,100,1.967631
1755196534.157299,1927008.000,50148,2,EA,1,100,1.968745
1755196534.224299,1927075.000,50165,1,EA,1,100,1.967631
1755196534.290800,1927141.500,50181,2,EA,1,100,1.968185
1755196534.357300,1927208.000,50181,2,EA,1,100,1.968185
1755196534.424300,1927275.000,50199,1,EA,1,100,1.968745
1755196534.490801,1927341.500,50213,2,EA,1,100,1.969300
1755196534.557301,1927408.000,50213,2,EA,1,100,1.968185
1755196534.624302,1927475.000,50230,1,EA,1,100,1.969300
1755196534.690802,1927541.500,50249,2,EA,1,100,1.968185
1755196534.757303,1927608.000,50249,2,EA,1,100,1.967631
1755196534.824303,1927675.000,50266,1,EA,1,100,1.968185
1755196534.890804,1927741.500,50280,2,EA,1,100,1.968185
1755196534.957304,1927808.000,50280,2,EA,1,100,1.968745
1755196535.024305,1927875.000,50297,1,EA,1,100,1.968185
1755196535.090805,1927941.500,50314,2,EA,1,100,1.969300
1755196535.157306,1928008.000,50314,2,EA,1,100,1.969855
1755196535.224306,1928075.000,50331,1,EA,1,100,1.968185
1755196535.290807,1928141.500,50345,2,EA,1,100,1.967072
1755196535.357307,1928208.000,50345,2,EA,1,100,1.967631
1755196535.424308,1928275.000,50365,1,EA,1,100,1.970415
1755196535.490808,1928341.500,50381,2,EA,1,100,1.969300
1755196535.557309,1928408.000,50381,2,EA,1,100,1.969300
1755196535.624309,1928475.000,50398,1,EA,1,100,1.969300
1755196535.690809,1928541.500,50413,2,EA,1,100,1.969855
1755196535.757310,1928608.000,50413,2,EA,1,100,1.969300
1755196535.824310,1928675.000,50430,1,EA,1,100,1.970415
1755196535.890811,1928741.500,50446,2,EA,1,100,1.969855
1755196535.957311,1928808.000,50446,2,EA,1,100,1.970415
1755196536.024312,1928875.000,50463,1,EA,1,100,1.970971
1755196536.090812,1928941.500,50479,2,EA,1,100,1.969300
1755196536.157313,1929008.000,50479,2,EA,1,100,1.968745
1755196536.224313,1929075.000,50495,1,EA,1,100,1.969855
1755196536.290814,1929141.500,50511,2,EA,1,100,1.970415
1755196536.357314,1929208.000,50511,2,EA,1,100,1.969855
1755196536.423815,1929274.500,50529,2,EA,1,100,1.969300
1755196536.490315,1929341.000,50529,2,EA,1,100,1.969855
1755196536.557316,1929408.000,50547,1,EA,1,100,1.969855
1755196536.623816,1929474.500,50562,2,EA,1,100,1.969855
1755196536.690317,1929541.000,50562,2,EA,1,100,1.969855
1755196536.757317,1929608.000,50579,1,EA,1,100,1.970971
1755196536.823818,1929674.500,50596,2,EA,1,100,1.970971
1755196536.890318,1929741.000,50596,2,EA,1,100,1.972089
1755196536.957318,1929808.000,50612,1,EA,1,100,1.970415
1755196537.023819,1929874.500,50628,2,EA,1,100,1.969855
1755196537.090319,1929941.000,50628,2,EA,1,100,1.971532
1755196537.157320,1930008.000,50644,1,EA,1,100,1.970971
1755196537.223820,1930074.500,50661,2,EA,1,100,1.971532
1755196537.290321,1930141.000,50661,2,EA,1,100,1.970415
1755196537.357321,1930208.000,50677,1,EA,1,100,1.969855
1755196537.423822,1930274.500,50693,2,EA,1,100,1.970415
1755196537.490322,1930341.000,50693,2,EA,1,100,1.969855
1755196537.557323,1930408.000,50709,1,EA,1,100,1.970971
1755196537.623990,1930474.667,50730,3,EA,1,100,1.970415
1755196537.690657,1930541.333,50730,3,EA,1,100,1.970415
1755196537.757324,1930608.000,50730,3,EA,1,100,1.968745
1755196537.823325,1930674.000,50746,1,EA,1,100,1.970415
1755196537.890325,1930741.000,50763,2,EA,1,100,1.969855
1755196537.957326,1930808.000,50763,2,EA,1,100,1.972089
1755196538.023326,1930874.000,50779,1,EA,1,100,1.970971
1755196538.090327,1930941.000,50797,2,EA,1,100,1.970415
1755196538.157327,1931008.000,50797,2,EA,1,100,1.971532
1755196538.223327,1931074.000,50813,1,EA,1,100,1.970971
1755196538.290328,1931141.000,50830,2,EA,1,100,1.972645
1755196538.357328,1931208.000,50830,2,EA,1,100,1.972089
1755196538.423329,1931274.000,50847,1,EA,1,100,1.971532
1755196538.490329,1931341.000,50862,2,EA,1,100,1.972645
1755196538.557330,1931408.000,50862,2,EA,1,100,1.970971
1755196538.623330,1931474.000,50878,1,EA,1,100,1.971532
1755196538.690331,1931541.000,50896,2,EA,1,100,1.971532
1755196538.757331,1931608.000,50896,2,EA,1,100,1.972089
1755196538.823332,1931674.000,50914,1,EA,1,100,1.972645
1755196538.890332,1931741.000,50929,2,EA,1,100,1.972645
1755196538.957333,1931808.000,50929,2,EA,1,100,1.973208
1755196539.023333,1931874.000,50945,1,EA,1,100,1.973208
1755196539.090334,1931941.000,50965,2,EA,1,100,1.974328
1755196539.157334,1932008.000,50965,2,EA,1,100,1.973765
1755196539.223335,1932074.000,50981,1,EA,1,100,1.973208
1755196539.290335,1932141.000,50996,2,EA,1,100,1.975444
1755196539.357336,1932208.000,50996,2,EA,1,100,1.974328
1755196539.423336,1932274.000,51013,1,EA,1,100,1.973765
1755196539.489836,1932340.500,51030,2,EA,1,100,1.973765
1755196539.556337,1932407.000,51030,2,EA,1,100,1.973765
1755196539.623337,1932474.000,51046,1,EA,1,100,1.974328
1755196539.689838,1932540.500,51063,2,EA,1,100,1.975444
1755196539.756338,1932607.000,51063,2,EA,1,100,1.974886
1755196539.823339,1932674.000,51078,2,EA,1,100,1.975444
1755196539.890339,1932741.000,51078,2,EA,1,100,1.976008
1755196539.957340,1932808.000,51095,1,EA,1,100,1.976008
1755196540.023840,1932874.500,51114,2,EA,1,100,1.976008
1755196540.090341,1932941.000,51114,2,EA,1,100,1.975444
1755196540.157341,1933008.000,51131,1,EA,1,100,1.975444
1755196540.223842,1933074.500,51145,2,EA,1,100,1.977131
1755196540.290342,1933141.000,51145,2,EA,1,100,1.977131
1755196540.356343,1933207.000,51162,1,EA,1,100,1.976008
1755196540.423343,1933274.000,51179,2,EA,1,100,1.979376
1755196540.490344,1933341.000,51179,2,EA,1,100,1.976567
1755196540.556344,1933407.000,51196,1,EA,1,100,1.977131
1755196540.623345,1933474.000,51210,2,EA,1,100,1.978250
1755196540.690345,1933541.000,51210,2,EA,1,100,1.978816
1755196540.756345,1933607.000,51228,1,EA,1,100,1.978816
1755196540.823346,1933674.000,51246,2,EA,1,100,1.978816
1755196540.890346,1933741.000,51246,2,EA,1,100,1.978816
1755196540.956347,1933807.000,51263,1,EA,1,100,1.978816
1755196541.023347,1933874.000,51278,2,EA,1,100,1.979942
1755196541.090348,1933941.000,51278,2,EA,1,100,1.976567
1755196541.156348,1934007.000,51295,1,EA,1,100,1.973208
1755196541.223349,1934074.000,51311,2,EA,1,100,1.975444
1755196541.290349,1934141.000,51311,2,EA,1,100,1.977691
1755196541.356350,1934207.000,51328,1,EA,1,100,1.976008
1755196541.423350,1934274.000,51343,2,EA,1,100,1.973208
1755196541.490351,1934341.000,51343,2,EA,1,100,1.972089
1755196541.556351,1934407.000,51360,1,EA,1,100,1.974328
1755196541.623352,1934474.000,51378,2,EA,1,100,1.974328
1755196541.690352,1934541.000,51378,2,EA,1,100,1.973765
1755196541.756353,1934607.000,51396,1,EA,1,100,1.975444
1755196541.823353,1934674.000,51411,2,EA,1,100,1.975444
1755196541.890354,1934741.000,51411,2,EA,1,100,1.974328
1755196541.956354,1934807.000,51427,1,EA,1,100,1.975444
1755196542.023354,1934874.000,51444,2,EA,1,100,1.975444
1755196542.090355,1934941.000,51444,2,EA,1,100,1.974886
1755196542.156355,1935007.000,51461,1,EA,1,100,1.976008
1755196542.223356,1935074.000,51476,2,EA,1,100,1.975444
1755196542.290356,1935141.000,51476,2,EA,1,100,1.976008
1755196542.356857,1935207.500,51493,2,EA,1,100,1.976008
1755196542.423357,1935274.000,51493,2,EA,1,100,1.976008
1755196542.490358,1935341.000,51509,1,EA,1,100,1.976567
1755196542.556858,1935407.500,51526,2,EA,1,100,1.977131
1755196542.623359,1935474.000,51526,2,EA,1,100,1.976008
1755196542.689359,1935540.000,51542,1,EA,1,100,1.978250
1755196542.756360,1935607.000,51565,2,EA,1,100,1.977131
1755196542.823360,1935674.000,51565,2,EA,1,100,1.977131
1755196542.889861,1935740.500,51581,2,EA,1,100,1.978250
1755196542.956361,1935807.000,51581,2,EA,1,100,1.978250
1755196543.023362,1935874.000,51597,1,EA,1,100,1.978816
1755196543.089862,1935940.500,51614,2,EA,1,100,1.977691
1755196543.156363,1936007.000,51614,2,EA,1,100,1.978250
1755196543.223363,1936074.000,51631,1,EA,1,100,1.978816
1755196543.289863,1936140.500,51646,2,EA,1,100,1.978816
1755196543.356364,1936207.000,51646,2,EA,1,100,1.978250
1755196543.422864,1936273.500,51663,2,EA,1,100,1.978816
1755196543.489365,1936340.000,51663,2,EA,1,100,1.978816
1755196543.556365,1936407.000,51679,1,EA,1,100,1.978816
1755196543.623366,1936474.000,51696,2,EA,1,100,1.978250
1755196543.690366,1936541.000,51696,2,EA,1,100,1.975444
1755196543.756367,1936607.000,51713,1,EA,1,100,1.976008
1755196543.822867,1936673.500,51732,2,EA,1,100,1.977131
1755196543.889368,1936740.000,51732,2,EA,1,100,1.977691
1755196543.956368,1936807.000,51748,1,EA,1,100,1.978816
1755196544.022869,1936873.500,51766,2,EA,1,100,1.980503
1755196544.089369,1936940.000,51766,2,EA,1,100,1.980503
1755196544.156370,1937007.000,51782,1,EA,1,100,1.980503
1755196544.222870,1937073.500,51797,2,EA,1,100,1.981065
1755196544.289371,1937140.000,51797,2,EA,1,100,1.980503
1755196544.356371,1937207.000,51813,1,EA,1,100,1.979942
1755196544.422872,1937273.500,51831,2,EA,1,100,1.979376
1755196544.489372,1937340.000,51831,2,EA,1,100,1.979942
1755196544.556372,1937407.000,51847,1,EA,1,100,1.979376
1755196544.622873,1937473.500,51862,2,EA,1,100,1.979942
1755196544.689373,1937540.000,51862,2,EA,1,100,1.979942
1755196544.756374,1937607.000,51879,1,EA,1,100,1.980503
1755196544.822874,1937673.500,51896,2,EA,1,100,1.979942
1755196544.889375,1937740.000,51896,2,EA,1,100,1.979376
1755196544.956375,1937807.000,51912,1,EA,1,100,1.978816
1755196545.022876,1937873.500,51928,2,EA,1,100,1.978816
1755196545.089376,1937940.000,51928,2,EA,1,100,1.979376
1755196545.156377,1938007.000,51944,1,EA,1,100,1.979376
1755196545.222877,1938073.500,51961,2,EA,1,100,1.978816
1755196545.289378,1938140.000,51961,2,EA,1,100,1.978250
1755196545.356378,1938207.000,51977,1,EA,1,100,1.978250
1755196545.422879,1938273.500,51994,2,EA,1,100,1.977691
1755196545.489379,1938340.000,51994,2,EA,1,100,1.977691
1755196545.556380,1938407.000,52009,1,EA,1,100,1.978816
1755196545.622880,1938473.500,52028,2,EA,1,100,1.978250
1755196545.689381,1938540.000,52028,2,EA,1,100,1.979376
1755196545.756381,1938607.000,52045,2,EA,1,100,1.979376
1755196545.823381,1938674.000,52045,2,EA,1,100,1.979376
1755196545.889382,1938740.000,52062,1,EA,1,100,1.979942
1755196545.955882,1938806.500,52076,2,EA,1,100,1.980503
1755196546.022383,1938873.000,52076,2,EA,1,100,1.980503
1755196546.089383,1938940.000,52094,1,EA,1,100,1.981065
1755196546.156384,1939007.000,52110,2,EA,1,100,1.980503
1755196546.223384,1939074.000,52110,2,EA,1,100,1.980503
1755196546.289385,1939140.000,52127,1,EA,1,100,1.981065
1755196546.355885,1939206.500,52144,2,EA,1,100,1.979376
1755196546.422386,1939273.000,52144,2,EA,1,100,1.979942
1755196546.489386,1939340.000,52161,1,EA,1,100,1.979942
1755196546.555887,1939406.500,52177,2,EA,1,100,1.979942
1755196546.622387,1939473.000,52177,2,EA,1,100,1.980503
1755196546.689388,1939540.000,52194,1,EA,1,100,1.978816
1755196546.755888,1939606.500,52209,2,EA,1,100,1.977691
1755196546.822389,1939673.000,52209,2,EA,1,100,1.979942
1755196546.889389,1939740.000,52226,1,EA,1,100,1.983324
1755196546.955890,1939806.500,52242,2,EA,1,100,1.983324
1755196547.022390,1939873.000,52242,2,EA,1,100,1.982194
1755196547.089390,1939940.000,52260,1,EA,1,100,1.982194
1755196547.155891,1940006.500,52274,2,EA,1,100,1.982194
1755196547.222391,1940073.000,52274,2,EA,1,100,1.981632
1755196547.289392,1940140.000,52291,1,EA,1,100,1.980503
1755196547.355892,1940206.500,52308,2,EA,1,100,1.980503
1755196547.422393,1940273.000,52308,2,EA,1,100,1.981632
1755196547.489393,1940340.000,52325,1,EA,1,100,1.979942
1755196547.555894,1940406.500,52340,2,EA,1,100,1.981632
1755196547.622394,1940473.000,52340,2,EA,1,100,1.981632
1755196547.689395,1940540.000,52356,1,EA,1,100,1.980503
1755196547.755895,1940606.500,52373,2,EA,1,100,1.977691
1755196547.822396,1940673.000,52373,2,EA,1,100,1.979942
1755196547.889396,1940740.000,52395,2,EA,1,100,1.982194
1755196547.956397,1940807.000,52395,2,EA,1,100,1.982762
1755196548.022897,1940873.500,52412,2,EA,1,100,1.984456
1755196548.089398,1940940.000,52412,2,EA,1,100,1.983887
1755196548.156398,1941007.000,52429,1,EA,1,100,1.982762
1755196548.222899,1941073.500,52443,2,EA,1,100,1.983324
1755196548.289399,1941140.000,52443,2,EA,1,100,1.982194
1755196548.356400,1941207.000,52460,1,EA,1,100,1.983324
1755196548.422900,1941273.500,52477,2,EA,1,100,1.985589
1755196548.489400,1941340.000,52477,2,EA,1,100,1.984456
1755196548.556401,1941407.000,52494,1,EA,1,100,1.983887
1755196548.622901,1941473.500,52508,2,EA,1,100,1.981632
1755196548.689402,1941540.000,52508,2,EA,1,100,1.979376
1755196548.756402,1941607.000,52526,1,EA,1,100,1.980503
1755196548.822903,1941673.500,52544,2,EA,1,100,1.981632
1755196548.889403,1941740.000,52544,2,EA,1,100,1.983324
1755196548.956404,1941807.000,52561,1,EA,1,100,1.983324
1755196549.022904,1941873.500,52579,2,EA,1,100,1.981065
1755196549.089405,1941940.000,52579,2,EA,1,100,1.979376
1755196549.156405,1942007.000,52595,1,EA,1,100,1.980503
1755196549.222906,1942073.500,52611,2,EA,1,100,1.980503
1755196549.289406,1942140.000,52611,2,EA,1,100,1.980503
1755196549.356407,1942207.000,52628,1,EA,1,100,1.981632
1755196549.422907,1942273.500,52644,2,EA,1,100,1.981065
1755196549.489408,1942340.000,52644,2,EA,1,100,1.981632
1755196549.555908,1942406.500,52660,2,EA,1,100,1.982194
1755196549.622409,1942473.000,52660,2,EA,1,100,1.982194
1755196549.689409,1942540.000,52676,1,EA,1,100,1.981632
1755196549.755909,1942606.500,52694,2,EA,1,100,1.979942
1755196549.822410,1942673.000,52694,2,EA,1,100,1.979376
1755196549.889410,1942740.000,52710,1,EA,1,100,1.982194
1755196549.955911,1942806.500,52725,2,EA,1,100,1.982762
1755196550.022411,1942873.000,52725,2,EA,1,100,1.981632
1755196550.089412,1942940.000,52742,1,EA,1,100,1.979376
1755196550.155912,1943006.500,52759,2,EA,1,100,1.979942
1755196550.222413,1943073.000,52759,2,EA,1,100,1.981632
1755196550.289413,1943140.000,52775,1,EA,1,100,1.982194
1755196550.355914,1943206.500,52791,2,EA,1,100,1.982762
1755196550.422414,1943273.000,52791,2,EA,1,100,1.980503
1755196550.489415,1943340.000,52807,1,EA,1,100,1.982762
1755196550.555915,1943406.500,52824,2,EA,1,100,1.982762
1755196550.622416,1943473.000,52824,2,EA,1,100,1.982194
1755196550.689416,1943540.000,52840,1,EA,1,100,1.981065
1755196550.755917,1943606.500,52856,2,EA,1,100,1.982762
1755196550.822417,1943673.000,52856,2,EA,1,100,1.981065
1755196550.889418,1943740.000,52872,1,EA,1,100,1.981632
1755196550.955918,1943806.500,52891,2,EA,1,100,1.981065
1755196551.022418,1943873.000,52891,2,EA,1,100,1.981065
1755196551.089419,1943940.000,52908,1,EA,1,100,1.982194
1755196551.155919,1944006.500,52923,2,EA,1,100,1.982762
1755196551.222420,1944073.000,52923,2,EA,1,100,1.981632
1755196551.289420,1944140.000,52939,1,EA,1,100,1.980503
1755196551.355921,1944206.500,52957,2,EA,1,100,1.982762
1755196551.422421,1944273.000,52957,2,EA,1,100,1.981632
1755196551.489422,1944340.000,52973,1,EA,1,100,1.982194
1755196551.555922,1944406.500,52991,2,EA,1,100,1.981632
1755196551.622423,1944473.000,52991,2,EA,1,100,1.982762
1755196551.689423,1944540.000,53006,1,EA,1,100,1.982762
1755196551.755924,1944606.500,53024,2,EA,1,100,1.982762
1755196551.822424,1944673.000,53024,2,EA,1,100,1.982194
1755196551.888925,1944739.500,53040,2,EA,1,100,1.982762
1755196551.955425,1944806.000,53040,2,EA,1,100,1.982762
1755196552.022426,1944873.000,53057,1,EA,1,100,1.983887
1755196552.088926,1944939.500,53072,2,EA,1,100,1.981632
1755196552.155427,1945006.000,53072,2,EA,1,100,1.982194
1755196552.222427,1945073.000,53089,1,EA,1,100,1.982194
1755196552.288927,1945139.500,53105,2,EA,1,100,1.982762
1755196552.355428,1945206.000,53105,2,EA,1,100,1.983324
1755196552.422428,1945273.000,53123,1,EA,1,100,1.982194
1755196552.488929,1945339.500,53137,2,EA,1,100,1.982194
1755196552.555429,1945406.000,53137,2,EA,1,100,1.982762
1755196552.622430,1945473.000,53154,1,EA,1,100,1.984456
1755196552.688930,1945539.500,53171,2,EA,1,100,1.983324
1755196552.755431,1945606.000,53171,2,EA,1,100,1.982762
1755196552.822431,1945673.000,53188,1,EA,1,100,1.982194
1755196552.888932,1945739.500,53202,2,EA,1,100,1.983887
1755196552.955432,1945806.000,53202,2,EA,1,100,1.983324
1755196553.021933,1945872.500,53225,2,EA,1,100,1.982762
1755196553.088433,1945939.000,53225,2,EA,1,100,1.983324
1755196553.155434,1946006.000,53241,2,EA,1,100,1.984456
1755196553.222434,1946073.000,53241,2,EA,1,100,1.982762
1755196553.288435,1946139.000,53258,1,EA,1,100,1.982762
1755196553.355435,1946206.000,53275,2,EA,1,100,1.983324
1755196553.422436,1946273.000,53275,2,EA,1,100,1.982762
1755196553.488436,1946339.000,53292,1,EA,1,100,1.983887
1755196553.555436,1946406.000,53306,2,EA,1,100,1.984456
1755196553.622437,1946473.000,53306,2,EA,1,100,1.986153
1755196553.688437,1946539.000,53323,1,EA,1,100,1.984456
1755196553.755438,1946606.000,53342,2,EA,1,100,1.982762
1755196553.822438,1946673.000,53342,2,EA,1,100,1.981065
1755196553.888439,1946739.000,53359,1,EA,1,100,1.973765
1755196553.955439,1946806.000,53373,2,EA,1,100,1.974328
1755196554.022440,1946873.000,53373,2,EA,1,100,1.978816
1755196554.088440,1946939.000,53391,1,EA,1,100,1.981632
1755196554.155441,1947006.000,53407,2,EA,1,100,1.983887
1755196554.222441,1947073.000,53407,2,EA,1,100,1.984456
1755196554.288442,1947139.000,53424,1,EA,1,100,1.983887
1755196554.355442,1947206.000,53439,2,EA,1,100,1.983887
1755196554.422443,1947273.000,53439,2,EA,1,100,1.982194
1755196554.488443,1947339.000,53456,1,EA,1,100,1.978816
1755196554.555444,1947406.000,53472,2,EA,1,100,1.980503
1755196554.622444,1947473.000,53472,2,EA,1,100,1.983887
1755196554.688445,1947539.000,53489,1,EA,1,100,1.984456
1755196554.755445,1947606.000,53504,2,EA,1,100,1.981632
1755196554.822445,1947673.000,53504,2,EA,1,100,1.982194
1755196554.888446,1947739.000,53521,1,EA,1,100,1.982762
1755196554.955446,1947806.000,53537,2,EA,1,100,1.983324
1755196555.022447,1947873.000,53537,2,EA,1,100,1.983324
1755196555.088447,1947939.000,53555,1,EA,1,100,1.983324
1755196555.155448,1948006.000,53569,2,EA,1,100,1.984456
1755196555.222448,1948073.000,53569,2,EA,1,100,1.983324
1755196555.288449,1948139.000,53586,1,EA,1,100,1.984456
1755196555.355449,1948206.000,53603,2,EA,1,100,1.985020
1755196555.422450,1948273.000,53603,2,EA,1,100,1.983887
1755196555.488950,1948339.500,53620,2,EA,1,100,1.983887
1755196555.555451,1948406.000,53620,2,EA,1,100,1.983887
1755196555.622451,1948473.000,53636,1,EA,1,100,1.984456
1755196555.688952,1948539.500,53652,2,EA,1,100,1.985020
1755196555.755452,1948606.000,53652,2,EA,1,100,1.985020
1755196555.822453,1948673.000,53668,1,EA,1,100,1.984456
1755196555.888953,1948739.500,53685,2,EA,1,100,1.983887
1755196555.955454,1948806.000,53685,2,EA,1,100,1.983887
1755196556.021454,1948872.000,53701,1,EA,1,100,1.983887
1755196556.088454,1948939.000,53717,2,EA,1,100,1.984456
1755196556.155455,1949006.000,53717,2,EA,1,100,1.982762
1755196556.222455,1949073.000,53733,1,EA,1,100,1.982762
1755196556.288956,1949139.500,53750,2,EA,1,100,1.982762
1755196556.355456,1949206.000,53750,2,EA,1,100,1.983887
1755196556.421457,1949272.000,53767,1,EA,1,100,1.983887
1755196556.488457,1949339.000,53782,2,EA,1,100,1.983324
1755196556.555458,1949406.000,53782,2,EA,1,100,1.982762
1755196556.621458,1949472.000,53798,1,EA,1,100,1.983324
1755196556.688459,1949539.000,53816,2,EA,1,100,1.983324
1755196556.755459,1949606.000,53816,2,EA,1,100,1.983887
1755196556.821460,1949672.000,53832,1,EA,1,100,1.982194
1755196556.888460,1949739.000,53847,2,EA,1,100,1.983324
1755196556.955461,1949806.000,53847,2,EA,1,100,1.982762
1755196557.021461,1949872.000,53865,1,EA,1,100,1.983324
1755196557.088462,1949939.000,53883,2,EA,1,100,1.983887
1755196557.155462,1950006.000,53883,2,EA,1,100,1.983887
1755196557.221463,1950072.000,53899,1,EA,1,100,1.982194
1755196557.288463,1950139.000,53914,2,EA,1,100,1.983324
1755196557.355463,1950206.000,53914,2,EA,1,100,1.983887
1755196557.421464,1950272.000,53931,1,EA,1,100,1.984456
1755196557.488464,1950339.000,53948,2,EA,1,100,1.983887
1755196557.555465,1950406.000,53948,2,EA,1,100,1.982762
1755196557.621465,1950472.000,53964,1,EA,1,100,1.984456
1755196557.688466,1950539.000,53983,2,EA,1,100,1.985589
1755196557.755466,1950606.000,53983,2,EA,1,100,1.984456
1755196557.821467,1950672.000,53998,1,EA,1,100,1.985020
1755196557.888467,1950739.000,54015,2,EA,1,100,1.984456
1755196557.955468,1950806.000,54015,2,EA,1,100,1.983887
1755196558.021968,1950872.500,54032,2,EA,1,100,1.984456
1755196558.088469,1950939.000,54032,2,EA,1,100,1.985020
1755196558.154969,1951005.500,54054,2,EA,1,100,1.985589
1755196558.221470,1951072.000,54054,2,EA,1,100,1.986153
1755196558.288470,1951139.000,54070,1,EA,1,100,1.985589
1755196558.354971,1951205.500,54086,2,EA,1,100,1.986718
1755196558.421471,1951272.000,54086,2,EA,1,100,1.986718
1755196558.488472,1951339.000,54102,1,EA,1,100,1.986718
1755196558.554972,1951405.500,54119,2,EA,1,100,1.987288
1755196558.621472,1951472.000,54119,2,EA,1,100,1.986718
1755196558.688473,1951539.000,54135,1,EA,1,100,1.987288
1755196558.754973,1951605.500,54154,2,EA,1,100,1.986718
1755196558.821474,1951672.000,54154,2,EA,1,100,1.988424
1755196558.888474,1951739.000,54169,1,EA,1,100,1.989556
1755196558.954975,1951805.500,54186,2,EA,1,100,1.988990
1755196559.021475,1951872.000,54186,2,EA,1,100,1.988990
1755196559.088476,1951939.000,54203,1,EA,1,100,1.989556
1755196559.154976,1952005.500,54219,2,EA,1,100,1.989556
1755196559.221477,1952072.000,54219,2,EA,1,100,1.990128
1755196559.287977,1952138.500,54234,2,EA,1,100,1.989556
1755196559.354478,1952205.000,54234,2,EA,1,100,1.988990
1755196559.421478,1952272.000,54252,1,EA,1,100,1.989556
1755196559.487979,1952338.500,54268,2,EA,1,100,1.989556
1755196559.554479,1952405.000,54268,2,EA,1,100,1.989556
1755196559.621480,1952472.000,54285,1,EA,1,100,1.988990
1755196559.687980,1952538.500,54300,2,EA,1,100,1.986718
1755196559.754481,1952605.000,54300,2,EA,1,100,1.988990
1755196559.821481,1952672.000,54317,1,EA,1,100,1.987853
1755196559.887981,1952738.500,54333,2,EA,1,100,1.987288
1755196559.954482,1952805.000,54333,2,EA,1,100,1.988990
1755196560.021482,1952872.000,54350,1,EA,1,100,1.990128
1755196560.087983,1952938.500,54365,2,EA,1,100,1.989556
1755196560.154483,1953005.000,54365,2,EA,1,100,1.990695
1755196560.221484,1953072.000,54382,1,EA,1,100,1.991268
1755196560.287984,1953138.500,54398,2,EA,1,100,1.991835
1755196560.354485,1953205.000,54398,2,EA,1,100,1.990128
1755196560.421485,1953272.000,54416,1,EA,1,100,1.991268
1755196560.487986,1953338.500,54430,2,EA,1,100,1.991835
1755196560.554486,1953405.000,54430,2,EA,1,100,1.991835
1755196560.621487,1953472.000,54447,1,EA,1,100,1.993545
1755196560.687987,1953538.500,54464,2,EA,1,100,1.986153
1755196560.754488,1953605.000,54464,2,EA,1,100,1.983887
1755196560.821488,1953672.000,54481,1,EA,1,100,1.986153
1755196560.887989,1953738.500,54495,2,EA,1,100,1.988424
1755196560.954489,1953805.000,54495,2,EA,1,100,1.990695
1755196561.021490,1953872.000,54512,1,EA,1,100,1.992403
1755196561.087990,1953938.500,54529,2,EA,1,100,1.992403
1755196561.154490,1954005.000,54529,2,EA,1,100,1.992403
1755196561.221491,1954072.000,54546,1,EA,1,100,1.991835
1755196561.287991,1954138.500,54561,2,EA,1,100,1.992403
1755196561.354492,1954205.000,54561,2,EA,1,100,1.993545
1755196561.421492,1954272.000,54578,1,EA,1,100,1.994120
1755196561.487993,1954338.500,54594,2,EA,1,100,1.992403
1755196561.554493,1954405.000,54594,2,EA,1,100,1.993545
1755196561.621494,1954472.000,54611,2,EA,1,100,1.993545
1755196561.688494,1954539.000,54611,2,EA,1,100,1.992403
1755196561.754495,1954605.000,54628,1,EA,1,100,1.992977
1755196561.821495,1954672.000,54643,2,EA,1,100,1.992403
1755196561.888496,1954739.000,54643,2,EA,1,100,1.992403
1755196561.954496,1954805.000,54659,1,EA,1,100,1.992977
1755196562.021497,1954872.000,54677,2,EA,1,100,1.992403
1755196562.088497,1954939.000,54677,2,EA,1,100,1.993545
1755196562.154498,1955005.000,54693,1,EA,1,100,1.993545
1755196562.221498,1955072.000,54708,2,EA,1,100,1.994120
1755196562.288499,1955139.000,54708,2,EA,1,100,1.994120
1755196562.354499,1955205.000,54724,1,EA,1,100,1.992403
1755196562.421499,1955272.000,54744,2,EA,1,100,1.992403
1755196562.488500,1955339.000,54744,2,EA,1,100,1.991835
1755196562.554500,1955405.000,54760,1,EA,1,100,1.991835
1755196562.621001,1955471.500,54775,2,EA,1,100,1.992977
1755196562.687501,1955538.000,54775,2,EA,1,100,1.992977
1755196562.754502,1955605.000,54792,1,EA,1,100,1.992977
1755196562.821002,1955671.500,54809,2,EA,1,100,1.994689
1755196562.887503,1955738.000,54809,2,EA,1,100,1.992977
1755196562.954503,1955805.000,54825,1,EA,1,100,1.991835
1755196563.021504,1955872.000,54841,2,EA,1,100,1.992977
1755196563.088504,1955939.000,54841,2,EA,1,100,1.992403
1755196563.154505,1956005.000,54859,1,EA,1,100,1.994120
1755196563.221172,1956071.667,54881,3,EA,1,100,1.994120
1755196563.287839,1956138.333,54881,3,EA,1,100,1.994689
1755196563.354506,1956205.000,54881,3,EA,1,100,1.994689
1755196563.421507,1956272.000,54898,1,EA,1,100,1.990695
1755196563.488007,1956338.500,54915,2,EA,1,100,2.037895
1755196563.554508,1956405.000,54915,2,EA,1,100,2.041478
1755196563.621508,1956472.000,54931,1,EA,1,100,2.006760
1755196563.688009,1956538.500,54947,2,EA,1,100,1.996403
1755196563.754509,1956605.000,54947,2,EA,1,100,1.996403
1755196563.821509,1956672.000,54965,1,EA,1,100,1.994689
1755196563.888010,1956738.500,54982,2,EA,1,100,1.995258
1755196563.954510,1956805.000,54982,2,EA,1,100,1.996403
1755196564.021511,1956872.000,54998,1,EA,1,100,2.000420
1755196564.088011,1956938.500,55014,2,EA,1,100,2.000992
1755196564.154512,1957005.000,55014,2,EA,1,100,1.999847
1755196564.221512,1957072.000,55030,1,EA,1,100,1.997550
1755196564.288013,1957138.500,55047,2,EA,1,100,1.998121
1755196564.354513,1957205.000,55047,2,EA,1,100,2.000420
1755196564.421514,1957272.000,55064,1,EA,1,100,1.998121
1755196564.488014,1957338.500,55079,2,EA,1,100,1.996979
1755196564.554515,1957405.000,55079,2,EA,1,100,1.992403
1755196564.621515,1957472.000,55095,1,EA,1,100,1.993545
1755196564.688016,1957538.500,55113,2,EA,1,100,1.993545
1755196564.754516,1957605.000,55113,2,EA,1,100,1.991835
1755196564.821517,1957672.000,55129,1,EA,1,100,1.991268
1755196564.888017,1957738.500,55144,2,EA,1,100,1.991268
1755196564.954518,1957805.000,55144,2,EA,1,100,1.992403
1755196565.021518,1957872.000,55160,1,EA,1,100,1.994120
1755196565.088018,1957938.500,55178,2,EA,1,100,1.996979
1755196565.154519,1958005.000,55178,2,EA,1,100,1.998121
1755196565.221519,1958072.000,55194,1,EA,1,100,1.999847
1755196565.288020,1958138.500,55210,2,EA,1,100,1.998698
1755196565.354520,1958205.000,55210,2,EA,1,100,1.998121
1755196565.421521,1958272.000,55226,1,EA,1,100,1.996979
1755196565.488021,1958338.500,55243,2,EA,1,100,1.997550
1755196565.554522,1958405.000,55243,2,EA,1,100,1.998698
1755196565.621522,1958472.000,55259,1,EA,1,100,1.999847
1755196565.688023,1958538.500,55276,2,EA,1,100,1.999847
1755196565.754523,1958605.000,55276,2,EA,1,100,1.999270
1755196565.821024,1958671.500,55291,2,EA,1,100,1.998698
1755196565.887524,1958738.000,55291,2,EA,1,100,1.996979
1755196565.954525,1958805.000,55308,1,EA,1,100,1.997550
1755196566.021025,1958871.500,55327,2,EA,1,100,1.997550
1755196566.087526,1958938.000,55327,2,EA,1,100,1.996979
1755196566.154526,1959005.000,55344,1,EA,1,100,1.997550
1755196566.221027,1959071.500,55358,2,EA,1,100,1.996979
1755196566.287527,1959138.000,55358,2,EA,1,100,1.996979
1755196566.354527,1959205.000,55375,1,EA,1,100,1.996979
1755196566.421028,1959271.500,55392,2,EA,1,100,1.997550
1755196566.487528,1959338.000,55392,2,EA,1,100,1.997550
1755196566.554529,1959405.000,55409,1,EA,1,100,1.998698
1755196566.621029,1959471.500,55423,2,EA,1,100,1.998698
1755196566.687530,1959538.000,55423,2,EA,1,100,1.998698
1755196566.754530,1959605.000,55441,1,EA,1,100,1.999270
1755196566.821031,1959671.500,55457,2,EA,1,100,1.999270
1755196566.887531,1959738.000,55457,2,EA,1,100,1.999270
1755196566.954532,1959805.000,55474,1,EA,1,100,1.999270
1755196567.021032,1959871.500,55489,2,EA,1,100,1.998121
1755196567.087533,1959938.000,55489,2,EA,1,100,1.998698
1755196567.154533,1960005.000,55506,1,EA,1,100,1.999270
1755196567.221034,1960071.500,55522,2,EA,1,100,1.998121
1755196567.287534,1960138.000,55522,2,EA,1,100,1.998121
1755196567.354535,1960205.000,55539,1,EA,1,100,1.999847
1755196567.421035,1960271.500,55554,2,EA,1,100,1.999847
1755196567.487536,1960338.000,55554,2,EA,1,100,2.001571
1755196567.554536,1960405.000,55571,1,EA,1,100,2.000992
1755196567.621036,1960471.500,55587,2,EA,1,100,1.999847
1755196567.687537,1960538.000,55587,2,EA,1,100,1.998698
1755196567.754537,1960605.000,55605,1,EA,1,100,1.998698
1755196567.821038,1960671.500,55620,2,EA,1,100,1.998121
1755196567.887538,1960738.000,55620,2,EA,1,100,1.995833
1755196567.954539,1960805.000,55638,1,EA,1,100,1.995833
1755196568.021039,1960871.500,55655,2,EA,1,100,1.994689
1755196568.087540,1960938.000,55655,2,EA,1,100,1.994120
1755196568.154540,1961005.000,55672,1,EA,1,100,1.993545
1755196568.221041,1961071.500,55687,2,EA,1,100,1.995258
1755196568.287541,1961138.000,55687,2,EA,1,100,1.996979
1755196568.354042,1961204.500,55709,2,EA,1,100,1.999847
1755196568.420542,1961271.000,55709,2,EA,1,100,2.002724
1755196568.487543,1961338.000,55725,2,EA,1,100,2.002144
1755196568.554543,1961405.000,55725,2,EA,1,100,1.992977
1755196568.620544,1961471.000,55742,1,EA,1,100,1.986718
1755196568.687544,1961538.000,55761,2,EA,1,100,1.988424
1755196568.754545,1961605.000,55761,2,EA,1,100,1.990695
1755196568.820545,1961671.000,55780,1,EA,1,100,1.991835
1755196568.887545,1961738.000,55794,2,EA,1,100,1.996403
1755196568.954546,1961805.000,55794,2,EA,1,100,1.998698
1755196569.020546,1961871.000,55811,1,EA,1,100,1.998121
1755196569.087547,1961938.000,55828,2,EA,1,100,1.998121
1755196569.154547,1962005.000,55828,2,EA,1,100,1.996403
1755196569.220548,1962071.000,55845,1,EA,1,100,1.998121
1755196569.287048,1962137.500,55859,2,EA,1,100,1.998698
1755196569.353549,1962204.000,55859,2,EA,1,100,1.998698
1755196569.420549,1962271.000,55877,1,EA,1,100,2.000992
1755196569.487550,1962338.000,55893,2,EA,1,100,2.000420
1755196569.554550,1962405.000,55893,2,EA,1,100,2.000992
1755196569.620551,1962471.000,55910,1,EA,1,100,1.999270
1755196569.687051,1962537.500,55926,2,EA,1,100,1.999847
1755196569.753552,1962604.000,55926,2,EA,1,100,2.000420
1755196569.820552,1962671.000,55942,1,EA,1,100,2.000992
1755196569.887053,1962737.500,55958,2,EA,1,100,2.000992
1755196569.953553,1962804.000,55958,2,EA,1,100,2.000992
1755196570.020554,1962871.000,55976,2,EA,1,100,2.000992
1755196570.087554,1962938.000,55976,2,EA,1,100,2.000992
1755196570.153554,1963004.000,55992,1,EA,1,100,2.001571
1755196570.220555,1963071.000,56007,2,EA,1,100,2.000992
1755196570.287555,1963138.000,56007,2,EA,1,100,2.001571
1755196570.353556,1963204.000,56023,1,EA,1,100,2.000420
1755196570.420556,1963271.000,56041,2,EA,1,100,2.000992
1755196570.487557,1963338.000,56041,2,EA,1,100,2.001571
1755196570.553557,1963404.000,56057,1,EA,1,100,2.000992
1755196570.620558,1963471.000,56072,2,EA,1,100,2.002144
1755196570.687558,1963538.000,56072,2,EA,1,100,2.002144
1755196570.753559,1963604.000,56089,1,EA,1,100,2.002724
1755196570.820559,1963671.000,56106,2,EA,1,100,2.001571
1755196570.887560,1963738.000,56106,2,EA,1,100,2.001571
1755196570.953560,1963804.000,56122,1,EA,1,100,2.000420
1755196571.020561,1963871.000,56138,2,EA,1,100,2.001571
1755196571.087561,1963938.000,56138,2,EA,1,100,2.000420
1755196571.153562,1964004.000,56154,1,EA,1,100,2.000992
1755196571.220562,1964071.000,56171,2,EA,1,100,1.999270
1755196571.287563,1964138.000,56171,2,EA,1,100,2.000992
1755196571.353563,1964204.000,56187,1,EA,1,100,1.999847
1755196571.420563,1964271.000,56203,2,EA,1,100,2.001571
1755196571.487564,1964338.000,56203,2,EA,1,100,2.000420
1755196571.553564,1964404.000,56219,1,EA,1,100,1.999847
1755196571.620565,1964471.000,56238,2,EA,1,100,1.999847
1755196571.687565,1964538.000,56238,2,EA,1,100,1.999270
1755196571.753566,1964604.000,56255,1,EA,1,100,2.000992
1755196571.820566,1964671.000,56271,2,EA,1,100,2.000420
1755196571.887567,1964738.000,56271,2,EA,1,100,2.000420
1755196571.953567,1964804.000,56286,1,EA,1,100,1.999847
1755196572.020568,1964871.000,56304,2,EA,1,100,1.999847
1755196572.087568,1964938.000,56304,2,EA,1,100,2.001571
1755196572.153569,1965004.000,56320,1,EA,1,100,2.000420
1755196572.220569,1965071.000,56336,2,EA,1,100,2.000420
1755196572.287570,1965138.000,56336,2,EA,1,100,1.999847
1755196572.354070,1965204.500,56352,2,EA,1,100,2.001571
1755196572.420571,1965271.000,56352,2,EA,1,100,1.999847
1755196572.487571,1965338.000,56369,1,EA,1,100,2.001571
1755196572.554072,1965404.500,56385,2,EA,1,100,2.002144
1755196572.620572,1965471.000,56385,2,EA,1,100,2.002724
1755196572.686572,1965537.000,56402,1,EA,1,100,2.002724
1755196572.753573,1965604.000,56419,2,EA,1,100,2.003298
1755196572.820573,1965671.000,56419,2,EA,1,100,2.003872
1755196572.886574,1965737.000,56436,1,EA,1,100,2.002724
1755196572.953574,1965804.000,56452,2,EA,1,100,2.004452
1755196573.020575,1965871.000,56452,2,EA,1,100,2.002724
1755196573.086575,1965937.000,56470,1,EA,1,100,2.002724
1755196573.153576,1966004.000,56484,2,EA,1,100,2.002724
1755196573.220576,1966071.000,56484,2,EA,1,100,2.003872
1755196573.286577,1966137.000,56501,1,EA,1,100,2.002724
1755196573.353577,1966204.000,56518,2,EA,1,100,2.004452
1755196573.420578,1966271.000,56518,2,EA,1,100,2.005027
1755196573.487078,1966337.500,56542,2,EA,1,100,2.005027
1755196573.553579,1966404.000,56542,2,EA,1,100,2.005027
1755196573.620079,1966470.500,56558,2,EA,1,100,2.005608
1755196573.686580,1966537.000,56558,2,EA,1,100,2.005608
1755196573.753580,1966604.000,56576,1,EA,1,100,2.005608
1755196573.820081,1966670.500,56592,2,EA,1,100,2.005608
1755196573.886581,1966737.000,56592,2,EA,1,100,2.005027
1755196573.953581,1966804.000,56609,1,EA,1,100,2.004452
1755196574.020082,1966870.500,56626,2,EA,1,100,2.005027
1755196574.086582,1966937.000,56626,2,EA,1,100,2.005027
1755196574.153583,1967004.000,56643,1,EA,1,100,2.004452
1755196574.220083,1967070.500,56657,2,EA,1,100,2.006760
1755196574.286584,1967137.000,56657,2,EA,1,100,2.004452
1755196574.353584,1967204.000,56674,1,EA,1,100,2.002724
1755196574.420085,1967270.500,56693,2,EA,1,100,2.002144
1755196574.486585,1967337.000,56693,2,EA,1,100,2.003872
1755196574.553586,1967404.000,56710,1,EA,1,100,2.005027
1755196574.620086,1967470.500,56724,2,EA,1,100,2.003298
1755196574.686587,1967537.000,56724,2,EA,1,100,2.002724
1755196574.753587,1967604.000,56742,1,EA,1,100,2.003872
1755196574.820088,1967670.500,56758,2,EA,1,100,2.003872
1755196574.886588,1967737.000,56758,2,EA,1,100,2.003298
1755196574.953589,1967804.000,56775,1,EA,1,100,2.007342
1755196575.020089,1967870.500,56791,2,EA,1,100,2.000420
1755196575.086590,1967937.000,56791,2,EA,1,100,1.993545
1755196575.153590,1968004.000,56807,1,EA,1,100,1.999270
1755196575.220090,1968070.500,56823,2,EA,1,100,2.002724
1755196575.286591,1968137.000,56823,2,EA,1,100,2.003298
1755196575.353591,1968204.000,56842,1,EA,1,100,2.002144
1755196575.420092,1968270.500,56858,2,EA,1,100,2.002144
1755196575.486592,1968337.000,56858,2,EA,1,100,2.003298
1755196575.553593,1968404.000,56874,2,EA,1,100,2.003298
1755196575.620593,1968471.000,56874,2,EA,1,100,2.002724
1755196575.686594,1968537.000,56890,1,EA,1,100,2.006184
1755196575.753594,1968604.000,56908,2,EA,1,100,2.004452
1755196575.820595,1968671.000,56908,2,EA,1,100,2.003872
1755196575.886595,1968737.000,56924,1,EA,1,100,2.003298
1755196575.953096,1968803.500,56939,2,EA,1,100,2.002724
1755196576.019596,1968870.000,56939,2,EA,1,100,2.003872
1755196576.086597,1968937.000,56956,1,EA,1,100,2.005608
1755196576.153097,1969003.500,56973,2,EA,1,100,2.005027
1755196576.219598,1969070.000,56973,2,EA,1,100,2.006184
1755196576.286598,1969137.000,56989,1,EA,1,100,2.006184
1755196576.353099,1969203.500,57005,2,EA,1,100,2.004452
1755196576.419599,1969270.000,57005,2,EA,1,100,2.003872
1755196576.486599,1969337.000,57023,1,EA,1,100,2.005027
1755196576.553100,1969403.500,57040,2,EA,1,100,2.005027
1755196576.619600,1969470.000,57040,2,EA,1,100,2.005027
1755196576.686601,1969537.000,57056,1,EA,1,100,2.004452
1755196576.753101,1969603.500,57072,2,EA,1,100,2.005027
1755196576.819602,1969670.000,57072,2,EA,1,100,2.005608
1755196576.886602,1969737.000,57088,1,EA,1,100,2.005608
1755196576.953103,1969803.500,57105,2,EA,1,100,2.006184
1755196577.019603,1969870.000,57105,2,EA,1,100,2.005608
1755196577.086604,1969937.000,57122,1,EA,1,100,2.005027
1755196577.153104,1970003.500,57137,2,EA,1,100,2.005608
1755196577.219605,1970070.000,57137,2,EA,1,100,2.005608
1755196577.286605,1970137.000,57153,1,EA,1,100,2.006184
1755196577.353106,1970203.500,57173,2,EA,1,100,2.006184
1755196577.419606,1970270.000,57173,2,EA,1,100,2.005608
1755196577.486607,1970337.000,57189,1,EA,1,100,2.006184
1755196577.553107,1970403.500,57204,2,EA,1,100,2.006760
1755196577.619608,1970470.000,57204,2,EA,1,100,2.006760
1755196577.686608,1970537.000,57220,1,EA,1,100,2.006184
1755196577.753108,1970603.500,57238,2,EA,1,100,2.006760
1755196577.819609,1970670.000,57238,2,EA,1,100,2.007342
1755196577.886609,1970737.000,57254,1,EA,1,100,2.007342
1755196577.953110,1970803.500,57270,2,EA,1,100,2.006760
1755196578.019610,1970870.000,57270,2,EA,1,100,2.005608
1755196578.086611,1970937.000,57286,2,EA,1,100,2.006184
1755196578.153611,1971004.000,57286,2,EA,1,100,2.004452
1755196578.219612,1971070.000,57305,1,EA,1,100,2.003872
1755196578.286612,1971137.000,57321,2,EA,1,100,2.003298
1755196578.353613,1971204.000,57321,2,EA,1,100,2.003298
1755196578.419613,1971270.000,57339,1,EA,1,100,2.005608
1755196578.486614,1971337.000,57353,2,EA,1,100,2.006184
1755196578.553614,1971404.000,57353,2,EA,1,100,2.005608
1755196578.620115,1971470.500,57375,2,EA,1,100,2.006760
1755196578.686615,1971537.000,57375,2,EA,1,100,2.007342
1755196578.753616,1971604.000,57392,1,EA,1,100,2.007918
1755196578.820116,1971670.500,57411,2,EA,1,100,2.009078
1755196578.886617,1971737.000,57411,2,EA,1,100,2.009656
1755196578.953617,1971804.000,57427,1,EA,1,100,2.010240
1755196579.020118,1971870.500,57443,2,EA,1,100,2.008501
1755196579.086618,1971937.000,57443,2,EA,1,100,2.006184
1755196579.153618,1972004.000,57461,1,EA,1,100,2.003872
1755196579.220119,1972070.500,57478,2,EA,1,100,2.002724
1755196579.286619,1972137.000,57478,2,EA,1,100,1.999270
1755196579.353620,1972204.000,57494,1,EA,1,100,1.993545
1755196579.420120,1972270.500,57511,2,EA,1,100,1.995258
1755196579.486621,1972337.000,57511,2,EA,1,100,2.007918
1755196579.553621,1972404.000,57526,1,EA,1,100,2.015474
1755196579.620122,1972470.500,57543,2,EA,1,100,2.016642
1755196579.686622,1972537.000,57543,2,EA,1,100,2.017812
1755196579.753123,1972603.500,57560,2,EA,1,100,2.017230
1755196579.819623,1972670.000,57560,2,EA,1,100,2.021915
1755196579.886624,1972737.000,57577,1,EA,1,100,2.028987
1755196579.953124,1972803.500,57591,2,EA,1,100,2.241981
1755196580.019625,1972870.000,57591,2,EA,1,100,2.352582
1755196580.086625,1972937.000,57609,1,EA,1,100,3.062465
1755196580.153126,1973003.500,57627,2,EA,1,100,3.134154
1755196580.219626,1973070.000,57627,2,EA,1,100,2.199485
1755196580.286627,1973137.000,57644,1,EA,1,100,2.161921
1755196580.353127,1973203.500,57659,2,EA,1,100,2.163266
1755196580.419627,1973270.000,57659,2,EA,1,100,2.105693
1755196580.486628,1973337.000,57678,1,EA,1,100,2.058989
1755196580.553128,1973403.500,57694,2,EA,1,100,2.027804
1755196580.619629,1973470.000,57694,2,EA,1,100,2.013726
1755196580.686629,1973537.000,57711,1,EA,1,100,2.009656
1755196580.753130,1973603.500,57726,2,EA,1,100,2.016061
1755196580.819630,1973670.000,57726,2,EA,1,100,2.014893
1755196580.886631,1973737.000,57743,1,EA,1,100,2.016061
1755196580.953131,1973803.500,57759,2,EA,1,100,2.015474
1755196581.019632,1973870.000,57759,2,EA,1,100,2.022500
1755196581.086632,1973937.000,57777,1,EA,1,100,2.018984
1755196581.153133,1974003.500,57791,2,EA,1,100,2.013726
1755196581.219633,1974070.000,57791,2,EA,1,100,2.012561
1755196581.286634,1974137.000,57808,1,EA,1,100,2.008501
1755196581.353134,1974203.500,57827,2,EA,1,100,1.998121
1755196581.419635,1974270.000,57827,2,EA,1,100,2.000420
1755196581.486635,1974337.000,57844,1,EA,1,100,2.006760
1755196581.553136,1974403.500,57859,2,EA,1,100,2.003872
1755196581.619636,1974470.000,57859,2,EA,1,100,2.003298
1755196581.686136,1974536.500,57876,2,EA,1,100,2.003298
1755196581.752637,1974603.000,57876,2,EA,1,100,2.001571
1755196581.819637,1974670.000,57892,1,EA,1,100,2.000420
1755196581.886138,1974736.500,57909,2,EA,1,100,1.999270
1755196581.952638,1974803.000,57909,2,EA,1,100,1.997550
