LocalTimestamp,EmotiBitTimestamp,PacketNumber,DataLength,TypeTag,ProtocolVersion,DataReliability,TH
1752174592.849255,204627.000,31445,1,TH,1,100,36.868
1752174592.982255,204760.000,31462,1,TH,1,100,36.873
1752174593.115255,204893.000,31483,1,TH,1,100,36.873
1752174593.249255,205027.000,31514,1,TH,1,100,36.902
1752174593.382255,205160.000,31532,1,TH,1,100,36.910
1752174593.515255,205293.000,31548,1,TH,1,100,36.902
1752174593.649255,205427.000,31580,1,TH,1,100,36.902
1752174593.782255,205560.000,31601,1,TH,1,100,36.977
1752174593.915255,205693.000,31617,1,TH,1,100,36.977
1752174594.049255,205827.000,31635,1,TH,1,100,36.963
1752174594.182255,205960.000,31666,1,TH,1,100,36.970
1752174594.315255,206093.000,31684,1,TH,1,100,36.967
1752174594.449255,206227.000,31702,1,TH,1,100,36.967
1752174594.582255,206360.000,31733,1,TH,1,100,36.943
1752174594.715255,206493.000,31750,1,TH,1,100,36.943
1752174594.849255,206627.000,31767,1,TH,1,100,36.916
1752174594.982255,206760.000,31804,1,TH,1,100,36.923
1752174595.115255,206893.000,31822,1,TH,1,100,36.882
1752174595.249255,207027.000,31839,1,TH,1,100,36.882
1752174595.382255,207160.000,31871,1,TH,1,100,36.928
1752174595.515255,207293.000,31889,1,TH,1,100,36.928
1752174595.649255,207427.000,31906,1,TH,1,100,36.967
1752174595.782255,207560.000,31940,1,TH,1,100,36.967
1752174595.915255,207693.000,31956,1,TH,1,100,36.948
1752174596.049255,207827.000,31976,1,TH,1,100,36.955
1752174596.182255,207960.000,31992,1,TH,1,100,36.989
1752174596.315255,208093.000,32024,1,TH,1,100,36.989
1752174596.448255,208226.000,32041,1,TH,1,100,36.967
1752174596.582255,208360.000,32057,1,TH,1,100,36.967
1752174596.715255,208493.000,32093,1,TH,1,100,36.964
1752174596.848255,208626.000,32110,1,TH,1,100,36.972
1752174596.982255,208760.000,32126,1,TH,1,100,37.001
1752174597.115255,208893.000,32160,1,TH,1,100,37.001
1752174597.248255,209026.000,32177,1,TH,1,100,36.869
1752174597.382255,209160.000,32198,1,TH,1,100,36.869
1752174597.515255,209293.000,32229,1,TH,1,100,36.938
1752174597.648255,209426.000,32246,1,TH,1,100,36.938
1752174597.782255,209560.000,32263,1,TH,1,100,36.891
1752174597.915255,209693.000,32298,1,TH,1,100,36.898
1752174598.048255,209826.000,32318,1,TH,1,100,36.998
1752174598.182255,209960.000,32334,1,TH,1,100,36.998
1752174598.315255,210093.000,32351,1,TH,1,100,37.013
1752174598.448255,210226.000,32383,1,TH,1,100,37.013
1752174598.582255,210360.000,32401,1,TH,1,100,37.022
1752174598.715255,210493.000,32419,1,TH,1,100,37.030
1752174598.848255,210626.000,32452,1,TH,1,100,36.969
1752174598.982255,210760.000,32468,1,TH,1,100,36.969
1752174599.115255,210893.000,32488,1,TH,1,100,37.037
1752174599.248255,211026.000,32519,1,TH,1,100,37.037
1752174599.381255,211159.000,32536,1,TH,1,100,37.017
1752174599.515254,211293.000,32553,1,TH,1,100,37.025
1752174599.648254,211426.000,32589,1,TH,1,100,36.966
1752174599.781254,211559.000,32605,1,TH,1,100,36.966
1752174599.915254,211693.000,32622,1,TH,1,100,37.054
1752174600.048254,211826.000,32656,1,TH,1,100,37.054
1752174600.181254,211959.000,32677,1,TH,1,100,36.927
1752174600.315254,212093.000,32694,1,TH,1,100,36.927
1752174600.448254,212226.000,32713,1,TH,1,100,37.058
1752174600.581254,212359.000,32744,1,TH,1,100,37.066
1752174600.715254,212493.000,32764,1,TH,1,100,36.968
1752174600.848254,212626.000,32780,1,TH,1,100,36.968
1752174600.981254,212759.000,32814,1,TH,1,100,37.112
1752174601.115254,212893.000,32831,1,TH,1,100,37.112
1752174601.248254,213026.000,32849,1,TH,1,100,37.027
1752174601.381254,213159.000,32881,1,TH,1,100,37.034
1752174601.515254,213293.000,32898,1,TH,1,100,37.119
1752174601.648254,213426.000,32916,1,TH,1,100,37.119
1752174601.781254,213559.000,32948,1,TH,1,100,37.019
1752174601.915254,213693.000,32965,1,TH,1,100,37.019
1752174602.048254,213826.000,32982,1,TH,1,100,37.063
1752174602.181254,213959.000,33017,1,TH,1,100,37.070
1752174602.315254,214093.000,33034,1,TH,1,100,37.017
1752174602.448254,214226.000,33051,1,TH,1,100,37.017
1752174602.581254,214359.000,33068,1,TH,1,100,36.999
1752174602.715254,214493.000,33100,1,TH,1,100,36.999
1752174602.848254,214626.000,33118,1,TH,1,100,37.048
1752174602.981254,214759.000,33135,1,TH,1,100,37.048
1752174603.114254,214892.000,33169,1,TH,1,100,37.148
1752174603.248254,215026.000,33185,1,TH,1,100,37.155
1752174603.381254,215159.000,33203,1,TH,1,100,37.048
1752174603.514254,215292.000,33238,1,TH,1,100,37.048
1752174603.648254,215426.000,33254,1,TH,1,100,37.108
1752174603.781254,215559.000,33272,1,TH,1,100,37.108
1752174603.914254,215692.000,33303,1,TH,1,100,37.035
1752174604.048254,215826.000,33322,1,TH,1,100,37.043
1752174604.181254,215959.000,33341,1,TH,1,100,37.057
1752174604.314254,216092.000,33373,1,TH,1,100,37.057
1752174604.448254,216226.000,33389,1,TH,1,100,37.016
1752174604.581254,216359.000,33406,1,TH,1,100,37.016
1752174604.714254,216492.000,33442,1,TH,1,100,37.089
1752174604.848254,216626.000,33458,1,TH,1,100,37.096
1752174604.981254,216759.000,33475,1,TH,1,100,37.111
1752174605.114254,216892.000,33494,1,TH,1,100,37.111
1752174605.247754,217025.500,33534,2,TH,1,100,37.074
1752174605.381254,217159.000,33534,2,TH,1,100,37.074
1752174605.514254,217292.000,33552,1,TH,1,100,37.098
1752174605.648254,217426.000,33584,1,TH,1,100,37.106
1752174605.781254,217559.000,33601,1,TH,1,100,37.096
1752174605.914254,217692.000,33619,1,TH,1,100,37.096
1752174606.047254,217825.000,33653,1,TH,1,100,37.072
1752174606.181254,217959.000,33670,1,TH,1,100,37.072
1752174606.314254,218092.000,33686,1,TH,1,100,37.042
1752174606.448254,218226.000,33720,1,TH,1,100,37.042
1752174606.581254,218359.000,33739,1,TH,1,100,37.166
1752174606.714254,218492.000,33756,1,TH,1,100,37.174
1752174606.847254,218625.000,33787,1,TH,1,100,37.071
1752174606.981254,218759.000,33804,1,TH,1,100,37.071
1752174607.114254,218892.000,33821,1,TH,1,100,37.064
1752174607.247254,219025.000,33856,1,TH,1,100,37.064
1752174607.381254,219159.000,33874,1,TH,1,100,37.044
1752174607.514254,219292.000,33890,1,TH,1,100,37.044
1752174607.647254,219425.000,33907,1,TH,1,100,37.132
1752174607.781254,219559.000,33941,1,TH,1,100,37.139
1752174607.914254,219692.000,33959,1,TH,1,100,37.076
1752174608.047254,219825.000,33977,1,TH,1,100,37.076
1752174608.181254,219959.000,34008,1,TH,1,100,37.051
1752174608.314254,220092.000,34024,1,TH,1,100,37.059
1752174608.447254,220225.000,34042,1,TH,1,100,37.132
1752174608.581254,220359.000,34077,1,TH,1,100,37.132
1752174608.714254,220492.000,34094,1,TH,1,100,36.973
1752174608.847254,220625.000,34111,1,TH,1,100,36.973
1752174608.980254,220758.000,34145,1,TH,1,100,37.139
1752174609.114254,220892.000,34163,1,TH,1,100,37.139
1752174609.247254,221025.000,34182,1,TH,1,100,37.088
1752174609.380254,221158.000,34214,1,TH,1,100,37.095
1752174609.514254,221292.000,34230,1,TH,1,100,37.081
1752174609.647254,221425.000,34247,1,TH,1,100,37.081
1752174609.780254,221558.000,34266,1,TH,1,100,37.109
1752174609.914254,221692.000,34299,1,TH,1,100,37.109
1752174610.047254,221825.000,34317,1,TH,1,100,37.134
1752174610.180254,221958.000,34335,1,TH,1,100,37.141
1752174610.314254,222092.000,34369,1,TH,1,100,37.107
1752174610.447254,222225.000,34393,1,TH,1,100,37.107
1752174610.580254,222358.000,34409,1,TH,1,100,37.158
1752174610.714254,222492.000,34427,1,TH,1,100,37.158
1752174610.847254,222625.000,34460,1,TH,1,100,37.070
1752174610.980254,222758.000,34476,1,TH,1,100,37.070
1752174611.114254,222892.000,34496,1,TH,1,100,37.131
1752174611.247253,223025.000,34527,1,TH,1,100,37.138
1752174611.380253,223158.000,34544,1,TH,1,100,37.143
1752174611.514253,223292.000,34561,1,TH,1,100,37.143
1752174611.647253,223425.000,34579,1,TH,1,100,37.133
1752174611.780253,223558.000,34613,1,TH,1,100,37.133
1752174611.914253,223692.000,34630,1,TH,1,100,37.087
1752174612.047253,223825.000,34647,1,TH,1,100,37.087
1752174612.180253,223958.000,34680,1,TH,1,100,37.107
1752174612.314253,224092.000,34699,1,TH,1,100,37.114
1752174612.447253,224225.000,34716,1,TH,1,100,37.206
1752174612.580253,224358.000,34747,1,TH,1,100,37.206
1752174612.714253,224492.000,34765,1,TH,1,100,37.104
1752174612.847253,224625.000,34781,1,TH,1,100,37.104
1752174612.980253,224758.000,34817,1,TH,1,100,37.148
1752174613.113253,224891.000,34834,1,TH,1,100,37.155
1752174613.247253,225025.000,34850,1,TH,1,100,37.201
1752174613.380253,225158.000,34884,1,TH,1,100,37.201
1752174613.513253,225291.000,34901,1,TH,1,100,37.075
1752174613.647253,225425.000,34919,1,TH,1,100,37.075
1752174613.780253,225558.000,34951,1,TH,1,100,37.155
1752174613.914253,225692.000,34968,1,TH,1,100,37.162
1752174614.047253,225825.000,34985,1,TH,1,100,37.118
1752174614.180253,225958.000,35006,1,TH,1,100,37.118
1752174614.313253,226091.000,35038,1,TH,1,100,37.167
1752174614.447253,226225.000,35054,1,TH,1,100,37.167
1752174614.580253,226358.000,35071,1,TH,1,100,37.135
1752174614.713253,226491.000,35103,1,TH,1,100,37.143
1752174614.847253,226625.000,35123,1,TH,1,100,37.113
1752174614.980253,226758.000,35140,1,TH,1,100,37.113
1752174615.113253,226891.000,35174,1,TH,1,100,37.154
1752174615.247253,227025.000,35190,1,TH,1,100,37.154
1752174615.380253,227158.000,35208,1,TH,1,100,37.159
1752174615.513753,227291.500,35248,2,TH,1,100,37.159
1752174615.647253,227425.000,35248,2,TH,1,100,37.150
1752174615.780253,227558.000,35280,1,TH,1,100,37.157
1752174615.913253,227691.000,35298,1,TH,1,100,37.244
1752174616.047253,227825.000,35316,1,TH,1,100,37.244
1752174616.180253,227958.000,35347,1,TH,1,100,37.135
1752174616.313253,228091.000,35363,1,TH,1,100,37.135
1752174616.446253,228224.000,35383,1,TH,1,100,37.135
1752174616.580253,228358.000,35416,1,TH,1,100,37.142
1752174616.713253,228491.000,35433,1,TH,1,100,37.157
1752174616.846253,228624.000,35452,1,TH,1,100,37.157
1752174616.980253,228758.000,35484,1,TH,1,100,37.101
1752174617.113253,228891.000,35502,1,TH,1,100,37.101
1752174617.246253,229024.000,35519,1,TH,1,100,37.251
1752174617.380253,229158.000,35538,1,TH,1,100,37.251
1752174617.513253,229291.000,35569,1,TH,1,100,37.220
1752174617.646253,229424.000,35586,1,TH,1,100,37.227
1752174617.780253,229558.000,35603,1,TH,1,100,37.203
1752174617.913253,229691.000,35638,1,TH,1,100,37.203
1752174618.046253,229824.000,35656,1,TH,1,100,37.183
1752174618.180253,229958.000,35672,1,TH,1,100,37.183
1752174618.313253,230091.000,35706,1,TH,1,100,37.222
1752174618.446253,230224.000,35725,1,TH,1,100,37.229
1752174618.580253,230358.000,35743,1,TH,1,100,37.271
1752174618.713253,230491.000,35775,1,TH,1,100,37.271
1752174618.846253,230624.000,35792,1,TH,1,100,37.263
1752174618.980253,230758.000,35808,1,TH,1,100,37.263
1752174619.113253,230891.000,35844,1,TH,1,100,37.183
1752174619.246253,231024.000,35861,1,TH,1,100,37.183
1752174619.380253,231158.000,35878,1,TH,1,100,37.117
1752174619.513253,231291.000,35909,1,TH,1,100,37.125
1752174619.646253,231424.000,35927,1,TH,1,100,37.134
1752174619.779253,231557.000,35947,1,TH,1,100,37.134
1752174619.913253,231691.000,35964,1,TH,1,100,37.161
1752174620.046253,231824.000,35998,1,TH,1,100,37.161
1752174620.179253,231957.000,36014,1,TH,1,100,37.217
1752174620.313253,232091.000,36031,1,TH,1,100,37.217
1752174620.446253,232224.000,36067,1,TH,1,100,37.163
1752174620.579253,232357.000,36083,1,TH,1,100,37.170
1752174620.713253,232491.000,36106,1,TH,1,100,37.146
1752174620.846253,232624.000,36124,1,TH,1,100,37.146
1752174620.979253,232757.000,36158,1,TH,1,100,37.170
1752174621.113253,232891.000,36177,1,TH,1,100,37.178
1752174621.246253,233024.000,36193,1,TH,1,100,37.151
1752174621.379253,233157.000,36211,1,TH,1,100,37.151
1752174621.513253,233291.000,36242,1,TH,1,100,37.122
1752174621.646253,233424.000,36260,1,TH,1,100,37.122
1752174621.779253,233557.000,36280,1,TH,1,100,37.185
1752174621.913253,233691.000,36311,1,TH,1,100,37.185
1752174622.046253,233824.000,36328,1,TH,1,100,37.202
1752174622.179253,233957.000,36347,1,TH,1,100,37.209
1752174622.313253,234091.000,36381,1,TH,1,100,37.204
1752174622.446253,234224.000,36397,1,TH,1,100,37.204
1752174622.579253,234357.000,36414,1,TH,1,100,37.197
1752174622.713253,234491.000,36448,1,TH,1,100,37.197
1752174622.846253,234624.000,36464,1,TH,1,100,37.206
1752174622.979252,234757.000,36485,1,TH,1,100,37.206
1752174623.112252,234890.000,36517,1,TH,1,100,37.211
1752174623.246252,235024.000,36533,1,TH,1,100,37.219
1752174623.379252,235157.000,36551,1,TH,1,100,37.250
1752174623.512252,235290.000,36586,1,TH,1,100,37.250
1752174623.646252,235424.000,36603,1,TH,1,100,37.282
1752174623.779252,235557.000,36620,1,TH,1,100,37.282
1752174623.912252,235690.000,36638,1,TH,1,100,37.209
1752174624.046252,235824.000,36670,1,TH,1,100,37.216
1752174624.179252,235957.000,36691,1,TH,1,100,37.238
1752174624.312252,236090.000,36707,1,TH,1,100,37.238
1752174624.446252,236224.000,36739,1,TH,1,100,37.235
1752174624.579252,236357.000,36756,1,TH,1,100,37.235
1752174624.712252,236490.000,36773,1,TH,1,100,37.192
1752174624.846252,236624.000,36808,1,TH,1,100,37.199
1752174624.979252,236757.000,36825,1,TH,1,100,37.199
1752174625.112252,236890.000,36844,1,TH,1,100,37.199
1752174625.246252,237024.000,36875,1,TH,1,100,37.250
1752174625.379252,237157.000,36895,1,TH,1,100,37.250
1752174625.512252,237290.000,36911,1,TH,1,100,37.196
1752174625.646252,237424.000,36945,1,TH,1,100,37.196
1752174625.779252,237557.000,36967,1,TH,1,100,37.225
1752174625.912252,237690.000,36983,1,TH,1,100,37.225
1752174626.045252,237823.000,37001,1,TH,1,100,37.179
1752174626.179252,237957.000,37017,1,TH,1,100,37.186
1752174626.312252,238090.000,37053,1,TH,1,100,37.232
1752174626.445252,238223.000,37070,1,TH,1,100,37.232
1752174626.579252,238357.000,37086,1,TH,1,100,37.240
1752174626.712252,238490.000,37120,1,TH,1,100,37.247
1752174626.845252,238623.000,37137,1,TH,1,100,37.337
1752174626.979252,238757.000,37153,1,TH,1,100,37.337
1752174627.112252,238890.000,37187,1,TH,1,100,37.242
1752174627.246252,239024.000,37204,1,TH,1,100,37.242
1752174627.379252,239157.000,37223,1,TH,1,100,37.266
1752174627.512252,239290.000,37240,1,TH,1,100,37.266
1752174627.645252,239423.000,37274,1,TH,1,100,37.295
1752174627.779252,239557.000,37290,1,TH,1,100,37.303
1752174627.912252,239690.000,37307,1,TH,1,100,37.288
1752174628.045252,239823.000,37341,1,TH,1,100,37.288
1752174628.179252,239957.000,37357,1,TH,1,100,37.240
1752174628.312252,240090.000,37374,1,TH,1,100,37.240
1752174628.445252,240223.000,37406,1,TH,1,100,37.320
1752174628.579252,240357.000,37426,1,TH,1,100,37.327
1752174628.712252,240490.000,37444,1,TH,1,100,37.269
1752174628.845252,240623.000,37475,1,TH,1,100,37.269
1752174628.979252,240757.000,37491,1,TH,1,100,37.278
1752174629.112252,240890.000,37509,1,TH,1,100,37.278
1752174629.245252,241023.000,37544,1,TH,1,100,37.247
1752174629.379252,241157.000,37561,1,TH,1,100,37.247
1752174629.512252,241290.000,37578,1,TH,1,100,37.285
1752174629.645252,241423.000,37596,1,TH,1,100,37.293
1752174629.778252,241556.000,37632,1,TH,1,100,37.285
1752174629.912252,241690.000,37649,1,TH,1,100,37.285
1752174630.045252,241823.000,37666,1,TH,1,100,37.230
1752174630.178252,241956.000,37699,1,TH,1,100,37.230
1752174630.312252,242090.000,37716,1,TH,1,100,37.292
1752174630.445252,242223.000,37737,1,TH,1,100,37.292
1752174630.578252,242356.000,37768,1,TH,1,100,37.288
1752174630.712252,242490.000,37788,1,TH,1,100,37.295
1752174630.845252,242623.000,37804,1,TH,1,100,37.332
1752174630.978252,242756.000,37828,1,TH,1,100,37.332
1752174631.112252,242890.000,37860,1,TH,1,100,37.307
1752174631.245252,243023.000,37876,1,TH,1,100,37.307
1752174631.378252,243156.000,37894,1,TH,1,100,37.280
1752174631.512252,243290.000,37912,1,TH,1,100,37.288
1752174631.645252,243423.000,37946,1,TH,1,100,37.275
1752174631.778252,243556.000,37963,1,TH,1,100,37.275
1752174631.912252,243690.000,37979,1,TH,1,100,37.339
1752174632.045252,243823.000,38013,1,TH,1,100,37.339
1752174632.178252,243956.000,38030,1,TH,1,100,37.285
1752174632.312252,244090.000,38050,1,TH,1,100,37.292
1752174632.445252,244223.000,38082,1,TH,1,100,37.380
1752174632.578252,244356.000,38099,1,TH,1,100,37.380
1752174632.712252,244490.000,38116,1,TH,1,100,37.309
1752174632.845252,244623.000,38149,1,TH,1,100,37.309
1752174632.978252,244756.000,38166,1,TH,1,100,37.377
1752174633.111252,244889.000,38183,1,TH,1,100,37.377
1752174633.245252,245023.000,38216,1,TH,1,100,37.266
1752174633.378252,245156.000,38236,1,TH,1,100,37.266
1752174633.512252,245290.000,38254,1,TH,1,100,37.323
1752174633.645252,245423.000,38271,1,TH,1,100,37.331
1752174633.778252,245556.000,38303,1,TH,1,100,37.241
1752174633.911252,245689.000,38319,1,TH,1,100,37.241
1752174634.045252,245823.000,38341,1,TH,1,100,37.309
1752174634.178252,245956.000,38372,1,TH,1,100,37.309
1752174634.311252,246089.000,38388,1,TH,1,100,37.251
1752174634.445252,246223.000,38406,1,TH,1,100,37.258
1752174634.578251,246356.000,38439,1,TH,1,100,37.336
1752174634.711251,246489.000,38456,1,TH,1,100,37.336
1752174634.845251,246623.000,38473,1,TH,1,100,37.350
1752174634.978251,246756.000,38505,1,TH,1,100,37.350
1752174635.111251,246889.000,38523,1,TH,1,100,37.355
1752174635.245251,247023.000,38542,1,TH,1,100,37.355
1752174635.378251,247156.000,38574,1,TH,1,100,37.340
1752174635.511251,247289.000,38590,1,TH,1,100,37.348
1752174635.645251,247423.000,38607,1,TH,1,100,37.331
1752174635.778251,247556.000,38643,1,TH,1,100,37.331
1752174635.911251,247689.000,38659,1,TH,1,100,37.357
1752174636.044251,247822.000,38682,1,TH,1,100,37.357
1752174636.178251,247956.000,38698,1,TH,1,100,37.313
1752174636.311251,248089.000,38715,1,TH,1,100,37.321
1752174636.444251,248222.000,38749,1,TH,1,100,37.413
1752174636.578251,248356.000,38767,1,TH,1,100,37.413
1752174636.711251,248489.000,38785,1,TH,1,100,37.277
1752174636.844251,248622.000,38816,1,TH,1,100,37.277
1752174636.978251,248756.000,38832,1,TH,1,100,37.430
1752174637.111251,248889.000,38854,1,TH,1,100,37.430
1752174637.245251,249023.000,38885,1,TH,1,100,37.318
1752174637.378251,249156.000,38904,1,TH,1,100,37.326
1752174637.511251,249289.000,38921,1,TH,1,100,37.340
1752174637.644251,249422.000,38955,1,TH,1,100,37.340
1752174637.778251,249556.000,38971,1,TH,1,100,37.415
1752174637.911251,249689.000,38988,1,TH,1,100,37.415
1752174638.044251,249822.000,39020,1,TH,1,100,37.328
1752174638.178251,249956.000,39036,1,TH,1,100,37.328
1752174638.311251,250089.000,39053,1,TH,1,100,37.403
1752174638.444251,250222.000,39074,1,TH,1,100,37.410
1752174638.578251,250356.000,39105,1,TH,1,100,37.345
1752174638.711251,250489.000,39123,1,TH,1,100,37.345
1752174638.844251,250622.000,39139,1,TH,1,100,37.282
1752174638.978251,250756.000,39175,1,TH,1,100,37.282
1752174639.111251,250889.000,39194,1,TH,1,100,37.352
1752174639.244251,251022.000,39210,1,TH,1,100,37.352
1752174639.378251,251156.000,39242,1,TH,1,100,37.383
1752174639.511251,251289.000,39261,1,TH,1,100,37.391
1752174639.644251,251422.000,39279,1,TH,1,100,37.420
1752174639.777251,251555.000,39313,1,TH,1,100,37.420
1752174639.911251,251689.000,39330,1,TH,1,100,37.405
1752174640.044251,251822.000,39347,1,TH,1,100,37.405
1752174640.177251,251955.000,39384,1,TH,1,100,37.328
1752174640.311251,252089.000,39402,1,TH,1,100,37.335
1752174640.444251,252222.000,39420,1,TH,1,100,37.461
1752174640.577251,252355.000,39437,1,TH,1,100,37.461
1752174640.711251,252489.000,39469,1,TH,1,100,37.376
1752174640.844251,252622.000,39487,1,TH,1,100,37.376
1752174640.977251,252755.000,39506,1,TH,1,100,37.403
1752174641.111251,252889.000,39543,1,TH,1,100,37.410
1752174641.244251,253022.000,39560,1,TH,1,100,37.383
1752174641.377251,253155.000,39580,1,TH,1,100,37.383
1752174641.511251,253289.000,39596,1,TH,1,100,37.352
1752174641.644251,253422.000,39628,1,TH,1,100,37.352
1752174641.777251,253555.000,39645,1,TH,1,100,37.412
1752174641.911251,253689.000,39661,1,TH,1,100,37.412
1752174642.044251,253822.000,39681,1,TH,1,100,37.398
1752174642.177251,253955.000,39714,1,TH,1,100,37.398
1752174642.311251,254089.000,39730,1,TH,1,100,37.419
1752174642.444251,254222.000,39748,1,TH,1,100,37.427
1752174642.577251,254355.000,39779,1,TH,1,100,37.449
1752174642.710251,254488.000,39796,1,TH,1,100,37.449
1752174642.844251,254622.000,39817,1,TH,1,100,37.378
1752174642.977251,254755.000,39851,1,TH,1,100,37.378
1752174643.111251,254889.000,39867,1,TH,1,100,37.378
1752174643.244251,255022.000,39884,1,TH,1,100,37.378
1752174643.377251,255155.000,39918,1,TH,1,100,37.402
1752174643.510251,255288.000,39934,1,TH,1,100,37.410
1752174643.644251,255422.000,39951,1,TH,1,100,37.378
1752174643.777251,255555.000,39987,1,TH,1,100,37.378
1752174643.910251,255688.000,40003,1,TH,1,100,37.378
1752174644.044251,255822.000,40021,1,TH,1,100,37.378
1752174644.177251,255955.000,40037,1,TH,1,100,37.451
1752174644.310251,256088.000,40073,1,TH,1,100,37.458
1752174644.444251,256222.000,40090,1,TH,1,100,37.439
1752174644.577251,256355.000,40106,1,TH,1,100,37.439
1752174644.710251,256488.000,40138,1,TH,1,100,37.407
1752174644.844251,256622.000,40155,1,TH,1,100,37.407
1752174644.977251,256755.000,40173,1,TH,1,100,37.388
1752174645.110251,256888.000,40209,1,TH,1,100,37.388
1752174645.244251,257022.000,40226,1,TH,1,100,37.356
1752174645.377251,257155.000,40243,1,TH,1,100,37.363
1752174645.510251,257288.000,40278,1,TH,1,100,37.351
1752174645.644251,257422.000,40295,1,TH,1,100,37.351
1752174645.777251,257555.000,40312,1,TH,1,100,37.446
1752174645.910251,257688.000,40343,1,TH,1,100,37.446
1752174646.043251,257821.000,40361,1,TH,1,100,37.477
1752174646.177251,257955.000,40381,1,TH,1,100,37.477
1752174646.310250,258088.000,40403,1,TH,1,100,37.380
1752174646.443250,258221.000,40420,1,TH,1,100,37.387
1752174646.577250,258355.000,40453,1,TH,1,100,37.409
1752174646.710250,258488.000,40473,1,TH,1,100,37.409
1752174646.843250,258621.000,40489,1,TH,1,100,37.453
1752174646.977250,258755.000,40521,1,TH,1,100,37.453
1752174647.110250,258888.000,40538,1,TH,1,100,37.370
1752174647.243250,259021.000,40556,1,TH,1,100,37.370
1752174647.377250,259155.000,40592,1,TH,1,100,37.465
1752174647.510250,259288.000,40609,1,TH,1,100,37.472
1752174647.643250,259421.000,40625,1,TH,1,100,37.428
1752174647.777250,259555.000,40659,1,TH,1,100,37.428
1752174647.910250,259688.000,40678,1,TH,1,100,37.421
1752174648.043250,259821.000,40695,1,TH,1,100,37.421
1752174648.177250,259955.000,40714,1,TH,1,100,37.424
1752174648.310250,260088.000,40746,1,TH,1,100,37.424
1752174648.443250,260221.000,40762,1,TH,1,100,37.404
1752174648.577250,260355.000,40781,1,TH,1,100,37.411
1752174648.710250,260488.000,40815,1,TH,1,100,37.428
1752174648.843250,260621.000,40831,1,TH,1,100,37.428
1752174648.977250,260755.000,40848,1,TH,1,100,37.428
1752174649.110250,260888.000,40882,1,TH,1,100,37.428
1752174649.243250,261021.000,40898,1,TH,1,100,37.450
1752174649.376250,261154.000,40916,1,TH,1,100,37.458
1752174649.510250,261288.000,40947,1,TH,1,100,37.380
1752174649.643250,261421.000,40965,1,TH,1,100,37.380
1752174649.776250,261554.000,40985,1,TH,1,100,37.472
1752174649.910250,261688.000,41016,1,TH,1,100,37.472
1752174650.043250,261821.000,41033,1,TH,1,100,37.482
1752174650.176250,261954.000,41052,1,TH,1,100,37.482
1752174650.310250,262088.000,41068,1,TH,1,100,37.428
1752174650.443250,262221.000,41102,1,TH,1,100,37.436
1752174650.576250,262354.000,41119,1,TH,1,100,37.457
1752174650.710250,262488.000,41138,1,TH,1,100,37.457
1752174650.843250,262621.000,41169,1,TH,1,100,37.440
1752174650.977250,262755.000,41186,1,TH,1,100,37.440
1752174651.110250,262888.000,41205,1,TH,1,100,37.467
1752174651.243250,263021.000,41236,1,TH,1,100,37.467
1752174651.376250,263154.000,41259,1,TH,1,100,37.460
1752174651.510250,263288.000,41275,1,TH,1,100,37.467
1752174651.643250,263421.000,41294,1,TH,1,100,37.469
1752174651.776250,263554.000,41311,1,TH,1,100,37.469
1752174651.910250,263688.000,41342,1,TH,1,100,37.443
1752174652.043250,263821.000,41360,1,TH,1,100,37.443
1752174652.176250,263954.000,41378,1,TH,1,100,37.491
1752174652.310250,264088.000,41412,1,TH,1,100,37.498
1752174652.443250,264221.000,41429,1,TH,1,100,37.479
1752174652.576250,264354.000,41445,1,TH,1,100,37.479
1752174652.710250,264488.000,41477,1,TH,1,100,37.399
1752174652.843250,264621.000,41494,1,TH,1,100,37.399
1752174652.976250,264754.000,41512,1,TH,1,100,37.464
1752174653.110250,264888.000,41544,1,TH,1,100,37.464
1752174653.243250,265021.000,41561,1,TH,1,100,37.488
1752174653.376250,265154.000,41578,1,TH,1,100,37.488
1752174653.509250,265287.000,41611,1,TH,1,100,37.522
1752174653.643250,265421.000,41628,1,TH,1,100,37.530
1752174653.776250,265554.000,41645,1,TH,1,100,37.428
1752174653.909250,265687.000,41678,1,TH,1,100,37.428
1752174654.043250,265821.000,41696,1,TH,1,100,37.495
1752174654.176250,265954.000,41714,1,TH,1,100,37.495
1752174654.309250,266087.000,41733,1,TH,1,100,37.469
1752174654.443250,266221.000,41765,1,TH,1,100,37.469
1752174654.576250,266354.000,41781,1,TH,1,100,37.469
1752174654.709250,266487.000,41799,1,TH,1,100,37.476
1752174654.843250,266621.000,41834,1,TH,1,100,37.454
1752174654.976250,266754.000,41852,1,TH,1,100,37.454
1752174655.109250,266887.000,41872,1,TH,1,100,37.474
1752174655.243250,267021.000,41905,1,TH,1,100,37.474
1752174655.376250,267154.000,41922,1,TH,1,100,37.447
1752174655.509250,267287.000,41939,1,TH,1,100,37.447
1752174655.642250,267420.000,41973,1,TH,1,100,37.464
1752174655.776250,267554.000,41991,1,TH,1,100,37.471
1752174655.909250,267687.000,42008,1,TH,1,100,37.483
1752174656.042250,267820.000,42042,1,TH,1,100,37.483
1752174656.176250,267954.000,42058,1,TH,1,100,37.517
1752174656.309250,268087.000,42075,1,TH,1,100,37.517
1752174656.442250,268220.000,42092,1,TH,1,100,37.386
1752174656.576250,268354.000,42112,1,TH,1,100,37.386
1752174656.709250,268487.000,42133,1,TH,1,100,37.529
1752174656.842250,268620.000,42164,1,TH,1,100,37.537
1752174656.976250,268754.000,42181,1,TH,1,100,37.520
1752174657.109250,268887.000,42198,1,TH,1,100,37.520
1752174657.242250,269020.000,42231,1,TH,1,100,37.537
1752174657.376250,269154.000,42251,1,TH,1,100,37.537
1752174657.509250,269287.000,42267,1,TH,1,100,37.510
1752174657.642250,269420.000,42301,1,TH,1,100,37.510
1752174657.776250,269554.000,42318,1,TH,1,100,37.527
1752174657.909250,269687.000,42334,1,TH,1,100,37.534
1752174658.042249,269820.000,42370,1,TH,1,100,37.469
1752174658.176249,269954.000,42387,1,TH,1,100,37.469
1752174658.309249,270087.000,42403,1,TH,1,100,37.556
1752174658.442249,270220.000,42437,1,TH,1,100,37.556
1752174658.576249,270354.000,42456,1,TH,1,100,37.500
1752174658.709249,270487.000,42475,1,TH,1,100,37.500
1752174658.842249,270620.000,42506,1,TH,1,100,37.544
1752174658.976249,270754.000,42524,1,TH,1,100,37.544
1752174659.109249,270887.000,42540,1,TH,1,100,37.495
1752174659.242249,271020.000,42561,1,TH,1,100,37.503
1752174659.376249,271154.000,42593,1,TH,1,100,37.548
1752174659.509249,271287.000,42609,1,TH,1,100,37.548
1752174659.642249,271420.000,42626,1,TH,1,100,37.485
1752174659.775249,271553.000,42660,1,TH,1,100,37.485
1752174659.909249,271687.000,42678,1,TH,1,100,37.614
1752174660.042249,271820.000,42696,1,TH,1,100,37.614
1752174660.175249,271953.000,42729,1,TH,1,100,37.575
1752174660.309249,272087.000,42745,1,TH,1,100,37.582
1752174660.442249,272220.000,42767,1,TH,1,100,37.517
1752174660.576249,272354.000,42798,1,TH,1,100,37.517
1752174660.709249,272487.000,42815,1,TH,1,100,37.514
1752174660.842249,272620.000,42832,1,TH,1,100,37.514
1752174660.975249,272753.000,42868,1,TH,1,100,37.539
1752174661.109249,272887.000,42886,1,TH,1,100,37.539
1752174661.242249,273020.000,42903,1,TH,1,100,37.512
1752174661.375249,273153.000,42920,1,TH,1,100,37.519
1752174661.509249,273287.000,42955,1,TH,1,100,37.524
1752174661.642249,273420.000,42980,1,TH,1,100,37.524
1752174661.775249,273553.000,42996,1,TH,1,100,37.611
1752174661.909249,273687.000,43013,1,TH,1,100,37.611
1752174662.042249,273820.000,43045,1,TH,1,100,37.544
1752174662.175249,273953.000,43065,1,TH,1,100,37.544
1752174662.309249,274087.000,43082,1,TH,1,100,37.618
1752174662.442249,274220.000,43114,1,TH,1,100,37.618
1752174662.575249,274353.000,43130,1,TH,1,100,37.585
1752174662.708249,274486.000,43148,1,TH,1,100,37.592
1752174662.842249,274620.000,43168,1,TH,1,100,37.604
1752174662.975249,274753.000,43200,1,TH,1,100,37.604
1752174663.108249,274886.000,43217,1,TH,1,100,37.483
1752174663.242249,275020.000,43233,1,TH,1,100,37.483
1752174663.375249,275153.000,43267,1,TH,1,100,37.521
1752174663.508249,275286.000,43284,1,TH,1,100,37.521
1752174663.642249,275420.000,43300,1,TH,1,100,37.589
1752174663.775249,275553.000,43332,1,TH,1,100,37.597
1752174663.908249,275686.000,43351,1,TH,1,100,37.551
1752174664.042249,275820.000,43370,1,TH,1,100,37.551
1752174664.175249,275953.000,43401,1,TH,1,100,37.466
1752174664.308249,276086.000,43418,1,TH,1,100,37.466
1752174664.442249,276220.000,43435,1,TH,1,100,37.531
1752174664.575249,276353.000,43470,1,TH,1,100,37.538
1752174664.708249,276486.000,43488,1,TH,1,100,37.534
1752174664.842249,276620.000,43504,1,TH,1,100,37.534
1752174664.975249,276753.000,43521,1,TH,1,100,37.568
1752174665.108249,276886.000,43557,1,TH,1,100,37.568
1752174665.242249,277020.000,43575,1,TH,1,100,37.570
1752174665.375249,277153.000,43593,1,TH,1,100,37.570
1752174665.508249,277286.000,43624,1,TH,1,100,37.616
1752174665.642249,277420.000,43640,1,TH,1,100,37.616
1752174665.775249,277553.000,43660,1,TH,1,100,37.645
1752174665.908249,277686.000,43693,1,TH,1,100,37.652
1752174666.042249,277820.000,43710,1,TH,1,100,37.582
1752174666.175249,277953.000,43727,1,TH,1,100,37.582
1752174666.308249,278086.000,43761,1,TH,1,100,37.601
1752174666.441249,278219.000,43779,1,TH,1,100,37.601
1752174666.575249,278353.000,43796,1,TH,1,100,37.560
1752174666.708749,278486.500,43833,2,TH,1,100,37.560
1752174666.842249,278620.000,43833,2,TH,1,100,37.570
1752174666.975249,278753.000,43869,1,TH,1,100,37.577
1752174667.108249,278886.000,43885,1,TH,1,100,37.567
1752174667.242249,279020.000,43902,1,TH,1,100,37.567
1752174667.375249,279153.000,43934,1,TH,1,100,37.545
1752174667.508249,279286.000,43950,1,TH,1,100,37.545
1752174667.641249,279419.000,43971,1,TH,1,100,37.538
1752174667.775249,279553.000,44003,1,TH,1,100,37.538
1752174667.908249,279686.000,44019,1,TH,1,100,37.599
1752174668.041249,279819.000,44037,1,TH,1,100,37.606
1752174668.175249,279953.000,44070,1,TH,1,100,37.584
1752174668.308249,280086.000,44088,1,TH,1,100,37.584
1752174668.441249,280219.000,44106,1,TH,1,100,37.502
1752174668.575249,280353.000,44137,1,TH,1,100,37.502
1752174668.708249,280486.000,44156,1,TH,1,100,37.541
1752174668.841249,280619.000,44173,1,TH,1,100,37.541
1752174668.975249,280753.000,44191,1,TH,1,100,37.635
1752174669.108249,280886.000,44223,1,TH,1,100,37.635
1752174669.241249,281019.000,44242,1,TH,1,100,37.606
1752174669.374249,281152.000,44259,1,TH,1,100,37.613
1752174669.508249,281286.000,44294,1,TH,1,100,37.669
1752174669.641249,281419.000,44311,1,TH,1,100,37.669
1752174669.774248,281552.000,44330,1,TH,1,100,37.645
1752174669.908248,281686.000,44363,1,TH,1,100,37.645
1752174670.041248,281819.000,44381,1,TH,1,100,37.548
1752174670.174248,281952.000,44399,1,TH,1,100,37.548
1752174670.308248,282086.000,44431,1,TH,1,100,37.688
1752174670.441248,282219.000,44448,1,TH,1,100,37.695
1752174670.574248,282352.000,44466,1,TH,1,100,37.637
1752174670.708248,282486.000,44498,1,TH,1,100,37.637
1752174670.841248,282619.000,44515,1,TH,1,100,37.664
1752174670.974248,282752.000,44533,1,TH,1,100,37.664
1752174671.108248,282886.000,44551,1,TH,1,100,37.618
1752174671.241248,283019.000,44584,1,TH,1,100,37.618
1752174671.374248,283152.000,44601,1,TH,1,100,37.647
1752174671.508248,283286.000,44620,1,TH,1,100,37.654
1752174671.641248,283419.000,44654,1,TH,1,100,37.618
1752174671.774248,283552.000,44670,1,TH,1,100,37.618
1752174671.908248,283686.000,44692,1,TH,1,100,37.659
1752174672.041248,283819.000,44709,1,TH,1,100,37.659
1752174672.174248,283952.000,44744,1,TH,1,100,37.548
1752174672.308248,284086.000,44761,1,TH,1,100,37.548
1752174672.441248,284219.000,44778,1,TH,1,100,37.620
1752174672.574248,284352.000,44809,1,TH,1,100,37.620
1752174672.708248,284486.000,44829,1,TH,1,100,37.593
1752174672.841248,284619.000,44847,1,TH,1,100,37.601
1752174672.974248,284752.000,44864,1,TH,1,100,37.659
1752174673.108248,284886.000,44896,1,TH,1,100,37.659
1752174673.241248,285019.000,44912,1,TH,1,100,37.649
1752174673.374248,285152.000,44932,1,TH,1,100,37.649
1752174673.508248,285286.000,44965,1,TH,1,100,37.642
1752174673.641248,285419.000,44981,1,TH,1,100,37.642
1752174673.774248,285552.000,45001,1,TH,1,100,37.688
1752174673.907248,285685.000,45032,1,TH,1,100,37.688
1752174674.041248,285819.000,45049,1,TH,1,100,37.625
1752174674.174248,285952.000,45070,1,TH,1,100,37.632
1752174674.307248,286085.000,45102,1,TH,1,100,37.746
1752174674.441248,286219.000,45118,1,TH,1,100,37.746
1752174674.574248,286352.000,45137,1,TH,1,100,37.676
1752174674.707248,286485.000,45169,1,TH,1,100,37.676
1752174674.841248,286619.000,45185,1,TH,1,100,37.613
1752174674.974248,286752.000,45202,1,TH,1,100,37.613
1752174675.107248,286885.000,45221,1,TH,1,100,37.685
1752174675.241248,287019.000,45254,1,TH,1,100,37.693
1752174675.374248,287152.000,45272,1,TH,1,100,37.710
1752174675.507248,287285.000,45288,1,TH,1,100,37.710
1752174675.641248,287419.000,45320,1,TH,1,100,37.647
1752174675.774248,287552.000,45339,1,TH,1,100,37.647
1752174675.907248,287685.000,45357,1,TH,1,100,37.719
1752174676.041248,287819.000,45389,1,TH,1,100,37.719
1752174676.174248,287952.000,45408,1,TH,1,100,37.697
1752174676.307248,288085.000,45424,1,TH,1,100,37.697
1752174676.441248,288219.000,45456,1,TH,1,100,37.647
1752174676.574248,288352.000,45473,1,TH,1,100,37.654
1752174676.707248,288485.000,45490,1,TH,1,100,37.608
1752174676.840248,288618.000,45523,1,TH,1,100,37.608
1752174676.974248,288752.000,45546,1,TH,1,100,37.671
1752174677.107248,288885.000,45562,1,TH,1,100,37.671
1752174677.240248,289018.000,45579,1,TH,1,100,37.680
1752174677.374248,289152.000,45596,1,TH,1,100,37.680
1752174677.507248,289285.000,45629,1,TH,1,100,37.642
1752174677.640248,289418.000,45647,1,TH,1,100,37.649
1752174677.774248,289552.000,45663,1,TH,1,100,37.719
1752174677.907248,289685.000,45680,1,TH,1,100,37.719
1752174678.040248,289818.000,45714,1,TH,1,100,37.700
1752174678.174248,289952.000,45730,1,TH,1,100,37.700
1752174678.307248,290085.000,45747,1,TH,1,100,37.777
1752174678.440248,290218.000,45781,1,TH,1,100,37.777
1752174678.574248,290352.000,45797,1,TH,1,100,37.656
1752174678.707248,290485.000,45815,1,TH,1,100,37.656
1752174678.840248,290618.000,45846,1,TH,1,100,37.697
1752174678.974248,290752.000,45862,1,TH,1,100,37.705
1752174679.107248,290885.000,45882,1,TH,1,100,37.724
1752174679.240248,291018.000,45913,1,TH,1,100,37.724
1752174679.374248,291152.000,45930,1,TH,1,100,37.666
1752174679.507248,291285.000,45947,1,TH,1,100,37.666
1752174679.640248,291418.000,45983,1,TH,1,100,37.714
1752174679.773248,291551.000,45999,1,TH,1,100,37.714
1752174679.907248,291685.000,46016,1,TH,1,100,37.712
1752174680.040248,291818.000,46033,1,TH,1,100,37.712
1752174680.173248,291951.000,46068,1,TH,1,100,37.695
1752174680.307248,292085.000,46085,1,TH,1,100,37.702
1752174680.440248,292218.000,46104,1,TH,1,100,37.683
1752174680.573248,292351.000,46135,1,TH,1,100,37.683
1752174680.707248,292485.000,46153,1,TH,1,100,37.688
1752174680.840248,292618.000,46169,1,TH,1,100,37.688
1752174680.973248,292751.000,46203,1,TH,1,100,37.658
1752174681.107248,292885.000,46220,1,TH,1,100,37.658
1752174681.240248,293018.000,46236,1,TH,1,100,37.622
1752174681.373247,293151.000,46268,1,TH,1,100,37.622
1752174681.507247,293285.000,46287,1,TH,1,100,37.733
1752174681.640247,293418.000,46303,1,TH,1,100,37.741
1752174681.773247,293551.000,46335,1,TH,1,100,37.787
1752174681.907247,293685.000,46352,1,TH,1,100,37.787
1752174682.040247,293818.000,46369,1,TH,1,100,37.736
1752174682.173247,293951.000,46393,1,TH,1,100,37.736
1752174682.307247,294085.000,46409,1,TH,1,100,37.666
1752174682.440247,294218.000,46441,1,TH,1,100,37.666
1752174682.573247,294351.000,46458,1,TH,1,100,37.637
1752174682.706247,294484.000,46475,1,TH,1,100,37.644
1752174682.840247,294618.000,46508,1,TH,1,100,37.700
1752174682.973247,294751.000,46525,1,TH,1,100,37.700
1752174683.106247,294884.000,46542,1,TH,1,100,37.678
1752174683.240247,295018.000,46573,1,TH,1,100,37.678
1752174683.373247,295151.000,46593,1,TH,1,100,37.726
1752174683.506247,295284.000,46609,1,TH,1,100,37.726
1752174683.640247,295418.000,46626,1,TH,1,100,37.825
1752174683.773247,295551.000,46658,1,TH,1,100,37.825
1752174683.906247,295684.000,46674,1,TH,1,100,37.685
1752174684.040247,295818.000,46694,1,TH,1,100,37.685
1752174684.173247,295951.000,46725,1,TH,1,100,37.765
1752174684.306247,296084.000,46741,1,TH,1,100,37.772
1752174684.440247,296218.000,46759,1,TH,1,100,37.748
1752174684.573247,296351.000,46792,1,TH,1,100,37.748
1752174684.706247,296484.000,46809,1,TH,1,100,37.731
1752174684.840247,296618.000,46826,1,TH,1,100,37.731
1752174684.973247,296751.000,46858,1,TH,1,100,37.757
1752174685.106247,296884.000,46876,1,TH,1,100,37.757
1752174685.240247,297018.000,46895,1,TH,1,100,37.746
1752174685.373247,297151.000,46929,1,TH,1,100,37.753
1752174685.506247,297284.000,46945,1,TH,1,100,37.731
1752174685.640247,297418.000,46962,1,TH,1,100,37.731
1752174685.773247,297551.000,46996,1,TH,1,100,37.755
1752174685.906247,297684.000,47012,1,TH,1,100,37.755
1752174686.039247,297817.000,47030,1,TH,1,100,37.695
1752174686.173247,297951.000,47046,1,TH,1,100,37.695
1752174686.306247,298084.000,47078,1,TH,1,100,37.782
1752174686.440247,298218.000,47097,1,TH,1,100,37.782
1752174686.573247,298351.000,47113,1,TH,1,100,37.798
1752174686.706247,298484.000,47145,1,TH,1,100,37.798
1752174686.839247,298617.000,47162,1,TH,1,100,37.707
1752174686.973247,298751.000,47180,1,TH,1,100,37.714
1752174687.106247,298884.000,47214,1,TH,1,100,37.719
1752174687.239247,299017.000,47236,1,TH,1,100,37.719
1752174687.373247,299151.000,47253,1,TH,1,100,37.750
1752174687.506247,299284.000,47270,1,TH,1,100,37.750
1752174687.639247,299417.000,47288,1,TH,1,100,37.757
1752174687.773247,299551.000,47320,1,TH,1,100,37.757
1752174687.906247,299684.000,47337,1,TH,1,100,37.762
1752174688.039247,299817.000,47354,1,TH,1,100,37.762
1752174688.173247,299951.000,47387,1,TH,1,100,37.755
1752174688.306247,300084.000,47404,1,TH,1,100,37.762
1752174688.439247,300217.000,47421,1,TH,1,100,37.673
1752174688.573247,300351.000,47452,1,TH,1,100,37.673
1752174688.706247,300484.000,47472,1,TH,1,100,37.825
1752174688.839247,300617.000,47488,1,TH,1,100,37.825
1752174688.972247,300750.000,47520,1,TH,1,100,37.675
1752174689.106247,300884.000,47537,1,TH,1,100,37.675
1752174689.239247,301017.000,47553,1,TH,1,100,37.687
1752174689.372247,301150.000,47587,1,TH,1,100,37.687
1752174689.506247,301284.000,47604,1,TH,1,100,37.690
1752174689.639247,301417.000,47620,1,TH,1,100,37.697
1752174689.772247,301550.000,47638,1,TH,1,100,37.793
1752174689.906247,301684.000,47671,1,TH,1,100,37.794
1752174690.039247,301817.000,47688,1,TH,1,100,37.738
1752174690.172247,301950.000,47707,1,TH,1,100,37.738
1752174690.306247,302084.000,47739,1,TH,1,100,37.779
1752174690.439247,302217.000,47755,1,TH,1,100,37.779
1752174690.572247,302350.000,47774,1,TH,1,100,37.760
1752174690.706247,302484.000,47806,1,TH,1,100,37.760
1752174690.839247,302617.000,47822,1,TH,1,100,37.736
1752174690.972247,302750.000,47839,1,TH,1,100,37.743
1752174691.106247,302884.000,47871,1,TH,1,100,37.784
1752174691.239247,303017.000,47889,1,TH,1,100,37.784
1752174691.372247,303150.000,47907,1,TH,1,100,37.702
1752174691.506247,303284.000,47938,1,TH,1,100,37.702
1752174691.639247,303417.000,47954,1,TH,1,100,37.738
1752174691.772247,303550.000,47972,1,TH,1,100,37.738
1752174691.906247,303684.000,47990,1,TH,1,100,37.755
1752174692.039247,303817.000,48022,1,TH,1,100,37.755
1752174692.172247,303950.000,48039,1,TH,1,100,37.752
1752174692.306247,304084.000,48055,1,TH,1,100,37.760
1752174692.439247,304217.000,48078,1,TH,1,100,37.772
1752174692.572247,304350.000,48094,1,TH,1,100,37.772
1752174692.706247,304484.000,48128,1,TH,1,100,37.849
1752174692.839247,304617.000,48145,1,TH,1,100,37.849
1752174692.972247,304750.000,48161,1,TH,1,100,37.818
1752174693.105246,304883.000,48193,1,TH,1,100,37.818
1752174693.239246,305017.000,48212,1,TH,1,100,37.779
1752174693.372246,305150.000,48229,1,TH,1,100,37.779
1752174693.505246,305283.000,48260,1,TH,1,100,37.764
1752174693.639246,305417.000,48277,1,TH,1,100,37.772
1752174693.772246,305550.000,48294,1,TH,1,100,37.818
1752174693.905246,305683.000,48327,1,TH,1,100,37.818
1752174694.039246,305817.000,48345,1,TH,1,100,37.740
1752174694.172246,305950.000,48361,1,TH,1,100,37.740
1752174694.305246,306083.000,48393,1,TH,1,100,37.774
1752174694.439246,306217.000,48410,1,TH,1,100,37.774
1752174694.572246,306350.000,48428,1,TH,1,100,37.745
1752174694.705246,306483.000,48460,1,TH,1,100,37.745
1752174694.839246,306617.000,48477,1,TH,1,100,37.820
1752174694.972246,306750.000,48493,1,TH,1,100,37.827
1752174695.105246,306883.000,48513,1,TH,1,100,37.762
1752174695.239246,307017.000,48546,1,TH,1,100,37.762
1752174695.372246,307150.000,48563,1,TH,1,100,37.769
1752174695.505246,307283.000,48580,1,TH,1,100,37.769
1752174695.639246,307417.000,48612,1,TH,1,100,37.810
1752174695.772246,307550.000,48630,1,TH,1,100,37.810
1752174695.905246,307683.000,48647,1,TH,1,100,37.847
1752174696.039246,307817.000,48679,1,TH,1,100,37.847
1752174696.172246,307950.000,48695,1,TH,1,100,37.745
1752174696.305246,308083.000,48712,1,TH,1,100,37.753
1752174696.439246,308217.000,48746,1,TH,1,100,37.832
1752174696.572246,308350.000,48762,1,TH,1,100,37.832
1752174696.705246,308483.000,48780,1,TH,1,100,37.803
1752174696.838246,308616.000,48811,1,TH,1,100,37.803
1752174696.972246,308750.000,48827,1,TH,1,100,37.731
1752174697.105246,308883.000,48847,1,TH,1,100,37.731
1752174697.238246,309016.000,48863,1,TH,1,100,37.822
1752174697.372246,309150.000,48895,1,TH,1,100,37.823
1752174697.505246,309283.000,48917,1,TH,1,100,37.805
1752174697.638246,309416.000,48933,1,TH,1,100,37.813
1752174697.772246,309550.000,48953,1,TH,1,100,37.811
1752174697.905246,309683.000,48984,1,TH,1,100,37.811
1752174698.038246,309816.000,49001,1,TH,1,100,37.820
1752174698.172246,309950.000,49018,1,TH,1,100,37.820
1752174698.305246,310083.000,49052,1,TH,1,100,37.847
1752174698.438246,310216.000,49068,1,TH,1,100,37.847
1752174698.572246,310350.000,49085,1,TH,1,100,37.847
1752174698.705246,310483.000,49117,1,TH,1,100,37.847
1752174698.838246,310616.000,49133,1,TH,1,100,37.772
1752174698.972246,310750.000,49150,1,TH,1,100,37.779
1752174699.105246,310883.000,49169,1,TH,1,100,37.784
1752174699.238246,311016.000,49200,1,TH,1,100,37.784
1752174699.372246,311150.000,49218,1,TH,1,100,37.859
1752174699.505246,311283.000,49234,1,TH,1,100,37.859
1752174699.638246,311416.000,49268,1,TH,1,100,37.863
1752174699.771246,311549.000,49285,1,TH,1,100,37.863
1752174699.905246,311683.000,49301,1,TH,1,100,37.757
1752174700.038246,311816.000,49337,1,TH,1,100,37.757
1752174700.171246,311949.000,49354,1,TH,1,100,37.767
1752174700.305246,312083.000,49370,1,TH,1,100,37.774
1752174700.438246,312216.000,49404,1,TH,1,100,37.818
1752174700.571246,312349.000,49421,1,TH,1,100,37.818
1752174700.705246,312483.000,49438,1,TH,1,100,37.820
1752174700.838246,312616.000,49471,1,TH,1,100,37.820
1752174700.971246,312749.000,49488,1,TH,1,100,37.859
1752174701.105246,312883.000,49505,1,TH,1,100,37.859
1752174701.238246,313016.000,49522,1,TH,1,100,37.803
1752174701.371246,313149.000,49554,1,TH,1,100,37.803
1752174701.505246,313283.000,49570,1,TH,1,100,37.827
1752174701.638246,313416.000,49589,1,TH,1,100,37.827
1752174701.771246,313549.000,49621,1,TH,1,100,37.813
1752174701.905246,313683.000,49637,1,TH,1,100,37.820
1752174702.038246,313816.000,49655,1,TH,1,100,37.871
1752174702.171246,313949.000,49688,1,TH,1,100,37.871
1752174702.305246,314083.000,49704,1,TH,1,100,37.834
1752174702.438246,314216.000,49722,1,TH,1,100,37.834
1752174702.571746,314349.500,49759,2,TH,1,100,37.827
1752174702.705246,314483.000,49759,2,TH,1,100,37.827
1752174702.838246,314616.000,49792,1,TH,1,100,37.801
1752174702.971246,314749.000,49808,1,TH,1,100,37.801
1752174703.105246,314883.000,49826,1,TH,1,100,37.817
1752174703.238246,315016.000,49857,1,TH,1,100,37.825
1752174703.371246,315149.000,49874,1,TH,1,100,37.912
1752174703.504246,315282.000,49893,1,TH,1,100,37.912
1752174703.638246,315416.000,49925,1,TH,1,100,37.904
1752174703.771246,315549.000,49941,1,TH,1,100,37.904
1752174703.904246,315682.000,49958,1,TH,1,100,37.909
1752174704.038246,315816.000,49992,1,TH,1,100,37.909
1752174704.171246,315949.000,50008,1,TH,1,100,37.793
1752174704.304246,316082.000,50025,1,TH,1,100,37.793
1752174704.438246,316216.000,50042,1,TH,1,100,37.911
1752174704.571246,316349.000,50073,1,TH,1,100,37.912
1752174704.704246,316482.000,50093,1,TH,1,100,37.820
1752174704.838245,316616.000,50109,1,TH,1,100,37.827
1752174704.971245,316749.000,50141,1,TH,1,100,37.955
1752174705.104245,316882.000,50160,1,TH,1,100,37.955
1752174705.238245,317016.000,50176,1,TH,1,100,37.779
1752174705.371245,317149.000,50210,1,TH,1,100,37.779
1752174705.504245,317282.000,50227,1,TH,1,100,37.909
1752174705.637245,317415.000,50243,1,TH,1,100,37.909
1752174705.771245,317549.000,50275,1,TH,1,100,37.885
1752174705.904245,317682.000,50292,1,TH,1,100,37.885
1752174706.038245,317816.000,50311,1,TH,1,100,37.873
1752174706.171245,317949.000,50342,1,TH,1,100,37.873
1752174706.304245,318082.000,50360,1,TH,1,100,37.914
1752174706.437245,318215.000,50376,1,TH,1,100,37.921
1752174706.571245,318349.000,50393,1,TH,1,100,37.943
1752174706.704245,318482.000,50427,1,TH,1,100,37.943
1752174706.837245,318615.000,50443,1,TH,1,100,37.844
1752174706.971245,318749.000,50460,1,TH,1,100,37.844
1752174707.104245,318882.000,50492,1,TH,1,100,37.904
1752174707.237245,319015.000,50508,1,TH,1,100,37.904
1752174707.371245,319149.000,50528,1,TH,1,100,37.907
1752174707.504245,319282.000,50559,1,TH,1,100,37.907
1752174707.637245,319415.000,50575,1,TH,1,100,37.875
1752174707.771245,319549.000,50598,1,TH,1,100,37.883
1752174707.904245,319682.000,50614,1,TH,1,100,37.890
1752174708.037245,319815.000,50634,1,TH,1,100,37.890
1752174708.171245,319949.000,50665,1,TH,1,100,37.793
1752174708.304245,320082.000,50681,1,TH,1,100,37.793
1752174708.437245,320215.000,50699,1,TH,1,100,37.846
1752174708.571245,320349.000,50730,1,TH,1,100,37.846
1752174708.704245,320482.000,50749,1,TH,1,100,37.825
1752174708.837245,320615.000,50766,1,TH,1,100,37.825
1752174708.971245,320749.000,50798,1,TH,1,100,37.926
1752174709.104245,320882.000,50814,1,TH,1,100,37.926
1752174709.237245,321015.000,50833,1,TH,1,100,37.808
1752174709.370245,321148.000,50865,1,TH,1,100,37.808
1752174709.504245,321282.000,50881,1,TH,1,100,37.868
1752174709.637245,321415.000,50898,1,TH,1,100,37.875
1752174709.770245,321548.000,50915,1,TH,1,100,37.900
1752174709.904245,321682.000,50948,1,TH,1,100,37.900
1752174710.037245,321815.000,50966,1,TH,1,100,37.916
1752174710.170245,321948.000,50984,1,TH,1,100,37.916
1752174710.304245,322082.000,51016,1,TH,1,100,37.926
1752174710.437245,322215.000,51033,1,TH,1,100,37.926
1752174710.570245,322348.000,51049,1,TH,1,100,38.027
1752174710.704245,322482.000,51083,1,TH,1,100,38.027
1752174710.837245,322615.000,51100,1,TH,1,100,37.878
1752174710.970245,322748.000,51116,1,TH,1,100,37.885
1752174711.104245,322882.000,51148,1,TH,1,100,37.929
1752174711.237245,323015.000,51167,1,TH,1,100,37.929
1752174711.370245,323148.000,51184,1,TH,1,100,37.936
1752174711.504245,323282.000,51215,1,TH,1,100,37.936
1752174711.637245,323415.000,51234,1,TH,1,100,37.916
1752174711.770245,323548.000,51251,1,TH,1,100,37.916
1752174711.904245,323682.000,51270,1,TH,1,100,37.902
1752174712.037245,323815.000,51302,1,TH,1,100,37.902
1752174712.170245,323948.000,51318,1,TH,1,100,37.868
1752174712.304245,324082.000,51335,1,TH,1,100,37.868
1752174712.437245,324215.000,51367,1,TH,1,100,37.897
1752174712.570245,324348.000,51383,1,TH,1,100,37.905
1752174712.703245,324481.000,51401,1,TH,1,100,37.849
1752174712.837245,324615.000,51437,1,TH,1,100,37.849
1752174712.970245,324748.000,51453,1,TH,1,100,37.981
1752174713.103245,324881.000,51470,1,TH,1,100,37.982
1752174713.237245,325015.000,51488,1,TH,1,100,37.909
1752174713.370245,325148.000,51506,1,TH,1,100,37.909
1752174713.503245,325281.000,51537,1,TH,1,100,37.989
1752174713.637245,325415.000,51553,1,TH,1,100,37.989
1752174713.770245,325548.000,51575,1,TH,1,100,37.955
1752174713.903245,325681.000,51608,1,TH,1,100,37.962
1752174714.037245,325815.000,51625,1,TH,1,100,37.972
1752174714.170245,325948.000,51644,1,TH,1,100,37.972
1752174714.303245,326081.000,51680,1,TH,1,100,37.953
1752174714.437245,326215.000,51696,1,TH,1,100,37.953
1752174714.570245,326348.000,51713,1,TH,1,100,37.936
1752174714.703245,326481.000,51745,1,TH,1,100,37.936
1752174714.837245,326615.000,51761,1,TH,1,100,38.025
1752174714.970245,326748.000,51780,1,TH,1,100,38.025
1752174715.103245,326881.000,51814,1,TH,1,100,37.900
1752174715.237245,327015.000,51830,1,TH,1,100,37.907
1752174715.370245,327148.000,51848,1,TH,1,100,37.878
1752174715.503245,327281.000,51881,1,TH,1,100,37.878
1752174715.637245,327415.000,51898,1,TH,1,100,37.974
1752174715.770245,327548.000,51915,1,TH,1,100,37.974
1752174715.903245,327681.000,51931,1,TH,1,100,37.960
1752174716.037245,327815.000,51963,1,TH,1,100,37.960
1752174716.170245,327948.000,51980,1,TH,1,100,37.904
1752174716.303245,328081.000,51998,1,TH,1,100,37.904
1752174716.436245,328214.000,52030,1,TH,1,100,37.873
1752174716.570244,328348.000,52047,1,TH,1,100,37.873
1752174716.703244,328481.000,52064,1,TH,1,100,38.039
1752174716.836244,328614.000,52097,1,TH,1,100,38.047
1752174716.970244,328748.000,52114,1,TH,1,100,37.917
1752174717.103244,328881.000,52131,1,TH,1,100,37.917
1752174717.236244,329014.000,52162,1,TH,1,100,37.941
1752174717.370244,329148.000,52180,1,TH,1,100,37.941
1752174717.503244,329281.000,52196,1,TH,1,100,37.943
1752174717.636244,329414.000,52230,1,TH,1,100,37.943
1752174717.770244,329548.000,52247,1,TH,1,100,37.957
1752174717.903244,329681.000,52263,1,TH,1,100,37.957
1752174718.036244,329814.000,52288,1,TH,1,100,37.950
1752174718.170244,329948.000,52304,1,TH,1,100,37.950
1752174718.303244,330081.000,52336,1,TH,1,100,37.921
1752174718.436244,330214.000,52353,1,TH,1,100,37.921
1752174718.570244,330348.000,52369,1,TH,1,100,38.022
1752174718.703244,330481.000,52401,1,TH,1,100,38.030
1752174718.836244,330614.000,52420,1,TH,1,100,37.929
1752174718.970244,330748.000,52436,1,TH,1,100,37.929
1752174719.103244,330881.000,52468,1,TH,1,100,38.068
1752174719.236244,331014.000,52485,1,TH,1,100,38.069
1752174719.369244,331147.000,52502,1,TH,1,100,37.921
1752174719.503244,331281.000,52535,1,TH,1,100,37.921
1752174719.636244,331414.000,52553,1,TH,1,100,37.919
1752174719.769244,331547.000,52569,1,TH,1,100,37.919
1752174719.903244,331681.000,52586,1,TH,1,100,38.006
1752174720.036244,331814.000,52622,1,TH,1,100,38.013
1752174720.169244,331947.000,52638,1,TH,1,100,38.006
1752174720.303244,332081.000,52655,1,TH,1,100,38.006
1752174720.436244,332214.000,52687,1,TH,1,100,38.001
1752174720.569244,332347.000,52703,1,TH,1,100,38.001
1752174720.703244,332481.000,52721,1,TH,1,100,38.040
1752174720.836244,332614.000,52754,1,TH,1,100,38.040
1752174720.969244,332747.000,52770,1,TH,1,100,38.027
1752174721.103244,332881.000,52788,1,TH,1,100,38.027
1752174721.236244,333014.000,52819,1,TH,1,100,37.965
1752174721.369244,333147.000,52838,1,TH,1,100,37.965
1752174721.503244,333281.000,52855,1,TH,1,100,37.969
1752174721.636244,333414.000,52887,1,TH,1,100,37.977
1752174721.769244,333547.000,52903,1,TH,1,100,37.912
1752174721.903244,333681.000,52920,1,TH,1,100,37.912
1752174722.036244,333814.000,52939,1,TH,1,100,37.967
1752174722.169244,333947.000,52970,1,TH,1,100,37.967
1752174722.303244,334081.000,52987,1,TH,1,100,37.887
1752174722.436244,334214.000,53004,1,TH,1,100,37.887
1752174722.569244,334347.000,53037,1,TH,1,100,37.991
1752174722.703244,334481.000,53055,1,TH,1,100,37.991
1752174722.836244,334614.000,53071,1,TH,1,100,38.056
1752174722.969244,334747.000,53103,1,TH,1,100,38.064
1752174723.103244,334881.000,53127,1,TH,1,100,37.987
1752174723.236244,335014.000,53143,1,TH,1,100,37.987
1752174723.369244,335147.000,53161,1,TH,1,100,38.047
1752174723.502244,335280.000,53177,1,TH,1,100,38.047
1752174723.636244,335414.000,53209,1,TH,1,100,37.989
1752174723.769244,335547.000,53228,1,TH,1,100,37.989
1752174723.902244,335680.000,53244,1,TH,1,100,37.962
1752174724.036244,335814.000,53276,1,TH,1,100,37.962
1752174724.169244,335947.000,53293,1,TH,1,100,37.972
1752174724.302244,336080.000,53309,1,TH,1,100,37.972
1752174724.436244,336214.000,53343,1,TH,1,100,38.023
1752174724.569244,336347.000,53360,1,TH,1,100,38.030
1752174724.702244,336480.000,53377,1,TH,1,100,38.025
1752174724.836244,336614.000,53408,1,TH,1,100,38.025
1752174724.969244,336747.000,53425,1,TH,1,100,38.016
1752174725.102244,336880.000,53446,1,TH,1,100,38.016
1752174725.236244,337014.000,53477,1,TH,1,100,38.105
1752174725.369244,337147.000,53495,1,TH,1,100,38.105
1752174725.502244,337280.000,53511,1,TH,1,100,38.011
1752174725.636244,337414.000,53528,1,TH,1,100,38.011
1752174725.769244,337547.000,53562,1,TH,1,100,37.982
1752174725.902244,337680.000,53578,1,TH,1,100,37.989
1752174726.036244,337814.000,53596,1,TH,1,100,38.016
1752174726.169244,337947.000,53627,1,TH,1,100,38.016
1752174726.302244,338080.000,53645,1,TH,1,100,38.049
1752174726.435244,338213.000,53663,1,TH,1,100,38.049
1752174726.569244,338347.000,53694,1,TH,1,100,38.054
1752174726.702244,338480.000,53711,1,TH,1,100,38.054
1752174726.835244,338613.000,53728,1,TH,1,100,37.972
1752174726.969244,338747.000,53762,1,TH,1,100,37.972
1752174727.102244,338880.000,53778,1,TH,1,100,38.042
1752174727.235244,339013.000,53795,1,TH,1,100,38.042
1752174727.369244,339147.000,53827,1,TH,1,100,38.107
1752174727.502244,339280.000,53843,1,TH,1,100,38.114
1752174727.635244,339413.000,53860,1,TH,1,100,38.069
1752174727.769244,339547.000,53894,1,TH,1,100,38.069
1752174727.902244,339680.000,53910,1,TH,1,100,37.989
1752174728.035244,339813.000,53928,1,TH,1,100,37.989
1752174728.169244,339947.000,53944,1,TH,1,100,38.042
1752174728.302243,340080.000,53966,1,TH,1,100,38.042
1752174728.435243,340213.000,54000,1,TH,1,100,38.076
1752174728.569243,340347.000,54016,1,TH,1,100,38.076
1752174728.702243,340480.000,54034,1,TH,1,100,38.011
1752174728.835243,340613.000,54065,1,TH,1,100,38.011
1752174728.969243,340747.000,54083,1,TH,1,100,38.076
1752174729.102243,340880.000,54101,1,TH,1,100,38.076
1752174729.235243,341013.000,54117,1,TH,1,100,38.025
1752174729.369243,341147.000,54149,1,TH,1,100,38.032
1752174729.502243,341280.000,54166,1,TH,1,100,38.196
1752174729.635243,341413.000,54184,1,TH,1,100,38.196
1752174729.768243,341546.000,54216,1,TH,1,100,38.076
1752174729.902243,341680.000,54233,1,TH,1,100,38.076
1752174730.035243,341813.000,54250,1,TH,1,100,38.049
1752174730.168243,341946.000,54283,1,TH,1,100,38.049
1752174730.302243,342080.000,54302,1,TH,1,100,38.081
1752174730.435243,342213.000,54319,1,TH,1,100,38.081
1752174730.568243,342346.000,54350,1,TH,1,100,38.035
1752174730.702243,342480.000,54368,1,TH,1,100,38.035
1752174730.835243,342613.000,54384,1,TH,1,100,38.076
1752174730.968243,342746.000,54418,1,TH,1,100,38.083
1752174731.102243,342880.000,54435,1,TH,1,100,38.061
1752174731.235243,343013.000,54451,1,TH,1,100,38.061
1752174731.368243,343146.000,54483,1,TH,1,100,37.996
1752174731.502243,343280.000,54502,1,TH,1,100,37.996
1752174731.635243,343413.000,54518,1,TH,1,100,38.117
1752174731.768243,343546.000,54536,1,TH,1,100,38.117
1752174731.902243,343680.000,54567,1,TH,1,100,38.061
1752174732.035243,343813.000,54586,1,TH,1,100,38.069
1752174732.168243,343946.000,54603,1,TH,1,100,38.064
1752174732.302243,344080.000,54635,1,TH,1,100,38.056
1752174732.435243,344213.000,54651,1,TH,1,100,38.042
1752174732.568243,344346.000,54668,1,TH,1,100,38.049
1752174732.702243,344480.000,54702,1,TH,1,100,37.994
1752174732.835243,344613.000,54718,1,TH,1,100,37.994
1752174732.968243,344746.000,54735,1,TH,1,100,38.047
1752174733.102243,344880.000,54767,1,TH,1,100,38.047
1752174733.235243,345013.000,54785,1,TH,1,100,38.076
1752174733.368243,345146.000,54808,1,TH,1,100,38.076
1752174733.501243,345279.000,54824,1,TH,1,100,38.011
1752174733.635243,345413.000,54841,1,TH,1,100,38.018
1752174733.768243,345546.000,54875,1,TH,1,100,38.033
1752174733.901243,345679.000,54891,1,TH,1,100,38.025
1752174734.035243,345813.000,54909,1,TH,1,100,38.114
1752174734.168243,345946.000,54940,1,TH,1,100,38.122
1752174734.301243,346079.000,54956,1,TH,1,100,38.023
1752174734.435243,346213.000,54976,1,TH,1,100,38.023
1752174734.568243,346346.000,55007,1,TH,1,100,38.098
1752174734.701243,346479.000,55024,1,TH,1,100,38.098
1752174734.835243,346613.000,55041,1,TH,1,100,38.136
1752174734.968243,346746.000,55075,1,TH,1,100,38.136
1752174735.101243,346879.000,55093,1,TH,1,100,38.040
1752174735.235243,347013.000,55110,1,TH,1,100,38.040
1752174735.368243,347146.000,55142,1,TH,1,100,38.093
1752174735.501243,347279.000,55158,1,TH,1,100,38.093
1752174735.635243,347413.000,55175,1,TH,1,100,38.040
1752174735.768243,347546.000,55194,1,TH,1,100,38.047
1752174735.901243,347679.000,55225,1,TH,1,100,38.037
1752174736.034243,347812.000,55243,1,TH,1,100,38.037
1752174736.168243,347946.000,55259,1,TH,1,100,38.064
1752174736.301243,348079.000,55293,1,TH,1,100,38.064
1752174736.434243,348212.000,55310,1,TH,1,100,38.153
1752174736.568243,348346.000,55326,1,TH,1,100,38.153
1752174736.701243,348479.000,55358,1,TH,1,100,38.117
1752174736.834243,348612.000,55377,1,TH,1,100,38.117
1752174736.968243,348746.000,55393,1,TH,1,100,38.006
1752174737.101243,348879.000,55425,1,TH,1,100,38.013
1752174737.234243,349012.000,55442,1,TH,1,100,38.090
1752174737.368243,349146.000,55459,1,TH,1,100,38.090
1752174737.501243,349279.000,55490,1,TH,1,100,38.151
1752174737.634243,349412.000,55509,1,TH,1,100,38.151
1752174737.768243,349546.000,55526,1,TH,1,100,38.083
1752174737.901243,349679.000,55543,1,TH,1,100,38.083
1752174738.034243,349812.000,55575,1,TH,1,100,38.107
1752174738.168243,349946.000,55591,1,TH,1,100,38.107
1752174738.301243,350079.000,55610,1,TH,1,100,38.095
1752174738.434243,350212.000,55647,1,TH,1,100,38.095
1752174738.568243,350346.000,55662,1,TH,1,100,38.124
1752174738.701243,350479.000,55682,1,TH,1,100,38.132
1752174738.834243,350612.000,55700,1,TH,1,100,38.081
1752174738.968243,350746.000,55732,1,TH,1,100,38.081
1752174739.101243,350879.000,55751,1,TH,1,100,38.093
1752174739.234243,351012.000,55767,1,TH,1,100,38.093
1752174739.367243,351145.000,55785,1,TH,1,100,38.134
1752174739.501243,351279.000,55818,1,TH,1,100,38.134
1752174739.634243,351412.000,55834,1,TH,1,100,38.028
1752174739.767243,351545.000,55852,1,TH,1,100,38.028
1752174739.901242,351679.000,55883,1,TH,1,100,38.081
1752174740.034242,351812.000,55900,1,TH,1,100,38.088
1752174740.167242,351945.000,55921,1,TH,1,100,38.057
1752174740.301242,352079.000,55953,1,TH,1,100,38.057
1752174740.434242,352212.000,55969,1,TH,1,100,38.088
1752174740.568242,352346.000,55986,1,TH,1,100,38.088
1752174740.701242,352479.000,56020,1,TH,1,100,38.112
1752174740.834242,352612.000,56036,1,TH,1,100,38.112
1752174740.967242,352745.000,56053,1,TH,1,100,38.107
1752174741.101242,352879.000,56085,1,TH,1,100,38.107
1752174741.234242,353012.000,56101,1,TH,1,100,38.100
1752174741.367242,353145.000,56121,1,TH,1,100,38.100
1752174741.501242,353279.000,56137,1,TH,1,100,38.100
1752174741.634242,353412.000,56169,1,TH,1,100,38.108
1752174741.767242,353545.000,56186,1,TH,1,100,38.204
1752174741.901242,353679.000,56202,1,TH,1,100,38.204
1752174742.034242,353812.000,56236,1,TH,1,100,38.071
1752174742.167242,353945.000,56253,1,TH,1,100,38.071
1752174742.301242,354079.000,56269,1,TH,1,100,38.144
1752174742.434242,354212.000,56303,1,TH,1,100,38.144
1752174742.567242,354345.000,56320,1,TH,1,100,38.057
1752174742.700242,354478.000,56337,1,TH,1,100,38.057
1752174742.834242,354612.000,56368,1,TH,1,100,38.057
1752174742.967242,354745.000,56385,1,TH,1,100,38.057
1752174743.100242,354878.000,56402,1,TH,1,100,38.102
1752174743.234242,355012.000,56435,1,TH,1,100,38.110
1752174743.367242,355145.000,56453,1,TH,1,100,38.141
1752174743.500242,355278.000,56469,1,TH,1,100,38.141
1752174743.634242,355412.000,56491,1,TH,1,100,38.086
1752174743.767242,355545.000,56508,1,TH,1,100,38.086
1752174743.900242,355678.000,56541,1,TH,1,100,38.110
1752174744.034242,355812.000,56559,1,TH,1,100,38.110
1752174744.167242,355945.000,56575,1,TH,1,100,38.074
1752174744.300242,356078.000,56607,1,TH,1,100,38.074
1752174744.434242,356212.000,56626,1,TH,1,100,38.129
1752174744.567242,356345.000,56642,1,TH,1,100,38.129
1752174744.700242,356478.000,56674,1,TH,1,100,38.223
1752174744.834242,356612.000,56691,1,TH,1,100,38.223
1752174744.967242,356745.000,56707,1,TH,1,100,38.050
1752174745.100242,356878.000,56743,1,TH,1,100,38.057
1752174745.234242,357012.000,56760,1,TH,1,100,38.100
1752174745.367242,357145.000,56777,1,TH,1,100,38.100
1752174745.500242,357278.000,56794,1,TH,1,100,38.124
1752174745.634242,357412.000,56826,1,TH,1,100,38.124
1752174745.767242,357545.000,56844,1,TH,1,100,38.122
1752174745.900242,357678.000,56861,1,TH,1,100,38.122
1752174746.033242,357811.000,56893,1,TH,1,100,38.103
1752174746.167242,357945.000,56909,1,TH,1,100,38.103
1752174746.300242,358078.000,56926,1,TH,1,100,38.136
1752174746.433242,358211.000,56960,1,TH,1,100,38.136
1752174746.567242,358345.000,56976,1,TH,1,100,38.262
1752174746.700242,358478.000,56994,1,TH,1,100,38.269
1752174746.833242,358611.000,57025,1,TH,1,100,38.132
1752174746.967242,358745.000,57043,1,TH,1,100,38.132
1752174747.100242,358878.000,57061,1,TH,1,100,38.221
1752174747.234242,359012.000,57092,1,TH,1,100,38.221
1752174747.367242,359145.000,57109,1,TH,1,100,38.098
1752174747.500242,359278.000,57126,1,TH,1,100,38.098
1752174747.633242,359411.000,57160,1,TH,1,100,38.071
1752174747.767242,359545.000,57176,1,TH,1,100,38.071
1752174747.900242,359678.000,57193,1,TH,1,100,38.112
1752174748.033242,359811.000,57210,1,TH,1,100,38.112
1752174748.167242,359945.000,57241,1,TH,1,100,38.083
1752174748.300242,360078.000,57258,1,TH,1,100,38.091
1752174748.433242,360211.000,57277,1,TH,1,100,38.194
1752174748.567242,360345.000,57308,1,TH,1,100,38.194
1752174748.700242,360478.000,57331,1,TH,1,100,38.223
1752174748.833242,360611.000,57347,1,TH,1,100,38.223
1752174748.967242,360745.000,57364,1,TH,1,100,38.149
1752174749.100242,360878.000,57383,1,TH,1,100,38.149
1752174749.233242,361011.000,57414,1,TH,1,100,38.137
1752174749.366242,361144.000,57432,1,TH,1,100,38.136
1752174749.500242,361278.000,57448,1,TH,1,100,38.088
1752174749.633242,361411.000,57482,1,TH,1,100,38.088
1752174749.766242,361544.000,57499,1,TH,1,100,38.180
1752174749.900242,361678.000,57515,1,TH,1,100,38.187
1752174750.033242,361811.000,57549,1,TH,1,100,38.146
1752174750.166242,361944.000,57566,1,TH,1,100,38.146
1752174750.300242,362078.000,57582,1,TH,1,100,38.202
1752174750.433242,362211.000,57616,1,TH,1,100,38.202
1752174750.566242,362344.000,57633,1,TH,1,100,38.207
1752174750.700242,362478.000,57650,1,TH,1,100,38.207
1752174750.833242,362611.000,57683,1,TH,1,100,38.180
1752174750.966242,362744.000,57700,1,TH,1,100,38.180
1752174751.100242,362878.000,57717,1,TH,1,100,38.122
1752174751.233242,363011.000,57748,1,TH,1,100,38.129
1752174751.366242,363144.000,57766,1,TH,1,100,38.211
1752174751.500242,363278.000,57782,1,TH,1,100,38.211
1752174751.633241,363411.000,57799,1,TH,1,100,38.151
1752174751.766241,363544.000,57833,1,TH,1,100,38.151
1752174751.900241,363678.000,57849,1,TH,1,100,38.108
1752174752.033241,363811.000,57867,1,TH,1,100,38.108
1752174752.166241,363944.000,57898,1,TH,1,100,38.163
1752174752.300241,364078.000,57916,1,TH,1,100,38.163
1752174752.433241,364211.000,57934,1,TH,1,100,38.219
1752174752.566241,364344.000,57965,1,TH,1,100,38.219
1752174752.699241,364477.000,57982,1,TH,1,100,38.214
1752174752.833241,364611.000,57999,1,TH,1,100,38.214
1752174752.966241,364744.000,58033,1,TH,1,100,38.170
1752174753.099241,364877.000,58049,1,TH,1,100,38.170
1752174753.233241,365011.000,58066,1,TH,1,100,38.110
1752174753.366241,365144.000,58084,2,TH,1,100,38.117
1752174753.499241,365277.000,58084,2,TH,1,100,38.137
1752174753.632575,365410.333,58109,3,TH,1,100,38.137
1752174753.765908,365543.667,58109,3,TH,1,100,38.175
1752174753.899241,365677.000,58109,3,TH,1,100,38.175
1752174754.033241,365811.000,58126,1,TH,1,100,38.243
1752174754.166241,365944.000,58143,1,TH,1,100,38.243
1752174754.299241,366077.000,58177,1,TH,1,100,38.151
1752174754.433241,366211.000,58193,1,TH,1,100,38.151
1752174754.566241,366344.000,58210,1,TH,1,100,38.243
1752174754.699241,366477.000,58242,1,TH,1,100,38.243
1752174754.833241,366611.000,58258,1,TH,1,100,38.221
1752174754.966241,366744.000,58277,1,TH,1,100,38.221
1752174755.099241,366877.000,58311,1,TH,1,100,38.178
1752174755.233241,367011.000,58327,1,TH,1,100,38.185
1752174755.366241,367144.000,58345,1,TH,1,100,38.235
1752174755.499241,367277.000,58361,1,TH,1,100,38.235
1752174755.633241,367411.000,58395,1,TH,1,100,38.211
1752174755.766241,367544.000,58412,1,TH,1,100,38.211
1752174755.899241,367677.000,58428,1,TH,1,100,38.086
1752174756.032241,367810.000,58460,1,TH,1,100,38.086
1752174756.166241,367944.000,58477,1,TH,1,100,38.233
1752174756.299241,368077.000,58495,1,TH,1,100,38.233
1752174756.433241,368211.000,58527,1,TH,1,100,38.178
1752174756.566241,368344.000,58544,1,TH,1,100,38.178
1752174756.699241,368477.000,58561,1,TH,1,100,38.197
1752174756.833241,368611.000,58594,1,TH,1,100,38.197
1752174756.966241,368744.000,58611,1,TH,1,100,38.185
1752174757.099241,368877.000,58628,1,TH,1,100,38.192
1752174757.232241,369010.000,58659,1,TH,1,100,38.197
1752174757.366241,369144.000,58677,1,TH,1,100,38.197
1752174757.499241,369277.000,58695,1,TH,1,100,38.262
1752174757.632241,369410.000,58727,1,TH,1,100,38.262
1752174757.766241,369544.000,58744,1,TH,1,100,38.168
1752174757.899241,369677.000,58760,1,TH,1,100,38.168
1752174758.032241,369810.000,58778,1,TH,1,100,38.211
1752174758.166241,369944.000,58811,1,TH,1,100,38.211
1752174758.299241,370077.000,58827,1,TH,1,100,38.211
1752174758.432241,370210.000,58845,1,TH,1,100,38.219
1752174758.566241,370344.000,58876,1,TH,1,100,38.183
1752174758.699241,370477.000,58893,1,TH,1,100,38.183
1752174758.832241,370610.000,58912,1,TH,1,100,38.166
1752174758.966241,370744.000,58949,1,TH,1,100,38.166
1752174759.099241,370877.000,58964,1,TH,1,100,38.226
1752174759.232241,371010.000,58981,1,TH,1,100,38.226
1752174759.366241,371144.000,59000,1,TH,1,100,38.192
1752174759.499241,371277.000,59017,1,TH,1,100,38.192
1752174759.632241,371410.000,59049,1,TH,1,100,38.238
1752174759.765241,371543.000,59065,1,TH,1,100,38.238
1752174759.899241,371677.000,59082,1,TH,1,100,38.192
1752174760.032241,371810.000,59118,1,TH,1,100,38.200
1752174760.165241,371943.000,59134,1,TH,1,100,38.176
1752174760.299241,372077.000,59151,1,TH,1,100,38.176
1752174760.432241,372210.000,59183,1,TH,1,100,38.308
1752174760.565241,372343.000,59199,1,TH,1,100,38.308
1752174760.699241,372477.000,59219,1,TH,1,100,38.260
1752174760.832241,372610.000,59250,1,TH,1,100,38.260
1752174760.965241,372743.000,59266,1,TH,1,100,38.224
1752174761.099241,372877.000,59284,1,TH,1,100,38.224
1752174761.232241,373010.000,59317,1,TH,1,100,38.188
1752174761.365241,373143.000,59334,1,TH,1,100,38.188
1752174761.499241,373277.000,59351,1,TH,1,100,38.284
1752174761.632241,373410.000,59383,1,TH,1,100,38.291
1752174761.765241,373543.000,59399,1,TH,1,100,38.260
1752174761.899241,373677.000,59418,1,TH,1,100,38.260
1752174762.032241,373810.000,59435,1,TH,1,100,38.212
1752174762.165241,373943.000,59466,1,TH,1,100,38.212
1752174762.299241,374077.000,59483,1,TH,1,100,38.224
1752174762.432241,374210.000,59502,1,TH,1,100,38.224
1752174762.565241,374343.000,59533,1,TH,1,100,38.265
1752174762.698241,374476.000,59551,1,TH,1,100,38.265
1752174762.832241,374610.000,59567,1,TH,1,100,38.296
1752174762.965241,374743.000,59599,1,TH,1,100,38.296
1752174763.098241,374876.000,59618,1,TH,1,100,38.214
1752174763.232241,375010.000,59634,1,TH,1,100,38.214
1752174763.365240,375143.000,59666,1,TH,1,100,38.303
1752174763.498240,375276.000,59683,1,TH,1,100,38.303
1752174763.632240,375410.000,59699,1,TH,1,100,38.185
1752174763.765240,375543.000,59733,1,TH,1,100,38.185
1752174763.898240,375676.000,59750,1,TH,1,100,38.187
1752174764.032240,375810.000,59767,1,TH,1,100,38.195
1752174764.165240,375943.000,59789,1,TH,1,100,38.277
1752174764.298240,376076.000,59805,1,TH,1,100,38.277
1752174764.432240,376210.000,59839,1,TH,1,100,38.205
1752174764.565240,376343.000,59856,1,TH,1,100,38.204
1752174764.698240,376476.000,59873,1,TH,1,100,38.195
1752174764.832240,376610.000,59904,1,TH,1,100,38.195
1752174764.965240,376743.000,59921,1,TH,1,100,38.291
1752174765.098240,376876.000,59942,1,TH,1,100,38.291
1752174765.232240,377010.000,59973,1,TH,1,100,38.188
1752174765.365240,377143.000,59991,1,TH,1,100,38.188
1752174765.498240,377276.000,60007,1,TH,1,100,38.286
1752174765.632240,377410.000,60024,1,TH,1,100,38.294
1752174765.765240,377543.000,60058,1,TH,1,100,38.255
1752174765.898240,377676.000,60074,1,TH,1,100,38.255
1752174766.031240,377809.000,60092,1,TH,1,100,38.205
1752174766.165240,377943.000,60125,1,TH,1,100,38.205
1752174766.298240,378076.000,60141,1,TH,1,100,38.310
1752174766.432240,378210.000,60159,1,TH,1,100,38.311
1752174766.565240,378343.000,60190,1,TH,1,100,38.272
1752174766.698240,378476.000,60207,1,TH,1,100,38.272
1752174766.831240,378609.000,60226,1,TH,1,100,38.253
1752174766.965240,378743.000,60258,1,TH,1,100,38.253
1752174767.098240,378876.000,60274,1,TH,1,100,38.241
1752174767.231240,379009.000,60291,1,TH,1,100,38.241
1752174767.365240,379143.000,60323,1,TH,1,100,38.231
1752174767.498240,379276.000,60341,1,TH,1,100,38.238
1752174767.631240,379409.000,60358,1,TH,1,100,38.330
1752174767.765240,379543.000,60390,1,TH,1,100,38.330
1752174767.898240,379676.000,60406,1,TH,1,100,38.222
1752174768.031240,379809.000,60426,1,TH,1,100,38.222
1752174768.165240,379943.000,60442,1,TH,1,100,38.284
1752174768.298240,380076.000,60474,1,TH,1,100,38.284
1752174768.431240,380209.000,60491,1,TH,1,100,38.210
1752174768.565240,380343.000,60507,1,TH,1,100,38.209
1752174768.698240,380476.000,60541,1,TH,1,100,38.339
1752174768.831240,380609.000,60558,1,TH,1,100,38.339
1752174768.965240,380743.000,60574,1,TH,1,100,38.337
1752174769.098240,380876.000,60606,1,TH,1,100,38.344
1752174769.231240,381009.000,60630,1,TH,1,100,38.260
1752174769.364240,381142.000,60647,1,TH,1,100,38.260
1752174769.498240,381276.000,60664,1,TH,1,100,38.248
1752174769.631240,381409.000,60680,1,TH,1,100,38.248
1752174769.764240,381542.000,60712,1,TH,1,100,38.282
1752174769.898240,381676.000,60731,1,TH,1,100,38.282
1752174770.031240,381809.000,60748,1,TH,1,100,38.282
1752174770.164240,381942.000,60781,1,TH,1,100,38.282
1752174770.298240,382076.000,60798,1,TH,1,100,38.229
1752174770.431240,382209.000,60815,1,TH,1,100,38.229
1752174770.565240,382343.000,60848,1,TH,1,100,38.313
1752174770.698240,382476.000,60866,1,TH,1,100,38.313
1752174770.831240,382609.000,60882,1,TH,1,100,38.277
1752174770.964240,382742.000,60914,1,TH,1,100,38.284
1752174771.098240,382876.000,60933,1,TH,1,100,38.320
1752174771.231240,383009.000,60949,1,TH,1,100,38.320
1752174771.364240,383142.000,60981,1,TH,1,100,38.325
1752174771.498240,383276.000,60998,1,TH,1,100,38.325
1752174771.631240,383409.000,61014,1,TH,1,100,38.328
1752174771.764240,383542.000,61032,1,TH,1,100,38.328
1752174771.898240,383676.000,61065,1,TH,1,100,38.304
1752174772.031240,383809.000,61082,1,TH,1,100,38.303
1752174772.164240,383942.000,61099,1,TH,1,100,38.289
1752174772.298240,384076.000,61131,1,TH,1,100,38.289
1752174772.431240,384209.000,61149,1,TH,1,100,38.313
1752174772.564240,384342.000,61166,1,TH,1,100,38.313
1752174772.698240,384476.000,61198,1,TH,1,100,38.236
1752174772.831240,384609.000,61214,1,TH,1,100,38.243
1752174772.964240,384742.000,61231,1,TH,1,100,38.316
1752174773.098240,384876.000,61265,1,TH,1,100,38.316
1752174773.231240,385009.000,61281,1,TH,1,100,38.248
1752174773.364240,385142.000,61299,1,TH,1,100,38.248
1752174773.497240,385275.000,61330,1,TH,1,100,38.222
1752174773.631240,385409.000,61348,1,TH,1,100,38.222
1752174773.764240,385542.000,61366,1,TH,1,100,38.337
1752174773.897240,385675.000,61397,1,TH,1,100,38.337
1752174774.031240,385809.000,61414,1,TH,1,100,38.253
1752174774.164240,385942.000,61431,1,TH,1,100,38.253
1752174774.297240,386075.000,61449,1,TH,1,100,38.308
1752174774.431240,386209.000,61472,1,TH,1,100,38.316
1752174774.564240,386342.000,61488,1,TH,1,100,38.316
1752174774.697240,386475.000,61520,1,TH,1,100,38.316
1752174774.831240,386609.000,61537,1,TH,1,100,38.318
1752174774.964240,386742.000,61555,1,TH,1,100,38.318
1752174775.097239,386875.000,61589,1,TH,1,100,38.330
1752174775.231239,387009.000,61606,1,TH,1,100,38.330
1752174775.364239,387142.000,61623,1,TH,1,100,38.299
1752174775.497239,387275.000,61654,1,TH,1,100,38.299
1752174775.631239,387409.000,61673,1,TH,1,100,38.325
1752174775.764239,387542.000,61690,1,TH,1,100,38.325
1752174775.897239,387675.000,61721,1,TH,1,100,38.328
1752174776.031239,387809.000,61739,1,TH,1,100,38.328
1752174776.164239,387942.000,61755,1,TH,1,100,38.277
1752174776.297239,388075.000,61789,1,TH,1,100,38.284
1752174776.430239,388208.000,61806,1,TH,1,100,38.321
1752174776.564239,388342.000,61822,1,TH,1,100,38.321
1752174776.697239,388475.000,61856,1,TH,1,100,38.273
1752174776.830239,388608.000,61873,1,TH,1,100,38.273
1752174776.964239,388742.000,61889,1,TH,1,100,38.268
1752174777.097239,388875.000,61907,1,TH,1,100,38.268
1752174777.230239,389008.000,61938,1,TH,1,100,38.289
1752174777.364239,389142.000,61955,1,TH,1,100,38.289
1752174777.497239,389275.000,61974,1,TH,1,100,38.340
1752174777.630239,389408.000,62006,1,TH,1,100,38.347
1752174777.764239,389542.000,62022,1,TH,1,100,38.352
1752174777.897239,389675.000,62039,1,TH,1,100,38.352
1752174778.030239,389808.000,62073,1,TH,1,100,38.306
1752174778.164239,389942.000,62089,1,TH,1,100,38.306
1752174778.297239,390075.000,62106,1,TH,1,100,38.311
1752174778.430239,390208.000,62138,1,TH,1,100,38.311
1752174778.564239,390342.000,62154,1,TH,1,100,38.366
1752174778.697239,390475.000,62174,1,TH,1,100,38.366
1752174778.830239,390608.000,62205,1,TH,1,100,38.304
1752174778.964239,390742.000,62221,1,TH,1,100,38.304
1752174779.097239,390875.000,62239,1,TH,1,100,38.265
1752174779.230239,391008.000,62272,1,TH,1,100,38.265
1752174779.364239,391142.000,62289,1,TH,1,100,38.299
1752174779.497239,391275.000,62311,1,TH,1,100,38.299
1752174779.630239,391408.000,62327,1,TH,1,100,38.325
1752174779.763239,391541.000,62345,1,TH,1,100,38.333
1752174779.897239,391675.000,62378,1,TH,1,100,38.318
1752174780.030239,391808.000,62395,1,TH,1,100,38.318
1752174780.163239,391941.000,62414,1,TH,1,100,38.328
1752174780.297239,392075.000,62446,1,TH,1,100,38.328
1752174780.430239,392208.000,62464,1,TH,1,100,38.352
1752174780.563239,392341.000,62481,1,TH,1,100,38.352
1752174780.697239,392475.000,62513,1,TH,1,100,38.338
1752174780.830239,392608.000,62529,1,TH,1,100,38.337
1752174780.963239,392741.000,62546,1,TH,1,100,38.352
1752174781.097239,392875.000,62565,1,TH,1,100,38.352
1752174781.230239,393008.000,62596,1,TH,1,100,38.311
1752174781.363239,393141.000,62614,1,TH,1,100,38.311
1752174781.497239,393275.000,62630,1,TH,1,100,38.376
1752174781.630239,393408.000,62664,1,TH,1,100,38.383
1752174781.763239,393541.000,62681,1,TH,1,100,38.338
1752174781.897239,393675.000,62697,1,TH,1,100,38.338
1752174782.030239,393808.000,62729,1,TH,1,100,38.371
1752174782.163239,393941.000,62746,1,TH,1,100,38.371
1752174782.297239,394075.000,62764,1,TH,1,100,38.278
1752174782.430239,394208.000,62796,1,TH,1,100,38.277
1752174782.563239,394341.000,62813,1,TH,1,100,38.451
1752174782.697239,394475.000,62830,1,TH,1,100,38.451
1752174782.830239,394608.000,62863,1,TH,1,100,38.369
1752174782.963239,394741.000,62880,1,TH,1,100,38.369
1752174783.096239,394874.000,62897,1,TH,1,100,38.362
1752174783.230239,395008.000,62914,1,TH,1,100,38.362
1752174783.363239,395141.000,62946,1,TH,1,100,38.350
1752174783.496239,395274.000,62962,1,TH,1,100,38.357
1752174783.630239,395408.000,62981,1,TH,1,100,38.374
1752174783.763239,395541.000,63013,1,TH,1,100,38.374
1752174783.896239,395674.000,63029,1,TH,1,100,38.328
1752174784.030239,395808.000,63047,1,TH,1,100,38.328
1752174784.163239,395941.000,63080,1,TH,1,100,38.328
1752174784.296239,396074.000,63096,1,TH,1,100,38.328
1752174784.430239,396208.000,63114,1,TH,1,100,38.362
1752174784.563239,396341.000,63151,2,TH,1,100,38.362
1752174784.696239,396474.000,63151,2,TH,1,100,38.321
1752174784.830239,396608.000,63184,1,TH,1,100,38.321
1752174784.963239,396741.000,63200,1,TH,1,100,38.417
1752174785.096239,396874.000,63220,1,TH,1,100,38.417
1752174785.230239,397008.000,63251,1,TH,1,100,38.410
1752174785.363239,397141.000,63268,1,TH,1,100,38.417
1752174785.496239,397274.000,63287,1,TH,1,100,38.307
1752174785.630239,397408.000,63319,1,TH,1,100,38.307
1752174785.763239,397541.000,63335,1,TH,1,100,38.408
1752174785.896239,397674.000,63352,1,TH,1,100,38.408
1752174786.030239,397808.000,63386,1,TH,1,100,38.393
1752174786.163239,397941.000,63402,1,TH,1,100,38.393
1752174786.296239,398074.000,63419,1,TH,1,100,38.403
1752174786.429239,398207.000,63451,1,TH,1,100,38.403
1752174786.563239,398341.000,63467,1,TH,1,100,38.432
1752174786.696238,398474.000,63487,1,TH,1,100,38.432
1752174786.829238,398607.000,63518,1,TH,1,100,38.420
1752174786.963238,398741.000,63535,1,TH,1,100,38.427
1752174787.096238,398874.000,63552,1,TH,1,100,38.348
1752174787.229238,399007.000,63568,1,TH,1,100,38.348
1752174787.363238,399141.000,63602,1,TH,1,100,38.480
1752174787.496238,399274.000,63619,1,TH,1,100,38.480
1752174787.629238,399407.000,63635,1,TH,1,100,38.439
1752174787.763238,399541.000,63667,1,TH,1,100,38.439
1752174787.896238,399674.000,63684,1,TH,1,100,38.350
1752174788.029238,399807.000,63703,1,TH,1,100,38.350
1752174788.163238,399941.000,63734,1,TH,1,100,38.400
1752174788.296238,400074.000,63751,1,TH,1,100,38.400
1752174788.429238,400207.000,63768,1,TH,1,100,38.326
1752174788.563238,400341.000,63801,1,TH,1,100,38.333
1752174788.696238,400474.000,63819,1,TH,1,100,38.369
1752174788.829238,400607.000,63835,1,TH,1,100,38.369
1752174788.962238,400740.000,63867,1,TH,1,100,38.446
1752174789.096238,400874.000,63884,1,TH,1,100,38.446
1752174789.229238,401007.000,63902,1,TH,1,100,38.341
1752174789.362238,401140.000,63934,1,TH,1,100,38.341
1752174789.496238,401274.000,63951,1,TH,1,100,38.365
1752174789.629238,401407.000,63967,1,TH,1,100,38.365
1752174789.762238,401540.000,63992,1,TH,1,100,38.350
1752174789.896238,401674.000,64008,1,TH,1,100,38.350
1752174790.029238,401807.000,64042,1,TH,1,100,38.422
1752174790.162238,401940.000,64059,1,TH,1,100,38.422
1752174790.296238,402074.000,64075,1,TH,1,100,38.401
1752174790.429238,402207.000,64109,1,TH,1,100,38.408
1752174790.562238,402340.000,64126,1,TH,1,100,38.480
1752174790.696238,402474.000,64143,1,TH,1,100,38.480
1752174790.829238,402607.000,64176,1,TH,1,100,38.387
1752174790.962238,402740.000,64193,1,TH,1,100,38.386
1752174791.096238,402874.000,64210,1,TH,1,100,38.384
1752174791.229238,403007.000,64227,1,TH,1,100,38.384
1752174791.362238,403140.000,64259,1,TH,1,100,38.497
1752174791.496238,403274.000,64275,1,TH,1,100,38.497
1752174791.629238,403407.000,64294,1,TH,1,100,38.434
1752174791.762238,403540.000,64326,1,TH,1,100,38.434
1752174791.896238,403674.000,64342,1,TH,1,100,38.386
1752174792.029238,403807.000,64360,1,TH,1,100,38.386
1752174792.162238,403940.000,64393,1,TH,1,100,38.372
1752174792.296238,404074.000,64409,1,TH,1,100,38.372
1752174792.429238,404207.000,64427,1,TH,1,100,38.362
1752174792.562238,404340.000,64458,1,TH,1,100,38.370
1752174792.695238,404473.000,64475,1,TH,1,100,38.398
1752174792.829238,404607.000,64494,1,TH,1,100,38.398
1752174792.962238,404740.000,64526,1,TH,1,100,38.384
1752174793.095238,404873.000,64542,1,TH,1,100,38.384
1752174793.229238,405007.000,64559,1,TH,1,100,38.297
1752174793.362238,405140.000,64593,1,TH,1,100,38.297
1752174793.496238,405274.000,64609,1,TH,1,100,38.410
1752174793.629238,405407.000,64626,1,TH,1,100,38.410
1752174793.762238,405540.000,64643,1,TH,1,100,38.502
1752174793.895238,405673.000,64674,1,TH,1,100,38.502
1752174794.029238,405807.000,64692,1,TH,1,100,38.430
1752174794.162238,405940.000,64710,1,TH,1,100,38.430
1752174794.295238,406073.000,64742,1,TH,1,100,38.391
1752174794.429238,406207.000,64759,1,TH,1,100,38.399
1752174794.562238,406340.000,64775,1,TH,1,100,38.411
1752174794.695238,406473.000,64807,1,TH,1,100,38.411
1752174794.829238,406607.000,64831,1,TH,1,100,38.459
1752174794.962238,406740.000,64848,1,TH,1,100,38.459
1752174795.095238,406873.000,64867,1,TH,1,100,38.418
1752174795.229238,407007.000,64883,1,TH,1,100,38.418
1752174795.362238,407140.000,64917,1,TH,1,100,38.401
1752174795.495238,407273.000,64934,1,TH,1,100,38.401
1752174795.629238,407407.000,64950,1,TH,1,100,38.480
1752174795.762238,407540.000,64982,1,TH,1,100,38.480
1752174795.895238,407673.000,64999,1,TH,1,100,38.427
1752174796.028238,407806.000,65016,1,TH,1,100,38.427
1752174796.162238,407940.000,65049,1,TH,1,100,38.447
1752174796.295238,408073.000,65066,1,TH,1,100,38.447
1752174796.428238,408206.000,65083,1,TH,1,100,38.434
1752174796.562238,408340.000,65114,1,TH,1,100,38.442
1752174796.695238,408473.000,65134,1,TH,1,100,38.483
1752174796.828238,408606.000,65150,1,TH,1,100,38.483
1752174796.962238,408740.000,65182,1,TH,1,100,38.423
1752174797.095238,408873.000,65199,1,TH,1,100,38.423
1752174797.228238,409006.000,65215,1,TH,1,100,38.444
1752174797.362238,409140.000,65235,1,TH,1,100,38.444
1752174797.495238,409273.000,65266,1,TH,1,100,38.442
1752174797.628238,409406.000,65282,1,TH,1,100,38.442
1752174797.762238,409540.000,65300,1,TH,1,100,38.524
1752174797.895238,409673.000,65331,1,TH,1,100,38.524
1752174798.028238,409806.000,65350,1,TH,1,100,38.406
1752174798.162238,409940.000,65367,1,TH,1,100,38.406
1752174798.295238,410073.000,65399,1,TH,1,100,38.444
1752174798.428237,410206.000,65415,1,TH,1,100,38.444
1752174798.562237,410340.000,65434,1,TH,1,100,38.516
1752174798.695237,410473.000,65466,1,TH,1,100,38.524
1752174798.828237,410606.000,65482,1,TH,1,100,38.572
1752174798.962237,410740.000,65499,1,TH,1,100,38.572
1752174799.095237,410873.000,65531,1,TH,1,100,38.397
1752174799.228237,411006.000,11,1,TH,1,100,38.396
1752174799.361237,411139.000,31,1,TH,1,100,38.437
1752174799.495237,411273.000,62,1,TH,1,100,38.437
1752174799.628237,411406.000,78,1,TH,1,100,38.500
1752174799.761237,411539.000,98,1,TH,1,100,38.500
1752174799.895237,411673.000,134,1,TH,1,100,38.444
1752174800.028237,411806.000,153,1,TH,1,100,38.444
1752174800.161237,411939.000,170,1,TH,1,100,38.461
1752174800.295237,412073.000,186,1,TH,1,100,38.461
1752174800.428237,412206.000,220,1,TH,1,100,38.430
1752174800.561237,412339.000,237,1,TH,1,100,38.437
1752174800.694737,412472.500,255,2,TH,1,100,38.411
1752174800.828237,412606.000,255,2,TH,1,100,38.411
1752174800.961487,412739.250,279,8,TH,1,100,38.461
1752174801.094737,412872.500,279,8,TH,1,100,38.461
1752174801.227987,413005.750,279,8,TH,1,100,38.471
1752174801.361237,413139.000,279,8,TH,1,100,38.471
1752174801.494487,413272.250,279,8,TH,1,100,38.478
1752174801.627737,413405.500,279,8,TH,1,100,38.478
1752174801.760987,413538.750,279,8,TH,1,100,38.509
1752174801.894237,413672.000,279,8,TH,1,100,38.509
1752174802.027571,413805.333,307,12,TH,1,100,38.473
1752174802.160904,413938.667,307,12,TH,1,100,38.481
1752174802.294237,414072.000,307,12,TH,1,100,38.452
1752174802.427570,414205.333,307,12,TH,1,100,38.452
1752174802.560904,414338.667,307,12,TH,1,100,38.469
1752174802.694237,414472.000,307,12,TH,1,100,38.469
1752174802.827570,414605.333,307,12,TH,1,100,38.490
1752174802.960904,414738.667,307,12,TH,1,100,38.490
1752174803.094237,414872.000,307,12,TH,1,100,38.462
1752174803.227570,415005.333,307,12,TH,1,100,38.461
1752174803.360904,415138.667,307,12,TH,1,100,38.416
1752174803.494237,415272.000,307,12,TH,1,100,38.416
1752174803.627570,415405.333,325,3,TH,1,100,38.584
1752174803.760904,415538.667,325,3,TH,1,100,38.584
1752174803.894237,415672.000,325,3,TH,1,100,38.377
1752174804.028237,415806.000,342,1,TH,1,100,38.377
1752174804.161237,415939.000,361,1,TH,1,100,38.493
1752174804.294237,416072.000,393,1,TH,1,100,38.500
1752174804.428237,416206.000,409,1,TH,1,100,38.627
1752174804.561237,416339.000,426,1,TH,1,100,38.627
1752174804.694237,416472.000,458,1,TH,1,100,38.481
1752174804.828237,416606.000,476,1,TH,1,100,38.481
1752174804.961237,416739.000,493,1,TH,1,100,38.488
1752174805.094237,416872.000,532,1,TH,1,100,38.488
1752174805.228237,417006.000,548,1,TH,1,100,38.517
1752174805.361237,417139.000,568,1,TH,1,100,38.517
1752174805.494237,417272.000,599,1,TH,1,100,38.531
1752174805.628237,417406.000,615,1,TH,1,100,38.531
1752174805.761237,417539.000,633,1,TH,1,100,38.517
1752174805.894237,417672.000,664,1,TH,1,100,38.524
1752174806.028237,417806.000,681,1,TH,1,100,38.507
1752174806.161237,417939.000,700,1,TH,1,100,38.507
1752174806.294237,418072.000,716,1,TH,1,100,38.507
1752174806.428237,418206.000,748,1,TH,1,100,38.507
1752174806.561237,418339.000,767,1,TH,1,100,38.450
1752174806.694237,418472.000,784,1,TH,1,100,38.450
1752174806.827237,418605.000,815,1,TH,1,100,38.474
1752174806.961237,418739.000,832,1,TH,1,100,38.474
1752174807.094237,418872.000,849,1,TH,1,100,38.529
1752174807.227237,419005.000,882,1,TH,1,100,38.529
1752174807.361237,419139.000,900,1,TH,1,100,38.503
1752174807.494237,419272.000,916,1,TH,1,100,38.503
1752174807.627237,419405.000,948,1,TH,1,100,38.514
1752174807.761237,419539.000,965,1,TH,1,100,38.522
1752174807.894237,419672.000,981,1,TH,1,100,38.510
1752174808.027237,419805.000,1015,1,TH,1,100,38.510
1752174808.161237,419939.000,1032,1,TH,1,100,38.479
1752174808.294237,420072.000,1048,1,TH,1,100,38.479
1752174808.427237,420205.000,1082,1,TH,1,100,38.519
1752174808.561237,420339.000,1099,1,TH,1,100,38.519
1752174808.694237,420472.000,1116,1,TH,1,100,38.519
1752174808.827237,420605.000,1147,1,TH,1,100,38.527
1752174808.961237,420739.000,1167,1,TH,1,100,38.512
1752174809.094237,420872.000,1183,1,TH,1,100,38.512
1752174809.227237,421005.000,1200,1,TH,1,100,38.527
1752174809.361237,421139.000,1232,1,TH,1,100,38.527
1752174809.494237,421272.000,1250,1,TH,1,100,38.445
1752174809.627237,421405.000,1267,1,TH,1,100,38.445
1752174809.760237,421538.000,1299,1,TH,1,100,38.467
1752174809.894237,421672.000,1315,1,TH,1,100,38.467
1752174810.027237,421805.000,1333,1,TH,1,100,38.556
1752174810.160236,421938.000,1357,1,TH,1,100,38.556
1752174810.294236,422072.000,1376,1,TH,1,100,38.555
1752174810.427236,422205.000,1393,1,TH,1,100,38.555
1752174810.560236,422338.000,1409,1,TH,1,100,38.515
1752174810.694236,422472.000,1443,1,TH,1,100,38.515
1752174810.827236,422605.000,1462,1,TH,1,100,38.491
1752174810.960236,422738.000,1478,1,TH,1,100,38.498
1752174811.094236,422872.000,1510,1,TH,1,100,38.570
1752174811.227236,423005.000,1527,1,TH,1,100,38.570
1752174811.360236,423138.000,1544,1,TH,1,100,38.489
1752174811.494236,423272.000,1577,1,TH,1,100,38.488
1752174811.627236,423405.000,1594,1,TH,1,100,38.522
1752174811.760236,423538.000,1611,1,TH,1,100,38.522
1752174811.894236,423672.000,1642,1,TH,1,100,38.541
1752174812.027236,423805.000,1662,1,TH,1,100,38.541
1752174812.160236,423938.000,1678,1,TH,1,100,38.472
1752174812.293236,424071.000,1710,1,TH,1,100,38.472
1752174812.427236,424205.000,1727,1,TH,1,100,38.582
1752174812.560236,424338.000,1745,1,TH,1,100,38.582
1752174812.693236,424471.000,1777,1,TH,1,100,38.527
1752174812.827236,424605.000,1794,1,TH,1,100,38.527
1752174812.960236,424738.000,1810,1,TH,1,100,38.584
1752174813.094236,424872.000,1830,1,TH,1,100,38.592
1752174813.227236,425005.000,1861,1,TH,1,100,38.513
1752174813.360236,425138.000,1878,1,TH,1,100,38.513
1752174813.493236,425271.000,1895,1,TH,1,100,38.529
1752174813.627236,425405.000,1929,1,TH,1,100,38.529
1752174813.760236,425538.000,1945,1,TH,1,100,38.537
1752174813.893236,425671.000,1962,1,TH,1,100,38.537
1752174814.027236,425805.000,1994,1,TH,1,100,38.561
1752174814.160236,425938.000,2010,1,TH,1,100,38.561
1752174814.293236,426071.000,2029,1,TH,1,100,38.537
1752174814.427236,426205.000,2061,1,TH,1,100,38.537
1752174814.560236,426338.000,2077,1,TH,1,100,38.505
1752174814.693236,426471.000,2095,1,TH,1,100,38.505
1752174814.827236,426605.000,2128,1,TH,1,100,38.505
1752174814.960236,426738.000,2144,1,TH,1,100,38.513
1752174815.093236,426871.000,2164,1,TH,1,100,38.530
1752174815.227236,427005.000,2202,1,TH,1,100,38.530
1752174815.360236,427138.000,2219,1,TH,1,100,38.472
1752174815.493236,427271.000,2238,1,TH,1,100,38.472
1752174815.627236,427405.000,2254,1,TH,1,100,38.554
1752174815.760236,427538.000,2286,1,TH,1,100,38.554
1752174815.893236,427671.000,2303,1,TH,1,100,38.534
1752174816.026236,427804.000,2320,1,TH,1,100,38.534
1752174816.160236,427938.000,2353,1,TH,1,100,38.503
1752174816.293236,428071.000,2370,1,TH,1,100,38.503
1752174816.426236,428204.000,2387,1,TH,1,100,38.589
1752174816.560236,428338.000,2418,1,TH,1,100,38.597
1752174816.693236,428471.000,2438,1,TH,1,100,38.563
1752174816.826236,428604.000,2454,1,TH,1,100,38.563
1752174816.960236,428738.000,2486,1,TH,1,100,38.609
1752174817.093236,428871.000,2503,1,TH,1,100,38.609
1752174817.226236,429004.000,2519,1,TH,1,100,38.467
1752174817.360236,429138.000,2553,1,TH,1,100,38.467
1752174817.493236,429271.000,2570,1,TH,1,100,38.618
1752174817.626236,429404.000,2586,1,TH,1,100,38.618
1752174817.760236,429538.000,2604,1,TH,1,100,38.611
1752174817.893236,429671.000,2637,1,TH,1,100,38.611
1752174818.026236,429804.000,2654,1,TH,1,100,38.539
1752174818.160236,429938.000,2671,1,TH,1,100,38.547
1752174818.293236,430071.000,2703,1,TH,1,100,38.554
1752174818.426236,430204.000,2719,1,TH,1,100,38.554
1752174818.560236,430338.000,2736,1,TH,1,100,38.568
1752174818.693236,430471.000,2770,1,TH,1,100,38.568
1752174818.826236,430604.000,2786,1,TH,1,100,38.532
1752174818.960236,430738.000,2803,1,TH,1,100,38.532
1752174819.093236,430871.000,2837,1,TH,1,100,38.573
1752174819.226236,431004.000,2853,1,TH,1,100,38.573
1752174819.360236,431138.000,2871,1,TH,1,100,38.607
1752174819.493236,431271.000,2902,1,TH,1,100,38.607
1752174819.626236,431404.000,2918,1,TH,1,100,38.554
1752174819.759236,431537.000,2936,1,TH,1,100,38.554
1752174819.893236,431671.000,2969,1,TH,1,100,38.559
1752174820.026236,431804.000,2988,1,TH,1,100,38.559
1752174820.159236,431937.000,3005,1,TH,1,100,38.494
1752174820.293236,432071.000,3021,1,TH,1,100,38.494
1752174820.426236,432204.000,3060,1,TH,1,100,38.530
1752174820.559236,432337.000,3077,1,TH,1,100,38.537
1752174820.693236,432471.000,3094,1,TH,1,100,38.542
1752174820.826236,432604.000,3125,1,TH,1,100,38.542
1752174820.959236,432737.000,3142,1,TH,1,100,38.568
1752174821.093236,432871.000,3161,1,TH,1,100,38.568
1752174821.226236,433004.000,3192,1,TH,1,100,38.496
1752174821.359236,433137.000,3210,1,TH,1,100,38.496
1752174821.493236,433271.000,3226,1,TH,1,100,38.585
1752174821.626236,433404.000,3258,1,TH,1,100,38.585
1752174821.759236,433537.000,3277,1,TH,1,100,38.604
1752174821.893235,433671.000,3293,1,TH,1,100,38.604
1752174822.026235,433804.000,3325,1,TH,1,100,38.604
1752174822.159235,433937.000,3342,1,TH,1,100,38.604
1752174822.293235,434071.000,3360,1,TH,1,100,38.518
1752174822.426235,434204.000,3378,1,TH,1,100,38.518
1752174822.559235,434337.000,3409,1,TH,1,100,38.549
1752174822.692235,434470.000,3426,1,TH,1,100,38.557
1752174822.826235,434604.000,3445,1,TH,1,100,38.614
1752174822.959235,434737.000,3477,1,TH,1,100,38.614
1752174823.093235,434871.000,3493,1,TH,1,100,38.583
1752174823.226235,435004.000,3510,1,TH,1,100,38.583
1752174823.359235,435137.000,3544,1,TH,1,100,38.549
1752174823.492235,435270.000,3560,1,TH,1,100,38.549
1752174823.626235,435404.000,3577,1,TH,1,100,38.609
1752174823.759235,435537.000,3609,1,TH,1,100,38.609
1752174823.892235,435670.000,3625,1,TH,1,100,38.612
1752174824.026235,435804.000,3645,1,TH,1,100,38.612
1752174824.159235,435937.000,3676,1,TH,1,100,38.518
1752174824.293235,436071.000,3693,1,TH,1,100,38.518
1752174824.426235,436204.000,3710,1,TH,1,100,38.537
1752174824.559235,436337.000,3726,1,TH,1,100,38.537
1752174824.692235,436470.000,3760,1,TH,1,100,38.592
1752174824.826235,436604.000,3777,1,TH,1,100,38.600
1752174824.959235,436737.000,3793,1,TH,1,100,38.595
1752174825.092235,436870.000,3827,1,TH,1,100,38.595
1752174825.226235,437004.000,3846,1,TH,1,100,38.463
1752174825.359235,437137.000,3863,1,TH,1,100,38.463
1752174825.492235,437270.000,3899,1,TH,1,100,38.533
1752174825.626235,437404.000,3916,1,TH,1,100,38.533
1752174825.759235,437537.000,3933,1,TH,1,100,38.660
1752174825.892235,437670.000,3966,1,TH,1,100,38.660
1752174826.026235,437804.000,3984,1,TH,1,100,38.562
1752174826.159235,437937.000,4000,1,TH,1,100,38.561
1752174826.292235,438070.000,4032,1,TH,1,100,38.595
1752174826.426235,438204.000,4049,1,TH,1,100,38.595
1752174826.559235,438337.000,4067,1,TH,1,100,38.633
1752174826.692235,438470.000,4085,1,TH,1,100,38.633
1752174826.825235,438603.000,4116,1,TH,1,100,38.530
1752174826.959235,438737.000,4132,1,TH,1,100,38.530
1752174827.092235,438870.000,4150,1,TH,1,100,38.660
1752174827.225235,439003.000,4183,1,TH,1,100,38.667
1752174827.359235,439137.000,4200,1,TH,1,100,38.542
1752174827.492235,439270.000,4217,1,TH,1,100,38.542
1752174827.625235,439403.000,4249,1,TH,1,100,38.650
1752174827.759235,439537.000,4265,1,TH,1,100,38.650
1752174827.892235,439670.000,4284,1,TH,1,100,38.658
1752174828.025235,439803.000,4316,1,TH,1,100,38.658
1752174828.159235,439937.000,4332,1,TH,1,100,38.677
1752174828.292235,440070.000,4349,1,TH,1,100,38.677
1752174828.425235,440203.000,4369,1,TH,1,100,38.641
1752174828.558568,440336.333,4390,6,TH,1,100,38.641
1752174828.691902,440469.667,4390,6,TH,1,100,38.653
1752174828.825235,440603.000,4390,6,TH,1,100,38.653
1752174828.958568,440736.333,4390,6,TH,1,100,38.622
1752174829.091902,440869.667,4390,6,TH,1,100,38.622
1752174829.225235,441003.000,4390,6,TH,1,100,38.583
1752174829.358635,441136.400,4411,5,TH,1,100,38.583
1752174829.492035,441269.800,4411,5,TH,1,100,38.550
1752174829.625435,441403.200,4411,5,TH,1,100,38.557
1752174829.758835,441536.600,4411,5,TH,1,100,38.718
1752174829.892235,441670.000,4411,5,TH,1,100,38.718
1752174830.025235,441803.000,4430,1,TH,1,100,38.720
1752174830.158235,441936.000,4449,1,TH,1,100,38.720
1752174830.292235,442070.000,4465,1,TH,1,100,38.631
1752174830.425235,442203.000,4483,1,TH,1,100,38.631
1752174830.558235,442336.000,4519,1,TH,1,100,38.595
1752174830.692235,442470.000,4536,1,TH,1,100,38.595
1752174830.825235,442603.000,4553,1,TH,1,100,38.641
1752174830.958235,442736.000,4571,1,TH,1,100,38.641
1752174831.092235,442870.000,4603,1,TH,1,100,38.694
1752174831.225235,443003.000,4620,1,TH,1,100,38.694
1752174831.358235,443136.000,4637,1,TH,1,100,38.593
1752174831.492235,443270.000,4670,1,TH,1,100,38.593
1752174831.625235,443403.000,4687,1,TH,1,100,38.624
1752174831.758235,443536.000,4704,1,TH,1,100,38.624
1752174831.892235,443670.000,4735,1,TH,1,100,38.653
1752174832.025235,443803.000,4753,1,TH,1,100,38.653
1752174832.158235,443936.000,4771,1,TH,1,100,38.660
1752174832.292235,444070.000,4803,1,TH,1,100,38.668
1752174832.425235,444203.000,4820,1,TH,1,100,38.605
1752174832.558235,444336.000,4836,1,TH,1,100,38.605
1752174832.692235,444470.000,4870,1,TH,1,100,38.682
1752174832.825235,444603.000,4887,1,TH,1,100,38.682
1752174832.958235,444736.000,4903,1,TH,1,100,38.629
1752174833.091235,444869.000,4935,1,TH,1,100,38.629
1752174833.225235,445003.000,4952,1,TH,1,100,38.540
1752174833.358235,445136.000,4971,1,TH,1,100,38.540
1752174833.491234,445269.000,4988,1,TH,1,100,38.612
1752174833.625234,445403.000,5020,1,TH,1,100,38.612
1752174833.758234,445536.000,5036,1,TH,1,100,38.682
1752174833.891234,445669.000,5053,1,TH,1,100,38.682
1752174834.025234,445803.000,5087,1,TH,1,100,38.612
1752174834.158234,445936.000,5103,1,TH,1,100,38.620
1752174834.291234,446069.000,5120,1,TH,1,100,38.634
1752174834.425234,446203.000,5152,1,TH,1,100,38.634
1752174834.558234,446336.000,5170,1,TH,1,100,38.529
1752174834.691234,446469.000,5188,1,TH,1,100,38.528
1752174834.825234,446603.000,5219,1,TH,1,100,38.610
1752174834.958234,446736.000,5235,1,TH,1,100,38.610
1752174835.091234,446869.000,5255,1,TH,1,100,38.663
1752174835.225234,447003.000,5288,1,TH,1,100,38.663
1752174835.358234,447136.000,5305,1,TH,1,100,38.636
1752174835.491234,447269.000,5322,1,TH,1,100,38.636
1752174835.625234,447403.000,5338,1,TH,1,100,38.687
1752174835.758234,447536.000,5375,1,TH,1,100,38.687
1752174835.891234,447669.000,5394,1,TH,1,100,38.589
1752174836.024234,447802.000,5411,1,TH,1,100,38.588
1752174836.158234,447936.000,5442,1,TH,1,100,38.632
1752174836.291234,448069.000,5459,1,TH,1,100,38.639
1752174836.424234,448202.000,5478,1,TH,1,100,38.689
1752174836.558234,448336.000,5509,1,TH,1,100,38.682
1752174836.691234,448469.000,5527,1,TH,1,100,38.644
1752174836.824234,448602.000,5543,1,TH,1,100,38.651
1752174836.958234,448736.000,5575,1,TH,1,100,38.644
1752174837.091234,448869.000,5594,1,TH,1,100,38.644
1752174837.224234,449002.000,5610,1,TH,1,100,38.670
1752174837.358234,449136.000,5642,1,TH,1,100,38.670
1752174837.491234,449269.000,5659,1,TH,1,100,38.680
1752174837.624234,449402.000,5675,1,TH,1,100,38.680
1752174837.758234,449536.000,5709,1,TH,1,100,38.577
1752174837.891234,449669.000,5726,1,TH,1,100,38.577
1752174838.024234,449802.000,5743,1,TH,1,100,38.653
1752174838.158234,449936.000,5760,1,TH,1,100,38.653
1752174838.291234,450069.000,5794,1,TH,1,100,38.632
1752174838.424234,450202.000,5810,1,TH,1,100,38.632
1752174838.558234,450336.000,5827,1,TH,1,100,38.706
1752174838.691234,450469.000,5859,1,TH,1,100,38.706
1752174838.824234,450602.000,5877,1,TH,1,100,38.673
1752174838.958234,450736.000,5894,1,TH,1,100,38.680
1752174839.091234,450869.000,5926,1,TH,1,100,38.646
1752174839.224234,451002.000,5942,1,TH,1,100,38.639
1752174839.357234,451135.000,5960,1,TH,1,100,38.730
1752174839.491234,451269.000,5993,1,TH,1,100,38.738
1752174839.624234,451402.000,6010,1,TH,1,100,38.654
1752174839.757234,451535.000,6027,1,TH,1,100,38.654
1752174839.891234,451669.000,6043,1,TH,1,100,38.673
1752174840.024234,451802.000,6077,1,TH,1,100,38.673
1752174840.157234,451935.000,6096,1,TH,1,100,38.706
1752174840.291234,452069.000,6112,1,TH,1,100,38.706
1752174840.424234,452202.000,6144,1,TH,1,100,38.680
1752174840.557234,452335.000,6161,1,TH,1,100,38.680
1752174840.691234,452469.000,6178,1,TH,1,100,38.692
1752174840.824234,452602.000,6216,1,TH,1,100,38.692
1752174840.957234,452735.000,6233,1,TH,1,100,38.714
1752174841.091234,452869.000,6250,1,TH,1,100,38.714
1752174841.224234,453002.000,6281,1,TH,1,100,38.680
1752174841.357234,453135.000,6301,1,TH,1,100,38.680
1752174841.491234,453269.000,6317,1,TH,1,100,38.637
1752174841.624234,453402.000,6349,1,TH,1,100,38.637
1752174841.757234,453535.000,6366,1,TH,1,100,38.562
1752174841.891234,453669.000,6382,1,TH,1,100,38.570
1752174842.024234,453802.000,6416,1,TH,1,100,38.699
1752174842.157234,453935.000,6433,1,TH,1,100,38.692
1752174842.291234,454069.000,6449,1,TH,1,100,38.665
1752174842.424234,454202.000,6467,1,TH,1,100,38.673
1752174842.557234,454335.000,6500,1,TH,1,100,38.587
1752174842.691234,454469.000,6517,1,TH,1,100,38.586
1752174842.824234,454602.000,6534,1,TH,1,100,38.680
1752174842.957234,454735.000,6566,1,TH,1,100,38.680
1752174843.090234,454868.000,6582,1,TH,1,100,38.740
1752174843.224234,455002.000,6601,1,TH,1,100,38.740
1752174843.357234,455135.000,6633,1,TH,1,100,38.685
1752174843.490234,455268.000,6649,1,TH,1,100,38.685
1752174843.624234,455402.000,6666,1,TH,1,100,38.692
1752174843.757234,455535.000,6700,1,TH,1,100,38.692
1752174843.890234,455668.000,6716,1,TH,1,100,38.611
1752174844.024234,455802.000,6734,1,TH,1,100,38.610
1752174844.157234,455935.000,6765,1,TH,1,100,38.627
1752174844.290234,456068.000,6783,1,TH,1,100,38.627
1752174844.424234,456202.000,6801,1,TH,1,100,38.680
1752174844.557234,456335.000,6817,1,TH,1,100,38.680
1752174844.690234,456468.000,6849,1,TH,1,100,38.637
1752174844.824234,456602.000,6866,1,TH,1,100,38.637
1752174844.957234,456735.000,6884,1,TH,1,100,38.797
1752174845.090234,456868.000,6918,1,TH,1,100,38.805
1752174845.224233,457002.000,6935,1,TH,1,100,38.628
1752174845.357233,457135.000,6952,1,TH,1,100,38.628
1752174845.490233,457268.000,6985,1,TH,1,100,38.711
1752174845.624233,457402.000,7002,1,TH,1,100,38.711
1752174845.757233,457535.000,7019,1,TH,1,100,38.656
1752174845.890233,457668.000,7055,1,TH,1,100,38.656
1752174846.024233,457802.000,7075,1,TH,1,100,38.759
1752174846.157233,457935.000,7091,1,TH,1,100,38.759
1752174846.290233,458068.000,7108,1,TH,1,100,38.661
1752174846.423233,458201.000,7140,1,TH,1,100,38.661
1752174846.557233,458335.000,7156,1,TH,1,100,38.721
1752174846.690233,458468.000,7176,1,TH,1,100,38.721
1752174846.823233,458601.000,7207,1,TH,1,100,38.711
1752174846.957233,458735.000,7223,1,TH,1,100,38.711
1752174847.090233,458868.000,7241,1,TH,1,100,38.699
1752174847.223233,459001.000,7274,1,TH,1,100,38.699
1752174847.357233,459135.000,7291,1,TH,1,100,38.743
1752174847.490233,459268.000,7308,1,TH,1,100,38.743
1752174847.623233,459401.000,7340,1,TH,1,100,38.724
1752174847.757233,459535.000,7358,1,TH,1,100,38.724
1752174847.890233,459668.000,7375,1,TH,1,100,38.620
1752174848.023233,459801.000,7392,1,TH,1,100,38.620
1752174848.157233,459935.000,7423,1,TH,1,100,38.673
1752174848.290233,460068.000,7442,1,TH,1,100,38.680
1752174848.423233,460201.000,7459,1,TH,1,100,38.748
1752174848.557233,460335.000,7490,1,TH,1,100,38.748
1752174848.690233,460468.000,7508,1,TH,1,100,38.678
1752174848.823233,460601.000,7524,1,TH,1,100,38.678
1752174848.957233,460735.000,7558,1,TH,1,100,38.762
1752174849.090233,460868.000,7575,1,TH,1,100,38.762
1752174849.223233,461001.000,7591,1,TH,1,100,38.697
1752174849.357233,461135.000,7625,1,TH,1,100,38.697
1752174849.490233,461268.000,7642,1,TH,1,100,38.719
1752174849.623233,461401.000,7658,1,TH,1,100,38.719
1752174849.757233,461535.000,7690,1,TH,1,100,38.668
1752174849.890233,461668.000,7707,1,TH,1,100,38.668
1752174850.023233,461801.000,7726,1,TH,1,100,38.683
1752174850.156233,461934.000,7759,1,TH,1,100,38.683
1752174850.290233,462068.000,7777,1,TH,1,100,38.721
1752174850.423233,462201.000,7793,1,TH,1,100,38.721
1752174850.556233,462334.000,7810,1,TH,1,100,38.709
1752174850.690233,462468.000,7844,1,TH,1,100,38.709
1752174850.823233,462601.000,7860,1,TH,1,100,38.743
1752174850.956233,462734.000,7877,1,TH,1,100,38.743
1752174851.090233,462868.000,7916,1,TH,1,100,38.685
1752174851.223233,463001.000,7932,1,TH,1,100,38.685
1752174851.356233,463134.000,7950,1,TH,1,100,38.712
1752174851.490233,463268.000,7981,1,TH,1,100,38.719
1752174851.623233,463401.000,7997,1,TH,1,100,38.659
1752174851.756233,463534.000,8017,1,TH,1,100,38.659
1752174851.890233,463668.000,8048,1,TH,1,100,38.779
1752174852.023233,463801.000,8065,1,TH,1,100,38.779
1752174852.156233,463934.000,8082,1,TH,1,100,38.729
1752174852.290233,464068.000,8098,1,TH,1,100,38.729
1752174852.423233,464201.000,8132,1,TH,1,100,38.726
1752174852.556233,464334.000,8149,1,TH,1,100,38.726
1752174852.690233,464468.000,8166,1,TH,1,100,38.676
1752174852.823233,464601.000,8197,1,TH,1,100,38.676
1752174852.956233,464734.000,8216,1,TH,1,100,38.712
1752174853.089233,464867.000,8233,1,TH,1,100,38.712
1752174853.223233,465001.000,8264,1,TH,1,100,38.779
1752174853.356233,465134.000,8282,1,TH,1,100,38.779
1752174853.489233,465267.000,8298,1,TH,1,100,38.757
1752174853.623233,465401.000,8332,1,TH,1,100,38.757
1752174853.756233,465534.000,8349,1,TH,1,100,38.702
1752174853.889233,465667.000,8365,1,TH,1,100,38.702
1752174854.023233,465801.000,8397,1,TH,1,100,38.736
1752174854.156233,465934.000,8416,1,TH,1,100,38.743
1752174854.289233,466067.000,8432,1,TH,1,100,38.741
1752174854.423233,466201.000,8450,1,TH,1,100,38.741
1752174854.556233,466334.000,8481,1,TH,1,100,38.841
1752174854.689233,466467.000,8500,1,TH,1,100,38.841
1752174854.823233,466601.000,8517,1,TH,1,100,38.669
1752174854.956233,466734.000,8549,1,TH,1,100,38.669
1752174855.089233,466867.000,8567,1,TH,1,100,38.722
1752174855.223233,467001.000,8584,1,TH,1,100,38.722
1752174855.356233,467134.000,8618,1,TH,1,100,38.640
1752174855.489233,467267.000,8634,1,TH,1,100,38.640
1752174855.623233,467401.000,8651,1,TH,1,100,38.784
1752174855.756233,467534.000,8685,1,TH,1,100,38.784
1752174855.889233,467667.000,8701,1,TH,1,100,38.746
1752174856.022233,467800.000,8719,1,TH,1,100,38.746
1752174856.156233,467934.000,8755,1,TH,1,100,38.702
1752174856.289233,468067.000,8772,1,TH,1,100,38.702
1752174856.423233,468201.000,8791,1,TH,1,100,38.817
1752174856.556233,468334.000,8807,1,TH,1,100,38.817
1752174856.689233,468467.000,8839,1,TH,1,100,38.758
1752174856.822233,468600.000,8856,1,TH,1,100,38.757
1752174856.956232,468734.000,8872,1,TH,1,100,38.710
1752174857.089232,468867.000,8906,1,TH,1,100,38.709
1752174857.222232,469000.000,8923,1,TH,1,100,38.702
1752174857.356232,469134.000,8940,1,TH,1,100,38.702
1752174857.489232,469267.000,8971,1,TH,1,100,38.657
1752174857.622232,469400.000,8990,1,TH,1,100,38.664
1752174857.756232,469534.000,9007,1,TH,1,100,38.710
1752174857.889232,469667.000,9038,1,TH,1,100,38.710
1752174858.022232,469800.000,9056,1,TH,1,100,38.791
1752174858.156232,469934.000,9074,1,TH,1,100,38.791
1752174858.289232,470067.000,9106,1,TH,1,100,38.731
1752174858.422232,470200.000,9123,1,TH,1,100,38.731
1752174858.556232,470334.000,9139,1,TH,1,100,38.700
1752174858.689232,470467.000,9157,1,TH,1,100,38.700
1752174858.822232,470600.000,9190,1,TH,1,100,38.734
1752174858.955232,470733.000,9206,1,TH,1,100,38.734
1752174859.089232,470867.000,9224,1,TH,1,100,38.710
1752174859.222232,471000.000,9255,1,TH,1,100,38.710
1752174859.356232,471134.000,9272,1,TH,1,100,38.729
1752174859.489232,471267.000,9291,1,TH,1,100,38.729
1752174859.622232,471400.000,9323,1,TH,1,100,38.791
1752174859.755232,471533.000,9339,1,TH,1,100,38.791
1752174859.889232,471667.000,9356,1,TH,1,100,38.753
1752174860.022232,471800.000,9392,1,TH,1,100,38.753
1752174860.156232,471934.000,9408,1,TH,1,100,38.765
1752174860.289232,472067.000,9425,1,TH,1,100,38.765
1752174860.422232,472200.000,9459,1,TH,1,100,38.722
1752174860.555232,472333.000,9475,1,TH,1,100,38.722
1752174860.689232,472467.000,9493,1,TH,1,100,38.786
1752174860.822232,472600.000,9509,1,TH,1,100,38.794
1752174860.955232,472733.000,9541,1,TH,1,100,38.775
1752174861.089232,472867.000,9558,1,TH,1,100,38.775
1752174861.222232,473000.000,9576,1,TH,1,100,38.753
1752174861.356232,473134.000,9613,1,TH,1,100,38.753
1752174861.489232,473267.000,9630,1,TH,1,100,38.791
1752174861.622232,473400.000,9646,1,TH,1,100,38.791
1752174861.755232,473533.000,9680,1,TH,1,100,38.787
1752174861.889232,473667.000,9697,1,TH,1,100,38.787
1752174862.022232,473800.000,9714,1,TH,1,100,38.751
1752174862.155232,473933.000,9745,1,TH,1,100,38.751
1752174862.289232,474067.000,9764,1,TH,1,100,38.686
1752174862.422232,474200.000,9781,1,TH,1,100,38.686
1752174862.555232,474333.000,9812,1,TH,1,100,38.779
1752174862.689232,474467.000,9830,1,TH,1,100,38.779
1752174862.822232,474600.000,9846,1,TH,1,100,38.731
1752174862.955232,474733.000,9865,1,TH,1,100,38.731
1752174863.088232,474866.000,9897,1,TH,1,100,38.724
1752174863.222232,475000.000,9913,1,TH,1,100,38.724
1752174863.355232,475133.000,9931,1,TH,1,100,38.734
1752174863.488232,475266.000,9962,1,TH,1,100,38.734
1752174863.622232,475400.000,9980,1,TH,1,100,38.787
1752174863.755232,475533.000,9998,1,TH,1,100,38.787
1752174863.888232,475666.000,10029,1,TH,1,100,38.743
1752174864.022232,475800.000,10046,1,TH,1,100,38.751
1752174864.155232,475933.000,10063,1,TH,1,100,38.674
1752174864.288232,476066.000,10097,1,TH,1,100,38.674
1752174864.422232,476200.000,10113,1,TH,1,100,38.717
1752174864.555232,476333.000,10130,1,TH,1,100,38.710
1752174864.688232,476466.000,10162,1,TH,1,100,38.772
1752174864.822232,476600.000,10180,1,TH,1,100,38.780
1752174864.955232,476733.000,10197,1,TH,1,100,38.734
1752174865.088232,476866.000,10216,1,TH,1,100,38.734
1752174865.222232,477000.000,10247,1,TH,1,100,38.710
1752174865.355232,477133.000,10265,1,TH,1,100,38.710
1752174865.488232,477266.000,10283,1,TH,1,100,38.748
1752174865.622232,477400.000,10315,1,TH,1,100,38.748
1752174865.755232,477533.000,10332,1,TH,1,100,38.741
1752174865.888232,477666.000,10348,1,TH,1,100,38.741
1752174866.022232,477800.000,10382,1,TH,1,100,38.720
1752174866.155232,477933.000,10399,1,TH,1,100,38.720
1752174866.288232,478066.000,10415,1,TH,1,100,38.751
1752174866.422232,478200.000,10452,1,TH,1,100,38.751
1752174866.555232,478333.000,10469,1,TH,1,100,38.777
1752174866.688232,478466.000,10488,1,TH,1,100,38.777
1752174866.821232,478599.000,10519,1,TH,1,100,38.756
1752174866.955232,478733.000,10536,1,TH,1,100,38.756
1752174867.088232,478866.000,10553,1,TH,1,100,38.736
1752174867.221232,478999.000,10584,1,TH,1,100,38.736
1752174867.355232,479133.000,10604,1,TH,1,100,38.818
1752174867.488232,479266.000,10620,1,TH,1,100,38.818
1752174867.621232,479399.000,10637,1,TH,1,100,38.791
1752174867.755232,479533.000,10669,1,TH,1,100,38.791
1752174867.888232,479666.000,10685,1,TH,1,100,38.650
1752174868.021232,479799.000,10705,1,TH,1,100,38.657
1752174868.155232,479933.000,10736,1,TH,1,100,38.710
1752174868.288232,480066.000,10752,1,TH,1,100,38.710
1752174868.421232,480199.000,10770,1,TH,1,100,38.851
1752174868.555232,480333.000,10803,1,TH,1,100,38.852
1752174868.688231,480466.000,10820,1,TH,1,100,38.744
1752174868.821231,480599.000,10837,1,TH,1,100,38.744
1752174868.955231,480733.000,10869,1,TH,1,100,38.732
1752174869.088231,480866.000,10885,1,TH,1,100,38.732
1752174869.221231,480999.000,10904,1,TH,1,100,38.794
1752174869.355231,481133.000,10936,1,TH,1,100,38.794
1752174869.488231,481266.000,10952,1,TH,1,100,38.761
1752174869.621231,481399.000,10969,1,TH,1,100,38.761
1752174869.754231,481532.000,10986,1,TH,1,100,38.801
1752174869.888231,481666.000,11019,1,TH,1,100,38.801
1752174870.021231,481799.000,11037,1,TH,1,100,38.806
1752174870.154231,481932.000,11055,1,TH,1,100,38.806
1752174870.288231,482066.000,11087,1,TH,1,100,38.765
1752174870.421231,482199.000,11104,1,TH,1,100,38.765
1752174870.554231,482332.000,11122,1,TH,1,100,38.780
1752174870.688231,482466.000,11154,1,TH,1,100,38.780
1752174870.821231,482599.000,11171,1,TH,1,100,38.763
1752174870.954231,482732.000,11187,1,TH,1,100,38.763
1752174871.088231,482866.000,11221,1,TH,1,100,38.856
1752174871.221231,482999.000,11238,1,TH,1,100,38.856
1752174871.354231,483132.000,11255,1,TH,1,100,38.818
1752174871.488231,483266.000,11291,1,TH,1,100,38.818
1752174871.621231,483399.000,11310,1,TH,1,100,38.725
1752174871.754231,483532.000,11327,1,TH,1,100,38.732
1752174871.888231,483666.000,11358,1,TH,1,100,38.809
1752174872.021231,483799.000,11376,1,TH,1,100,38.809
1752174872.154231,483932.000,11392,1,TH,1,100,38.746
1752174872.288231,484066.000,11411,1,TH,1,100,38.746
1752174872.421231,484199.000,11443,1,TH,1,100,38.749
1752174872.554231,484332.000,11459,1,TH,1,100,38.749
1752174872.687231,484465.000,11477,1,TH,1,100,38.773
1752174872.821231,484599.000,11508,1,TH,1,100,38.773
1752174872.954231,484732.000,11524,1,TH,1,100,38.689
1752174873.088231,484866.000,11544,1,TH,1,100,38.689
1752174873.221231,484999.000,11575,1,TH,1,100,38.785
1752174873.354231,485132.000,11592,1,TH,1,100,38.785
1752174873.487231,485265.000,11609,1,TH,1,100,38.787
1752174873.621231,485399.000,11643,1,TH,1,100,38.787
1752174873.754231,485532.000,11659,1,TH,1,100,38.794
1752174873.887231,485665.000,11676,1,TH,1,100,38.794
1752174874.021231,485799.000,11708,1,TH,1,100,38.751
1752174874.154231,485932.000,11726,1,TH,1,100,38.759
1752174874.287231,486065.000,11743,1,TH,1,100,38.876
1752174874.421231,486199.000,11760,1,TH,1,100,38.869
1752174874.554231,486332.000,11791,1,TH,1,100,38.782
1752174874.687231,486465.000,11809,1,TH,1,100,38.790
1752174874.821231,486599.000,11825,1,TH,1,100,38.811
1752174874.954231,486732.000,11859,1,TH,1,100,38.811
1752174875.087231,486865.000,11878,1,TH,1,100,38.823
1752174875.221231,486999.000,11894,1,TH,1,100,38.823
1752174875.354231,487132.000,11926,1,TH,1,100,38.778
1752174875.487231,487265.000,11945,1,TH,1,100,38.778
1752174875.621231,487399.000,11961,1,TH,1,100,38.826
1752174875.754231,487532.000,11993,1,TH,1,100,38.826
1752174875.887231,487665.000,12010,1,TH,1,100,38.699
1752174876.020231,487798.000,12027,1,TH,1,100,38.699
1752174876.154231,487932.000,12060,1,TH,1,100,38.746
1752174876.287231,488065.000,12077,1,TH,1,100,38.747
1752174876.420231,488198.000,12094,1,TH,1,100,38.787
1752174876.554231,488332.000,12125,1,TH,1,100,38.787
1752174876.687231,488465.000,12148,1,TH,1,100,38.778
1752174876.820231,488598.000,12166,1,TH,1,100,38.778
1752174876.954231,488732.000,12183,1,TH,1,100,38.842
1752174877.087231,488865.000,12215,1,TH,1,100,38.842
1752174877.220231,488998.000,12231,1,TH,1,100,38.797
1752174877.354231,489132.000,12249,1,TH,1,100,38.797
1752174877.487231,489265.000,12282,1,TH,1,100,38.763
1752174877.620231,489398.000,12298,1,TH,1,100,38.763
1752174877.754231,489532.000,12316,1,TH,1,100,38.821
1752174877.887231,489665.000,12347,1,TH,1,100,38.828
1752174878.020231,489798.000,12364,1,TH,1,100,38.771
1752174878.154231,489932.000,12383,1,TH,1,100,38.771
1752174878.287231,490065.000,12415,1,TH,1,100,38.764
1752174878.420231,490198.000,12431,1,TH,1,100,38.764
1752174878.554231,490332.000,12448,1,TH,1,100,38.787
1752174878.687231,490465.000,12482,1,TH,1,100,38.788
1752174878.820231,490598.000,12498,1,TH,1,100,38.780
1752174878.954231,490732.000,12515,1,TH,1,100,38.780
1752174879.087231,490865.000,12532,1,TH,1,100,38.862
1752174879.220231,490998.000,12563,1,TH,1,100,38.862
1752174879.354231,491132.000,12583,1,TH,1,100,38.821
1752174879.487231,491265.000,12599,1,TH,1,100,38.821
1752174879.620231,491398.000,12631,1,TH,1,100,38.766
1752174879.753231,491531.000,12648,1,TH,1,100,38.766
1752174879.887231,491665.000,12664,1,TH,1,100,38.792
1752174880.020231,491798.000,12700,1,TH,1,100,38.792
1752174880.153231,491931.000,12717,1,TH,1,100,38.878
1752174880.287231,492065.000,12733,1,TH,1,100,38.878
1752174880.420230,492198.000,12765,1,TH,1,100,38.740
1752174880.553230,492331.000,12782,1,TH,1,100,38.739
1752174880.687230,492465.000,12799,1,TH,1,100,38.857
1752174880.820230,492598.000,12832,1,TH,1,100,38.857
1752174880.953230,492731.000,12849,1,TH,1,100,38.816
1752174881.087230,492865.000,12866,1,TH,1,100,38.816
1752174881.220230,492998.000,12897,1,TH,1,100,38.864
1752174881.353230,493131.000,12917,1,TH,1,100,38.872
1752174881.487230,493265.000,12933,1,TH,1,100,38.852
1752174881.620230,493398.000,12950,1,TH,1,100,38.852
1752174881.753230,493531.000,12987,1,TH,1,100,38.931
1752174881.887230,493665.000,13003,1,TH,1,100,38.931
1752174882.020230,493798.000,13023,1,TH,1,100,38.800
1752174882.153230,493931.000,13054,1,TH,1,100,38.800
1752174882.287230,494065.000,13070,1,TH,1,100,38.778
1752174882.420230,494198.000,13088,1,TH,1,100,38.778
1752174882.553230,494331.000,13119,1,TH,1,100,38.800
1752174882.686230,494464.000,13138,1,TH,1,100,38.800
1752174882.820230,494598.000,13155,1,TH,1,100,38.898
1752174882.953230,494731.000,13187,1,TH,1,100,38.898
1752174883.086230,494864.000,13203,1,TH,1,100,38.891
1752174883.220230,494998.000,13220,1,TH,1,100,38.891
1752174883.353230,495131.000,13254,1,TH,1,100,38.915
1752174883.486230,495264.000,13270,1,TH,1,100,38.915
1752174883.620230,495398.000,13287,1,TH,1,100,38.781
1752174883.753230,495531.000,13304,1,TH,1,100,38.780
1752174883.886230,495664.000,13337,1,TH,1,100,38.768
1752174884.020230,495798.000,13355,1,TH,1,100,38.768
1752174884.153230,495931.000,13371,1,TH,1,100,38.850
1752174884.286230,496064.000,13403,1,TH,1,100,38.857
1752174884.420230,496198.000,13420,1,TH,1,100,38.886
1752174884.553230,496331.000,13436,1,TH,1,100,38.886
1752174884.686230,496464.000,13470,1,TH,1,100,38.931
1752174884.820230,496598.000,13487,1,TH,1,100,38.932
1752174884.953230,496731.000,13503,1,TH,1,100,38.812
1752174885.086230,496864.000,13537,1,TH,1,100,38.812
1752174885.220230,496998.000,13556,1,TH,1,100,38.872
1752174885.353230,497131.000,13573,1,TH,1,100,38.872
1752174885.486230,497264.000,13604,1,TH,1,100,38.795
1752174885.620230,497398.000,13621,1,TH,1,100,38.795
1752174885.753230,497531.000,13638,1,TH,1,100,38.860
1752174885.886230,497664.000,13655,1,TH,1,100,38.860
1752174886.020230,497798.000,13689,1,TH,1,100,38.857
1752174886.153230,497931.000,13705,1,TH,1,100,38.857
1752174886.286230,498064.000,13722,1,TH,1,100,38.778
1752174886.419230,498197.000,13756,1,TH,1,100,38.778
1752174886.553230,498331.000,13772,1,TH,1,100,38.826
1752174886.686230,498464.000,13790,1,TH,1,100,38.826
1752174886.819230,498597.000,13821,1,TH,1,100,38.874
1752174886.953230,498731.000,13842,1,TH,1,100,38.874
1752174887.086230,498864.000,13860,1,TH,1,100,38.893
1752174887.219230,498997.000,13893,1,TH,1,100,38.901
1752174887.353230,499131.000,13910,1,TH,1,100,38.834
1752174887.486230,499264.000,13927,1,TH,1,100,38.834
1752174887.619230,499397.000,13959,1,TH,1,100,38.853
1752174887.753230,499531.000,13977,1,TH,1,100,38.853
1752174887.886230,499664.000,13994,1,TH,1,100,38.905
1752174888.019230,499797.000,14026,1,TH,1,100,38.905
1752174888.153230,499931.000,14042,1,TH,1,100,38.889
1752174888.286230,500064.000,14059,1,TH,1,100,38.889
1752174888.419230,500197.000,14076,1,TH,1,100,38.898
1752174888.553230,500331.000,14109,1,TH,1,100,38.898
1752174888.686230,500464.000,14127,1,TH,1,100,38.841
1752174888.819230,500597.000,14143,1,TH,1,100,38.841
1752174888.952230,500730.000,14177,1,TH,1,100,38.941
1752174889.086230,500864.000,14194,1,TH,1,100,38.941
1752174889.219230,500997.000,14210,1,TH,1,100,38.855
1752174889.352230,501130.000,14242,1,TH,1,100,38.855
1752174889.486230,501264.000,14259,1,TH,1,100,38.865
1752174889.619230,501397.000,14277,1,TH,1,100,38.865
1752174889.753230,501531.000,14309,1,TH,1,100,38.920
1752174889.886230,501664.000,14326,1,TH,1,100,38.920
1752174890.019230,501797.000,14343,1,TH,1,100,38.870
1752174890.152230,501930.000,14378,1,TH,1,100,38.869
1752174890.286230,502064.000,14395,1,TH,1,100,38.879
1752174890.419230,502197.000,14412,1,TH,1,100,38.886
1752174890.552230,502330.000,14443,1,TH,1,100,38.898
1752174890.686230,502464.000,14461,1,TH,1,100,38.898
1752174890.819230,502597.000,14479,1,TH,1,100,38.874
1752174890.952230,502730.000,14496,1,TH,1,100,38.874
1752174891.086230,502864.000,14528,1,TH,1,100,38.972
1752174891.219230,502997.000,14544,1,TH,1,100,38.973
1752174891.352230,503130.000,14562,1,TH,1,100,38.855
1752174891.486230,503264.000,14595,1,TH,1,100,38.855
1752174891.619230,503397.000,14611,1,TH,1,100,38.906
1752174891.752230,503530.000,14629,1,TH,1,100,38.906
1752174891.886230,503664.000,14662,1,TH,1,100,38.848
1752174892.019229,503797.000,14684,1,TH,1,100,38.848
1752174892.152229,503930.000,14701,1,TH,1,100,38.841
1752174892.286229,504064.000,14733,1,TH,1,100,38.841
1752174892.419229,504197.000,14749,1,TH,1,100,38.817
1752174892.552229,504330.000,14766,1,TH,1,100,38.817
1752174892.685229,504463.000,14800,1,TH,1,100,38.882
1752174892.819229,504597.000,14816,1,TH,1,100,38.882
1752174892.952229,504730.000,14833,1,TH,1,100,38.817
1752174893.085229,504863.000,14867,1,TH,1,100,38.817
1752174893.219229,504997.000,14883,1,TH,1,100,38.951
1752174893.352229,505130.000,14901,1,TH,1,100,38.959
1752174893.485229,505263.000,14917,1,TH,1,100,38.937
1752174893.619229,505397.000,14951,1,TH,1,100,38.937
1752174893.752229,505530.000,14968,1,TH,1,100,38.896
1752174893.885229,505663.000,14984,1,TH,1,100,38.896
1752174894.019229,505797.000,15016,1,TH,1,100,38.887
1752174894.152229,505930.000,15033,1,TH,1,100,38.887
1752174894.285229,506063.000,15051,1,TH,1,100,38.820
1752174894.419229,506197.000,15083,1,TH,1,100,38.819
1752174894.552229,506330.000,15100,1,TH,1,100,38.918
1752174894.685229,506463.000,15117,1,TH,1,100,38.918
1752174894.819229,506597.000,15148,1,TH,1,100,38.875
1752174894.952229,506730.000,15165,1,TH,1,100,38.875
1752174895.085229,506863.000,15186,1,TH,1,100,38.841
1752174895.219229,506997.000,15217,1,TH,1,100,38.841
1752174895.352229,507130.000,15235,1,TH,1,100,38.879
1752174895.485229,507263.000,15251,1,TH,1,100,38.879
1752174895.619229,507397.000,15270,1,TH,1,100,38.839
1752174895.752229,507530.000,15302,1,TH,1,100,38.839
1752174895.885229,507663.000,15318,1,TH,1,100,38.896
1752174896.019229,507797.000,15336,1,TH,1,100,38.896
1752174896.152229,507930.000,15367,1,TH,1,100,38.877
1752174896.285229,508063.000,15385,1,TH,1,100,38.877
1752174896.418229,508196.000,15403,1,TH,1,100,38.867
1752174896.552229,508330.000,15434,1,TH,1,100,38.867
1752174896.685229,508463.000,15451,1,TH,1,100,38.810
1752174896.818229,508596.000,15470,1,TH,1,100,38.810
1752174896.952229,508730.000,15502,1,TH,1,100,38.887
1752174897.085229,508863.000,15518,1,TH,1,100,38.894
1752174897.218229,508996.000,15538,1,TH,1,100,38.779
1752174897.352229,509130.000,15555,1,TH,1,100,38.779
1752174897.485229,509263.000,15574,1,TH,1,100,38.825
1752174897.618229,509396.000,15606,1,TH,1,100,38.825
1752174897.752229,509530.000,15622,1,TH,1,100,38.906
1752174897.885229,509663.000,15639,1,TH,1,100,38.906
1752174898.018229,509796.000,15673,1,TH,1,100,38.880
1752174898.152229,509930.000,15689,1,TH,1,100,38.880
1752174898.285229,510063.000,15706,1,TH,1,100,38.829
1752174898.418229,510196.000,15738,1,TH,1,100,38.829
1752174898.552229,510330.000,15754,1,TH,1,100,38.834
1752174898.685229,510463.000,15774,1,TH,1,100,38.834
1752174898.818229,510596.000,15805,1,TH,1,100,38.882
1752174898.952229,510730.000,15821,1,TH,1,100,38.882
1752174899.085229,510863.000,15839,1,TH,1,100,38.786
1752174899.218229,510996.000,15872,1,TH,1,100,38.786
1752174899.352229,511130.000,15889,1,TH,1,100,38.868
1752174899.485229,511263.000,15906,1,TH,1,100,38.868
1752174899.618229,511396.000,15922,1,TH,1,100,38.920
1752174899.751229,511529.000,15954,1,TH,1,100,38.920
1752174899.885229,511663.000,15971,1,TH,1,100,38.930
1752174900.018229,511796.000,15990,1,TH,1,100,38.930
1752174900.151229,511929.000,16023,1,TH,1,100,38.937
1752174900.285229,512063.000,16040,1,TH,1,100,38.937
1752174900.418229,512196.000,16057,1,TH,1,100,38.856
1752174900.552229,512330.000,16090,1,TH,1,100,38.856
1752174900.685229,512463.000,16108,1,TH,1,100,38.920
1752174900.818229,512596.000,16124,1,TH,1,100,38.928
1752174900.951229,512729.000,16156,1,TH,1,100,38.856
1752174901.085229,512863.000,16175,1,TH,1,100,38.856
1752174901.218229,512996.000,16191,1,TH,1,100,38.963
1752174901.351229,513129.000,16223,1,TH,1,100,38.964
1752174901.485229,513263.000,16240,1,TH,1,100,38.904
1752174901.618229,513396.000,16256,1,TH,1,100,38.904
1752174901.751229,513529.000,16274,1,TH,1,100,38.894
1752174901.885229,513663.000,16307,1,TH,1,100,38.894
1752174902.018229,513796.000,16324,1,TH,1,100,38.873
1752174902.151229,513929.000,16341,1,TH,1,100,38.873
1752174902.285229,514063.000,16382,1,TH,1,100,38.959
1752174902.418229,514196.000,16398,1,TH,1,100,38.959
1752174902.551229,514329.000,16415,1,TH,1,100,38.801
1752174902.685229,514463.000,16447,1,TH,1,100,38.801
1752174902.818229,514596.000,16463,1,TH,1,100,38.971
1752174902.951229,514729.000,16482,1,TH,1,100,38.971
1752174903.085229,514863.000,16514,1,TH,1,100,38.997
1752174903.218229,514996.000,16530,1,TH,1,100,39.005
1752174903.351229,515129.000,16548,1,TH,1,100,38.928
1752174903.484229,515262.000,16579,1,TH,1,100,38.921
1752174903.618229,515396.000,16597,1,TH,1,100,38.920
1752174903.751228,515529.000,16615,1,TH,1,100,38.928
1752174903.884228,515662.000,16631,1,TH,1,100,38.851
1752174904.018228,515796.000,16663,1,TH,1,100,38.851
1752174904.151228,515929.000,16680,1,TH,1,100,38.887
1752174904.284228,516062.000,16696,1,TH,1,100,38.887
1752174904.418228,516196.000,16730,1,TH,1,100,38.964
1752174904.551228,516329.000,16747,1,TH,1,100,38.964
1752174904.684228,516462.000,16764,1,TH,1,100,38.959
1752174904.818228,516596.000,16795,1,TH,1,100,38.959
1752174904.951228,516729.000,16812,1,TH,1,100,38.856
1752174905.084228,516862.000,16833,1,TH,1,100,38.856
1752174905.218228,516996.000,16864,1,TH,1,100,38.945
1752174905.351228,517129.000,16882,1,TH,1,100,38.945
1752174905.484228,517262.000,16898,1,TH,1,100,38.904
1752174905.618228,517396.000,16932,1,TH,1,100,38.904
1752174905.751228,517529.000,16949,1,TH,1,100,38.892
1752174905.884228,517662.000,16965,1,TH,1,100,38.892
1752174906.017228,517795.000,16997,1,TH,1,100,38.875
1752174906.151228,517929.000,17014,1,TH,1,100,38.875
1752174906.284228,518062.000,17030,1,TH,1,100,38.892
1752174906.418228,518196.000,17050,1,TH,1,100,38.892
1752174906.551228,518329.000,17081,1,TH,1,100,38.894
1752174906.684228,518462.000,17098,1,TH,1,100,38.894
1752174906.817228,518595.000,17115,1,TH,1,100,38.894
1752174906.951228,518729.000,17149,1,TH,1,100,38.902
1752174907.084228,518862.000,17165,1,TH,1,100,39.012
1752174907.217228,518995.000,17182,1,TH,1,100,39.012
1752174907.351228,519129.000,17219,1,TH,1,100,38.895
1752174907.484228,519262.000,17235,1,TH,1,100,38.895
1752174907.617228,519395.000,17252,1,TH,1,100,38.954
1752174907.751228,519529.000,17286,1,TH,1,100,38.954
1752174907.884228,519662.000,17302,1,TH,1,100,38.938
1752174908.017228,519795.000,17320,1,TH,1,100,38.938
1752174908.151228,519929.000,17351,1,TH,1,100,38.902
1752174908.284228,520062.000,17367,1,TH,1,100,38.902
1752174908.417228,520195.000,17387,1,TH,1,100,38.921
1752174908.551228,520329.000,17403,1,TH,1,100,38.921
1752174908.684228,520462.000,17435,1,TH,1,100,38.907
1752174908.817228,520595.000,17452,1,TH,1,100,38.907
1752174908.951228,520729.000,17470,1,TH,1,100,38.911
1752174909.084228,520862.000,17502,1,TH,1,100,38.911
1752174909.217228,520995.000,17519,1,TH,1,100,38.938
1752174909.351228,521129.000,17536,1,TH,1,100,38.938
1752174909.484228,521262.000,17567,1,TH,1,100,38.935
1752174909.617228,521395.000,17586,1,TH,1,100,38.935
1752174909.750228,521528.000,17603,1,TH,1,100,38.945
1752174909.884228,521662.000,17634,1,TH,1,100,38.945
1752174910.017228,521795.000,17652,1,TH,1,100,38.866
1752174910.150228,521928.000,17670,1,TH,1,100,38.866
1752174910.284228,522062.000,17704,1,TH,1,100,38.952
1752174910.417228,522195.000,17721,1,TH,1,100,38.959
1752174910.550228,522328.000,17737,1,TH,1,100,38.892
1752174910.684228,522462.000,17755,1,TH,1,100,38.892
1752174910.817228,522595.000,17788,1,TH,1,100,38.976
1752174910.950228,522728.000,17804,1,TH,1,100,38.976
1752174911.084228,522862.000,17822,1,TH,1,100,39.002
1752174911.217228,522995.000,17853,1,TH,1,100,39.002
1752174911.350228,523128.000,17870,1,TH,1,100,38.928
1752174911.484228,523262.000,17889,1,TH,1,100,38.928
1752174911.617228,523395.000,17921,1,TH,1,100,38.962
1752174911.750228,523528.000,17937,1,TH,1,100,38.962
1752174911.884228,523662.000,17954,1,TH,1,100,38.849
1752174912.017228,523795.000,17986,1,TH,1,100,38.849
1752174912.150228,523928.000,18004,1,TH,1,100,38.923
1752174912.284228,524062.000,18021,1,TH,1,100,38.923
1752174912.417228,524195.000,18053,1,TH,1,100,38.957
1752174912.550228,524328.000,18074,1,TH,1,100,38.957
1752174912.683228,524461.000,18092,1,TH,1,100,38.892
1752174912.817228,524595.000,18125,1,TH,1,100,38.892
1752174912.950228,524728.000,18142,1,TH,1,100,38.943
1752174913.083228,524861.000,18159,1,TH,1,100,38.943
1752174913.217228,524995.000,18175,1,TH,1,100,38.945
1752174913.350228,525128.000,18209,1,TH,1,100,38.945
1752174913.483228,525261.000,18226,1,TH,1,100,38.871
1752174913.617228,525395.000,18242,1,TH,1,100,38.878
1752174913.750228,525528.000,18274,1,TH,1,100,38.974
1752174913.883228,525661.000,18291,1,TH,1,100,38.974
1752174914.017228,525795.000,18310,1,TH,1,100,38.964
1752174914.150228,525928.000,18341,1,TH,1,100,38.964
1752174914.283228,526061.000,18358,1,TH,1,100,38.967
1752174914.417228,526195.000,18375,1,TH,1,100,38.967
1752174914.550228,526328.000,18408,1,TH,1,100,38.919
1752174914.683228,526461.000,18426,1,TH,1,100,38.919
1752174914.817228,526595.000,18442,1,TH,1,100,38.866
1752174914.950228,526728.000,18474,1,TH,1,100,38.866
1752174915.083228,526861.000,18493,1,TH,1,100,38.940
1752174915.217228,526995.000,18511,1,TH,1,100,38.940
1752174915.350228,527128.000,18529,1,TH,1,100,38.952
1752174915.483227,527261.000,18560,1,TH,1,100,38.952
1752174915.617227,527395.000,18576,1,TH,1,100,38.938
1752174915.750227,527528.000,18594,1,TH,1,100,38.938
1752174915.883227,527661.000,18627,1,TH,1,100,38.933
1752174916.016227,527794.000,18644,1,TH,1,100,38.933
1752174916.150227,527928.000,18661,1,TH,1,100,38.919
1752174916.283227,528061.000,18693,1,TH,1,100,38.919
1752174916.416227,528194.000,18711,1,TH,1,100,38.921
1752174916.550227,528328.000,18728,1,TH,1,100,38.921
1752174916.683227,528461.000,18760,1,TH,1,100,38.964
1752174916.816227,528594.000,18776,1,TH,1,100,38.972
1752174916.950227,528728.000,18793,1,TH,1,100,38.984
1752174917.083227,528861.000,18827,1,TH,1,100,38.984
1752174917.216227,528994.000,18843,1,TH,1,100,38.912
1752174917.350227,529128.000,18861,1,TH,1,100,38.912
1752174917.483227,529261.000,18892,1,TH,1,100,38.955
1752174917.616227,529394.000,18916,1,TH,1,100,38.955
1752174917.750227,529528.000,18933,1,TH,1,100,39.063
1752174917.883227,529661.000,18949,1,TH,1,100,39.063
1752174918.016227,529794.000,18981,1,TH,1,100,38.989
1752174918.150227,529928.000,18998,1,TH,1,100,38.989
1752174918.283227,530061.000,19016,1,TH,1,100,39.027
1752174918.416227,530194.000,19048,1,TH,1,100,39.027
1752174918.550227,530328.000,19065,1,TH,1,100,38.986
1752174918.683227,530461.000,19082,1,TH,1,100,38.986
1752174918.816227,530594.000,19099,1,TH,1,100,38.979
1752174918.950227,530728.000,19133,1,TH,1,100,38.979
1752174919.083227,530861.000,19149,1,TH,1,100,38.981
1752174919.216227,530994.000,19166,1,TH,1,100,38.981
1752174919.349227,531127.000,19198,1,TH,1,100,38.977
1752174919.483227,531261.000,19214,1,TH,1,100,38.977
1752174919.616227,531394.000,19233,1,TH,1,100,38.943
1752174919.749227,531527.000,19265,1,TH,1,100,38.943
1752174919.883227,531661.000,19281,1,TH,1,100,38.989
1752174920.016227,531794.000,19299,1,TH,1,100,38.996
1752174920.150227,531928.000,19334,1,TH,1,100,38.970
1752174920.283227,532061.000,19350,1,TH,1,100,38.970
1752174920.416227,532194.000,19368,1,TH,1,100,38.943
1752174920.549227,532327.000,19399,1,TH,1,100,38.943
1752174920.683227,532461.000,19416,1,TH,1,100,38.898
1752174920.816227,532594.000,19435,1,TH,1,100,38.898
1752174920.949227,532727.000,19467,1,TH,1,100,38.917
1752174921.083227,532861.000,19483,1,TH,1,100,38.917
1752174921.216227,532994.000,19500,1,TH,1,100,38.955
1752174921.349227,533127.000,19519,1,TH,1,100,38.955
1752174921.483227,533261.000,19550,1,TH,1,100,38.958
1752174921.616227,533394.000,19567,1,TH,1,100,38.958
1752174921.749227,533527.000,19584,1,TH,1,100,38.977
1752174921.883227,533661.000,19615,1,TH,1,100,38.977
1752174922.016227,533794.000,19633,1,TH,1,100,39.005
1752174922.149227,533927.000,19651,1,TH,1,100,39.005
1752174922.283227,534061.000,19683,1,TH,1,100,38.881
1752174922.416227,534194.000,19700,1,TH,1,100,38.881
1752174922.549227,534327.000,19716,1,TH,1,100,38.943
1752174922.682727,534460.500,19754,2,TH,1,100,38.943
1752174922.816227,534594.000,19754,2,TH,1,100,38.936
1752174922.949227,534727.000,19770,1,TH,1,100,38.936
1752174923.082227,534860.000,19802,1,TH,1,100,38.986
1752174923.216227,534994.000,19821,1,TH,1,100,38.994
1752174923.349227,535127.000,19838,1,TH,1,100,38.869
1752174923.482227,535260.000,19855,1,TH,1,100,38.869
1752174923.616227,535394.000,19887,1,TH,1,100,39.056
1752174923.749227,535527.000,19903,1,TH,1,100,39.056
1752174923.882227,535660.000,19920,1,TH,1,100,38.975
1752174924.016227,535794.000,19954,1,TH,1,100,38.975
1752174924.149227,535927.000,19970,1,TH,1,100,39.018
1752174924.283227,536061.000,19987,1,TH,1,100,39.018
1752174924.416227,536194.000,20019,1,TH,1,100,38.934
1752174924.549227,536327.000,20037,1,TH,1,100,38.934
1752174924.683227,536461.000,20055,1,TH,1,100,38.934
1752174924.816227,536594.000,20086,1,TH,1,100,38.934
1752174924.949227,536727.000,20102,1,TH,1,100,38.953
1752174925.082227,536860.000,20124,1,TH,1,100,38.953
1752174925.216227,536994.000,20155,1,TH,1,100,38.982
1752174925.349227,537127.000,20172,1,TH,1,100,38.982
1752174925.482227,537260.000,20189,1,TH,1,100,38.958
1752174925.616227,537394.000,20205,1,TH,1,100,38.958
1752174925.749227,537527.000,20239,1,TH,1,100,38.967
1752174925.882227,537660.000,20256,1,TH,1,100,38.967
1752174926.016227,537794.000,20273,1,TH,1,100,39.010
1752174926.149227,537927.000,20304,1,TH,1,100,39.010
1752174926.282227,538060.000,20323,1,TH,1,100,38.996
1752174926.415227,538193.000,20340,1,TH,1,100,38.996
1752174926.549227,538327.000,20371,1,TH,1,100,38.953
1752174926.682227,538460.000,20389,1,TH,1,100,38.953
1752174926.815227,538593.000,20405,1,TH,1,100,39.046
1752174926.949227,538727.000,20439,1,TH,1,100,39.046
1752174927.082227,538860.000,20456,1,TH,1,100,38.951
1752174927.215226,538993.000,20472,1,TH,1,100,38.958
1752174927.349226,539127.000,20504,1,TH,1,100,39.011
1752174927.482226,539260.000,20521,1,TH,1,100,39.011
1752174927.615226,539393.000,20539,1,TH,1,100,38.977
1752174927.749226,539527.000,20557,1,TH,1,100,38.977
1752174927.882226,539660.000,20595,1,TH,1,100,38.915
1752174928.015226,539793.000,20612,1,TH,1,100,38.915
1752174928.149226,539927.000,20631,1,TH,1,100,39.008
1752174928.282226,540060.000,20663,1,TH,1,100,39.008
1752174928.415226,540193.000,20679,1,TH,1,100,38.953
1752174928.549226,540327.000,20696,1,TH,1,100,38.953
1752174928.682226,540460.000,20728,1,TH,1,100,38.975
1752174928.815226,540593.000,20746,1,TH,1,100,38.975
1752174928.948226,540726.000,20763,1,TH,1,100,39.001
1752174929.082226,540860.000,20795,1,TH,1,100,39.001
1752174929.215226,540993.000,20811,1,TH,1,100,39.008
1752174929.348226,541126.000,20829,1,TH,1,100,39.008
1752174929.482226,541260.000,20862,1,TH,1,100,38.982
1752174929.615226,541393.000,20878,1,TH,1,100,38.982
1752174929.748226,541526.000,20896,1,TH,1,100,39.047
1752174929.882226,541660.000,20927,1,TH,1,100,39.047
1752174930.015226,541793.000,20946,1,TH,1,100,39.008
1752174930.148226,541926.000,20965,1,TH,1,100,39.016
1752174930.282226,542060.000,20981,1,TH,1,100,38.987
1752174930.415226,542193.000,21013,1,TH,1,100,38.987
1752174930.548226,542326.000,21030,1,TH,1,100,39.040
1752174930.682226,542460.000,21049,1,TH,1,100,39.040
1752174930.815226,542593.000,21080,1,TH,1,100,39.032
1752174930.948226,542726.000,21097,1,TH,1,100,39.032
1752174931.082226,542860.000,21114,1,TH,1,100,39.052
1752174931.215226,542993.000,21147,1,TH,1,100,39.052
1752174931.348226,543126.000,21165,1,TH,1,100,39.016
1752174931.482226,543260.000,21181,1,TH,1,100,39.016
1752174931.615226,543393.000,21213,1,TH,1,100,38.994
1752174931.748226,543526.000,21232,1,TH,1,100,38.994
1752174931.882226,543660.000,21248,1,TH,1,100,38.915
1752174932.015226,543793.000,21280,1,TH,1,100,38.915
1752174932.148226,543926.000,21297,1,TH,1,100,38.956
1752174932.282226,544060.000,21313,1,TH,1,100,38.956
1752174932.415226,544193.000,21333,1,TH,1,100,38.980
1752174932.548226,544326.000,21364,1,TH,1,100,38.980
1752174932.681226,544459.000,21381,1,TH,1,100,39.008
1752174932.815226,544593.000,21398,1,TH,1,100,39.009
1752174932.948226,544726.000,21437,1,TH,1,100,38.997
1752174933.081226,544859.000,21453,1,TH,1,100,38.997
1752174933.215226,544993.000,21470,1,TH,1,100,38.989
1752174933.348226,545126.000,21502,1,TH,1,100,38.989
1752174933.481226,545259.000,21520,1,TH,1,100,39.023
1752174933.615226,545393.000,21537,1,TH,1,100,39.023
1752174933.748226,545526.000,21569,1,TH,1,100,39.047
1752174933.881226,545659.000,21585,1,TH,1,100,39.054
1752174934.015226,545793.000,21603,1,TH,1,100,38.954
1752174934.148226,545926.000,21636,1,TH,1,100,38.954
1752174934.281226,546059.000,21652,1,TH,1,100,39.042
1752174934.415226,546193.000,21670,1,TH,1,100,39.042
1752174934.548226,546326.000,21701,1,TH,1,100,39.069
1752174934.681226,546459.000,21720,1,TH,1,100,39.069
1752174934.815226,546593.000,21737,1,TH,1,100,38.923
1752174934.948226,546726.000,21753,1,TH,1,100,38.923
1752174935.081226,546859.000,21787,1,TH,1,100,39.030
1752174935.215226,546993.000,21804,1,TH,1,100,39.030
1752174935.348226,547126.000,21823,1,TH,1,100,38.939
1752174935.481226,547259.000,21854,1,TH,1,100,38.939
1752174935.614226,547392.000,21871,1,TH,1,100,38.958
1752174935.748226,547526.000,21888,1,TH,1,100,38.959
1752174935.881226,547659.000,21921,1,TH,1,100,39.033
1752174936.014226,547792.000,21939,1,TH,1,100,39.033
1752174936.148226,547926.000,21955,1,TH,1,100,39.021
1752174936.281226,548059.000,21987,1,TH,1,100,39.021
1752174936.414226,548192.000,22006,1,TH,1,100,39.016
1752174936.548226,548326.000,22022,1,TH,1,100,39.023
1752174936.681226,548459.000,22054,1,TH,1,100,39.076
1752174936.815226,548593.000,22071,1,TH,1,100,39.069
1752174936.948226,548726.000,22087,1,TH,1,100,39.095
1752174937.081226,548859.000,22121,1,TH,1,100,39.095
1752174937.215226,548993.000,22138,1,TH,1,100,39.018
1752174937.348226,549126.000,22155,1,TH,1,100,39.026
1752174937.481226,549259.000,22172,1,TH,1,100,39.026
1752174937.614226,549392.000,22206,1,TH,1,100,39.018
1752174937.748226,549526.000,22222,1,TH,1,100,38.970
1752174937.881226,549659.000,22239,1,TH,1,100,38.978
1752174938.014226,549792.000,22271,1,TH,1,100,39.040
1752174938.148226,549926.000,22292,1,TH,1,100,39.040
1752174938.281226,550059.000,22311,1,TH,1,100,39.045
1752174938.414226,550192.000,22343,1,TH,1,100,39.045
1752174938.548226,550326.000,22359,1,TH,1,100,39.023
1752174938.681226,550459.000,22377,1,TH,1,100,39.023
1752174938.814225,550592.000,22410,1,TH,1,100,39.047
1752174938.948225,550726.000,22426,1,TH,1,100,39.047
1752174939.081225,550859.000,22444,1,TH,1,100,38.930
1752174939.214225,550992.000,22475,1,TH,1,100,38.930
1752174939.348225,551126.000,22494,1,TH,1,100,39.066
1752174939.481225,551259.000,22511,1,TH,1,100,39.066
1752174939.614225,551392.000,22543,1,TH,1,100,39.002
1752174939.747225,551525.000,22559,1,TH,1,100,39.002
1752174939.881225,551659.000,22576,1,TH,1,100,39.090
1752174940.014225,551792.000,22595,1,TH,1,100,39.090
1752174940.147225,551925.000,22628,1,TH,1,100,39.059
1752174940.281225,552059.000,22645,1,TH,1,100,39.059
1752174940.414225,552192.000,22662,1,TH,1,100,39.023
1752174940.547225,552325.000,22695,1,TH,1,100,39.023
1752174940.681225,552459.000,22713,1,TH,1,100,39.014
1752174940.814225,552592.000,22729,1,TH,1,100,39.014
1752174940.947225,552725.000,22761,1,TH,1,100,39.038
1752174941.081225,552859.000,22778,1,TH,1,100,39.038
1752174941.214225,552992.000,22796,1,TH,1,100,39.035
1752174941.347225,553125.000,22828,1,TH,1,100,39.035
1752174941.481225,553259.000,22845,1,TH,1,100,39.073
1752174941.614225,553392.000,22861,1,TH,1,100,39.073
1752174941.747225,553525.000,22895,1,TH,1,100,38.966
1752174941.881225,553659.000,22912,1,TH,1,100,38.973
1752174942.014225,553792.000,22929,1,TH,1,100,39.088
1752174942.147225,553925.000,22946,1,TH,1,100,39.081
1752174942.281225,554059.000,22980,1,TH,1,100,39.011
1752174942.414225,554192.000,22996,1,TH,1,100,39.019
1752174942.547225,554325.000,23013,1,TH,1,100,39.050
1752174942.680225,554458.000,23045,1,TH,1,100,39.050
1752174942.814225,554592.000,23063,1,TH,1,100,39.043
1752174942.947225,554725.000,23080,1,TH,1,100,39.043
1752174943.080225,554858.000,23112,1,TH,1,100,39.119
1752174943.214225,554992.000,23133,1,TH,1,100,39.119
1752174943.347225,555125.000,23151,1,TH,1,100,39.002
1752174943.480225,555258.000,23169,1,TH,1,100,39.002
1752174943.614225,555392.000,23201,1,TH,1,100,39.031
1752174943.747225,555525.000,23218,1,TH,1,100,39.031
1752174943.880225,555658.000,23234,1,TH,1,100,39.043
1752174944.014225,555792.000,23268,1,TH,1,100,39.043
1752174944.147225,555925.000,23285,1,TH,1,100,39.090
1752174944.280225,556058.000,23301,1,TH,1,100,39.090
1752174944.414225,556192.000,23319,1,TH,1,100,39.069
1752174944.547225,556325.000,23352,1,TH,1,100,39.069
1752174944.680225,556458.000,23369,1,TH,1,100,39.019
1752174944.814225,556592.000,23386,1,TH,1,100,39.019
1752174944.947225,556725.000,23418,1,TH,1,100,39.043
1752174945.080225,556858.000,23436,1,TH,1,100,39.043
1752174945.214225,556992.000,23455,1,TH,1,100,39.038
1752174945.347225,557125.000,23487,1,TH,1,100,39.038
1752174945.480225,557258.000,23503,1,TH,1,100,39.031
1752174945.614225,557392.000,23520,1,TH,1,100,39.038
1752174945.747225,557525.000,23554,1,TH,1,100,39.105
1752174945.880225,557658.000,23570,1,TH,1,100,39.105
1752174946.014225,557792.000,23588,1,TH,1,100,38.986
1752174946.147225,557925.000,23619,1,TH,1,100,38.985
1752174946.280225,558058.000,23637,1,TH,1,100,39.057
1752174946.413225,558191.000,23655,1,TH,1,100,39.057
1752174946.547225,558325.000,23671,1,TH,1,100,39.091
1752174946.680225,558458.000,23703,1,TH,1,100,39.091
1752174946.813225,558591.000,23720,1,TH,1,100,39.088
1752174946.947225,558725.000,23738,1,TH,1,100,39.088
1752174947.080225,558858.000,23770,1,TH,1,100,39.060
1752174947.213225,558991.000,23787,1,TH,1,100,39.060
1752174947.347225,559125.000,23804,1,TH,1,100,38.983
1752174947.480225,559258.000,23837,1,TH,1,100,38.983
1752174947.613225,559391.000,23854,1,TH,1,100,39.045
1752174947.747225,559525.000,23871,1,TH,1,100,39.045
1752174947.880225,559658.000,23902,1,TH,1,100,39.057
1752174948.013225,559791.000,23922,1,TH,1,100,39.057
1752174948.147225,559925.000,23938,1,TH,1,100,39.038
1752174948.280225,560058.000,23975,1,TH,1,100,39.038
1752174948.413225,560191.000,23992,1,TH,1,100,39.095
1752174948.547225,560325.000,24008,1,TH,1,100,39.096
1752174948.680225,560458.000,24028,1,TH,1,100,39.031
1752174948.813225,560591.000,24059,1,TH,1,100,39.031
1752174948.947225,560725.000,24075,1,TH,1,100,39.014
1752174949.080225,560858.000,24093,1,TH,1,100,39.014
1752174949.213225,560991.000,24126,1,TH,1,100,39.019
1752174949.346225,561124.000,24143,1,TH,1,100,39.019
1752174949.480225,561258.000,24160,1,TH,1,100,39.045
1752174949.613225,561391.000,24192,1,TH,1,100,39.045
1752174949.746225,561524.000,24208,1,TH,1,100,39.024
1752174949.880225,561658.000,24227,1,TH,1,100,39.031
1752174950.013225,561791.000,24261,1,TH,1,100,39.129
1752174950.146225,561924.000,24277,1,TH,1,100,39.129
1752174950.280225,562058.000,24294,1,TH,1,100,39.081
1752174950.413225,562191.000,24328,1,TH,1,100,39.081
1752174950.546224,562324.000,24344,1,TH,1,100,39.081
1752174950.680224,562458.000,24362,1,TH,1,100,39.081
1752174950.813224,562591.000,24378,1,TH,1,100,39.086
1752174950.946224,562724.000,24410,1,TH,1,100,39.086
1752174951.080224,562858.000,24429,1,TH,1,100,39.174
1752174951.213224,562991.000,24445,1,TH,1,100,39.175
1752174951.346224,563124.000,24477,1,TH,1,100,39.048
1752174951.480224,563258.000,24494,1,TH,1,100,39.048
1752174951.613224,563391.000,24510,1,TH,1,100,39.072
1752174951.746224,563524.000,24544,1,TH,1,100,39.072
1752174951.880224,563658.000,24561,1,TH,1,100,39.081
1752174952.013224,563791.000,24578,1,TH,1,100,39.081
1752174952.146224,563924.000,24609,1,TH,1,100,39.098
1752174952.280224,564058.000,24628,1,TH,1,100,39.098
1752174952.413224,564191.000,24645,1,TH,1,100,39.060
1752174952.546224,564324.000,24676,1,TH,1,100,39.060
1752174952.680224,564458.000,24694,1,TH,1,100,39.019
1752174952.813224,564591.000,24712,1,TH,1,100,39.019
1752174952.946224,564724.000,24729,1,TH,1,100,39.055
1752174953.079224,564857.000,24761,1,TH,1,100,39.063
1752174953.213224,564991.000,24777,1,TH,1,100,39.034
1752174953.346224,565124.000,24795,1,TH,1,100,39.034
1752174953.479224,565257.000,24833,1,TH,1,100,39.115
1752174953.613224,565391.000,24849,1,TH,1,100,39.115
1752174953.746224,565524.000,24867,1,TH,1,100,39.072
1752174953.879224,565657.000,24900,1,TH,1,100,39.072
1752174954.013224,565791.000,24917,1,TH,1,100,39.048
1752174954.146224,565924.000,24934,1,TH,1,100,39.048
1752174954.279224,566057.000,24966,1,TH,1,100,39.039
1752174954.413224,566191.000,24982,1,TH,1,100,39.039
1752174954.546224,566324.000,24999,1,TH,1,100,39.082
1752174954.679224,566457.000,25033,1,TH,1,100,39.082
1752174954.813224,566591.000,25049,1,TH,1,100,39.089
1752174954.946224,566724.000,25066,1,TH,1,100,39.089
1752174955.079224,566857.000,25085,1,TH,1,100,39.084
1752174955.213224,566991.000,25118,1,TH,1,100,39.084
1752174955.346224,567124.000,25136,1,TH,1,100,39.089
1752174955.479224,567257.000,25152,1,TH,1,100,39.089
1752174955.613224,567391.000,25184,1,TH,1,100,39.094
1752174955.746224,567524.000,25201,1,TH,1,100,39.094
1752174955.879224,567657.000,25219,1,TH,1,100,39.015
1752174956.012224,567790.000,25251,1,TH,1,100,39.015
1752174956.146224,567924.000,25268,1,TH,1,100,39.067
1752174956.279224,568057.000,25284,1,TH,1,100,39.067
1752174956.413224,568191.000,25318,1,TH,1,100,39.101
1752174956.546224,568324.000,25335,1,TH,1,100,39.101
1752174956.679224,568457.000,25352,1,TH,1,100,39.137
1752174956.812224,568590.000,25383,1,TH,1,100,39.137
1752174956.946224,568724.000,25400,1,TH,1,100,39.084
1752174957.079224,568857.000,25419,1,TH,1,100,39.091
1752174957.212224,568990.000,25450,1,TH,1,100,39.125
1752174957.346224,569124.000,25468,1,TH,1,100,39.125
1752174957.479224,569257.000,25484,1,TH,1,100,39.132
1752174957.612224,569390.000,25503,1,TH,1,100,39.125
1752174957.746224,569524.000,25535,1,TH,1,100,39.127
1752174957.879224,569657.000,25551,1,TH,1,100,39.134
1752174958.012224,569790.000,25569,1,TH,1,100,39.125
1752174958.146224,569924.000,25602,1,TH,1,100,39.125
1752174958.279224,570057.000,25618,1,TH,1,100,39.096
1752174958.412224,570190.000,25636,1,TH,1,100,39.096
1752174958.546224,570324.000,25672,1,TH,1,100,39.063
1752174958.679224,570457.000,25689,1,TH,1,100,39.063
1752174958.812224,570590.000,25706,1,TH,1,100,39.077
1752174958.946224,570724.000,25740,1,TH,1,100,39.077
1752174959.079224,570857.000,25756,1,TH,1,100,39.149
1752174959.212224,570990.000,25773,1,TH,1,100,39.149
1752174959.345224,571123.000,25790,1,TH,1,100,39.156
1752174959.479224,571257.000,25823,1,TH,1,100,39.156
1752174959.612224,571390.000,25840,1,TH,1,100,39.075
1752174959.745224,571523.000,25857,1,TH,1,100,39.075
1752174959.879224,571657.000,25888,1,TH,1,100,39.151
1752174960.012224,571790.000,25906,1,TH,1,100,39.151
1752174960.145224,571923.000,25926,1,TH,1,100,39.122
1752174960.279224,572057.000,25958,1,TH,1,100,39.122
1752174960.412224,572190.000,25975,1,TH,1,100,39.099
1752174960.545224,572323.000,25991,1,TH,1,100,39.099
1752174960.679224,572457.000,26025,1,TH,1,100,39.099
1752174960.812224,572590.000,26042,1,TH,1,100,39.099
1752174960.945224,572723.000,26058,1,TH,1,100,39.053
1752174961.079224,572857.000,26090,1,TH,1,100,39.053
1752174961.212224,572990.000,26107,1,TH,1,100,39.072
1752174961.345224,573123.000,26124,1,TH,1,100,39.080
1752174961.479224,573257.000,26143,1,TH,1,100,39.120
1752174961.612224,573390.000,26175,1,TH,1,100,39.120
1752174961.745224,573523.000,26191,1,TH,1,100,39.075
1752174961.879224,573657.000,26208,1,TH,1,100,39.075
1752174962.012224,573790.000,26242,1,TH,1,100,39.127
1752174962.145224,573923.000,26258,1,TH,1,100,39.127
1752174962.279223,574057.000,26275,1,TH,1,100,39.084
1752174962.412223,574190.000,26307,1,TH,1,100,39.084
1752174962.545223,574323.000,26323,1,TH,1,100,39.154
1752174962.678223,574456.000,26343,1,TH,1,100,39.154
1752174962.812223,574590.000,26374,1,TH,1,100,39.151
1752174962.945223,574723.000,26392,1,TH,1,100,39.151
1752174963.078223,574856.000,26410,1,TH,1,100,39.087
1752174963.212223,574990.000,26441,1,TH,1,100,39.087
1752174963.345223,575123.000,26458,1,TH,1,100,39.185
1752174963.478223,575256.000,26475,1,TH,1,100,39.185
1752174963.612223,575390.000,26493,1,TH,1,100,39.142
1752174963.745223,575523.000,26516,1,TH,1,100,39.142
1752174963.879223,575657.000,26547,1,TH,1,100,39.065
1752174964.012223,575790.000,26564,1,TH,1,100,39.065
1752174964.145223,575923.000,26583,1,TH,1,100,39.056
1752174964.278223,576056.000,26615,1,TH,1,100,39.056
1752174964.412223,576190.000,26631,1,TH,1,100,39.120
1752174964.545223,576323.000,26648,1,TH,1,100,39.120
1752174964.678223,576456.000,26682,1,TH,1,100,39.125
1752174964.812223,576590.000,26698,1,TH,1,100,39.132
1752174964.945223,576723.000,26715,1,TH,1,100,39.099
1752174965.078223,576856.000,26749,1,TH,1,100,39.092
1752174965.212223,576990.000,26767,1,TH,1,100,39.111
1752174965.345223,577123.000,26785,1,TH,1,100,39.111
1752174965.478223,577256.000,26816,1,TH,1,100,39.039
1752174965.612223,577390.000,26832,1,TH,1,100,39.046
1752174965.745223,577523.000,26850,1,TH,1,100,39.109
1752174965.878223,577656.000,26868,1,TH,1,100,39.101
1752174966.011223,577789.000,26900,1,TH,1,100,39.070
1752174966.145223,577923.000,26917,1,TH,1,100,39.078
1752174966.278223,578056.000,26933,1,TH,1,100,39.135
1752174966.411223,578189.000,26967,1,TH,1,100,39.135
1752174966.545223,578323.000,26984,1,TH,1,100,39.106
1752174966.678223,578456.000,27001,1,TH,1,100,39.106
1752174966.811223,578589.000,27032,1,TH,1,100,39.135
1752174966.945223,578723.000,27049,1,TH,1,100,39.135
1752174967.078223,578856.000,27068,1,TH,1,100,39.161
1752174967.211223,578989.000,27099,1,TH,1,100,39.161
1752174967.345223,579123.000,27117,1,TH,1,100,39.068
1752174967.478223,579256.000,27133,1,TH,1,100,39.068
1752174967.611223,579389.000,27167,1,TH,1,100,39.216
1752174967.745223,579523.000,27184,1,TH,1,100,39.216
1752174967.878223,579656.000,27200,1,TH,1,100,39.197
1752174968.011223,579789.000,27232,1,TH,1,100,39.197
1752174968.145223,579923.000,27249,1,TH,1,100,39.121
1752174968.278223,580056.000,27267,1,TH,1,100,39.121
1752174968.411223,580189.000,27285,1,TH,1,100,39.051
1752174968.545223,580323.000,27316,1,TH,1,100,39.051
1752174968.678223,580456.000,27333,1,TH,1,100,39.147
1752174968.811223,580589.000,27357,1,TH,1,100,39.154
1752174968.945223,580723.000,27373,1,TH,1,100,39.140
1752174969.078223,580856.000,27405,1,TH,1,100,39.140
1752174969.211223,580989.000,27422,1,TH,1,100,39.166
1752174969.344223,581122.000,27439,1,TH,1,100,39.166
1752174969.478223,581256.000,27472,1,TH,1,100,39.128
1752174969.611223,581389.000,27489,1,TH,1,100,39.128
1752174969.744223,581522.000,27506,1,TH,1,100,39.104
1752174969.878223,581656.000,27537,1,TH,1,100,39.104
1752174970.011223,581789.000,27555,1,TH,1,100,39.097
1752174970.144223,581922.000,27575,1,TH,1,100,39.097
1752174970.278223,582056.000,27607,1,TH,1,100,39.128
1752174970.411223,582189.000,27624,1,TH,1,100,39.128
1752174970.544223,582322.000,27640,1,TH,1,100,39.128
1752174970.678223,582456.000,27674,1,TH,1,100,39.128
1752174970.811223,582589.000,27691,1,TH,1,100,39.178
1752174970.944223,582722.000,27707,1,TH,1,100,39.178
1752174971.078223,582856.000,27739,1,TH,1,100,39.133
1752174971.211223,582989.000,27756,1,TH,1,100,39.133
1752174971.344223,583122.000,27775,1,TH,1,100,39.188
1752174971.478223,583256.000,27792,1,TH,1,100,39.188
1752174971.611223,583389.000,27824,1,TH,1,100,39.044
1752174971.744223,583522.000,27840,1,TH,1,100,39.044
1752174971.878223,583656.000,27857,1,TH,1,100,39.130
1752174972.011223,583789.000,27891,1,TH,1,100,39.130
1752174972.144223,583922.000,27907,1,TH,1,100,39.130
1752174972.278223,584056.000,27924,1,TH,1,100,39.130
1752174972.411223,584189.000,27956,1,TH,1,100,39.092
1752174972.544223,584322.000,27972,1,TH,1,100,39.092
1752174972.677223,584455.000,27992,1,TH,1,100,39.195
1752174972.811223,584589.000,28023,1,TH,1,100,39.195
1752174972.944223,584722.000,28039,1,TH,1,100,39.114
1752174973.077223,584855.000,28057,1,TH,1,100,39.114
1752174973.211223,584989.000,28090,1,TH,1,100,39.123
1752174973.344223,585122.000,28107,1,TH,1,100,39.123
1752174973.477223,585255.000,28124,1,TH,1,100,39.140
1752174973.611223,585389.000,28140,1,TH,1,100,39.147
1752174973.744223,585522.000,28174,1,TH,1,100,39.216
1752174973.877223,585655.000,28191,1,TH,1,100,39.217
1752174974.011222,585789.000,28213,1,TH,1,100,39.202
1752174974.144222,585922.000,28244,1,TH,1,100,39.202
1752174974.277222,586055.000,28261,1,TH,1,100,39.147
1752174974.411222,586189.000,28278,1,TH,1,100,39.147
1752174974.544222,586322.000,28311,1,TH,1,100,39.145
1752174974.677222,586455.000,28329,1,TH,1,100,39.145
1752174974.811222,586589.000,28345,1,TH,1,100,39.116
1752174974.944222,586722.000,28377,1,TH,1,100,39.116
1752174975.077222,586855.000,28398,1,TH,1,100,39.183
1752174975.211222,586989.000,28414,1,TH,1,100,39.183
1752174975.344222,587122.000,28432,1,TH,1,100,39.135
1752174975.477222,587255.000,28463,1,TH,1,100,39.135
1752174975.611222,587389.000,28479,1,TH,1,100,39.178
1752174975.744222,587522.000,28499,1,TH,1,100,39.178
1752174975.877222,587655.000,28530,1,TH,1,100,39.135
1752174976.011222,587789.000,28547,1,TH,1,100,39.135
1752174976.144222,587922.000,28564,1,TH,1,100,39.085
1752174976.277222,588055.000,28598,1,TH,1,100,39.085
1752174976.410222,588188.000,28614,1,TH,1,100,39.166
1752174976.544222,588322.000,28631,1,TH,1,100,39.166
1752174976.677222,588455.000,28663,1,TH,1,100,39.171
1752174976.810222,588588.000,28679,1,TH,1,100,39.171
1752174976.944222,588722.000,28696,1,TH,1,100,39.166
1752174977.077222,588855.000,28730,1,TH,1,100,39.166
1752174977.210222,588988.000,28746,1,TH,1,100,39.181
1752174977.344222,589122.000,28764,1,TH,1,100,39.188
1752174977.477222,589255.000,28780,1,TH,1,100,39.198
1752174977.610222,589388.000,28814,1,TH,1,100,39.198
1752174977.744222,589522.000,28831,1,TH,1,100,39.169
1752174977.877222,589655.000,28847,1,TH,1,100,39.169
1752174978.010222,589788.000,28879,1,TH,1,100,39.241
1752174978.144222,589922.000,28896,1,TH,1,100,39.241
1752174978.277222,590055.000,28914,1,TH,1,100,39.203
1752174978.410222,590188.000,28946,1,TH,1,100,39.202
1752174978.544222,590322.000,28963,1,TH,1,100,39.198
1752174978.677222,590455.000,28980,1,TH,1,100,39.198
1752174978.810222,590588.000,29013,1,TH,1,100,39.148
1752174978.944222,590722.000,29030,1,TH,1,100,39.148
1752174979.077222,590855.000,29052,1,TH,1,100,39.207
1752174979.210222,590988.000,29083,1,TH,1,100,39.207
1752174979.344222,591122.000,29103,1,TH,1,100,39.157
1752174979.477222,591255.000,29119,1,TH,1,100,39.157
1752174979.610222,591388.000,29136,1,TH,1,100,39.169
1752174979.743222,591521.000,29168,1,TH,1,100,39.169
1752174979.877222,591655.000,29184,1,TH,1,100,39.233
1752174980.010222,591788.000,29204,1,TH,1,100,39.233
1752174980.143222,591921.000,29237,1,TH,1,100,39.241
1752174980.277222,592055.000,29253,1,TH,1,100,39.241
1752174980.410222,592188.000,29271,1,TH,1,100,39.179
1752174980.543222,592321.000,29302,1,TH,1,100,39.179
1752174980.677222,592455.000,29321,1,TH,1,100,39.143
1752174980.810222,592588.000,29338,1,TH,1,100,39.143
1752174980.943222,592721.000,29370,1,TH,1,100,39.109
1752174981.077222,592855.000,29386,1,TH,1,100,39.117
1752174981.210222,592988.000,29403,1,TH,1,100,39.205
1752174981.343222,593121.000,29437,1,TH,1,100,39.205
1752174981.477222,593255.000,29453,1,TH,1,100,39.174
1752174981.610222,593388.000,29470,1,TH,1,100,39.174
1752174981.743222,593521.000,29504,1,TH,1,100,39.160
1752174981.877222,593655.000,29520,1,TH,1,100,39.160
1752174982.010222,593788.000,29538,1,TH,1,100,39.155
1752174982.143222,593921.000,29554,1,TH,1,100,39.155
1752174982.277222,594055.000,29586,1,TH,1,100,39.122
1752174982.410222,594188.000,29605,1,TH,1,100,39.121
1752174982.543222,594321.000,29621,1,TH,1,100,39.150
1752174982.677222,594455.000,29653,1,TH,1,100,39.150
1752174982.810222,594588.000,29670,1,TH,1,100,39.155
1752174982.943222,594721.000,29686,1,TH,1,100,39.155
1752174983.076222,594854.000,29720,1,TH,1,100,39.164
1752174983.210222,594988.000,29737,1,TH,1,100,39.165
1752174983.343222,595121.000,29754,1,TH,1,100,39.174
1752174983.476222,595254.000,29785,1,TH,1,100,39.174
1752174983.610222,595388.000,29802,1,TH,1,100,39.157
1752174983.743222,595521.000,29821,1,TH,1,100,39.157
1752174983.876222,595654.000,29852,1,TH,1,100,39.186
1752174984.010222,595788.000,29870,1,TH,1,100,39.186
1752174984.143222,595921.000,29891,1,TH,1,100,39.234
1752174984.276222,596054.000,29908,1,TH,1,100,39.234
1752174984.410222,596188.000,29942,1,TH,1,100,39.114
1752174984.543222,596321.000,29958,1,TH,1,100,39.114
1752174984.676222,596454.000,29976,1,TH,1,100,39.119
1752174984.810222,596588.000,30009,1,TH,1,100,39.119
1752174984.943222,596721.000,30026,1,TH,1,100,39.241
1752174985.076222,596854.000,30045,1,TH,1,100,39.241
1752174985.210222,596988.000,30061,1,TH,1,100,39.138
1752174985.343222,597121.000,30093,1,TH,1,100,39.146
1752174985.476222,597254.000,30110,1,TH,1,100,39.170
1752174985.610222,597388.000,30128,1,TH,1,100,39.162
1752174985.743221,597521.000,30160,1,TH,1,100,39.184
1752174985.876221,597654.000,30177,1,TH,1,100,39.184
1752174986.009221,597787.000,30194,1,TH,1,100,39.155
1752174986.143221,597921.000,30227,1,TH,1,100,39.162
1752174986.276221,598054.000,30244,1,TH,1,100,39.201
1752174986.409221,598187.000,30261,1,TH,1,100,39.201
1752174986.543221,598321.000,30292,1,TH,1,100,39.131
1752174986.676221,598454.000,30310,1,TH,1,100,39.131
1752174986.809221,598587.000,30328,1,TH,1,100,39.210
1752174986.943221,598721.000,30360,1,TH,1,100,39.210
1752174987.076221,598854.000,30377,1,TH,1,100,39.236
1752174987.209221,598987.000,30393,1,TH,1,100,39.236
1752174987.343221,599121.000,30411,1,TH,1,100,39.205
1752174987.476221,599254.000,30444,1,TH,1,100,39.205
1752174987.609221,599387.000,30460,1,TH,1,100,39.184
1752174987.743221,599521.000,30478,1,TH,1,100,39.184
1752174987.876221,599654.000,30511,1,TH,1,100,39.224
1752174988.009221,599787.000,30528,1,TH,1,100,39.224
1752174988.143221,599921.000,30545,1,TH,1,100,39.191
1752174988.276221,600054.000,30577,1,TH,1,100,39.191
1752174988.409221,600187.000,30593,1,TH,1,100,39.215
1752174988.543221,600321.000,30610,1,TH,1,100,39.215
1752174988.676221,600454.000,30644,1,TH,1,100,39.244
1752174988.809221,600587.000,30660,1,TH,1,100,39.244
1752174988.942221,600720.000,30677,1,TH,1,100,39.291
1752174989.076221,600854.000,30709,1,TH,1,100,39.291
1752174989.209221,600987.000,30733,1,TH,1,100,39.282
1752174989.343221,601121.000,30749,1,TH,1,100,39.282
1752174989.476221,601254.000,30766,1,TH,1,100,39.179
1752174989.609221,601387.000,30782,1,TH,1,100,39.186
1752174989.742221,601520.000,30800,1,TH,1,100,39.206
1752174989.876221,601654.000,30833,1,TH,1,100,39.206
1752174990.009221,601787.000,30850,1,TH,1,100,39.210
1752174990.142221,601920.000,30869,1,TH,1,100,39.210
1752174990.276221,602054.000,30901,1,TH,1,100,39.206
1752174990.409221,602187.000,30917,1,TH,1,100,39.206
1752174990.542221,602320.000,30936,1,TH,1,100,39.177
1752174990.676221,602454.000,30968,1,TH,1,100,39.177
1752174990.809221,602587.000,30984,1,TH,1,100,39.229
1752174990.942221,602720.000,31001,1,TH,1,100,39.229
1752174991.076221,602854.000,31033,1,TH,1,100,39.220
1752174991.209221,602987.000,31051,1,TH,1,100,39.220
1752174991.342221,603120.000,31069,1,TH,1,100,39.172
1752174991.476221,603254.000,31100,1,TH,1,100,39.172
1752174991.609221,603387.000,31116,1,TH,1,100,39.198
1752174991.742221,603520.000,31134,1,TH,1,100,39.198
1752174991.876221,603654.000,31152,1,TH,1,100,39.234
1752174992.009221,603787.000,31184,1,TH,1,100,39.234
1752174992.142221,603920.000,31201,1,TH,1,100,39.196
1752174992.276221,604054.000,31217,1,TH,1,100,39.196
1752174992.409221,604187.000,31251,1,TH,1,100,39.217
1752174992.542221,604320.000,31268,1,TH,1,100,39.218
1752174992.675221,604453.000,31285,1,TH,1,100,39.239
1752174992.809221,604587.000,31316,1,TH,1,100,39.246
1752174992.942221,604720.000,31335,1,TH,1,100,39.227
1752174993.075221,604853.000,31352,1,TH,1,100,39.227
1752174993.209221,604987.000,31383,1,TH,1,100,39.275
1752174993.342221,605120.000,31401,1,TH,1,100,39.275
1752174993.476221,605254.000,31417,1,TH,1,100,39.218
1752174993.609221,605387.000,31451,1,TH,1,100,39.218
1752174993.742221,605520.000,31468,1,TH,1,100,39.211
1752174993.875221,605653.000,31484,1,TH,1,100,39.211
1752174994.009221,605787.000,31502,1,TH,1,100,39.254
1752174994.142221,605920.000,31533,1,TH,1,100,39.254
1752174994.275221,606053.000,31551,1,TH,1,100,39.239
1752174994.409221,606187.000,31574,1,TH,1,100,39.239
1752174994.542221,606320.000,31605,1,TH,1,100,39.244
1752174994.675221,606453.000,31622,1,TH,1,100,39.244
1752174994.809221,606587.000,31639,1,TH,1,100,39.144
1752174994.942221,606720.000,31673,1,TH,1,100,39.144
1752174995.075221,606853.000,31691,1,TH,1,100,39.256
1752174995.209221,606987.000,31708,1,TH,1,100,39.256
1752174995.342221,607120.000,31740,1,TH,1,100,39.251
1752174995.475221,607253.000,31756,1,TH,1,100,39.251
1752174995.609221,607387.000,31773,1,TH,1,100,39.187
1752174995.742221,607520.000,31805,1,TH,1,100,39.187
1752174995.875221,607653.000,31821,1,TH,1,100,39.242
1752174996.009221,607787.000,31839,1,TH,1,100,39.242
1752174996.142221,607920.000,31872,1,TH,1,100,39.223
1752174996.275221,608053.000,31888,1,TH,1,100,39.223
1752174996.408221,608186.000,31906,1,TH,1,100,39.223
1752174996.542221,608320.000,31922,1,TH,1,100,39.223
1752174996.675221,608453.000,31956,1,TH,1,100,39.249
1752174996.808221,608586.000,31973,1,TH,1,100,39.256
1752174996.942221,608720.000,31989,1,TH,1,100,39.232
1752174997.075221,608853.000,32021,1,TH,1,100,39.225
1752174997.208221,608986.000,32038,1,TH,1,100,39.203
1752174997.342220,609120.000,32057,1,TH,1,100,39.211
1752174997.475220,609253.000,32088,1,TH,1,100,39.201
1752174997.608220,609386.000,32105,1,TH,1,100,39.201
1752174997.742220,609520.000,32122,1,TH,1,100,39.149
1752174997.875220,609653.000,32155,1,TH,1,100,39.149
1752174998.008220,609786.000,32173,1,TH,1,100,39.180
1752174998.142220,609920.000,32189,1,TH,1,100,39.180
1752174998.275220,610053.000,32221,1,TH,1,100,39.156
1752174998.408220,610186.000,32238,1,TH,1,100,39.156
1752174998.542220,610320.000,32256,1,TH,1,100,39.289
1752174998.675220,610453.000,32274,1,TH,1,100,39.290
1752174998.808220,610586.000,32305,1,TH,1,100,39.232
1752174998.942220,610720.000,32321,1,TH,1,100,39.232
1752174999.075220,610853.000,32339,1,TH,1,100,39.256
1752174999.208220,610986.000,32372,1,TH,1,100,39.256
1752174999.341220,611119.000,32389,1,TH,1,100,39.247
1752174999.475220,611253.000,32406,1,TH,1,100,39.247
1752174999.608220,611386.000,32443,1,TH,1,100,39.199
1752174999.742220,611520.000,32459,1,TH,1,100,39.199
1752174999.875220,611653.000,32476,1,TH,1,100,39.247
1752175000.008220,611786.000,32512,1,TH,1,100,39.247
1752175000.141220,611919.000,32528,1,TH,1,100,39.211
1752175000.275220,612053.000,32545,1,TH,1,100,39.211
1752175000.408220,612186.000,32577,1,TH,1,100,39.204
1752175000.541220,612319.000,32595,1,TH,1,100,39.204
1752175000.675220,612453.000,32613,1,TH,1,100,39.175
1752175000.808220,612586.000,32629,1,TH,1,100,39.175
1752175000.941220,612719.000,32661,1,TH,1,100,39.251
1752175001.075220,612853.000,32678,1,TH,1,100,39.259
1752175001.208220,612986.000,32694,1,TH,1,100,39.187
1752175001.341220,613119.000,32728,1,TH,1,100,39.187
1752175001.475220,613253.000,32745,1,TH,1,100,39.225
1752175001.608220,613386.000,32761,1,TH,1,100,39.225
1752175001.741220,613519.000,32793,1,TH,1,100,39.233
1752175001.875220,613653.000,32812,1,TH,1,100,39.233
1752175002.008220,613786.000,32829,1,TH,1,100,39.225
1752175002.141220,613919.000,32860,1,TH,1,100,39.225
1752175002.275220,614053.000,32877,1,TH,1,100,39.242
1752175002.408220,614186.000,32894,1,TH,1,100,39.242
1752175002.541220,614319.000,32927,1,TH,1,100,39.242
1752175002.675220,614453.000,32945,1,TH,1,100,39.242
1752175002.808220,614586.000,32961,1,TH,1,100,39.252
1752175002.941220,614719.000,32993,1,TH,1,100,39.252
1752175003.074220,614852.000,33010,1,TH,1,100,39.211
1752175003.208220,614986.000,33028,1,TH,1,100,39.211
1752175003.341220,615119.000,33046,1,TH,1,100,39.271
1752175003.474220,615252.000,33077,1,TH,1,100,39.271
1752175003.608220,615386.000,33093,1,TH,1,100,39.228
1752175003.741220,615519.000,33111,1,TH,1,100,39.228
1752175003.874220,615652.000,33144,1,TH,1,100,39.299
1752175004.008220,615786.000,33161,1,TH,1,100,39.299
1752175004.141220,615919.000,33178,1,TH,1,100,39.128
1752175004.274220,616052.000,33210,1,TH,1,100,39.128
1752175004.408220,616186.000,33226,1,TH,1,100,39.228
1752175004.541220,616319.000,33245,1,TH,1,100,39.228
1752175004.674220,616452.000,33268,1,TH,1,100,39.206
1752175004.808220,616586.000,33284,1,TH,1,100,39.214
1752175004.941220,616719.000,33301,1,TH,1,100,39.281
1752175005.074220,616852.000,33337,1,TH,1,100,39.281
1752175005.208220,616986.000,33353,1,TH,1,100,39.309
1752175005.341220,617119.000,33371,1,TH,1,100,39.309
1752175005.474220,617252.000,33402,1,TH,1,100,39.247
1752175005.607220,617385.000,33418,1,TH,1,100,39.247
1752175005.741220,617519.000,33438,1,TH,1,100,39.281
1752175005.874220,617652.000,33469,1,TH,1,100,39.281
1752175006.008220,617786.000,33486,1,TH,1,100,39.231
1752175006.141220,617919.000,33503,1,TH,1,100,39.230
1752175006.274220,618052.000,33519,1,TH,1,100,39.235
1752175006.408220,618186.000,33553,1,TH,1,100,39.235
1752175006.541220,618319.000,33570,1,TH,1,100,39.247
1752175006.674220,618452.000,33587,1,TH,1,100,39.247
1752175006.807220,618585.000,33618,1,TH,1,100,39.381
1752175006.941220,618719.000,33635,1,TH,1,100,39.381
1752175007.074220,618852.000,33654,1,TH,1,100,39.285
1752175007.207220,618985.000,33685,1,TH,1,100,39.285
1752175007.341220,619119.000,33703,1,TH,1,100,39.319
1752175007.474220,619252.000,33719,1,TH,1,100,39.319
1752175007.607220,619385.000,33751,1,TH,1,100,39.319
1752175007.741220,619519.000,33770,1,TH,1,100,39.319
1752175007.874220,619652.000,33786,1,TH,1,100,39.328
1752175008.007220,619785.000,33818,1,TH,1,100,39.328
1752175008.141220,619919.000,33835,1,TH,1,100,39.281
1752175008.274220,620052.000,33851,1,TH,1,100,39.281
1752175008.407220,620185.000,33885,1,TH,1,100,39.293
1752175008.541220,620319.000,33902,1,TH,1,100,39.293
1752175008.674220,620452.000,33919,1,TH,1,100,39.242
1752175008.807220,620585.000,33936,1,TH,1,100,39.242
1752175008.941220,620719.000,33968,1,TH,1,100,39.278
1752175009.074219,620852.000,33986,1,TH,1,100,39.286
1752175009.207219,620985.000,34003,1,TH,1,100,39.269
1752175009.341219,621119.000,34035,1,TH,1,100,39.262
1752175009.474219,621252.000,34051,1,TH,1,100,39.290
1752175009.607219,621385.000,34068,1,TH,1,100,39.290
1752175009.740719,621518.500,34107,2,TH,1,100,39.269
1752175009.874219,621652.000,34107,2,TH,1,100,39.276
1752175010.007219,621785.000,34141,1,TH,1,100,39.271
1752175010.140219,621918.000,34157,1,TH,1,100,39.271
1752175010.274219,622052.000,34174,1,TH,1,100,39.336
1752175010.407219,622185.000,34208,1,TH,1,100,39.336
1752175010.540219,622318.000,34224,1,TH,1,100,39.360
1752175010.674219,622452.000,34242,1,TH,1,100,39.360
1752175010.807219,622585.000,34273,1,TH,1,100,39.202
1752175010.940219,622718.000,34289,1,TH,1,100,39.202
1752175011.074219,622852.000,34307,1,TH,1,100,39.259
1752175011.207219,622985.000,34340,1,TH,1,100,39.259
1752175011.340219,623118.000,34357,1,TH,1,100,39.262
1752175011.474219,623252.000,34374,1,TH,1,100,39.262
1752175011.607219,623385.000,34406,1,TH,1,100,39.195
1752175011.740219,623518.000,34422,1,TH,1,100,39.195
1752175011.874219,623652.000,34439,1,TH,1,100,39.262
1752175012.007219,623785.000,34473,1,TH,1,100,39.262
1752175012.140219,623918.000,34489,1,TH,1,100,39.243
1752175012.274219,624052.000,34506,1,TH,1,100,39.243
1752175012.407219,624185.000,34523,1,TH,1,100,39.240
1752175012.540219,624318.000,34554,1,TH,1,100,39.240
1752175012.673219,624451.000,34574,1,TH,1,100,39.226
1752175012.807219,624585.000,34590,1,TH,1,100,39.233
1752175012.940219,624718.000,34622,1,TH,1,100,39.334
1752175013.073219,624851.000,34641,1,TH,1,100,39.334
1752175013.207219,624985.000,34657,1,TH,1,100,39.205
1752175013.340219,625118.000,34689,1,TH,1,100,39.205
1752175013.473219,625251.000,34706,1,TH,1,100,39.260
1752175013.607219,625385.000,34722,1,TH,1,100,39.260
1752175013.740219,625518.000,34754,1,TH,1,100,39.300
1752175013.873219,625651.000,34773,1,TH,1,100,39.300
1752175014.007219,625785.000,34790,1,TH,1,100,39.224
1752175014.140219,625918.000,34821,1,TH,1,100,39.224
1752175014.273219,626051.000,34839,1,TH,1,100,39.207
1752175014.407219,626185.000,34857,1,TH,1,100,39.207
1752175014.540219,626318.000,34874,1,TH,1,100,39.243
1752175014.673219,626451.000,34906,1,TH,1,100,39.243
1752175014.807219,626585.000,34922,1,TH,1,100,39.329
1752175014.940219,626718.000,34944,1,TH,1,100,39.329
1752175015.073219,626851.000,34963,1,TH,1,100,39.269
1752175015.207219,626985.000,34994,1,TH,1,100,39.269
1752175015.340219,627118.000,35012,1,TH,1,100,39.219
1752175015.473219,627251.000,35030,1,TH,1,100,39.219
1752175015.606219,627384.000,35062,1,TH,1,100,39.269
1752175015.740219,627518.000,35079,1,TH,1,100,39.269
1752175015.873219,627651.000,35095,1,TH,1,100,39.264
1752175016.006219,627784.000,35113,1,TH,1,100,39.264
1752175016.140219,627918.000,35146,1,TH,1,100,39.283
1752175016.273219,628051.000,35162,1,TH,1,100,39.283
1752175016.406219,628184.000,35180,1,TH,1,100,39.257
1752175016.540219,628318.000,35211,1,TH,1,100,39.265
1752175016.673219,628451.000,35228,1,TH,1,100,39.334
1752175016.806219,628584.000,35247,1,TH,1,100,39.326
1752175016.940219,628718.000,35279,1,TH,1,100,39.307
1752175017.073219,628851.000,35295,1,TH,1,100,39.307
1752175017.206219,628984.000,35312,1,TH,1,100,39.307
1752175017.340219,629118.000,35346,1,TH,1,100,39.307
1752175017.473219,629251.000,35362,1,TH,1,100,39.305
1752175017.606219,629384.000,35379,1,TH,1,100,39.305
1752175017.740219,629518.000,35396,1,TH,1,100,39.303
1752175017.873219,629651.000,35427,1,TH,1,100,39.303
1752175018.006219,629784.000,35447,1,TH,1,100,39.300
1752175018.140219,629918.000,35463,1,TH,1,100,39.308
1752175018.273219,630051.000,35495,1,TH,1,100,39.324
1752175018.406219,630184.000,35512,1,TH,1,100,39.324
1752175018.540219,630318.000,35528,1,TH,1,100,39.332
1752175018.673219,630451.000,35562,1,TH,1,100,39.324
1752175018.806219,630584.000,35579,1,TH,1,100,39.303
1752175018.940219,630718.000,35595,1,TH,1,100,39.310
1752175019.073219,630851.000,35627,1,TH,1,100,39.284
1752175019.206219,630984.000,35646,1,TH,1,100,39.284
1752175019.339219,631117.000,35663,1,TH,1,100,39.312
1752175019.473219,631251.000,35694,1,TH,1,100,39.312
1752175019.606219,631384.000,35711,1,TH,1,100,39.277
1752175019.740219,631518.000,35728,1,TH,1,100,39.277
1752175019.873219,631651.000,35745,1,TH,1,100,39.215
1752175020.006219,631784.000,35786,1,TH,1,100,39.215
1752175020.139219,631917.000,35802,1,TH,1,100,39.312
1752175020.273219,632051.000,35819,1,TH,1,100,39.312
1752175020.406219,632184.000,35836,1,TH,1,100,39.308
1752175020.539219,632317.000,35869,1,TH,1,100,39.308
1752175020.673219,632451.000,35887,1,TH,1,100,39.265
1752175020.806218,632584.000,35903,1,TH,1,100,39.265
1752175020.939218,632717.000,35920,1,TH,1,100,39.179
1752175021.073218,632851.000,35952,1,TH,1,100,39.179
1752175021.206218,632984.000,35970,1,TH,1,100,39.327
1752175021.339218,633117.000,35988,1,TH,1,100,39.327
1752175021.473218,633251.000,36019,1,TH,1,100,39.308
1752175021.606218,633384.000,36035,1,TH,1,100,39.308
1752175021.739218,633517.000,36053,1,TH,1,100,39.291
1752175021.873218,633651.000,36086,1,TH,1,100,39.291
1752175022.006218,633784.000,36103,1,TH,1,100,39.336
1752175022.139218,633917.000,36120,1,TH,1,100,39.336
1752175022.273218,634051.000,36152,1,TH,1,100,39.269
1752175022.406218,634184.000,36170,1,TH,1,100,39.269
1752175022.539218,634317.000,36187,1,TH,1,100,39.310
1752175022.672218,634450.000,36219,1,TH,1,100,39.310
1752175022.806218,634584.000,36235,1,TH,1,100,39.305
1752175022.939218,634717.000,36252,1,TH,1,100,39.305
1752175023.072218,634850.000,36271,1,TH,1,100,39.329
1752175023.206218,634984.000,36302,1,TH,1,100,39.329
1752175023.339218,635117.000,36320,1,TH,1,100,39.374
1752175023.472218,635250.000,36336,1,TH,1,100,39.374
1752175023.606218,635384.000,36368,1,TH,1,100,39.274
1752175023.739218,635517.000,36387,1,TH,1,100,39.274
1752175023.872218,635650.000,36403,1,TH,1,100,39.317
1752175024.006218,635784.000,36435,1,TH,1,100,39.317
1752175024.139218,635917.000,36452,1,TH,1,100,39.384
1752175024.272218,636050.000,36468,1,TH,1,100,39.384
1752175024.406218,636184.000,36500,1,TH,1,100,39.355
1752175024.539218,636317.000,36517,1,TH,1,100,39.363
1752175024.672218,636450.000,36534,1,TH,1,100,39.275
1752175024.806218,636584.000,36567,1,TH,1,100,39.274
1752175024.939218,636717.000,36584,1,TH,1,100,39.289
1752175025.072218,636850.000,36603,1,TH,1,100,39.289
1752175025.206218,636984.000,36625,1,TH,1,100,39.310
1752175025.339218,637117.000,36644,1,TH,1,100,39.310
1752175025.472218,637250.000,36675,1,TH,1,100,39.272
1752175025.606218,637384.000,36692,1,TH,1,100,39.272
1752175025.739218,637517.000,36709,1,TH,1,100,39.301
1752175025.872218,637650.000,36742,1,TH,1,100,39.301
1752175026.006218,637784.000,36760,1,TH,1,100,39.296
1752175026.139218,637917.000,36776,1,TH,1,100,39.296
1752175026.272218,638050.000,36808,1,TH,1,100,39.360
1752175026.405218,638183.000,36825,1,TH,1,100,39.360
1752175026.539218,638317.000,36843,1,TH,1,100,39.289
1752175026.672218,638450.000,36875,1,TH,1,100,39.289
1752175026.806218,638584.000,36892,1,TH,1,100,39.303
1752175026.939218,638717.000,36908,1,TH,1,100,39.303
1752175027.072218,638850.000,36928,1,TH,1,100,39.370
1752175027.205218,638983.000,36959,1,TH,1,100,39.370
1752175027.339218,639117.000,36976,1,TH,1,100,39.284
1752175027.472218,639250.000,36993,1,TH,1,100,39.284
1752175027.605218,639383.000,37027,1,TH,1,100,39.279
1752175027.739218,639517.000,37043,1,TH,1,100,39.279
1752175027.872218,639650.000,37060,1,TH,1,100,39.336
1752175028.005218,639783.000,37092,1,TH,1,100,39.337
1752175028.139218,639917.000,37110,1,TH,1,100,39.346
1752175028.272218,640050.000,37127,1,TH,1,100,39.346
1752175028.405218,640183.000,37159,1,TH,1,100,39.365
1752175028.539218,640317.000,37175,1,TH,1,100,39.365
1752175028.672218,640450.000,37193,1,TH,1,100,39.367
1752175028.805218,640583.000,37226,1,TH,1,100,39.367
1752175028.939218,640717.000,37242,1,TH,1,100,39.272
1752175029.072218,640850.000,37260,1,TH,1,100,39.272
1752175029.205218,640983.000,37291,1,TH,1,100,39.298
1752175029.339218,641117.000,37308,1,TH,1,100,39.298
1752175029.472218,641250.000,37327,1,TH,1,100,39.298
1752175029.605218,641383.000,37343,1,TH,1,100,39.306
1752175029.738218,641516.000,37375,1,TH,1,100,39.306
1752175029.872218,641650.000,37392,1,TH,1,100,39.298
1752175030.005218,641783.000,37409,1,TH,1,100,39.198
1752175030.138218,641916.000,37444,1,TH,1,100,39.198
1752175030.272218,642050.000,37467,1,TH,1,100,39.282
1752175030.405218,642183.000,37483,1,TH,1,100,39.289
1752175030.538218,642316.000,37500,1,TH,1,100,39.322
1752175030.672218,642450.000,37519,1,TH,1,100,39.322
1752175030.805218,642583.000,37550,1,TH,1,100,39.318
1752175030.938218,642716.000,37567,1,TH,1,100,39.318
1752175031.072218,642850.000,37584,1,TH,1,100,39.344
1752175031.205218,642983.000,37617,1,TH,1,100,39.344
1752175031.338218,643116.000,37635,1,TH,1,100,39.325
1752175031.472218,643250.000,37651,1,TH,1,100,39.325
1752175031.605218,643383.000,37683,1,TH,1,100,39.291
1752175031.738218,643516.000,37702,1,TH,1,100,39.291
1752175031.872218,643650.000,37718,1,TH,1,100,39.311
1752175032.005218,643783.000,37750,1,TH,1,100,39.311
1752175032.138218,643916.000,37767,1,TH,1,100,39.406
1752175032.272218,644050.000,37783,1,TH,1,100,39.406
1752175032.405218,644183.000,37817,1,TH,1,100,39.318
1752175032.538217,644316.000,37834,1,TH,1,100,39.318
1752175032.671217,644449.000,37851,1,TH,1,100,39.313
1752175032.805217,644583.000,37882,1,TH,1,100,39.313
1752175032.938217,644716.000,37902,1,TH,1,100,39.270
1752175033.072217,644850.000,37918,1,TH,1,100,39.270
1752175033.205217,644983.000,37935,1,TH,1,100,39.356
1752175033.338217,645116.000,37967,1,TH,1,100,39.356
1752175033.471217,645249.000,37983,1,TH,1,100,39.284
1752175033.605217,645383.000,38000,1,TH,1,100,39.284
1752175033.738217,645516.000,38034,1,TH,1,100,39.330
1752175033.871217,645649.000,38050,1,TH,1,100,39.330
1752175034.005217,645783.000,38068,1,TH,1,100,39.265
1752175034.138217,645916.000,38101,1,TH,1,100,39.265
1752175034.271217,646049.000,38117,1,TH,1,100,39.263
1752175034.405217,646183.000,38135,1,TH,1,100,39.263
1752175034.538217,646316.000,38166,1,TH,1,100,39.363
1752175034.671217,646449.000,38183,1,TH,1,100,39.363
1752175034.805217,646583.000,38202,1,TH,1,100,39.339
1752175034.938217,646716.000,38234,1,TH,1,100,39.339
1752175035.071217,646849.000,38252,1,TH,1,100,39.358
1752175035.205217,646983.000,38269,1,TH,1,100,39.358
1752175035.338217,647116.000,38309,2,TH,1,100,39.346
1752175035.471217,647249.000,38309,2,TH,1,100,39.354
1752175035.605217,647383.000,38341,1,TH,1,100,39.399
1752175035.738217,647516.000,38357,1,TH,1,100,39.399
1752175035.871217,647649.000,38374,1,TH,1,100,39.304
1752175036.004217,647782.000,38408,1,TH,1,100,39.304
1752175036.138217,647916.000,38424,1,TH,1,100,39.254
1752175036.271217,648049.000,38441,1,TH,1,100,39.254
1752175036.404217,648182.000,38473,1,TH,1,100,39.313
1752175036.538217,648316.000,38491,1,TH,1,100,39.313
1752175036.671217,648449.000,38509,1,TH,1,100,39.347
1752175036.804217,648582.000,38525,1,TH,1,100,39.347
1752175036.938217,648716.000,38557,1,TH,1,100,39.370
1752175037.071217,648849.000,38574,1,TH,1,100,39.370
1752175037.204217,648982.000,38590,1,TH,1,100,39.351
1752175037.338217,649116.000,38624,1,TH,1,100,39.351
1752175037.471217,649249.000,38641,1,TH,1,100,39.282
1752175037.604217,649382.000,38657,1,TH,1,100,39.282
1752175037.738217,649516.000,38689,1,TH,1,100,39.268
1752175037.871217,649649.000,38708,1,TH,1,100,39.268
1752175038.004217,649782.000,38725,1,TH,1,100,39.275
1752175038.138217,649916.000,38756,1,TH,1,100,39.275
1752175038.271217,650049.000,38773,1,TH,1,100,39.330
1752175038.404217,650182.000,38790,1,TH,1,100,39.330
1752175038.538217,650316.000,38823,1,TH,1,100,39.370
1752175038.671217,650449.000,38841,1,TH,1,100,39.370
1752175038.804217,650582.000,38857,1,TH,1,100,39.280
1752175038.937217,650715.000,38874,1,TH,1,100,39.280
1752175039.071217,650849.000,38906,1,TH,1,100,39.358
1752175039.204217,650982.000,38924,1,TH,1,100,39.359
1752175039.338217,651116.000,38942,1,TH,1,100,39.304
1752175039.471217,651249.000,38973,1,TH,1,100,39.304
1752175039.604217,651382.000,38989,1,TH,1,100,39.420
1752175039.737217,651515.000,39007,1,TH,1,100,39.420
1752175039.871217,651649.000,39040,1,TH,1,100,39.375
1752175040.004217,651782.000,39057,1,TH,1,100,39.375
1752175040.137217,651915.000,39076,1,TH,1,100,39.361
1752175040.271217,652049.000,39108,1,TH,1,100,39.361
1752175040.404217,652182.000,39126,1,TH,1,100,39.306
1752175040.537217,652315.000,39148,1,TH,1,100,39.306
1752175040.671217,652449.000,39165,1,TH,1,100,39.354
1752175040.804217,652582.000,39182,1,TH,1,100,39.361
1752175040.937217,652715.000,39214,1,TH,1,100,39.232
1752175041.071217,652849.000,39232,1,TH,1,100,39.225
1752175041.204217,652982.000,39249,1,TH,1,100,39.399
1752175041.337217,653115.000,39281,1,TH,1,100,39.407
1752175041.471217,653249.000,39297,1,TH,1,100,39.340
1752175041.604217,653382.000,39316,1,TH,1,100,39.340
1752175041.737217,653515.000,39348,1,TH,1,100,39.418
1752175041.871217,653649.000,39364,1,TH,1,100,39.418
1752175042.004217,653782.000,39382,1,TH,1,100,39.411
1752175042.137217,653915.000,39415,1,TH,1,100,39.411
1752175042.271217,654049.000,39431,1,TH,1,100,39.397
1752175042.404217,654182.000,39449,1,TH,1,100,39.397
1752175042.537217,654315.000,39480,1,TH,1,100,39.395
1752175042.670217,654448.000,39497,1,TH,1,100,39.395
1752175042.804217,654582.000,39516,1,TH,1,100,39.366
1752175042.937217,654715.000,39532,1,TH,1,100,39.366
1752175043.071217,654849.000,39564,1,TH,1,100,39.318
1752175043.204217,654982.000,39581,1,TH,1,100,39.318
1752175043.337217,655115.000,39598,1,TH,1,100,39.268
1752175043.470217,655248.000,39631,1,TH,1,100,39.268
1752175043.604217,655382.000,39648,1,TH,1,100,39.294
1752175043.737217,655515.000,39665,1,TH,1,100,39.294
1752175043.870217,655648.000,39696,1,TH,1,100,39.397
1752175044.004217,655782.000,39716,1,TH,1,100,39.397
1752175044.137216,655915.000,39732,1,TH,1,100,39.342
1752175044.270216,656048.000,39764,1,TH,1,100,39.342
1752175044.404216,656182.000,39781,1,TH,1,100,39.406
1752175044.537216,656315.000,39797,1,TH,1,100,39.406
1752175044.670216,656448.000,39829,1,TH,1,100,39.328
1752175044.804216,656582.000,39846,1,TH,1,100,39.328
1752175044.937216,656715.000,39862,1,TH,1,100,39.385
1752175045.070216,656848.000,39896,1,TH,1,100,39.385
1752175045.204216,656982.000,39913,1,TH,1,100,39.364
1752175045.337216,657115.000,39932,1,TH,1,100,39.364
1752175045.470216,657248.000,39949,1,TH,1,100,39.406
1752175045.604216,657382.000,39986,1,TH,1,100,39.414
1752175045.737216,657515.000,40002,1,TH,1,100,39.314
1752175045.870216,657648.000,40019,1,TH,1,100,39.306
1752175046.003216,657781.000,40036,1,TH,1,100,39.383
1752175046.137216,657915.000,40067,1,TH,1,100,39.390
1752175046.270216,658048.000,40084,1,TH,1,100,39.412
1752175046.403216,658181.000,40103,1,TH,1,100,39.404
1752175046.537216,658315.000,40134,1,TH,1,100,39.406
1752175046.670216,658448.000,40152,1,TH,1,100,39.414
1752175046.803216,658581.000,40168,1,TH,1,100,39.295
1752175046.937216,658715.000,40185,1,TH,1,100,39.295
1752175047.070216,658848.000,40219,1,TH,1,100,39.292
1752175047.203216,658981.000,40235,1,TH,1,100,39.292
1752175047.337216,659115.000,40253,1,TH,1,100,39.366
1752175047.470216,659248.000,40284,1,TH,1,100,39.366
1752175047.604216,659382.000,40302,1,TH,1,100,39.328
1752175047.737216,659515.000,40320,1,TH,1,100,39.328
1752175047.870216,659648.000,40351,1,TH,1,100,39.321
1752175048.003216,659781.000,40368,1,TH,1,100,39.321
1752175048.137216,659915.000,40385,1,TH,1,100,39.416
1752175048.270216,660048.000,40419,1,TH,1,100,39.416
1752175048.403216,660181.000,40435,1,TH,1,100,39.378
1752175048.537216,660315.000,40452,1,TH,1,100,39.378
1752175048.670216,660448.000,40484,1,TH,1,100,39.469
1752175048.803216,660581.000,40502,1,TH,1,100,39.469
1752175048.936716,660714.500,40520,2,TH,1,100,39.343
1752175049.070216,660848.000,40520,2,TH,1,100,39.342
1752175049.203216,660981.000,40538,2,TH,1,100,39.416
1752175049.336216,661114.000,40538,2,TH,1,100,39.416
1752175049.470216,661248.000,40556,1,TH,1,100,39.257
1752175049.603216,661381.000,40573,1,TH,1,100,39.256
1752175049.736216,661514.000,40590,1,TH,1,100,39.354
1752175049.870216,661648.000,40607,1,TH,1,100,39.354
1752175050.003216,661781.000,40641,1,TH,1,100,39.352
1752175050.136216,661914.000,40659,1,TH,1,100,39.352
1752175050.270216,662048.000,40676,1,TH,1,100,39.335
1752175050.403216,662181.000,40708,1,TH,1,100,39.335
1752175050.536216,662314.000,40724,1,TH,1,100,39.371
1752175050.670216,662448.000,40744,1,TH,1,100,39.371
1752175050.803216,662581.000,40765,1,TH,1,100,39.400
1752175050.936216,662714.000,40797,1,TH,1,100,39.400
1752175051.070216,662848.000,40814,1,TH,1,100,39.364
1752175051.203216,662981.000,40830,1,TH,1,100,39.364
1752175051.336216,663114.000,40850,1,TH,1,100,39.404
1752175051.470216,663248.000,40881,1,TH,1,100,39.404
1752175051.603216,663381.000,40897,1,TH,1,100,39.347
1752175051.736216,663514.000,40915,1,TH,1,100,39.355
1752175051.870216,663648.000,40948,1,TH,1,100,39.338
1752175052.003216,663781.000,40965,1,TH,1,100,39.338
1752175052.136216,663914.000,40982,1,TH,1,100,39.402
1752175052.270216,664048.000,41014,1,TH,1,100,39.402
1752175052.403216,664181.000,41030,1,TH,1,100,39.457
1752175052.536216,664314.000,41049,1,TH,1,100,39.457
1752175052.670216,664448.000,41081,1,TH,1,100,39.393
1752175052.803216,664581.000,41097,1,TH,1,100,39.393
1752175052.936216,664714.000,41114,1,TH,1,100,39.450
1752175053.069216,664847.000,41148,1,TH,1,100,39.450
1752175053.203216,664981.000,41164,1,TH,1,100,39.340
1752175053.336216,665114.000,41182,1,TH,1,100,39.340
1752175053.469216,665247.000,41215,1,TH,1,100,39.381
1752175053.603216,665381.000,41232,1,TH,1,100,39.381
1752175053.736216,665514.000,41249,1,TH,1,100,39.345
1752175053.869216,665647.000,41265,1,TH,1,100,39.345
1752175054.003216,665781.000,41297,1,TH,1,100,39.407
1752175054.136216,665914.000,41314,1,TH,1,100,39.407
1752175054.269216,666047.000,41332,1,TH,1,100,39.364
1752175054.403216,666181.000,41364,1,TH,1,100,39.364
1752175054.536216,666314.000,41381,1,TH,1,100,39.447
1752175054.669216,666447.000,41398,1,TH,1,100,39.448
1752175054.803216,666581.000,41431,1,TH,1,100,39.367
1752175054.936216,666714.000,41448,1,TH,1,100,39.366
1752175055.069216,666847.000,41467,1,TH,1,100,39.307
1752175055.203216,666981.000,41498,1,TH,1,100,39.307
1752175055.336216,667114.000,41518,1,TH,1,100,39.343
1752175055.469216,667247.000,41534,1,TH,1,100,39.343
1752175055.603216,667381.000,41566,1,TH,1,100,39.402
1752175055.736216,667514.000,41583,1,TH,1,100,39.402
1752175055.869215,667647.000,41604,1,TH,1,100,39.312
1752175056.002215,667780.000,41624,1,TH,1,100,39.312
1752175056.136215,667914.000,41640,1,TH,1,100,39.366
1752175056.269215,668047.000,41672,1,TH,1,100,39.367
1752175056.402215,668180.000,41689,1,TH,1,100,39.305
1752175056.536215,668314.000,41705,1,TH,1,100,39.304
1752175056.669215,668447.000,41739,1,TH,1,100,39.374
1752175056.802215,668580.000,41756,1,TH,1,100,39.374
1752175056.936215,668714.000,41772,1,TH,1,100,39.393
1752175057.069215,668847.000,41804,1,TH,1,100,39.400
1752175057.202215,668980.000,41823,1,TH,1,100,39.438
1752175057.336215,669114.000,41840,1,TH,1,100,39.438
1752175057.469215,669247.000,41871,1,TH,1,100,39.341
1752175057.602215,669380.000,41888,1,TH,1,100,39.341
1752175057.736215,669514.000,41905,1,TH,1,100,39.391
1752175057.869215,669647.000,41938,1,TH,1,100,39.391
1752175058.003215,669781.000,41956,1,TH,1,100,39.474
1752175058.136215,669914.000,41972,1,TH,1,100,39.474
1752175058.269215,670047.000,41989,1,TH,1,100,39.345
1752175058.402215,670180.000,42023,1,TH,1,100,39.345
1752175058.536215,670314.000,42039,1,TH,1,100,39.352
1752175058.669215,670447.000,42057,1,TH,1,100,39.352
1752175058.802215,670580.000,42088,1,TH,1,100,39.355
1752175058.936215,670714.000,42104,1,TH,1,100,39.355
1752175059.069215,670847.000,42124,1,TH,1,100,39.360
1752175059.202215,670980.000,42155,1,TH,1,100,39.360
1752175059.335215,671113.000,42172,1,TH,1,100,39.391
1752175059.469215,671247.000,42189,1,TH,1,100,39.391
1752175059.602215,671380.000,42221,1,TH,1,100,39.379
1752175059.735215,671513.000,42239,1,TH,1,100,39.379
1752175059.869215,671647.000,42256,1,TH,1,100,39.379
1752175060.002215,671780.000,42290,1,TH,1,100,39.379
1752175060.136215,671914.000,42306,1,TH,1,100,39.322
1752175060.269215,672047.000,42323,1,TH,1,100,39.321
1752175060.402215,672180.000,42355,1,TH,1,100,39.412
1752175060.535215,672313.000,42371,1,TH,1,100,39.412
1752175060.669215,672447.000,42389,1,TH,1,100,39.400
1752175060.802215,672580.000,42405,1,TH,1,100,39.408
1752175060.935215,672713.000,42445,1,TH,1,100,39.365
1752175061.069215,672847.000,42461,1,TH,1,100,39.365
1752175061.202215,672980.000,42478,1,TH,1,100,39.443
1752175061.335215,673113.000,42495,1,TH,1,100,39.443
1752175061.469215,673247.000,42526,1,TH,1,100,39.339
1752175061.602215,673380.000,42544,1,TH,1,100,39.338
1752175061.735215,673513.000,42560,1,TH,1,100,39.388
1752175061.869215,673647.000,42577,1,TH,1,100,39.389
1752175062.002215,673780.000,42611,1,TH,1,100,39.484
1752175062.135215,673913.000,42627,1,TH,1,100,39.484
1752175062.269215,674047.000,42644,1,TH,1,100,39.293
1752175062.402215,674180.000,42676,1,TH,1,100,39.293
1752175062.535215,674313.000,42694,1,TH,1,100,39.386
1752175062.668215,674446.000,42712,1,TH,1,100,39.386
1752175062.802215,674580.000,42743,1,TH,1,100,39.400
1752175062.935215,674713.000,42759,1,TH,1,100,39.400
1752175063.068215,674846.000,42779,1,TH,1,100,39.410
1752175063.202215,674980.000,42810,1,TH,1,100,39.410
1752175063.335215,675113.000,42827,1,TH,1,100,39.393
1752175063.468215,675246.000,42844,1,TH,1,100,39.393
1752175063.602215,675380.000,42876,1,TH,1,100,39.431
1752175063.735215,675513.000,42892,1,TH,1,100,39.431
1752175063.869215,675647.000,42909,1,TH,1,100,39.334
1752175064.002215,675780.000,42926,1,TH,1,100,39.334
1752175064.135215,675913.000,42957,1,TH,1,100,39.357
1752175064.268215,676046.000,42976,1,TH,1,100,39.365
1752175064.402215,676180.000,42993,1,TH,1,100,39.410
1752175064.535215,676313.000,43026,1,TH,1,100,39.410
1752175064.668215,676446.000,43044,1,TH,1,100,39.456
1752175064.802215,676580.000,43060,1,TH,1,100,39.456
1752175064.935215,676713.000,43092,1,TH,1,100,39.360
1752175065.068215,676846.000,43111,1,TH,1,100,39.360
1752175065.202215,676980.000,43127,1,TH,1,100,39.313
1752175065.335215,677113.000,43161,1,TH,1,100,39.312
1752175065.468215,677246.000,43178,1,TH,1,100,39.470
1752175065.602215,677380.000,43194,1,TH,1,100,39.470
1752175065.735215,677513.000,43228,1,TH,1,100,39.396
1752175065.868215,677646.000,43245,1,TH,1,100,39.396
1752175066.002215,677780.000,43262,1,TH,1,100,39.422
1752175066.135215,677913.000,43284,1,TH,1,100,39.422
1752175066.268215,678046.000,43300,1,TH,1,100,39.379
1752175066.401215,678179.000,43334,1,TH,1,100,39.379
1752175066.535215,678313.000,43351,1,TH,1,100,39.408
1752175066.668215,678446.000,43368,1,TH,1,100,39.408
1752175066.801215,678579.000,43399,1,TH,1,100,39.339
1752175066.935215,678713.000,43416,1,TH,1,100,39.339
1752175067.068215,678846.000,43435,1,TH,1,100,39.336
1752175067.201215,678979.000,43466,1,TH,1,100,39.336
1752175067.335215,679113.000,43484,1,TH,1,100,39.370
1752175067.468215,679246.000,43500,1,TH,1,100,39.370
1752175067.601214,679379.000,43534,1,TH,1,100,39.408
1752175067.735214,679513.000,43551,1,TH,1,100,39.408
1752175067.868214,679646.000,43567,1,TH,1,100,39.386
1752175068.001214,679779.000,43585,1,TH,1,100,39.386
1752175068.135214,679913.000,43616,1,TH,1,100,39.420
1752175068.268214,680046.000,43632,1,TH,1,100,39.420
1752175068.401214,680179.000,43650,1,TH,1,100,39.322
1752175068.535214,680313.000,43683,1,TH,1,100,39.329
1752175068.668214,680446.000,43700,1,TH,1,100,39.344
1752175068.801214,680579.000,43717,1,TH,1,100,39.344
1752175068.935214,680713.000,43749,1,TH,1,100,39.394
1752175069.068214,680846.000,43767,1,TH,1,100,39.394
1752175069.201214,680979.000,43784,1,TH,1,100,39.444
1752175069.335214,681113.000,43816,1,TH,1,100,39.436
1752175069.468214,681246.000,43832,1,TH,1,100,39.463
1752175069.601214,681379.000,43851,1,TH,1,100,39.470
1752175069.735214,681513.000,43883,1,TH,1,100,39.427
1752175069.868214,681646.000,43899,1,TH,1,100,39.427
1752175070.001214,681779.000,43917,1,TH,1,100,39.461
1752175070.134214,681912.000,43952,1,TH,1,100,39.461
1752175070.268214,682046.000,43968,1,TH,1,100,39.394
1752175070.401214,682179.000,43986,1,TH,1,100,39.394
1752175070.534214,682312.000,44002,1,TH,1,100,39.401
1752175070.668214,682446.000,44036,1,TH,1,100,39.401
1752175070.801214,682579.000,44053,1,TH,1,100,39.470
1752175070.934214,682712.000,44069,1,TH,1,100,39.470
1752175071.068214,682846.000,44101,1,TH,1,100,39.408
1752175071.201214,682979.000,44125,1,TH,1,100,39.408
1752175071.335214,683113.000,44142,1,TH,1,100,39.387
1752175071.468214,683246.000,44159,1,TH,1,100,39.387
1752175071.601214,683379.000,44191,1,TH,1,100,39.415
1752175071.734214,683512.000,44209,1,TH,1,100,39.415
1752175071.868214,683646.000,44226,1,TH,1,100,39.372
1752175072.001214,683779.000,44258,1,TH,1,100,39.372
1752175072.134214,683912.000,44274,1,TH,1,100,39.413
1752175072.268214,684046.000,44291,1,TH,1,100,39.413
1752175072.401214,684179.000,44308,1,TH,1,100,39.392
1752175072.534214,684312.000,44341,1,TH,1,100,39.391
1752175072.668214,684446.000,44359,1,TH,1,100,39.508
1752175072.801214,684579.000,44375,1,TH,1,100,39.508
1752175072.934214,684712.000,44407,1,TH,1,100,39.408
1752175073.067214,684845.000,44426,1,TH,1,100,39.408
1752175073.201214,684979.000,44442,1,TH,1,100,39.434
1752175073.334214,685112.000,44474,1,TH,1,100,39.434
1752175073.467214,685245.000,44491,1,TH,1,100,39.444
1752175073.601214,685379.000,44507,1,TH,1,100,39.444
1752175073.734214,685512.000,44541,1,TH,1,100,39.389
1752175073.867214,685645.000,44558,1,TH,1,100,39.389
1752175074.001214,685779.000,44575,1,TH,1,100,39.399
1752175074.134214,685912.000,44606,1,TH,1,100,39.399
1752175074.267214,686045.000,44626,1,TH,1,100,39.391
1752175074.401214,686179.000,44642,1,TH,1,100,39.391
1752175074.534214,686312.000,44659,1,TH,1,100,39.453
1752175074.667214,686445.000,44691,1,TH,1,100,39.461
1752175074.801214,686579.000,44709,1,TH,1,100,39.385
1752175074.934214,686712.000,44726,1,TH,1,100,39.385
1752175075.067214,686845.000,44760,1,TH,1,100,39.416
1752175075.201214,686979.000,44776,1,TH,1,100,39.408
1752175075.334214,687112.000,44794,1,TH,1,100,39.432
1752175075.467214,687245.000,44827,1,TH,1,100,39.439
1752175075.601214,687379.000,44843,1,TH,1,100,39.361
1752175075.734214,687512.000,44861,1,TH,1,100,39.361
1752175075.867214,687645.000,44892,1,TH,1,100,39.401
1752175076.001214,687779.000,44911,1,TH,1,100,39.401
1752175076.134214,687912.000,44928,1,TH,1,100,39.447
1752175076.267214,688045.000,44964,2,TH,1,100,39.447
1752175076.400214,688178.000,44964,2,TH,1,100,39.409
1752175076.534214,688312.000,44995,1,TH,1,100,39.408
1752175076.667214,688445.000,45014,1,TH,1,100,39.463
1752175076.800214,688578.000,45031,1,TH,1,100,39.463
1752175076.934214,688712.000,45063,1,TH,1,100,39.430
1752175077.067214,688845.000,45079,1,TH,1,100,39.430
1752175077.200214,688978.000,45096,1,TH,1,100,39.389
1752175077.334214,689112.000,45130,1,TH,1,100,39.389
1752175077.467214,689245.000,45146,1,TH,1,100,39.437
1752175077.600214,689378.000,45163,1,TH,1,100,39.437
1752175077.734214,689512.000,45197,1,TH,1,100,39.501
1752175077.867214,689645.000,45213,1,TH,1,100,39.501
1752175078.000214,689778.000,45231,1,TH,1,100,39.454
1752175078.134214,689912.000,45247,1,TH,1,100,39.454
1752175078.267214,690045.000,45279,1,TH,1,100,39.463
1752175078.400214,690178.000,45298,1,TH,1,100,39.463
1752175078.534214,690312.000,45314,1,TH,1,100,39.444
1752175078.667214,690445.000,45346,1,TH,1,100,39.444
1752175078.800214,690578.000,45363,1,TH,1,100,39.439
1752175078.934214,690712.000,45379,1,TH,1,100,39.439
1752175079.067214,690845.000,45413,1,TH,1,100,39.451
1752175079.200214,690978.000,45430,1,TH,1,100,39.451
1752175079.333213,691111.000,45447,1,TH,1,100,39.406
1752175079.467213,691245.000,45478,1,TH,1,100,39.406
1752175079.600213,691378.000,45495,1,TH,1,100,39.366
1752175079.733213,691511.000,45514,1,TH,1,100,39.366
1752175079.867213,691645.000,45545,1,TH,1,100,39.485
1752175080.000213,691778.000,45563,1,TH,1,100,39.492
1752175080.133213,691911.000,45581,1,TH,1,100,39.464
1752175080.267213,692045.000,45615,1,TH,1,100,39.456
1752175080.400213,692178.000,45632,1,TH,1,100,39.406
1752175080.533213,692311.000,45648,1,TH,1,100,39.414
1752175080.667213,692445.000,45666,1,TH,1,100,39.425
1752175080.800213,692578.000,45697,1,TH,1,100,39.425
1752175080.933213,692711.000,45715,1,TH,1,100,39.487
1752175081.067213,692845.000,45733,1,TH,1,100,39.487
1752175081.200213,692978.000,45764,1,TH,1,100,39.464
1752175081.333213,693111.000,45781,1,TH,1,100,39.464
1752175081.467213,693245.000,45807,1,TH,1,100,39.385
1752175081.600213,693378.000,45823,1,TH,1,100,39.385
1752175081.733213,693511.000,45855,1,TH,1,100,39.483
1752175081.867213,693645.000,45872,1,TH,1,100,39.483
1752175082.000213,693778.000,45889,1,TH,1,100,39.414
1752175082.133213,693911.000,45908,1,TH,1,100,39.414
1752175082.266213,694044.000,45940,1,TH,1,100,39.392
1752175082.400213,694178.000,45956,1,TH,1,100,39.392
1752175082.533213,694311.000,45973,1,TH,1,100,39.463
1752175082.666213,694444.000,46007,1,TH,1,100,39.464
1752175082.800213,694578.000,46023,1,TH,1,100,39.456
1752175082.933213,694711.000,46040,1,TH,1,100,39.456
1752175083.067213,694845.000,46072,1,TH,1,100,39.425
1752175083.200213,694978.000,46088,1,TH,1,100,39.425
1752175083.333213,695111.000,46108,1,TH,1,100,39.433
1752175083.467213,695245.000,46139,1,TH,1,100,39.433
1752175083.600213,695378.000,46155,1,TH,1,100,39.442
1752175083.733213,695511.000,46173,1,TH,1,100,39.442
1752175083.866213,695644.000,46206,1,TH,1,100,39.340
1752175084.000213,695778.000,46223,1,TH,1,100,39.340
1752175084.133213,695911.000,46240,1,TH,1,100,39.454
1752175084.266213,696044.000,46272,1,TH,1,100,39.454
1752175084.400213,696178.000,46288,1,TH,1,100,39.392
1752175084.533213,696311.000,46307,1,TH,1,100,39.392
1752175084.666213,696444.000,46324,1,TH,1,100,39.473
1752175084.800213,696578.000,46355,1,TH,1,100,39.473
1752175084.933213,696711.000,46372,1,TH,1,100,39.371
1752175085.066213,696844.000,46393,1,TH,1,100,39.371
1752175085.200213,696978.000,46424,1,TH,1,100,39.387
1752175085.333213,697111.000,46442,1,TH,1,100,39.387
1752175085.466213,697244.000,46458,1,TH,1,100,39.452
1752175085.600213,697378.000,46492,1,TH,1,100,39.452
1752175085.733213,697511.000,46509,1,TH,1,100,39.471
1752175085.866213,697644.000,46525,1,TH,1,100,39.471
1752175086.000213,697778.000,46557,1,TH,1,100,39.540
1752175086.133213,697911.000,46574,1,TH,1,100,39.540
1752175086.266213,698044.000,46592,1,TH,1,100,39.421
1752175086.399213,698177.000,46624,1,TH,1,100,39.421
1752175086.533213,698311.000,46646,1,TH,1,100,39.499
1752175086.666213,698444.000,46663,1,TH,1,100,39.507
1752175086.799213,698577.000,46680,1,TH,1,100,39.516
1752175086.933213,698711.000,46698,1,TH,1,100,39.516
1752175087.066213,698844.000,46730,1,TH,1,100,39.459
1752175087.199213,698977.000,46747,1,TH,1,100,39.459
1752175087.333213,699111.000,46764,1,TH,1,100,39.519
1752175087.466213,699244.000,46797,1,TH,1,100,39.519
1752175087.599213,699377.000,46814,1,TH,1,100,39.490
1752175087.733213,699511.000,46831,1,TH,1,100,39.490
1752175087.866213,699644.000,46862,1,TH,1,100,39.464
1752175087.999213,699777.000,46880,1,TH,1,100,39.464
1752175088.133213,699911.000,46896,1,TH,1,100,39.516
1752175088.266213,700044.000,46913,1,TH,1,100,39.516
1752175088.399213,700177.000,46945,1,TH,1,100,39.473
1752175088.533213,700311.000,46961,1,TH,1,100,39.473
1752175088.666213,700444.000,46979,1,TH,1,100,39.464
1752175088.799213,700577.000,47012,1,TH,1,100,39.464
1752175088.933213,700711.000,47028,1,TH,1,100,39.457
1752175089.066213,700844.000,47046,1,TH,1,100,39.457
1752175089.199213,700977.000,47077,1,TH,1,100,39.385
1752175089.333213,701111.000,47094,1,TH,1,100,39.385
1752175089.466213,701244.000,47113,1,TH,1,100,39.511
1752175089.599213,701377.000,47145,1,TH,1,100,39.511
1752175089.732213,701510.000,47161,1,TH,1,100,39.440
1752175089.866213,701644.000,47178,1,TH,1,100,39.440
1752175089.999213,701777.000,47214,1,TH,1,100,39.502
1752175090.132213,701910.000,47230,1,TH,1,100,39.502
1752175090.266213,702044.000,47247,1,TH,1,100,39.492
1752175090.399213,702177.000,47279,1,TH,1,100,39.492
1752175090.532213,702310.000,47297,1,TH,1,100,39.466
1752175090.666213,702444.000,47315,1,TH,1,100,39.474
1752175090.799213,702577.000,47331,1,TH,1,100,39.421
1752175090.932212,702710.000,47363,1,TH,1,100,39.421
1752175091.066212,702844.000,47380,1,TH,1,100,39.433
1752175091.199212,702977.000,47396,1,TH,1,100,39.433
1752175091.332212,703110.000,47430,1,TH,1,100,39.426
1752175091.466212,703244.000,47447,1,TH,1,100,39.426
1752175091.599212,703377.000,47463,1,TH,1,100,39.476
1752175091.732212,703510.000,47486,1,TH,1,100,39.476
1752175091.866212,703644.000,47519,1,TH,1,100,39.538
1752175091.999212,703777.000,47536,1,TH,1,100,39.538
1752175092.132212,703910.000,47553,1,TH,1,100,39.417
1752175092.266212,704044.000,47569,1,TH,1,100,39.416
1752175092.399212,704177.000,47603,1,TH,1,100,39.428
1752175092.532212,704310.000,47620,1,TH,1,100,39.428
1752175092.665212,704443.000,47637,1,TH,1,100,39.464
1752175092.799212,704577.000,47668,1,TH,1,100,39.464
1752175092.932212,704710.000,47685,1,TH,1,100,39.457
1752175093.065212,704843.000,47702,1,TH,1,100,39.457
1752175093.199212,704977.000,47735,1,TH,1,100,39.476
1752175093.332212,705110.000,47753,1,TH,1,100,39.476
1752175093.465212,705243.000,47769,1,TH,1,100,39.407
1752175093.599212,705377.000,47803,1,TH,1,100,39.407
1752175093.732212,705510.000,47820,1,TH,1,100,39.438
1752175093.865212,705643.000,47836,1,TH,1,100,39.438
1752175093.999212,705777.000,47868,1,TH,1,100,39.500
1752175094.132212,705910.000,47885,1,TH,1,100,39.500
1752175094.265212,706043.000,47901,1,TH,1,100,39.438
1752175094.399212,706177.000,47919,1,TH,1,100,39.438
1752175094.532212,706310.000,47950,1,TH,1,100,39.421
1752175094.665212,706443.000,47967,1,TH,1,100,39.421
1752175094.799212,706577.000,47984,1,TH,1,100,39.440
1752175094.932212,706710.000,48018,1,TH,1,100,39.440
1752175095.065212,706843.000,48036,1,TH,1,100,39.486
1752175095.199212,706977.000,48053,1,TH,1,100,39.493
1752175095.332212,707110.000,48085,1,TH,1,100,39.493
1752175095.465212,707243.000,48101,1,TH,1,100,39.493
1752175095.599212,707377.000,48118,1,TH,1,100,39.517
1752175095.732212,707510.000,48152,1,TH,1,100,39.517
1752175095.865212,707643.000,48168,1,TH,1,100,39.583
1752175095.999212,707777.000,48186,1,TH,1,100,39.583
1752175096.132212,707910.000,48219,1,TH,1,100,39.476
1752175096.265212,708043.000,48235,1,TH,1,100,39.476
1752175096.398212,708176.000,48253,1,TH,1,100,39.552
1752175096.532212,708310.000,48269,1,TH,1,100,39.553
1752175096.665212,708443.000,48301,1,TH,1,100,39.572
1752175096.798212,708576.000,48325,1,TH,1,100,39.572
1752175096.932212,708710.000,48341,1,TH,1,100,39.472
1752175097.065212,708843.000,48359,1,TH,1,100,39.472
1752175097.199212,708977.000,48390,1,TH,1,100,39.517
1752175097.332212,709110.000,48409,1,TH,1,100,39.517
1752175097.465212,709243.000,48426,1,TH,1,100,39.510
1752175097.598212,709376.000,48458,1,TH,1,100,39.510
1752175097.732212,709510.000,48474,1,TH,1,100,39.472
1752175097.865212,709643.000,48491,1,TH,1,100,39.472
1752175097.998212,709776.000,48508,1,TH,1,100,39.481
1752175098.132212,709910.000,48541,1,TH,1,100,39.481
1752175098.265212,710043.000,48558,1,TH,1,100,39.493
1752175098.398212,710176.000,48575,1,TH,1,100,39.493
1752175098.532212,710310.000,48606,1,TH,1,100,39.407
1752175098.665212,710443.000,48626,1,TH,1,100,39.407
1752175098.798212,710576.000,48642,1,TH,1,100,39.519
1752175098.932212,710710.000,48674,1,TH,1,100,39.519
1752175099.065212,710843.000,48691,1,TH,1,100,39.550
1752175099.198212,710976.000,48707,1,TH,1,100,39.550
1752175099.332212,711110.000,48741,1,TH,1,100,39.562
1752175099.465212,711243.000,48758,1,TH,1,100,39.562
1752175099.598212,711376.000,48774,1,TH,1,100,39.472
1752175099.731212,711509.000,48806,1,TH,1,100,39.472
1752175099.865212,711643.000,48825,1,TH,1,100,39.448
1752175099.998212,711776.000,48842,1,TH,1,100,39.448
1752175100.131212,711909.000,48861,1,TH,1,100,39.481
1752175100.265212,712043.000,48893,1,TH,1,100,39.481
1752175100.398212,712176.000,48909,1,TH,1,100,39.455
1752175100.531212,712309.000,48926,1,TH,1,100,39.455
1752175100.665212,712443.000,48960,1,TH,1,100,39.417
1752175100.798212,712576.000,48976,1,TH,1,100,39.424
1752175100.931212,712709.000,48993,1,TH,1,100,39.534
1752175101.065212,712843.000,49025,1,TH,1,100,39.526
1752175101.198212,712976.000,49043,1,TH,1,100,39.529
1752175101.331212,713109.000,49061,1,TH,1,100,39.536
1752175101.465212,713243.000,49092,1,TH,1,100,39.522
1752175101.598212,713376.000,49108,1,TH,1,100,39.514
1752175101.732212,713510.000,49126,1,TH,1,100,39.398
1752175101.865212,713643.000,49165,2,TH,1,100,39.405
1752175101.998212,713776.000,49165,2,TH,1,100,39.484
1752175102.131212,713909.000,49196,1,TH,1,100,39.484
1752175102.265212,714043.000,49212,1,TH,1,100,39.472
1752175102.398212,714176.000,49230,1,TH,1,100,39.472
1752175102.531212,714309.000,49263,1,TH,1,100,39.543
1752175102.664211,714442.000,49280,1,TH,1,100,39.543
1752175102.798211,714576.000,49297,1,TH,1,100,39.458
1752175102.931211,714709.000,49329,1,TH,1,100,39.458
1752175103.064211,714842.000,49347,1,TH,1,100,39.462
1752175103.198211,714976.000,49364,1,TH,1,100,39.462
1752175103.331211,715109.000,49396,1,TH,1,100,39.534
1752175103.464211,715242.000,49412,1,TH,1,100,39.534
1752175103.598211,715376.000,49429,1,TH,1,100,39.486
1752175103.731211,715509.000,49463,1,TH,1,100,39.486
1752175103.864211,715642.000,49479,1,TH,1,100,39.508
1752175103.998211,715776.000,49497,1,TH,1,100,39.508
1752175104.131211,715909.000,49513,1,TH,1,100,39.581
1752175104.264211,716042.000,49545,1,TH,1,100,39.581
1752175104.398211,716176.000,49564,1,TH,1,100,39.539
1752175104.531211,716309.000,49580,1,TH,1,100,39.539
1752175104.664211,716442.000,49612,1,TH,1,100,39.560
1752175104.798211,716576.000,49629,1,TH,1,100,39.560
1752175104.931211,716709.000,49645,1,TH,1,100,39.486
1752175105.064211,716842.000,49681,1,TH,1,100,39.486
1752175105.198211,716976.000,49698,1,TH,1,100,39.465
1752175105.331211,717109.000,49715,1,TH,1,100,39.465
1752175105.464211,717242.000,49746,1,TH,1,100,39.412
1752175105.598211,717376.000,49765,1,TH,1,100,39.412
1752175105.731211,717509.000,49782,1,TH,1,100,39.472
1752175105.864211,717642.000,49813,1,TH,1,100,39.472
1752175105.997211,717775.000,49831,1,TH,1,100,39.474
1752175106.131211,717909.000,49847,1,TH,1,100,39.474
1752175106.264211,718042.000,49881,1,TH,1,100,39.508
1752175106.397211,718175.000,49898,1,TH,1,100,39.508
1752175106.531211,718309.000,49914,1,TH,1,100,39.565
1752175106.664211,718442.000,49932,1,TH,1,100,39.565
1752175106.797211,718575.000,49963,1,TH,1,100,39.496
1752175106.931211,718709.000,49981,1,TH,1,100,39.496
1752175107.064211,718842.000,50004,1,TH,1,100,39.467
1752175107.197211,718975.000,50020,1,TH,1,100,39.467
1752175107.331211,719109.000,50052,1,TH,1,100,39.479
1752175107.464211,719242.000,50069,1,TH,1,100,39.486
1752175107.597211,719375.000,50087,1,TH,1,100,39.510
1752175107.731211,719509.000,50105,1,TH,1,100,39.510
1752175107.864211,719642.000,50136,1,TH,1,100,39.603
1752175107.997211,719775.000,50153,1,TH,1,100,39.603
1752175108.131211,719909.000,50170,1,TH,1,100,39.487
1752175108.264211,720042.000,50204,1,TH,1,100,39.486
1752175108.397211,720175.000,50220,1,TH,1,100,39.529
1752175108.531211,720309.000,50237,1,TH,1,100,39.529
1752175108.664211,720442.000,50269,1,TH,1,100,39.482
1752175108.797211,720575.000,50287,1,TH,1,100,39.482
1752175108.931211,720709.000,50304,1,TH,1,100,39.501
1752175109.064211,720842.000,50336,1,TH,1,100,39.501
1752175109.197211,720975.000,50352,1,TH,1,100,39.406
1752175109.331211,721109.000,50370,1,TH,1,100,39.405
1752175109.464211,721242.000,50403,1,TH,1,100,39.417
1752175109.597211,721375.000,50419,1,TH,1,100,39.417
1752175109.730211,721508.000,50437,1,TH,1,100,39.520
1752175109.864211,721642.000,50453,1,TH,1,100,39.520
1752175109.997211,721775.000,50489,1,TH,1,100,39.541
1752175110.130211,721908.000,50506,1,TH,1,100,39.541
1752175110.264211,722042.000,50522,1,TH,1,100,39.525
1752175110.397211,722175.000,50554,1,TH,1,100,39.525
1752175110.530211,722308.000,50571,1,TH,1,100,39.453
1752175110.664211,722442.000,50590,1,TH,1,100,39.453
1752175110.797211,722575.000,50621,1,TH,1,100,39.522
1752175110.930211,722708.000,50638,1,TH,1,100,39.522
1752175111.064211,722842.000,50655,1,TH,1,100,39.494
1752175111.197211,722975.000,50688,1,TH,1,100,39.494
1752175111.330211,723108.000,50706,1,TH,1,100,39.541
1752175111.464211,723242.000,50722,1,TH,1,100,39.549
1752175111.597211,723375.000,50754,1,TH,1,100,39.504
1752175111.730211,723508.000,50773,1,TH,1,100,39.503
1752175111.864211,723642.000,50789,1,TH,1,100,39.494
1752175111.997211,723775.000,50807,1,TH,1,100,39.494
1752175112.130211,723908.000,50843,1,TH,1,100,39.525
1752175112.263211,724041.000,50860,1,TH,1,100,39.525
1752175112.397211,724175.000,50879,1,TH,1,100,39.525
1752175112.530211,724308.000,50895,1,TH,1,100,39.525
1752175112.664211,724442.000,50927,1,TH,1,100,39.537
1752175112.797211,724575.000,50944,1,TH,1,100,39.537
1752175112.930211,724708.000,50960,1,TH,1,100,39.551
1752175113.063211,724841.000,50994,1,TH,1,100,39.551
1752175113.197211,724975.000,51011,1,TH,1,100,39.592
1752175113.330211,725108.000,51028,1,TH,1,100,39.592
1752175113.463211,725241.000,51059,1,TH,1,100,39.554
1752175113.597211,725375.000,51079,1,TH,1,100,39.553
1752175113.730211,725508.000,51095,1,TH,1,100,39.473
1752175113.863211,725641.000,51112,1,TH,1,100,39.472
1752175113.997211,725775.000,51144,1,TH,1,100,39.482
1752175114.130211,725908.000,51160,1,TH,1,100,39.482
1752175114.263211,726041.000,51179,1,TH,1,100,39.468
1752175114.397210,726175.000,51211,1,TH,1,100,39.468
1752175114.530210,726308.000,51227,1,TH,1,100,39.518
1752175114.663210,726441.000,51245,1,TH,1,100,39.518
1752175114.797210,726575.000,51278,1,TH,1,100,39.473
1752175114.930210,726708.000,51294,1,TH,1,100,39.472
1752175115.063210,726841.000,51314,1,TH,1,100,39.430
1752175115.197210,726975.000,51345,1,TH,1,100,39.430
1752175115.330210,727108.000,51362,1,TH,1,100,39.613
1752175115.463210,727241.000,51381,1,TH,1,100,39.613
1752175115.597210,727375.000,51413,1,TH,1,100,39.573
1752175115.730210,727508.000,51429,1,TH,1,100,39.580
1752175115.863210,727641.000,51446,1,TH,1,100,39.530
1752175115.997210,727775.000,51463,1,TH,1,100,39.530
1752175116.130210,727908.000,51496,1,TH,1,100,39.516
1752175116.263210,728041.000,51513,1,TH,1,100,39.516
1752175116.396210,728174.000,51530,1,TH,1,100,39.539
1752175116.530210,728308.000,51561,1,TH,1,100,39.539
1752175116.663210,728441.000,51581,1,TH,1,100,39.589
1752175116.796210,728574.000,51597,1,TH,1,100,39.589
1752175116.930210,728708.000,51629,1,TH,1,100,39.504
1752175117.063210,728841.000,51646,1,TH,1,100,39.504
1752175117.196210,728974.000,51662,1,TH,1,100,39.544
1752175117.330210,729108.000,51687,1,TH,1,100,39.544
1752175117.463210,729241.000,51703,1,TH,1,100,39.468
1752175117.596210,729374.000,51735,1,TH,1,100,39.468
1752175117.730210,729508.000,51752,1,TH,1,100,39.516
1752175117.863210,729641.000,51768,1,TH,1,100,39.516
1752175117.996210,729774.000,51802,1,TH,1,100,39.547
1752175118.130210,729908.000,51819,1,TH,1,100,39.547
1752175118.263210,730041.000,51835,1,TH,1,100,39.599
1752175118.396210,730174.000,51867,1,TH,1,100,39.599
1752175118.530210,730308.000,51886,1,TH,1,100,39.544
1752175118.663210,730441.000,51903,1,TH,1,100,39.544
1752175118.796210,730574.000,51934,1,TH,1,100,39.535
1752175118.930210,730708.000,51951,1,TH,1,100,39.535
1752175119.063210,730841.000,51968,1,TH,1,100,39.559
1752175119.196210,730974.000,52001,1,TH,1,100,39.559
1752175119.330210,731108.000,52019,1,TH,1,100,39.461
1752175119.463210,731241.000,52035,1,TH,1,100,39.461
1752175119.596210,731374.000,52067,1,TH,1,100,39.539
1752175119.729210,731507.000,52084,1,TH,1,100,39.539
1752175119.863210,731641.000,52102,1,TH,1,100,39.544
1752175119.996210,731774.000,52120,1,TH,1,100,39.544
1752175120.129210,731907.000,52153,1,TH,1,100,39.435
1752175120.263210,732041.000,52169,1,TH,1,100,39.435
1752175120.396210,732174.000,52187,1,TH,1,100,39.487
1752175120.529210,732307.000,52220,1,TH,1,100,39.487
1752175120.663210,732441.000,52237,1,TH,1,100,39.537
1752175120.796210,732574.000,52254,1,TH,1,100,39.537
1752175120.929210,732707.000,52286,1,TH,1,100,39.606
1752175121.063210,732841.000,52304,1,TH,1,100,39.606
1752175121.196210,732974.000,52321,1,TH,1,100,39.590
1752175121.329210,733107.000,52353,1,TH,1,100,39.589
1752175121.463210,733241.000,52369,1,TH,1,100,39.589
1752175121.596210,733374.000,52386,1,TH,1,100,39.589
1752175121.729210,733507.000,52420,1,TH,1,100,39.566
1752175121.863210,733641.000,52436,1,TH,1,100,39.566
1752175121.996210,733774.000,52454,1,TH,1,100,39.656
1752175122.129210,733907.000,52485,1,TH,1,100,39.656
1752175122.262210,734040.000,52502,1,TH,1,100,39.480
1752175122.396210,734174.000,52526,1,TH,1,100,39.480
1752175122.529210,734307.000,52542,1,TH,1,100,39.487
1752175122.663210,734441.000,52560,1,TH,1,100,39.487
1752175122.796210,734574.000,52591,1,TH,1,100,39.475
1752175122.929210,734707.000,52607,1,TH,1,100,39.475
1752175123.063210,734841.000,52627,1,TH,1,100,39.558
1752175123.196210,734974.000,52658,1,TH,1,100,39.559
1752175123.329210,735107.000,52675,1,TH,1,100,39.542
1752175123.462210,735240.000,52692,1,TH,1,100,39.542
1752175123.596210,735374.000,52708,1,TH,1,100,39.485
1752175123.729210,735507.000,52742,1,TH,1,100,39.492
1752175123.862210,735640.000,52759,1,TH,1,100,39.564
1752175123.996210,735774.000,52776,1,TH,1,100,39.564
1752175124.129210,735907.000,52807,1,TH,1,100,39.476
1752175124.262210,736040.000,52826,1,TH,1,100,39.475
1752175124.396210,736174.000,52843,1,TH,1,100,39.528
1752175124.529210,736307.000,52874,1,TH,1,100,39.520
1752175124.662210,736440.000,52892,1,TH,1,100,39.497
1752175124.796210,736574.000,52908,1,TH,1,100,39.504
1752175124.929210,736707.000,52942,1,TH,1,100,39.545
1752175125.062210,736840.000,52961,1,TH,1,100,39.545
1752175125.196210,736974.000,52977,1,TH,1,100,39.573
1752175125.329210,737107.000,53009,1,TH,1,100,39.573
1752175125.462210,737240.000,53026,1,TH,1,100,39.568
1752175125.596210,737374.000,53044,1,TH,1,100,39.568
1752175125.729210,737507.000,53062,1,TH,1,100,39.592
1752175125.862210,737640.000,53093,1,TH,1,100,39.592
1752175125.996210,737774.000,53110,1,TH,1,100,39.556
1752175126.129209,737907.000,53127,1,TH,1,100,39.556
1752175126.262209,738040.000,53161,1,TH,1,100,39.487
1752175126.395209,738173.000,53177,1,TH,1,100,39.487
1752175126.529209,738307.000,53194,1,TH,1,100,39.533
1752175126.662209,738440.000,53228,1,TH,1,100,39.533
1752175126.795209,738573.000,53244,1,TH,1,100,39.564
1752175126.929209,738707.000,53261,1,TH,1,100,39.564
1752175127.062209,738840.000,53293,1,TH,1,100,39.559
1752175127.195209,738973.000,53309,1,TH,1,100,39.559
1752175127.329209,739107.000,53327,1,TH,1,100,39.644
1752175127.462209,739240.000,53365,2,TH,1,100,39.644
1752175127.595209,739373.000,53365,2,TH,1,100,39.516
1752175127.729209,739507.000,53397,1,TH,1,100,39.516
1752175127.862209,739640.000,53413,1,TH,1,100,39.540
1752175127.995209,739773.000,53431,1,TH,1,100,39.540
1752175128.129209,739907.000,53464,1,TH,1,100,39.540
1752175128.262209,740040.000,53480,1,TH,1,100,39.540
1752175128.395209,740173.000,53498,1,TH,1,100,39.516
1752175128.529209,740307.000,53529,1,TH,1,100,39.516
1752175128.662209,740440.000,53548,1,TH,1,100,39.552
1752175128.795209,740573.000,53565,1,TH,1,100,39.552
1752175128.928209,740706.000,53597,1,TH,1,100,39.590
1752175129.062209,740840.000,53613,1,TH,1,100,39.590
1752175129.195209,740973.000,53630,1,TH,1,100,39.542
1752175129.328209,741106.000,53664,1,TH,1,100,39.542
1752175129.462209,741240.000,53680,1,TH,1,100,39.485
1752175129.595209,741373.000,53697,1,TH,1,100,39.492
1752175129.728209,741506.000,53714,1,TH,1,100,39.559
1752175129.862209,741640.000,53747,1,TH,1,100,39.552
1752175129.995209,741773.000,53765,1,TH,1,100,39.566
1752175130.128209,741906.000,53783,1,TH,1,100,39.573
1752175130.262209,742040.000,53815,1,TH,1,100,39.578
1752175130.395209,742173.000,53832,1,TH,1,100,39.578
1752175130.528209,742306.000,53848,1,TH,1,100,39.483
1752175130.662209,742440.000,53882,1,TH,1,100,39.483
1752175130.795209,742573.000,53899,1,TH,1,100,39.595
1752175130.928209,742706.000,53915,1,TH,1,100,39.595
1752175131.062209,742840.000,53949,1,TH,1,100,39.640
1752175131.195209,742973.000,53966,1,TH,1,100,39.640
1752175131.328209,743106.000,53983,1,TH,1,100,39.559
1752175131.462209,743240.000,54000,1,TH,1,100,39.559
1752175131.595209,743373.000,54032,1,TH,1,100,39.488
1752175131.728209,743506.000,54048,1,TH,1,100,39.488
1752175131.862209,743640.000,54067,1,TH,1,100,39.645
1752175131.995209,743773.000,54099,1,TH,1,100,39.645
1752175132.128209,743906.000,54115,1,TH,1,100,39.564
1752175132.261209,744039.000,54132,1,TH,1,100,39.564
1752175132.395209,744173.000,54166,1,TH,1,100,39.588
1752175132.528209,744306.000,54182,1,TH,1,100,39.588
1752175132.661209,744439.000,54205,1,TH,1,100,39.523
1752175132.795209,744573.000,54221,1,TH,1,100,39.523
1752175132.928209,744706.000,54238,1,TH,1,100,39.557
1752175133.061209,744839.000,54272,1,TH,1,100,39.557
1752175133.195209,744973.000,54288,1,TH,1,100,39.571
1752175133.328209,745106.000,54306,1,TH,1,100,39.571
1752175133.461209,745239.000,54337,1,TH,1,100,39.581
1752175133.595209,745373.000,54353,1,TH,1,100,39.581
1752175133.728209,745506.000,54373,1,TH,1,100,39.523
1752175133.861209,745639.000,54404,1,TH,1,100,39.523
1752175133.995209,745773.000,54421,1,TH,1,100,39.547
1752175134.128209,745906.000,54438,1,TH,1,100,39.547
1752175134.261209,746039.000,54472,1,TH,1,100,39.528
1752175134.395209,746173.000,54488,1,TH,1,100,39.528
1752175134.528209,746306.000,54505,1,TH,1,100,39.571
1752175134.661209,746439.000,54537,1,TH,1,100,39.571
1752175134.795209,746573.000,54553,1,TH,1,100,39.547
1752175134.928209,746706.000,54570,1,TH,1,100,39.547
1752175135.061209,746839.000,54606,1,TH,1,100,39.528
1752175135.195209,746973.000,54622,1,TH,1,100,39.528
1752175135.328209,747106.000,54640,1,TH,1,100,39.578
1752175135.461209,747239.000,54656,1,TH,1,100,39.578
1752175135.595209,747373.000,54690,1,TH,1,100,39.543
1752175135.728209,747506.000,54707,1,TH,1,100,39.542
1752175135.861209,747639.000,54723,1,TH,1,100,39.545
1752175135.995209,747773.000,54755,1,TH,1,100,39.545
1752175136.128209,747906.000,54772,1,TH,1,100,39.576
1752175136.261209,748039.000,54788,1,TH,1,100,39.576
1752175136.395209,748173.000,54822,1,TH,1,100,39.528
1752175136.528209,748306.000,54839,1,TH,1,100,39.528
1752175136.661209,748439.000,54856,1,TH,1,100,39.533
1752175136.795209,748573.000,54887,1,TH,1,100,39.533
1752175136.928209,748706.000,54906,1,TH,1,100,39.521
1752175137.061209,748839.000,54923,1,TH,1,100,39.521
1752175137.194209,748972.000,54954,1,TH,1,100,39.557
1752175137.328209,749106.000,54972,1,TH,1,100,39.557
1752175137.461209,749239.000,54988,1,TH,1,100,39.547
1752175137.594209,749372.000,55005,1,TH,1,100,39.555
1752175137.728209,749506.000,55044,1,TH,1,100,39.550
1752175137.861208,749639.000,55060,1,TH,1,100,39.550
1752175137.994208,749772.000,55078,1,TH,1,100,39.586
1752175138.128208,749906.000,55094,1,TH,1,100,39.586
1752175138.261208,750039.000,55128,1,TH,1,100,39.652
1752175138.394208,750172.000,55145,1,TH,1,100,39.652
1752175138.528208,750306.000,55161,1,TH,1,100,39.600
1752175138.661208,750439.000,55193,1,TH,1,100,39.600
1752175138.794208,750572.000,55210,1,TH,1,100,39.486
1752175138.928208,750706.000,55228,1,TH,1,100,39.486
1752175139.061208,750839.000,55246,1,TH,1,100,39.574
1752175139.194208,750972.000,55277,1,TH,1,100,39.574
1752175139.327208,751105.000,55294,1,TH,1,100,39.548
1752175139.461208,751239.000,55311,1,TH,1,100,39.548
1752175139.594208,751372.000,55345,1,TH,1,100,39.564
1752175139.727208,751505.000,55361,1,TH,1,100,39.564
1752175139.861208,751639.000,55378,1,TH,1,100,39.595
1752175139.994208,751772.000,55412,1,TH,1,100,39.595
1752175140.127208,751905.000,55428,1,TH,1,100,39.652
1752175140.261208,752039.000,55447,1,TH,1,100,39.652
1752175140.394208,752172.000,55479,1,TH,1,100,39.557
1752175140.527208,752305.000,55495,1,TH,1,100,39.557
1752175140.661208,752439.000,55513,1,TH,1,100,39.581
1752175140.794208,752572.000,55546,1,TH,1,100,39.581
1752175140.927208,752705.000,55562,1,TH,1,100,39.562
1752175141.061208,752839.000,55580,1,TH,1,100,39.562
1752175141.194208,752972.000,55611,1,TH,1,100,39.595
1752175141.327208,753105.000,55630,1,TH,1,100,39.595
1752175141.461208,753239.000,55647,1,TH,1,100,39.609
1752175141.594208,753372.000,55663,1,TH,1,100,39.609
1752175141.727208,753505.000,55695,1,TH,1,100,39.647
1752175141.861208,753639.000,55712,1,TH,1,100,39.648
1752175141.994208,753772.000,55731,1,TH,1,100,39.574
1752175142.127208,753905.000,55762,1,TH,1,100,39.574
1752175142.260208,754038.000,55779,1,TH,1,100,39.578
1752175142.394208,754172.000,55796,1,TH,1,100,39.578
1752175142.527208,754305.000,55829,1,TH,1,100,39.548
1752175142.660208,754438.000,55847,1,TH,1,100,39.548
1752175142.794208,754572.000,55863,1,TH,1,100,39.621
1752175142.927208,754705.000,55885,1,TH,1,100,39.621
1752175143.060208,754838.000,55902,1,TH,1,100,39.552
1752175143.194208,754972.000,55935,1,TH,1,100,39.560
1752175143.327208,755105.000,55953,1,TH,1,100,39.507
1752175143.460208,755238.000,55969,1,TH,1,100,39.507
1752175143.594208,755372.000,56001,1,TH,1,100,39.567
1752175143.727208,755505.000,56018,1,TH,1,100,39.559
1752175143.860208,755638.000,56036,1,TH,1,100,39.564
1752175143.994208,755772.000,56068,1,TH,1,100,39.564
1752175144.127208,755905.000,56085,1,TH,1,100,39.521
1752175144.260208,756038.000,56101,1,TH,1,100,39.529
1752175144.394208,756172.000,56135,1,TH,1,100,39.614
1752175144.527208,756305.000,56152,1,TH,1,100,39.615
1752175144.660208,756438.000,56169,1,TH,1,100,39.541
1752175144.794208,756572.000,56200,1,TH,1,100,39.541
1752175144.927208,756705.000,56217,1,TH,1,100,39.595
1752175145.060208,756838.000,56238,1,TH,1,100,39.595
1752175145.194208,756972.000,56269,1,TH,1,100,39.512
1752175145.327208,757105.000,56287,1,TH,1,100,39.512
1752175145.460208,757238.000,56303,1,TH,1,100,39.598
1752175145.594208,757372.000,56320,1,TH,1,100,39.598
1752175145.727208,757505.000,56354,1,TH,1,100,39.624
1752175145.860208,757638.000,56370,1,TH,1,100,39.624
1752175145.993208,757771.000,56388,1,TH,1,100,39.631
1752175146.127208,757905.000,56419,1,TH,1,100,39.631
1752175146.260208,758038.000,56435,1,TH,1,100,39.610
1752175146.393208,758171.000,56455,1,TH,1,100,39.610
1752175146.527208,758305.000,56486,1,TH,1,100,39.624
1752175146.660208,758438.000,56503,1,TH,1,100,39.624
1752175146.793208,758571.000,56520,1,TH,1,100,39.596
1752175146.927208,758705.000,56554,1,TH,1,100,39.595
1752175147.060208,758838.000,56570,1,TH,1,100,39.548
1752175147.193208,758971.000,56587,1,TH,1,100,39.548
1752175147.327208,759105.000,56619,1,TH,1,100,39.591
1752175147.460208,759238.000,56635,1,TH,1,100,39.591
1752175147.593208,759371.000,56654,1,TH,1,100,39.629
1752175147.727208,759505.000,56671,1,TH,1,100,39.629
1752175147.860208,759638.000,56702,1,TH,1,100,39.534
1752175147.993208,759771.000,56725,1,TH,1,100,39.534
1752175148.127208,759905.000,56741,1,TH,1,100,39.526
1752175148.260208,760038.000,56760,1,TH,1,100,39.526
1752175148.393208,760171.000,56792,1,TH,1,100,39.664
1752175148.527208,760305.000,56808,1,TH,1,100,39.664
1752175148.660208,760438.000,56826,1,TH,1,100,39.624
1752175148.793208,760571.000,56859,1,TH,1,100,39.624
1752175148.927208,760705.000,56875,1,TH,1,100,39.586
1752175149.060208,760838.000,56893,1,TH,1,100,39.586
1752175149.193208,760971.000,56924,1,TH,1,100,39.631
1752175149.327208,761105.000,56941,1,TH,1,100,39.631
1752175149.460207,761238.000,56960,1,TH,1,100,39.631
1752175149.593207,761371.000,56976,1,TH,1,100,39.631
1752175149.727207,761505.000,57008,1,TH,1,100,39.598
1752175149.860207,761638.000,57025,1,TH,1,100,39.598
1752175149.993207,761771.000,57042,1,TH,1,100,39.588
1752175150.127207,761905.000,57077,1,TH,1,100,39.596
1752175150.260207,762038.000,57094,1,TH,1,100,39.605
1752175150.393207,762171.000,57111,1,TH,1,100,39.605
1752175150.526207,762304.000,57142,1,TH,1,100,39.555
1752175150.660207,762438.000,57162,1,TH,1,100,39.555
1752175150.793207,762571.000,57178,1,TH,1,100,39.662
1752175150.926207,762704.000,57210,1,TH,1,100,39.662
1752175151.060207,762838.000,57227,1,TH,1,100,39.629
1752175151.193207,762971.000,57245,1,TH,1,100,39.629
1752175151.326207,763104.000,57277,1,TH,1,100,39.553
1752175151.460207,763238.000,57294,1,TH,1,100,39.553
1752175151.593207,763371.000,57310,1,TH,1,100,39.608
1752175151.726207,763504.000,57328,1,TH,1,100,39.608
1752175151.860207,763638.000,57361,1,TH,1,100,39.558
1752175151.993207,763771.000,57378,1,TH,1,100,39.558
1752175152.126207,763904.000,57395,1,TH,1,100,39.610
1752175152.260207,764038.000,57427,1,TH,1,100,39.610
1752175152.393207,764171.000,57443,1,TH,1,100,39.553
1752175152.526207,764304.000,57462,1,TH,1,100,39.553
1752175152.660207,764438.000,57494,1,TH,1,100,39.677
1752175152.793207,764571.000,57510,1,TH,1,100,39.677
1752175152.926207,764704.000,57527,1,TH,1,100,39.555
1752175153.059707,764837.500,57566,2,TH,1,100,39.555
1752175153.193207,764971.000,57566,2,TH,1,100,39.662
1752175153.326207,765104.000,57598,1,TH,1,100,39.662
1752175153.459207,765237.000,57614,1,TH,1,100,39.520
1752175153.593207,765371.000,57631,1,TH,1,100,39.520
1752175153.726207,765504.000,57665,1,TH,1,100,39.703
1752175153.859207,765637.000,57681,1,TH,1,100,39.703
1752175153.993207,765771.000,57699,1,TH,1,100,39.608
1752175154.126207,765904.000,57730,1,TH,1,100,39.608
1752175154.259207,766037.000,57748,1,TH,1,100,39.589
1752175154.393207,766171.000,57766,1,TH,1,100,39.589
1752175154.526207,766304.000,57797,1,TH,1,100,39.584
1752175154.659207,766437.000,57814,1,TH,1,100,39.584
1752175154.793207,766571.000,57831,1,TH,1,100,39.582
1752175154.926207,766704.000,57849,1,TH,1,100,39.589
1752175155.059207,766837.000,57883,1,TH,1,100,39.629
1752175155.193207,766971.000,57900,1,TH,1,100,39.622
1752175155.326207,767104.000,57917,1,TH,1,100,39.610
1752175155.459207,767237.000,57948,1,TH,1,100,39.610
1752175155.593207,767371.000,57967,1,TH,1,100,39.617
1752175155.726207,767504.000,57984,1,TH,1,100,39.617
1752175155.859207,767637.000,58015,1,TH,1,100,39.508
1752175155.992207,767770.000,58033,1,TH,1,100,39.515
1752175156.126207,767904.000,58049,1,TH,1,100,39.572
1752175156.259207,768037.000,58083,1,TH,1,100,39.572
1752175156.392207,768170.000,58100,1,TH,1,100,39.577
1752175156.526207,768304.000,58116,1,TH,1,100,39.577
1752175156.659207,768437.000,58148,1,TH,1,100,39.608
1752175156.792207,768570.000,58167,1,TH,1,100,39.608
1752175156.926207,768704.000,58183,1,TH,1,100,39.577
1752175157.059207,768837.000,58215,1,TH,1,100,39.577
1752175157.192207,768970.000,58232,1,TH,1,100,39.617
1752175157.326207,769104.000,58249,1,TH,1,100,39.618
1752175157.459207,769237.000,58268,1,TH,1,100,39.549
1752175157.592207,769370.000,58300,1,TH,1,100,39.549
1752175157.726207,769504.000,58316,1,TH,1,100,39.529
1752175157.859207,769637.000,58333,1,TH,1,100,39.529
1752175157.992207,769770.000,58367,1,TH,1,100,39.560
1752175158.126207,769904.000,58383,1,TH,1,100,39.560
1752175158.259207,770037.000,58405,1,TH,1,100,39.655
1752175158.392207,770170.000,58422,1,TH,1,100,39.656
1752175158.526207,770304.000,58453,1,TH,1,100,39.603
1752175158.659207,770437.000,58471,1,TH,1,100,39.603
1752175158.792207,770570.000,58489,1,TH,1,100,39.606
1752175158.925207,770703.000,58506,1,TH,1,100,39.606
1752175159.059207,770837.000,58538,1,TH,1,100,39.615
1752175159.192207,770970.000,58554,1,TH,1,100,39.615
1752175159.326207,771104.000,58572,1,TH,1,100,39.689
1752175159.459207,771237.000,58605,1,TH,1,100,39.689
1752175159.592207,771370.000,58621,1,TH,1,100,39.651
1752175159.725207,771503.000,58639,1,TH,1,100,39.651
1752175159.859207,771637.000,58670,1,TH,1,100,39.637
1752175159.992207,771770.000,58689,1,TH,1,100,39.644
1752175160.126207,771904.000,58708,1,TH,1,100,39.575
1752175160.259207,772037.000,58740,1,TH,1,100,39.568
1752175160.392207,772170.000,58756,1,TH,1,100,39.627
1752175160.525207,772303.000,58773,1,TH,1,100,39.634
1752175160.659207,772437.000,58807,1,TH,1,100,39.582
1752175160.792207,772570.000,58823,1,TH,1,100,39.582
1752175160.925207,772703.000,58840,1,TH,1,100,39.606
1752175161.059207,772837.000,58872,1,TH,1,100,39.606
1752175161.192206,772970.000,58890,1,TH,1,100,39.651
1752175161.325206,773103.000,58908,1,TH,1,100,39.651
1752175161.459206,773237.000,58924,1,TH,1,100,39.592
1752175161.592206,773370.000,58956,1,TH,1,100,39.592
1752175161.725206,773503.000,58973,1,TH,1,100,39.639
1752175161.859206,773637.000,58991,1,TH,1,100,39.639
1752175161.992206,773770.000,59023,1,TH,1,100,39.577
1752175162.125206,773903.000,59040,1,TH,1,100,39.577
1752175162.259206,774037.000,59056,1,TH,1,100,39.620
1752175162.392206,774170.000,59090,1,TH,1,100,39.620
1752175162.525206,774303.000,59107,1,TH,1,100,39.682
1752175162.659206,774437.000,59124,1,TH,1,100,39.682
1752175162.792206,774570.000,59155,1,TH,1,100,39.568
1752175162.925206,774703.000,59172,1,TH,1,100,39.568
1752175163.058206,774836.000,59191,1,TH,1,100,39.544
1752175163.192206,774970.000,59222,1,TH,1,100,39.544
1752175163.325206,775103.000,59245,1,TH,1,100,39.537
1752175163.458206,775236.000,59261,1,TH,1,100,39.537
1752175163.592206,775370.000,59280,1,TH,1,100,39.508
1752175163.725206,775503.000,59297,1,TH,1,100,39.508
1752175163.858206,775636.000,59328,1,TH,1,100,39.651
1752175163.992206,775770.000,59346,1,TH,1,100,39.651
1752175164.125206,775903.000,59362,1,TH,1,100,39.613
1752175164.258206,776036.000,59396,1,TH,1,100,39.613
1752175164.392206,776170.000,59413,1,TH,1,100,39.644
1752175164.525206,776303.000,59429,1,TH,1,100,39.644
1752175164.658206,776436.000,59447,1,TH,1,100,39.656
1752175164.792206,776570.000,59478,1,TH,1,100,39.656
1752175164.925206,776703.000,59496,1,TH,1,100,39.611
1752175165.058206,776836.000,59516,1,TH,1,100,39.611
1752175165.192206,776970.000,59547,1,TH,1,100,39.580
1752175165.325206,777103.000,59564,1,TH,1,100,39.580
1752175165.458206,777236.000,59581,1,TH,1,100,39.589
1752175165.592206,777370.000,59615,1,TH,1,100,39.589
1752175165.725206,777503.000,59631,1,TH,1,100,39.589
1752175165.858206,777636.000,59648,1,TH,1,100,39.589
1752175165.992206,777770.000,59680,1,TH,1,100,39.646
1752175166.125206,777903.000,59698,1,TH,1,100,39.646
1752175166.258206,778036.000,59715,1,TH,1,100,39.632
1752175166.391206,778169.000,59747,1,TH,1,100,39.632
1752175166.525206,778303.000,59763,1,TH,1,100,39.623
1752175166.658206,778436.000,59781,1,TH,1,100,39.623
1752175166.791206,778569.000,59799,1,TH,1,100,39.675
1752175166.925206,778703.000,59831,1,TH,1,100,39.682
1752175167.058206,778836.000,59848,1,TH,1,100,39.628
1752175167.191206,778969.000,59864,1,TH,1,100,39.628
1752175167.325206,779103.000,59898,1,TH,1,100,39.597
1752175167.458206,779236.000,59915,1,TH,1,100,39.589
1752175167.591206,779369.000,59931,1,TH,1,100,39.680
1752175167.725206,779503.000,59963,1,TH,1,100,39.687
1752175167.858206,779636.000,59980,1,TH,1,100,39.675
1752175167.991206,779769.000,59999,1,TH,1,100,39.668
1752175168.125206,779903.000,60030,1,TH,1,100,39.587
1752175168.258206,780036.000,60047,1,TH,1,100,39.594
1752175168.391206,780169.000,60064,1,TH,1,100,39.651
1752175168.525206,780303.000,60086,1,TH,1,100,39.651
1752175168.658206,780436.000,60105,1,TH,1,100,39.651
1752175168.791206,780569.000,60136,1,TH,1,100,39.651
1752175168.925206,780703.000,60153,1,TH,1,100,39.640
1752175169.058206,780836.000,60170,1,TH,1,100,39.640
1752175169.191206,780969.000,60203,1,TH,1,100,39.606
1752175169.324206,781102.000,60221,1,TH,1,100,39.606
1752175169.458206,781236.000,60237,1,TH,1,100,39.656
1752175169.591206,781369.000,60269,1,TH,1,100,39.656
1752175169.724206,781502.000,60288,1,TH,1,100,39.632
1752175169.858206,781636.000,60304,1,TH,1,100,39.632
1752175169.991206,781769.000,60338,1,TH,1,100,39.575
1752175170.124206,781902.000,60355,1,TH,1,100,39.575
1752175170.258206,782036.000,60371,1,TH,1,100,39.625
1752175170.391206,782169.000,60391,1,TH,1,100,39.625
1752175170.524206,782302.000,60422,1,TH,1,100,39.666
1752175170.658206,782436.000,60439,1,TH,1,100,39.666
1752175170.791206,782569.000,60456,1,TH,1,100,39.575
1752175170.924206,782702.000,60488,1,TH,1,100,39.575
1752175171.058206,782836.000,60506,1,TH,1,100,39.613
1752175171.191206,782969.000,60523,1,TH,1,100,39.613
1752175171.324206,783102.000,60555,1,TH,1,100,39.599
1752175171.458206,783236.000,60571,1,TH,1,100,39.599
1752175171.591206,783369.000,60590,1,TH,1,100,39.651
1752175171.724206,783502.000,60622,1,TH,1,100,39.651
1752175171.858206,783636.000,60638,1,TH,1,100,39.537
1752175171.991206,783769.000,60656,1,TH,1,100,39.537
1752175172.124206,783902.000,60689,1,TH,1,100,39.599
1752175172.258206,784036.000,60706,1,TH,1,100,39.599
1752175172.391206,784169.000,60723,1,TH,1,100,39.651
1752175172.524206,784302.000,60739,1,TH,1,100,39.651
1752175172.657206,784435.000,60771,1,TH,1,100,39.575
1752175172.791206,784569.000,60790,1,TH,1,100,39.575
1752175172.924205,784702.000,60806,1,TH,1,100,39.678
1752175173.058205,784836.000,60838,1,TH,1,100,39.678
1752175173.191205,784969.000,60855,1,TH,1,100,39.637
1752175173.324205,785102.000,60872,1,TH,1,100,39.637
1752175173.458205,785236.000,60905,1,TH,1,100,39.637
1752175173.591205,785369.000,60928,1,TH,1,100,39.637
1752175173.724205,785502.000,60944,1,TH,1,100,39.654
1752175173.857205,785635.000,60961,1,TH,1,100,39.654
1752175173.991205,785769.000,60980,1,TH,1,100,39.599
1752175174.124205,785902.000,61011,1,TH,1,100,39.599
1752175174.257205,786035.000,61028,1,TH,1,100,39.668
1752175174.391205,786169.000,61045,1,TH,1,100,39.668
1752175174.524205,786302.000,61076,1,TH,1,100,39.728
1752175174.657205,786435.000,61096,1,TH,1,100,39.728
1752175174.791205,786569.000,61112,1,TH,1,100,39.682
1752175174.924205,786702.000,61144,1,TH,1,100,39.682
1752175175.057205,786835.000,61163,1,TH,1,100,39.647
1752175175.191205,786969.000,61179,1,TH,1,100,39.647
1752175175.324205,787102.000,61213,1,TH,1,100,39.616
1752175175.457205,787235.000,61230,1,TH,1,100,39.623
1752175175.591205,787369.000,61246,1,TH,1,100,39.588
1752175175.724205,787502.000,61280,1,TH,1,100,39.580
1752175175.857205,787635.000,61297,1,TH,1,100,39.611
1752175175.990205,787768.000,61314,1,TH,1,100,39.618
1752175176.124205,787902.000,61331,1,TH,1,100,39.611
1752175176.257205,788035.000,61363,1,TH,1,100,39.611
1752175176.390205,788168.000,61381,1,TH,1,100,39.668
1752175176.524205,788302.000,61398,1,TH,1,100,39.668
1752175176.657205,788435.000,61430,1,TH,1,100,39.607
1752175176.790205,788568.000,61446,1,TH,1,100,39.607
1752175176.924205,788702.000,61463,1,TH,1,100,39.637
1752175177.057205,788835.000,61497,1,TH,1,100,39.638
1752175177.190205,788968.000,61513,1,TH,1,100,39.604
1752175177.324205,789102.000,61531,1,TH,1,100,39.604
1752175177.457205,789235.000,61564,1,TH,1,100,39.637
1752175177.590205,789368.000,61580,1,TH,1,100,39.638
1752175177.724205,789502.000,61598,1,TH,1,100,39.652
1752175177.857205,789635.000,61614,1,TH,1,100,39.652
1752175177.990205,789768.000,61646,1,TH,1,100,39.680
1752175178.124205,789902.000,61665,1,TH,1,100,39.680
1752175178.257205,790035.000,61681,1,TH,1,100,39.607
1752175178.390205,790168.000,61713,1,TH,1,100,39.607
1752175178.524205,790302.000,61730,1,TH,1,100,39.704
1752175178.657205,790435.000,61747,1,TH,1,100,39.704
1752175178.790205,790568.000,61771,1,TH,1,100,39.668
1752175178.924205,790702.000,61787,1,TH,1,100,39.668
1752175179.057205,790835.000,61819,1,TH,1,100,39.626
1752175179.190205,790968.000,61836,1,TH,1,100,39.626
1752175179.324205,791102.000,61855,1,TH,1,100,39.654
1752175179.457205,791235.000,61872,1,TH,1,100,39.654
1752175179.590205,791368.000,61904,1,TH,1,100,39.580
1752175179.723205,791501.000,61920,1,TH,1,100,39.580
1752175179.857205,791635.000,61937,1,TH,1,100,39.607
1752175179.990205,791768.000,61973,1,TH,1,100,39.607
1752175180.123205,791901.000,61989,1,TH,1,100,39.683
1752175180.257205,792035.000,62006,1,TH,1,100,39.683
1752175180.390205,792168.000,62040,1,TH,1,100,39.569
1752175180.523205,792301.000,62056,1,TH,1,100,39.569
1752175180.657205,792435.000,62074,1,TH,1,100,39.675
1752175180.790205,792568.000,62105,1,TH,1,100,39.676
1752175180.923205,792701.000,62121,1,TH,1,100,39.718
1752175181.057205,792835.000,62139,1,TH,1,100,39.718
1752175181.190205,792968.000,62172,1,TH,1,100,39.702
1752175181.323205,793101.000,62189,1,TH,1,100,39.702
1752175181.457205,793235.000,62206,1,TH,1,100,39.659
1752175181.590205,793368.000,62238,1,TH,1,100,39.666
1752175181.723205,793501.000,62256,1,TH,1,100,39.690
1752175181.857205,793635.000,62273,1,TH,1,100,39.683
1752175181.990205,793768.000,62290,1,TH,1,100,39.754
1752175182.123205,793901.000,62321,1,TH,1,100,39.761
1752175182.257205,794035.000,62340,1,TH,1,100,39.564
1752175182.390205,794168.000,62357,1,TH,1,100,39.557
1752175182.523205,794301.000,62388,1,TH,1,100,39.602
1752175182.656205,794434.000,62406,1,TH,1,100,39.609
1752175182.790205,794568.000,62422,1,TH,1,100,39.664
1752175182.923205,794701.000,62456,1,TH,1,100,39.664
1752175183.056205,794834.000,62473,1,TH,1,100,39.695
1752175183.190205,794968.000,62489,1,TH,1,100,39.695
1752175183.323205,795101.000,62521,1,TH,1,100,39.676
1752175183.456205,795234.000,62540,1,TH,1,100,39.676
1752175183.590205,795368.000,62556,1,TH,1,100,39.697
1752175183.723205,795501.000,62588,1,TH,1,100,39.697
1752175183.856205,795634.000,62610,1,TH,1,100,39.678
1752175183.990205,795768.000,62627,1,TH,1,100,39.678
1752175184.123205,795901.000,62646,1,TH,1,100,39.702
1752175184.256205,796034.000,62662,1,TH,1,100,39.702
1752175184.390205,796168.000,62696,1,TH,1,100,39.614
1752175184.523205,796301.000,62713,1,TH,1,100,39.622
1752175184.656204,796434.000,62730,1,TH,1,100,39.721
1752175184.790204,796568.000,62761,1,TH,1,100,39.729
1752175184.923204,796701.000,62780,1,TH,1,100,39.627
1752175185.056204,796834.000,62799,1,TH,1,100,39.627
1752175185.190204,796968.000,62830,1,TH,1,100,39.703
1752175185.323204,797101.000,62848,1,TH,1,100,39.703
1752175185.456204,797234.000,62866,1,TH,1,100,39.667
1752175185.590204,797368.000,62883,1,TH,1,100,39.675
1752175185.723204,797501.000,62915,1,TH,1,100,39.755
1752175185.856204,797634.000,62931,1,TH,1,100,39.755
1752175185.989204,797767.000,62951,1,TH,1,100,39.587
1752175186.123204,797901.000,62982,1,TH,1,100,39.586
1752175186.256204,798034.000,62998,1,TH,1,100,39.627
1752175186.389204,798167.000,63016,1,TH,1,100,39.627
1752175186.523204,798301.000,63049,1,TH,1,100,39.627
1752175186.656204,798434.000,63066,1,TH,1,100,39.627
1752175186.789204,798567.000,63083,1,TH,1,100,39.625
1752175186.923204,798701.000,63115,1,TH,1,100,39.625
1752175187.056204,798834.000,63133,1,TH,1,100,39.598
1752175187.189204,798967.000,63150,1,TH,1,100,39.598
1752175187.323204,799101.000,63182,1,TH,1,100,39.518
1752175187.456204,799234.000,63198,1,TH,1,100,39.517
1752175187.589204,799367.000,63215,1,TH,1,100,39.589
1752175187.723204,799501.000,63247,1,TH,1,100,39.589
1752175187.856204,799634.000,63263,1,TH,1,100,39.596
1752175187.989204,799767.000,63281,1,TH,1,100,39.596
1752175188.123204,799901.000,63297,1,TH,1,100,39.579
1752175188.256204,800034.000,63329,1,TH,1,100,39.579
1752175188.389204,800167.000,63348,1,TH,1,100,39.577
1752175188.523204,800301.000,63364,1,TH,1,100,39.577
1752175188.656204,800434.000,63396,1,TH,1,100,39.603
1752175188.789204,800567.000,63415,1,TH,1,100,39.603
1752175188.923204,800701.000,63431,1,TH,1,100,39.515
1752175189.056204,800834.000,63454,1,TH,1,100,39.515
1752175189.189204,800967.000,63485,1,TH,1,100,39.546
1752175189.323204,801101.000,63504,1,TH,1,100,39.546
1752175189.456204,801234.000,63521,1,TH,1,100,39.565
1752175189.589204,801367.000,63537,1,TH,1,100,39.565
1752175189.722204,801500.000,63569,1,TH,1,100,39.582
1752175189.856204,801634.000,63586,1,TH,1,100,39.582
