LocalTimestamp,EmotiBitTimestamp,PacketNumber,DataLength,TypeTag,ProtocolVersion,DataReliability,EA
1752172663.775791,269316.000,42709,1,EA,1,100,0.331771
1752172663.842792,269383.000,42714,1,EA,1,100,0.330292
1752172663.909293,269449.500,42733,2,EA,1,100,0.329167
1752172663.975793,269516.000,42733,2,EA,1,100,0.328639
1752172664.042794,269583.000,42750,1,EA,1,100,0.328484
1752172664.109294,269649.500,42765,2,EA,1,100,0.330386
1752172664.175795,269716.000,42765,2,EA,1,100,0.336583
1752172664.242795,269783.000,42781,1,EA,1,100,0.343915
1752172664.309296,269849.500,42799,2,EA,1,100,0.349860
1752172664.375796,269916.000,42799,2,EA,1,100,0.353448
1752172664.442797,269983.000,42817,1,EA,1,100,0.365777
1752172664.509297,270049.500,42833,2,EA,1,100,0.377069
1752172664.575798,270116.000,42833,2,EA,1,100,0.378689
1752172664.642799,270183.000,42848,1,EA,1,100,0.384333
1752172664.709299,270249.500,42868,2,EA,1,100,0.385632
1752172664.775800,270316.000,42868,2,EA,1,100,0.383994
1752172664.842300,270382.500,42884,2,EA,1,100,0.383677
1752172664.908801,270449.000,42884,2,EA,1,100,0.383634
1752172664.975801,270516.000,42901,1,EA,1,100,0.383909
1752172665.042302,270582.500,42918,2,EA,1,100,0.384801
1752172665.108802,270649.000,42918,2,EA,1,100,0.385141
1752172665.175803,270716.000,42935,1,EA,1,100,0.385248
1752172665.242303,270782.500,42951,2,EA,1,100,0.385696
1752172665.308804,270849.000,42951,2,EA,1,100,0.385824
1752172665.375804,270916.000,42969,1,EA,1,100,0.385888
1752172665.442305,270982.500,42983,2,EA,1,100,0.386145
1752172665.508806,271049.000,42983,2,EA,1,100,0.386531
1752172665.575806,271116.000,43000,1,EA,1,100,0.386724
1752172665.642307,271182.500,43019,2,EA,1,100,0.387047
1752172665.708807,271249.000,43019,2,EA,1,100,0.387197
1752172665.775808,271316.000,43036,1,EA,1,100,0.387391
1752172665.842308,271382.500,43050,2,EA,1,100,0.387715
1752172665.908809,271449.000,43050,2,EA,1,100,0.387974
1752172665.975809,271516.000,43067,1,EA,1,100,0.388169
1752172666.042310,271582.500,43084,2,EA,1,100,0.387844
1752172666.108810,271649.000,43084,2,EA,1,100,0.387672
1752172666.175811,271716.000,43103,1,EA,1,100,0.387736
1752172666.242312,271782.500,43117,2,EA,1,100,0.388082
1752172666.308812,271849.000,43117,2,EA,1,100,0.388364
1752172666.375813,271916.000,43135,1,EA,1,100,0.388928
1752172666.442313,271982.500,43153,2,EA,1,100,0.389341
1752172666.508814,272049.000,43153,2,EA,1,100,0.389406
1752172666.575814,272116.000,43170,1,EA,1,100,0.389515
1752172666.642315,272182.500,43185,2,EA,1,100,0.389951
1752172666.708815,272249.000,43185,2,EA,1,100,0.389363
1752172666.775816,272316.000,43204,1,EA,1,100,0.390039
1752172666.842316,272382.500,43220,2,EA,1,100,0.390301
1752172666.908817,272449.000,43220,2,EA,1,100,0.390083
1752172666.975818,272516.000,43237,1,EA,1,100,0.390301
1752172667.042318,272582.500,43253,2,EA,1,100,0.390915
1752172667.108819,272649.000,43253,2,EA,1,100,0.390849
1752172667.175819,272716.000,43269,1,EA,1,100,0.391156
1752172667.242320,272782.500,43287,2,EA,1,100,0.391420
1752172667.308820,272849.000,43287,2,EA,1,100,0.391398
1752172667.375821,272916.000,43305,2,EA,1,100,0.391442
1752172667.442821,272983.000,43305,2,EA,1,100,0.391376
1752172667.509322,273049.500,43326,2,EA,1,100,0.391574
1752172667.575822,273116.000,43326,2,EA,1,100,0.391839
1752172667.642823,273183.000,43343,1,EA,1,100,0.392104
1752172667.709323,273249.500,43358,2,EA,1,100,0.392302
1752172667.775824,273316.000,43358,2,EA,1,100,0.392590
1752172667.842825,273383.000,43375,1,EA,1,100,0.392546
1752172667.909325,273449.500,43393,2,EA,1,100,0.392590
1752172667.975826,273516.000,43393,2,EA,1,100,0.392812
1752172668.042826,273583.000,43411,1,EA,1,100,0.393033
1752172668.109327,273649.500,43426,2,EA,1,100,0.392967
1752172668.175827,273716.000,43426,2,EA,1,100,0.393189
1752172668.241828,273782.000,43442,1,EA,1,100,0.393366
1752172668.308828,273849.000,43459,2,EA,1,100,0.393478
1752172668.375829,273916.000,43459,2,EA,1,100,0.393745
1752172668.442329,273982.500,43478,2,EA,1,100,0.393967
1752172668.508830,274049.000,43478,2,EA,1,100,0.393923
1752172668.575831,274116.000,43494,1,EA,1,100,0.394123
1752172668.642331,274182.500,43510,2,EA,1,100,0.394168
1752172668.708832,274249.000,43510,2,EA,1,100,0.394235
1752172668.775832,274316.000,43526,1,EA,1,100,0.394414
1752172668.842333,274382.500,43543,2,EA,1,100,0.394682
1752172668.908833,274449.000,43543,2,EA,1,100,0.394883
1752172668.975834,274516.000,43563,1,EA,1,100,0.394883
1752172669.042334,274582.500,43579,2,EA,1,100,0.394906
1752172669.108835,274649.000,43579,2,EA,1,100,0.395040
1752172669.175835,274716.000,43595,1,EA,1,100,0.395175
1752172669.242336,274782.500,43612,2,EA,1,100,0.395399
1752172669.308836,274849.000,43612,2,EA,1,100,0.395624
1752172669.375837,274916.000,43629,1,EA,1,100,0.395759
1752172669.442338,274982.500,43646,2,EA,1,100,0.396052
1752172669.508838,275049.000,43646,2,EA,1,100,0.395962
1752172669.575839,275116.000,43664,1,EA,1,100,0.396164
1752172669.642339,275182.500,43684,2,EA,1,100,0.396390
1752172669.708840,275249.000,43684,2,EA,1,100,0.396367
1752172669.775840,275316.000,43700,1,EA,1,100,0.396638
1752172669.842341,275382.500,43717,2,EA,1,100,0.396774
1752172669.908841,275449.000,43717,2,EA,1,100,0.396842
1752172669.975842,275516.000,43733,1,EA,1,100,0.397249
1752172670.042342,275582.500,43755,2,EA,1,100,0.397567
1752172670.108843,275649.000,43755,2,EA,1,100,0.397272
1752172670.175844,275716.000,43771,1,EA,1,100,0.397204
1752172670.242344,275782.500,43789,2,EA,1,100,0.397590
1752172670.308845,275849.000,43789,2,EA,1,100,0.397431
1752172670.375845,275916.000,43805,1,EA,1,100,0.397771
1752172670.442346,275982.500,43824,2,EA,1,100,0.397930
1752172670.508846,276049.000,43824,2,EA,1,100,0.397839
1752172670.575847,276116.000,43840,1,EA,1,100,0.398409
1752172670.642347,276182.500,43859,2,EA,1,100,0.398568
1752172670.708848,276249.000,43859,2,EA,1,100,0.398660
1752172670.775348,276315.500,43876,2,EA,1,100,0.399391
1752172670.841849,276382.000,43876,2,EA,1,100,0.397431
1752172670.908849,276449.000,43893,1,EA,1,100,0.397091
1752172670.975350,276515.500,43912,2,EA,1,100,0.398158
1752172671.041851,276582.000,43912,2,EA,1,100,0.398158
1752172671.108851,276649.000,43929,1,EA,1,100,0.399231
1752172671.175352,276715.500,43947,2,EA,1,100,0.399827
1752172671.241852,276782.000,43947,2,EA,1,100,0.399139
1752172671.308853,276849.000,43964,1,EA,1,100,0.400609
1752172671.375353,276915.500,43983,2,EA,1,100,0.401117
1752172671.441854,276982.000,43983,2,EA,1,100,0.401510
1752172671.508854,277049.000,44000,1,EA,1,100,0.401626
1752172671.575355,277115.500,44016,2,EA,1,100,0.400932
1752172671.641855,277182.000,44016,2,EA,1,100,0.401025
1752172671.708856,277249.000,44034,1,EA,1,100,0.400333
1752172671.775357,277315.500,44052,2,EA,1,100,0.402741
1752172671.841857,277382.000,44052,2,EA,1,100,0.407956
1752172671.908858,277449.000,44071,1,EA,1,100,0.404003
1752172671.975358,277515.500,44086,2,EA,1,100,0.402788
1752172672.041859,277582.000,44086,2,EA,1,100,0.403418
1752172672.108859,277649.000,44103,1,EA,1,100,0.402276
1752172672.175360,277715.500,44119,2,EA,1,100,0.401302
1752172672.241860,277782.000,44119,2,EA,1,100,0.399873
1752172672.308861,277849.000,44138,1,EA,1,100,0.400241
1752172672.375361,277915.500,44153,2,EA,1,100,0.401533
1752172672.441862,277982.000,44153,2,EA,1,100,0.400103
1752172672.508863,278049.000,44170,1,EA,1,100,0.400149
1752172672.575530,278115.667,44193,3,EA,1,100,0.401233
1752172672.642197,278182.333,44193,3,EA,1,100,0.401210
1752172672.708864,278249.000,44193,3,EA,1,100,0.401487
1752172672.774865,278315.000,44209,1,EA,1,100,0.400702
1752172672.841865,278382.000,44228,2,EA,1,100,0.401441
1752172672.908866,278449.000,44228,2,EA,1,100,0.401765
1752172672.974866,278515.000,44244,1,EA,1,100,0.398682
1752172673.041867,278582.000,44260,2,EA,1,100,0.400333
1752172673.108867,278649.000,44260,2,EA,1,100,0.400886
1752172673.174868,278715.000,44276,1,EA,1,100,0.399117
1752172673.241868,278782.000,44293,2,EA,1,100,0.397136
1752172673.308869,278849.000,44293,2,EA,1,100,0.393589
1752172673.374870,278915.000,44310,1,EA,1,100,0.393255
1752172673.441870,278982.000,44327,2,EA,1,100,0.393056
1752172673.508871,279049.000,44327,2,EA,1,100,0.396819
1752172673.574871,279115.000,44343,1,EA,1,100,0.401487
1752172673.641872,279182.000,44361,2,EA,1,100,0.403208
1752172673.708872,279249.000,44361,2,EA,1,100,0.403278
1752172673.774873,279315.000,44377,1,EA,1,100,0.402788
1752172673.841873,279382.000,44392,2,EA,1,100,0.402765
1752172673.908874,279449.000,44392,2,EA,1,100,0.403980
1752172673.974874,279515.000,44412,1,EA,1,100,0.403278
1752172674.041875,279582.000,44430,2,EA,1,100,0.403161
1752172674.108876,279649.000,44430,2,EA,1,100,0.404144
1752172674.174876,279715.000,44446,1,EA,1,100,0.405250
1752172674.241877,279782.000,44464,2,EA,1,100,0.404967
1752172674.308877,279849.000,44464,2,EA,1,100,0.404003
1752172674.374878,279915.000,44480,1,EA,1,100,0.402625
1752172674.441878,279982.000,44497,2,EA,1,100,0.402998
1752172674.508879,280049.000,44497,2,EA,1,100,0.403441
1752172674.574879,280115.000,44515,1,EA,1,100,0.404637
1752172674.641380,280181.500,44534,2,EA,1,100,0.405226
1752172674.707880,280248.000,44534,2,EA,1,100,0.404731
1752172674.774881,280315.000,44549,2,EA,1,100,0.404990
1752172674.841881,280382.000,44549,2,EA,1,100,0.405651
1752172674.908882,280449.000,44566,1,EA,1,100,0.405816
1752172674.975383,280515.500,44583,2,EA,1,100,0.406053
1752172675.041883,280582.000,44583,2,EA,1,100,0.406694
1752172675.107884,280648.000,44604,1,EA,1,100,0.406077
1752172675.174884,280715.000,44618,2,EA,1,100,0.406385
1752172675.241885,280782.000,44618,2,EA,1,100,0.405179
1752172675.307885,280848.000,44635,1,EA,1,100,0.405745
1752172675.374886,280915.000,44652,2,EA,1,100,0.406979
1752172675.441886,280982.000,44652,2,EA,1,100,0.406789
1752172675.507887,281048.000,44669,1,EA,1,100,0.407264
1752172675.574887,281115.000,44685,2,EA,1,100,0.407909
1752172675.641888,281182.000,44685,2,EA,1,100,0.408268
1752172675.707889,281248.000,44703,1,EA,1,100,0.408315
1752172675.774889,281315.000,44721,2,EA,1,100,0.408052
1752172675.841890,281382.000,44721,2,EA,1,100,0.408028
1752172675.907890,281448.000,44738,1,EA,1,100,0.408076
1752172675.974891,281515.000,44753,2,EA,1,100,0.408172
1752172676.041891,281582.000,44753,2,EA,1,100,0.408459
1752172676.107892,281648.000,44770,1,EA,1,100,0.408531
1752172676.174892,281715.000,44788,2,EA,1,100,0.408795
1752172676.241893,281782.000,44788,2,EA,1,100,0.408819
1752172676.307893,281848.000,44805,1,EA,1,100,0.408939
1752172676.374894,281915.000,44822,2,EA,1,100,0.408771
1752172676.441894,281982.000,44822,2,EA,1,100,0.408963
1752172676.507895,282048.000,44839,1,EA,1,100,0.409131
1752172676.574896,282115.000,44855,2,EA,1,100,0.409179
1752172676.641896,282182.000,44855,2,EA,1,100,0.409396
1752172676.707897,282248.000,44875,1,EA,1,100,0.409516
1752172676.774897,282315.000,44890,2,EA,1,100,0.409685
1752172676.841898,282382.000,44890,2,EA,1,100,0.409830
1752172676.908398,282448.500,44908,2,EA,1,100,0.410216
1752172676.974899,282515.000,44908,2,EA,1,100,0.410047
1752172677.041899,282582.000,44925,1,EA,1,100,0.409950
1752172677.108400,282648.500,44942,2,EA,1,100,0.410216
1752172677.174900,282715.000,44942,2,EA,1,100,0.410168
1752172677.241901,282782.000,44960,1,EA,1,100,0.410313
1752172677.308402,282848.500,44976,2,EA,1,100,0.410409
1752172677.374902,282915.000,44976,2,EA,1,100,0.410482
1752172677.441903,282982.000,44992,1,EA,1,100,0.410724
1752172677.508403,283048.500,45009,2,EA,1,100,0.410603
1752172677.574904,283115.000,45009,2,EA,1,100,0.410821
1752172677.641904,283182.000,45025,1,EA,1,100,0.411015
1752172677.708405,283248.500,45048,2,EA,1,100,0.411209
1752172677.774905,283315.000,45048,2,EA,1,100,0.411477
1752172677.841406,283381.500,45066,2,EA,1,100,0.411623
1752172677.907906,283448.000,45066,2,EA,1,100,0.411623
1752172677.974907,283515.000,45082,1,EA,1,100,0.411793
1752172678.041408,283581.500,45101,2,EA,1,100,0.411939
1752172678.107908,283648.000,45101,2,EA,1,100,0.411842
1752172678.174909,283715.000,45118,1,EA,1,100,0.411964
1752172678.241409,283781.500,45135,2,EA,1,100,0.412159
1752172678.307910,283848.000,45135,2,EA,1,100,0.412207
1752172678.374910,283915.000,45154,2,EA,1,100,0.412476
1752172678.441911,283982.000,45154,2,EA,1,100,0.412476
1752172678.507911,284048.000,45170,1,EA,1,100,0.412696
1752172678.574912,284115.000,45189,2,EA,1,100,0.413039
1752172678.641912,284182.000,45189,2,EA,1,100,0.412990
1752172678.707913,284248.000,45206,1,EA,1,100,0.412892
1752172678.774413,284314.500,45221,2,EA,1,100,0.413112
1752172678.840914,284381.000,45221,2,EA,1,100,0.413407
1752172678.907915,284448.000,45237,1,EA,1,100,0.413579
1752172678.974415,284514.500,45259,2,EA,1,100,0.413039
1752172679.040916,284581.000,45259,2,EA,1,100,0.412892
1752172679.107916,284648.000,45275,1,EA,1,100,0.413751
1752172679.174917,284715.000,45290,2,EA,1,100,0.414588
1752172679.241917,284782.000,45290,2,EA,1,100,0.414737
1752172679.307918,284848.000,45306,1,EA,1,100,0.414811
1752172679.374418,284914.500,45326,2,EA,1,100,0.415008
1752172679.440919,284981.000,45326,2,EA,1,100,0.414984
1752172679.507919,285048.000,45344,1,EA,1,100,0.415058
1752172679.574420,285114.500,45361,2,EA,1,100,0.415380
1752172679.640921,285181.000,45361,2,EA,1,100,0.415256
1752172679.707921,285248.000,45378,1,EA,1,100,0.415429
1752172679.774422,285314.500,45395,2,EA,1,100,0.415603
1752172679.840922,285381.000,45395,2,EA,1,100,0.415653
1752172679.907923,285448.000,45411,1,EA,1,100,0.415727
1752172679.974423,285514.500,45427,2,EA,1,100,0.415826
1752172680.040924,285581.000,45427,2,EA,1,100,0.416000
1752172680.107924,285648.000,45445,1,EA,1,100,0.416150
1752172680.174425,285714.500,45462,2,EA,1,100,0.416125
1752172680.240925,285781.000,45462,2,EA,1,100,0.416374
1752172680.307926,285848.000,45478,1,EA,1,100,0.416623
1752172680.374426,285914.500,45497,2,EA,1,100,0.416847
1752172680.440927,285981.000,45497,2,EA,1,100,0.416872
1752172680.507928,286048.000,45512,1,EA,1,100,0.416797
1752172680.574428,286114.500,45529,2,EA,1,100,0.416872
1752172680.640929,286181.000,45529,2,EA,1,100,0.417047
1752172680.707929,286248.000,45548,2,EA,1,100,0.417172
1752172680.774930,286315.000,45548,2,EA,1,100,0.417447
1752172680.840930,286381.000,45565,1,EA,1,100,0.417597
1752172680.907931,286448.000,45579,2,EA,1,100,0.417672
1752172680.974931,286515.000,45579,2,EA,1,100,0.417848
1752172681.040932,286581.000,45597,1,EA,1,100,0.418049
1752172681.107932,286648.000,45613,2,EA,1,100,0.418249
1752172681.174933,286715.000,45613,2,EA,1,100,0.418400
1752172681.240934,286781.000,45634,1,EA,1,100,0.418275
1752172681.307434,286847.500,45649,2,EA,1,100,0.418425
1752172681.373935,286914.000,45649,2,EA,1,100,0.418727
1752172681.440935,286981.000,45668,1,EA,1,100,0.418904
1752172681.507436,287047.500,45686,2,EA,1,100,0.419055
1752172681.573936,287114.000,45686,2,EA,1,100,0.419005
1752172681.640937,287181.000,45703,1,EA,1,100,0.419030
1752172681.707937,287248.000,45720,2,EA,1,100,0.419232
1752172681.774938,287315.000,45720,2,EA,1,100,0.419257
1752172681.840938,287381.000,45737,1,EA,1,100,0.419560
1752172681.907439,287447.500,45753,2,EA,1,100,0.419712
1752172681.973939,287514.000,45753,2,EA,1,100,0.419864
1752172682.040940,287581.000,45773,1,EA,1,100,0.419889
1752172682.107441,287647.500,45787,2,EA,1,100,0.419940
1752172682.173941,287714.000,45787,2,EA,1,100,0.420066
1752172682.240942,287781.000,45804,1,EA,1,100,0.420219
1752172682.307442,287847.500,45823,2,EA,1,100,0.420371
1752172682.373943,287914.000,45823,2,EA,1,100,0.420676
1752172682.440943,287981.000,45840,1,EA,1,100,0.420726
1752172682.507944,288048.000,45857,2,EA,1,100,0.420701
1752172682.574944,288115.000,45857,2,EA,1,100,0.420879
1752172682.640945,288181.000,45873,1,EA,1,100,0.421159
1752172682.707445,288247.500,45890,2,EA,1,100,0.421516
1752172682.773946,288314.000,45890,2,EA,1,100,0.421516
1752172682.840947,288381.000,45916,2,EA,1,100,0.421388
1752172682.907947,288448.000,45916,2,EA,1,100,0.421567
1752172682.974448,288514.500,45933,2,EA,1,100,0.421695
1752172683.040948,288581.000,45933,2,EA,1,100,0.421720
1752172683.107949,288648.000,45950,1,EA,1,100,0.421950
1752172683.174449,288714.500,45964,2,EA,1,100,0.422257
1752172683.240950,288781.000,45964,2,EA,1,100,0.422514
1752172683.307950,288848.000,45981,1,EA,1,100,0.422514
1752172683.374451,288914.500,45998,2,EA,1,100,0.422667
1752172683.440951,288981.000,45998,2,EA,1,100,0.422847
1752172683.507952,289048.000,46017,1,EA,1,100,0.423078
1752172683.574453,289114.500,46033,2,EA,1,100,0.423181
1752172683.640953,289181.000,46033,2,EA,1,100,0.423078
1752172683.707954,289248.000,46051,1,EA,1,100,0.423284
1752172683.774454,289314.500,46067,2,EA,1,100,0.423542
1752172683.840955,289381.000,46067,2,EA,1,100,0.423722
1752172683.907955,289448.000,46084,1,EA,1,100,0.423929
1752172683.974456,289514.500,46101,2,EA,1,100,0.424058
1752172684.040956,289581.000,46101,2,EA,1,100,0.423980
1752172684.107957,289648.000,46120,1,EA,1,100,0.424083
1752172684.174457,289714.500,46136,2,EA,1,100,0.424316
1752172684.240958,289781.000,46136,2,EA,1,100,0.424575
1752172684.307958,289848.000,46155,1,EA,1,100,0.424523
1752172684.374459,289914.500,46170,2,EA,1,100,0.424860
1752172684.440960,289981.000,46170,2,EA,1,100,0.424964
1752172684.507960,290048.000,46187,1,EA,1,100,0.425093
1752172684.574461,290114.500,46203,2,EA,1,100,0.425379
1752172684.640961,290181.000,46203,2,EA,1,100,0.425457
1752172684.707962,290248.000,46225,1,EA,1,100,0.425509
1752172684.774462,290314.500,46240,2,EA,1,100,0.425561
1752172684.840963,290381.000,46240,2,EA,1,100,0.425665
1752172684.907963,290448.000,46256,1,EA,1,100,0.425691
1752172684.974464,290514.500,46273,2,EA,1,100,0.425952
1752172685.040964,290581.000,46273,2,EA,1,100,0.426395
1752172685.107465,290647.500,46292,2,EA,1,100,0.426682
1752172685.173966,290714.000,46292,2,EA,1,100,0.426526
1752172685.240966,290781.000,46308,1,EA,1,100,0.426499
1752172685.307467,290847.500,46326,2,EA,1,100,0.426552
1752172685.373967,290914.000,46326,2,EA,1,100,0.426866
1752172685.440968,290981.000,46342,1,EA,1,100,0.426970
1752172685.507468,291047.500,46359,2,EA,1,100,0.426892
1752172685.573969,291114.000,46359,2,EA,1,100,0.427127
1752172685.640969,291181.000,46375,1,EA,1,100,0.427390
1752172685.707470,291247.500,46393,2,EA,1,100,0.427521
1752172685.773970,291314.000,46393,2,EA,1,100,0.427521
1752172685.840971,291381.000,46409,1,EA,1,100,0.427678
1752172685.907471,291447.500,46430,2,EA,1,100,0.427862
1752172685.973972,291514.000,46430,2,EA,1,100,0.427915
1752172686.040973,291581.000,46447,1,EA,1,100,0.427915
1752172686.107473,291647.500,46462,2,EA,1,100,0.428205
1752172686.173974,291714.000,46462,2,EA,1,100,0.428363
1752172686.240974,291781.000,46478,1,EA,1,100,0.428494
1752172686.307475,291847.500,46498,2,EA,1,100,0.428521
1752172686.373975,291914.000,46498,2,EA,1,100,0.428785
1752172686.440976,291981.000,46516,1,EA,1,100,0.428996
1752172686.507476,292047.500,46535,2,EA,1,100,0.429155
1752172686.573977,292114.000,46535,2,EA,1,100,0.429102
1752172686.640977,292181.000,46551,1,EA,1,100,0.429340
1752172686.707478,292247.500,46571,2,EA,1,100,0.429525
1752172686.773979,292314.000,46571,2,EA,1,100,0.429446
1752172686.840979,292381.000,46587,1,EA,1,100,0.429711
1752172686.907480,292447.500,46605,2,EA,1,100,0.429950
1752172686.973980,292514.000,46605,2,EA,1,100,0.430003
1752172687.040981,292581.000,46621,1,EA,1,100,0.430162
1752172687.107481,292647.500,46640,2,EA,1,100,0.430242
1752172687.173982,292714.000,46640,2,EA,1,100,0.430375
1752172687.240982,292781.000,46656,1,EA,1,100,0.430588
1752172687.307483,292847.500,46675,2,EA,1,100,0.430694
1752172687.373983,292914.000,46675,2,EA,1,100,0.430721
1752172687.440484,292980.500,46690,2,EA,1,100,0.431014
1752172687.506985,293047.000,46690,2,EA,1,100,0.431121
1752172687.573985,293114.000,46707,1,EA,1,100,0.431255
1752172687.640486,293180.500,46726,2,EA,1,100,0.431148
1752172687.706986,293247.000,46726,2,EA,1,100,0.431335
1752172687.773987,293314.000,46745,1,EA,1,100,0.431629
1752172687.840487,293380.500,46761,2,EA,1,100,0.431736
1752172687.906988,293447.000,46761,2,EA,1,100,0.431709
1752172687.973488,293513.500,46784,2,EA,1,100,0.431709
1752172688.039989,293580.000,46784,2,EA,1,100,0.432031
1752172688.106989,293647.000,46802,1,EA,1,100,0.432058
1752172688.173490,293713.500,46819,2,EA,1,100,0.432192
1752172688.239990,293780.000,46819,2,EA,1,100,0.432433
1752172688.306991,293847.000,46835,1,EA,1,100,0.432621
1752172688.373492,293913.500,46856,2,EA,1,100,0.432729
1752172688.439992,293980.000,46856,2,EA,1,100,0.432783
1752172688.506993,294047.000,46871,2,EA,1,100,0.432917
1752172688.573993,294114.000,46871,2,EA,1,100,0.433052
1752172688.639994,294180.000,46888,1,EA,1,100,0.433133
1752172688.706994,294247.000,46905,2,EA,1,100,0.433240
1752172688.773995,294314.000,46905,2,EA,1,100,0.433483
1752172688.839995,294380.000,46922,1,EA,1,100,0.433672
1752172688.906996,294447.000,46938,2,EA,1,100,0.433564
1752172688.973996,294514.000,46938,2,EA,1,100,0.433645
1752172689.039997,294580.000,46958,1,EA,1,100,0.433861
1752172689.106998,294647.000,46976,2,EA,1,100,0.434024
1752172689.173998,294714.000,46976,2,EA,1,100,0.433943
1752172689.239999,294780.000,46993,1,EA,1,100,0.434078
1752172689.306999,294847.000,47010,2,EA,1,100,0.434403
1752172689.374000,294914.000,47010,2,EA,1,100,0.434240
1752172689.440000,294980.000,47027,1,EA,1,100,0.434294
1752172689.507001,295047.000,47043,2,EA,1,100,0.434783
1752172689.574001,295114.000,47043,2,EA,1,100,0.434918
1752172689.640002,295180.000,47062,1,EA,1,100,0.434945
1752172689.707002,295247.000,47079,2,EA,1,100,0.434891
1752172689.774003,295314.000,47079,2,EA,1,100,0.434783
1752172689.840003,295380.000,47096,1,EA,1,100,0.435000
1752172689.907004,295447.000,47112,2,EA,1,100,0.435326
1752172689.974005,295514.000,47112,2,EA,1,100,0.435408
1752172690.040005,295580.000,47130,1,EA,1,100,0.435599
1752172690.107006,295647.000,47146,2,EA,1,100,0.435626
1752172690.174006,295714.000,47146,2,EA,1,100,0.435762
1752172690.240007,295780.000,47165,1,EA,1,100,0.435871
1752172690.307007,295847.000,47182,2,EA,1,100,0.436117
1752172690.374008,295914.000,47182,2,EA,1,100,0.436117
1752172690.440008,295980.000,47199,1,EA,1,100,0.436418
1752172690.507009,296047.000,47214,2,EA,1,100,0.436445
1752172690.574009,296114.000,47214,2,EA,1,100,0.436692
1752172690.640010,296180.000,47230,1,EA,1,100,0.436966
1752172690.707011,296247.000,47249,2,EA,1,100,0.436938
1752172690.774011,296314.000,47249,2,EA,1,100,0.437240
1752172690.840512,296380.500,47270,2,EA,1,100,0.437295
1752172690.907012,296447.000,47270,2,EA,1,100,0.437295
1752172690.974013,296514.000,47286,1,EA,1,100,0.437515
1752172691.040513,296580.500,47302,2,EA,1,100,0.437735
1752172691.107014,296647.000,47302,2,EA,1,100,0.438010
1752172691.174014,296714.000,47320,1,EA,1,100,0.437983
1752172691.240515,296780.500,47337,2,EA,1,100,0.437707
1752172691.307015,296847.000,47337,2,EA,1,100,0.438038
1752172691.373016,296913.000,47354,1,EA,1,100,0.438231
1752172691.440016,296980.000,47375,2,EA,1,100,0.438479
1752172691.507017,297047.000,47375,2,EA,1,100,0.438313
1752172691.573018,297113.000,47391,1,EA,1,100,0.438396
1752172691.640018,297180.000,47409,2,EA,1,100,0.438258
1752172691.707019,297247.000,47409,2,EA,1,100,0.438977
1752172691.773019,297313.000,47425,1,EA,1,100,0.439060
1752172691.840020,297380.000,47442,2,EA,1,100,0.438977
1752172691.907020,297447.000,47442,2,EA,1,100,0.439088
1752172691.973021,297513.000,47458,1,EA,1,100,0.439420
1752172692.040021,297580.000,47480,2,EA,1,100,0.439448
1752172692.107022,297647.000,47480,2,EA,1,100,0.439503
1752172692.173022,297713.000,47496,1,EA,1,100,0.439559
1752172692.240023,297780.000,47511,2,EA,1,100,0.439614
1752172692.307024,297847.000,47511,2,EA,1,100,0.440114
1752172692.373024,297913.000,47528,1,EA,1,100,0.440365
1752172692.440025,297980.000,47547,2,EA,1,100,0.440504
1752172692.507025,298047.000,47547,2,EA,1,100,0.440449
1752172692.573026,298113.000,47565,1,EA,1,100,0.440644
1752172692.640026,298180.000,47584,2,EA,1,100,0.440839
1752172692.707027,298247.000,47584,2,EA,1,100,0.440755
1752172692.773027,298313.000,47599,1,EA,1,100,0.440839
1752172692.840028,298380.000,47618,2,EA,1,100,0.441258
1752172692.907028,298447.000,47618,2,EA,1,100,0.441258
1752172692.973529,298513.500,47635,2,EA,1,100,0.441286
1752172693.040030,298580.000,47635,2,EA,1,100,0.441454
1752172693.106530,298646.500,47659,2,EA,1,100,0.441538
1752172693.173031,298713.000,47659,2,EA,1,100,0.441650
1752172693.240031,298780.000,47675,1,EA,1,100,0.441734
1752172693.306532,298846.500,47691,2,EA,1,100,0.442043
1752172693.373032,298913.000,47691,2,EA,1,100,0.442295
1752172693.440033,298980.000,47707,1,EA,1,100,0.442408
1752172693.506533,299046.500,47726,2,EA,1,100,0.442520
1752172693.573034,299113.000,47726,2,EA,1,100,0.442605
1752172693.640034,299180.000,47742,1,EA,1,100,0.442802
1752172693.706535,299246.500,47763,2,EA,1,100,0.442999
1752172693.773035,299313.000,47763,2,EA,1,100,0.442999
1752172693.840036,299380.000,47778,1,EA,1,100,0.443055
1752172693.906537,299446.500,47795,2,EA,1,100,0.442999
1752172693.973037,299513.000,47795,2,EA,1,100,0.443281
1752172694.040038,299580.000,47812,1,EA,1,100,0.443648
1752172694.106538,299646.500,47828,2,EA,1,100,0.443959
1752172694.173039,299713.000,47828,2,EA,1,100,0.444016
1752172694.240039,299780.000,47845,2,EA,1,100,0.443988
1752172694.307040,299847.000,47845,2,EA,1,100,0.443761
1752172694.373040,299913.000,47865,1,EA,1,100,0.444016
1752172694.440041,299980.000,47881,2,EA,1,100,0.444299
1752172694.507041,300047.000,47881,2,EA,1,100,0.444413
1752172694.573042,300113.000,47898,1,EA,1,100,0.444526
1752172694.639543,300179.500,47915,2,EA,1,100,0.444498
1752172694.706043,300246.000,47915,2,EA,1,100,0.444583
1752172694.773044,300313.000,47932,1,EA,1,100,0.444867
1752172694.839544,300379.500,47948,2,EA,1,100,0.444952
1752172694.906045,300446.000,47948,2,EA,1,100,0.445151
1752172694.973045,300513.000,47969,1,EA,1,100,0.445208
1752172695.039546,300579.500,47984,2,EA,1,100,0.445237
1752172695.106046,300646.000,47984,2,EA,1,100,0.445151
1752172695.173047,300713.000,48001,1,EA,1,100,0.445607
1752172695.239547,300779.500,48017,2,EA,1,100,0.445807
1752172695.306048,300846.000,48017,2,EA,1,100,0.445921
1752172695.373048,300913.000,48035,1,EA,1,100,0.446121
1752172695.439549,300979.500,48051,2,EA,1,100,0.445807
1752172695.506050,301046.000,48051,2,EA,1,100,0.446035
1752172695.573050,301113.000,48070,1,EA,1,100,0.446236
1752172695.639551,301179.500,48087,2,EA,1,100,0.446665
1752172695.706051,301246.000,48087,2,EA,1,100,0.446608
1752172695.773052,301313.000,48106,1,EA,1,100,0.446636
1752172695.839552,301379.500,48120,2,EA,1,100,0.446751
1752172695.906053,301446.000,48120,2,EA,1,100,0.446894
1752172695.973053,301513.000,48137,1,EA,1,100,0.447239
1752172696.039554,301579.500,48154,2,EA,1,100,0.447325
1752172696.106054,301646.000,48154,2,EA,1,100,0.447555
1752172696.173055,301713.000,48175,1,EA,1,100,0.447411
1752172696.239556,301779.500,48190,2,EA,1,100,0.447526
1752172696.306056,301846.000,48190,2,EA,1,100,0.447728
1752172696.373057,301913.000,48207,1,EA,1,100,0.447843
1752172696.439557,301979.500,48225,2,EA,1,100,0.448045
1752172696.506058,302046.000,48225,2,EA,1,100,0.448333
1752172696.573058,302113.000,48244,2,EA,1,100,0.448189
1752172696.640059,302180.000,48244,2,EA,1,100,0.448276
1752172696.706059,302246.000,48261,1,EA,1,100,0.448449
1752172696.773060,302313.000,48278,2,EA,1,100,0.448564
1752172696.840060,302380.000,48278,2,EA,1,100,0.448362
1752172696.906061,302446.000,48294,1,EA,1,100,0.448651
1752172696.973061,302513.000,48312,2,EA,1,100,0.448882
1752172697.040062,302580.000,48312,2,EA,1,100,0.449085
1752172697.106063,302646.000,48328,1,EA,1,100,0.449172
1752172697.173063,302713.000,48345,2,EA,1,100,0.449375
1752172697.240064,302780.000,48345,2,EA,1,100,0.449346
1752172697.306064,302846.000,48361,1,EA,1,100,0.449520
1752172697.373065,302913.000,48381,2,EA,1,100,0.449549
1752172697.440065,302980.000,48381,2,EA,1,100,0.449811
1752172697.506066,303046.000,48397,1,EA,1,100,0.450043
1752172697.573066,303113.000,48414,2,EA,1,100,0.450160
1752172697.640067,303180.000,48414,2,EA,1,100,0.450160
1752172697.706067,303246.000,48431,1,EA,1,100,0.450218
1752172697.773068,303313.000,48450,2,EA,1,100,0.450567
1752172697.840069,303380.000,48450,2,EA,1,100,0.450567
1752172697.906069,303446.000,48466,1,EA,1,100,0.450859
1752172697.972570,303512.500,48486,2,EA,1,100,0.450917
1752172698.039070,303579.000,48486,2,EA,1,100,0.451034
1752172698.106071,303646.000,48502,1,EA,1,100,0.451122
1752172698.172571,303712.500,48526,2,EA,1,100,0.451327
1752172698.239072,303779.000,48526,2,EA,1,100,0.451415
1752172698.306072,303846.000,48543,2,EA,1,100,0.451473
1752172698.373073,303913.000,48543,2,EA,1,100,0.451561
1752172698.439573,303979.500,48560,2,EA,1,100,0.451707
1752172698.506074,304046.000,48560,2,EA,1,100,0.451913
1752172698.573075,304113.000,48578,1,EA,1,100,0.451913
1752172698.639575,304179.500,48596,2,EA,1,100,0.452118
1752172698.706076,304246.000,48596,2,EA,1,100,0.452177
1752172698.773076,304313.000,48612,1,EA,1,100,0.452206
1752172698.839577,304379.500,48629,2,EA,1,100,0.452353
1752172698.906077,304446.000,48629,2,EA,1,100,0.452529
1752172698.973078,304513.000,48645,1,EA,1,100,0.452588
1752172699.039578,304579.500,48661,2,EA,1,100,0.452942
1752172699.106079,304646.000,48661,2,EA,1,100,0.452883
1752172699.173079,304713.000,48679,1,EA,1,100,0.452942
1752172699.239580,304779.500,48696,2,EA,1,100,0.453148
1752172699.306080,304846.000,48696,2,EA,1,100,0.453354
1752172699.373081,304913.000,48715,1,EA,1,100,0.453266
1752172699.439582,304979.500,48730,2,EA,1,100,0.453414
1752172699.506082,305046.000,48730,2,EA,1,100,0.453561
1752172699.573083,305113.000,48746,1,EA,1,100,0.453680
1752172699.639583,305179.500,48764,2,EA,1,100,0.453650
1752172699.706084,305246.000,48764,2,EA,1,100,0.454034
1752172699.773084,305313.000,48782,1,EA,1,100,0.454094
1752172699.839585,305379.500,48799,2,EA,1,100,0.454242
1752172699.906085,305446.000,48799,2,EA,1,100,0.454272
1752172699.973086,305513.000,48815,1,EA,1,100,0.454568
1752172700.039586,305579.500,48833,2,EA,1,100,0.454687
1752172700.106087,305646.000,48833,2,EA,1,100,0.454895
1752172700.173088,305713.000,48849,1,EA,1,100,0.455073
1752172700.239588,305779.500,48866,2,EA,1,100,0.454924
1752172700.306089,305846.000,48866,2,EA,1,100,0.455252
1752172700.373089,305913.000,48885,1,EA,1,100,0.455609
1752172700.439590,305979.500,48904,2,EA,1,100,0.455609
1752172700.506090,306046.000,48904,2,EA,1,100,0.455341
1752172700.573091,306113.000,48920,1,EA,1,100,0.455371
1752172700.639591,306179.500,48939,2,EA,1,100,0.455788
1752172700.706092,306246.000,48939,2,EA,1,100,0.455818
1752172700.772592,306312.500,48954,2,EA,1,100,0.456057
1752172700.839093,306379.000,48954,2,EA,1,100,0.456116
1752172700.906093,306446.000,48971,1,EA,1,100,0.456415
1752172700.972594,306512.500,48990,2,EA,1,100,0.456535
1752172701.039095,306579.000,48990,2,EA,1,100,0.456985
1752172701.106095,306646.000,49009,1,EA,1,100,0.456895
1752172701.172596,306712.500,49023,2,EA,1,100,0.456985
1752172701.239096,306779.000,49023,2,EA,1,100,0.457045
1752172701.306097,306846.000,49040,1,EA,1,100,0.456925
1752172701.372597,306912.500,49059,2,EA,1,100,0.457105
1752172701.439098,306979.000,49059,2,EA,1,100,0.457345
1752172701.506098,307046.000,49076,1,EA,1,100,0.457556
1752172701.572599,307112.500,49092,2,EA,1,100,0.457856
1752172701.639099,307179.000,49092,2,EA,1,100,0.457886
1752172701.706100,307246.000,49112,1,EA,1,100,0.457947
1752172701.772601,307312.500,49128,2,EA,1,100,0.458037
1752172701.839101,307379.000,49128,2,EA,1,100,0.458067
1752172701.906102,307446.000,49145,1,EA,1,100,0.458308
1752172701.972602,307512.500,49160,2,EA,1,100,0.458792
1752172702.039103,307579.000,49160,2,EA,1,100,0.458731
1752172702.106103,307646.000,49179,1,EA,1,100,0.458852
1752172702.172604,307712.500,49197,2,EA,1,100,0.459094
1752172702.239104,307779.000,49197,2,EA,1,100,0.459124
1752172702.306105,307846.000,49214,1,EA,1,100,0.459276
1752172702.372605,307912.500,49229,2,EA,1,100,0.459306
1752172702.439106,307979.000,49229,2,EA,1,100,0.459488
1752172702.506107,308046.000,49246,1,EA,1,100,0.459549
1752172702.572607,308112.500,49262,2,EA,1,100,0.459943
1752172702.639108,308179.000,49262,2,EA,1,100,0.460156
1752172702.706108,308246.000,49280,1,EA,1,100,0.460339
1752172702.772609,308312.500,49299,2,EA,1,100,0.460278
1752172702.839109,308379.000,49299,2,EA,1,100,0.460582
1752172702.906110,308446.000,49315,1,EA,1,100,0.460826
1752172702.972610,308512.500,49334,2,EA,1,100,0.460796
1752172703.039111,308579.000,49334,2,EA,1,100,0.460887
1752172703.105611,308645.500,49351,2,EA,1,100,0.461070
1752172703.172112,308712.000,49351,2,EA,1,100,0.461009
1752172703.239112,308779.000,49367,1,EA,1,100,0.461223
1752172703.305613,308845.500,49388,2,EA,1,100,0.461498
1752172703.372114,308912.000,49388,2,EA,1,100,0.461804
1752172703.439114,308979.000,49408,2,EA,1,100,0.461865
1752172703.506115,309046.000,49408,2,EA,1,100,0.461865
1752172703.572115,309112.000,49425,1,EA,1,100,0.462019
1752172703.639116,309179.000,49442,2,EA,1,100,0.462080
1752172703.706116,309246.000,49442,2,EA,1,100,0.462203
1752172703.772117,309312.000,49459,1,EA,1,100,0.462479
1752172703.839117,309379.000,49475,2,EA,1,100,0.462786
1752172703.906118,309446.000,49475,2,EA,1,100,0.462602
1752172703.972118,309512.000,49492,1,EA,1,100,0.462510
1752172704.039119,309579.000,49511,2,EA,1,100,0.462786
1752172704.106120,309646.000,49511,2,EA,1,100,0.462910
1752172704.172120,309712.000,49528,1,EA,1,100,0.463125
1752172704.239121,309779.000,49545,2,EA,1,100,0.463002
1752172704.306121,309846.000,49545,2,EA,1,100,0.463064
1752172704.372622,309912.500,49564,2,EA,1,100,0.463310
1752172704.439122,309979.000,49564,2,EA,1,100,0.463310
1752172704.506123,310046.000,49580,1,EA,1,100,0.463433
1752172704.572623,310112.500,49597,2,EA,1,100,0.463650
1752172704.639124,310179.000,49597,2,EA,1,100,0.463804
1752172704.705124,310245.000,49616,1,EA,1,100,0.463897
1752172704.772125,310312.000,49633,2,EA,1,100,0.464206
1752172704.839125,310379.000,49633,2,EA,1,100,0.464175
1752172704.906126,310446.000,49649,1,EA,1,100,0.464051
1752172704.972627,310512.500,49667,2,EA,1,100,0.464113
1752172705.039127,310579.000,49667,2,EA,1,100,0.464175
1752172705.105128,310645.000,49683,1,EA,1,100,0.464454
1752172705.172128,310712.000,49700,2,EA,1,100,0.464423
1752172705.239129,310779.000,49700,2,EA,1,100,0.464516
1752172705.305129,310845.000,49718,1,EA,1,100,0.464857
1752172705.372130,310912.000,49736,2,EA,1,100,0.465260
1752172705.439130,310979.000,49736,2,EA,1,100,0.465230
1752172705.505131,311045.000,49752,1,EA,1,100,0.465385
1752172705.572131,311112.000,49767,2,EA,1,100,0.465696
1752172705.639132,311179.000,49767,2,EA,1,100,0.465696
1752172705.705133,311245.000,49784,1,EA,1,100,0.465883
1752172705.772133,311312.000,49803,2,EA,1,100,0.465883
1752172705.839134,311379.000,49803,2,EA,1,100,0.466289
1752172705.905134,311445.000,49821,1,EA,1,100,0.466195
1752172705.972135,311512.000,49837,2,EA,1,100,0.466133
1752172706.039135,311579.000,49837,2,EA,1,100,0.466445
1752172706.105136,311645.000,49853,1,EA,1,100,0.466570
1752172706.172136,311712.000,49872,2,EA,1,100,0.466445
1752172706.239137,311779.000,49872,2,EA,1,100,0.466883
1752172706.305137,311845.000,49888,1,EA,1,100,0.467071
1752172706.372138,311912.000,49909,2,EA,1,100,0.467102
1752172706.439138,311979.000,49909,2,EA,1,100,0.466977
1752172706.505139,312045.000,49924,1,EA,1,100,0.466977
1752172706.572140,312112.000,49943,2,EA,1,100,0.467228
1752172706.639140,312179.000,49943,2,EA,1,100,0.467322
1752172706.705141,312245.000,49960,1,EA,1,100,0.467385
1752172706.772141,312312.000,49976,2,EA,1,100,0.467447
1752172706.839142,312379.000,49976,2,EA,1,100,0.467824
1752172706.905642,312445.500,49991,2,EA,1,100,0.468076
1752172706.972143,312512.000,49991,2,EA,1,100,0.468202
1752172707.039143,312579.000,50009,1,EA,1,100,0.468328
1752172707.105644,312645.500,50025,2,EA,1,100,0.468548
1752172707.172144,312712.000,50025,2,EA,1,100,0.468674
1752172707.239145,312779.000,50044,1,EA,1,100,0.468769
1752172707.305646,312845.500,50061,2,EA,1,100,0.468801
1752172707.372146,312912.000,50061,2,EA,1,100,0.468801
1752172707.439147,312979.000,50078,1,EA,1,100,0.468927
1752172707.505647,313045.500,50094,2,EA,1,100,0.469117
1752172707.572148,313112.000,50094,2,EA,1,100,0.468990
1752172707.639148,313179.000,50111,1,EA,1,100,0.469053
1752172707.705649,313245.500,50126,2,EA,1,100,0.469211
1752172707.772149,313312.000,50126,2,EA,1,100,0.469496
1752172707.839150,313379.000,50145,1,EA,1,100,0.469654
1752172707.905650,313445.500,50163,2,EA,1,100,0.469591
1752172707.972151,313512.000,50163,2,EA,1,100,0.469654
1752172708.038151,313578.000,50181,1,EA,1,100,0.469813
1752172708.105152,313645.000,50195,2,EA,1,100,0.470003
1752172708.172153,313712.000,50195,2,EA,1,100,0.470289
1752172708.238153,313778.000,50212,1,EA,1,100,0.470289
1752172708.305154,313845.000,50229,2,EA,1,100,0.470511
1752172708.372154,313912.000,50229,2,EA,1,100,0.470702
1752172708.438655,313978.500,50253,2,EA,1,100,0.470862
1752172708.505155,314045.000,50253,2,EA,1,100,0.470925
1752172708.572156,314112.000,50271,1,EA,1,100,0.470957
1752172708.638656,314178.500,50288,2,EA,1,100,0.471116
1752172708.705157,314245.000,50288,2,EA,1,100,0.471148
1752172708.772157,314312.000,50303,1,EA,1,100,0.471340
1752172708.838658,314378.500,50320,2,EA,1,100,0.471659
1752172708.905159,314445.000,50320,2,EA,1,100,0.471691
1752172708.971659,314511.500,50339,2,EA,1,100,0.471787
1752172709.038160,314578.000,50339,2,EA,1,100,0.471883
1752172709.105160,314645.000,50358,1,EA,1,100,0.472042
1752172709.171661,314711.500,50372,2,EA,1,100,0.472299
1752172709.238161,314778.000,50372,2,EA,1,100,0.472523
1752172709.305162,314845.000,50391,1,EA,1,100,0.472459
1752172709.371662,314911.500,50408,2,EA,1,100,0.472363
1752172709.438163,314978.000,50408,2,EA,1,100,0.472459
1752172709.505163,315045.000,50425,1,EA,1,100,0.472683
1752172709.571664,315111.500,50439,2,EA,1,100,0.472651
1752172709.638165,315178.000,50439,2,EA,1,100,0.472651
1752172709.705165,315245.000,50459,1,EA,1,100,0.472973
1752172709.771666,315311.500,50477,2,EA,1,100,0.472844
1752172709.838166,315378.000,50477,2,EA,1,100,0.473005
1752172709.905167,315445.000,50494,1,EA,1,100,0.473165
1752172709.971667,315511.500,50509,2,EA,1,100,0.473519
1752172710.038168,315578.000,50509,2,EA,1,100,0.473584
1752172710.105168,315645.000,50526,1,EA,1,100,0.473713
1752172710.171669,315711.500,50544,2,EA,1,100,0.473648
1752172710.238169,315778.000,50544,2,EA,1,100,0.474100
1752172710.305170,315845.000,50563,1,EA,1,100,0.474358
1752172710.371670,315911.500,50580,2,EA,1,100,0.474358
1752172710.438171,315978.000,50580,2,EA,1,100,0.474391
1752172710.505172,316045.000,50597,1,EA,1,100,0.474423
1752172710.571672,316111.500,50613,2,EA,1,100,0.474358
1752172710.638173,316178.000,50613,2,EA,1,100,0.474649
1752172710.705173,316245.000,50631,1,EA,1,100,0.474811
1752172710.771674,316311.500,50646,2,EA,1,100,0.475038
1752172710.838174,316378.000,50646,2,EA,1,100,0.475135
1752172710.905175,316445.000,50664,1,EA,1,100,0.475427
1752172710.971675,316511.500,50683,2,EA,1,100,0.475395
1752172711.038176,316578.000,50683,2,EA,1,100,0.475492
1752172711.105176,316645.000,50702,2,EA,1,100,0.475752
1752172711.172177,316712.000,50702,2,EA,1,100,0.475687
1752172711.238178,316778.000,50718,1,EA,1,100,0.475687
1752172711.304678,316844.500,50736,2,EA,1,100,0.475980
1752172711.371179,316911.000,50736,2,EA,1,100,0.476012
1752172711.438179,316978.000,50754,1,EA,1,100,0.476240
1752172711.504680,317044.500,50773,2,EA,1,100,0.476208
1752172711.571180,317111.000,50773,2,EA,1,100,0.476273
1752172711.638181,317178.000,50789,1,EA,1,100,0.476273
1752172711.704681,317244.500,50805,2,EA,1,100,0.476697
1752172711.771182,317311.000,50805,2,EA,1,100,0.476827
1752172711.838182,317378.000,50821,1,EA,1,100,0.476958
1752172711.904683,317444.500,50840,2,EA,1,100,0.476827
1752172711.971183,317511.000,50840,2,EA,1,100,0.477121
1752172712.038184,317578.000,50857,1,EA,1,100,0.477219
1752172712.104685,317644.500,50874,2,EA,1,100,0.477580
1752172712.171185,317711.000,50874,2,EA,1,100,0.477514
1752172712.238186,317778.000,50892,1,EA,1,100,0.477481
1752172712.304686,317844.500,50910,2,EA,1,100,0.477448
1752172712.371187,317911.000,50910,2,EA,1,100,0.477580
1752172712.438187,317978.000,50926,1,EA,1,100,0.477809
1752172712.504688,318044.500,50941,2,EA,1,100,0.478071
1752172712.571188,318111.000,50941,2,EA,1,100,0.478104
1752172712.638189,318178.000,50957,1,EA,1,100,0.478236
1752172712.704689,318244.500,50975,2,EA,1,100,0.478367
1752172712.771190,318311.000,50975,2,EA,1,100,0.478466
1752172712.838191,318378.000,50995,1,EA,1,100,0.478400
1752172712.904691,318444.500,51011,2,EA,1,100,0.478400
1752172712.971192,318511.000,51011,2,EA,1,100,0.478466
1752172713.038192,318578.000,51027,2,EA,1,100,0.478894
1752172713.105193,318645.000,51027,2,EA,1,100,0.479124
1752172713.171193,318711.000,51044,1,EA,1,100,0.479322
1752172713.238194,318778.000,51062,2,EA,1,100,0.479322
1752172713.305194,318845.000,51062,2,EA,1,100,0.479289
1752172713.371195,318911.000,51082,1,EA,1,100,0.479487
1752172713.438195,318978.000,51096,2,EA,1,100,0.479421
1752172713.505196,319045.000,51096,2,EA,1,100,0.479619
1752172713.571697,319111.500,51118,2,EA,1,100,0.479851
1752172713.638197,319178.000,51118,2,EA,1,100,0.479917
1752172713.705198,319245.000,51135,1,EA,1,100,0.480082
1752172713.771698,319311.500,51154,2,EA,1,100,0.480380
1752172713.838199,319378.000,51154,2,EA,1,100,0.480347
1752172713.905199,319445.000,51170,1,EA,1,100,0.480546
1752172713.971700,319511.500,51190,2,EA,1,100,0.480679
1752172714.038200,319578.000,51190,2,EA,1,100,0.480745
1752172714.105201,319645.000,51206,1,EA,1,100,0.480878
1752172714.171701,319711.500,51223,2,EA,1,100,0.481011
1752172714.238202,319778.000,51223,2,EA,1,100,0.481277
1752172714.305202,319845.000,51239,1,EA,1,100,0.481610
1752172714.371703,319911.500,51258,2,EA,1,100,0.481710
1752172714.438204,319978.000,51258,2,EA,1,100,0.481676
1752172714.504704,320044.500,51273,2,EA,1,100,0.481810
1752172714.571205,320111.000,51273,2,EA,1,100,0.481843
1752172714.638205,320178.000,51292,1,EA,1,100,0.482010
1752172714.704706,320244.500,51309,2,EA,1,100,0.482110
1752172714.771206,320311.000,51309,2,EA,1,100,0.482177
1752172714.838207,320378.000,51326,1,EA,1,100,0.482411
1752172714.904707,320444.500,51342,2,EA,1,100,0.482444
1752172714.971208,320511.000,51342,2,EA,1,100,0.482913
1752172715.038208,320578.000,51360,1,EA,1,100,0.482779
1752172715.104709,320644.500,51376,2,EA,1,100,0.482812
1752172715.171210,320711.000,51376,2,EA,1,100,0.482946
1752172715.238210,320778.000,51395,1,EA,1,100,0.482980
1752172715.304711,320844.500,51410,2,EA,1,100,0.483181
1752172715.371211,320911.000,51410,2,EA,1,100,0.483047
1752172715.438212,320978.000,51427,1,EA,1,100,0.483382
1752172715.504712,321044.500,51445,2,EA,1,100,0.483315
1752172715.571213,321111.000,51445,2,EA,1,100,0.483348
1752172715.638213,321178.000,51462,1,EA,1,100,0.483583
1752172715.704714,321244.500,51479,2,EA,1,100,0.483718
1752172715.771214,321311.000,51479,2,EA,1,100,0.483886
1752172715.838215,321378.000,51496,1,EA,1,100,0.484122
1752172715.904715,321444.500,51514,2,EA,1,100,0.484088
1752172715.971216,321511.000,51514,2,EA,1,100,0.484189
1752172716.038217,321578.000,51532,1,EA,1,100,0.484492
1752172716.104717,321644.500,51548,2,EA,1,100,0.484762
1752172716.171218,321711.000,51548,2,EA,1,100,0.484694
1752172716.238218,321778.000,51565,1,EA,1,100,0.484829
1752172716.304719,321844.500,51584,2,EA,1,100,0.484931
1752172716.371219,321911.000,51584,2,EA,1,100,0.485032
1752172716.438220,321978.000,51603,1,EA,1,100,0.485201
1752172716.504720,322044.500,51620,2,EA,1,100,0.485506
1752172716.571221,322111.000,51620,2,EA,1,100,0.485370
1752172716.638221,322178.000,51636,1,EA,1,100,0.485438
1752172716.704722,322244.500,51653,2,EA,1,100,0.485641
1752172716.771223,322311.000,51653,2,EA,1,100,0.485641
1752172716.837723,322377.500,51670,2,EA,1,100,0.485912
1752172716.904224,322444.000,51670,2,EA,1,100,0.486082
1752172716.971224,322511.000,51688,1,EA,1,100,0.486116
1752172717.037725,322577.500,51706,2,EA,1,100,0.486285
1752172717.104225,322644.000,51706,2,EA,1,100,0.486591
1752172717.171226,322711.000,51724,1,EA,1,100,0.486557
1752172717.237726,322777.500,51741,2,EA,1,100,0.486660
1752172717.304227,322844.000,51741,2,EA,1,100,0.487000
1752172717.371227,322911.000,51760,1,EA,1,100,0.487000
1752172717.437728,322977.500,51775,2,EA,1,100,0.486660
1752172717.504228,323044.000,51775,2,EA,1,100,0.487034
1752172717.571229,323111.000,51791,1,EA,1,100,0.487204
1752172717.637730,323177.500,51813,2,EA,1,100,0.487341
1752172717.704230,323244.000,51813,2,EA,1,100,0.487409
1752172717.771231,323311.000,51829,1,EA,1,100,0.487545
1752172717.837731,323377.500,51846,2,EA,1,100,0.487716
1752172717.904232,323444.000,51846,2,EA,1,100,0.487785
1752172717.971232,323511.000,51862,1,EA,1,100,0.488161
1752172718.037733,323577.500,51880,2,EA,1,100,0.488127
1752172718.104233,323644.000,51880,2,EA,1,100,0.487750
1752172718.171234,323711.000,51896,1,EA,1,100,0.487819
1752172718.237734,323777.500,51911,2,EA,1,100,0.488263
1752172718.304235,323844.000,51911,2,EA,1,100,0.488366
1752172718.371236,323911.000,51930,1,EA,1,100,0.488435
1752172718.437736,323977.500,51949,2,EA,1,100,0.488435
1752172718.504237,324044.000,51949,2,EA,1,100,0.488469
1752172718.571237,324111.000,51965,1,EA,1,100,0.488675
1752172718.637904,324177.667,51988,3,EA,1,100,0.488915
1752172718.704572,324244.333,51988,3,EA,1,100,0.489052
1752172718.771239,324311.000,51988,3,EA,1,100,0.489052
1752172718.838239,324378.000,52004,1,EA,1,100,0.489190
1752172718.904740,324444.500,52021,2,EA,1,100,0.489258
1752172718.971240,324511.000,52021,2,EA,1,100,0.489396
1752172719.037241,324577.000,52038,1,EA,1,100,0.489568
1752172719.104242,324644.000,52057,2,EA,1,100,0.489740
1752172719.171242,324711.000,52057,2,EA,1,100,0.489706
1752172719.237243,324777.000,52073,1,EA,1,100,0.489913
1752172719.304243,324844.000,52091,2,EA,1,100,0.490189
1752172719.371244,324911.000,52091,2,EA,1,100,0.490085
1752172719.437244,324977.000,52107,1,EA,1,100,0.490050
1752172719.504245,325044.000,52124,2,EA,1,100,0.490430
1752172719.571245,325111.000,52124,2,EA,1,100,0.490534
1752172719.637246,325177.000,52142,1,EA,1,100,0.490638
1752172719.704246,325244.000,52160,2,EA,1,100,0.490638
1752172719.771247,325311.000,52160,2,EA,1,100,0.490776
1752172719.837247,325377.000,52176,1,EA,1,100,0.490914
1752172719.904248,325444.000,52195,2,EA,1,100,0.490984
1752172719.971249,325511.000,52195,2,EA,1,100,0.491469
1752172720.037249,325577.000,52212,1,EA,1,100,0.491538
1752172720.104250,325644.000,52227,2,EA,1,100,0.491677
1752172720.171250,325711.000,52227,2,EA,1,100,0.491851
1752172720.237251,325777.000,52245,1,EA,1,100,0.492129
1752172720.304251,325844.000,52265,2,EA,1,100,0.491955
1752172720.371252,325911.000,52265,2,EA,1,100,0.491781
1752172720.437252,325977.000,52281,1,EA,1,100,0.492025
1752172720.504253,326044.000,52297,2,EA,1,100,0.492094
1752172720.571253,326111.000,52297,2,EA,1,100,0.492129
1752172720.637754,326177.500,52313,2,EA,1,100,0.492547
1752172720.704255,326244.000,52313,2,EA,1,100,0.492547
1752172720.771255,326311.000,52330,1,EA,1,100,0.492721
1752172720.837756,326377.500,52350,2,EA,1,100,0.492895
1752172720.904256,326444.000,52350,2,EA,1,100,0.492861
1752172720.971257,326511.000,52367,1,EA,1,100,0.493105
1752172721.037757,326577.500,52384,2,EA,1,100,0.493210
1752172721.104258,326644.000,52384,2,EA,1,100,0.493105
1752172721.171258,326711.000,52401,1,EA,1,100,0.493384
1752172721.237759,326777.500,52419,2,EA,1,100,0.493524
1752172721.304259,326844.000,52419,2,EA,1,100,0.493559
1752172721.370260,326910.000,52437,1,EA,1,100,0.493769
1752172721.437260,326977.000,52455,2,EA,1,100,0.493839
1752172721.504261,327044.000,52455,2,EA,1,100,0.493839
1752172721.570262,327110.000,52472,1,EA,1,100,0.494049
1752172721.637262,327177.000,52491,2,EA,1,100,0.494085
1752172721.704263,327244.000,52491,2,EA,1,100,0.494049
1752172721.770263,327310.000,52508,1,EA,1,100,0.494225
1752172721.837264,327377.000,52522,2,EA,1,100,0.494330
1752172721.904264,327444.000,52522,2,EA,1,100,0.494646
1752172721.970265,327510.000,52539,1,EA,1,100,0.495033
1752172722.037265,327577.000,52560,2,EA,1,100,0.494927
1752172722.104266,327644.000,52560,2,EA,1,100,0.494963
1752172722.170266,327710.000,52577,1,EA,1,100,0.495033
1752172722.237267,327777.000,52593,2,EA,1,100,0.495280
1752172722.304268,327844.000,52593,2,EA,1,100,0.495350
1752172722.370268,327910.000,52611,1,EA,1,100,0.495597
1752172722.437269,327977.000,52627,2,EA,1,100,0.495632
1752172722.504269,328044.000,52627,2,EA,1,100,0.495668
1752172722.570270,328110.000,52644,1,EA,1,100,0.495950
1752172722.637270,328177.000,52662,2,EA,1,100,0.496091
1752172722.704271,328244.000,52662,2,EA,1,100,0.496198
1752172722.770271,328310.000,52678,1,EA,1,100,0.496410
1752172722.837272,328377.000,52696,2,EA,1,100,0.496410
1752172722.904272,328444.000,52696,2,EA,1,100,0.496481
1752172722.970773,328510.500,52714,2,EA,1,100,0.496445
1752172723.037273,328577.000,52714,2,EA,1,100,0.496516
1752172723.104274,328644.000,52730,1,EA,1,100,0.496551
1752172723.170775,328710.500,52745,2,EA,1,100,0.496799
1752172723.237275,328777.000,52745,2,EA,1,100,0.496445
1752172723.304276,328844.000,52763,1,EA,1,100,0.496976
1752172723.370776,328910.500,52781,2,EA,1,100,0.497331
1752172723.437277,328977.000,52781,2,EA,1,100,0.497545
1752172723.504277,329044.000,52797,1,EA,1,100,0.497687
1752172723.570778,329110.500,52814,2,EA,1,100,0.497580
1752172723.637278,329177.000,52814,2,EA,1,100,0.498007
1752172723.704279,329244.000,52831,1,EA,1,100,0.498007
1752172723.770779,329310.500,52855,2,EA,1,100,0.497901
1752172723.837280,329377.000,52855,2,EA,1,100,0.497936
1752172723.903781,329443.500,52871,2,EA,1,100,0.498079
1752172723.970281,329510.000,52871,2,EA,1,100,0.498114
1752172724.037282,329577.000,52889,1,EA,1,100,0.498150
1752172724.103782,329643.500,52904,2,EA,1,100,0.498542
1752172724.170283,329710.000,52904,2,EA,1,100,0.498435
1752172724.237283,329777.000,52920,1,EA,1,100,0.498649
1752172724.303784,329843.500,52937,2,EA,1,100,0.498792
1752172724.370284,329910.000,52937,2,EA,1,100,0.499007
1752172724.437285,329977.000,52958,2,EA,1,100,0.499293
1752172724.504285,330044.000,52958,2,EA,1,100,0.498864
1752172724.570286,330110.000,52974,1,EA,1,100,0.498971
1752172724.637287,330177.000,52990,2,EA,1,100,0.499436
1752172724.704287,330244.000,52990,2,EA,1,100,0.499508
1752172724.770288,330310.000,53006,1,EA,1,100,0.500046
1752172724.837288,330377.000,53023,2,EA,1,100,0.499903
1752172724.904289,330444.000,53023,2,EA,1,100,0.500226
1752172724.970289,330510.000,53043,1,EA,1,100,0.500118
1752172725.037290,330577.000,53059,2,EA,1,100,0.499831
1752172725.104290,330644.000,53059,2,EA,1,100,0.499867
1752172725.170291,330710.000,53075,1,EA,1,100,0.500118
1752172725.237291,330777.000,53092,2,EA,1,100,0.500190
1752172725.304292,330844.000,53092,2,EA,1,100,0.500621
1752172725.370292,330910.000,53109,1,EA,1,100,0.500802
1752172725.437293,330977.000,53126,2,EA,1,100,0.501054
1752172725.504294,331044.000,53126,2,EA,1,100,0.500910
1752172725.570294,331110.000,53142,1,EA,1,100,0.501090
1752172725.637295,331177.000,53164,2,EA,1,100,0.501415
1752172725.704295,331244.000,53164,2,EA,1,100,0.501234
1752172725.770296,331310.000,53180,1,EA,1,100,0.501379
1752172725.836796,331376.500,53195,2,EA,1,100,0.501523
1752172725.903297,331443.000,53195,2,EA,1,100,0.501487
1752172725.970297,331510.000,53211,1,EA,1,100,0.501631
1752172726.036798,331576.500,53229,2,EA,1,100,0.502102
1752172726.103298,331643.000,53229,2,EA,1,100,0.501957
1752172726.170299,331710.000,53245,1,EA,1,100,0.502283
1752172726.236800,331776.500,53264,2,EA,1,100,0.502500
1752172726.303300,331843.000,53264,2,EA,1,100,0.502428
1752172726.370301,331910.000,53281,1,EA,1,100,0.502609
1752172726.436801,331976.500,53300,2,EA,1,100,0.502718
1752172726.503302,332043.000,53300,2,EA,1,100,0.502682
1752172726.570302,332110.000,53316,1,EA,1,100,0.503045
1752172726.636803,332176.500,53335,2,EA,1,100,0.503191
1752172726.703303,332243.000,53335,2,EA,1,100,0.503227
1752172726.770304,332310.000,53350,2,EA,1,100,0.503372
1752172726.837304,332377.000,53350,2,EA,1,100,0.503518
1752172726.903305,332443.000,53369,1,EA,1,100,0.503773
1752172726.970305,332510.000,53386,2,EA,1,100,0.503882
1752172727.037306,332577.000,53386,2,EA,1,100,0.503992
1752172727.103307,332643.000,53405,1,EA,1,100,0.503809
1752172727.170307,332710.000,53419,2,EA,1,100,0.504138
1752172727.237308,332777.000,53419,2,EA,1,100,0.504211
1752172727.303308,332843.000,53436,1,EA,1,100,0.504467
1752172727.370309,332910.000,53455,2,EA,1,100,0.504722
1752172727.437309,332977.000,53455,2,EA,1,100,0.504503
1752172727.503310,333043.000,53474,1,EA,1,100,0.504576
1752172727.570310,333110.000,53490,2,EA,1,100,0.504832
1752172727.637311,333177.000,53490,2,EA,1,100,0.504613
1752172727.703311,333243.000,53508,1,EA,1,100,0.504869
1752172727.770312,333310.000,53524,2,EA,1,100,0.505088
1752172727.837313,333377.000,53524,2,EA,1,100,0.505309
1752172727.903313,333443.000,53541,1,EA,1,100,0.505419
1752172727.970314,333510.000,53558,2,EA,1,100,0.505382
1752172728.037314,333577.000,53558,2,EA,1,100,0.505419
1752172728.103315,333643.000,53577,1,EA,1,100,0.505639
1752172728.169815,333709.500,53595,2,EA,1,100,0.505712
1752172728.236316,333776.000,53595,2,EA,1,100,0.505566
1752172728.303316,333843.000,53612,1,EA,1,100,0.505822
1752172728.369817,333909.500,53627,2,EA,1,100,0.506264
1752172728.436317,333976.000,53627,2,EA,1,100,0.506043
1752172728.503318,334043.000,53644,1,EA,1,100,0.506117
1752172728.569819,334109.500,53660,2,EA,1,100,0.506558
1752172728.636319,334176.000,53660,2,EA,1,100,0.506669
1752172728.703320,334243.000,53678,1,EA,1,100,0.506817
1752172728.769820,334309.500,53697,2,EA,1,100,0.506890
1752172728.836321,334376.000,53697,2,EA,1,100,0.506854
1752172728.903321,334443.000,53718,2,EA,1,100,0.506890
1752172728.970322,334510.000,53718,2,EA,1,100,0.506854
1752172729.036822,334576.500,53735,2,EA,1,100,0.507297
1752172729.103323,334643.000,53735,2,EA,1,100,0.507186
1752172729.170323,334710.000,53752,1,EA,1,100,0.507297
1752172729.236824,334776.500,53768,2,EA,1,100,0.507815
1752172729.303324,334843.000,53768,2,EA,1,100,0.507704
1752172729.370325,334910.000,53788,1,EA,1,100,0.507889
1752172729.436826,334976.500,53802,2,EA,1,100,0.508037
1752172729.503326,335043.000,53802,2,EA,1,100,0.508260
1752172729.570327,335110.000,53821,1,EA,1,100,0.508297
1752172729.636827,335176.500,53838,2,EA,1,100,0.508074
1752172729.703328,335243.000,53838,2,EA,1,100,0.508111
1752172729.770328,335310.000,53855,1,EA,1,100,0.508260
1752172729.836829,335376.500,53870,2,EA,1,100,0.508594
1752172729.903329,335443.000,53870,2,EA,1,100,0.508520
1752172729.970330,335510.000,53886,1,EA,1,100,0.508668
1752172730.036830,335576.500,53905,2,EA,1,100,0.509040
1752172730.103331,335643.000,53905,2,EA,1,100,0.509040
1752172730.170332,335710.000,53922,1,EA,1,100,0.509077
1752172730.236832,335776.500,53937,2,EA,1,100,0.509226
1752172730.303333,335843.000,53937,2,EA,1,100,0.509562
1752172730.369833,335909.500,53956,2,EA,1,100,0.509711
1752172730.436334,335976.000,53956,2,EA,1,100,0.509487
1752172730.503334,336043.000,53972,1,EA,1,100,0.509338
1752172730.569835,336109.500,53989,2,EA,1,100,0.509897
1752172730.636335,336176.000,53989,2,EA,1,100,0.509860
1752172730.703336,336243.000,54008,1,EA,1,100,0.509711
1752172730.769836,336309.500,54023,2,EA,1,100,0.509711
1752172730.836337,336376.000,54023,2,EA,1,100,0.509972
1752172730.903337,336443.000,54039,1,EA,1,100,0.510421
1752172730.969838,336509.500,54057,2,EA,1,100,0.510271
1752172731.036339,336576.000,54057,2,EA,1,100,0.510683
1752172731.103339,336643.000,54073,1,EA,1,100,0.511058
1752172731.169840,336709.500,54090,2,EA,1,100,0.511058
1752172731.236340,336776.000,54090,2,EA,1,100,0.511058
1752172731.303341,336843.000,54106,1,EA,1,100,0.511433
1752172731.369841,336909.500,54126,2,EA,1,100,0.511245
1752172731.436342,336976.000,54126,2,EA,1,100,0.511321
1752172731.503342,337043.000,54142,1,EA,1,100,0.511546
1752172731.569843,337109.500,54157,2,EA,1,100,0.511696
1752172731.636343,337176.000,54157,2,EA,1,100,0.511847
1752172731.703344,337243.000,54174,1,EA,1,100,0.511959
1752172731.769845,337309.500,54193,2,EA,1,100,0.511959
1752172731.836345,337376.000,54193,2,EA,1,100,0.512412
1752172731.903346,337443.000,54211,1,EA,1,100,0.512525
1752172731.969846,337509.500,54229,2,EA,1,100,0.512638
1752172732.036347,337576.000,54229,2,EA,1,100,0.512336
1752172732.103347,337643.000,54245,1,EA,1,100,0.512676
1752172732.169848,337709.500,54262,2,EA,1,100,0.512600
1752172732.236348,337776.000,54262,2,EA,1,100,0.512751
1752172732.303349,337843.000,54278,1,EA,1,100,0.512940
1752172732.369849,337909.500,54297,2,EA,1,100,0.513205
1752172732.436350,337976.000,54297,2,EA,1,100,0.513205
1752172732.503350,338043.000,54314,1,EA,1,100,0.513394
1752172732.569851,338109.500,54331,2,EA,1,100,0.513394
1752172732.636352,338176.000,54331,2,EA,1,100,0.513697
1752172732.702852,338242.500,54350,2,EA,1,100,0.513887
1752172732.769353,338309.000,54350,2,EA,1,100,0.513773
1752172732.836353,338376.000,54367,1,EA,1,100,0.513773
1752172732.902854,338442.500,54381,2,EA,1,100,0.513925
1752172732.969354,338509.000,54381,2,EA,1,100,0.513925
1752172733.036355,338576.000,54399,1,EA,1,100,0.514077
1752172733.102855,338642.500,54417,2,EA,1,100,0.514153
1752172733.169356,338709.000,54417,2,EA,1,100,0.514456
1752172733.236356,338776.000,54434,1,EA,1,100,0.514533
1752172733.302857,338842.500,54449,2,EA,1,100,0.514799
1752172733.369358,338909.000,54449,2,EA,1,100,0.514799
1752172733.436358,338976.000,54466,1,EA,1,100,0.514837
1752172733.502859,339042.500,54482,2,EA,1,100,0.515103
1752172733.569359,339109.000,54482,2,EA,1,100,0.515256
1752172733.636360,339176.000,54503,1,EA,1,100,0.515256
1752172733.702860,339242.500,54518,2,EA,1,100,0.515752
1752172733.769361,339309.000,54518,2,EA,1,100,0.515714
1752172733.836361,339376.000,54535,1,EA,1,100,0.516096
1752172733.902862,339442.500,54553,2,EA,1,100,0.516173
1752172733.969362,339509.000,54553,2,EA,1,100,0.516096
1752172734.036363,339576.000,54576,2,EA,1,100,0.516096
1752172734.103364,339643.000,54576,2,EA,1,100,0.515981
1752172734.169864,339709.500,54594,2,EA,1,100,0.516326
1752172734.236365,339776.000,54594,2,EA,1,100,0.516556
1752172734.303365,339843.000,54613,1,EA,1,100,0.516556
1752172734.369866,339909.500,54628,2,EA,1,100,0.516517
1752172734.436366,339976.000,54628,2,EA,1,100,0.516632
1752172734.503367,340043.000,54645,1,EA,1,100,0.516632
1752172734.569867,340109.500,54661,2,EA,1,100,0.517016
1752172734.636368,340176.000,54661,2,EA,1,100,0.517516
1752172734.703368,340243.000,54679,1,EA,1,100,0.517323
1752172734.769869,340309.500,54693,2,EA,1,100,0.517477
1752172734.836369,340376.000,54693,2,EA,1,100,0.517669
1752172734.902370,340442.000,54712,1,EA,1,100,0.517823
1752172734.969371,340509.000,54731,2,EA,1,100,0.517939
1752172735.036371,340576.000,54731,2,EA,1,100,0.517978
1752172735.103372,340643.000,54748,1,EA,1,100,0.518016
1752172735.169872,340709.500,54764,2,EA,1,100,0.518440
1752172735.236373,340776.000,54764,2,EA,1,100,0.518247
1752172735.302373,340842.000,54781,1,EA,1,100,0.518247
1752172735.369374,340909.000,54798,2,EA,1,100,0.518865
1752172735.436374,340976.000,54798,2,EA,1,100,0.518827
1752172735.502375,341042.000,54819,1,EA,1,100,0.518788
1752172735.569375,341109.000,54834,2,EA,1,100,0.518788
1752172735.636376,341176.000,54834,2,EA,1,100,0.518865
1752172735.702377,341242.000,54851,1,EA,1,100,0.519136
1752172735.769377,341309.000,54867,2,EA,1,100,0.519213
1752172735.836378,341376.000,54867,2,EA,1,100,0.519097
1752172735.902378,341442.000,54884,1,EA,1,100,0.519252
1752172735.969379,341509.000,54900,2,EA,1,100,0.519524
1752172736.036379,341576.000,54900,2,EA,1,100,0.519562
1752172736.102880,341642.500,54918,2,EA,1,100,0.519718
1752172736.169380,341709.000,54918,2,EA,1,100,0.520067
1752172736.236381,341776.000,54934,1,EA,1,100,0.520106
1752172736.302881,341842.500,54954,2,EA,1,100,0.519989
1752172736.369382,341909.000,54954,2,EA,1,100,0.520183
1752172736.436382,341976.000,54972,1,EA,1,100,0.520533
1752172736.502883,342042.500,54989,2,EA,1,100,0.520689
1752172736.569384,342109.000,54989,2,EA,1,100,0.520455
1752172736.636384,342176.000,55005,1,EA,1,100,0.520339
1752172736.702885,342242.500,55025,2,EA,1,100,0.520378
1752172736.769385,342309.000,55025,2,EA,1,100,0.520884
1752172736.836386,342376.000,55041,1,EA,1,100,0.521079
1752172736.902886,342442.500,55056,2,EA,1,100,0.520923
1752172736.969387,342509.000,55056,2,EA,1,100,0.521001
1752172737.036387,342576.000,55073,1,EA,1,100,0.521313
1752172737.102888,342642.500,55090,2,EA,1,100,0.521704
1752172737.169388,342709.000,55090,2,EA,1,100,0.521469
1752172737.236389,342776.000,55106,1,EA,1,100,0.521508
1752172737.302890,342842.500,55124,2,EA,1,100,0.521625
1752172737.369390,342909.000,55124,2,EA,1,100,0.521899
1752172737.436391,342976.000,55140,1,EA,1,100,0.521899
1752172737.502891,343042.500,55157,2,EA,1,100,0.522095
1752172737.569392,343109.000,55157,2,EA,1,100,0.522212
1752172737.636392,343176.000,55173,1,EA,1,100,0.522369
1752172737.702893,343242.500,55189,2,EA,1,100,0.522604
1752172737.769393,343309.000,55189,2,EA,1,100,0.522683
1752172737.836394,343376.000,55207,1,EA,1,100,0.522408
1752172737.902894,343442.500,55226,2,EA,1,100,0.522565
1752172737.969395,343509.000,55226,2,EA,1,100,0.522879
1752172738.036396,343576.000,55243,1,EA,1,100,0.523154
1752172738.102896,343642.500,55259,2,EA,1,100,0.523115
1752172738.169397,343709.000,55259,2,EA,1,100,0.522918
1752172738.235397,343775.000,55274,1,EA,1,100,0.523036
1752172738.302398,343842.000,55292,2,EA,1,100,0.523272
1752172738.369398,343909.000,55292,2,EA,1,100,0.523390
1752172738.435399,343975.000,55310,1,EA,1,100,0.523626
1752172738.502399,344042.000,55326,2,EA,1,100,0.524218
1752172738.569400,344109.000,55326,2,EA,1,100,0.524139
1752172738.635900,344175.500,55342,2,EA,1,100,0.524020
1752172738.702401,344242.000,55342,2,EA,1,100,0.524099
1752172738.769401,344309.000,55359,1,EA,1,100,0.524415
1752172738.835902,344375.500,55377,2,EA,1,100,0.524573
1752172738.902403,344442.000,55377,2,EA,1,100,0.524494
1752172738.969403,344509.000,55394,1,EA,1,100,0.525166
1752172739.035904,344575.500,55411,2,EA,1,100,0.524850
1752172739.102404,344642.000,55411,2,EA,1,100,0.524691
1752172739.168905,344708.500,55431,2,EA,1,100,0.524771
1752172739.235405,344775.000,55431,2,EA,1,100,0.525048
1752172739.302406,344842.000,55447,1,EA,1,100,0.525087
1752172739.369406,344909.000,55465,2,EA,1,100,0.525048
1752172739.436407,344976.000,55465,2,EA,1,100,0.525127
1752172739.502407,345042.000,55481,1,EA,1,100,0.525285
1752172739.568908,345108.500,55496,2,EA,1,100,0.525722
1752172739.635409,345175.000,55496,2,EA,1,100,0.525642
1752172739.702409,345242.000,55515,1,EA,1,100,0.525682
1752172739.768910,345308.500,55532,2,EA,1,100,0.526318
1752172739.835410,345375.000,55532,2,EA,1,100,0.526199
1752172739.902411,345442.000,55548,1,EA,1,100,0.526079
1752172739.968911,345508.500,55564,2,EA,1,100,0.526079
1752172740.035412,345575.000,55564,2,EA,1,100,0.526357
1752172740.102412,345642.000,55580,2,EA,1,100,0.526318
1752172740.169413,345709.000,55580,2,EA,1,100,0.526199
1752172740.235413,345775.000,55597,1,EA,1,100,0.526557
1752172740.302414,345842.000,55614,2,EA,1,100,0.526517
1752172740.369414,345909.000,55614,2,EA,1,100,0.526796
1752172740.435415,345975.000,55633,1,EA,1,100,0.526915
1752172740.502416,346042.000,55647,2,EA,1,100,0.527035
1752172740.569416,346109.000,55647,2,EA,1,100,0.527075
1752172740.635417,346175.000,55664,1,EA,1,100,0.527155
1752172740.702417,346242.000,55681,2,EA,1,100,0.527674
1752172740.769418,346309.000,55681,2,EA,1,100,0.527354
1752172740.835418,346375.000,55698,1,EA,1,100,0.527554
1752172740.902419,346442.000,55712,2,EA,1,100,0.527354
1752172740.969419,346509.000,55712,2,EA,1,100,0.527794
1752172741.035420,346575.000,55732,1,EA,1,100,0.528074
1752172741.102420,346642.000,55748,2,EA,1,100,0.528034
1752172741.169421,346709.000,55748,2,EA,1,100,0.528234
1752172741.235422,346775.000,55765,1,EA,1,100,0.528274
1752172741.301922,346841.500,55780,2,EA,1,100,0.528475
1752172741.368423,346908.000,55780,2,EA,1,100,0.528515
1752172741.435423,346975.000,55799,1,EA,1,100,0.528555
1752172741.501924,347041.500,55815,2,EA,1,100,0.528716
1752172741.568424,347108.000,55815,2,EA,1,100,0.528997
1752172741.635425,347175.000,55834,1,EA,1,100,0.529359
1752172741.701925,347241.500,55849,2,EA,1,100,0.529319
1752172741.768426,347308.000,55849,2,EA,1,100,0.529399
1752172741.835426,347375.000,55866,1,EA,1,100,0.529480
1752172741.901927,347441.500,55882,2,EA,1,100,0.529480
1752172741.968427,347508.000,55882,2,EA,1,100,0.529883
1752172742.035428,347575.000,55900,1,EA,1,100,0.529883
1752172742.101929,347641.500,55915,2,EA,1,100,0.529923
1752172742.168429,347708.000,55915,2,EA,1,100,0.529722
1752172742.235430,347775.000,55931,2,EA,1,100,0.529883
1752172742.302430,347842.000,55931,2,EA,1,100,0.530044
1752172742.368431,347908.000,55950,1,EA,1,100,0.530327
1752172742.435431,347975.000,55967,2,EA,1,100,0.530529
1752172742.502432,348042.000,55967,2,EA,1,100,0.530327
1752172742.568432,348108.000,55983,1,EA,1,100,0.530569
1752172742.635433,348175.000,55999,2,EA,1,100,0.530812
1752172742.702433,348242.000,55999,2,EA,1,100,0.530812
1752172742.768434,348308.000,56015,1,EA,1,100,0.530812
1752172742.835435,348375.000,56032,2,EA,1,100,0.531217
1752172742.902435,348442.000,56032,2,EA,1,100,0.531217
1752172742.968436,348508.000,56050,1,EA,1,100,0.531258
1752172743.035436,348575.000,56066,2,EA,1,100,0.531460
1752172743.102437,348642.000,56066,2,EA,1,100,0.531623
1752172743.168437,348708.000,56082,1,EA,1,100,0.531744
1752172743.235438,348775.000,56099,2,EA,1,100,0.532151
1752172743.302438,348842.000,56099,2,EA,1,100,0.532029
1752172743.368439,348908.000,56116,1,EA,1,100,0.532110
1752172743.435439,348975.000,56131,2,EA,1,100,0.532517
1752172743.502440,349042.000,56131,2,EA,1,100,0.532395
1752172743.568440,349108.000,56149,1,EA,1,100,0.532110
1752172743.635441,349175.000,56167,2,EA,1,100,0.532313
1752172743.702442,349242.000,56167,2,EA,1,100,0.532273
1752172743.768442,349308.000,56183,1,EA,1,100,0.532640
1752172743.835443,349375.000,56198,2,EA,1,100,0.533006
1752172743.902443,349442.000,56198,2,EA,1,100,0.532925
1752172743.968444,349508.000,56214,1,EA,1,100,0.533170
1752172744.035444,349575.000,56232,2,EA,1,100,0.533374
1752172744.102445,349642.000,56232,2,EA,1,100,0.533374
1752172744.168445,349708.000,56250,1,EA,1,100,0.533496
1752172744.235113,349774.667,56274,3,EA,1,100,0.533619
1752172744.301780,349841.333,56274,3,EA,1,100,0.533496
1752172744.368447,349908.000,56274,3,EA,1,100,0.533865
1752172744.435448,349975.000,56290,1,EA,1,100,0.533906
1752172744.501948,350041.500,56305,2,EA,1,100,0.534151
1752172744.568449,350108.000,56305,2,EA,1,100,0.534274
1752172744.635449,350175.000,56321,1,EA,1,100,0.534397
1752172744.701950,350241.500,56341,2,EA,1,100,0.534397
1752172744.768450,350308.000,56341,2,EA,1,100,0.534274
1752172744.835451,350375.000,56357,1,EA,1,100,0.534356
1752172744.901951,350441.500,56372,2,EA,1,100,0.534808
1752172744.968452,350508.000,56372,2,EA,1,100,0.535054
1752172745.035452,350575.000,56389,1,EA,1,100,0.535301
1752172745.101953,350641.500,56406,2,EA,1,100,0.535219
1752172745.168454,350708.000,56406,2,EA,1,100,0.535383
1752172745.235454,350775.000,56422,1,EA,1,100,0.535178
1752172745.301955,350841.500,56441,2,EA,1,100,0.535548
1752172745.368455,350908.000,56441,2,EA,1,100,0.535507
1752172745.435456,350975.000,56456,1,EA,1,100,0.535466
1752172745.501956,351041.500,56473,2,EA,1,100,0.535466
1752172745.568457,351108.000,56473,2,EA,1,100,0.535631
1752172745.634957,351174.500,56490,2,EA,1,100,0.535795
1752172745.701458,351241.000,56490,2,EA,1,100,0.536002
1752172745.768458,351308.000,56507,1,EA,1,100,0.536332
1752172745.834959,351374.500,56523,2,EA,1,100,0.536870
1752172745.901459,351441.000,56523,2,EA,1,100,0.536787
1752172745.968460,351508.000,56540,1,EA,1,100,0.536580
1752172746.034961,351574.500,56557,2,EA,1,100,0.536746
1752172746.101461,351641.000,56557,2,EA,1,100,0.536870
1752172746.168462,351708.000,56574,1,EA,1,100,0.537077
1752172746.234962,351774.500,56588,2,EA,1,100,0.537077
1752172746.301463,351841.000,56588,2,EA,1,100,0.536911
1752172746.368463,351908.000,56606,1,EA,1,100,0.537077
1752172746.434964,351974.500,56626,2,EA,1,100,0.537325
1752172746.501464,352041.000,56626,2,EA,1,100,0.537616
1752172746.568465,352108.000,56643,1,EA,1,100,0.537450
1752172746.634965,352174.500,56658,2,EA,1,100,0.537450
1752172746.701466,352241.000,56658,2,EA,1,100,0.537824
1752172746.768467,352308.000,56675,1,EA,1,100,0.537990
1752172746.834967,352374.500,56691,2,EA,1,100,0.538031
1752172746.901468,352441.000,56691,2,EA,1,100,0.537990
1752172746.968468,352508.000,56708,1,EA,1,100,0.537948
1752172747.034969,352574.500,56725,2,EA,1,100,0.538656
1752172747.101469,352641.000,56725,2,EA,1,100,0.538531
1752172747.168470,352708.000,56742,1,EA,1,100,0.538697
1752172747.234970,352774.500,56758,2,EA,1,100,0.538989
1752172747.301471,352841.000,56758,2,EA,1,100,0.538823
1752172747.368471,352908.000,56776,1,EA,1,100,0.538989
1752172747.434972,352974.500,56791,2,EA,1,100,0.539323
1752172747.501472,353041.000,56791,2,EA,1,100,0.539616
1752172747.568473,353108.000,56807,1,EA,1,100,0.539574
1752172747.634974,353174.500,56824,2,EA,1,100,0.539616
1752172747.701474,353241.000,56824,2,EA,1,100,0.539491
1752172747.768475,353308.000,56843,1,EA,1,100,0.539616
1752172747.834975,353374.500,56858,2,EA,1,100,0.539825
1752172747.901476,353441.000,56858,2,EA,1,100,0.540077
1752172747.967976,353507.500,56875,2,EA,1,100,0.540328
1752172748.034477,353574.000,56875,2,EA,1,100,0.540202
1752172748.101477,353641.000,56891,1,EA,1,100,0.540454
1752172748.167978,353707.500,56908,2,EA,1,100,0.540874
1752172748.234478,353774.000,56908,2,EA,1,100,0.540832
1752172748.301479,353841.000,56924,1,EA,1,100,0.540789
1752172748.367980,353907.500,56942,2,EA,1,100,0.540958
1752172748.434480,353974.000,56942,2,EA,1,100,0.541000
1752172748.501481,354041.000,56958,1,EA,1,100,0.541294
1752172748.568481,354108.000,56975,2,EA,1,100,0.541294
1752172748.635482,354175.000,56975,2,EA,1,100,0.541252
1752172748.701482,354241.000,56992,1,EA,1,100,0.541252
1752172748.767983,354307.500,57007,2,EA,1,100,0.541463
1752172748.834483,354374.000,57007,2,EA,1,100,0.541968
1752172748.901484,354441.000,57023,1,EA,1,100,0.542010
1752172748.967984,354507.500,57041,2,EA,1,100,0.541926
1752172749.034485,354574.000,57041,2,EA,1,100,0.542010
1752172749.101486,354641.000,57059,1,EA,1,100,0.542306
1752172749.167986,354707.500,57074,2,EA,1,100,0.542644
1752172749.234487,354774.000,57074,2,EA,1,100,0.542475
1752172749.301487,354841.000,57090,1,EA,1,100,0.542391
1752172749.367988,354907.500,57113,2,EA,1,100,0.542475
1752172749.434488,354974.000,57113,2,EA,1,100,0.542602
1752172749.501489,355041.000,57129,2,EA,1,100,0.542729
1752172749.568489,355108.000,57129,2,EA,1,100,0.542898
1752172749.634490,355174.000,57146,1,EA,1,100,0.543194
1752172749.701490,355241.000,57164,2,EA,1,100,0.543152
1752172749.768491,355308.000,57164,2,EA,1,100,0.543237
1752172749.834991,355374.500,57180,2,EA,1,100,0.543534
1752172749.901492,355441.000,57180,2,EA,1,100,0.543152
1752172749.968493,355508.000,57196,1,EA,1,100,0.543364
1752172750.034993,355574.500,57214,2,EA,1,100,0.543704
1752172750.101494,355641.000,57214,2,EA,1,100,0.543874
1752172750.168494,355708.000,57230,1,EA,1,100,0.544001
1752172750.234995,355774.500,57245,2,EA,1,100,0.544214
1752172750.301495,355841.000,57245,2,EA,1,100,0.544128
1752172750.368496,355908.000,57264,1,EA,1,100,0.544299
1752172750.434996,355974.500,57281,2,EA,1,100,0.544384
1752172750.501497,356041.000,57281,2,EA,1,100,0.544596
1752172750.568497,356108.000,57297,1,EA,1,100,0.544554
1752172750.634998,356174.500,57313,2,EA,1,100,0.544554
1752172750.701499,356241.000,57313,2,EA,1,100,0.544725
1752172750.768499,356308.000,57329,1,EA,1,100,0.544895
1752172750.835000,356374.500,57346,2,EA,1,100,0.544938
1752172750.901500,356441.000,57346,2,EA,1,100,0.545194
1752172750.968501,356508.000,57364,1,EA,1,100,0.545407
1752172751.035001,356574.500,57380,2,EA,1,100,0.545450
1752172751.101502,356641.000,57380,2,EA,1,100,0.545236
1752172751.168502,356708.000,57396,1,EA,1,100,0.545365
1752172751.235003,356774.500,57413,2,EA,1,100,0.545279
1752172751.301503,356841.000,57413,2,EA,1,100,0.545835
1752172751.367504,356907.000,57430,1,EA,1,100,0.545749
1752172751.434504,356974.000,57447,2,EA,1,100,0.545578
1752172751.501505,357041.000,57447,2,EA,1,100,0.545792
1752172751.568506,357108.000,57465,1,EA,1,100,0.546006
1752172751.635006,357174.500,57483,2,EA,1,100,0.545920
1752172751.701507,357241.000,57483,2,EA,1,100,0.546177
1752172751.767507,357307.000,57499,1,EA,1,100,0.546349
1752172751.834508,357374.000,57514,2,EA,1,100,0.546520
1752172751.901508,357441.000,57514,2,EA,1,100,0.546778
1752172751.968509,357508.000,57530,1,EA,1,100,0.546692
1752172752.035009,357574.500,57548,2,EA,1,100,0.546649
1752172752.101510,357641.000,57548,2,EA,1,100,0.546907
1752172752.167510,357707.000,57564,1,EA,1,100,0.546864
1752172752.234511,357774.000,57582,2,EA,1,100,0.547164
1752172752.301512,357841.000,57582,2,EA,1,100,0.547251
1752172752.368012,357907.500,57598,2,EA,1,100,0.547509
1752172752.434513,357974.000,57598,2,EA,1,100,0.547724
1752172752.501513,358041.000,57615,1,EA,1,100,0.547681
1752172752.568014,358107.500,57631,2,EA,1,100,0.547854
1752172752.634514,358174.000,57631,2,EA,1,100,0.547638
1752172752.701515,358241.000,57649,1,EA,1,100,0.547810
1752172752.768015,358307.500,57665,2,EA,1,100,0.547983
1752172752.834516,358374.000,57665,2,EA,1,100,0.547810
1752172752.901183,358440.667,57683,3,EA,1,100,0.548156
1752172752.967850,358507.333,57683,3,EA,1,100,0.548156
1752172753.034517,358574.000,57683,3,EA,1,100,0.548760
1752172753.101118,358640.600,57703,5,EA,1,100,0.548804
1752172753.167719,358707.200,57703,5,EA,1,100,0.548717
1752172753.234319,358773.800,57703,5,EA,1,100,0.548890
1752172753.300920,358840.400,57703,5,EA,1,100,0.549583
1752172753.367520,358907.000,57703,5,EA,1,100,0.549453
1752172753.434521,358974.000,57719,2,EA,1,100,0.549323
1752172753.501521,359041.000,57719,2,EA,1,100,0.549627
1752172753.567522,359107.000,57736,1,EA,1,100,0.549323
1752172753.634522,359174.000,57753,2,EA,1,100,0.549453
1752172753.701523,359241.000,57753,2,EA,1,100,0.549757
1752172753.767523,359307.000,57770,1,EA,1,100,0.549974
1752172753.834524,359374.000,57786,2,EA,1,100,0.549974
1752172753.901525,359441.000,57786,2,EA,1,100,0.550191
1752172753.967525,359507.000,57803,1,EA,1,100,0.550235
1752172754.034526,359574.000,57820,2,EA,1,100,0.550452
1752172754.101526,359641.000,57820,2,EA,1,100,0.550626
1752172754.167527,359707.000,57837,1,EA,1,100,0.550670
1752172754.234527,359774.000,57851,2,EA,1,100,0.551193
1752172754.301528,359841.000,57851,2,EA,1,100,0.550801
1752172754.367528,359907.000,57869,1,EA,1,100,0.550757
1752172754.434196,359973.667,57892,3,EA,1,100,0.551106
1752172754.500863,360040.333,57892,3,EA,1,100,0.551149
1752172754.567530,360107.000,57892,3,EA,1,100,0.551455
1752172754.634031,360173.500,57910,2,EA,1,100,0.551543
1752172754.700531,360240.000,57910,2,EA,1,100,0.551193
1752172754.767532,360307.000,57926,1,EA,1,100,0.551499
1752172754.834032,360373.500,57943,2,EA,1,100,0.551586
1752172754.900533,360440.000,57943,2,EA,1,100,0.551936
1752172754.967533,360507.000,57959,1,EA,1,100,0.551936
1752172755.034034,360573.500,57975,2,EA,1,100,0.552286
1752172755.100534,360640.000,57975,2,EA,1,100,0.552549
1752172755.167535,360707.000,57993,1,EA,1,100,0.552242
1752172755.234035,360773.500,58010,2,EA,1,100,0.552374
1752172755.300536,360840.000,58010,2,EA,1,100,0.552286
1752172755.367536,360907.000,58027,1,EA,1,100,0.552418
1752172755.434037,360973.500,58042,2,EA,1,100,0.552769
1752172755.500538,361040.000,58042,2,EA,1,100,0.552988
1752172755.567538,361107.000,58058,1,EA,1,100,0.552988
1752172755.634039,361173.500,58076,2,EA,1,100,0.553516
1752172755.700539,361240.000,58076,2,EA,1,100,0.553120
1752172755.767540,361307.000,58094,1,EA,1,100,0.553164
1752172755.834040,361373.500,58109,2,EA,1,100,0.553252
1752172755.900541,361440.000,58109,2,EA,1,100,0.553252
1752172755.967541,361507.000,58125,1,EA,1,100,0.553604
1752172756.034042,361573.500,58143,2,EA,1,100,0.553692
1752172756.100542,361640.000,58143,2,EA,1,100,0.553516
1752172756.167543,361707.000,58159,1,EA,1,100,0.553648
1752172756.234044,361773.500,58176,2,EA,1,100,0.553736
1752172756.300544,361840.000,58176,2,EA,1,100,0.553868
1752172756.367545,361907.000,58193,1,EA,1,100,0.554177
1752172756.434045,361973.500,58212,2,EA,1,100,0.554486
1752172756.500546,362040.000,58212,2,EA,1,100,0.554618
1752172756.567546,362107.000,58228,1,EA,1,100,0.554486
1752172756.634047,362173.500,58245,2,EA,1,100,0.554530
1752172756.700547,362240.000,58245,2,EA,1,100,0.554751
1752172756.767548,362307.000,58260,1,EA,1,100,0.554928
1752172756.834048,362373.500,58279,2,EA,1,100,0.554883
1752172756.900549,362440.000,58279,2,EA,1,100,0.555060
1752172756.967549,362507.000,58295,1,EA,1,100,0.555326
1752172757.034050,362573.500,58312,2,EA,1,100,0.555458
1752172757.100551,362640.000,58312,2,EA,1,100,0.555592
1752172757.167551,362707.000,58327,2,EA,1,100,0.555636
1752172757.234552,362774.000,58327,2,EA,1,100,0.555636
1752172757.300552,362840.000,58344,1,EA,1,100,0.555769
1752172757.367553,362907.000,58361,2,EA,1,100,0.555636
1752172757.434553,362974.000,58361,2,EA,1,100,0.555769
1752172757.500554,363040.000,58380,1,EA,1,100,0.555814
1752172757.567054,363106.500,58394,2,EA,1,100,0.555902
1752172757.633555,363173.000,58394,2,EA,1,100,0.556302
1752172757.700555,363240.000,58412,1,EA,1,100,0.556435
1752172757.767556,363307.000,58428,2,EA,1,100,0.556524
1752172757.834557,363374.000,58428,2,EA,1,100,0.556569
1752172757.900557,363440.000,58445,1,EA,1,100,0.556391
1752172757.967058,363506.500,58462,2,EA,1,100,0.556391
1752172758.033558,363573.000,58462,2,EA,1,100,0.556480
1752172758.100559,363640.000,58479,1,EA,1,100,0.556791
1752172758.167559,363707.000,58495,2,EA,1,100,0.556836
1752172758.234560,363774.000,58495,2,EA,1,100,0.557059
1752172758.300560,363840.000,58512,1,EA,1,100,0.557059
1752172758.367061,363906.500,58527,2,EA,1,100,0.557148
1752172758.433561,363973.000,58527,2,EA,1,100,0.557237
1752172758.500562,364040.000,58546,1,EA,1,100,0.557594
1752172758.567062,364106.500,58562,2,EA,1,100,0.557862
1752172758.633563,364173.000,58562,2,EA,1,100,0.557773
1752172758.700564,364240.000,58580,1,EA,1,100,0.557728
1752172758.767064,364306.500,58594,2,EA,1,100,0.558265
1752172758.833565,364373.000,58594,2,EA,1,100,0.558130
1752172758.900565,364440.000,58611,1,EA,1,100,0.558265
1752172758.967066,364506.500,58628,2,EA,1,100,0.558533
1752172759.033566,364573.000,58628,2,EA,1,100,0.558757
1752172759.100567,364640.000,58647,1,EA,1,100,0.559026
1752172759.167067,364706.500,58662,2,EA,1,100,0.558623
1752172759.233568,364773.000,58662,2,EA,1,100,0.558668
1752172759.300568,364840.000,58678,1,EA,1,100,0.558847
1752172759.367069,364906.500,58695,2,EA,1,100,0.559072
1752172759.433570,364973.000,58695,2,EA,1,100,0.559431
1752172759.500570,365040.000,58712,2,EA,1,100,0.559521
1752172759.567571,365107.000,58712,2,EA,1,100,0.559836
1752172759.634071,365173.500,58735,2,EA,1,100,0.559386
1752172759.700572,365240.000,58735,2,EA,1,100,0.559476
1752172759.767572,365307.000,58751,1,EA,1,100,0.559971
1752172759.834073,365373.500,58766,2,EA,1,100,0.560376
1752172759.900573,365440.000,58766,2,EA,1,100,0.560151
1752172759.967574,365507.000,58782,1,EA,1,100,0.560196
1752172760.034074,365573.500,58800,2,EA,1,100,0.560331
1752172760.100575,365640.000,58800,2,EA,1,100,0.560647
1752172760.167576,365707.000,58816,1,EA,1,100,0.560918
1752172760.234076,365773.500,58833,2,EA,1,100,0.561099
1752172760.300577,365840.000,58833,2,EA,1,100,0.561099
1752172760.367577,365907.000,58850,1,EA,1,100,0.561099
1752172760.434078,365973.500,58867,2,EA,1,100,0.561280
1752172760.500578,366040.000,58867,2,EA,1,100,0.561416
1752172760.567579,366107.000,58883,1,EA,1,100,0.561552
1752172760.634079,366173.500,58900,2,EA,1,100,0.561687
1752172760.700580,366240.000,58900,2,EA,1,100,0.561914
1752172760.767580,366307.000,58915,1,EA,1,100,0.561914
1752172760.834081,366373.500,58932,2,EA,1,100,0.562096
1752172760.900581,366440.000,58932,2,EA,1,100,0.562368
1752172760.967082,366506.500,58951,2,EA,1,100,0.562504
1752172761.033583,366573.000,58951,2,EA,1,100,0.562459
1752172761.100583,366640.000,58968,1,EA,1,100,0.562550
1752172761.167084,366706.500,58982,2,EA,1,100,0.562640
1752172761.233584,366773.000,58982,2,EA,1,100,0.562823
1752172761.300585,366840.000,58999,1,EA,1,100,0.563005
1752172761.367085,366906.500,59018,2,EA,1,100,0.563141
1752172761.433586,366973.000,59018,2,EA,1,100,0.563141
1752172761.500586,367040.000,59035,1,EA,1,100,0.563506
1752172761.567087,367106.500,59051,2,EA,1,100,0.563962
1752172761.633587,367173.000,59051,2,EA,1,100,0.564099
1752172761.700588,367240.000,59071,1,EA,1,100,0.563962
1752172761.767089,367306.500,59087,2,EA,1,100,0.564694
1752172761.833589,367373.000,59087,2,EA,1,100,0.564374
1752172761.900590,367440.000,59104,1,EA,1,100,0.564420
1752172761.967090,367506.500,59119,2,EA,1,100,0.564694
1752172762.033591,367573.000,59119,2,EA,1,100,0.564786
1752172762.100591,367640.000,59136,1,EA,1,100,0.564877
1752172762.167092,367706.500,59154,2,EA,1,100,0.564969
1752172762.233592,367773.000,59154,2,EA,1,100,0.564969
1752172762.300593,367840.000,59171,1,EA,1,100,0.565061
1752172762.367093,367906.500,59186,2,EA,1,100,0.564969
1752172762.433594,367973.000,59186,2,EA,1,100,0.565382
1752172762.500594,368040.000,59203,1,EA,1,100,0.565520
1752172762.567095,368106.500,59219,2,EA,1,100,0.565841
1752172762.633596,368173.000,59219,2,EA,1,100,0.565888
1752172762.700596,368240.000,59239,1,EA,1,100,0.565933
1752172762.767097,368306.500,59254,2,EA,1,100,0.565750
1752172762.833597,368373.000,59254,2,EA,1,100,0.565933
1752172762.900598,368440.000,59270,1,EA,1,100,0.565933
1752172762.967098,368506.500,59287,2,EA,1,100,0.566163
1752172763.033599,368573.000,59287,2,EA,1,100,0.566348
1752172763.100599,368640.000,59304,1,EA,1,100,0.566532
1752172763.167100,368706.500,59319,2,EA,1,100,0.566901
1752172763.233600,368773.000,59319,2,EA,1,100,0.566348
1752172763.300101,368839.500,59338,2,EA,1,100,0.566624
1752172763.366602,368906.000,59338,2,EA,1,100,0.566809
1752172763.433602,368973.000,59354,1,EA,1,100,0.566578
1752172763.500103,369039.500,59371,2,EA,1,100,0.567086
1752172763.566603,369106.000,59371,2,EA,1,100,0.567271
1752172763.633604,369173.000,59387,1,EA,1,100,0.567548
1752172763.700104,369239.500,59403,2,EA,1,100,0.567872
1752172763.766605,369306.000,59403,2,EA,1,100,0.567132
1752172763.833605,369373.000,59421,1,EA,1,100,0.567548
1752172763.900106,369439.500,59438,2,EA,1,100,0.568521
1752172763.966606,369506.000,59438,2,EA,1,100,0.567317
1752172764.033607,369573.000,59455,1,EA,1,100,0.567872
1752172764.100107,369639.500,59470,2,EA,1,100,0.568011
1752172764.166608,369706.000,59470,2,EA,1,100,0.567918
1752172764.233609,369773.000,59486,1,EA,1,100,0.568382
1752172764.300109,369839.500,59504,2,EA,1,100,0.567779
1752172764.366610,369906.000,59504,2,EA,1,100,0.568521
1752172764.433610,369973.000,59522,1,EA,1,100,0.569358
1752172764.500111,370039.500,59537,2,EA,1,100,0.566993
1752172764.566611,370106.000,59537,2,EA,1,100,0.567965
1752172764.633612,370173.000,59553,1,EA,1,100,0.569032
1752172764.700112,370239.500,59578,2,EA,1,100,0.570011
1752172764.766613,370306.000,59578,2,EA,1,100,0.570385
1752172764.833113,370372.500,59594,2,EA,1,100,0.567271
1752172764.899614,370439.000,59594,2,EA,1,100,0.568661
1752172764.966615,370506.000,59613,1,EA,1,100,0.570899
1752172765.033115,370572.500,59629,2,EA,1,100,0.567040
1752172765.099616,370639.000,59629,2,EA,1,100,0.568475
1752172765.166616,370706.000,59645,2,EA,1,100,0.569358
1752172765.233617,370773.000,59645,2,EA,1,100,0.569452
1752172765.299617,370839.000,59661,1,EA,1,100,0.571180
1752172765.366618,370906.000,59679,2,EA,1,100,0.569172
1752172765.433618,370973.000,59679,2,EA,1,100,0.567548
1752172765.499619,371039.000,59697,1,EA,1,100,0.572824
1752172765.566619,371106.000,59712,2,EA,1,100,0.567872
1752172765.633620,371173.000,59712,2,EA,1,100,0.567132
1752172765.699621,371239.000,59729,1,EA,1,100,0.569498
1752172765.766621,371306.000,59746,2,EA,1,100,0.570852
1752172765.833622,371373.000,59746,2,EA,1,100,0.572919
1752172765.899622,371439.000,59762,1,EA,1,100,0.571414
1752172765.966623,371506.000,59780,2,EA,1,100,0.567271
1752172766.033623,371573.000,59780,2,EA,1,100,0.571743
1752172766.099624,371639.000,59796,1,EA,1,100,0.570945
1752172766.166624,371706.000,59813,2,EA,1,100,0.566071
1752172766.233625,371773.000,59813,2,EA,1,100,0.569591
1752172766.299625,371839.000,59829,1,EA,1,100,0.570525
1752172766.366626,371906.000,59847,2,EA,1,100,0.572542
1752172766.433626,371973.000,59847,2,EA,1,100,0.573580
1752172766.499627,372039.000,59863,1,EA,1,100,0.567918
1752172766.566628,372106.000,59882,2,EA,1,100,0.571274
1752172766.633628,372173.000,59882,2,EA,1,100,0.576143
1752172766.699629,372239.000,59899,1,EA,1,100,0.566763
1752172766.766629,372306.000,59914,2,EA,1,100,0.568939
1752172766.833630,372373.000,59914,2,EA,1,100,0.571086
1752172766.899630,372439.000,59930,1,EA,1,100,0.573485
1752172766.966631,372506.000,59948,2,EA,1,100,0.575714
1752172767.033631,372573.000,59948,2,EA,1,100,0.570011
1752172767.100632,372640.000,59966,1,EA,1,100,0.570805
1752172767.167132,372706.500,59982,2,EA,1,100,0.572731
1752172767.233633,372773.000,59982,2,EA,1,100,0.566717
1752172767.299634,372839.000,59997,1,EA,1,100,0.564282
1752172767.366634,372906.000,60015,2,EA,1,100,0.569591
1752172767.433635,372973.000,60015,2,EA,1,100,0.572636
1752172767.500135,373039.500,60031,2,EA,1,100,0.575476
1752172767.566636,373106.000,60031,2,EA,1,100,0.572636
1752172767.633636,373173.000,60048,1,EA,1,100,0.568893
1752172767.700137,373239.500,60065,2,EA,1,100,0.571461
1752172767.766637,373306.000,60065,2,EA,1,100,0.561009
1752172767.833638,373373.000,60082,1,EA,1,100,0.559791
1752172767.900138,373439.500,60098,2,EA,1,100,0.567455
1752172767.966639,373506.000,60098,2,EA,1,100,0.572260
1752172768.032639,373572.000,60116,1,EA,1,100,0.579934
1752172768.099640,373639.000,60130,2,EA,1,100,0.576668
1752172768.166641,373706.000,60130,2,EA,1,100,0.573674
1752172768.232641,373772.000,60147,1,EA,1,100,0.583335
1752172768.299642,373839.000,60166,2,EA,1,100,0.571743
1752172768.366642,373906.000,60166,2,EA,1,100,0.563460
1752172768.432643,373972.000,60183,1,EA,1,100,0.572636
1752172768.499643,374039.000,60197,2,EA,1,100,0.579258
1752172768.566644,374106.000,60197,2,EA,1,100,0.585740
1752172768.632644,374172.000,60214,1,EA,1,100,0.584020
1752172768.699645,374239.000,60233,2,EA,1,100,0.577625
1752172768.766645,374306.000,60233,2,EA,1,100,0.581873
1752172768.832646,374372.000,60250,1,EA,1,100,0.580127
1752172768.899647,374439.000,60266,2,EA,1,100,0.566486
1752172768.966647,374506.000,60266,2,EA,1,100,0.572401
1752172769.032648,374572.000,60284,1,EA,1,100,0.581192
1752172769.099648,374639.000,60300,2,EA,1,100,0.585691
1752172769.166649,374706.000,60300,2,EA,1,100,0.587222
1752172769.232649,374772.000,60319,1,EA,1,100,0.581338
1752172769.299650,374839.000,60334,2,EA,1,100,0.583531
1752172769.366650,374906.000,60334,2,EA,1,100,0.585592
1752172769.432651,374972.000,60355,1,EA,1,100,0.578104
1752172769.499651,375039.000,60371,2,EA,1,100,0.577098
1752172769.566652,375106.000,60371,2,EA,1,100,0.581532
1752172769.633153,375172.500,60389,2,EA,1,100,0.583384
1752172769.699653,375239.000,60389,2,EA,1,100,0.584413
1752172769.766654,375306.000,60407,1,EA,1,100,0.582457
1752172769.833154,375372.500,60427,2,EA,1,100,0.581047
1752172769.899655,375439.000,60427,2,EA,1,100,0.582652
1752172769.966155,375505.500,60444,2,EA,1,100,0.580708
1752172770.032656,375572.000,60444,2,EA,1,100,0.577193
1752172770.099656,375639.000,60463,1,EA,1,100,0.579355
1752172770.166157,375705.500,60479,2,EA,1,100,0.581144
1752172770.232657,375772.000,60479,2,EA,1,100,0.581727
1752172770.299658,375839.000,60496,1,EA,1,100,0.581630
1752172770.366158,375905.500,60512,2,EA,1,100,0.580514
1752172770.432659,375972.000,60512,2,EA,1,100,0.581241
1752172770.499660,376039.000,60528,1,EA,1,100,0.581873
1752172770.566160,376105.500,60546,2,EA,1,100,0.581192
1752172770.632661,376172.000,60546,2,EA,1,100,0.580127
1752172770.699661,376239.000,60564,1,EA,1,100,0.580176
1752172770.766162,376305.500,60579,2,EA,1,100,0.580950
1752172770.832662,376372.000,60579,2,EA,1,100,0.581144
1752172770.899663,376439.000,60595,2,EA,1,100,0.581824
1752172770.966663,376506.000,60595,2,EA,1,100,0.581484
1752172771.032664,376572.000,60612,1,EA,1,100,0.581096
1752172771.099664,376639.000,60629,2,EA,1,100,0.581581
1752172771.166665,376706.000,60629,2,EA,1,100,0.581581
1752172771.232666,376772.000,60647,1,EA,1,100,0.581241
1752172771.299666,376839.000,60663,2,EA,1,100,0.581096
1752172771.366667,376906.000,60663,2,EA,1,100,0.581678
1752172771.432667,376972.000,60681,1,EA,1,100,0.581775
1752172771.499668,377039.000,60698,2,EA,1,100,0.581775
1752172771.566668,377106.000,60698,2,EA,1,100,0.581824
1752172771.632669,377172.000,60714,1,EA,1,100,0.581970
1752172771.699669,377239.000,60732,2,EA,1,100,0.582311
1752172771.766670,377306.000,60732,2,EA,1,100,0.582311
1752172771.832670,377372.000,60748,1,EA,1,100,0.582457
1752172771.899671,377439.000,60765,2,EA,1,100,0.582359
1752172771.966671,377506.000,60765,2,EA,1,100,0.582798
1752172772.032672,377572.000,60782,1,EA,1,100,0.583042
1752172772.099173,377638.500,60797,2,EA,1,100,0.583384
1752172772.165673,377705.000,60797,2,EA,1,100,0.582993
1752172772.232674,377772.000,60813,1,EA,1,100,0.583091
1752172772.299674,377839.000,60833,2,EA,1,100,0.583531
1752172772.366675,377906.000,60833,2,EA,1,100,0.583189
1752172772.432675,377972.000,60849,1,EA,1,100,0.583042
1752172772.499176,378038.500,60864,2,EA,1,100,0.583287
1752172772.565676,378105.000,60864,2,EA,1,100,0.583531
1752172772.632677,378172.000,60880,1,EA,1,100,0.583628
1752172772.699177,378238.500,60898,2,EA,1,100,0.583776
1752172772.765678,378305.000,60898,2,EA,1,100,0.583873
1752172772.832679,378372.000,60914,1,EA,1,100,0.583776
1752172772.899179,378438.500,60931,2,EA,1,100,0.584069
1752172772.965680,378505.000,60931,2,EA,1,100,0.584118
1752172773.032680,378572.000,60948,1,EA,1,100,0.584560
1752172773.099181,378638.500,60965,2,EA,1,100,0.584609
1752172773.165681,378705.000,60965,2,EA,1,100,0.584609
1752172773.232682,378772.000,60981,1,EA,1,100,0.584952
1752172773.299182,378838.500,60998,2,EA,1,100,0.585248
1752172773.365683,378905.000,60998,2,EA,1,100,0.585444
1752172773.432683,378972.000,61013,2,EA,1,100,0.585789
1752172773.499684,379039.000,61013,2,EA,1,100,0.585494
1752172773.565684,379105.000,61032,1,EA,1,100,0.585297
1752172773.632685,379172.000,61049,2,EA,1,100,0.585494
1752172773.699686,379239.000,61049,2,EA,1,100,0.585100
1752172773.765686,379305.000,61066,1,EA,1,100,0.585444
1752172773.832687,379372.000,61080,2,EA,1,100,0.586430
1752172773.899687,379439.000,61080,2,EA,1,100,0.586184
1752172773.965688,379505.000,61097,1,EA,1,100,0.586381
1752172774.032688,379572.000,61114,2,EA,1,100,0.586727
1752172774.099689,379639.000,61114,2,EA,1,100,0.586529
1752172774.165689,379705.000,61133,1,EA,1,100,0.586579
1752172774.232690,379772.000,61147,2,EA,1,100,0.587519
1752172774.299690,379839.000,61147,2,EA,1,100,0.586332
1752172774.365691,379905.000,61165,1,EA,1,100,0.585100
1752172774.432692,379972.000,61181,2,EA,1,100,0.586876
1752172774.499692,380039.000,61181,2,EA,1,100,0.587321
1752172774.565693,380105.000,61198,1,EA,1,100,0.588015
1752172774.632193,380171.500,61213,2,EA,1,100,0.588961
1752172774.698694,380238.000,61213,2,EA,1,100,0.587073
1752172774.765694,380305.000,61232,1,EA,1,100,0.587272
1752172774.832195,380371.500,61248,2,EA,1,100,0.588662
1752172774.898695,380438.000,61248,2,EA,1,100,0.584707
1752172774.965696,380505.000,61271,2,EA,1,100,0.583971
1752172775.032696,380572.000,61271,2,EA,1,100,0.587073
1752172775.098697,380638.000,61287,1,EA,1,100,0.588712
1752172775.165698,380705.000,61303,2,EA,1,100,0.589859
1752172775.232698,380772.000,61303,2,EA,1,100,0.591161
1752172775.299199,380838.500,61319,2,EA,1,100,0.587619
1752172775.365699,380905.000,61319,2,EA,1,100,0.589509
1752172775.432700,380972.000,61338,1,EA,1,100,0.593631
1752172775.499200,381038.500,61356,2,EA,1,100,0.586085
1752172775.565701,381105.000,61356,2,EA,1,100,0.576429
1752172775.632701,381172.000,61373,1,EA,1,100,0.584069
1752172775.699202,381238.500,61388,2,EA,1,100,0.589260
1752172775.765702,381305.000,61388,2,EA,1,100,0.592721
1752172775.832703,381372.000,61405,1,EA,1,100,0.595458
1752172775.899203,381438.500,61421,2,EA,1,100,0.589659
1752172775.965704,381505.000,61421,2,EA,1,100,0.587519
1752172776.032705,381572.000,61441,1,EA,1,100,0.597759
1752172776.099205,381638.500,61455,2,EA,1,100,0.590459
1752172776.165706,381705.000,61455,2,EA,1,100,0.581581
1752172776.232706,381772.000,61472,1,EA,1,100,0.576191
1752172776.299207,381838.500,61489,2,EA,1,100,0.586975
1752172776.365707,381905.000,61489,2,EA,1,100,0.593277
1752172776.432708,381972.000,61508,1,EA,1,100,0.595458
1752172776.499208,382038.500,61522,2,EA,1,100,0.593428
1752172776.565709,382105.000,61522,2,EA,1,100,0.591311
1752172776.632709,382172.000,61541,1,EA,1,100,0.595408
1752172776.699210,382238.500,61560,2,EA,1,100,0.596223
1752172776.765711,382305.000,61560,2,EA,1,100,0.593783
1752172776.832711,382372.000,61577,1,EA,1,100,0.590509
1752172776.899212,382438.500,61591,2,EA,1,100,0.584265
1752172776.965712,382505.000,61591,2,EA,1,100,0.589459
1752172777.032713,382572.000,61609,1,EA,1,100,0.594188
1752172777.099213,382638.500,61625,2,EA,1,100,0.591412
1752172777.165714,382705.000,61625,2,EA,1,100,0.590309
1752172777.232714,382772.000,61642,1,EA,1,100,0.594391
1752172777.299215,382838.500,61662,2,EA,1,100,0.599922
1752172777.365715,382905.000,61662,2,EA,1,100,0.592015
1752172777.432716,382972.000,61678,1,EA,1,100,0.582554
1752172777.499216,383038.500,61694,2,EA,1,100,0.588761
1752172777.565717,383105.000,61694,2,EA,1,100,0.592368
1752172777.632718,383172.000,61711,1,EA,1,100,0.596121
1752172777.699218,383238.500,61727,2,EA,1,100,0.598787
1752172777.765719,383305.000,61727,2,EA,1,100,0.593074
1752172777.832219,383371.500,61743,2,EA,1,100,0.590509
1752172777.898720,383438.000,61743,2,EA,1,100,0.592368
1752172777.965720,383505.000,61761,1,EA,1,100,0.582945
1752172778.032221,383571.500,61779,2,EA,1,100,0.589959
1752172778.098721,383638.000,61779,2,EA,1,100,0.595560
1752172778.165722,383705.000,61795,1,EA,1,100,0.597502
1752172778.232222,383771.500,61810,2,EA,1,100,0.597759
1752172778.298723,383838.000,61810,2,EA,1,100,0.596530
1752172778.365724,383905.000,61827,1,EA,1,100,0.597811
1752172778.432224,383971.500,61848,2,EA,1,100,0.593277
1752172778.498725,384038.000,61848,2,EA,1,100,0.594747
1752172778.565725,384105.000,61864,1,EA,1,100,0.595560
1752172778.632226,384171.500,61880,2,EA,1,100,0.595306
1752172778.698726,384238.000,61880,2,EA,1,100,0.596939
1752172778.765727,384305.000,61898,1,EA,1,100,0.595408
1752172778.832227,384371.500,61915,2,EA,1,100,0.596734
1752172778.898728,384438.000,61915,2,EA,1,100,0.594493
1752172778.965728,384505.000,61931,1,EA,1,100,0.594391
1752172779.032229,384571.500,61949,2,EA,1,100,0.596275
1752172779.098729,384638.000,61949,2,EA,1,100,0.596376
1752172779.165730,384705.000,61965,1,EA,1,100,0.597042
1752172779.232231,384771.500,61982,2,EA,1,100,0.596479
1752172779.298731,384838.000,61982,2,EA,1,100,0.596683
1752172779.365732,384905.000,61999,1,EA,1,100,0.597042
1752172779.432232,384971.500,62014,2,EA,1,100,0.596019
1752172779.498733,385038.000,62014,2,EA,1,100,0.595153
1752172779.565733,385105.000,62030,1,EA,1,100,0.592519
1752172779.632234,385171.500,62050,2,EA,1,100,0.590659
1752172779.698734,385238.000,62050,2,EA,1,100,0.592166
1752172779.765735,385305.000,62066,1,EA,1,100,0.595713
1752172779.832235,385371.500,62082,2,EA,1,100,0.597708
1752172779.898736,385438.000,62082,2,EA,1,100,0.597759
1752172779.965737,385505.000,62097,1,EA,1,100,0.597144
1752172780.032404,385571.667,62122,3,EA,1,100,0.597502
1752172780.099071,385638.333,62122,3,EA,1,100,0.597708
1752172780.165738,385705.000,62122,3,EA,1,100,0.597042
1752172780.232739,385772.000,62138,1,EA,1,100,0.597195
1752172780.299239,385838.500,62156,2,EA,1,100,0.597605
1752172780.365740,385905.000,62156,2,EA,1,100,0.597964
1752172780.431740,385971.000,62172,1,EA,1,100,0.598324
1752172780.498741,386038.000,62187,2,EA,1,100,0.598530
1752172780.565741,386105.000,62187,2,EA,1,100,0.598273
1752172780.631742,386171.000,62203,1,EA,1,100,0.598581
1752172780.698743,386238.000,62223,2,EA,1,100,0.598684
1752172780.765743,386305.000,62223,2,EA,1,100,0.599045
1752172780.831744,386371.000,62239,1,EA,1,100,0.599303
1752172780.898744,386438.000,62256,2,EA,1,100,0.599251
1752172780.965745,386505.000,62256,2,EA,1,100,0.599922
1752172781.031745,386571.000,62273,1,EA,1,100,0.599974
1752172781.098746,386638.000,62292,2,EA,1,100,0.600129
1752172781.165746,386705.000,62292,2,EA,1,100,0.599922
1752172781.231747,386771.000,62310,1,EA,1,100,0.600232
1752172781.298747,386838.000,62326,2,EA,1,100,0.600336
1752172781.365748,386905.000,62326,2,EA,1,100,0.600284
1752172781.431748,386971.000,62344,1,EA,1,100,0.600491
1752172781.498249,387037.500,62361,2,EA,1,100,0.600699
1752172781.564750,387104.000,62361,2,EA,1,100,0.600854
1752172781.631750,387171.000,62377,1,EA,1,100,0.601581
1752172781.698251,387237.500,62396,2,EA,1,100,0.601685
1752172781.764751,387304.000,62396,2,EA,1,100,0.601010
1752172781.831752,387371.000,62411,2,EA,1,100,0.601113
1752172781.898752,387438.000,62411,2,EA,1,100,0.601737
1752172781.964753,387504.000,62430,1,EA,1,100,0.601633
1752172782.031753,387571.000,62447,2,EA,1,100,0.600543
1752172782.098754,387638.000,62447,2,EA,1,100,0.600699
1752172782.164754,387704.000,62464,1,EA,1,100,0.601425
1752172782.231755,387771.000,62478,2,EA,1,100,0.601893
1752172782.298756,387838.000,62478,2,EA,1,100,0.602206
1752172782.364756,387904.000,62496,1,EA,1,100,0.602831
1752172782.431757,387971.000,62512,2,EA,1,100,0.602935
1752172782.498757,388038.000,62512,2,EA,1,100,0.602049
1752172782.564758,388104.000,62529,1,EA,1,100,0.602049
1752172782.631758,388171.000,62546,2,EA,1,100,0.602623
1752172782.698759,388238.000,62546,2,EA,1,100,0.602935
1752172782.764759,388304.000,62563,1,EA,1,100,0.603249
1752172782.831760,388371.000,62579,2,EA,1,100,0.603563
1752172782.898760,388438.000,62579,2,EA,1,100,0.603406
1752172782.964761,388504.000,62596,1,EA,1,100,0.603197
1752172783.031761,388571.000,62611,2,EA,1,100,0.603197
1752172783.098762,388638.000,62611,2,EA,1,100,0.603667
1752172783.164763,388704.000,62628,1,EA,1,100,0.603772
1752172783.231763,388771.000,62646,2,EA,1,100,0.604034
1752172783.298764,388838.000,62646,2,EA,1,100,0.604768
1752172783.364764,388904.000,62664,1,EA,1,100,0.604139
1752172783.431765,388971.000,62678,2,EA,1,100,0.604244
1752172783.498765,389038.000,62678,2,EA,1,100,0.604559
1752172783.564766,389104.000,62695,1,EA,1,100,0.604454
1752172783.631766,389171.000,62712,2,EA,1,100,0.604716
1752172783.698767,389238.000,62712,2,EA,1,100,0.604611
1752172783.764767,389304.000,62731,1,EA,1,100,0.604611
1752172783.831768,389371.000,62746,2,EA,1,100,0.604506
1752172783.898769,389438.000,62746,2,EA,1,100,0.604611
1752172783.964769,389504.000,62762,1,EA,1,100,0.605189
1752172784.031770,389571.000,62779,2,EA,1,100,0.605031
1752172784.098770,389638.000,62779,2,EA,1,100,0.605189
1752172784.164771,389704.000,62796,1,EA,1,100,0.605294
1752172784.231771,389771.000,62811,2,EA,1,100,0.605242
1752172784.298772,389838.000,62811,2,EA,1,100,0.605610
1752172784.365272,389904.500,62830,2,EA,1,100,0.605821
1752172784.431773,389971.000,62830,2,EA,1,100,0.605768
1752172784.498773,390038.000,62846,1,EA,1,100,0.605768
1752172784.565274,390104.500,62863,2,EA,1,100,0.605821
1752172784.631775,390171.000,62863,2,EA,1,100,0.605768
1752172784.697775,390237.000,62880,1,EA,1,100,0.606085
1752172784.764776,390304.000,62895,2,EA,1,100,0.606296
1752172784.831776,390371.000,62895,2,EA,1,100,0.606138
1752172784.897777,390437.000,62911,1,EA,1,100,0.606454
1752172784.964777,390504.000,62931,2,EA,1,100,0.606296
1752172785.031778,390571.000,62931,2,EA,1,100,0.606930
1752172785.097778,390637.000,62947,1,EA,1,100,0.606771
1752172785.164779,390704.000,62967,2,EA,1,100,0.606930
1752172785.231779,390771.000,62967,2,EA,1,100,0.606666
1752172785.298280,390837.500,62984,2,EA,1,100,0.606877
1752172785.364780,390904.000,62984,2,EA,1,100,0.607142
1752172785.431781,390971.000,63000,1,EA,1,100,0.607565
1752172785.498282,391037.500,63018,2,EA,1,100,0.607565
1752172785.564782,391104.000,63018,2,EA,1,100,0.607831
1752172785.631783,391171.000,63035,1,EA,1,100,0.608096
1752172785.698283,391237.500,63051,2,EA,1,100,0.607831
1752172785.764784,391304.000,63051,2,EA,1,100,0.607778
1752172785.831284,391370.500,63067,2,EA,1,100,0.608202
1752172785.897785,391437.000,63067,2,EA,1,100,0.608362
1752172785.964785,391504.000,63083,1,EA,1,100,0.608734
1752172786.031286,391570.500,63101,2,EA,1,100,0.608522
1752172786.097786,391637.000,63101,2,EA,1,100,0.608468
1752172786.164787,391704.000,63117,1,EA,1,100,0.608202
1752172786.231288,391770.500,63134,2,EA,1,100,0.609054
1752172786.297788,391837.000,63134,2,EA,1,100,0.608575
1752172786.364789,391904.000,63151,1,EA,1,100,0.608681
1752172786.431289,391970.500,63170,2,EA,1,100,0.609321
1752172786.497790,392037.000,63170,2,EA,1,100,0.609214
1752172786.564790,392104.000,63186,1,EA,1,100,0.609054
1752172786.631291,392170.500,63202,2,EA,1,100,0.609587
1752172786.697791,392237.000,63202,2,EA,1,100,0.609480
1752172786.764792,392304.000,63218,1,EA,1,100,0.609640
1752172786.831292,392370.500,63235,2,EA,1,100,0.609587
1752172786.897793,392437.000,63235,2,EA,1,100,0.609747
1752172786.964793,392504.000,63253,1,EA,1,100,0.609907
1752172787.031294,392570.500,63269,2,EA,1,100,0.609961
1752172787.097795,392637.000,63269,2,EA,1,100,0.610014
1752172787.164795,392704.000,63285,1,EA,1,100,0.610389
1752172787.231296,392770.500,63302,2,EA,1,100,0.610389
1752172787.297796,392837.000,63302,2,EA,1,100,0.610657
1752172787.364797,392904.000,63319,1,EA,1,100,0.610657
1752172787.431297,392970.500,63334,2,EA,1,100,0.610871
1752172787.497798,393037.000,63334,2,EA,1,100,0.610763
1752172787.564798,393104.000,63350,1,EA,1,100,0.610978
1752172787.631299,393170.500,63370,2,EA,1,100,0.611085
1752172787.697799,393237.000,63370,2,EA,1,100,0.611461
1752172787.764800,393304.000,63386,1,EA,1,100,0.611515
1752172787.831301,393370.500,63402,2,EA,1,100,0.611568
1752172787.897801,393437.000,63402,2,EA,1,100,0.611730
1752172787.964302,393503.500,63418,2,EA,1,100,0.612106
1752172788.030802,393570.000,63418,2,EA,1,100,0.611676
1752172788.097803,393637.000,63435,1,EA,1,100,0.611783
1752172788.164303,393703.500,63451,2,EA,1,100,0.612106
1752172788.230804,393770.000,63451,2,EA,1,100,0.612321
1752172788.297804,393837.000,63470,1,EA,1,100,0.612160
1752172788.364305,393903.500,63485,2,EA,1,100,0.612375
1752172788.430805,393970.000,63485,2,EA,1,100,0.612160
1752172788.497806,394037.000,63502,1,EA,1,100,0.612268
1752172788.564306,394103.500,63518,2,EA,1,100,0.612914
1752172788.630807,394170.000,63518,2,EA,1,100,0.613184
1752172788.697808,394237.000,63536,1,EA,1,100,0.613508
1752172788.764308,394303.500,63550,2,EA,1,100,0.613724
1752172788.830809,394370.000,63550,2,EA,1,100,0.613400
1752172788.897809,394437.000,63569,1,EA,1,100,0.613779
1752172788.964310,394503.500,63586,2,EA,1,100,0.614158
1752172789.030810,394570.000,63586,2,EA,1,100,0.613779
1752172789.097811,394637.000,63603,1,EA,1,100,0.613941
1752172789.164311,394703.500,63617,2,EA,1,100,0.614212
1752172789.230812,394770.000,63617,2,EA,1,100,0.614049
1752172789.297812,394837.000,63634,1,EA,1,100,0.614266
1752172789.364313,394903.500,63651,2,EA,1,100,0.614646
1752172789.430814,394970.000,63651,2,EA,1,100,0.614591
1752172789.497814,395037.000,63670,1,EA,1,100,0.614646
1752172789.564315,395103.500,63684,2,EA,1,100,0.614537
1752172789.630815,395170.000,63684,2,EA,1,100,0.614700
1752172789.697816,395237.000,63702,1,EA,1,100,0.614591
1752172789.764316,395303.500,63718,2,EA,1,100,0.614863
1752172789.830817,395370.000,63718,2,EA,1,100,0.615134
1752172789.897817,395437.000,63735,1,EA,1,100,0.615297
1752172789.964318,395503.500,63751,2,EA,1,100,0.615624
1752172790.030818,395570.000,63751,2,EA,1,100,0.615678
1752172790.097819,395637.000,63767,1,EA,1,100,0.615842
1752172790.164320,395703.500,63785,2,EA,1,100,0.615788
1752172790.230820,395770.000,63785,2,EA,1,100,0.616060
1752172790.297821,395837.000,63808,2,EA,1,100,0.615896
1752172790.364821,395904.000,63808,2,EA,1,100,0.616168
1752172790.431322,395970.500,63824,2,EA,1,100,0.616387
1752172790.497822,396037.000,63824,2,EA,1,100,0.616278
1752172790.564823,396104.000,63841,1,EA,1,100,0.616441
1752172790.631323,396170.500,63856,2,EA,1,100,0.616551
1752172790.697824,396237.000,63856,2,EA,1,100,0.616606
1752172790.764824,396304.000,63875,1,EA,1,100,0.616933
1752172790.831325,396370.500,63891,2,EA,1,100,0.617043
1752172790.897825,396437.000,63891,2,EA,1,100,0.616714
1752172790.964826,396504.000,63908,1,EA,1,100,0.616879
1752172791.031327,396570.500,63923,2,EA,1,100,0.617043
1752172791.097827,396637.000,63923,2,EA,1,100,0.616879
1752172791.164828,396704.000,63940,1,EA,1,100,0.617207
1752172791.231328,396770.500,63956,2,EA,1,100,0.617645
1752172791.297829,396837.000,63956,2,EA,1,100,0.617426
1752172791.363829,396903.000,63976,1,EA,1,100,0.617535
1752172791.430830,396970.000,63993,2,EA,1,100,0.617261
1752172791.497830,397037.000,63993,2,EA,1,100,0.617371
1752172791.564331,397103.500,64009,2,EA,1,100,0.618083
1752172791.630831,397170.000,64009,2,EA,1,100,0.617809
1752172791.697832,397237.000,64026,1,EA,1,100,0.617809
1752172791.764333,397303.500,64043,2,EA,1,100,0.618303
1752172791.830833,397370.000,64043,2,EA,1,100,0.618138
1752172791.897834,397437.000,64059,1,EA,1,100,0.618413
1752172791.964334,397503.500,64077,2,EA,1,100,0.618907
1752172792.030835,397570.000,64077,2,EA,1,100,0.618358
1752172792.097835,397637.000,64093,1,EA,1,100,0.618413
1752172792.164336,397703.500,64110,2,EA,1,100,0.618632
1752172792.230836,397770.000,64110,2,EA,1,100,0.618963
1752172792.297837,397837.000,64126,1,EA,1,100,0.618907
1752172792.364337,397903.500,64142,2,EA,1,100,0.619348
1752172792.430838,397970.000,64142,2,EA,1,100,0.619458
1752172792.497838,398037.000,64158,1,EA,1,100,0.619348
1752172792.564339,398103.500,64177,2,EA,1,100,0.619624
1752172792.630840,398170.000,64177,2,EA,1,100,0.619844
1752172792.697840,398237.000,64194,1,EA,1,100,0.619789
1752172792.764341,398303.500,64209,2,EA,1,100,0.619844
1752172792.830841,398370.000,64209,2,EA,1,100,0.620286
1752172792.897842,398437.000,64225,1,EA,1,100,0.620396
1752172792.964342,398503.500,64243,2,EA,1,100,0.620286
1752172793.030843,398570.000,64243,2,EA,1,100,0.620286
1752172793.097843,398637.000,64261,1,EA,1,100,0.620452
1752172793.164344,398703.500,64276,2,EA,1,100,0.620784
1752172793.230844,398770.000,64276,2,EA,1,100,0.620784
1752172793.297845,398837.000,64292,1,EA,1,100,0.621338
1752172793.364346,398903.500,64310,2,EA,1,100,0.621171
1752172793.430846,398970.000,64310,2,EA,1,100,0.621393
1752172793.497847,399037.000,64326,1,EA,1,100,0.621560
1752172793.564347,399103.500,64342,2,EA,1,100,0.621781
1752172793.630848,399170.000,64342,2,EA,1,100,0.621726
1752172793.697848,399237.000,64360,1,EA,1,100,0.621781
1752172793.764349,399303.500,64377,2,EA,1,100,0.621893
1752172793.830849,399370.000,64377,2,EA,1,100,0.621893
1752172793.897850,399437.000,64393,1,EA,1,100,0.622004
1752172793.964350,399503.500,64410,2,EA,1,100,0.622616
1752172794.030851,399570.000,64410,2,EA,1,100,0.622560
1752172794.097351,399636.500,64425,2,EA,1,100,0.622393
1752172794.163852,399703.000,64425,2,EA,1,100,0.622782
1752172794.230853,399770.000,64442,1,EA,1,100,0.622782
1752172794.297353,399836.500,64461,2,EA,1,100,0.622727
1752172794.363854,399903.000,64461,2,EA,1,100,0.623229
1752172794.430854,399970.000,64478,1,EA,1,100,0.623229
1752172794.497355,400036.500,64492,2,EA,1,100,0.623396
1752172794.563855,400103.000,64492,2,EA,1,100,0.623564
1752172794.630856,400170.000,64509,1,EA,1,100,0.623731
1752172794.697356,400236.500,64526,2,EA,1,100,0.622727
1752172794.763857,400303.000,64526,2,EA,1,100,0.622504
1752172794.830857,400370.000,64543,1,EA,1,100,0.624123
1752172794.897358,400436.500,64559,2,EA,1,100,0.624907
1752172794.963859,400503.000,64559,2,EA,1,100,0.624515
1752172795.030859,400570.000,64577,1,EA,1,100,0.624907
1752172795.097360,400636.500,64593,2,EA,1,100,0.625131
1752172795.163860,400703.000,64593,2,EA,1,100,0.625412
1752172795.230861,400770.000,64610,1,EA,1,100,0.625131
1752172795.297361,400836.500,64625,2,EA,1,100,0.624795
1752172795.363862,400903.000,64625,2,EA,1,100,0.624683
1752172795.430362,400969.500,64649,2,EA,1,100,0.625243
1752172795.496863,401036.000,64649,2,EA,1,100,0.625637
1752172795.563863,401103.000,64665,2,EA,1,100,0.625356
1752172795.630864,401170.000,64665,2,EA,1,100,0.625468
1752172795.696865,401236.000,64683,1,EA,1,100,0.625749
1752172795.763865,401303.000,64699,2,EA,1,100,0.625974
1752172795.830866,401370.000,64699,2,EA,1,100,0.625693
1752172795.896866,401436.000,64716,1,EA,1,100,0.625749
1752172795.963867,401503.000,64731,2,EA,1,100,0.626312
1752172796.030867,401570.000,64731,2,EA,1,100,0.626538
1752172796.096868,401636.000,64748,1,EA,1,100,0.626820
1752172796.163868,401703.000,64766,2,EA,1,100,0.626200
1752172796.230869,401770.000,64766,2,EA,1,100,0.626256
1752172796.296869,401836.000,64783,1,EA,1,100,0.626594
1752172796.363870,401903.000,64800,2,EA,1,100,0.626933
1752172796.430870,401970.000,64800,2,EA,1,100,0.626369
1752172796.496871,402036.000,64817,1,EA,1,100,0.626933
1752172796.563872,402103.000,64833,2,EA,1,100,0.627667
1752172796.630872,402170.000,64833,2,EA,1,100,0.627611
1752172796.696873,402236.000,64851,1,EA,1,100,0.627384
1752172796.763873,402303.000,64865,2,EA,1,100,0.627611
1752172796.830874,402370.000,64865,2,EA,1,100,0.627667
1752172796.896874,402436.000,64884,1,EA,1,100,0.627724
1752172796.963875,402503.000,64901,2,EA,1,100,0.627215
1752172797.030875,402570.000,64901,2,EA,1,100,0.627498
1752172797.096876,402636.000,64918,1,EA,1,100,0.568986
1752172797.163876,402703.000,64932,2,EA,1,100,0.560692
1752172797.230877,402770.000,64932,2,EA,1,100,0.488435
1752172797.296878,402836.000,64949,1,EA,1,100,0.441762
1752172797.363878,402903.000,64966,2,EA,1,100,0.437021
1752172797.430879,402970.000,64966,2,EA,1,100,0.437212
1752172797.496879,403036.000,64985,1,EA,1,100,0.437021
1752172797.563880,403103.000,64999,2,EA,1,100,0.435708
1752172797.630880,403170.000,64999,2,EA,1,100,0.442295
1752172797.696881,403236.000,65017,1,EA,1,100,0.450247
1752172797.763881,403303.000,65033,2,EA,1,100,0.454984
1752172797.830882,403370.000,65033,2,EA,1,100,0.460918
1752172797.897382,403436.500,65050,2,EA,1,100,0.516096
1752172797.963883,403503.000,65050,2,EA,1,100,0.596223
1752172798.029883,403569.000,65069,1,EA,1,100,0.615624
1752172798.096884,403636.000,65084,2,EA,1,100,0.618358
1752172798.163885,403703.000,65084,2,EA,1,100,0.620562
1752172798.229885,403769.000,65100,1,EA,1,100,0.621893
1752172798.296886,403836.000,65118,2,EA,1,100,0.622894
1752172798.363886,403903.000,65118,2,EA,1,100,0.623731
1752172798.429887,403969.000,65136,1,EA,1,100,0.624347
1752172798.496887,404036.000,65151,2,EA,1,100,0.624907
1752172798.563888,404103.000,65151,2,EA,1,100,0.624963
1752172798.629888,404169.000,65169,1,EA,1,100,0.626031
1752172798.696889,404236.000,65187,2,EA,1,100,0.626650
1752172798.763889,404303.000,65187,2,EA,1,100,0.626369
1752172798.829890,404369.000,65203,1,EA,1,100,0.625974
1752172798.896891,404436.000,65218,2,EA,1,100,0.625749
1752172798.963891,404503.000,65218,2,EA,1,100,0.626820
1752172799.029892,404569.000,65235,1,EA,1,100,0.627724
1752172799.096892,404636.000,65252,2,EA,1,100,0.628744
1752172799.163893,404703.000,65252,2,EA,1,100,0.628915
1752172799.229893,404769.000,65270,1,EA,1,100,0.629085
1752172799.296894,404836.000,65286,2,EA,1,100,0.629199
1752172799.363894,404903.000,65286,2,EA,1,100,0.628744
1752172799.429895,404969.000,65302,1,EA,1,100,0.629085
1752172799.496895,405036.000,65319,2,EA,1,100,0.629597
1752172799.563896,405103.000,65319,2,EA,1,100,0.630053
1752172799.630897,405170.000,65335,1,EA,1,100,0.630224
1752172799.697397,405236.500,65351,2,EA,1,100,0.630110
1752172799.763898,405303.000,65351,2,EA,1,100,0.629825
1752172799.829898,405369.000,65369,1,EA,1,100,0.628858
1752172799.896899,405436.000,65386,2,EA,1,100,0.629768
1752172799.963899,405503.000,65386,2,EA,1,100,0.630395
1752172800.029900,405569.000,65403,1,EA,1,100,0.630738
1752172800.096900,405636.000,65419,2,EA,1,100,0.631081
1752172800.163901,405703.000,65419,2,EA,1,100,0.631367
1752172800.229901,405769.000,65434,1,EA,1,100,0.631711
1752172800.296902,405836.000,65452,2,EA,1,100,0.631940
1752172800.363902,405903.000,65452,2,EA,1,100,0.632227
1752172800.430403,405969.500,65468,2,EA,1,100,0.632285
1752172800.496904,406036.000,65468,2,EA,1,100,0.632457
1752172800.563404,406102.500,65492,2,EA,1,100,0.632399
1752172800.629905,406169.000,65492,2,EA,1,100,0.632572
1752172800.696905,406236.000,65509,1,EA,1,100,0.632399
1752172800.763406,406302.500,65524,2,EA,1,100,0.632399
1752172800.829906,406369.000,65524,2,EA,1,100,0.632285
1752172800.896907,406436.000,4,1,EA,1,100,0.632686
1752172800.963407,406502.500,22,2,EA,1,100,0.633320
1752172801.029908,406569.000,22,2,EA,1,100,0.633147
1752172801.096908,406636.000,40,1,EA,1,100,0.633032
1752172801.163409,406702.500,56,2,EA,1,100,0.633147
1752172801.229910,406769.000,56,2,EA,1,100,0.633147
1752172801.296910,406836.000,71,1,EA,1,100,0.633550
1752172801.363411,406902.500,91,2,EA,1,100,0.633781
1752172801.429911,406969.000,91,2,EA,1,100,0.633838
1752172801.496912,407036.000,107,1,EA,1,100,0.633954
1752172801.563412,407102.500,123,2,EA,1,100,0.634069
1752172801.629913,407169.000,123,2,EA,1,100,0.633493
1752172801.696413,407235.500,141,2,EA,1,100,0.633665
1752172801.762914,407302.000,141,2,EA,1,100,0.633954
1752172801.829914,407369.000,158,1,EA,1,100,0.634301
1752172801.896415,407435.500,174,2,EA,1,100,0.634301
1752172801.962915,407502.000,174,2,EA,1,100,0.634532
1752172802.029916,407569.000,192,1,EA,1,100,0.634995
1752172802.096417,407635.500,208,2,EA,1,100,0.635110
1752172802.162917,407702.000,208,2,EA,1,100,0.634995
1752172802.229918,407769.000,225,1,EA,1,100,0.635053
1752172802.296418,407835.500,246,2,EA,1,100,0.635516
1752172802.362919,407902.000,246,2,EA,1,100,0.635343
1752172802.429919,407969.000,263,1,EA,1,100,0.635400
1752172802.496420,408035.500,277,2,EA,1,100,0.635633
1752172802.562920,408102.000,277,2,EA,1,100,0.635284
1752172802.629921,408169.000,294,1,EA,1,100,0.635923
1752172802.696421,408235.500,311,2,EA,1,100,0.636388
1752172802.762922,408302.000,311,2,EA,1,100,0.635807
1752172802.829923,408369.000,328,1,EA,1,100,0.635923
1752172802.896423,408435.500,344,2,EA,1,100,0.636504
1752172802.962924,408502.000,344,2,EA,1,100,0.636737
1752172803.029924,408569.000,362,1,EA,1,100,0.636213
1752172803.096425,408635.500,378,2,EA,1,100,0.637145
1752172803.162925,408702.000,378,2,EA,1,100,0.637087
1752172803.229926,408769.000,395,1,EA,1,100,0.636853
1752172803.296426,408835.500,410,2,EA,1,100,0.637028
1752172803.362927,408902.000,410,2,EA,1,100,0.637436
1752172803.429927,408969.000,427,1,EA,1,100,0.637087
1752172803.496428,409035.500,445,2,EA,1,100,0.636621
1752172803.562928,409102.000,445,2,EA,1,100,0.636970
1752172803.629929,409169.000,462,1,EA,1,100,0.637436
1752172803.696430,409235.500,478,2,EA,1,100,0.637553
1752172803.762930,409302.000,478,2,EA,1,100,0.637728
1752172803.829931,409369.000,494,1,EA,1,100,0.638021
1752172803.896431,409435.500,510,2,EA,1,100,0.638547
1752172803.962932,409502.000,510,2,EA,1,100,0.638372
1752172804.029932,409569.000,528,2,EA,1,100,0.638488
1752172804.096933,409636.000,528,2,EA,1,100,0.638372
1752172804.162933,409702.000,546,1,EA,1,100,0.638313
1752172804.229934,409769.000,561,2,EA,1,100,0.638430
1752172804.296934,409836.000,561,2,EA,1,100,0.639016
1752172804.362935,409902.000,578,1,EA,1,100,0.638958
1752172804.429936,409969.000,595,2,EA,1,100,0.638840
1752172804.496936,410036.000,595,2,EA,1,100,0.639662
1752172804.562937,410102.000,611,1,EA,1,100,0.639603
1752172804.629937,410169.000,627,2,EA,1,100,0.639956
1752172804.696938,410236.000,627,2,EA,1,100,0.639838
1752172804.762938,410302.000,643,1,EA,1,100,0.639956
1752172804.829439,410368.500,662,2,EA,1,100,0.639721
1752172804.895939,410435.000,662,2,EA,1,100,0.640368
1752172804.962940,410502.000,678,1,EA,1,100,0.640544
1752172805.029440,410568.500,694,2,EA,1,100,0.640309
1752172805.095941,410635.000,694,2,EA,1,100,0.640250
1752172805.162941,410702.000,710,1,EA,1,100,0.640250
1752172805.229442,410768.500,727,2,EA,1,100,0.640780
1752172805.295943,410835.000,727,2,EA,1,100,0.640722
1752172805.362943,410902.000,744,1,EA,1,100,0.640604
1752172805.429444,410968.500,761,2,EA,1,100,0.640722
1752172805.495944,411035.000,761,2,EA,1,100,0.640899
1752172805.562945,411102.000,777,1,EA,1,100,0.641194
1752172805.629445,411168.500,800,2,EA,1,100,0.640722
1752172805.695946,411235.000,800,2,EA,1,100,0.640957
1752172805.762946,411302.000,816,1,EA,1,100,0.641430
1752172805.829447,411368.500,832,2,EA,1,100,0.641548
1752172805.895947,411435.000,832,2,EA,1,100,0.641548
1752172805.962948,411502.000,847,1,EA,1,100,0.641725
1752172806.029449,411568.500,867,2,EA,1,100,0.641666
1752172806.095949,411635.000,867,2,EA,1,100,0.641430
1752172806.162950,411702.000,883,2,EA,1,100,0.641430
1752172806.229950,411769.000,883,2,EA,1,100,0.641725
1752172806.295951,411835.000,900,1,EA,1,100,0.641785
1752172806.362951,411902.000,917,2,EA,1,100,0.642140
1752172806.429952,411969.000,917,2,EA,1,100,0.642792
1752172806.495952,412035.000,934,1,EA,1,100,0.642732
1752172806.562953,412102.000,950,2,EA,1,100,0.642258
1752172806.629953,412169.000,950,2,EA,1,100,0.642496
1752172806.695954,412235.000,970,1,EA,1,100,0.642910
1752172806.762955,412302.000,984,2,EA,1,100,0.643029
1752172806.829955,412369.000,984,2,EA,1,100,0.643267
1752172806.895956,412435.000,1001,1,EA,1,100,0.643564
1752172806.962956,412502.000,1018,2,EA,1,100,0.643862
1752172807.029957,412569.000,1018,2,EA,1,100,0.643921
1752172807.095957,412635.000,1035,1,EA,1,100,0.643683
1752172807.162958,412702.000,1051,2,EA,1,100,0.643862
1752172807.229958,412769.000,1051,2,EA,1,100,0.644279
1752172807.295959,412835.000,1068,1,EA,1,100,0.644398
1752172807.362959,412902.000,1085,2,EA,1,100,0.643802
1752172807.429960,412969.000,1085,2,EA,1,100,0.644279
1752172807.495960,413035.000,1102,1,EA,1,100,0.644279
1752172807.562961,413102.000,1116,2,EA,1,100,0.644756
1752172807.629962,413169.000,1116,2,EA,1,100,0.644816
1752172807.695962,413235.000,1134,1,EA,1,100,0.644696
1752172807.762963,413302.000,1152,2,EA,1,100,0.644935
1752172807.829963,413369.000,1152,2,EA,1,100,0.645115
1752172807.895964,413435.000,1169,1,EA,1,100,0.644995
1752172807.962964,413502.000,1185,2,EA,1,100,0.644458
1752172808.029965,413569.000,1185,2,EA,1,100,0.644816
1752172808.096465,413635.500,1201,2,EA,1,100,0.645354
1752172808.162966,413702.000,1201,2,EA,1,100,0.645294
1752172808.229966,413769.000,1217,1,EA,1,100,0.645593
1752172808.296467,413835.500,1237,2,EA,1,100,0.645773
1752172808.362968,413902.000,1237,2,EA,1,100,0.645533
1752172808.429968,413969.000,1253,1,EA,1,100,0.645953
1752172808.496469,414035.500,1268,2,EA,1,100,0.646673
1752172808.562969,414102.000,1268,2,EA,1,100,0.646553
1752172808.628970,414168.000,1284,1,EA,1,100,0.646253
1752172808.695970,414235.000,1302,2,EA,1,100,0.646192
1752172808.762971,414302.000,1302,2,EA,1,100,0.646432
1752172808.828971,414368.000,1318,1,EA,1,100,0.646733
1752172808.895972,414435.000,1335,2,EA,1,100,0.646792
1752172808.962972,414502.000,1335,2,EA,1,100,0.646553
1752172809.028973,414568.000,1352,1,EA,1,100,0.646673
1752172809.095973,414635.000,1369,2,EA,1,100,0.646733
1752172809.162974,414702.000,1369,2,EA,1,100,0.647154
1752172809.228975,414768.000,1385,1,EA,1,100,0.647274
1752172809.295975,414835.000,1401,2,EA,1,100,0.648117
1752172809.362976,414902.000,1401,2,EA,1,100,0.647695
1752172809.428976,414968.000,1417,1,EA,1,100,0.647575
1752172809.495977,415035.000,1436,2,EA,1,100,0.647635
1752172809.562977,415102.000,1436,2,EA,1,100,0.648057
1752172809.628978,415168.000,1452,1,EA,1,100,0.648238
1752172809.695978,415235.000,1468,2,EA,1,100,0.648359
1752172809.762979,415302.000,1468,2,EA,1,100,0.648298
1752172809.828979,415368.000,1484,1,EA,1,100,0.648721
1752172809.895980,415435.000,1501,2,EA,1,100,0.648782
1752172809.962981,415502.000,1501,2,EA,1,100,0.649205
1752172810.028981,415568.000,1518,1,EA,1,100,0.649387
1752172810.095982,415635.000,1536,2,EA,1,100,0.649690
1752172810.162982,415702.000,1536,2,EA,1,100,0.649811
1752172810.228983,415768.000,1551,1,EA,1,100,0.649629
1752172810.295983,415835.000,1569,2,EA,1,100,0.649508
1752172810.362984,415902.000,1569,2,EA,1,100,0.649690
1752172810.429484,415968.500,1585,2,EA,1,100,0.649690
1752172810.495985,416035.000,1585,2,EA,1,100,0.649508
1752172810.562985,416102.000,1602,1,EA,1,100,0.650114
1752172810.629486,416168.500,1617,2,EA,1,100,0.650357
1752172810.695987,416235.000,1617,2,EA,1,100,0.650114
1752172810.762487,416301.500,1641,2,EA,1,100,0.650297
1752172810.828988,416368.000,1641,2,EA,1,100,0.650357
1752172810.895988,416435.000,1658,2,EA,1,100,0.649932
1752172810.962989,416502.000,1658,2,EA,1,100,0.650175
1752172811.028989,416568.000,1675,1,EA,1,100,0.650418
1752172811.095990,416635.000,1692,2,EA,1,100,0.650783
1752172811.162990,416702.000,1692,2,EA,1,100,0.650479
1752172811.228991,416768.000,1708,1,EA,1,100,0.650722
1752172811.295491,416834.500,1724,2,EA,1,100,0.651026
1752172811.361992,416901.000,1724,2,EA,1,100,0.651331
1752172811.428992,416968.000,1744,1,EA,1,100,0.651209
1752172811.495493,417034.500,1761,2,EA,1,100,0.651087
1752172811.561994,417101.000,1761,2,EA,1,100,0.651453
1752172811.628994,417168.000,1777,1,EA,1,100,0.651757
1752172811.695495,417234.500,1793,2,EA,1,100,0.651697
1752172811.761995,417301.000,1793,2,EA,1,100,0.651575
1752172811.828996,417368.000,1809,1,EA,1,100,0.651575
1752172811.895496,417434.500,1828,2,EA,1,100,0.651819
1752172811.961997,417501.000,1828,2,EA,1,100,0.652307
1752172812.028997,417568.000,1845,1,EA,1,100,0.652185
1752172812.095498,417634.500,1860,2,EA,1,100,0.652551
1752172812.161998,417701.000,1860,2,EA,1,100,0.652307
1752172812.228999,417768.000,1876,1,EA,1,100,0.652368
1752172812.295500,417834.500,1894,2,EA,1,100,0.652185
1752172812.362000,417901.000,1894,2,EA,1,100,0.652674
1752172812.429001,417968.000,1910,1,EA,1,100,0.653286
1752172812.495501,418034.500,1927,2,EA,1,100,0.653286
1752172812.562002,418101.000,1927,2,EA,1,100,0.653286
1752172812.629002,418168.000,1943,1,EA,1,100,0.653286
1752172812.695503,418234.500,1961,2,EA,1,100,0.652857
1752172812.762003,418301.000,1961,2,EA,1,100,0.653103
1752172812.829004,418368.000,1977,1,EA,1,100,0.653532
1752172812.895504,418434.500,1992,2,EA,1,100,0.654146
1752172812.962005,418501.000,1992,2,EA,1,100,0.654638
1752172813.029005,418568.000,2009,1,EA,1,100,0.654391
1752172813.095506,418634.500,2028,2,EA,1,100,0.654884
1752172813.162007,418701.000,2028,2,EA,1,100,0.654761
1752172813.229007,418768.000,2044,1,EA,1,100,0.655007
1752172813.295508,418834.500,2061,2,EA,1,100,0.654884
1752172813.362008,418901.000,2061,2,EA,1,100,0.654638
1752172813.429009,418968.000,2076,2,EA,1,100,0.655069
1752172813.496009,419035.000,2076,2,EA,1,100,0.655069
1752172813.562010,419101.000,2093,1,EA,1,100,0.654884
1752172813.629010,419168.000,2110,2,EA,1,100,0.655192
1752172813.696011,419235.000,2110,2,EA,1,100,0.656056
1752172813.762011,419301.000,2129,1,EA,1,100,0.655501
1752172813.829012,419368.000,2143,2,EA,1,100,0.655315
1752172813.896013,419435.000,2143,2,EA,1,100,0.655562
1752172813.962013,419501.000,2160,1,EA,1,100,0.655810
1752172814.029014,419568.000,2177,2,EA,1,100,0.655933
1752172814.096014,419635.000,2177,2,EA,1,100,0.655810
1752172814.162015,419701.000,2194,1,EA,1,100,0.655562
1752172814.229015,419768.000,2208,2,EA,1,100,0.655995
1752172814.296016,419835.000,2208,2,EA,1,100,0.656304
1752172814.362016,419901.000,2228,1,EA,1,100,0.656366
1752172814.429017,419968.000,2244,2,EA,1,100,0.656428
1752172814.496017,420035.000,2244,2,EA,1,100,0.656366
1752172814.562018,420101.000,2261,1,EA,1,100,0.656614
1752172814.628518,420167.500,2276,2,EA,1,100,0.656614
1752172814.695019,420234.000,2276,2,EA,1,100,0.656675
1752172814.762020,420301.000,2293,1,EA,1,100,0.657047
1752172814.828520,420367.500,2311,2,EA,1,100,0.657171
1752172814.895021,420434.000,2311,2,EA,1,100,0.656428
1752172814.962021,420501.000,2328,1,EA,1,100,0.656738
1752172815.028522,420567.500,2343,2,EA,1,100,0.657419
1752172815.095022,420634.000,2343,2,EA,1,100,0.657171
1752172815.162023,420701.000,2360,1,EA,1,100,0.657109
1752172815.229023,420768.000,2376,2,EA,1,100,0.657295
1752172815.296024,420835.000,2376,2,EA,1,100,0.657419
1752172815.362024,420901.000,2394,1,EA,1,100,0.657668
1752172815.428525,420967.500,2411,2,EA,1,100,0.657295
1752172815.495026,421034.000,2411,2,EA,1,100,0.657481
1752172815.562026,421101.000,2427,1,EA,1,100,0.657979
1752172815.628527,421167.500,2444,2,EA,1,100,0.657668
1752172815.695027,421234.000,2444,2,EA,1,100,0.657792
1752172815.762028,421301.000,2461,2,EA,1,100,0.658414
1752172815.829028,421368.000,2461,2,EA,1,100,0.658788
1752172815.895529,421434.500,2480,2,EA,1,100,0.658414
1752172815.962029,421501.000,2480,2,EA,1,100,0.658539
1752172816.029030,421568.000,2500,1,EA,1,100,0.658663
1752172816.095530,421634.500,2514,2,EA,1,100,0.658850
1752172816.162031,421701.000,2514,2,EA,1,100,0.658788
1752172816.229032,421768.000,2531,1,EA,1,100,0.658725
1752172816.295532,421834.500,2548,2,EA,1,100,0.658725
1752172816.362033,421901.000,2548,2,EA,1,100,0.659287
1752172816.429033,421968.000,2567,1,EA,1,100,0.659537
1752172816.495534,422034.500,2581,2,EA,1,100,0.659912
1752172816.562034,422101.000,2581,2,EA,1,100,0.659850
1752172816.629035,422168.000,2600,1,EA,1,100,0.659912
1752172816.695535,422234.500,2617,2,EA,1,100,0.659850
1752172816.762036,422301.000,2617,2,EA,1,100,0.659787
1752172816.829036,422368.000,2634,1,EA,1,100,0.659974
1752172816.895537,422434.500,2648,2,EA,1,100,0.660476
1752172816.962037,422501.000,2648,2,EA,1,100,0.660162
1752172817.029038,422568.000,2666,1,EA,1,100,0.660350
1752172817.095539,422634.500,2682,2,EA,1,100,0.660851
1752172817.162039,422701.000,2682,2,EA,1,100,0.660914
1752172817.228540,422767.500,2701,2,EA,1,100,0.661040
1752172817.295040,422834.000,2701,2,EA,1,100,0.661040
1752172817.362041,422901.000,2718,1,EA,1,100,0.660914
1752172817.428541,422967.500,2733,2,EA,1,100,0.661228
1752172817.495042,423034.000,2733,2,EA,1,100,0.661354
1752172817.562042,423101.000,2749,1,EA,1,100,0.661479
1752172817.628543,423167.500,2767,2,EA,1,100,0.662046
1752172817.695043,423234.000,2767,2,EA,1,100,0.661668
1752172817.762044,423301.000,2783,1,EA,1,100,0.661417
1752172817.828545,423367.500,2798,2,EA,1,100,0.661668
1752172817.895045,423434.000,2798,2,EA,1,100,0.661479
1752172817.962046,423501.000,2816,1,EA,1,100,0.661982
1752172818.028546,423567.500,2834,2,EA,1,100,0.662612
1752172818.095047,423634.000,2834,2,EA,1,100,0.662550
1752172818.162047,423701.000,2850,1,EA,1,100,0.662423
1752172818.228548,423767.500,2865,2,EA,1,100,0.662297
1752172818.295048,423834.000,2865,2,EA,1,100,0.662486
1752172818.362049,423901.000,2882,1,EA,1,100,0.662739
1752172818.428549,423967.500,2899,2,EA,1,100,0.662739
1752172818.495050,424034.000,2899,2,EA,1,100,0.662991
1752172818.562050,424101.000,2917,1,EA,1,100,0.662928
1752172818.628551,424167.500,2933,2,EA,1,100,0.663433
1752172818.695052,424234.000,2933,2,EA,1,100,0.663244
1752172818.762052,424301.000,2949,1,EA,1,100,0.662928
1752172818.828553,424367.500,2966,2,EA,1,100,0.663181
1752172818.895053,424434.000,2966,2,EA,1,100,0.663940
1752172818.962054,424501.000,2982,1,EA,1,100,0.663560
1752172819.028554,424567.500,2999,2,EA,1,100,0.663876
1752172819.095055,424634.000,2999,2,EA,1,100,0.664066
1752172819.162055,424701.000,3016,1,EA,1,100,0.664066
1752172819.228556,424767.500,3033,2,EA,1,100,0.664130
1752172819.295056,424834.000,3033,2,EA,1,100,0.664383
1752172819.362057,424901.000,3050,1,EA,1,100,0.664891
1752172819.428558,424967.500,3066,2,EA,1,100,0.664954
1752172819.495058,425034.000,3066,2,EA,1,100,0.664827
1752172819.561559,425100.500,3081,2,EA,1,100,0.664891
1752172819.628059,425167.000,3081,2,EA,1,100,0.664827
1752172819.695060,425234.000,3099,1,EA,1,100,0.665208
1752172819.761560,425300.500,3117,2,EA,1,100,0.665272
1752172819.828061,425367.000,3117,2,EA,1,100,0.665399
1752172819.895061,425434.000,3134,1,EA,1,100,0.664954
1752172819.961562,425500.500,3149,2,EA,1,100,0.665780
1752172820.028062,425567.000,3149,2,EA,1,100,0.665526
1752172820.095063,425634.000,3166,1,EA,1,100,0.665780
1752172820.161563,425700.500,3182,2,EA,1,100,0.666163
1752172820.228064,425767.000,3182,2,EA,1,100,0.666099
1752172820.295065,425834.000,3199,1,EA,1,100,0.666036
1752172820.361565,425900.500,3216,2,EA,1,100,0.665653
1752172820.428066,425967.000,3216,2,EA,1,100,0.666163
1752172820.495066,426034.000,3233,1,EA,1,100,0.666227
1752172820.561567,426100.500,3249,2,EA,1,100,0.665845
1752172820.628067,426167.000,3249,2,EA,1,100,0.666163
1752172820.695068,426234.000,3267,1,EA,1,100,0.666673
1752172820.761568,426300.500,3281,2,EA,1,100,0.667376
1752172820.828069,426367.000,3281,2,EA,1,100,0.666865
1752172820.895069,426434.000,3298,1,EA,1,100,0.667248
1752172820.961570,426500.500,3324,2,EA,1,100,0.666801
1752172821.028071,426567.000,3324,2,EA,1,100,0.667056
1752172821.095071,426634.000,3341,1,EA,1,100,0.667504
1752172821.161572,426700.500,3355,2,EA,1,100,0.667312
1752172821.228072,426767.000,3355,2,EA,1,100,0.667121
1752172821.295073,426834.000,3372,1,EA,1,100,0.667248
1752172821.361573,426900.500,3391,2,EA,1,100,0.667312
1752172821.428074,426967.000,3391,2,EA,1,100,0.667504
1752172821.495074,427034.000,3410,1,EA,1,100,0.667952
1752172821.561575,427100.500,3425,2,EA,1,100,0.668273
1752172821.628075,427167.000,3425,2,EA,1,100,0.668016
1752172821.695076,427234.000,3442,1,EA,1,100,0.668016
1752172821.761577,427300.500,3458,2,EA,1,100,0.668273
1752172821.828077,427367.000,3458,2,EA,1,100,0.668465
1752172821.895078,427434.000,3475,1,EA,1,100,0.668337
1752172821.961578,427500.500,3491,2,EA,1,100,0.668208
1752172822.028079,427567.000,3491,2,EA,1,100,0.668786
1752172822.094579,427633.500,3509,2,EA,1,100,0.669044
1752172822.161080,427700.000,3509,2,EA,1,100,0.669237
1752172822.228080,427767.000,3525,1,EA,1,100,0.668786
1752172822.294581,427833.500,3543,2,EA,1,100,0.669044
1752172822.361081,427900.000,3543,2,EA,1,100,0.669494
1752172822.428082,427967.000,3559,1,EA,1,100,0.669365
1752172822.494582,428033.500,3574,2,EA,1,100,0.669429
1752172822.561083,428100.000,3574,2,EA,1,100,0.670009
1752172822.628084,428167.000,3590,1,EA,1,100,0.669622
1752172822.694584,428233.500,3610,2,EA,1,100,0.670009
1752172822.761085,428300.000,3610,2,EA,1,100,0.670332
1752172822.828085,428367.000,3626,1,EA,1,100,0.670267
1752172822.894586,428433.500,3641,2,EA,1,100,0.670267
1752172822.961086,428500.000,3641,2,EA,1,100,0.670526
1752172823.028087,428567.000,3658,1,EA,1,100,0.670784
1752172823.094587,428633.500,3675,2,EA,1,100,0.670526
1752172823.161088,428700.000,3675,2,EA,1,100,0.670526
1752172823.228088,428767.000,3693,1,EA,1,100,0.670655
1752172823.294589,428833.500,3709,2,EA,1,100,0.670849
1752172823.361090,428900.000,3709,2,EA,1,100,0.670978
1752172823.428090,428967.000,3725,1,EA,1,100,0.670913
1752172823.494591,429033.500,3742,2,EA,1,100,0.671366
1752172823.561091,429100.000,3742,2,EA,1,100,0.671884
1752172823.628092,429167.000,3758,1,EA,1,100,0.671884
1752172823.694592,429233.500,3776,2,EA,1,100,0.672144
1752172823.761093,429300.000,3776,2,EA,1,100,0.671754
1752172823.828093,429367.000,3792,1,EA,1,100,0.671625
1752172823.894594,429433.500,3809,2,EA,1,100,0.672079
1752172823.961094,429500.000,3809,2,EA,1,100,0.672014
1752172824.028095,429567.000,3826,1,EA,1,100,0.672209
1752172824.094595,429633.500,3842,2,EA,1,100,0.672599
1752172824.161096,429700.000,3842,2,EA,1,100,0.672274
1752172824.228097,429767.000,3857,1,EA,1,100,0.672338
1752172824.294597,429833.500,3877,2,EA,1,100,0.672858
1752172824.361098,429900.000,3877,2,EA,1,100,0.672988
1752172824.428098,429967.000,3893,2,EA,1,100,0.673444
1752172824.495099,430034.000,3893,2,EA,1,100,0.673184
1752172824.561099,430100.000,3910,1,EA,1,100,0.673119
1752172824.627600,430166.500,3925,2,EA,1,100,0.673249
1752172824.694100,430233.000,3925,2,EA,1,100,0.673249
1752172824.761101,430300.000,3942,1,EA,1,100,0.673835
1752172824.827601,430366.500,3958,2,EA,1,100,0.673966
1752172824.894102,430433.000,3958,2,EA,1,100,0.673835
1752172824.961103,430500.000,3977,1,EA,1,100,0.674031
1752172825.027603,430566.500,3992,2,EA,1,100,0.674227
1752172825.094104,430633.000,3992,2,EA,1,100,0.674488
1752172825.161104,430700.000,4009,1,EA,1,100,0.674749
1752172825.227605,430766.500,4025,2,EA,1,100,0.674946
1752172825.294105,430833.000,4025,2,EA,1,100,0.675404
1752172825.361106,430900.000,4043,1,EA,1,100,0.675273
1752172825.427606,430966.500,4057,2,EA,1,100,0.674946
1752172825.494107,431033.000,4057,2,EA,1,100,0.675208
1752172825.561107,431100.000,4076,1,EA,1,100,0.675338
1752172825.627608,431166.500,4093,2,EA,1,100,0.675601
1752172825.694108,431233.000,4093,2,EA,1,100,0.675273
1752172825.761109,431300.000,4110,1,EA,1,100,0.675797
1752172825.827610,431366.500,4124,2,EA,1,100,0.676454
1752172825.894110,431433.000,4124,2,EA,1,100,0.676257
1752172825.961111,431500.000,4141,1,EA,1,100,0.675994
1752172826.027611,431566.500,4163,2,EA,1,100,0.675797
1752172826.094112,431633.000,4163,2,EA,1,100,0.676125
1752172826.161112,431700.000,4182,1,EA,1,100,0.676454
1752172826.227613,431766.500,4197,2,EA,1,100,0.676257
1752172826.294113,431833.000,4197,2,EA,1,100,0.676191
1752172826.361114,431900.000,4214,1,EA,1,100,0.676388
1752172826.427614,431966.500,4232,2,EA,1,100,0.676585
1752172826.494115,432033.000,4232,2,EA,1,100,0.676783
1752172826.561116,432100.000,4249,2,EA,1,100,0.676783
1752172826.628116,432167.000,4249,2,EA,1,100,0.677046
1752172826.694117,432233.000,4266,1,EA,1,100,0.676783
1752172826.761117,432300.000,4283,2,EA,1,100,0.676849
1752172826.828118,432367.000,4283,2,EA,1,100,0.677375
1752172826.894118,432433.000,4299,1,EA,1,100,0.677309
1752172826.961119,432500.000,4317,2,EA,1,100,0.677178
1752172827.028119,432567.000,4317,2,EA,1,100,0.677243
1752172827.094120,432633.000,4333,1,EA,1,100,0.677507
1752172827.161120,432700.000,4348,2,EA,1,100,0.678167
1752172827.228121,432767.000,4348,2,EA,1,100,0.677771
1752172827.294122,432833.000,4364,1,EA,1,100,0.678101
1752172827.361122,432900.000,4384,2,EA,1,100,0.678299
1752172827.428123,432967.000,4384,2,EA,1,100,0.678167
1752172827.494123,433033.000,4400,1,EA,1,100,0.678233
1752172827.561124,433100.000,4415,2,EA,1,100,0.678431
1752172827.628124,433167.000,4415,2,EA,1,100,0.678564
1752172827.694125,433233.000,4432,1,EA,1,100,0.678762
1752172827.761125,433300.000,4449,2,EA,1,100,0.679226
1752172827.828126,433367.000,4449,2,EA,1,100,0.679093
1752172827.894126,433433.000,4465,1,EA,1,100,0.679093
1752172827.960627,433499.500,4483,2,EA,1,100,0.679093
1752172828.027127,433566.000,4483,2,EA,1,100,0.678960
1752172828.094128,433633.000,4499,1,EA,1,100,0.679358
1752172828.160629,433699.500,4516,2,EA,1,100,0.679424
1752172828.227129,433766.000,4516,2,EA,1,100,0.679424
1752172828.294130,433833.000,4532,1,EA,1,100,0.679955
1752172828.360630,433899.500,4548,2,EA,1,100,0.680155
1752172828.427131,433966.000,4548,2,EA,1,100,0.679823
1752172828.494131,434033.000,4564,1,EA,1,100,0.679889
1752172828.560632,434099.500,4583,2,EA,1,100,0.680155
1752172828.627132,434166.000,4583,2,EA,1,100,0.680487
1752172828.694133,434233.000,4600,1,EA,1,100,0.680553
1752172828.760633,434299.500,4616,2,EA,1,100,0.680354
1752172828.827134,434366.000,4616,2,EA,1,100,0.680221
1752172828.894135,434433.000,4631,1,EA,1,100,0.680221
1752172828.960635,434499.500,4649,2,EA,1,100,0.680420
1752172829.027136,434566.000,4649,2,EA,1,100,0.680753
1752172829.094136,434633.000,4667,2,EA,1,100,0.680620
1752172829.161137,434700.000,4667,2,EA,1,100,0.680886
1752172829.227137,434766.000,4684,1,EA,1,100,0.681086
1752172829.294138,434833.000,4699,2,EA,1,100,0.681486
1752172829.361138,434900.000,4699,2,EA,1,100,0.681686
1752172829.427139,434966.000,4716,1,EA,1,100,0.682020
1752172829.494139,435033.000,4732,2,EA,1,100,0.682354
1752172829.561140,435100.000,4732,2,EA,1,100,0.682087
1752172829.627140,435166.000,4749,1,EA,1,100,0.682221
1752172829.694141,435233.000,4766,2,EA,1,100,0.682020
1752172829.761142,435300.000,4766,2,EA,1,100,0.682020
1752172829.827142,435366.000,4783,1,EA,1,100,0.682756
1752172829.894143,435433.000,4799,2,EA,1,100,0.682756
1752172829.961143,435500.000,4799,2,EA,1,100,0.682622
1752172830.027144,435566.000,4817,1,EA,1,100,0.682555
1752172830.094144,435633.000,4831,2,EA,1,100,0.682890
1752172830.161145,435700.000,4831,2,EA,1,100,0.683225
1752172830.227145,435766.000,4848,1,EA,1,100,0.683225
1752172830.294146,435833.000,4867,2,EA,1,100,0.683091
1752172830.361146,435900.000,4867,2,EA,1,100,0.683896
1752172830.427147,435966.000,4884,1,EA,1,100,0.683896
1752172830.494148,436033.000,4898,2,EA,1,100,0.683627
1752172830.561148,436100.000,4898,2,EA,1,100,0.683963
1752172830.627149,436166.000,4915,1,EA,1,100,0.684030
1752172830.694149,436233.000,4932,2,EA,1,100,0.683896
1752172830.761150,436300.000,4932,2,EA,1,100,0.683761
1752172830.827150,436366.000,4949,1,EA,1,100,0.683963
1752172830.894151,436433.000,4965,2,EA,1,100,0.684838
1752172830.961151,436500.000,4965,2,EA,1,100,0.684703
1752172831.027152,436566.000,4983,1,EA,1,100,0.684635
1752172831.094152,436633.000,4999,2,EA,1,100,0.684367
1752172831.161153,436700.000,4999,2,EA,1,100,0.684770
1752172831.227654,436766.500,5021,2,EA,1,100,0.685309
1752172831.294154,436833.000,5021,2,EA,1,100,0.684972
1752172831.360155,436899.000,5038,1,EA,1,100,0.685309
1752172831.427155,436966.000,5055,2,EA,1,100,0.685377
1752172831.494156,437033.000,5055,2,EA,1,100,0.685309
1752172831.560156,437099.000,5073,1,EA,1,100,0.685444
1752172831.627157,437166.000,5091,2,EA,1,100,0.685444
1752172831.694157,437233.000,5091,2,EA,1,100,0.685715
1752172831.760158,437299.000,5107,1,EA,1,100,0.685782
1752172831.827158,437366.000,5122,2,EA,1,100,0.685782
1752172831.894159,437433.000,5122,2,EA,1,100,0.685715
1752172831.960159,437499.000,5138,1,EA,1,100,0.686120
1752172832.027160,437566.000,5156,2,EA,1,100,0.686797
1752172832.094161,437633.000,5156,2,EA,1,100,0.686458
1752172832.160161,437699.000,5174,1,EA,1,100,0.686391
1752172832.227162,437766.000,5189,2,EA,1,100,0.687000
1752172832.294162,437833.000,5189,2,EA,1,100,0.687068
1752172832.360163,437899.000,5206,1,EA,1,100,0.687407
1752172832.427163,437966.000,5223,2,EA,1,100,0.687611
1752172832.494164,438033.000,5223,2,EA,1,100,0.687136
1752172832.560164,438099.000,5239,1,EA,1,100,0.687271
1752172832.627165,438166.000,5257,2,EA,1,100,0.688018
1752172832.694165,438233.000,5257,2,EA,1,100,0.687271
1752172832.760166,438299.000,5273,1,EA,1,100,0.687271
1752172832.827167,438366.000,5290,2,EA,1,100,0.687883
1752172832.894167,438433.000,5290,2,EA,1,100,0.687814
1752172832.960168,438499.000,5306,1,EA,1,100,0.687950
1752172833.027168,438566.000,5323,2,EA,1,100,0.687950
1752172833.094169,438633.000,5323,2,EA,1,100,0.688087
1752172833.160169,438699.000,5340,1,EA,1,100,0.688495
1752172833.227170,438766.000,5357,2,EA,1,100,0.688767
1752172833.294170,438833.000,5357,2,EA,1,100,0.688699
1752172833.360671,438899.500,5374,2,EA,1,100,0.688699
1752172833.427171,438966.000,5374,2,EA,1,100,0.688972
1752172833.494172,439033.000,5391,1,EA,1,100,0.689245
1752172833.560672,439099.500,5405,2,EA,1,100,0.689381
1752172833.627173,439166.000,5405,2,EA,1,100,0.689313
1752172833.694174,439233.000,5423,1,EA,1,100,0.689449
1752172833.760674,439299.500,5441,2,EA,1,100,0.689928
1752172833.827175,439366.000,5441,2,EA,1,100,0.689586
1752172833.894175,439433.000,5458,1,EA,1,100,0.689586
1752172833.960676,439499.500,5473,2,EA,1,100,0.689928
1752172834.027176,439566.000,5473,2,EA,1,100,0.690270
1752172834.094177,439633.000,5490,1,EA,1,100,0.690338
1752172834.160677,439699.500,5506,2,EA,1,100,0.690406
1752172834.227178,439766.000,5506,2,EA,1,100,0.690338
1752172834.294178,439833.000,5525,1,EA,1,100,0.690817
1752172834.360679,439899.500,5540,2,EA,1,100,0.691160
1752172834.427180,439966.000,5540,2,EA,1,100,0.691160
1752172834.494180,440033.000,5557,1,EA,1,100,0.690955
1752172834.560681,440099.500,5573,2,EA,1,100,0.691160
1752172834.627181,440166.000,5573,2,EA,1,100,0.691504
1752172834.693182,440232.000,5591,1,EA,1,100,0.691641
1752172834.760182,440299.000,5605,2,EA,1,100,0.691572
1752172834.827183,440366.000,5605,2,EA,1,100,0.691366
1752172834.894183,440433.000,5624,1,EA,1,100,0.691572
1752172834.960684,440499.500,5641,2,EA,1,100,0.691916
1752172835.027184,440566.000,5641,2,EA,1,100,0.691572
1752172835.093185,440632.000,5658,1,EA,1,100,0.691847
1752172835.160185,440699.000,5672,2,EA,1,100,0.692329
1752172835.227186,440766.000,5672,2,EA,1,100,0.692191
1752172835.293187,440832.000,5689,1,EA,1,100,0.692466
1752172835.360187,440899.000,5708,2,EA,1,100,0.692466
1752172835.427188,440966.000,5708,2,EA,1,100,0.692122
1752172835.493188,441032.000,5725,1,EA,1,100,0.692260
1752172835.560189,441099.000,5740,2,EA,1,100,0.692535
1752172835.627189,441166.000,5740,2,EA,1,100,0.692535
1752172835.693190,441232.000,5757,1,EA,1,100,0.692880
1752172835.760190,441299.000,5773,2,EA,1,100,0.693155
1752172835.827191,441366.000,5773,2,EA,1,100,0.692742
1752172835.893691,441432.500,5790,2,EA,1,100,0.692535
1752172835.960192,441499.000,5790,2,EA,1,100,0.693363
1752172836.027193,441566.000,5809,1,EA,1,100,0.693294
1752172836.093693,441632.500,5824,2,EA,1,100,0.693501
1752172836.160194,441699.000,5824,2,EA,1,100,0.693708
1752172836.227194,441766.000,5840,1,EA,1,100,0.693916
1752172836.293695,441832.500,5863,2,EA,1,100,0.693916
1752172836.360195,441899.000,5863,2,EA,1,100,0.693846
1752172836.427196,441966.000,5881,1,EA,1,100,0.693985
1752172836.493696,442032.500,5896,2,EA,1,100,0.694677
1752172836.560197,442099.000,5896,2,EA,1,100,0.694608
1752172836.627197,442166.000,5914,1,EA,1,100,0.694747
1752172836.693698,442232.500,5932,2,EA,1,100,0.695163
1752172836.760199,442299.000,5932,2,EA,1,100,0.695163
1752172836.827199,442366.000,5948,1,EA,1,100,0.694955
1752172836.893700,442432.500,5963,2,EA,1,100,0.695232
1752172836.960200,442499.000,5963,2,EA,1,100,0.695302
1752172837.027201,442566.000,5980,1,EA,1,100,0.695302
1752172837.093701,442632.500,5999,2,EA,1,100,0.695441
1752172837.160202,442699.000,5999,2,EA,1,100,0.695441
1752172837.227202,442766.000,6015,1,EA,1,100,0.695024
1752172837.293703,442832.500,6031,2,EA,1,100,0.694816
1752172837.360203,442899.000,6031,2,EA,1,100,0.695302
1752172837.427204,442966.000,6047,1,EA,1,100,0.695927
1752172837.493704,443032.500,6064,2,EA,1,100,0.695788
1752172837.560205,443099.000,6064,2,EA,1,100,0.695649
1752172837.627206,443166.000,6080,1,EA,1,100,0.696066
1752172837.693706,443232.500,6099,2,EA,1,100,0.695927
1752172837.760207,443299.000,6099,2,EA,1,100,0.696554
1752172837.827207,443366.000,6114,1,EA,1,100,0.696345
1752172837.893708,443432.500,6131,2,EA,1,100,0.696275
1752172837.960208,443499.000,6131,2,EA,1,100,0.696763
1752172838.027209,443566.000,6148,1,EA,1,100,0.696693
1752172838.093709,443632.500,6164,2,EA,1,100,0.696693
1752172838.160210,443699.000,6164,2,EA,1,100,0.697111
1752172838.226710,443765.500,6179,2,EA,1,100,0.697391
1752172838.293211,443832.000,6179,2,EA,1,100,0.697741
1752172838.360212,443899.000,6199,1,EA,1,100,0.697321
1752172838.426712,443965.500,6215,2,EA,1,100,0.697391
1752172838.493213,444032.000,6215,2,EA,1,100,0.697391
1752172838.560213,444099.000,6232,1,EA,1,100,0.697531
1752172838.626714,444165.500,6247,2,EA,1,100,0.697670
1752172838.693214,444232.000,6247,2,EA,1,100,0.697601
1752172838.760215,444299.000,6264,1,EA,1,100,0.697461
1752172838.826715,444365.500,6282,2,EA,1,100,0.698090
1752172838.893216,444432.000,6282,2,EA,1,100,0.698090
1752172838.960216,444499.000,6299,1,EA,1,100,0.698440
1752172839.026717,444565.500,6314,2,EA,1,100,0.698720
1752172839.093217,444632.000,6314,2,EA,1,100,0.698300
1752172839.160218,444699.000,6331,1,EA,1,100,0.698510
1752172839.226719,444765.500,6347,2,EA,1,100,0.698720
1752172839.293219,444832.000,6347,2,EA,1,100,0.698370
1752172839.360220,444899.000,6365,1,EA,1,100,0.698510
1752172839.426720,444965.500,6381,2,EA,1,100,0.699422
1752172839.493221,445032.000,6381,2,EA,1,100,0.698931
1752172839.560221,445099.000,6398,1,EA,1,100,0.699001
1752172839.626722,445165.500,6415,2,EA,1,100,0.699001
1752172839.693222,445232.000,6415,2,EA,1,100,0.699212
1752172839.760223,445299.000,6432,1,EA,1,100,0.699352
1752172839.826723,445365.500,6446,2,EA,1,100,0.699563
1752172839.893224,445432.000,6446,2,EA,1,100,0.699422
1752172839.960225,445499.000,6465,1,EA,1,100,0.699704
1752172840.026725,445565.500,6482,2,EA,1,100,0.699422
1752172840.093226,445632.000,6482,2,EA,1,100,0.699704
1752172840.160226,445699.000,6499,1,EA,1,100,0.700126
1752172840.226727,445765.500,6514,2,EA,1,100,0.700126
1752172840.293227,445832.000,6514,2,EA,1,100,0.700690
1752172840.360228,445899.000,6531,1,EA,1,100,0.700690
1752172840.426728,445965.500,6547,2,EA,1,100,0.700478
1752172840.493229,446032.000,6547,2,EA,1,100,0.700972
1752172840.560229,446099.000,6566,1,EA,1,100,0.700901
1752172840.626730,446165.500,6582,2,EA,1,100,0.700619
1752172840.693230,446232.000,6582,2,EA,1,100,0.700549
1752172840.759731,446298.500,6598,2,EA,1,100,0.700760
1752172840.826232,446365.000,6598,2,EA,1,100,0.701043
1752172840.893232,446432.000,6614,1,EA,1,100,0.701325
1752172840.959733,446498.500,6632,2,EA,1,100,0.701466
1752172841.026233,446565.000,6632,2,EA,1,100,0.701466
1752172841.093234,446632.000,6648,1,EA,1,100,0.701396
1752172841.159734,446698.500,6665,2,EA,1,100,0.701749
1752172841.226235,446765.000,6665,2,EA,1,100,0.702103
1752172841.293235,446832.000,6681,1,EA,1,100,0.702032
1752172841.359736,446898.500,6701,2,EA,1,100,0.702103
1752172841.426236,446965.000,6701,2,EA,1,100,0.702315
1752172841.492737,447031.500,6721,2,EA,1,100,0.702103
1752172841.559238,447098.000,6721,2,EA,1,100,0.701820
1752172841.626238,447165.000,6739,1,EA,1,100,0.702244
1752172841.692739,447231.500,6755,2,EA,1,100,0.702386
1752172841.759239,447298.000,6755,2,EA,1,100,0.702457
1752172841.826240,447365.000,6771,1,EA,1,100,0.702812
1752172841.892740,447431.500,6788,2,EA,1,100,0.702883
1752172841.959241,447498.000,6788,2,EA,1,100,0.703095
1752172842.026241,447565.000,6805,1,EA,1,100,0.703237
1752172842.092742,447631.500,6823,2,EA,1,100,0.703237
1752172842.159242,447698.000,6823,2,EA,1,100,0.703451
1752172842.226243,447765.000,6838,2,EA,1,100,0.703593
1752172842.293244,447832.000,6838,2,EA,1,100,0.703593
1752172842.359244,447898.000,6856,1,EA,1,100,0.703593
1752172842.426245,447965.000,6872,2,EA,1,100,0.703735
1752172842.493245,448032.000,6872,2,EA,1,100,0.703948
1752172842.559246,448098.000,6889,1,EA,1,100,0.704091
1752172842.626246,448165.000,6904,2,EA,1,100,0.704234
1752172842.693247,448232.000,6904,2,EA,1,100,0.704518
1752172842.759247,448298.000,6923,1,EA,1,100,0.704447
1752172842.826248,448365.000,6939,2,EA,1,100,0.704518
1752172842.893248,448432.000,6939,2,EA,1,100,0.704590
1752172842.959249,448498.000,6956,1,EA,1,100,0.704661
1752172843.026249,448565.000,6971,2,EA,1,100,0.705018
1752172843.093250,448632.000,6971,2,EA,1,100,0.704947
1752172843.159251,448698.000,6988,1,EA,1,100,0.705161
1752172843.226251,448765.000,7006,2,EA,1,100,0.704875
1752172843.293252,448832.000,7006,2,EA,1,100,0.705018
1752172843.359252,448898.000,7024,1,EA,1,100,0.704875
1752172843.426253,448965.000,7038,2,EA,1,100,0.705232
1752172843.493253,449032.000,7038,2,EA,1,100,0.706878
1752172843.559254,449098.000,7055,1,EA,1,100,0.707597
1752172843.626254,449165.000,7072,2,EA,1,100,0.707669
1752172843.693255,449232.000,7072,2,EA,1,100,0.707525
1752172843.759255,449298.000,7089,1,EA,1,100,0.707022
1752172843.826256,449365.000,7103,2,EA,1,100,0.707454
1752172843.893257,449432.000,7103,2,EA,1,100,0.707310
1752172843.959257,449498.000,7122,1,EA,1,100,0.707310
1752172844.026258,449565.000,7139,2,EA,1,100,0.707238
1752172844.093258,449632.000,7139,2,EA,1,100,0.707238
1752172844.159259,449698.000,7156,1,EA,1,100,0.707454
1752172844.226259,449765.000,7171,2,EA,1,100,0.707310
1752172844.293260,449832.000,7171,2,EA,1,100,0.707094
1752172844.359260,449898.000,7188,1,EA,1,100,0.707381
1752172844.426261,449965.000,7204,2,EA,1,100,0.707597
1752172844.493261,450032.000,7204,2,EA,1,100,0.707525
1752172844.559762,450098.500,7223,2,EA,1,100,0.707597
1752172844.626262,450165.000,7223,2,EA,1,100,0.707813
1752172844.692263,450231.000,7240,1,EA,1,100,0.707597
1752172844.759264,450298.000,7255,2,EA,1,100,0.707310
1752172844.826264,450365.000,7255,2,EA,1,100,0.707022
1752172844.892265,450431.000,7271,1,EA,1,100,0.708317
1752172844.959265,450498.000,7289,2,EA,1,100,0.709183
1752172845.026266,450565.000,7289,2,EA,1,100,0.709399
1752172845.092266,450631.000,7305,1,EA,1,100,0.709979
1752172845.159267,450698.000,7320,2,EA,1,100,0.709399
1752172845.226267,450765.000,7320,2,EA,1,100,0.708605
1752172845.293268,450832.000,7338,1,EA,1,100,0.708677
1752172845.359768,450898.500,7356,2,EA,1,100,0.708966
1752172845.426269,450965.000,7356,2,EA,1,100,0.709183
1752172845.492270,451031.000,7372,1,EA,1,100,0.709255
1752172845.559270,451098.000,7387,2,EA,1,100,0.709111
1752172845.626271,451165.000,7387,2,EA,1,100,0.709255
1752172845.692271,451231.000,7404,1,EA,1,100,0.709906
1752172845.759272,451298.000,7421,2,EA,1,100,0.709255
1752172845.826272,451365.000,7421,2,EA,1,100,0.707597
1752172845.892273,451431.000,7439,1,EA,1,100,0.683292
1752172845.959273,451498.000,7455,2,EA,1,100,0.691916
1752172846.026274,451565.000,7455,2,EA,1,100,0.709689
1752172846.092274,451631.000,7471,1,EA,1,100,0.712376
1752172846.159275,451698.000,7488,2,EA,1,100,0.710993
1752172846.226276,451765.000,7488,2,EA,1,100,0.710993
1752172846.292276,451831.000,7504,1,EA,1,100,0.711648
1752172846.359277,451898.000,7524,2,EA,1,100,0.712302
1752172846.426277,451965.000,7524,2,EA,1,100,0.712522
1752172846.492278,452031.000,7540,1,EA,1,100,0.712813
1752172846.559278,452098.000,7566,2,EA,1,100,0.712448
1752172846.626279,452165.000,7566,2,EA,1,100,0.712813
1752172846.692779,452231.500,7585,2,EA,1,100,0.713471
1752172846.759280,452298.000,7585,2,EA,1,100,0.712594
1752172846.826280,452365.000,7602,1,EA,1,100,0.710558
1752172846.892781,452431.500,7618,2,EA,1,100,0.709472
1752172846.959281,452498.000,7618,2,EA,1,100,0.709979
1752172847.026282,452565.000,7636,1,EA,1,100,0.709327
1752172847.092783,452631.500,7652,2,EA,1,100,0.706878
1752172847.159283,452698.000,7652,2,EA,1,100,0.701183
1752172847.226284,452765.000,7669,1,EA,1,100,0.699282
1752172847.292784,452831.500,7684,2,EA,1,100,0.700760
1752172847.359285,452898.000,7684,2,EA,1,100,0.704234
1752172847.426285,452965.000,7701,1,EA,1,100,0.710703
1752172847.492786,453031.500,7719,2,EA,1,100,0.712157
1752172847.559286,453098.000,7719,2,EA,1,100,0.712157
1752172847.626287,453165.000,7736,1,EA,1,100,0.711793
1752172847.692787,453231.500,7751,2,EA,1,100,0.712084
1752172847.759288,453298.000,7751,2,EA,1,100,0.712230
1752172847.826289,453365.000,7768,1,EA,1,100,0.712157
1752172847.892789,453431.500,7784,2,EA,1,100,0.712157
1752172847.959290,453498.000,7784,2,EA,1,100,0.712522
1752172848.026290,453565.000,7804,1,EA,1,100,0.712230
1752172848.092791,453631.500,7818,2,EA,1,100,0.711720
1752172848.159291,453698.000,7818,2,EA,1,100,0.709689
1752172848.225292,453764.000,7835,1,EA,1,100,0.698020
1752172848.292292,453831.000,7852,2,EA,1,100,0.672599
1752172848.359293,453898.000,7852,2,EA,1,100,0.656799
1752172848.425293,453964.000,7869,1,EA,1,100,0.664130
1752172848.492294,454031.000,7884,2,EA,1,100,0.703167
1752172848.559294,454098.000,7884,2,EA,1,100,0.713617
1752172848.626295,454165.000,7902,1,EA,1,100,0.714129
1752172848.692796,454231.500,7919,2,EA,1,100,0.706951
1752172848.759296,454298.000,7919,2,EA,1,100,0.706951
1752172848.825797,454364.500,7936,2,EA,1,100,0.714276
1752172848.892297,454431.000,7936,2,EA,1,100,0.717219
1752172848.959298,454498.000,7952,1,EA,1,100,0.714056
1752172849.025798,454564.500,7970,2,EA,1,100,0.714349
1752172849.092299,454631.000,7970,2,EA,1,100,0.713544
1752172849.159299,454698.000,7988,1,EA,1,100,0.713324
1752172849.225800,454764.500,8005,2,EA,1,100,0.713324
1752172849.292300,454831.000,8005,2,EA,1,100,0.713836
1752172849.359301,454898.000,8022,1,EA,1,100,0.713397
1752172849.425802,454964.500,8037,2,EA,1,100,0.709327
1752172849.492302,455031.000,8037,2,EA,1,100,0.704305
1752172849.559303,455098.000,8053,1,EA,1,100,0.709399
1752172849.625803,455164.500,8073,2,EA,1,100,0.713836
1752172849.692304,455231.000,8073,2,EA,1,100,0.715303
1752172849.759304,455298.000,8089,1,EA,1,100,0.715744
1752172849.825805,455364.500,8106,2,EA,1,100,0.715671
1752172849.892305,455431.000,8106,2,EA,1,100,0.714129
1752172849.959306,455498.000,8122,1,EA,1,100,0.713544
1752172850.025806,455564.500,8140,2,EA,1,100,0.713909
1752172850.092307,455631.000,8140,2,EA,1,100,0.714276
1752172850.159307,455698.000,8156,1,EA,1,100,0.712959
1752172850.225808,455764.500,8173,2,EA,1,100,0.712011
1752172850.292309,455831.000,8173,2,EA,1,100,0.712740
1752172850.359309,455898.000,8190,1,EA,1,100,0.716112
1752172850.425810,455964.500,8207,2,EA,1,100,0.723705
1752172850.492310,456031.000,8207,2,EA,1,100,0.724986
1752172850.559311,456098.000,8225,1,EA,1,100,0.719665
1752172850.625811,456164.500,8241,2,EA,1,100,0.718997
1752172850.692312,456231.000,8241,2,EA,1,100,0.718848
1752172850.759312,456298.000,8259,1,EA,1,100,0.718403
1752172850.825813,456364.500,8276,2,EA,1,100,0.718403
1752172850.892313,456431.000,8276,2,EA,1,100,0.718180
1752172850.959314,456498.000,8292,1,EA,1,100,0.718403
1752172851.025815,456564.500,8309,2,EA,1,100,0.718774
1752172851.092315,456631.000,8309,2,EA,1,100,0.718774
1752172851.159316,456698.000,8324,1,EA,1,100,0.718774
1752172851.225816,456764.500,8343,2,EA,1,100,0.718848
1752172851.292317,456831.000,8343,2,EA,1,100,0.719219
1752172851.358817,456897.500,8362,2,EA,1,100,0.719368
1752172851.425318,456964.000,8362,2,EA,1,100,0.719517
1752172851.492318,457031.000,8379,1,EA,1,100,0.719740
1752172851.558819,457097.500,8393,2,EA,1,100,0.719889
1752172851.625319,457164.000,8393,2,EA,1,100,0.719665
1752172851.692320,457231.000,8416,1,EA,1,100,0.719889
1752172851.758821,457297.500,8432,2,EA,1,100,0.720261
1752172851.825321,457364.000,8432,2,EA,1,100,0.719963
1752172851.892322,457431.000,8451,1,EA,1,100,0.720037
1752172851.958822,457497.500,8466,2,EA,1,100,0.720783
1752172852.025323,457564.000,8466,2,EA,1,100,0.720261
1752172852.092323,457631.000,8483,1,EA,1,100,0.720559
1752172852.158824,457697.500,8499,2,EA,1,100,0.720783
1752172852.225324,457764.000,8499,2,EA,1,100,0.721306
1752172852.292325,457831.000,8516,1,EA,1,100,0.720858
1752172852.358825,457897.500,8533,2,EA,1,100,0.720634
1752172852.425326,457964.000,8533,2,EA,1,100,0.721530
1752172852.492326,458031.000,8550,1,EA,1,100,0.721605
1752172852.558827,458097.500,8566,2,EA,1,100,0.721530
1752172852.625328,458164.000,8566,2,EA,1,100,0.721679
1752172852.692328,458231.000,8584,1,EA,1,100,0.721679
1752172852.758829,458297.500,8598,2,EA,1,100,0.721904
1752172852.825329,458364.000,8598,2,EA,1,100,0.722054
1752172852.892330,458431.000,8615,1,EA,1,100,0.722354
1752172852.958830,458497.500,8634,2,EA,1,100,0.721829
1752172853.025331,458564.000,8634,2,EA,1,100,0.721605
1752172853.092331,458631.000,8651,1,EA,1,100,0.721605
1752172853.158832,458697.500,8665,2,EA,1,100,0.722504
1752172853.225332,458764.000,8665,2,EA,1,100,0.722204
1752172853.292333,458831.000,8682,1,EA,1,100,0.722728
1752172853.358834,458897.500,8699,2,EA,1,100,0.722803
1752172853.425334,458964.000,8699,2,EA,1,100,0.723179
1752172853.492335,459031.000,8716,1,EA,1,100,0.723404
1752172853.558835,459097.500,8733,2,EA,1,100,0.723254
1752172853.625336,459164.000,8733,2,EA,1,100,0.723554
1752172853.692336,459231.000,8750,1,EA,1,100,0.724232
1752172853.758837,459297.500,8766,2,EA,1,100,0.723480
1752172853.825337,459364.000,8766,2,EA,1,100,0.723480
1752172853.891838,459430.500,8783,2,EA,1,100,0.723856
1752172853.958338,459497.000,8783,2,EA,1,100,0.724307
1752172854.025339,459564.000,8800,1,EA,1,100,0.724081
1752172854.091839,459630.500,8815,2,EA,1,100,0.724232
1752172854.158340,459697.000,8815,2,EA,1,100,0.723931
1752172854.225341,459764.000,8831,1,EA,1,100,0.723856
1752172854.291841,459830.500,8851,2,EA,1,100,0.724307
1752172854.358342,459897.000,8851,2,EA,1,100,0.724006
1752172854.425342,459964.000,8867,1,EA,1,100,0.724458
1752172854.491843,460030.500,8882,2,EA,1,100,0.724910
1752172854.558343,460097.000,8882,2,EA,1,100,0.725061
1752172854.625344,460164.000,8898,1,EA,1,100,0.724986
1752172854.691844,460230.500,8916,2,EA,1,100,0.725515
1752172854.758345,460297.000,8916,2,EA,1,100,0.725666
1752172854.825345,460364.000,8934,1,EA,1,100,0.725061
1752172854.891846,460430.500,8949,2,EA,1,100,0.724760
1752172854.958347,460497.000,8949,2,EA,1,100,0.725213
1752172855.025347,460564.000,8966,1,EA,1,100,0.725137
1752172855.091848,460630.500,8983,2,EA,1,100,0.725515
1752172855.158348,460697.000,8983,2,EA,1,100,0.725590
1752172855.225349,460764.000,8999,1,EA,1,100,0.725969
1752172855.291849,460830.500,9015,2,EA,1,100,0.725590
1752172855.358350,460897.000,9015,2,EA,1,100,0.725666
1752172855.425350,460964.000,9033,1,EA,1,100,0.726196
1752172855.491851,461030.500,9050,2,EA,1,100,0.726499
1752172855.558351,461097.000,9050,2,EA,1,100,0.726120
1752172855.625352,461164.000,9066,1,EA,1,100,0.726044
1752172855.691852,461230.500,9083,2,EA,1,100,0.726196
1752172855.758353,461297.000,9083,2,EA,1,100,0.726727
1752172855.825354,461364.000,9098,1,EA,1,100,0.726802
1752172855.891854,461430.500,9117,2,EA,1,100,0.726575
1752172855.958355,461497.000,9117,2,EA,1,100,0.726499
1752172856.025355,461564.000,9134,1,EA,1,100,0.726802
1752172856.091856,461630.500,9150,2,EA,1,100,0.727106
1752172856.158356,461697.000,9150,2,EA,1,100,0.727106
1752172856.224857,461763.500,9165,2,EA,1,100,0.727334
1752172856.291357,461830.000,9165,2,EA,1,100,0.728019
1752172856.358358,461897.000,9183,1,EA,1,100,0.727942
1752172856.424858,461963.500,9201,2,EA,1,100,0.727942
1752172856.491359,462030.000,9201,2,EA,1,100,0.727714
1752172856.558360,462097.000,9220,1,EA,1,100,0.727486
1752172856.624860,462163.500,9235,2,EA,1,100,0.727790
1752172856.691361,462230.000,9235,2,EA,1,100,0.728323
1752172856.758361,462297.000,9252,1,EA,1,100,0.728628
1752172856.824862,462363.500,9273,2,EA,1,100,0.728857
1752172856.891362,462430.000,9273,2,EA,1,100,0.728628
1752172856.958363,462497.000,9290,1,EA,1,100,0.728781
1752172857.024863,462563.500,9307,2,EA,1,100,0.729162
1752172857.091364,462630.000,9307,2,EA,1,100,0.728933
1752172857.158364,462697.000,9324,1,EA,1,100,0.728857
1752172857.224865,462763.500,9340,2,EA,1,100,0.728781
1752172857.291366,462830.000,9340,2,EA,1,100,0.728857
1752172857.358366,462897.000,9358,1,EA,1,100,0.729085
1752172857.424867,462963.500,9372,2,EA,1,100,0.729467
1752172857.491367,463030.000,9372,2,EA,1,100,0.729544
1752172857.558368,463097.000,9389,1,EA,1,100,0.729620
1752172857.624868,463163.500,9408,2,EA,1,100,0.729620
1752172857.691369,463230.000,9408,2,EA,1,100,0.729009
1752172857.758369,463297.000,9425,1,EA,1,100,0.729391
1752172857.824870,463363.500,9440,2,EA,1,100,0.730309
1752172857.891370,463430.000,9440,2,EA,1,100,0.729927
1752172857.958371,463497.000,9456,1,EA,1,100,0.730003
1752172858.024871,463563.500,9473,2,EA,1,100,0.730616
1752172858.091372,463630.000,9473,2,EA,1,100,0.730232
1752172858.158373,463697.000,9490,1,EA,1,100,0.730080
1752172858.224873,463763.500,9507,2,EA,1,100,0.730080
1752172858.291374,463830.000,9507,2,EA,1,100,0.730232
1752172858.357874,463896.500,9524,2,EA,1,100,0.730693
1752172858.424375,463963.000,9524,2,EA,1,100,0.730309
1752172858.491375,464030.000,9540,1,EA,1,100,0.730923
1752172858.557876,464096.500,9557,2,EA,1,100,0.731383
1752172858.624376,464163.000,9557,2,EA,1,100,0.732152
1752172858.691377,464230.000,9574,1,EA,1,100,0.731460
1752172858.757877,464296.500,9589,2,EA,1,100,0.731307
1752172858.824378,464363.000,9589,2,EA,1,100,0.731076
1752172858.891379,464430.000,9605,1,EA,1,100,0.730999
1752172858.957879,464496.500,9625,2,EA,1,100,0.731614
1752172859.024380,464563.000,9625,2,EA,1,100,0.731383
1752172859.091380,464630.000,9641,1,EA,1,100,0.731307
1752172859.157881,464696.500,9656,2,EA,1,100,0.731230
1752172859.224381,464763.000,9656,2,EA,1,100,0.731691
1752172859.291382,464830.000,9672,1,EA,1,100,0.732384
1752172859.357882,464896.500,9690,2,EA,1,100,0.732230
1752172859.424383,464963.000,9690,2,EA,1,100,0.732769
1752172859.491383,465030.000,9706,1,EA,1,100,0.732461
1752172859.557884,465096.500,9723,2,EA,1,100,0.732537
1752172859.624384,465163.000,9723,2,EA,1,100,0.732923
1752172859.691385,465230.000,9740,1,EA,1,100,0.733464
1752172859.757886,465296.500,9757,2,EA,1,100,0.733001
1752172859.824386,465363.000,9757,2,EA,1,100,0.733155
1752172859.891387,465430.000,9773,1,EA,1,100,0.733001
1752172859.957887,465496.500,9789,2,EA,1,100,0.733001
1752172860.024388,465563.000,9789,2,EA,1,100,0.733155
1752172860.091388,465630.000,9805,1,EA,1,100,0.733077
1752172860.157889,465696.500,9824,2,EA,1,100,0.733309
1752172860.224389,465763.000,9824,2,EA,1,100,0.733850
1752172860.291390,465830.000,9840,1,EA,1,100,0.733773
1752172860.357890,465896.500,9857,2,EA,1,100,0.733695
1752172860.424391,465963.000,9857,2,EA,1,100,0.733618
1752172860.491392,466030.000,9872,1,EA,1,100,0.733464
1752172860.557892,466096.500,9889,2,EA,1,100,0.734857
1752172860.624393,466163.000,9889,2,EA,1,100,0.734547
1752172860.691393,466230.000,9908,2,EA,1,100,0.734702
1752172860.758394,466297.000,9908,2,EA,1,100,0.735168
1752172860.824394,466363.000,9925,1,EA,1,100,0.734857
1752172860.891395,466430.000,9939,2,EA,1,100,0.734780
1752172860.958395,466497.000,9939,2,EA,1,100,0.734780
1752172861.024396,466563.000,9957,1,EA,1,100,0.735090
1752172861.091396,466630.000,9973,2,EA,1,100,0.735478
1752172861.158397,466697.000,9973,2,EA,1,100,0.735245
1752172861.224397,466763.000,9990,1,EA,1,100,0.735711
1752172861.290898,466829.500,10007,2,EA,1,100,0.736411
1752172861.357399,466896.000,10007,2,EA,1,100,0.735789
1752172861.424399,466963.000,10026,1,EA,1,100,0.735867
1752172861.490900,467029.500,10042,2,EA,1,100,0.735867
1752172861.557400,467096.000,10042,2,EA,1,100,0.735478
1752172861.624401,467163.000,10059,1,EA,1,100,0.735556
1752172861.690901,467229.500,10074,2,EA,1,100,0.736178
1752172861.757402,467296.000,10074,2,EA,1,100,0.735945
1752172861.824402,467363.000,10091,1,EA,1,100,0.736646
1752172861.890903,467429.500,10114,2,EA,1,100,0.737660
1752172861.957403,467496.000,10114,2,EA,1,100,0.737347
1752172862.024404,467563.000,10132,1,EA,1,100,0.737036
1752172862.090905,467629.500,10146,2,EA,1,100,0.736879
1752172862.157405,467696.000,10146,2,EA,1,100,0.737036
1752172862.224406,467763.000,10163,1,EA,1,100,0.737113
1752172862.290906,467829.500,10180,2,EA,1,100,0.737270
1752172862.357407,467896.000,10180,2,EA,1,100,0.737191
1752172862.424407,467963.000,10199,1,EA,1,100,0.737347
1752172862.490908,468029.500,10214,2,EA,1,100,0.738051
1752172862.557408,468096.000,10214,2,EA,1,100,0.737972
1752172862.624409,468163.000,10230,1,EA,1,100,0.738129
1752172862.690909,468229.500,10247,2,EA,1,100,0.738364
1752172862.757410,468296.000,10247,2,EA,1,100,0.738129
1752172862.824411,468363.000,10264,2,EA,1,100,0.738129
1752172862.891411,468430.000,10264,2,EA,1,100,0.738364
1752172862.957412,468496.000,10280,1,EA,1,100,0.738521
1752172863.024412,468563.000,10298,2,EA,1,100,0.738991
1752172863.091413,468630.000,10298,2,EA,1,100,0.738834
1752172863.157413,468696.000,10314,1,EA,1,100,0.738756
1752172863.224414,468763.000,10331,2,EA,1,100,0.739069
1752172863.291414,468830.000,10331,2,EA,1,100,0.739227
1752172863.357415,468896.000,10348,1,EA,1,100,0.739069
1752172863.424415,468963.000,10363,2,EA,1,100,0.739777
1752172863.491416,469030.000,10363,2,EA,1,100,0.739462
1752172863.557416,469096.000,10379,1,EA,1,100,0.739227
1752172863.624417,469163.000,10397,2,EA,1,100,0.739227
1752172863.691418,469230.000,10397,2,EA,1,100,0.739384
1752172863.757418,469296.000,10415,1,EA,1,100,0.739698
1752172863.824419,469363.000,10430,2,EA,1,100,0.739698
1752172863.891419,469430.000,10430,2,EA,1,100,0.740012
1752172863.957420,469496.000,10446,1,EA,1,100,0.740327
1752172864.024420,469563.000,10464,2,EA,1,100,0.740800
1752172864.091421,469630.000,10464,2,EA,1,100,0.740484
1752172864.157421,469696.000,10482,1,EA,1,100,0.741036
1752172864.224422,469763.000,10498,2,EA,1,100,0.740720
1752172864.291422,469830.000,10498,2,EA,1,100,0.740248
1752172864.357423,469896.000,10514,1,EA,1,100,0.740170
1752172864.424424,469963.000,10531,2,EA,1,100,0.740878
1752172864.491424,470030.000,10531,2,EA,1,100,0.740720
1752172864.557425,470096.000,10547,1,EA,1,100,0.741115
1752172864.623925,470162.500,10564,2,EA,1,100,0.741273
1752172864.690426,470229.000,10564,2,EA,1,100,0.741431
1752172864.757426,470296.000,10581,2,EA,1,100,0.741589
1752172864.824427,470363.000,10581,2,EA,1,100,0.741509
1752172864.891427,470430.000,10598,1,EA,1,100,0.741589
1752172864.957928,470496.500,10615,2,EA,1,100,0.741747
1752172865.024428,470563.000,10615,2,EA,1,100,0.741589
1752172865.090429,470629.000,10632,1,EA,1,100,0.741904
1752172865.157429,470696.000,10646,2,EA,1,100,0.742300
1752172865.224430,470763.000,10646,2,EA,1,100,0.742617
1752172865.290431,470829.000,10663,1,EA,1,100,0.742221
1752172865.357431,470896.000,10682,2,EA,1,100,0.741904
1752172865.424432,470963.000,10682,2,EA,1,100,0.742379
1752172865.490432,471029.000,10699,1,EA,1,100,0.742617
1752172865.557433,471096.000,10713,2,EA,1,100,0.742934
1752172865.624433,471163.000,10713,2,EA,1,100,0.742696
1752172865.690434,471229.000,10731,1,EA,1,100,0.742854
1752172865.757434,471296.000,10747,2,EA,1,100,0.743172
1752172865.824435,471363.000,10747,2,EA,1,100,0.742934
1752172865.891435,471430.000,10764,1,EA,1,100,0.743092
1752172865.957936,471496.500,10781,2,EA,1,100,0.743331
1752172866.024437,471563.000,10781,2,EA,1,100,0.743410
1752172866.090437,471629.000,10798,1,EA,1,100,0.743489
1752172866.157438,471696.000,10814,2,EA,1,100,0.743648
1752172866.224438,471763.000,10814,2,EA,1,100,0.744045
1752172866.290439,471829.000,10831,1,EA,1,100,0.744045
1752172866.357439,471896.000,10849,2,EA,1,100,0.744443
1752172866.424440,471963.000,10849,2,EA,1,100,0.744125
1752172866.490440,472029.000,10867,1,EA,1,100,0.744045
1752172866.557441,472096.000,10883,2,EA,1,100,0.744443
1752172866.624441,472163.000,10883,2,EA,1,100,0.744523
1752172866.691442,472230.000,10901,1,EA,1,100,0.744682
1752172866.757943,472296.500,10916,2,EA,1,100,0.744523
1752172866.824443,472363.000,10916,2,EA,1,100,0.744443
1752172866.890944,472429.500,10932,2,EA,1,100,0.744921
1752172866.957444,472496.000,10932,2,EA,1,100,0.745080
1752172867.024445,472563.000,10954,1,EA,1,100,0.745080
1752172867.090945,472629.500,10973,2,EA,1,100,0.745240
1752172867.157446,472696.000,10973,2,EA,1,100,0.744682
1752172867.224446,472763.000,10989,1,EA,1,100,0.744762
1752172867.290947,472829.500,11005,2,EA,1,100,0.745400
1752172867.357447,472896.000,11005,2,EA,1,100,0.745799
1752172867.424448,472963.000,11021,1,EA,1,100,0.745240
1752172867.490948,473029.500,11038,2,EA,1,100,0.744921
1752172867.557449,473096.000,11038,2,EA,1,100,0.745479
1752172867.624450,473163.000,11056,1,EA,1,100,0.746599
1752172867.690950,473229.500,11072,2,EA,1,100,0.746278
1752172867.757451,473296.000,11072,2,EA,1,100,0.745959
1752172867.824451,473363.000,11088,1,EA,1,100,0.746519
1752172867.890952,473429.500,11105,2,EA,1,100,0.746438
1752172867.957452,473496.000,11105,2,EA,1,100,0.746359
1752172868.024453,473563.000,11122,1,EA,1,100,0.746599
1752172868.090953,473629.500,11138,2,EA,1,100,0.746599
1752172868.157454,473696.000,11138,2,EA,1,100,0.746198
1752172868.223954,473762.500,11155,2,EA,1,100,0.746119
1752172868.290455,473829.000,11155,2,EA,1,100,0.747160
1752172868.357456,473896.000,11173,1,EA,1,100,0.746839
1752172868.423956,473962.500,11189,2,EA,1,100,0.746839
1752172868.490457,474029.000,11189,2,EA,1,100,0.746759
1752172868.557457,474096.000,11206,1,EA,1,100,0.746999
1752172868.623958,474162.500,11221,2,EA,1,100,0.747239
1752172868.690458,474229.000,11221,2,EA,1,100,0.746999
1752172868.757459,474296.000,11240,1,EA,1,100,0.747561
1752172868.823959,474362.500,11256,2,EA,1,100,0.747721
1752172868.890460,474429.000,11256,2,EA,1,100,0.747320
1752172868.957460,474496.000,11273,1,EA,1,100,0.747721
1752172869.023961,474562.500,11288,2,EA,1,100,0.747641
1752172869.090461,474629.000,11288,2,EA,1,100,0.747641
1752172869.157462,474696.000,11305,1,EA,1,100,0.747881
1752172869.223963,474762.500,11321,2,EA,1,100,0.748283
1752172869.290463,474829.000,11321,2,EA,1,100,0.747721
1752172869.357464,474896.000,11341,1,EA,1,100,0.747962
1752172869.423964,474962.500,11355,2,EA,1,100,0.748123
1752172869.490465,475029.000,11355,2,EA,1,100,0.748042
1752172869.557465,475096.000,11372,1,EA,1,100,0.748525
1752172869.623966,475162.500,11389,2,EA,1,100,0.749088
1752172869.690466,475229.000,11389,2,EA,1,100,0.749169
1752172869.757467,475296.000,11406,1,EA,1,100,0.749331
1752172869.823967,475362.500,11422,2,EA,1,100,0.749573
1752172869.890468,475429.000,11422,2,EA,1,100,0.749169
1752172869.957469,475496.000,11439,1,EA,1,100,0.749088
1752172870.023969,475562.500,11456,2,EA,1,100,0.749331
1752172870.090470,475629.000,11456,2,EA,1,100,0.749331
1752172870.157470,475696.000,11473,1,EA,1,100,0.749573
1752172870.223971,475762.500,11488,2,EA,1,100,0.749734
1752172870.290471,475829.000,11488,2,EA,1,100,0.750543
1752172870.357472,475896.000,11505,1,EA,1,100,0.750381
1752172870.423972,475962.500,11523,2,EA,1,100,0.750219
1752172870.490473,476029.000,11523,2,EA,1,100,0.749734
1752172870.557473,476096.000,11540,1,EA,1,100,0.750461
1752172870.623974,476162.500,11556,2,EA,1,100,0.750866
1752172870.690474,476229.000,11556,2,EA,1,100,0.750623
1752172870.756975,476295.500,11572,2,EA,1,100,0.750785
1752172870.823476,476362.000,11572,2,EA,1,100,0.750947
1752172870.890476,476429.000,11588,1,EA,1,100,0.750866
1752172870.956977,476495.500,11608,2,EA,1,100,0.751109
1752172871.023477,476562.000,11608,2,EA,1,100,0.751271
1752172871.090478,476629.000,11624,1,EA,1,100,0.751271
1752172871.156978,476695.500,11639,2,EA,1,100,0.751352
1752172871.223479,476762.000,11639,2,EA,1,100,0.752164
1752172871.290479,476829.000,11655,1,EA,1,100,0.751676
1752172871.356980,476895.500,11675,2,EA,1,100,0.752082
1752172871.423480,476962.000,11675,2,EA,1,100,0.752002
1752172871.490481,477029.000,11691,1,EA,1,100,0.751920
1752172871.556982,477095.500,11708,2,EA,1,100,0.751758
1752172871.623482,477162.000,11708,2,EA,1,100,0.752245
1752172871.690483,477229.000,11725,1,EA,1,100,0.752002
1752172871.756983,477295.500,11742,2,EA,1,100,0.752082
1752172871.823484,477362.000,11742,2,EA,1,100,0.752164
1752172871.890484,477429.000,11758,1,EA,1,100,0.752326
1752172871.956985,477495.500,11774,2,EA,1,100,0.752978
1752172872.023485,477562.000,11774,2,EA,1,100,0.752408
1752172872.090486,477629.000,11790,1,EA,1,100,0.752408
1752172872.156986,477695.500,11814,2,EA,1,100,0.752326
1752172872.223487,477762.000,11814,2,EA,1,100,0.752815
1752172872.290488,477829.000,11830,1,EA,1,100,0.752652
1752172872.356988,477895.500,11846,2,EA,1,100,0.753140
1752172872.423489,477962.000,11846,2,EA,1,100,0.753140
1752172872.490489,478029.000,11862,1,EA,1,100,0.752978
1752172872.556990,478095.500,11879,2,EA,1,100,0.753385
1752172872.623490,478162.000,11879,2,EA,1,100,0.753711
1752172872.690491,478229.000,11896,1,EA,1,100,0.753874
1752172872.756991,478295.500,11914,2,EA,1,100,0.753955
1752172872.823492,478362.000,11914,2,EA,1,100,0.753793
1752172872.890492,478429.000,11929,1,EA,1,100,0.753793
1752172872.956993,478495.500,11947,2,EA,1,100,0.754364
1752172873.023493,478562.000,11947,2,EA,1,100,0.754364
1752172873.089994,478628.500,11963,2,EA,1,100,0.754038
1752172873.156495,478695.000,11963,2,EA,1,100,0.754610
1752172873.223495,478762.000,11980,1,EA,1,100,0.754610
1752172873.289996,478828.500,11997,2,EA,1,100,0.754773
1752172873.356496,478895.000,11997,2,EA,1,100,0.754528
1752172873.423497,478962.000,12014,1,EA,1,100,0.754773
1752172873.489997,479028.500,12030,2,EA,1,100,0.754855
1752172873.556498,479095.000,12030,2,EA,1,100,0.754446
1752172873.623498,479162.000,12047,1,EA,1,100,0.754855
1752172873.689999,479228.500,12062,2,EA,1,100,0.755674
1752172873.756499,479295.000,12062,2,EA,1,100,0.755182
1752172873.823500,479362.000,12079,1,EA,1,100,0.755429
1752172873.890001,479428.500,12095,2,EA,1,100,0.755429
1752172873.956501,479495.000,12095,2,EA,1,100,0.755346
1752172874.023502,479562.000,12115,1,EA,1,100,0.755510
1752172874.090002,479628.500,12129,2,EA,1,100,0.755756
1752172874.156503,479695.000,12129,2,EA,1,100,0.755756
1752172874.223503,479762.000,12146,1,EA,1,100,0.756249
1752172874.290004,479828.500,12163,2,EA,1,100,0.756660
1752172874.356504,479895.000,12163,2,EA,1,100,0.756085
1752172874.423505,479962.000,12180,1,EA,1,100,0.756660
1752172874.490005,480028.500,12194,2,EA,1,100,0.757318
1752172874.556506,480095.000,12194,2,EA,1,100,0.756742
1752172874.623506,480162.000,12213,1,EA,1,100,0.756907
1752172874.690007,480228.500,12230,2,EA,1,100,0.756577
1752172874.756508,480295.000,12230,2,EA,1,100,0.757071
1752172874.823508,480362.000,12247,1,EA,1,100,0.756989
1752172874.890009,480428.500,12261,2,EA,1,100,0.757400
1752172874.956509,480495.000,12261,2,EA,1,100,0.757318
1752172875.023510,480562.000,12279,1,EA,1,100,0.757565
1752172875.090010,480628.500,12295,2,EA,1,100,0.757154
1752172875.156511,480695.000,12295,2,EA,1,100,0.757236
1752172875.223511,480762.000,12314,1,EA,1,100,0.757154
1752172875.290012,480828.500,12330,2,EA,1,100,0.757730
1752172875.356512,480895.000,12330,2,EA,1,100,0.757730
1752172875.423013,480961.500,12346,2,EA,1,100,0.758391
1752172875.489514,481028.000,12346,2,EA,1,100,0.758473
1752172875.556514,481095.000,12362,1,EA,1,100,0.757978
1752172875.623015,481161.500,12380,2,EA,1,100,0.757813
1752172875.689515,481228.000,12380,2,EA,1,100,0.758391
1752172875.756516,481295.000,12396,1,EA,1,100,0.758391
1752172875.823016,481361.500,12411,2,EA,1,100,0.758722
1752172875.889517,481428.000,12411,2,EA,1,100,0.758473
1752172875.956517,481495.000,12429,1,EA,1,100,0.758308
1752172876.023018,481561.500,12447,2,EA,1,100,0.758722
1752172876.089518,481628.000,12447,2,EA,1,100,0.758556
1752172876.156519,481695.000,12463,1,EA,1,100,0.758804
1752172876.223019,481761.500,12478,2,EA,1,100,0.759052
1752172876.289520,481828.000,12478,2,EA,1,100,0.758556
1752172876.356521,481895.000,12495,1,EA,1,100,0.758969
1752172876.423021,481961.500,12514,2,EA,1,100,0.759466
1752172876.489522,482028.000,12514,2,EA,1,100,0.759632
1752172876.556522,482095.000,12532,1,EA,1,100,0.759714
1752172876.623023,482161.500,12548,2,EA,1,100,0.759798
1752172876.689523,482228.000,12548,2,EA,1,100,0.759880
1752172876.756524,482295.000,12564,1,EA,1,100,0.759798
1752172876.823024,482361.500,12581,2,EA,1,100,0.760213
1752172876.889525,482428.000,12581,2,EA,1,100,0.760877
1752172876.956525,482495.000,12597,1,EA,1,100,0.760628
1752172877.023026,482561.500,12613,2,EA,1,100,0.760379
1752172877.089527,482628.000,12613,2,EA,1,100,0.760461
1752172877.156527,482695.000,12631,1,EA,1,100,0.760960
1752172877.223194,482761.667,12652,3,EA,1,100,0.760960
1752172877.289862,482828.333,12652,3,EA,1,100,0.761293
1752172877.356529,482895.000,12652,3,EA,1,100,0.761210
1752172877.423029,482961.500,12669,2,EA,1,100,0.760877
1752172877.489530,483028.000,12669,2,EA,1,100,0.760213
1752172877.556530,483095.000,12685,1,EA,1,100,0.760711
1752172877.623031,483161.500,12703,2,EA,1,100,0.761126
1752172877.689531,483228.000,12703,2,EA,1,100,0.761376
1752172877.756532,483295.000,12721,1,EA,1,100,0.761044
1752172877.823033,483361.500,12736,2,EA,1,100,0.761543
1752172877.889533,483428.000,12736,2,EA,1,100,0.761460
1752172877.956534,483495.000,12752,1,EA,1,100,0.761709
1752172878.023034,483561.500,12770,2,EA,1,100,0.761959
1752172878.089535,483628.000,12770,2,EA,1,100,0.761543
1752172878.156535,483695.000,12786,1,EA,1,100,0.761709
1752172878.223036,483761.500,12801,2,EA,1,100,0.762126
1752172878.289536,483828.000,12801,2,EA,1,100,0.762293
1752172878.356537,483895.000,12818,1,EA,1,100,0.762544
1752172878.423037,483961.500,12837,2,EA,1,100,0.762544
1752172878.489538,484028.000,12837,2,EA,1,100,0.762711
1752172878.556538,484095.000,12853,1,EA,1,100,0.762627
1752172878.623039,484161.500,12869,2,EA,1,100,0.762711
1752172878.689540,484228.000,12869,2,EA,1,100,0.762377
1752172878.756540,484295.000,12885,1,EA,1,100,0.762794
1752172878.823041,484361.500,12902,2,EA,1,100,0.762962
1752172878.889541,484428.000,12902,2,EA,1,100,0.763463
1752172878.956542,484495.000,12920,1,EA,1,100,0.763296
1752172879.023042,484561.500,12936,2,EA,1,100,0.763380
1752172879.089543,484628.000,12936,2,EA,1,100,0.763463
1752172879.156543,484695.000,12952,1,EA,1,100,0.763631
1752172879.223044,484761.500,12969,2,EA,1,100,0.763463
1752172879.289544,484828.000,12969,2,EA,1,100,0.763463
1752172879.356545,484895.000,12986,1,EA,1,100,0.763547
1752172879.423046,484961.500,13002,2,EA,1,100,0.763463
1752172879.489546,485028.000,13002,2,EA,1,100,0.763296
1752172879.556547,485095.000,13019,1,EA,1,100,0.763966
1752172879.623047,485161.500,13037,2,EA,1,100,0.764386
1752172879.689548,485228.000,13037,2,EA,1,100,0.764469
1752172879.756048,485294.500,13053,2,EA,1,100,0.764637
1752172879.822549,485361.000,13053,2,EA,1,100,0.764386
1752172879.889549,485428.000,13070,1,EA,1,100,0.764301
1752172879.956050,485494.500,13085,2,EA,1,100,0.764554
1752172880.022550,485561.000,13085,2,EA,1,100,0.764974
1752172880.089551,485628.000,13104,1,EA,1,100,0.765141
1752172880.156051,485694.500,13120,2,EA,1,100,0.765141
1752172880.222552,485761.000,13120,2,EA,1,100,0.764974
1752172880.289553,485828.000,13137,1,EA,1,100,0.765226
1752172880.356053,485894.500,13152,2,EA,1,100,0.765478
1752172880.422554,485961.000,13152,2,EA,1,100,0.765562
1752172880.489554,486028.000,13169,1,EA,1,100,0.765730
1752172880.556055,486094.500,13185,2,EA,1,100,0.765983
1752172880.622555,486161.000,13185,2,EA,1,100,0.765983
1752172880.689556,486228.000,13205,1,EA,1,100,0.766152
1752172880.756056,486294.500,13219,2,EA,1,100,0.765815
1752172880.822557,486361.000,13219,2,EA,1,100,0.765730
1752172880.889557,486428.000,13236,1,EA,1,100,0.765899
1752172880.956058,486494.500,13253,2,EA,1,100,0.766237
1752172881.022559,486561.000,13253,2,EA,1,100,0.766405
1752172881.089559,486628.000,13270,1,EA,1,100,0.766489
1752172881.156060,486694.500,13284,2,EA,1,100,0.766658
1752172881.222560,486761.000,13284,2,EA,1,100,0.766068
1752172881.289561,486828.000,13303,1,EA,1,100,0.766068
1752172881.356061,486894.500,13322,2,EA,1,100,0.766068
1752172881.422562,486961.000,13322,2,EA,1,100,0.766574
1752172881.489562,487028.000,13339,1,EA,1,100,0.766658
1752172881.556063,487094.500,13354,2,EA,1,100,0.766658
1752172881.622563,487161.000,13354,2,EA,1,100,0.767165
1752172881.689564,487228.000,13371,1,EA,1,100,0.767334
1752172881.756064,487294.500,13389,2,EA,1,100,0.767504
1752172881.822565,487361.000,13389,2,EA,1,100,0.767757
1752172881.889566,487428.000,13406,1,EA,1,100,0.768181
1752172881.956066,487494.500,13422,2,EA,1,100,0.767504
1752172882.022567,487561.000,13422,2,EA,1,100,0.767334
1752172882.089067,487627.500,13438,2,EA,1,100,0.768011
1752172882.155568,487694.000,13438,2,EA,1,100,0.768181
1752172882.222568,487761.000,13454,1,EA,1,100,0.768181
1752172882.289069,487827.500,13472,2,EA,1,100,0.768605
1752172882.355569,487894.000,13472,2,EA,1,100,0.768775
1752172882.422570,487961.000,13495,1,EA,1,100,0.768351
1752172882.489070,488027.500,13512,2,EA,1,100,0.768011
1752172882.555571,488094.000,13512,2,EA,1,100,0.768435
1752172882.622572,488161.000,13528,1,EA,1,100,0.768435
1752172882.689072,488227.500,13546,2,EA,1,100,0.768520
1752172882.755573,488294.000,13546,2,EA,1,100,0.768775
1752172882.822573,488361.000,13562,1,EA,1,100,0.768435
1752172882.889074,488427.500,13577,2,EA,1,100,0.768944
1752172882.955574,488494.000,13577,2,EA,1,100,0.768859
1752172883.022575,488561.000,13596,1,EA,1,100,0.769114
1752172883.089075,488627.500,13613,2,EA,1,100,0.769369
1752172883.155576,488694.000,13613,2,EA,1,100,0.769369
1752172883.222576,488761.000,13629,1,EA,1,100,0.769454
1752172883.289077,488827.500,13645,2,EA,1,100,0.769794
1752172883.355578,488894.000,13645,2,EA,1,100,0.769369
1752172883.422578,488961.000,13661,1,EA,1,100,0.769709
1752172883.489079,489027.500,13678,2,EA,1,100,0.769965
1752172883.555579,489094.000,13678,2,EA,1,100,0.769965
1752172883.622580,489161.000,13696,1,EA,1,100,0.769880
1752172883.689080,489227.500,13712,2,EA,1,100,0.770476
1752172883.755581,489294.000,13712,2,EA,1,100,0.770561
1752172883.822581,489361.000,13728,1,EA,1,100,0.770476
1752172883.889082,489427.500,13745,2,EA,1,100,0.770561
1752172883.955582,489494.000,13745,2,EA,1,100,0.770646
1752172884.022583,489561.000,13762,1,EA,1,100,0.770646
1752172884.089083,489627.500,13780,2,EA,1,100,0.771159
1752172884.155584,489694.000,13780,2,EA,1,100,0.770988
1752172884.222585,489761.000,13795,1,EA,1,100,0.770903
1752172884.289085,489827.500,13813,2,EA,1,100,0.771159
1752172884.355586,489894.000,13813,2,EA,1,100,0.771586
1752172884.422586,489961.000,13829,2,EA,1,100,0.772185
1752172884.489587,490028.000,13829,2,EA,1,100,0.773386
1752172884.555587,490094.000,13846,1,EA,1,100,0.773300
1752172884.622088,490160.500,13861,2,EA,1,100,0.773472
1752172884.688588,490227.000,13861,2,EA,1,100,0.773730
1752172884.755589,490294.000,13880,1,EA,1,100,0.773902
1752172884.822089,490360.500,13896,2,EA,1,100,0.774246
1752172884.888590,490427.000,13896,2,EA,1,100,0.774160
1752172884.955591,490494.000,13913,1,EA,1,100,0.774160
1752172885.022091,490560.500,13928,2,EA,1,100,0.774591
1752172885.088592,490627.000,13928,2,EA,1,100,0.774849
1752172885.155592,490694.000,13945,1,EA,1,100,0.775194
1752172885.222093,490760.500,13961,2,EA,1,100,0.775280
1752172885.288593,490827.000,13961,2,EA,1,100,0.774935
1752172885.355594,490894.000,13981,1,EA,1,100,0.775108
1752172885.422094,490960.500,13995,2,EA,1,100,0.775539
1752172885.488595,491027.000,13995,2,EA,1,100,0.775539
1752172885.555595,491094.000,14012,1,EA,1,100,0.775453
1752172885.622096,491160.500,14029,2,EA,1,100,0.775712
1752172885.688596,491227.000,14029,2,EA,1,100,0.776058
1752172885.755597,491294.000,14046,1,EA,1,100,0.776231
1752172885.822098,491360.500,14060,2,EA,1,100,0.776231
1752172885.888598,491427.000,14060,2,EA,1,100,0.776404
1752172885.955599,491494.000,14079,1,EA,1,100,0.776751
1752172886.022099,491560.500,14096,2,EA,1,100,0.776578
1752172886.088600,491627.000,14096,2,EA,1,100,0.776664
1752172886.155600,491694.000,14113,1,EA,1,100,0.776664
1752172886.222101,491760.500,14127,2,EA,1,100,0.776491
1752172886.288601,491827.000,14127,2,EA,1,100,0.776751
1752172886.355602,491894.000,14145,1,EA,1,100,0.777792
1752172886.422102,491960.500,14165,2,EA,1,100,0.777705
1752172886.488603,492027.000,14165,2,EA,1,100,0.777705
1752172886.555604,492094.000,14182,2,EA,1,100,0.778227
1752172886.622604,492161.000,14182,2,EA,1,100,0.778575
1752172886.688605,492227.000,14199,1,EA,1,100,0.777966
1752172886.755605,492294.000,14214,2,EA,1,100,0.778140
1752172886.822606,492361.000,14214,2,EA,1,100,0.778488
1752172886.888606,492427.000,14230,1,EA,1,100,0.778749
1752172886.955607,492494.000,14248,2,EA,1,100,0.778662
1752172887.022607,492561.000,14248,2,EA,1,100,0.778924
1752172887.088608,492627.000,14266,1,EA,1,100,0.779098
1752172887.155608,492694.000,14281,2,EA,1,100,0.779534
1752172887.222609,492761.000,14281,2,EA,1,100,0.778924
1752172887.288609,492827.000,14297,1,EA,1,100,0.779359
1752172887.355610,492894.000,14315,2,EA,1,100,0.780058
1752172887.422611,492961.000,14315,2,EA,1,100,0.779272
1752172887.488611,493027.000,14336,1,EA,1,100,0.779534
1752172887.555612,493094.000,14353,2,EA,1,100,0.780058
1752172887.622612,493161.000,14353,2,EA,1,100,0.780145
1752172887.688613,493227.000,14370,1,EA,1,100,0.780145
1752172887.755613,493294.000,14387,2,EA,1,100,0.780145
1752172887.822614,493361.000,14387,2,EA,1,100,0.780145
1752172887.888614,493427.000,14403,1,EA,1,100,0.780495
1752172887.955115,493493.500,14419,2,EA,1,100,0.780933
1752172888.021615,493560.000,14419,2,EA,1,100,0.780933
1752172888.088616,493627.000,14435,1,EA,1,100,0.781371
1752172888.155117,493693.500,14454,2,EA,1,100,0.781547
1752172888.221617,493760.000,14454,2,EA,1,100,0.781371
1752172888.288618,493827.000,14470,1,EA,1,100,0.781458
1752172888.355118,493893.500,14486,2,EA,1,100,0.781458
1752172888.421619,493960.000,14486,2,EA,1,100,0.781020
1752172888.488619,494027.000,14502,1,EA,1,100,0.781195
1752172888.555120,494093.500,14519,2,EA,1,100,0.781547
1752172888.621620,494160.000,14519,2,EA,1,100,0.781985
1752172888.688621,494227.000,14536,1,EA,1,100,0.781897
1752172888.755121,494293.500,14552,2,EA,1,100,0.782336
1752172888.821622,494360.000,14552,2,EA,1,100,0.782249
1752172888.888623,494427.000,14569,1,EA,1,100,0.782073
1752172888.955123,494493.500,14587,2,EA,1,100,0.782689
1752172889.021624,494560.000,14587,2,EA,1,100,0.782336
1752172889.088624,494627.000,14603,2,EA,1,100,0.782336
1752172889.155625,494694.000,14603,2,EA,1,100,0.782689
1752172889.221625,494760.000,14620,1,EA,1,100,0.782952
1752172889.288626,494827.000,14635,2,EA,1,100,0.783217
1752172889.355626,494894.000,14635,2,EA,1,100,0.783569
1752172889.421627,494960.000,14654,1,EA,1,100,0.783657
1752172889.488627,495027.000,14670,2,EA,1,100,0.784099
1752172889.555628,495094.000,14670,2,EA,1,100,0.783217
1752172889.621628,495160.000,14687,1,EA,1,100,0.783569
1752172889.688629,495227.000,14702,2,EA,1,100,0.783746
1752172889.755630,495294.000,14702,2,EA,1,100,0.783923
1752172889.821630,495360.000,14719,1,EA,1,100,0.784717
1752172889.888631,495427.000,14735,2,EA,1,100,0.784983
1752172889.955631,495494.000,14735,2,EA,1,100,0.785072
1752172890.021632,495560.000,14755,1,EA,1,100,0.785072
1752172890.088632,495627.000,14769,2,EA,1,100,0.785160
1752172890.155633,495694.000,14769,2,EA,1,100,0.784629
1752172890.221633,495760.000,14786,1,EA,1,100,0.784452
1752172890.288634,495827.000,14803,2,EA,1,100,0.784806
1752172890.355634,495894.000,14803,2,EA,1,100,0.784806
1752172890.421635,495960.000,14820,1,EA,1,100,0.784983
1752172890.488636,496027.000,14834,2,EA,1,100,0.785337
1752172890.555636,496094.000,14834,2,EA,1,100,0.785603
1752172890.621637,496160.000,14853,1,EA,1,100,0.785869
1752172890.688637,496227.000,14870,2,EA,1,100,0.785692
1752172890.755638,496294.000,14870,2,EA,1,100,0.785514
1752172890.821638,496360.000,14887,1,EA,1,100,0.785780
1752172890.888639,496427.000,14902,2,EA,1,100,0.785869
1752172890.955639,496494.000,14902,2,EA,1,100,0.785958
1752172891.022140,496560.500,14919,2,EA,1,100,0.786224
1752172891.088640,496627.000,14919,2,EA,1,100,0.785869
1752172891.155641,496694.000,14937,1,EA,1,100,0.785958
1752172891.222141,496760.500,14954,2,EA,1,100,0.786668
1752172891.288642,496827.000,14954,2,EA,1,100,0.786757
1752172891.354643,496893.000,14971,1,EA,1,100,0.786580
1752172891.421643,496960.000,14988,2,EA,1,100,0.787469
1752172891.488644,497027.000,14988,2,EA,1,100,0.787469
1752172891.554644,497093.000,15004,1,EA,1,100,0.787291
1752172891.621645,497160.000,15022,2,EA,1,100,0.787201
1752172891.688645,497227.000,15022,2,EA,1,100,0.787380
1752172891.754646,497293.000,15040,1,EA,1,100,0.787291
1752172891.821646,497360.000,15055,2,EA,1,100,0.787380
1752172891.888647,497427.000,15055,2,EA,1,100,0.787915
1752172891.954647,497493.000,15071,1,EA,1,100,0.787825
1752172892.021648,497560.000,15089,2,EA,1,100,0.788004
1752172892.088649,497627.000,15089,2,EA,1,100,0.788271
1752172892.154649,497693.000,15105,1,EA,1,100,0.788093
1752172892.221650,497760.000,15120,2,EA,1,100,0.788093
1752172892.288650,497827.000,15120,2,EA,1,100,0.788808
1752172892.354651,497893.000,15139,1,EA,1,100,0.788629
1752172892.421651,497960.000,15156,2,EA,1,100,0.788808
1752172892.488652,498027.000,15156,2,EA,1,100,0.788629
1752172892.554652,498093.000,15172,1,EA,1,100,0.788539
1752172892.621653,498160.000,15193,2,EA,1,100,0.788718
1752172892.688653,498227.000,15193,2,EA,1,100,0.788897
1752172892.754654,498293.000,15209,1,EA,1,100,0.789255
1752172892.821655,498360.000,15226,2,EA,1,100,0.789433
1752172892.888655,498427.000,15226,2,EA,1,100,0.789165
1752172892.955656,498494.000,15244,1,EA,1,100,0.789433
1752172893.022156,498560.500,15261,2,EA,1,100,0.789702
1752172893.088657,498627.000,15261,2,EA,1,100,0.789433
1752172893.154657,498693.000,15276,1,EA,1,100,0.789612
1752172893.221658,498760.000,15293,2,EA,1,100,0.790240
1752172893.288658,498827.000,15293,2,EA,1,100,0.789881
1752172893.355159,498893.500,15310,2,EA,1,100,0.789433
1752172893.421659,498960.000,15310,2,EA,1,100,0.790240
1752172893.488660,499027.000,15327,1,EA,1,100,0.790329
1752172893.555160,499093.500,15343,2,EA,1,100,0.790688
1752172893.621661,499160.000,15343,2,EA,1,100,0.790150
1752172893.688662,499227.000,15361,1,EA,1,100,0.790688
1752172893.755162,499293.500,15377,2,EA,1,100,0.790868
1752172893.821663,499360.000,15377,2,EA,1,100,0.791048
1752172893.888663,499427.000,15394,1,EA,1,100,0.791227
1752172893.955164,499493.500,15409,2,EA,1,100,0.791138
1752172894.021664,499560.000,15409,2,EA,1,100,0.791407
1752172894.088665,499627.000,15426,1,EA,1,100,0.791587
1752172894.155165,499693.500,15444,2,EA,1,100,0.791498
1752172894.221666,499760.000,15444,2,EA,1,100,0.791498
1752172894.288666,499827.000,15461,1,EA,1,100,0.791677
1752172894.355167,499893.500,15476,2,EA,1,100,0.791948
1752172894.421668,499960.000,15476,2,EA,1,100,0.792218
1752172894.488668,500027.000,15493,1,EA,1,100,0.792850
1752172894.555169,500093.500,15509,2,EA,1,100,0.793120
1752172894.621669,500160.000,15509,2,EA,1,100,0.792850
1752172894.688670,500227.000,15529,1,EA,1,100,0.792759
1752172894.755170,500293.500,15543,2,EA,1,100,0.792759
1752172894.821671,500360.000,15543,2,EA,1,100,0.793211
1752172894.888671,500427.000,15560,1,EA,1,100,0.793211
1752172894.955172,500493.500,15577,2,EA,1,100,0.793211
1752172895.021672,500560.000,15577,2,EA,1,100,0.793301
1752172895.088673,500627.000,15594,1,EA,1,100,0.793754
1752172895.155173,500693.500,15609,2,EA,1,100,0.793030
1752172895.221674,500760.000,15609,2,EA,1,100,0.793391
1752172895.288675,500827.000,15627,1,EA,1,100,0.793844
1752172895.355175,500893.500,15644,2,EA,1,100,0.793572
1752172895.421676,500960.000,15644,2,EA,1,100,0.793391
1752172895.488676,501027.000,15661,1,EA,1,100,0.793663
1752172895.555177,501093.500,15676,2,EA,1,100,0.793482
1752172895.621677,501160.000,15676,2,EA,1,100,0.794025
1752172895.688178,501226.500,15693,2,EA,1,100,0.794660
1752172895.754678,501293.000,15693,2,EA,1,100,0.794478
1752172895.821679,501360.000,15709,1,EA,1,100,0.794387
1752172895.888179,501426.500,15728,2,EA,1,100,0.794750
1752172895.954680,501493.000,15728,2,EA,1,100,0.794932
1752172896.021681,501560.000,15745,1,EA,1,100,0.794932
1752172896.088181,501626.500,15760,2,EA,1,100,0.795113
1752172896.154682,501693.000,15760,2,EA,1,100,0.795113
1752172896.221682,501760.000,15776,1,EA,1,100,0.795658
1752172896.288183,501826.500,15794,2,EA,1,100,0.796295
1752172896.354683,501893.000,15794,2,EA,1,100,0.795294
1752172896.421684,501960.000,15812,1,EA,1,100,0.795386
1752172896.488184,502026.500,15829,2,EA,1,100,0.796113
1752172896.554685,502093.000,15829,2,EA,1,100,0.795931
1752172896.621685,502160.000,15845,1,EA,1,100,0.795931
1752172896.688186,502226.500,15863,2,EA,1,100,0.796386
1752172896.754686,502293.000,15863,2,EA,1,100,0.795931
1752172896.821687,502360.000,15879,1,EA,1,100,0.796113
1752172896.888188,502426.500,15894,2,EA,1,100,0.796751
1752172896.954688,502493.000,15894,2,EA,1,100,0.796295
1752172897.021689,502560.000,15913,1,EA,1,100,0.796659
1752172897.088189,502626.500,15930,2,EA,1,100,0.797207
1752172897.154690,502693.000,15930,2,EA,1,100,0.796842
1752172897.221690,502760.000,15946,1,EA,1,100,0.796751
1752172897.288191,502826.500,15962,2,EA,1,100,0.796934
1752172897.354691,502893.000,15962,2,EA,1,100,0.797298
1752172897.421692,502960.000,15978,1,EA,1,100,0.797664
1752172897.488192,503026.500,15995,2,EA,1,100,0.797481
1752172897.554693,503093.000,15995,2,EA,1,100,0.797298
1752172897.621694,503160.000,16013,1,EA,1,100,0.797938
1752172897.688027,503226.333,16033,3,EA,1,100,0.798121
1752172897.754361,503292.667,16033,3,EA,1,100,0.798487
1752172897.820695,503359.000,16033,3,EA,1,100,0.798762
1752172897.887696,503426.000,16050,2,EA,1,100,0.798579
1752172897.954696,503493.000,16050,2,EA,1,100,0.798762
1752172898.021697,503560.000,16067,1,EA,1,100,0.798670
1752172898.088197,503626.500,16082,2,EA,1,100,0.798670
1752172898.154698,503693.000,16082,2,EA,1,100,0.798762
1752172898.220698,503759.000,16100,1,EA,1,100,0.798670
1752172898.287699,503826.000,16118,2,EA,1,100,0.798487
1752172898.354700,503893.000,16118,2,EA,1,100,0.798853
1752172898.421700,503960.000,16134,1,EA,1,100,0.799128
1752172898.488201,504026.500,16149,2,EA,1,100,0.798945
1752172898.554701,504093.000,16149,2,EA,1,100,0.799312
1752172898.621702,504160.000,16165,1,EA,1,100,0.799955
1752172898.688202,504226.500,16185,2,EA,1,100,0.800047
1752172898.754703,504293.000,16185,2,EA,1,100,0.799496
1752172898.820703,504359.000,16201,1,EA,1,100,0.799221
1752172898.887704,504426.000,16216,2,EA,1,100,0.799771
1752172898.954704,504493.000,16216,2,EA,1,100,0.800047
1752172899.020705,504559.000,16233,1,EA,1,100,0.799955
1752172899.087705,504626.000,16250,2,EA,1,100,0.799863
1752172899.154706,504693.000,16250,2,EA,1,100,0.800139
1752172899.220707,504759.000,16266,1,EA,1,100,0.800322
1752172899.287707,504826.000,16285,2,EA,1,100,0.799863
1752172899.354708,504893.000,16285,2,EA,1,100,0.800047
1752172899.420708,504959.000,16300,1,EA,1,100,0.800415
1752172899.487709,505026.000,16317,2,EA,1,100,0.800139
1752172899.554709,505093.000,16317,2,EA,1,100,0.800047
1752172899.620710,505159.000,16333,1,EA,1,100,0.800415
1752172899.687710,505226.000,16350,2,EA,1,100,0.800783
1752172899.754711,505293.000,16350,2,EA,1,100,0.800783
1752172899.821211,505359.500,16365,2,EA,1,100,0.801060
1752172899.887712,505426.000,16365,2,EA,1,100,0.801428
1752172899.954713,505493.000,16384,1,EA,1,100,0.801613
1752172900.021213,505559.500,16401,2,EA,1,100,0.801336
1752172900.087714,505626.000,16401,2,EA,1,100,0.801428
1752172900.154714,505693.000,16418,1,EA,1,100,0.801521
1752172900.221215,505759.500,16432,2,EA,1,100,0.801797
1752172900.287715,505826.000,16432,2,EA,1,100,0.802629
1752172900.354716,505893.000,16450,1,EA,1,100,0.802537
1752172900.421216,505959.500,16468,2,EA,1,100,0.802445
1752172900.487717,506026.000,16468,2,EA,1,100,0.801982
1752172900.553717,506092.000,16485,1,EA,1,100,0.802260
1752172900.620718,506159.000,16500,2,EA,1,100,0.802352
1752172900.687718,506226.000,16500,2,EA,1,100,0.802537
1752172900.754719,506293.000,16517,1,EA,1,100,0.802352
1752172900.821220,506359.500,16533,2,EA,1,100,0.802629
1752172900.887720,506426.000,16533,2,EA,1,100,0.803277
1752172900.954721,506493.000,16550,1,EA,1,100,0.803277
1752172901.021221,506559.500,16567,2,EA,1,100,0.803277
1752172901.087722,506626.000,16567,2,EA,1,100,0.802999
1752172901.154722,506693.000,16584,1,EA,1,100,0.803277
1752172901.221223,506759.500,16600,2,EA,1,100,0.803555
1752172901.287723,506826.000,16600,2,EA,1,100,0.803370
1752172901.354724,506893.000,16618,1,EA,1,100,0.803648
1752172901.421224,506959.500,16634,2,EA,1,100,0.803834
1752172901.487725,507026.000,16634,2,EA,1,100,0.803834
1752172901.553726,507092.000,16651,1,EA,1,100,0.804299
1752172901.620726,507159.000,16670,2,EA,1,100,0.803927
1752172901.687727,507226.000,16670,2,EA,1,100,0.803834
1752172901.754727,507293.000,16687,1,EA,1,100,0.804019
1752172901.821228,507359.500,16701,2,EA,1,100,0.804391
1752172901.887728,507426.000,16701,2,EA,1,100,0.804670
1752172901.954729,507493.000,16718,1,EA,1,100,0.804949
1752172902.021229,507559.500,16735,2,EA,1,100,0.804856
1752172902.087730,507626.000,16735,2,EA,1,100,0.805042
1752172902.153730,507692.000,16752,1,EA,1,100,0.804949
1752172902.220731,507759.000,16770,2,EA,1,100,0.804949
1752172902.287731,507826.000,16770,2,EA,1,100,0.805229
1752172902.354232,507892.500,16786,2,EA,1,100,0.805322
1752172902.420733,507959.000,16786,2,EA,1,100,0.805135
1752172902.487733,508026.000,16802,1,EA,1,100,0.805135
1752172902.554234,508092.500,16819,2,EA,1,100,0.805322
1752172902.620734,508159.000,16819,2,EA,1,100,0.805322
1752172902.687735,508226.000,16836,1,EA,1,100,0.805322
1752172902.754235,508292.500,16851,2,EA,1,100,0.806067
1752172902.820736,508359.000,16851,2,EA,1,100,0.805788
1752172902.887236,508425.500,16874,2,EA,1,100,0.805880
1752172902.953737,508492.000,16874,2,EA,1,100,0.806161
1752172903.020737,508559.000,16892,1,EA,1,100,0.805695
1752172903.087238,508625.500,16908,2,EA,1,100,0.806067
1752172903.153739,508692.000,16908,2,EA,1,100,0.806067
1752172903.220739,508759.000,16925,1,EA,1,100,0.806534
1752172903.287240,508825.500,16940,2,EA,1,100,0.806628
1752172903.353740,508892.000,16940,2,EA,1,100,0.806441
1752172903.420741,508959.000,16959,1,EA,1,100,0.806628
1752172903.487241,509025.500,16975,2,EA,1,100,0.807189
1752172903.553742,509092.000,16975,2,EA,1,100,0.807376
1752172903.620742,509159.000,16992,1,EA,1,100,0.807282
1752172903.687243,509225.500,17008,2,EA,1,100,0.807282
1752172903.753743,509292.000,17008,2,EA,1,100,0.807564
1752172903.820744,509359.000,17024,2,EA,1,100,0.808032
1752172903.887745,509426.000,17024,2,EA,1,100,0.807938
1752172903.953745,509492.000,17042,1,EA,1,100,0.807376
1752172904.020746,509559.000,17060,2,EA,1,100,0.807564
1752172904.087746,509626.000,17060,2,EA,1,100,0.807750
1752172904.153747,509692.000,17076,1,EA,1,100,0.807657
1752172904.220747,509759.000,17091,2,EA,1,100,0.807938
1752172904.287748,509826.000,17091,2,EA,1,100,0.808126
1752172904.353748,509892.000,17108,1,EA,1,100,0.808314
1752172904.420749,509959.000,17125,2,EA,1,100,0.808501
1752172904.487749,510026.000,17125,2,EA,1,100,0.808783
1752172904.553750,510092.000,17143,1,EA,1,100,0.808595
1752172904.620750,510159.000,17159,2,EA,1,100,0.808595
1752172904.687751,510226.000,17159,2,EA,1,100,0.808501
1752172904.753752,510292.000,17175,1,EA,1,100,0.808783
1752172904.820252,510358.500,17192,2,EA,1,100,0.808971
1752172904.886753,510425.000,17192,2,EA,1,100,0.809065
1752172904.953753,510492.000,17208,1,EA,1,100,0.809253
1752172905.020754,510559.000,17226,2,EA,1,100,0.809441
1752172905.087754,510626.000,17226,2,EA,1,100,0.809535
1752172905.153755,510692.000,17242,1,EA,1,100,0.809441
1752172905.220255,510758.500,17259,2,EA,1,100,0.809158
1752172905.286756,510825.000,17259,2,EA,1,100,0.809158
1752172905.353756,510892.000,17276,1,EA,1,100,0.809724
1752172905.420257,510958.500,17291,2,EA,1,100,0.810384
1752172905.486758,511025.000,17291,2,EA,1,100,0.809912
1752172905.553758,511092.000,17307,1,EA,1,100,0.810289
1752172905.620259,511158.500,17327,2,EA,1,100,0.810856
1752172905.686759,511225.000,17327,2,EA,1,100,0.810856
1752172905.753760,511292.000,17343,1,EA,1,100,0.811044
1752172905.820260,511358.500,17359,2,EA,1,100,0.811233
1752172905.886761,511425.000,17359,2,EA,1,100,0.811044
1752172905.953761,511492.000,17375,2,EA,1,100,0.811516
1752172906.020762,511559.000,17375,2,EA,1,100,0.811611
1752172906.086762,511625.000,17392,1,EA,1,100,0.810856
1752172906.153763,511692.000,17410,2,EA,1,100,0.810856
1752172906.220763,511759.000,17410,2,EA,1,100,0.811611
1752172906.286764,511825.000,17427,1,EA,1,100,0.811422
1752172906.353765,511892.000,17444,2,EA,1,100,0.811801
1752172906.420765,511959.000,17444,2,EA,1,100,0.811989
1752172906.486766,512025.000,17461,1,EA,1,100,0.812085
1752172906.553766,512092.000,17477,2,EA,1,100,0.811706
1752172906.620767,512159.000,17477,2,EA,1,100,0.811516
1752172906.686767,512225.000,17497,1,EA,1,100,0.811989
1752172906.753768,512292.000,17511,2,EA,1,100,0.812369
1752172906.820768,512359.000,17511,2,EA,1,100,0.811516
1752172906.886769,512425.000,17528,1,EA,1,100,0.811801
1752172906.953769,512492.000,17545,2,EA,1,100,0.812275
1752172907.020770,512559.000,17545,2,EA,1,100,0.812369
1752172907.086771,512625.000,17562,1,EA,1,100,0.812463
1752172907.153771,512692.000,17576,2,EA,1,100,0.813128
1752172907.220772,512759.000,17576,2,EA,1,100,0.812938
1752172907.286772,512825.000,17595,1,EA,1,100,0.813223
1752172907.353773,512892.000,17612,2,EA,1,100,0.812938
1752172907.420773,512959.000,17612,2,EA,1,100,0.812938
1752172907.486774,513025.000,17629,1,EA,1,100,0.813223
1752172907.553774,513092.000,17643,2,EA,1,100,0.813698
1752172907.620775,513159.000,17643,2,EA,1,100,0.813508
1752172907.686775,513225.000,17661,1,EA,1,100,0.813698
1752172907.753776,513292.000,17677,2,EA,1,100,0.813888
1752172907.820777,513359.000,17677,2,EA,1,100,0.814269
1752172907.886777,513425.000,17696,1,EA,1,100,0.814174
1752172907.953778,513492.000,17719,2,EA,1,100,0.813888
1752172908.020778,513559.000,17719,2,EA,1,100,0.814269
1752172908.086779,513625.000,17735,1,EA,1,100,0.814555
1752172908.153279,513691.500,17751,2,EA,1,100,0.814174
1752172908.219780,513758.000,17751,2,EA,1,100,0.814555
1752172908.286780,513825.000,17769,2,EA,1,100,0.814651
1752172908.353781,513892.000,17769,2,EA,1,100,0.814078
1752172908.419781,513958.000,17785,1,EA,1,100,0.814651
1752172908.486782,514025.000,17802,2,EA,1,100,0.815127
1752172908.553782,514092.000,17802,2,EA,1,100,0.814936
1752172908.620783,514159.000,17818,1,EA,1,100,0.814745
1752172908.687284,514225.500,17836,2,EA,1,100,0.815031
1752172908.753784,514292.000,17836,2,EA,1,100,0.815318
1752172908.819785,514358.000,17852,1,EA,1,100,0.815318
1752172908.886785,514425.000,17867,2,EA,1,100,0.815414
1752172908.953786,514492.000,17867,2,EA,1,100,0.815605
1752172909.019786,514558.000,17884,1,EA,1,100,0.815605
1752172909.086787,514625.000,17903,2,EA,1,100,0.816083
1752172909.153787,514692.000,17903,2,EA,1,100,0.816273
1752172909.219788,514758.000,17919,1,EA,1,100,0.816083
1752172909.286788,514825.000,17935,2,EA,1,100,0.816083
1752172909.353789,514892.000,17935,2,EA,1,100,0.816083
1752172909.419790,514958.000,17951,1,EA,1,100,0.816561
1752172909.486790,515025.000,17968,2,EA,1,100,0.816561
1752172909.553791,515092.000,17968,2,EA,1,100,0.816561
1752172909.620791,515159.000,17986,1,EA,1,100,0.816849
1752172909.687292,515225.500,18002,2,EA,1,100,0.816752
1752172909.753792,515292.000,18002,2,EA,1,100,0.816752
1752172909.819793,515358.000,18018,1,EA,1,100,0.816657
1752172909.886793,515425.000,18035,2,EA,1,100,0.816752
1752172909.953794,515492.000,18035,2,EA,1,100,0.817328
1752172910.019794,515558.000,18052,1,EA,1,100,0.817711
1752172910.086795,515625.000,18068,2,EA,1,100,0.817328
1752172910.153795,515692.000,18068,2,EA,1,100,0.817136
1752172910.219796,515758.000,18085,1,EA,1,100,0.817808
1752172910.286797,515825.000,18103,2,EA,1,100,0.817904
1752172910.353797,515892.000,18103,2,EA,1,100,0.817328
1752172910.420298,515958.500,18119,2,EA,1,100,0.817232
1752172910.486798,516025.000,18119,2,EA,1,100,0.817904
1752172910.553799,516092.000,18136,1,EA,1,100,0.817616
1752172910.620299,516158.500,18151,2,EA,1,100,0.818000
1752172910.686800,516225.000,18151,2,EA,1,100,0.818770
1752172910.753800,516292.000,18168,1,EA,1,100,0.818481
1752172910.820301,516358.500,18186,2,EA,1,100,0.818866
1752172910.886801,516425.000,18186,2,EA,1,100,0.818577
1752172910.952802,516491.000,18203,1,EA,1,100,0.818770
1752172911.019803,516558.000,18218,2,EA,1,100,0.818866
1752172911.086803,516625.000,18218,2,EA,1,100,0.819059
1752172911.153804,516692.000,18235,1,EA,1,100,0.819445
1752172911.220304,516758.500,18251,2,EA,1,100,0.819445
1752172911.286805,516825.000,18251,2,EA,1,100,0.819155
1752172911.353805,516892.000,18269,1,EA,1,100,0.819059
1752172911.420306,516958.500,18287,2,EA,1,100,0.819445
1752172911.486806,517025.000,18287,2,EA,1,100,0.819252
1752172911.552807,517091.000,18304,1,EA,1,100,0.819541
1752172911.619807,517158.000,18321,2,EA,1,100,0.819927
1752172911.686808,517225.000,18321,2,EA,1,100,0.820410
1752172911.752808,517291.000,18338,1,EA,1,100,0.820313
1752172911.819809,517358.000,18352,2,EA,1,100,0.820507
1752172911.886810,517425.000,18352,2,EA,1,100,0.820410
1752172911.953810,517492.000,18369,1,EA,1,100,0.820603
1752172912.020311,517558.500,18388,2,EA,1,100,0.820507
1752172912.086811,517625.000,18388,2,EA,1,100,0.821087
1752172912.152812,517691.000,18405,1,EA,1,100,0.821378
1752172912.219812,517758.000,18419,2,EA,1,100,0.820894
1752172912.286813,517825.000,18419,2,EA,1,100,0.821087
1752172912.353813,517892.000,18437,1,EA,1,100,0.821475
1752172912.420314,517958.500,18453,2,EA,1,100,0.821087
1752172912.486814,518025.000,18453,2,EA,1,100,0.821863
1752172912.553815,518092.000,18472,1,EA,1,100,0.822154
1752172912.620316,518158.500,18488,2,EA,1,100,0.822445
1752172912.686816,518225.000,18488,2,EA,1,100,0.822250
1752172912.752817,518291.000,18504,1,EA,1,100,0.822154
1752172912.819817,518358.000,18520,2,EA,1,100,0.822154
1752172912.886818,518425.000,18520,2,EA,1,100,0.822250
1752172912.953318,518491.500,18538,2,EA,1,100,0.822834
1752172913.019819,518558.000,18538,2,EA,1,100,0.822834
1752172913.086819,518625.000,18559,1,EA,1,100,0.822640
1752172913.153320,518691.500,18576,2,EA,1,100,0.822834
1752172913.219820,518758.000,18576,2,EA,1,100,0.822445
1752172913.286821,518825.000,18592,1,EA,1,100,0.823028
1752172913.353322,518891.500,18610,2,EA,1,100,0.823321
1752172913.419822,518958.000,18610,2,EA,1,100,0.823126
1752172913.486823,519025.000,18626,1,EA,1,100,0.822931
1752172913.553323,519091.500,18641,2,EA,1,100,0.823418
1752172913.619824,519158.000,18641,2,EA,1,100,0.823418
1752172913.686824,519225.000,18660,1,EA,1,100,0.823710
1752172913.753325,519291.500,18677,2,EA,1,100,0.823808
1752172913.819825,519358.000,18677,2,EA,1,100,0.823905
1752172913.886826,519425.000,18693,1,EA,1,100,0.824100
1752172913.953326,519491.500,18709,2,EA,1,100,0.824588
1752172914.019827,519558.000,18709,2,EA,1,100,0.824197
1752172914.086827,519625.000,18725,1,EA,1,100,0.824393
1752172914.153328,519691.500,18742,2,EA,1,100,0.824100
1752172914.219829,519758.000,18742,2,EA,1,100,0.824490
1752172914.286829,519825.000,18760,1,EA,1,100,0.824685
1752172914.353330,519891.500,18776,2,EA,1,100,0.825174
1752172914.419830,519958.000,18776,2,EA,1,100,0.824978
1752172914.486831,520025.000,18792,1,EA,1,100,0.824784
1752172914.553331,520091.500,18809,2,EA,1,100,0.824978
1752172914.619832,520158.000,18809,2,EA,1,100,0.824881
1752172914.686832,520225.000,18826,1,EA,1,100,0.824978
1752172914.753333,520291.500,18844,2,EA,1,100,0.825566
1752172914.819833,520358.000,18844,2,EA,1,100,0.824978
1752172914.885834,520424.000,18859,1,EA,1,100,0.825077
1752172914.952835,520491.000,18877,2,EA,1,100,0.825663
1752172915.019835,520558.000,18877,2,EA,1,100,0.825566
1752172915.086836,520625.000,18893,1,EA,1,100,0.826056
1752172915.153336,520691.500,18909,2,EA,1,100,0.825370
1752172915.219837,520758.000,18909,2,EA,1,100,0.825467
1752172915.286337,520824.500,18925,2,EA,1,100,0.825566
1752172915.352838,520891.000,18925,2,EA,1,100,0.825566
1752172915.419838,520958.000,18944,1,EA,1,100,0.825859
1752172915.486339,521024.500,18960,2,EA,1,100,0.825957
1752172915.552839,521091.000,18960,2,EA,1,100,0.826350
1752172915.619840,521158.000,18977,1,EA,1,100,0.826252
1752172915.686340,521224.500,18992,2,EA,1,100,0.826742
1752172915.752841,521291.000,18992,2,EA,1,100,0.827135
1752172915.819842,521358.000,19009,1,EA,1,100,0.827037
1752172915.886342,521424.500,19025,2,EA,1,100,0.827037
1752172915.952843,521491.000,19025,2,EA,1,100,0.827429
1752172916.019843,521558.000,19045,1,EA,1,100,0.827528
1752172916.086344,521624.500,19059,2,EA,1,100,0.827135
1752172916.152844,521691.000,19059,2,EA,1,100,0.827037
1752172916.219845,521758.000,19076,1,EA,1,100,0.827331
1752172916.286345,521824.500,19093,2,EA,1,100,0.826938
1752172916.352846,521891.000,19093,2,EA,1,100,0.827626
1752172916.419846,521958.000,19112,1,EA,1,100,0.828020
1752172916.486347,522024.500,19128,2,EA,1,100,0.828316
1752172916.552848,522091.000,19128,2,EA,1,100,0.827921
1752172916.619848,522158.000,19145,1,EA,1,100,0.828316
1752172916.686349,522224.500,19162,2,EA,1,100,0.828513
1752172916.752849,522291.000,19162,2,EA,1,100,0.828218
1752172916.819850,522358.000,19179,1,EA,1,100,0.828020
1752172916.886350,522424.500,19193,2,EA,1,100,0.828218
1752172916.952851,522491.000,19193,2,EA,1,100,0.828611
1752172917.019851,522558.000,19211,1,EA,1,100,0.828710
1752172917.086352,522624.500,19229,2,EA,1,100,0.828809
1752172917.152852,522691.000,19229,2,EA,1,100,0.828316
1752172917.219853,522758.000,19246,1,EA,1,100,0.828513
1752172917.286353,522824.500,19262,2,EA,1,100,0.828611
1752172917.352854,522891.000,19262,2,EA,1,100,0.829204
1752172917.419855,522958.000,19278,1,EA,1,100,0.829500
1752172917.486355,523024.500,19294,2,EA,1,100,0.829204
1752172917.552856,523091.000,19294,2,EA,1,100,0.829500
1752172917.619856,523158.000,19311,1,EA,1,100,0.829895
1752172917.686357,523224.500,19329,2,EA,1,100,0.830490
1752172917.752857,523291.000,19329,2,EA,1,100,0.830193
1752172917.819358,523357.500,19345,2,EA,1,100,0.829797
1752172917.885858,523424.000,19345,2,EA,1,100,0.830291
1752172917.952859,523491.000,19361,1,EA,1,100,0.830291
1752172918.019359,523557.500,19379,2,EA,1,100,0.830093
1752172918.085860,523624.000,19379,2,EA,1,100,0.830390
1752172918.152861,523691.000,19395,1,EA,1,100,0.830490
1752172918.219361,523757.500,19415,2,EA,1,100,0.830886
1752172918.285862,523824.000,19415,2,EA,1,100,0.831283
1752172918.352862,523891.000,19432,1,EA,1,100,0.830886
1752172918.419363,523957.500,19451,2,EA,1,100,0.830688
1752172918.485863,524024.000,19451,2,EA,1,100,0.830787
1752172918.552864,524091.000,19467,1,EA,1,100,0.830588
1752172918.619364,524157.500,19483,2,EA,1,100,0.830886
1752172918.685865,524224.000,19483,2,EA,1,100,0.831084
1752172918.752865,524291.000,19499,1,EA,1,100,0.831382
1752172918.819366,524357.500,19516,2,EA,1,100,0.831283
1752172918.885867,524424.000,19516,2,EA,1,100,0.831382
1752172918.952867,524491.000,19534,1,EA,1,100,0.831580
1752172919.019368,524557.500,19550,2,EA,1,100,0.831878
1752172919.085868,524624.000,19550,2,EA,1,100,0.831283
1752172919.152869,524691.000,19566,1,EA,1,100,0.831382
1752172919.219369,524757.500,19583,2,EA,1,100,0.832177
1752172919.285870,524824.000,19583,2,EA,1,100,0.831978
1752172919.352870,524891.000,19600,1,EA,1,100,0.832177
1752172919.419371,524957.500,19615,2,EA,1,100,0.832873
1752172919.485871,525024.000,19615,2,EA,1,100,0.832575
1752172919.552872,525091.000,19633,1,EA,1,100,0.832376
1752172919.619372,525157.500,19651,2,EA,1,100,0.832376
1752172919.685873,525224.000,19651,2,EA,1,100,0.832873
1752172919.752874,525291.000,19667,1,EA,1,100,0.833372
1752172919.819374,525357.500,19683,2,EA,1,100,0.833173
1752172919.885875,525424.000,19683,2,EA,1,100,0.832974
1752172919.952375,525490.500,19699,2,EA,1,100,0.832774
1752172920.018876,525557.000,19699,2,EA,1,100,0.833273
1752172920.085876,525624.000,19718,1,EA,1,100,0.833572
1752172920.152377,525690.500,19734,2,EA,1,100,0.833672
1752172920.218877,525757.000,19734,2,EA,1,100,0.834271
1752172920.285878,525824.000,19751,1,EA,1,100,0.834171
1752172920.352378,525890.500,19766,2,EA,1,100,0.833771
1752172920.418879,525957.000,19766,2,EA,1,100,0.833672
1752172920.485880,526024.000,19783,1,EA,1,100,0.834471
1752172920.552380,526090.500,19799,2,EA,1,100,0.835071
1752172920.618881,526157.000,19799,2,EA,1,100,0.834571
1752172920.685881,526224.000,19819,1,EA,1,100,0.834571
1752172920.752382,526290.500,19833,2,EA,1,100,0.834871
1752172920.818882,526357.000,19833,2,EA,1,100,0.834771
1752172920.885883,526424.000,19850,1,EA,1,100,0.835071
1752172920.952383,526490.500,19867,2,EA,1,100,0.835673
1752172921.018884,526557.000,19867,2,EA,1,100,0.835572
1752172921.085884,526624.000,19884,1,EA,1,100,0.835372
1752172921.152385,526690.500,19898,2,EA,1,100,0.835974
1752172921.218885,526757.000,19898,2,EA,1,100,0.835673
1752172921.285886,526824.000,19917,1,EA,1,100,0.835974
1752172921.352387,526890.500,19936,2,EA,1,100,0.835873
1752172921.418887,526957.000,19936,2,EA,1,100,0.835974
1752172921.485888,527024.000,19953,1,EA,1,100,0.835974
1752172921.552388,527090.500,19967,2,EA,1,100,0.835572
1752172921.618889,527157.000,19967,2,EA,1,100,0.835673
1752172921.685889,527224.000,19985,1,EA,1,100,0.836074
1752172921.752390,527290.500,20003,2,EA,1,100,0.836878
1752172921.818890,527357.000,20003,2,EA,1,100,0.836979
1752172921.885891,527424.000,20020,1,EA,1,100,0.836979
1752172921.952391,527490.500,20036,2,EA,1,100,0.837181
1752172922.018892,527557.000,20036,2,EA,1,100,0.837181
1752172922.085893,527624.000,20052,1,EA,1,100,0.837986
1752172922.152393,527690.500,20068,2,EA,1,100,0.836979
1752172922.218894,527757.000,20068,2,EA,1,100,0.837281
1752172922.285894,527824.000,20085,1,EA,1,100,0.837482
1752172922.352395,527890.500,20103,2,EA,1,100,0.837986
1752172922.418895,527957.000,20103,2,EA,1,100,0.837986
1752172922.485396,528023.500,20119,2,EA,1,100,0.837785
1752172922.551896,528090.000,20119,2,EA,1,100,0.838087
1752172922.618897,528157.000,20135,1,EA,1,100,0.838491
1752172922.685397,528223.500,20153,2,EA,1,100,0.838592
1752172922.751898,528290.000,20153,2,EA,1,100,0.838390
1752172922.818898,528357.000,20169,1,EA,1,100,0.838289
1752172922.885399,528423.500,20186,2,EA,1,100,0.839097
1752172922.951900,528490.000,20186,2,EA,1,100,0.839097
1752172923.018900,528557.000,20203,1,EA,1,100,0.838794
1752172923.085401,528623.500,20220,2,EA,1,100,0.839097
1752172923.151901,528690.000,20220,2,EA,1,100,0.838996
1752172923.218902,528757.000,20236,1,EA,1,100,0.839199
1752172923.285402,528823.500,20257,2,EA,1,100,0.839603
1752172923.351903,528890.000,20257,2,EA,1,100,0.839806
1752172923.418903,528957.000,20273,1,EA,1,100,0.839806
1752172923.485404,529023.500,20292,2,EA,1,100,0.840211
1752172923.551904,529090.000,20292,2,EA,1,100,0.839705
1752172923.618905,529157.000,20308,1,EA,1,100,0.839400
1752172923.685406,529223.500,20324,2,EA,1,100,0.840312
1752172923.751906,529290.000,20324,2,EA,1,100,0.840211
1752172923.818907,529357.000,20340,1,EA,1,100,0.840008
1752172923.885407,529423.500,20357,2,EA,1,100,0.839705
1752172923.951908,529490.000,20357,2,EA,1,100,0.840312
1752172924.018908,529557.000,20374,1,EA,1,100,0.840617
1752172924.085409,529623.500,20391,2,EA,1,100,0.840617
1752172924.151909,529690.000,20391,2,EA,1,100,0.840413
1752172924.218910,529757.000,20407,1,EA,1,100,0.840617
1752172924.285410,529823.500,20425,2,EA,1,100,0.840516
1752172924.351911,529890.000,20425,2,EA,1,100,0.840413
1752172924.418912,529957.000,20441,1,EA,1,100,0.841328
1752172924.485412,530023.500,20457,2,EA,1,100,0.841227
1752172924.551913,530090.000,20457,2,EA,1,100,0.841023
1752172924.618913,530157.000,20472,1,EA,1,100,0.841227
1752172924.685414,530223.500,20492,2,EA,1,100,0.841124
1752172924.751914,530290.000,20492,2,EA,1,100,0.841837
1752172924.818415,530356.500,20508,2,EA,1,100,0.841837
1752172924.884915,530423.000,20508,2,EA,1,100,0.841837
1752172924.951916,530490.000,20525,1,EA,1,100,0.842040
1752172925.018416,530556.500,20540,2,EA,1,100,0.842040
1752172925.084917,530623.000,20540,2,EA,1,100,0.842550
1752172925.151917,530690.000,20557,1,EA,1,100,0.842754
1752172925.218418,530756.500,20575,2,EA,1,100,0.842651
1752172925.284919,530823.000,20575,2,EA,1,100,0.842244
1752172925.351919,530890.000,20593,1,EA,1,100,0.842244
1752172925.418420,530956.500,20607,2,EA,1,100,0.842651
1752172925.484920,531023.000,20607,2,EA,1,100,0.842651
1752172925.551921,531090.000,20624,1,EA,1,100,0.843162
1752172925.618421,531156.500,20641,2,EA,1,100,0.843468
1752172925.684922,531223.000,20641,2,EA,1,100,0.843060
1752172925.751922,531290.000,20660,1,EA,1,100,0.842957
1752172925.818423,531356.500,20674,2,EA,1,100,0.842856
1752172925.884923,531423.000,20674,2,EA,1,100,0.843162
1752172925.951924,531490.000,20691,1,EA,1,100,0.843264
1752172926.018425,531556.500,20708,2,EA,1,100,0.843877
1752172926.084925,531623.000,20708,2,EA,1,100,0.844082
1752172926.151926,531690.000,20725,1,EA,1,100,0.844287
1752172926.218426,531756.500,20739,2,EA,1,100,0.844389
1752172926.284927,531823.000,20739,2,EA,1,100,0.844082
1752172926.351927,531890.000,20759,1,EA,1,100,0.844594
1752172926.418428,531956.500,20777,2,EA,1,100,0.844389
1752172926.484928,532023.000,20777,2,EA,1,100,0.844082
1752172926.551929,532090.000,20794,1,EA,1,100,0.844594
1752172926.618429,532156.500,20810,2,EA,1,100,0.845620
1752172926.684930,532223.000,20810,2,EA,1,100,0.844901
1752172926.751930,532290.000,20826,1,EA,1,100,0.845003
1752172926.818431,532356.500,20842,2,EA,1,100,0.844184
1752172926.884932,532423.000,20842,2,EA,1,100,0.844901
1752172926.951932,532490.000,20861,1,EA,1,100,0.845414
1752172927.018433,532556.500,20877,2,EA,1,100,0.845722
1752172927.084933,532623.000,20877,2,EA,1,100,0.845414
1752172927.151934,532690.000,20893,2,EA,1,100,0.845414
1752172927.218934,532757.000,20893,2,EA,1,100,0.845517
1752172927.284935,532823.000,20909,1,EA,1,100,0.845825
1752172927.351935,532890.000,20927,2,EA,1,100,0.845722
1752172927.418936,532957.000,20927,2,EA,1,100,0.846134
1752172927.484936,533023.000,20943,1,EA,1,100,0.846442
1752172927.551937,533090.000,20960,2,EA,1,100,0.846340
1752172927.618938,533157.000,20960,2,EA,1,100,0.846442
1752172927.684938,533223.000,20977,1,EA,1,100,0.846648
1752172927.751939,533290.000,20994,2,EA,1,100,0.846340
1752172927.818939,533357.000,20994,2,EA,1,100,0.846854
1752172927.884940,533423.000,21010,1,EA,1,100,0.846854
1752172927.951940,533490.000,21026,2,EA,1,100,0.846751
1752172928.018941,533557.000,21026,2,EA,1,100,0.846854
1752172928.084941,533623.000,21044,1,EA,1,100,0.847266
1752172928.151442,533689.500,21061,2,EA,1,100,0.847266
1752172928.217942,533756.000,21061,2,EA,1,100,0.847472
1752172928.284943,533823.000,21077,1,EA,1,100,0.847679
1752172928.351610,533889.667,21096,3,EA,1,100,0.847472
1752172928.418277,533956.333,21096,3,EA,1,100,0.847886
1752172928.484945,534023.000,21096,3,EA,1,100,0.847575
1752172928.551445,534089.500,21113,2,EA,1,100,0.847575
1752172928.617946,534156.000,21113,2,EA,1,100,0.847886
1752172928.684946,534223.000,21132,1,EA,1,100,0.848195
1752172928.751447,534289.500,21147,2,EA,1,100,0.848402
1752172928.817947,534356.000,21147,2,EA,1,100,0.848298
1752172928.884948,534423.000,21163,1,EA,1,100,0.848402
1752172928.951448,534489.500,21181,2,EA,1,100,0.848815
1752172929.017949,534556.000,21181,2,EA,1,100,0.848712
1752172929.084949,534623.000,21197,1,EA,1,100,0.848815
1752172929.151450,534689.500,21213,2,EA,1,100,0.848298
1752172929.217951,534756.000,21213,2,EA,1,100,0.848505
1752172929.284951,534823.000,21231,2,EA,1,100,0.848712
1752172929.351952,534890.000,21231,2,EA,1,100,0.849023
1752172929.417952,534956.000,21248,1,EA,1,100,0.849023
1752172929.484953,535023.000,21264,2,EA,1,100,0.849126
1752172929.551953,535090.000,21264,2,EA,1,100,0.849126
1752172929.617954,535156.000,21281,1,EA,1,100,0.849230
1752172929.684954,535223.000,21296,2,EA,1,100,0.849333
1752172929.751955,535290.000,21296,2,EA,1,100,0.849437
1752172929.817955,535356.000,21313,1,EA,1,100,0.849644
1752172929.884956,535423.000,21331,2,EA,1,100,0.850059
1752172929.951957,535490.000,21331,2,EA,1,100,0.849956
1752172930.017957,535556.000,21349,1,EA,1,100,0.849644
1752172930.084958,535623.000,21363,2,EA,1,100,0.849748
1752172930.151958,535690.000,21363,2,EA,1,100,0.850163
1752172930.217959,535756.000,21380,1,EA,1,100,0.850059
1752172930.284959,535823.000,21397,2,EA,1,100,0.850475
1752172930.351960,535890.000,21397,2,EA,1,100,0.850475
1752172930.417960,535956.000,21416,1,EA,1,100,0.850786
1752172930.484961,536023.000,21430,2,EA,1,100,0.850682
1752172930.551961,536090.000,21430,2,EA,1,100,0.850267
1752172930.617962,536156.000,21447,1,EA,1,100,0.850475
1752172930.684962,536223.000,21464,2,EA,1,100,0.850475
1752172930.751963,536290.000,21464,2,EA,1,100,0.850786
1752172930.817964,536356.000,21481,1,EA,1,100,0.850786
1752172930.884964,536423.000,21495,2,EA,1,100,0.850995
1752172930.951965,536490.000,21495,2,EA,1,100,0.850890
1752172931.017965,536556.000,21515,1,EA,1,100,0.851098
1752172931.084966,536623.000,21531,2,EA,1,100,0.851098
1752172931.151966,536690.000,21531,2,EA,1,100,0.851202
1752172931.217967,536756.000,21548,1,EA,1,100,0.851723
1752172931.284467,536822.500,21564,2,EA,1,100,0.851619
1752172931.350968,536889.000,21564,2,EA,1,100,0.851723
1752172931.417968,536956.000,21582,1,EA,1,100,0.852140
1752172931.484469,537022.500,21600,2,EA,1,100,0.851307
1752172931.550970,537089.000,21600,2,EA,1,100,0.852662
1752172931.617970,537156.000,21618,2,EA,1,100,0.852453
1752172931.684971,537223.000,21618,2,EA,1,100,0.852453
1752172931.750971,537289.000,21634,1,EA,1,100,0.852244
1752172931.817972,537356.000,21649,2,EA,1,100,0.852662
1752172931.884972,537423.000,21649,2,EA,1,100,0.852662
1752172931.950973,537489.000,21665,1,EA,1,100,0.852766
1752172932.017973,537556.000,21685,2,EA,1,100,0.853184
1752172932.084974,537623.000,21685,2,EA,1,100,0.853393
1752172932.150974,537689.000,21701,1,EA,1,100,0.853184
1752172932.217975,537756.000,21716,2,EA,1,100,0.853184
1752172932.284975,537823.000,21716,2,EA,1,100,0.853288
1752172932.350976,537889.000,21733,1,EA,1,100,0.853184
1752172932.417977,537956.000,21750,2,EA,1,100,0.853080
1752172932.484977,538023.000,21750,2,EA,1,100,0.853288
1752172932.550978,538089.000,21766,1,EA,1,100,0.853498
1752172932.617978,538156.000,21784,2,EA,1,100,0.854127
1752172932.684979,538223.000,21784,2,EA,1,100,0.853498
1752172932.750979,538289.000,21800,1,EA,1,100,0.853917
1752172932.817980,538356.000,21817,2,EA,1,100,0.854127
1752172932.884980,538423.000,21817,2,EA,1,100,0.854335
1752172932.950981,538489.000,21833,1,EA,1,100,0.854231
1752172933.017981,538556.000,21849,2,EA,1,100,0.854231
1752172933.084982,538623.000,21849,2,EA,1,100,0.854127
1752172933.150983,538689.000,21867,1,EA,1,100,0.854545
1752172933.217983,538756.000,21884,2,EA,1,100,0.855176
1752172933.284984,538823.000,21884,2,EA,1,100,0.854965
1752172933.350984,538889.000,21901,1,EA,1,100,0.854860
1752172933.417985,538956.000,21917,2,EA,1,100,0.855070
1752172933.484985,539023.000,21917,2,EA,1,100,0.850163
1752172933.550986,539089.000,21939,1,EA,1,100,0.839400
1752172933.617986,539156.000,21957,2,EA,1,100,0.845312
1752172933.684987,539223.000,21957,2,EA,1,100,0.847575
1752172933.751487,539289.500,21975,2,EA,1,100,0.850682
1752172933.817988,539356.000,21975,2,EA,1,100,0.852453
1752172933.884989,539423.000,21992,1,EA,1,100,0.854441
1752172933.951489,539489.500,22007,2,EA,1,100,0.855911
1752172934.017990,539556.000,22007,2,EA,1,100,0.855595
1752172934.084990,539623.000,22024,1,EA,1,100,0.854231
1752172934.151491,539689.500,22040,2,EA,1,100,0.853393
1752172934.217991,539756.000,22040,2,EA,1,100,0.852871
1752172934.284992,539823.000,22057,1,EA,1,100,0.849851
1752172934.351492,539889.500,22074,2,EA,1,100,0.847163
1752172934.417993,539956.000,22074,2,EA,1,100,0.850163
1752172934.484993,540023.000,22091,1,EA,1,100,0.853498
1752172934.551494,540089.500,22107,2,EA,1,100,0.856859
1752172934.617994,540156.000,22107,2,EA,1,100,0.856964
1752172934.684995,540223.000,22125,1,EA,1,100,0.852558
1752172934.751496,540289.500,22139,2,EA,1,100,0.853184
1752172934.817996,540356.000,22139,2,EA,1,100,0.853184
1752172934.884997,540423.000,22156,1,EA,1,100,0.853917
1752172934.951497,540489.500,22175,2,EA,1,100,0.853393
1752172935.017998,540556.000,22175,2,EA,1,100,0.854651
1752172935.084998,540623.000,22192,1,EA,1,100,0.856227
1752172935.151499,540689.500,22206,2,EA,1,100,0.857492
1752172935.217999,540756.000,22206,2,EA,1,100,0.860353
1752172935.285000,540823.000,22223,1,EA,1,100,0.861418
1752172935.351500,540889.500,22242,2,EA,1,100,0.859716
1752172935.418001,540956.000,22242,2,EA,1,100,0.859186
1752172935.484002,541022.000,22261,1,EA,1,100,0.858020
1752172935.551002,541089.000,22276,2,EA,1,100,0.860035
1752172935.618003,541156.000,22276,2,EA,1,100,0.863127
1752172935.684003,541222.000,22295,1,EA,1,100,0.856754
1752172935.751004,541289.000,22311,2,EA,1,100,0.853707
1752172935.818004,541356.000,22311,2,EA,1,100,0.846030
1752172935.884005,541422.000,22328,1,EA,1,100,0.852036
1752172935.951005,541489.000,22344,2,EA,1,100,0.855911
1752172936.018006,541556.000,22344,2,EA,1,100,0.860353
1752172936.084506,541622.500,22362,2,EA,1,100,0.860885
1752172936.151007,541689.000,22362,2,EA,1,100,0.865918
1752172936.218007,541756.000,22378,1,EA,1,100,0.862378
1752172936.284508,541822.500,22396,2,EA,1,100,0.859929
1752172936.351009,541889.000,22396,2,EA,1,100,0.859291
1752172936.418009,541956.000,22414,1,EA,1,100,0.858549
1752172936.484510,542022.500,22431,2,EA,1,100,0.858656
1752172936.551010,542089.000,22431,2,EA,1,100,0.852662
1752172936.618011,542156.000,22447,1,EA,1,100,0.844901
1752172936.684511,542222.500,22465,2,EA,1,100,0.849956
1752172936.751012,542289.000,22465,2,EA,1,100,0.851619
1752172936.818012,542356.000,22481,1,EA,1,100,0.858020
1752172936.884513,542422.500,22496,2,EA,1,100,0.869812
1752172936.951013,542489.000,22496,2,EA,1,100,0.869486
1752172937.018014,542556.000,22513,1,EA,1,100,0.861631
1752172937.084515,542622.500,22532,2,EA,1,100,0.860779
1752172937.151015,542689.000,22532,2,EA,1,100,0.859822
1752172937.218016,542756.000,22548,1,EA,1,100,0.857070
1752172937.284516,542822.500,22564,2,EA,1,100,0.851723
1752172937.351017,542889.000,22564,2,EA,1,100,0.851410
1752172937.418017,542956.000,22580,1,EA,1,100,0.855385
1752172937.484518,543022.500,22597,2,EA,1,100,0.859609
1752172937.551018,543089.000,22597,2,EA,1,100,0.861204
1752172937.618019,543156.000,22615,1,EA,1,100,0.860353
1752172937.684519,543222.500,22631,2,EA,1,100,0.860566
1752172937.751020,543289.000,22631,2,EA,1,100,0.861311
1752172937.818020,543356.000,22647,1,EA,1,100,0.860460
1752172937.884521,543422.500,22664,2,EA,1,100,0.861418
1752172937.951022,543489.000,22664,2,EA,1,100,0.861525
1752172938.018022,543556.000,22681,1,EA,1,100,0.861845
1752172938.084523,543622.500,22696,2,EA,1,100,0.862058
1752172938.151023,543689.000,22696,2,EA,1,100,0.860779
1752172938.218024,543756.000,22714,1,EA,1,100,0.859822
1752172938.284524,543822.500,22732,2,EA,1,100,0.863769
1752172938.351025,543889.000,22732,2,EA,1,100,0.866456
1752172938.417525,543955.500,22748,2,EA,1,100,0.861098
1752172938.484026,544022.000,22748,2,EA,1,100,0.859929
1752172938.551026,544089.000,22765,1,EA,1,100,0.860779
1752172938.617694,544155.667,22784,3,EA,1,100,0.862165
1752172938.684361,544222.333,22784,3,EA,1,100,0.865487
1752172938.751028,544289.000,22784,3,EA,1,100,0.862485
1752172938.817029,544355.000,22802,1,EA,1,100,0.860885
1752172938.884029,544422.000,22817,2,EA,1,100,0.865272
1752172938.951030,544489.000,22817,2,EA,1,100,0.862805
1752172939.017030,544555.000,22834,1,EA,1,100,0.860779
1752172939.084031,544622.000,22851,2,EA,1,100,0.864735
1752172939.151031,544689.000,22851,2,EA,1,100,0.863769
1752172939.217032,544755.000,22867,1,EA,1,100,0.860779
1752172939.284032,544822.000,22885,2,EA,1,100,0.865810
1752172939.351033,544889.000,22885,2,EA,1,100,0.864735
1752172939.417034,544955.000,22901,1,EA,1,100,0.862058
1752172939.484034,545022.000,22918,2,EA,1,100,0.865487
1752172939.551035,545089.000,22918,2,EA,1,100,0.864627
1752172939.617035,545155.000,22934,1,EA,1,100,0.861525
1752172939.684036,545222.000,22951,2,EA,1,100,0.865702
1752172939.751036,545289.000,22951,2,EA,1,100,0.865164
1752172939.817537,545355.500,22966,2,EA,1,100,0.861631
1752172939.884037,545422.000,22966,2,EA,1,100,0.865595
1752172939.951038,545489.000,22985,1,EA,1,100,0.865810
1752172940.017538,545555.500,23002,2,EA,1,100,0.861845
1752172940.084039,545622.000,23002,2,EA,1,100,0.862165
1752172940.151039,545689.000,23019,1,EA,1,100,0.865918
1752172940.217540,545755.500,23033,2,EA,1,100,0.864198
1752172940.284041,545822.000,23033,2,EA,1,100,0.864520
1752172940.351041,545889.000,23051,1,EA,1,100,0.867103
1752172940.417542,545955.500,23067,2,EA,1,100,0.863876
1752172940.484042,546022.000,23067,2,EA,1,100,0.863662
1752172940.551043,546089.000,23086,1,EA,1,100,0.868185
1752172940.617543,546155.500,23101,2,EA,1,100,0.864949
1752172940.684044,546222.000,23101,2,EA,1,100,0.863554
1752172940.751044,546289.000,23118,1,EA,1,100,0.868185
1752172940.817545,546355.500,23134,2,EA,1,100,0.865057
1752172940.884045,546422.000,23134,2,EA,1,100,0.864305
1752172940.951046,546489.000,23151,1,EA,1,100,0.870139
1752172941.017547,546555.500,23166,2,EA,1,100,0.867212
1752172941.084047,546622.000,23166,2,EA,1,100,0.866241
1752172941.151048,546689.000,23185,1,EA,1,100,0.866241
1752172941.217548,546755.500,23201,2,EA,1,100,0.863876
1752172941.284049,546822.000,23201,2,EA,1,100,0.863019
1752172941.350049,546888.000,23219,1,EA,1,100,0.860992
1752172941.417050,546955.000,23235,2,EA,1,100,0.864305
1752172941.484050,547022.000,23235,2,EA,1,100,0.867320
1752172941.550051,547088.000,23252,1,EA,1,100,0.865702
1752172941.617051,547155.000,23269,2,EA,1,100,0.865272
1752172941.684052,547222.000,23269,2,EA,1,100,0.867644
1752172941.750052,547288.000,23288,1,EA,1,100,0.867536
1752172941.817053,547355.000,23303,2,EA,1,100,0.865702
1752172941.884054,547422.000,23303,2,EA,1,100,0.866888
1752172941.950554,547488.500,23320,2,EA,1,100,0.868835
1752172942.017055,547555.000,23320,2,EA,1,100,0.866564
1752172942.084055,547622.000,23336,1,EA,1,100,0.865379
1752172942.150556,547688.500,23353,2,EA,1,100,0.869812
1752172942.217056,547755.000,23353,2,EA,1,100,0.867428
1752172942.284057,547822.000,23369,1,EA,1,100,0.865164
1752172942.350557,547888.500,23387,2,EA,1,100,0.871009
1752172942.417058,547955.000,23387,2,EA,1,100,0.868835
1752172942.484058,548022.000,23403,1,EA,1,100,0.865918
1752172942.550559,548088.500,23420,2,EA,1,100,0.869921
1752172942.617060,548155.000,23420,2,EA,1,100,0.868401
1752172942.684060,548222.000,23437,1,EA,1,100,0.865487
1752172942.750561,548288.500,23452,2,EA,1,100,0.869921
1752172942.817061,548355.000,23452,2,EA,1,100,0.869486
1752172942.884062,548422.000,23468,1,EA,1,100,0.865057
1752172942.950562,548488.500,23488,2,EA,1,100,0.871118
1752172943.017063,548555.000,23488,2,EA,1,100,0.869378
1752172943.084063,548622.000,23504,1,EA,1,100,0.864949
1752172943.150564,548688.500,23519,2,EA,1,100,0.871336
1752172943.217064,548755.000,23519,2,EA,1,100,0.868726
1752172943.284065,548822.000,23535,1,EA,1,100,0.865595
1752172943.350565,548888.500,23553,2,EA,1,100,0.871663
1752172943.417066,548955.000,23553,2,EA,1,100,0.869269
1752172943.484067,549022.000,23569,1,EA,1,100,0.866780
1752172943.550567,549088.500,23584,2,EA,1,100,0.871773
1752172943.617068,549155.000,23584,2,EA,1,100,0.869703
1752172943.684068,549222.000,23603,1,EA,1,100,0.869160
1752172943.750569,549288.500,23621,2,EA,1,100,0.870573
1752172943.817069,549355.000,23621,2,EA,1,100,0.868077
1752172943.883570,549421.500,23637,2,EA,1,100,0.869269
1752172943.950070,549488.000,23637,2,EA,1,100,0.871773
1752172944.017071,549555.000,23655,1,EA,1,100,0.867860
1752172944.083571,549621.500,23670,2,EA,1,100,0.869703
1752172944.150072,549688.000,23670,2,EA,1,100,0.871773
1752172944.217073,549755.000,23688,1,EA,1,100,0.868943
1752172944.283573,549821.500,23705,2,EA,1,100,0.869812
1752172944.350074,549888.000,23705,2,EA,1,100,0.871227
1752172944.417074,549955.000,23722,2,EA,1,100,0.869160
1752172944.484075,550022.000,23722,2,EA,1,100,0.871009
1752172944.550075,550088.000,23738,1,EA,1,100,0.871227
1752172944.617076,550155.000,23754,2,EA,1,100,0.868943
1752172944.684076,550222.000,23754,2,EA,1,100,0.870791
1752172944.750077,550288.000,23770,1,EA,1,100,0.871663
1752172944.817077,550355.000,23789,2,EA,1,100,0.868835
1752172944.884078,550422.000,23789,2,EA,1,100,0.871990
1752172944.950079,550488.000,23805,1,EA,1,100,0.871009
1752172945.017079,550555.000,23821,2,EA,1,100,0.868726
1752172945.084080,550622.000,23821,2,EA,1,100,0.871336
1752172945.150080,550688.000,23837,1,EA,1,100,0.871663
1752172945.217081,550755.000,23854,2,EA,1,100,0.868185
1752172945.284081,550822.000,23854,2,EA,1,100,0.871882
1752172945.350082,550888.000,23871,1,EA,1,100,0.873303
1752172945.416582,550954.500,23888,2,EA,1,100,0.868835
1752172945.483083,551021.000,23888,2,EA,1,100,0.871445
1752172945.550083,551088.000,23904,1,EA,1,100,0.874071
1752172945.616584,551154.500,23922,2,EA,1,100,0.869595
1752172945.683084,551221.000,23922,2,EA,1,100,0.871554
1752172945.750085,551288.000,23938,1,EA,1,100,0.873961
1752172945.816586,551354.500,23953,2,EA,1,100,0.869160
1752172945.883086,551421.000,23953,2,EA,1,100,0.873303
1752172945.950087,551488.000,23971,1,EA,1,100,0.874180
1752172946.016587,551554.500,23989,2,EA,1,100,0.869921
1752172946.083088,551621.000,23989,2,EA,1,100,0.874290
1752172946.150088,551688.000,24005,1,EA,1,100,0.873413
1752172946.216589,551754.500,24021,2,EA,1,100,0.871336
1752172946.283089,551821.000,24021,2,EA,1,100,0.875610
1752172946.350090,551888.000,24039,2,EA,1,100,0.872209
1752172946.417090,551955.000,24039,2,EA,1,100,0.870683
1752172946.483091,552021.000,24056,1,EA,1,100,0.875499
1752172946.550092,552088.000,24074,2,EA,1,100,0.872647
1752172946.617092,552155.000,24074,2,EA,1,100,0.871445
1752172946.683093,552221.000,24092,1,EA,1,100,0.875720
1752172946.750093,552288.000,24106,2,EA,1,100,0.871882
1752172946.817094,552355.000,24106,2,EA,1,100,0.873413
1752172946.883094,552421.000,24123,1,EA,1,100,0.876161
1752172946.950095,552488.000,24140,2,EA,1,100,0.871773
1752172947.017095,552555.000,24140,2,EA,1,100,0.875499
1752172947.083096,552621.000,24157,1,EA,1,100,0.875390
1752172947.150096,552688.000,24171,2,EA,1,100,0.872866
1752172947.217097,552755.000,24171,2,EA,1,100,0.876381
1752172947.283097,552821.000,24190,1,EA,1,100,0.874180
1752172947.350098,552888.000,24207,2,EA,1,100,0.873961
1752172947.417099,552955.000,24207,2,EA,1,100,0.876161
1752172947.483099,553021.000,24224,1,EA,1,100,0.874400
1752172947.550100,553088.000,24238,2,EA,1,100,0.877154
1752172947.617100,553155.000,24238,2,EA,1,100,0.877597
1752172947.683101,553221.000,24256,1,EA,1,100,0.876713
1752172947.750101,553288.000,24272,2,EA,1,100,0.876161
1752172947.817102,553355.000,24272,2,EA,1,100,0.875610
1752172947.883102,553421.000,24291,1,EA,1,100,0.875610
1752172947.950103,553488.000,24306,2,EA,1,100,0.875499
1752172948.017103,553555.000,24306,2,EA,1,100,0.874620
1752172948.083104,553621.000,24323,1,EA,1,100,0.875499
1752172948.150105,553688.000,24339,2,EA,1,100,0.876271
1752172948.217105,553755.000,24339,2,EA,1,100,0.875830
1752172948.283106,553821.000,24356,1,EA,1,100,0.875830
1752172948.349606,553887.500,24372,2,EA,1,100,0.876381
1752172948.416107,553954.000,24372,2,EA,1,100,0.875279
1752172948.483107,554021.000,24390,1,EA,1,100,0.871663
1752172948.549608,554087.500,24406,2,EA,1,100,0.869378
1752172948.616108,554154.000,24406,2,EA,1,100,0.873851
1752172948.683109,554221.000,24424,1,EA,1,100,0.874949
1752172948.749609,554287.500,24439,2,EA,1,100,0.873961
1752172948.816110,554354.000,24439,2,EA,1,100,0.871882
1752172948.883110,554421.000,24455,2,EA,1,100,0.872537
1752172948.950111,554488.000,24455,2,EA,1,100,0.875060
1752172949.016112,554554.000,24474,1,EA,1,100,0.876823
1752172949.083112,554621.000,24491,2,EA,1,100,0.878593
1752172949.150113,554688.000,24491,2,EA,1,100,0.877928
1752172949.216113,554754.000,24507,1,EA,1,100,0.877154
1752172949.283114,554821.000,24523,2,EA,1,100,0.877707
1752172949.350114,554888.000,24523,2,EA,1,100,0.878372
1752172949.416115,554954.000,24539,1,EA,1,100,0.878260
1752172949.483115,555021.000,24556,2,EA,1,100,0.878039
1752172949.550116,555088.000,24556,2,EA,1,100,0.877928
1752172949.616116,555154.000,24574,1,EA,1,100,0.878150
1752172949.683117,555221.000,24590,2,EA,1,100,0.878704
1752172949.750118,555288.000,24590,2,EA,1,100,0.878815
1752172949.816118,555354.000,24606,1,EA,1,100,0.877928
1752172949.883119,555421.000,24623,2,EA,1,100,0.877707
1752172949.950119,555488.000,24623,2,EA,1,100,0.878372
1752172950.016120,555554.000,24640,1,EA,1,100,0.878482
1752172950.083120,555621.000,24655,2,EA,1,100,0.878815
1752172950.150121,555688.000,24655,2,EA,1,100,0.879259
1752172950.216121,555754.000,24671,1,EA,1,100,0.879147
1752172950.283122,555821.000,24691,2,EA,1,100,0.879037
1752172950.350122,555888.000,24691,2,EA,1,100,0.878704
1752172950.416123,555954.000,24707,1,EA,1,100,0.875940
1752172950.483124,556021.000,24722,2,EA,1,100,0.866456
1752172950.550124,556088.000,24722,2,EA,1,100,0.868294
1752172950.616125,556154.000,24738,1,EA,1,100,0.876271
1752172950.683125,556221.000,24756,2,EA,1,100,0.883948
1752172950.750126,556288.000,24756,2,EA,1,100,0.891759
1752172950.816126,556354.000,24772,1,EA,1,100,0.884284
1752172950.883127,556421.000,24789,2,EA,1,100,0.881820
1752172950.950127,556488.000,24789,2,EA,1,100,0.880928
1752172951.016128,556554.000,24806,1,EA,1,100,0.880594
1752172951.083128,556621.000,24823,2,EA,1,100,0.880705
1752172951.150129,556688.000,24823,2,EA,1,100,0.879592
1752172951.216629,556754.500,24839,2,EA,1,100,0.879815
1752172951.283130,556821.000,24839,2,EA,1,100,0.880705
1752172951.350131,556888.000,24857,1,EA,1,100,0.880594
1752172951.416631,556954.500,24873,2,EA,1,100,0.879592
1752172951.483132,557021.000,24873,2,EA,1,100,0.869378
1752172951.550132,557088.000,24890,1,EA,1,100,0.867752
1752172951.616633,557154.500,24909,2,EA,1,100,0.875169
1752172951.683133,557221.000,24909,2,EA,1,100,0.879481
1752172951.749134,557287.000,24926,1,EA,1,100,0.880594
1752172951.816134,557354.000,24940,2,EA,1,100,0.878482
1752172951.883135,557421.000,24940,2,EA,1,100,0.879037
1752172951.949135,557487.000,24957,1,EA,1,100,0.882490
1752172952.016136,557554.000,24974,2,EA,1,100,0.883835
1752172952.083137,557621.000,24974,2,EA,1,100,0.882490
1752172952.149137,557687.000,24993,1,EA,1,100,0.881931
1752172952.216138,557754.000,25007,2,EA,1,100,0.881709
1752172952.283138,557821.000,25007,2,EA,1,100,0.881597
1752172952.349139,557887.000,25025,1,EA,1,100,0.881709
1752172952.416139,557954.000,25041,2,EA,1,100,0.881709
1752172952.483140,558021.000,25041,2,EA,1,100,0.874949
1752172952.549140,558087.000,25058,1,EA,1,100,0.871336
1752172952.616141,558154.000,25073,2,EA,1,100,0.878926
1752172952.683141,558221.000,25073,2,EA,1,100,0.884733
1752172952.749142,558287.000,25092,1,EA,1,100,0.889481
1752172952.816142,558354.000,25108,2,EA,1,100,0.887667
1752172952.883143,558421.000,25108,2,EA,1,100,0.884621
1752172952.949144,558487.000,25125,1,EA,1,100,0.883163
1752172953.016144,558554.000,25140,2,EA,1,100,0.882938
1752172953.083145,558621.000,25140,2,EA,1,100,0.882827
1752172953.149145,558687.000,25157,1,EA,1,100,0.882603
1752172953.216146,558754.000,25173,2,EA,1,100,0.883274
1752172953.283146,558821.000,25173,2,EA,1,100,0.883163
1752172953.349147,558887.000,25193,1,EA,1,100,0.882827
1752172953.416147,558954.000,25208,2,EA,1,100,0.882155
1752172953.483148,559021.000,25208,2,EA,1,100,0.875390
1752172953.549148,559087.000,25224,1,EA,1,100,0.872537
1752172953.616149,559154.000,25241,2,EA,1,100,0.877154
1752172953.683150,559221.000,25241,2,EA,1,100,0.880148
1752172953.749650,559287.500,25258,2,EA,1,100,0.882267
1752172953.816151,559354.000,25258,2,EA,1,100,0.883499
1752172953.883151,559421.000,25274,1,EA,1,100,0.886536
1752172953.949652,559487.500,25292,2,EA,1,100,0.886762
1752172954.016152,559554.000,25292,2,EA,1,100,0.884846
1752172954.083153,559621.000,25308,1,EA,1,100,0.883163
1752172954.149653,559687.500,25325,2,EA,1,100,0.883050
1752172954.216154,559754.000,25325,2,EA,1,100,0.884060
1752172954.283154,559821.000,25341,1,EA,1,100,0.883499
1752172954.349655,559887.500,25357,2,EA,1,100,0.883499
1752172954.416156,559954.000,25357,2,EA,1,100,0.883948
1752172954.483156,560021.000,25373,1,EA,1,100,0.884060
1752172954.549657,560087.500,25390,2,EA,1,100,0.884060
1752172954.616157,560154.000,25390,2,EA,1,100,0.883274
1752172954.683158,560221.000,25409,1,EA,1,100,0.883499
1752172954.749658,560287.500,25424,2,EA,1,100,0.884060
1752172954.816159,560354.000,25424,2,EA,1,100,0.884171
1752172954.883159,560421.000,25440,1,EA,1,100,0.884060
1752172954.949660,560487.500,25458,2,EA,1,100,0.884621
1752172955.016160,560554.000,25458,2,EA,1,100,0.884621
1752172955.082161,560620.000,25474,1,EA,1,100,0.884621
1752172955.149161,560687.000,25491,2,EA,1,100,0.884846
1752172955.216162,560754.000,25491,2,EA,1,100,0.884284
1752172955.282163,560820.000,25507,1,EA,1,100,0.884733
1752172955.349163,560887.000,25525,2,EA,1,100,0.885071
1752172955.416164,560954.000,25525,2,EA,1,100,0.884621
1752172955.482164,561020.000,25541,1,EA,1,100,0.884621
1752172955.549165,561087.000,25556,2,EA,1,100,0.884846
1752172955.616165,561154.000,25556,2,EA,1,100,0.884958
1752172955.682166,561220.000,25573,1,EA,1,100,0.885409
1752172955.749166,561287.000,25592,2,EA,1,100,0.885409
1752172955.816167,561354.000,25592,2,EA,1,100,0.884958
1752172955.882167,561420.000,25608,1,EA,1,100,0.883723
1752172955.949168,561487.000,25625,2,EA,1,100,0.876492
1752172956.016169,561554.000,25625,2,EA,1,100,0.873961
1752172956.082669,561620.500,25640,2,EA,1,100,0.881039
1752172956.149170,561687.000,25640,2,EA,1,100,0.891988
1752172956.216170,561754.000,25657,1,EA,1,100,0.893476
1752172956.282671,561820.500,25674,2,EA,1,100,0.888346
1752172956.349171,561887.000,25674,2,EA,1,100,0.887214
1752172956.416172,561954.000,25695,1,EA,1,100,0.886649
1752172956.482672,562020.500,25709,2,EA,1,100,0.886536
1752172956.549173,562087.000,25709,2,EA,1,100,0.886649
1752172956.616173,562154.000,25726,1,EA,1,100,0.886875
1752172956.682674,562220.500,25743,2,EA,1,100,0.887101
1752172956.749174,562287.000,25743,2,EA,1,100,0.887214
1752172956.816175,562354.000,25760,1,EA,1,100,0.887214
1752172956.882676,562420.500,25774,2,EA,1,100,0.888006
1752172956.949176,562487.000,25774,2,EA,1,100,0.887327
1752172957.016177,562554.000,25794,1,EA,1,100,0.886875
1752172957.082677,562620.500,25810,2,EA,1,100,0.887327
1752172957.149178,562687.000,25810,2,EA,1,100,0.886762
1752172957.216178,562754.000,25827,1,EA,1,100,0.887101
1752172957.282679,562820.500,25842,2,EA,1,100,0.887893
1752172957.349179,562887.000,25842,2,EA,1,100,0.887779
1752172957.416180,562954.000,25859,1,EA,1,100,0.887553
1752172957.482680,563020.500,25875,2,EA,1,100,0.887214
1752172957.549181,563087.000,25875,2,EA,1,100,0.887327
1752172957.616182,563154.000,25894,1,EA,1,100,0.887440
1752172957.682682,563220.500,25909,2,EA,1,100,0.887893
1752172957.749183,563287.000,25909,2,EA,1,100,0.887101
1752172957.816183,563354.000,25926,1,EA,1,100,0.884621
1752172957.882684,563420.500,25942,2,EA,1,100,0.877707
1752172957.949184,563487.000,25942,2,EA,1,100,0.877818
1752172958.016185,563554.000,25960,1,EA,1,100,0.884171
1752172958.082685,563620.500,25975,2,EA,1,100,0.888233
1752172958.149186,563687.000,25975,2,EA,1,100,0.889821
1752172958.216186,563754.000,25993,1,EA,1,100,0.890618
1752172958.282687,563820.500,26010,2,EA,1,100,0.890847
1752172958.349187,563887.000,26010,2,EA,1,100,0.890164
1752172958.416188,563954.000,26027,1,EA,1,100,0.889708
1752172958.482689,564020.500,26042,2,EA,1,100,0.889821
1752172958.549189,564087.000,26042,2,EA,1,100,0.889936
1752172958.615690,564153.500,26059,2,EA,1,100,0.889936
1752172958.682190,564220.000,26059,2,EA,1,100,0.889708
1752172958.749191,564287.000,26075,1,EA,1,100,0.889481
1752172958.815691,564353.500,26094,2,EA,1,100,0.889821
1752172958.882192,564420.000,26094,2,EA,1,100,0.889936
1752172958.949192,564487.000,26110,1,EA,1,100,0.889936
1752172959.015693,564553.500,26126,2,EA,1,100,0.889481
1752172959.082193,564620.000,26126,2,EA,1,100,0.888573
1752172959.149194,564687.000,26142,1,EA,1,100,0.879481
1752172959.215695,564753.500,26159,2,EA,1,100,0.877265
1752172959.282195,564820.000,26159,2,EA,1,100,0.885409
1752172959.349196,564887.000,26176,1,EA,1,100,0.897623
1752172959.415696,564953.500,26193,2,EA,1,100,0.900060
1752172959.482197,565020.000,26193,2,EA,1,100,0.894394
1752172959.549197,565087.000,26209,1,EA,1,100,0.892102
1752172959.615698,565153.500,26227,2,EA,1,100,0.891988
1752172959.682198,565220.000,26227,2,EA,1,100,0.891988
1752172959.749199,565287.000,26243,1,EA,1,100,0.892102
1752172959.815699,565353.500,26258,2,EA,1,100,0.892331
1752172959.882200,565420.000,26258,2,EA,1,100,0.891988
1752172959.949201,565487.000,26274,1,EA,1,100,0.891874
1752172960.015701,565553.500,26294,2,EA,1,100,0.891531
1752172960.082202,565620.000,26294,2,EA,1,100,0.891417
1752172960.149202,565687.000,26310,1,EA,1,100,0.891303
1752172960.215703,565753.500,26325,2,EA,1,100,0.891531
1752172960.282203,565820.000,26325,2,EA,1,100,0.891531
1752172960.349204,565887.000,26342,1,EA,1,100,0.891645
1752172960.415871,565953.667,26359,3,EA,1,100,0.891759
1752172960.482538,566020.333,26359,3,EA,1,100,0.891417
1752172960.549205,566087.000,26359,3,EA,1,100,0.891645
1752172960.615806,566153.600,26379,5,EA,1,100,0.892789
1752172960.682406,566220.200,26379,5,EA,1,100,0.891874
1752172960.749007,566286.800,26379,5,EA,1,100,0.892446
1752172960.815608,566353.400,26379,5,EA,1,100,0.892903
1752172960.882208,566420.000,26379,5,EA,1,100,0.892102
1752172960.949209,566487.000,26395,1,EA,1,100,0.891988
1752172961.015709,566553.500,26411,2,EA,1,100,0.893820
1752172961.082210,566620.000,26411,2,EA,1,100,0.893705
1752172961.149210,566687.000,26427,1,EA,1,100,0.893476
1752172961.215711,566753.500,26446,2,EA,1,100,0.892903
1752172961.282211,566820.000,26446,2,EA,1,100,0.893246
1752172961.349212,566887.000,26463,1,EA,1,100,0.893362
1752172961.415712,566953.500,26480,2,EA,1,100,0.893132
1752172961.482213,567020.000,26480,2,EA,1,100,0.893476
1752172961.549214,567087.000,26496,1,EA,1,100,0.893476
1752172961.615714,567153.500,26514,2,EA,1,100,0.893362
1752172961.682215,567220.000,26514,2,EA,1,100,0.893705
1752172961.748215,567286.000,26530,1,EA,1,100,0.893820
1752172961.815216,567353.000,26548,2,EA,1,100,0.893591
1752172961.882216,567420.000,26548,2,EA,1,100,0.893820
1752172961.949217,567487.000,26563,1,EA,1,100,0.893476
1752172962.015717,567553.500,26581,2,EA,1,100,0.894165
1752172962.082218,567620.000,26581,2,EA,1,100,0.894624
1752172962.148718,567686.500,26597,2,EA,1,100,0.894854
1752172962.215219,567753.000,26597,2,EA,1,100,0.895429
1752172962.282219,567820.000,26614,1,EA,1,100,0.895084
1752172962.348720,567886.500,26629,2,EA,1,100,0.894969
1752172962.415221,567953.000,26629,2,EA,1,100,0.894854
1752172962.482221,568020.000,26648,1,EA,1,100,0.895084
1752172962.548722,568086.500,26664,2,EA,1,100,0.895315
1752172962.615222,568153.000,26664,2,EA,1,100,0.895660
1752172962.682223,568220.000,26682,1,EA,1,100,0.895775
1752172962.748723,568286.500,26696,2,EA,1,100,0.895544
1752172962.815224,568353.000,26696,2,EA,1,100,0.896006
1752172962.882224,568420.000,26713,1,EA,1,100,0.895660
1752172962.948725,568486.500,26730,2,EA,1,100,0.895429
1752172963.015225,568553.000,26730,2,EA,1,100,0.896120
1752172963.082226,568620.000,26749,1,EA,1,100,0.895891
1752172963.148727,568686.500,26763,2,EA,1,100,0.896006
1752172963.215227,568753.000,26763,2,EA,1,100,0.896468
1752172963.282228,568820.000,26780,1,EA,1,100,0.897160
1752172963.348728,568886.500,26797,2,EA,1,100,0.896582
1752172963.415229,568953.000,26797,2,EA,1,100,0.896236
1752172963.482229,569020.000,26814,1,EA,1,100,0.896120
1752172963.548730,569086.500,26828,2,EA,1,100,0.896698
1752172963.615230,569153.000,26828,2,EA,1,100,0.897160
1752172963.682231,569220.000,26848,1,EA,1,100,0.896582
1752172963.748731,569286.500,26864,2,EA,1,100,0.896582
1752172963.815232,569353.000,26864,2,EA,1,100,0.897275
1752172963.882232,569420.000,26881,1,EA,1,100,0.897045
1752172963.948733,569486.500,26896,2,EA,1,100,0.897160
1752172964.015234,569553.000,26896,2,EA,1,100,0.897623
1752172964.082234,569620.000,26913,1,EA,1,100,0.898202
1752172964.148735,569686.500,26929,2,EA,1,100,0.897739
1752172964.215235,569753.000,26929,2,EA,1,100,0.897854
1752172964.282236,569820.000,26948,1,EA,1,100,0.897970
1752172964.348736,569886.500,26964,2,EA,1,100,0.897045
1752172964.415237,569953.000,26964,2,EA,1,100,0.897739
1752172964.481737,570019.500,26980,2,EA,1,100,0.897970
1752172964.548238,570086.000,26980,2,EA,1,100,0.898550
1752172964.615238,570153.000,26996,1,EA,1,100,0.898202
1752172964.681739,570219.500,27014,2,EA,1,100,0.897854
1752172964.748240,570286.000,27014,2,EA,1,100,0.898550
1752172964.815240,570353.000,27030,1,EA,1,100,0.898665
1752172964.881741,570419.500,27047,2,EA,1,100,0.899246
1752172964.948241,570486.000,27047,2,EA,1,100,0.899013
1752172965.015242,570553.000,27064,1,EA,1,100,0.898782
1752172965.081742,570619.500,27081,2,EA,1,100,0.899246
1752172965.148243,570686.000,27081,2,EA,1,100,0.899363
1752172965.215243,570753.000,27097,1,EA,1,100,0.899478
1752172965.281744,570819.500,27113,2,EA,1,100,0.900060
1752172965.348244,570886.000,27113,2,EA,1,100,0.899711
1752172965.415245,570953.000,27129,1,EA,1,100,0.899478
1752172965.481746,571019.500,27148,2,EA,1,100,0.899246
1752172965.548246,571086.000,27148,2,EA,1,100,0.899711
1752172965.615247,571153.000,27164,1,EA,1,100,0.899827
1752172965.681747,571219.500,27180,2,EA,1,100,0.900176
1752172965.748248,571286.000,27180,2,EA,1,100,0.900409
1752172965.815248,571353.000,27196,1,EA,1,100,0.900409
1752172965.881749,571419.500,27213,2,EA,1,100,0.900293
1752172965.948249,571486.000,27213,2,EA,1,100,0.900176
1752172966.015250,571553.000,27230,1,EA,1,100,0.900642
1752172966.081750,571619.500,27247,2,EA,1,100,0.900526
1752172966.148251,571686.000,27247,2,EA,1,100,0.900526
1752172966.215251,571753.000,27263,1,EA,1,100,0.900293
1752172966.281752,571819.500,27281,2,EA,1,100,0.900293
1752172966.348253,571886.000,27281,2,EA,1,100,0.900642
1752172966.415253,571953.000,27299,1,EA,1,100,0.900526
1752172966.481754,572019.500,27315,2,EA,1,100,0.900758
1752172966.548254,572086.000,27315,2,EA,1,100,0.900758
1752172966.615255,572153.000,27330,1,EA,1,100,0.900875
1752172966.681755,572219.500,27350,2,EA,1,100,0.900293
1752172966.748256,572286.000,27350,2,EA,1,100,0.900991
1752172966.815256,572353.000,27366,1,EA,1,100,0.901458
1752172966.881757,572419.500,27382,2,EA,1,100,0.901225
1752172966.948257,572486.000,27382,2,EA,1,100,0.901575
1752172967.014758,572552.500,27398,2,EA,1,100,0.901808
1752172967.081259,572619.000,27398,2,EA,1,100,0.902276
1752172967.148259,572686.000,27415,1,EA,1,100,0.902042
1752172967.214760,572752.500,27433,2,EA,1,100,0.902159
1752172967.281260,572819.000,27433,2,EA,1,100,0.902627
1752172967.348261,572886.000,27451,1,EA,1,100,0.902276
1752172967.414761,572952.500,27465,2,EA,1,100,0.902159
1752172967.481262,573019.000,27465,2,EA,1,100,0.902627
1752172967.548262,573086.000,27482,1,EA,1,100,0.902276
1752172967.614763,573152.500,27499,2,EA,1,100,0.902393
1752172967.681263,573219.000,27499,2,EA,1,100,0.903447
1752172967.748264,573286.000,27516,1,EA,1,100,0.902627
1752172967.814764,573352.500,27530,2,EA,1,100,0.902861
1752172967.881265,573419.000,27530,2,EA,1,100,0.903447
1752172967.948266,573486.000,27549,1,EA,1,100,0.903564
1752172968.014766,573552.500,27566,2,EA,1,100,0.903564
1752172968.081267,573619.000,27566,2,EA,1,100,0.903564
1752172968.148267,573686.000,27583,1,EA,1,100,0.903212
1752172968.214768,573752.500,27597,2,EA,1,100,0.903564
1752172968.281268,573819.000,27597,2,EA,1,100,0.903916
1752172968.348269,573886.000,27615,1,EA,1,100,0.904034
1752172968.414769,573952.500,27631,2,EA,1,100,0.903916
1752172968.481270,574019.000,27631,2,EA,1,100,0.904738
1752172968.548270,574086.000,27650,1,EA,1,100,0.904503
1752172968.614771,574152.500,27665,2,EA,1,100,0.903681
1752172968.681272,574219.000,27665,2,EA,1,100,0.904151
1752172968.748272,574286.000,27682,1,EA,1,100,0.904386
1752172968.814773,574352.500,27698,2,EA,1,100,0.904738
1752172968.881273,574419.000,27698,2,EA,1,100,0.904268
1752172968.948274,574486.000,27715,1,EA,1,100,0.904503
1752172969.014774,574552.500,27731,2,EA,1,100,0.905209
1752172969.081275,574619.000,27731,2,EA,1,100,0.904738
1752172969.148275,574686.000,27749,1,EA,1,100,0.904855
1752172969.214776,574752.500,27765,2,EA,1,100,0.904621
1752172969.281276,574819.000,27765,2,EA,1,100,0.904503
1752172969.348277,574886.000,27783,1,EA,1,100,0.904738
1752172969.414778,574952.500,27798,2,EA,1,100,0.904621
1752172969.481278,575019.000,27798,2,EA,1,100,0.905091
1752172969.547779,575085.500,27814,2,EA,1,100,0.905562
1752172969.614279,575152.000,27814,2,EA,1,100,0.905915
1752172969.681280,575219.000,27831,1,EA,1,100,0.905798
1752172969.747780,575285.500,27850,2,EA,1,100,0.905798
1752172969.814281,575352.000,27850,2,EA,1,100,0.906033
1752172969.881281,575419.000,27866,1,EA,1,100,0.906033
1752172969.947782,575485.500,27882,2,EA,1,100,0.905679
1752172970.014282,575552.000,27882,2,EA,1,100,0.906269
1752172970.081283,575619.000,27898,1,EA,1,100,0.906269
1752172970.147783,575685.500,27915,2,EA,1,100,0.906388
1752172970.214284,575752.000,27915,2,EA,1,100,0.906269
1752172970.281285,575819.000,27931,1,EA,1,100,0.906505
1752172970.347785,575885.500,27949,2,EA,1,100,0.906741
1752172970.414286,575952.000,27949,2,EA,1,100,0.906269
1752172970.481286,576019.000,27965,1,EA,1,100,0.906269
1752172970.547787,576085.500,27982,2,EA,1,100,0.906505
1752172970.614287,576152.000,27982,2,EA,1,100,0.907332
1752172970.681288,576219.000,27999,1,EA,1,100,0.907095
1752172970.747788,576285.500,28014,2,EA,1,100,0.908042
1752172970.814289,576352.000,28014,2,EA,1,100,0.907213
1752172970.881289,576419.000,28030,1,EA,1,100,0.907332
1752172970.947790,576485.500,28050,2,EA,1,100,0.907687
1752172971.014291,576552.000,28050,2,EA,1,100,0.907332
1752172971.081291,576619.000,28066,1,EA,1,100,0.908042
1752172971.147792,576685.500,28081,2,EA,1,100,0.908397
1752172971.214292,576752.000,28081,2,EA,1,100,0.908161
1752172971.281293,576819.000,28097,1,EA,1,100,0.907924
1752172971.347793,576885.500,28117,2,EA,1,100,0.907805
1752172971.414294,576952.000,28117,2,EA,1,100,0.908161
1752172971.481294,577019.000,28133,1,EA,1,100,0.908279
1752172971.547795,577085.500,28151,2,EA,1,100,0.908279
1752172971.614295,577152.000,28151,2,EA,1,100,0.907805
1752172971.681296,577219.000,28167,1,EA,1,100,0.908397
1752172971.747796,577285.500,28184,2,EA,1,100,0.908397
1752172971.814297,577352.000,28184,2,EA,1,100,0.907924
1752172971.881298,577419.000,28200,1,EA,1,100,0.908516
1752172971.947798,577485.500,28217,2,EA,1,100,0.908990
1752172972.014299,577552.000,28217,2,EA,1,100,0.908990
1752172972.080799,577618.500,28232,2,EA,1,100,0.908990
1752172972.147300,577685.000,28232,2,EA,1,100,0.909465
1752172972.214300,577752.000,28251,1,EA,1,100,0.909347
1752172972.280801,577818.500,28268,2,EA,1,100,0.908872
1752172972.347301,577885.000,28268,2,EA,1,100,0.909584
1752172972.414302,577952.000,28285,1,EA,1,100,0.909228
1752172972.480802,578018.500,28299,2,EA,1,100,0.909465
1752172972.547303,578085.000,28299,2,EA,1,100,0.909584
1752172972.614304,578152.000,28316,1,EA,1,100,0.909465
1752172972.680804,578218.500,28335,2,EA,1,100,0.909941
1752172972.747305,578285.000,28335,2,EA,1,100,0.910655
1752172972.814305,578352.000,28352,1,EA,1,100,0.909703
1752172972.880806,578418.500,28366,2,EA,1,100,0.908634
1752172972.947306,578485.000,28366,2,EA,1,100,0.903329
1752172973.014307,578552.000,28384,1,EA,1,100,0.896120
1752172973.080807,578618.500,28400,2,EA,1,100,0.899478
1752172973.147308,578685.000,28400,2,EA,1,100,0.899594
1752172973.214308,578752.000,28417,1,EA,1,100,0.899363
1752172973.280809,578818.500,28434,2,EA,1,100,0.907569
1752172973.347309,578885.000,28434,2,EA,1,100,0.911729
1752172973.414310,578952.000,28451,1,EA,1,100,0.908042
1752172973.480811,579018.500,28467,2,EA,1,100,0.907687
1752172973.547311,579085.000,28467,2,EA,1,100,0.907924
1752172973.614312,579152.000,28484,1,EA,1,100,0.907332
1752172973.680812,579218.500,28499,2,EA,1,100,0.898086
1752172973.747313,579285.000,28499,2,EA,1,100,0.900409
1752172973.814313,579352.000,28516,1,EA,1,100,0.907450
1752172973.880814,579418.500,28532,2,EA,1,100,0.911729
1752172973.947314,579485.000,28532,2,EA,1,100,0.914002
1752172974.014315,579552.000,28552,1,EA,1,100,0.909703
1752172974.080815,579618.500,28567,2,EA,1,100,0.905679
1752172974.147316,579685.000,28567,2,EA,1,100,0.905915
1752172974.214317,579752.000,28583,1,EA,1,100,0.909109
1752172974.280817,579818.500,28600,2,EA,1,100,0.911729
1752172974.347318,579885.000,28600,2,EA,1,100,0.909347
1752172974.414318,579952.000,28617,2,EA,1,100,0.906388
1752172974.481319,580019.000,28617,2,EA,1,100,0.902159
1752172974.547319,580085.000,28633,1,EA,1,100,0.906741
1752172974.614320,580152.000,28651,2,EA,1,100,0.908634
1752172974.681320,580219.000,28651,2,EA,1,100,0.909347
1752172974.747321,580285.000,28667,1,EA,1,100,0.910178
1752172974.814321,580352.000,28684,2,EA,1,100,0.913283
1752172974.881322,580419.000,28684,2,EA,1,100,0.913762
1752172974.947323,580485.000,28700,1,EA,1,100,0.912564
1752172975.013823,580551.500,28716,2,EA,1,100,0.912206
1752172975.080324,580618.000,28716,2,EA,1,100,0.909584
1752172975.147324,580685.000,28734,1,EA,1,100,0.911012
1752172975.213825,580751.500,28751,2,EA,1,100,0.912206
1752172975.280325,580818.000,28751,2,EA,1,100,0.914002
1752172975.347326,580885.000,28768,1,EA,1,100,0.915685
1752172975.413826,580951.500,28783,2,EA,1,100,0.917253
1752172975.480327,581018.000,28783,2,EA,1,100,0.916167
1752172975.547327,581085.000,28799,1,EA,1,100,0.915444
1752172975.613828,581151.500,28817,2,EA,1,100,0.916167
1752172975.680328,581218.000,28817,2,EA,1,100,0.915564
1752172975.747329,581285.000,28835,1,EA,1,100,0.913762
1752172975.813830,581351.500,28850,2,EA,1,100,0.910178
1752172975.880330,581418.000,28850,2,EA,1,100,0.908990
1752172975.947331,581485.000,28866,1,EA,1,100,0.908990
1752172976.013831,581551.500,28884,2,EA,1,100,0.911132
1752172976.080332,581618.000,28884,2,EA,1,100,0.911967
1752172976.147332,581685.000,28900,1,EA,1,100,0.911967
1752172976.213833,581751.500,28918,2,EA,1,100,0.911490
1752172976.280333,581818.000,28918,2,EA,1,100,0.907450
1752172976.347334,581885.000,28934,1,EA,1,100,0.902744
1752172976.413834,581951.500,28953,2,EA,1,100,0.910060
1752172976.480335,582018.000,28953,2,EA,1,100,0.916529
1752172976.547336,582085.000,28969,1,EA,1,100,0.909347
1752172976.613836,582151.500,28986,2,EA,1,100,0.910774
1752172976.680337,582218.000,28986,2,EA,1,100,0.911251
1752172976.747337,582285.000,29001,2,EA,1,100,0.913283
1752172976.814338,582352.000,29001,2,EA,1,100,0.914362
1752172976.880338,582418.000,29020,1,EA,1,100,0.914242
1752172976.947339,582485.000,29037,2,EA,1,100,0.914483
1752172977.014339,582552.000,29037,2,EA,1,100,0.914602
1752172977.080340,582618.000,29054,1,EA,1,100,0.912924
1752172977.147340,582685.000,29068,2,EA,1,100,0.913283
1752172977.214341,582752.000,29068,2,EA,1,100,0.912206
1752172977.280341,582818.000,29085,1,EA,1,100,0.913762
1752172977.347342,582885.000,29102,2,EA,1,100,0.915927
1752172977.414343,582952.000,29102,2,EA,1,100,0.916770
1752172977.480343,583018.000,29121,1,EA,1,100,0.917495
1752172977.547344,583085.000,29135,2,EA,1,100,0.919556
1752172977.614344,583152.000,29135,2,EA,1,100,0.919677
1752172977.680345,583218.000,29153,1,EA,1,100,0.919556
1752172977.747345,583285.000,29169,2,EA,1,100,0.909822
1752172977.814346,583352.000,29169,2,EA,1,100,0.901458
1752172977.880346,583418.000,29186,1,EA,1,100,0.907450
1752172977.947347,583485.000,29201,2,EA,1,100,0.913402
1752172978.014347,583552.000,29201,2,EA,1,100,0.914483
1752172978.080348,583618.000,29220,1,EA,1,100,0.914242
1752172978.147349,583685.000,29236,2,EA,1,100,0.914843
1752172978.214349,583752.000,29236,2,EA,1,100,0.914723
1752172978.280350,583818.000,29253,1,EA,1,100,0.914362
1752172978.346850,583884.500,29268,2,EA,1,100,0.914963
1752172978.413351,583951.000,29268,2,EA,1,100,0.915444
1752172978.480351,584018.000,29285,1,EA,1,100,0.916047
1752172978.546852,584084.500,29303,2,EA,1,100,0.916770
1752172978.613352,584151.000,29303,2,EA,1,100,0.916529
1752172978.680353,584218.000,29321,1,EA,1,100,0.917012
1752172978.746853,584284.500,29335,2,EA,1,100,0.917616
1752172978.813354,584351.000,29335,2,EA,1,100,0.918343
1752172978.880354,584418.000,29352,1,EA,1,100,0.918464
1752172978.946855,584484.500,29369,2,EA,1,100,0.917858
1752172979.013356,584551.000,29369,2,EA,1,100,0.918584
1752172979.080356,584618.000,29386,1,EA,1,100,0.918706
1752172979.146857,584684.500,29403,2,EA,1,100,0.919677
1752172979.213357,584751.000,29403,2,EA,1,100,0.919070
1752172979.280358,584818.000,29420,2,EA,1,100,0.919313
1752172979.347358,584885.000,29420,2,EA,1,100,0.919313
1752172979.413359,584951.000,29436,1,EA,1,100,0.918949
1752172979.480359,585018.000,29453,2,EA,1,100,0.919798
1752172979.547360,585085.000,29453,2,EA,1,100,0.919920
1752172979.613360,585151.000,29469,1,EA,1,100,0.919313
1752172979.680361,585218.000,29485,2,EA,1,100,0.919191
1752172979.747362,585285.000,29485,2,EA,1,100,0.920041
1752172979.813362,585351.000,29503,1,EA,1,100,0.919677
1752172979.880363,585418.000,29520,2,EA,1,100,0.919434
1752172979.947363,585485.000,29520,2,EA,1,100,0.919556
1752172980.013364,585551.000,29537,1,EA,1,100,0.920041
1752172980.080364,585618.000,29552,2,EA,1,100,0.920649
1752172980.147365,585685.000,29552,2,EA,1,100,0.920893
1752172980.213365,585751.000,29568,1,EA,1,100,0.920772
1752172980.280366,585818.000,29588,2,EA,1,100,0.921258
1752172980.347366,585885.000,29588,2,EA,1,100,0.920406
1752172980.413367,585951.000,29604,1,EA,1,100,0.920285
1752172980.480368,586018.000,29619,2,EA,1,100,0.921258
1752172980.547368,586085.000,29619,2,EA,1,100,0.920893
1752172980.613369,586151.000,29635,1,EA,1,100,0.921258
1752172980.680369,586218.000,29653,2,EA,1,100,0.921868
1752172980.747370,586285.000,29653,2,EA,1,100,0.921381
1752172980.813370,586351.000,29669,1,EA,1,100,0.921014
1752172980.880371,586418.000,29686,2,EA,1,100,0.921747
1752172980.947371,586485.000,29686,2,EA,1,100,0.922357
1752172981.013372,586551.000,29703,1,EA,1,100,0.922113
1752172981.080372,586618.000,29720,2,EA,1,100,0.922479
1752172981.147373,586685.000,29720,2,EA,1,100,0.922357
1752172981.213373,586751.000,29736,1,EA,1,100,0.922724
1752172981.280374,586818.000,29753,2,EA,1,100,0.923214
1752172981.347375,586885.000,29753,2,EA,1,100,0.922846
1752172981.413375,586951.000,29772,1,EA,1,100,0.923214
1752172981.480376,587018.000,29789,2,EA,1,100,0.923581
1752172981.547376,587085.000,29789,2,EA,1,100,0.923581
1752172981.613377,587151.000,29805,1,EA,1,100,0.922846
1752172981.679877,587217.500,29822,2,EA,1,100,0.922479
1752172981.746378,587284.000,29822,2,EA,1,100,0.922479
1752172981.813378,587351.000,29837,2,EA,1,100,0.922969
1752172981.880379,587418.000,29837,2,EA,1,100,0.922846
1752172981.946379,587484.000,29854,1,EA,1,100,0.923214
1752172982.013380,587551.000,29873,2,EA,1,100,0.923581
1752172982.080381,587618.000,29873,2,EA,1,100,0.923581
1752172982.146381,587684.000,29890,1,EA,1,100,0.923336
1752172982.213382,587751.000,29904,2,EA,1,100,0.923703
1752172982.280382,587818.000,29904,2,EA,1,100,0.924194
1752172982.346383,587884.000,29922,1,EA,1,100,0.924071
1752172982.413383,587951.000,29938,2,EA,1,100,0.924440
1752172982.480384,588018.000,29938,2,EA,1,100,0.924930
1752172982.546384,588084.000,29955,1,EA,1,100,0.924440
1752172982.613385,588151.000,29972,2,EA,1,100,0.924440
1752172982.680385,588218.000,29972,2,EA,1,100,0.924316
1752172982.746386,588284.000,29989,1,EA,1,100,0.924194
1752172982.813386,588351.000,30005,2,EA,1,100,0.924562
1752172982.880387,588418.000,30005,2,EA,1,100,0.924562
1752172982.946388,588484.000,30022,1,EA,1,100,0.924562
1752172983.013388,588551.000,30037,2,EA,1,100,0.924684
1752172983.080389,588618.000,30037,2,EA,1,100,0.925176
1752172983.146389,588684.000,30054,1,EA,1,100,0.925054
1752172983.213390,588751.000,30072,2,EA,1,100,0.925176
1752172983.280390,588818.000,30072,2,EA,1,100,0.925422
1752172983.346391,588884.000,30090,1,EA,1,100,0.925422
1752172983.413391,588951.000,30104,2,EA,1,100,0.925791
1752172983.480392,589018.000,30104,2,EA,1,100,0.925054
1752172983.546392,589084.000,30121,1,EA,1,100,0.925914
1752172983.613393,589151.000,30138,2,EA,1,100,0.925422
1752172983.680394,589218.000,30138,2,EA,1,100,0.925545
1752172983.746394,589284.000,30157,1,EA,1,100,0.926160
1752172983.813395,589351.000,30172,2,EA,1,100,0.926284
1752172983.880395,589418.000,30172,2,EA,1,100,0.925669
1752172983.946396,589484.000,30188,1,EA,1,100,0.925791
1752172984.013396,589551.000,30205,2,EA,1,100,0.926407
1752172984.080397,589618.000,30205,2,EA,1,100,0.927147
1752172984.146397,589684.000,30222,1,EA,1,100,0.926530
1752172984.213398,589751.000,30237,2,EA,1,100,0.927147
1752172984.280398,589818.000,30237,2,EA,1,100,0.926654
1752172984.346899,589884.500,30256,2,EA,1,100,0.926654
1752172984.413399,589951.000,30256,2,EA,1,100,0.927024
1752172984.480400,590018.000,30272,1,EA,1,100,0.926407
1752172984.546901,590084.500,30289,2,EA,1,100,0.927147
1752172984.613401,590151.000,30289,2,EA,1,100,0.927394
1752172984.680402,590218.000,30306,1,EA,1,100,0.926654
1752172984.746902,590284.500,30321,2,EA,1,100,0.927271
1752172984.813403,590351.000,30321,2,EA,1,100,0.927518
1752172984.880403,590418.000,30339,1,EA,1,100,0.927394
1752172984.946904,590484.500,30357,2,EA,1,100,0.927889
1752172985.013404,590551.000,30357,2,EA,1,100,0.927271
1752172985.079405,590617.000,30373,1,EA,1,100,0.927641
1752172985.146405,590684.000,30388,2,EA,1,100,0.927889
1752172985.213406,590751.000,30388,2,EA,1,100,0.928137
1752172985.279407,590817.000,30404,1,EA,1,100,0.928508
1752172985.346407,590884.000,30422,2,EA,1,100,0.928508
1752172985.413408,590951.000,30422,2,EA,1,100,0.928756
1752172985.479408,591017.000,30440,1,EA,1,100,0.929003
1752172985.546409,591084.000,30455,2,EA,1,100,0.928756
1752172985.613409,591151.000,30455,2,EA,1,100,0.928508
1752172985.679410,591217.000,30472,1,EA,1,100,0.929623
1752172985.746410,591284.000,30489,2,EA,1,100,0.929748
1752172985.813411,591351.000,30489,2,EA,1,100,0.928879
1752172985.879411,591417.000,30505,1,EA,1,100,0.929375
1752172985.946412,591484.000,30521,2,EA,1,100,0.929499
1752172986.013413,591551.000,30521,2,EA,1,100,0.929127
1752172986.079413,591617.000,30539,1,EA,1,100,0.929251
1752172986.146414,591684.000,30556,2,EA,1,100,0.929871
1752172986.213414,591751.000,30556,2,EA,1,100,0.929748
1752172986.279415,591817.000,30572,1,EA,1,100,0.929623
1752172986.346415,591884.000,30591,2,EA,1,100,0.930120
1752172986.413416,591951.000,30591,2,EA,1,100,0.930369
1752172986.479416,592017.000,30606,1,EA,1,100,0.930742
1752172986.546417,592084.000,30623,2,EA,1,100,0.930369
1752172986.613417,592151.000,30623,2,EA,1,100,0.929871
1752172986.679418,592217.000,30642,1,EA,1,100,0.930244
1752172986.746418,592284.000,30658,2,EA,1,100,0.930742
1752172986.813419,592351.000,30658,2,EA,1,100,0.930618
1752172986.879920,592417.500,30673,2,EA,1,100,0.931115
1752172986.946420,592484.000,30673,2,EA,1,100,0.930742
1752172987.013421,592551.000,30691,1,EA,1,100,0.930618
1752172987.079921,592617.500,30707,2,EA,1,100,0.930991
1752172987.146422,592684.000,30707,2,EA,1,100,0.932112
1752172987.213422,592751.000,30724,1,EA,1,100,0.931488
1752172987.279923,592817.500,30741,2,EA,1,100,0.931240
1752172987.346423,592884.000,30741,2,EA,1,100,0.931614
1752172987.413424,592951.000,30758,1,EA,1,100,0.931364
1752172987.479924,593017.500,30774,2,EA,1,100,0.931488
1752172987.546425,593084.000,30774,2,EA,1,100,0.931738
1752172987.613426,593151.000,30791,1,EA,1,100,0.931863
1752172987.679926,593217.500,30806,2,EA,1,100,0.932112
1752172987.746427,593284.000,30806,2,EA,1,100,0.931488
1752172987.813427,593351.000,30823,1,EA,1,100,0.931488
1752172987.879928,593417.500,30841,2,EA,1,100,0.932487
1752172987.946428,593484.000,30841,2,EA,1,100,0.933361
1752172988.013429,593551.000,30859,1,EA,1,100,0.932237
1752172988.079929,593617.500,30873,2,EA,1,100,0.932112
1752172988.146430,593684.000,30873,2,EA,1,100,0.932612
1752172988.213430,593751.000,30890,1,EA,1,100,0.932736
1752172988.279931,593817.500,30907,2,EA,1,100,0.932736
1752172988.346431,593884.000,30907,2,EA,1,100,0.932362
1752172988.412432,593950.000,30924,1,EA,1,100,0.932736
1752172988.479433,594017.000,30940,2,EA,1,100,0.933237
1752172988.546433,594084.000,30940,2,EA,1,100,0.932487
1752172988.612434,594150.000,30957,1,EA,1,100,0.932612
1752172988.679434,594217.000,30974,2,EA,1,100,0.932612
1752172988.746435,594284.000,30974,2,EA,1,100,0.933237
1752172988.812435,594350.000,30991,1,EA,1,100,0.933361
1752172988.879436,594417.000,31005,2,EA,1,100,0.933361
1752172988.946436,594484.000,31005,2,EA,1,100,0.932986
1752172989.012437,594550.000,31025,1,EA,1,100,0.933361
1752172989.079437,594617.000,31041,2,EA,1,100,0.933987
1752172989.146438,594684.000,31041,2,EA,1,100,0.934238
1752172989.212939,594750.500,31058,2,EA,1,100,0.933987
1752172989.279439,594817.000,31058,2,EA,1,100,0.934364
1752172989.346440,594884.000,31075,1,EA,1,100,0.934114
1752172989.412940,594950.500,31090,2,EA,1,100,0.934740
1752172989.479441,595017.000,31090,2,EA,1,100,0.934364
1752172989.546441,595084.000,31106,1,EA,1,100,0.934238
1752172989.612942,595150.500,31126,2,EA,1,100,0.934489
1752172989.679442,595217.000,31126,2,EA,1,100,0.934238
1752172989.746443,595284.000,31142,1,EA,1,100,0.934238
1752172989.812943,595350.500,31157,2,EA,1,100,0.934866
1752172989.879444,595417.000,31157,2,EA,1,100,0.935368
1752172989.946445,595484.000,31173,1,EA,1,100,0.935494
1752172990.012945,595550.500,31191,2,EA,1,100,0.935117
1752172990.079446,595617.000,31191,2,EA,1,100,0.934866
1752172990.146446,595684.000,31207,1,EA,1,100,0.935242
1752172990.212947,595750.500,31224,2,EA,1,100,0.935620
1752172990.279447,595817.000,31224,2,EA,1,100,0.935871
1752172990.346448,595884.000,31241,1,EA,1,100,0.935871
1752172990.412948,595950.500,31258,2,EA,1,100,0.936627
1752172990.479449,596017.000,31258,2,EA,1,100,0.935494
1752172990.546449,596084.000,31274,1,EA,1,100,0.935494
1752172990.612950,596150.500,31290,2,EA,1,100,0.936627
1752172990.679450,596217.000,31290,2,EA,1,100,0.936500
1752172990.746451,596284.000,31306,1,EA,1,100,0.936752
1752172990.812952,596350.500,31323,2,EA,1,100,0.937005
1752172990.879452,596417.000,31323,2,EA,1,100,0.936752
1752172990.946453,596484.000,31341,1,EA,1,100,0.936627
1752172991.012953,596550.500,31358,2,EA,1,100,0.936879
1752172991.079454,596617.000,31358,2,EA,1,100,0.936375
1752172991.146454,596684.000,31373,1,EA,1,100,0.936752
1752172991.212955,596750.500,31390,2,EA,1,100,0.936879
1752172991.279455,596817.000,31390,2,EA,1,100,0.936627
1752172991.346456,596884.000,31407,1,EA,1,100,0.936500
1752172991.412956,596950.500,31427,2,EA,1,100,0.936879
1752172991.479457,597017.000,31427,2,EA,1,100,0.937005
1752172991.545958,597083.500,31442,2,EA,1,100,0.937510
1752172991.612458,597150.000,31442,2,EA,1,100,0.937130
1752172991.679459,597217.000,31460,1,EA,1,100,0.937005
1752172991.745959,597283.500,31476,2,EA,1,100,0.937383
1752172991.812460,597350.000,31476,2,EA,1,100,0.937888
1752172991.879460,597417.000,31493,1,EA,1,100,0.938141
1752172991.945961,597483.500,31508,2,EA,1,100,0.938141
1752172992.012461,597550.000,31508,2,EA,1,100,0.938014
1752172992.079462,597617.000,31527,1,EA,1,100,0.938141
1752172992.145962,597683.500,31543,2,EA,1,100,0.938393
1752172992.212463,597750.000,31543,2,EA,1,100,0.937510
1752172992.279463,597817.000,31560,1,EA,1,100,0.937888
1752172992.345964,597883.500,31575,2,EA,1,100,0.938014
1752172992.412465,597950.000,31575,2,EA,1,100,0.938393
1752172992.479465,598017.000,31592,1,EA,1,100,0.938141
1752172992.545966,598083.500,31608,2,EA,1,100,0.938647
1752172992.612466,598150.000,31608,2,EA,1,100,0.938900
1752172992.679467,598217.000,31628,1,EA,1,100,0.938900
1752172992.745967,598283.500,31642,2,EA,1,100,0.939534
1752172992.812468,598350.000,31642,2,EA,1,100,0.939154
1752172992.879468,598417.000,31659,1,EA,1,100,0.939026
1752172992.945969,598483.500,31676,2,EA,1,100,0.938774
1752172993.012469,598550.000,31676,2,EA,1,100,0.939154
1752172993.079470,598617.000,31693,1,EA,1,100,0.939407
1752172993.145971,598683.500,31707,2,EA,1,100,0.939914
1752172993.212471,598750.000,31707,2,EA,1,100,0.940168
1752172993.279472,598817.000,31726,1,EA,1,100,0.939914
1752172993.345972,598883.500,31743,2,EA,1,100,0.939787
1752172993.412473,598950.000,31743,2,EA,1,100,0.939660
1752172993.479473,599017.000,31760,1,EA,1,100,0.939914
1752172993.545974,599083.500,31774,2,EA,1,100,0.939914
1752172993.612474,599150.000,31774,2,EA,1,100,0.939914
1752172993.679475,599217.000,31792,1,EA,1,100,0.940294
1752172993.745975,599283.500,31808,2,EA,1,100,0.940803
1752172993.812476,599350.000,31808,2,EA,1,100,0.940930
1752172993.879476,599417.000,31827,1,EA,1,100,0.941058
1752172993.945977,599483.500,31843,2,EA,1,100,0.941184
1752172994.012478,599550.000,31843,2,EA,1,100,0.941566
1752172994.078978,599616.500,31859,2,EA,1,100,0.941439
1752172994.145479,599683.000,31859,2,EA,1,100,0.941694
1752172994.212479,599750.000,31875,1,EA,1,100,0.941184
1752172994.278980,599816.500,31893,2,EA,1,100,0.940676
1752172994.345480,599883.000,31893,2,EA,1,100,0.941312
1752172994.412481,599950.000,31911,1,EA,1,100,0.941312
1752172994.478981,600016.500,31926,2,EA,1,100,0.941694
1752172994.545482,600083.000,31926,2,EA,1,100,0.941312
1752172994.612482,600150.000,31942,1,EA,1,100,0.941312
1752172994.678983,600216.500,31960,2,EA,1,100,0.941566
1752172994.745484,600283.000,31960,2,EA,1,100,0.941566
1752172994.812484,600350.000,31976,1,EA,1,100,0.941694
1752172994.878985,600416.500,31991,2,EA,1,100,0.941949
1752172994.945485,600483.000,31991,2,EA,1,100,0.941566
1752172995.012486,600550.000,32010,1,EA,1,100,0.941694
1752172995.078986,600616.500,32027,2,EA,1,100,0.942076
1752172995.145487,600683.000,32027,2,EA,1,100,0.941949
1752172995.212487,600750.000,32043,1,EA,1,100,0.942076
1752172995.278988,600816.500,32059,2,EA,1,100,0.942714
1752172995.345488,600883.000,32059,2,EA,1,100,0.942587
1752172995.412489,600950.000,32075,1,EA,1,100,0.942203
1752172995.478990,601016.500,32092,2,EA,1,100,0.941821
1752172995.545490,601083.000,32092,2,EA,1,100,0.942969
1752172995.612491,601150.000,32110,1,EA,1,100,0.943225
1752172995.678991,601216.500,32126,2,EA,1,100,0.943353
1752172995.745492,601283.000,32126,2,EA,1,100,0.942587
1752172995.812492,601350.000,32142,1,EA,1,100,0.943225
1752172995.878993,601416.500,32159,2,EA,1,100,0.943736
1752172995.945493,601483.000,32159,2,EA,1,100,0.944120
1752172996.012494,601550.000,32176,1,EA,1,100,0.943865
1752172996.078994,601616.500,32192,2,EA,1,100,0.943736
1752172996.145495,601683.000,32192,2,EA,1,100,0.943609
1752172996.212495,601750.000,32209,1,EA,1,100,0.944120
1752172996.278996,601816.500,32227,2,EA,1,100,0.943865
1752172996.345497,601883.000,32227,2,EA,1,100,0.944120
1752172996.411997,601949.500,32245,2,EA,1,100,0.943992
1752172996.478498,602016.000,32245,2,EA,1,100,0.944760
1752172996.545498,602083.000,32262,1,EA,1,100,0.944248
1752172996.611999,602149.500,32277,2,EA,1,100,0.944120
1752172996.678499,602216.000,32277,2,EA,1,100,0.944376
1752172996.745500,602283.000,32294,1,EA,1,100,0.944632
1752172996.812000,602349.500,32312,2,EA,1,100,0.944632
1752172996.878501,602416.000,32312,2,EA,1,100,0.944889
1752172996.945501,602483.000,32329,1,EA,1,100,0.944760
1752172997.012002,602549.500,32344,2,EA,1,100,0.944632
1752172997.078503,602616.000,32344,2,EA,1,100,0.945017
1752172997.145503,602683.000,32361,1,EA,1,100,0.945274
1752172997.212004,602749.500,32377,2,EA,1,100,0.945402
1752172997.278504,602816.000,32377,2,EA,1,100,0.944760
1752172997.345505,602883.000,32395,1,EA,1,100,0.945402
1752172997.412005,602949.500,32411,2,EA,1,100,0.946431
1752172997.478506,603016.000,32411,2,EA,1,100,0.946301
1752172997.545506,603083.000,32428,1,EA,1,100,0.945788
1752172997.612007,603149.500,32445,2,EA,1,100,0.945017
1752172997.678507,603216.000,32445,2,EA,1,100,0.945788
1752172997.745508,603283.000,32462,1,EA,1,100,0.945788
1752172997.812008,603349.500,32476,2,EA,1,100,0.946431
1752172997.878509,603416.000,32476,2,EA,1,100,0.946559
1752172997.945510,603483.000,32495,1,EA,1,100,0.946431
1752172998.012010,603549.500,32512,2,EA,1,100,0.946301
1752172998.078511,603616.000,32512,2,EA,1,100,0.947074
1752172998.145511,603683.000,32529,1,EA,1,100,0.947203
1752172998.212012,603749.500,32543,2,EA,1,100,0.947589
1752172998.278512,603816.000,32543,2,EA,1,100,0.947331
1752172998.345513,603883.000,32561,1,EA,1,100,0.947461
1752172998.412013,603949.500,32577,2,EA,1,100,0.947461
1752172998.478514,604016.000,32577,2,EA,1,100,0.947203
1752172998.545514,604083.000,32594,1,EA,1,100,0.947331
1752172998.612015,604149.500,32612,2,EA,1,100,0.947461
1752172998.678516,604216.000,32612,2,EA,1,100,0.947589
1752172998.745516,604283.000,32628,1,EA,1,100,0.947074
1752172998.812017,604349.500,32644,2,EA,1,100,0.946945
1752172998.878517,604416.000,32644,2,EA,1,100,0.947589
1752172998.945018,604482.500,32662,2,EA,1,100,0.948364
1752172999.011518,604549.000,32662,2,EA,1,100,0.948364
1752172999.078519,604616.000,32678,1,EA,1,100,0.948234
1752172999.145019,604682.500,32693,2,EA,1,100,0.947847
1752172999.211520,604749.000,32693,2,EA,1,100,0.948234
1752172999.278520,604816.000,32711,1,EA,1,100,0.948364
1752172999.345021,604882.500,32729,2,EA,1,100,0.948881
1752172999.411521,604949.000,32729,2,EA,1,100,0.948752
1752172999.478522,605016.000,32745,1,EA,1,100,0.948622
1752172999.545023,605082.500,32760,2,EA,1,100,0.948364
1752172999.611523,605149.000,32760,2,EA,1,100,0.949011
1752172999.678524,605216.000,32777,1,EA,1,100,0.949658
1752172999.745024,605282.500,32794,2,EA,1,100,0.949658
1752172999.811525,605349.000,32794,2,EA,1,100,0.948752
1752172999.878525,605416.000,32812,1,EA,1,100,0.948752
1752172999.945026,605482.500,32828,2,EA,1,100,0.949011
1752173000.011526,605549.000,32828,2,EA,1,100,0.949268
1752173000.078527,605616.000,32844,1,EA,1,100,0.949011
1752173000.145027,605682.500,32861,2,EA,1,100,0.949268
1752173000.211528,605749.000,32861,2,EA,1,100,0.949011
1752173000.278529,605816.000,32877,1,EA,1,100,0.949399
1752173000.345029,605882.500,32893,2,EA,1,100,0.949528
1752173000.411530,605949.000,32893,2,EA,1,100,0.949658
1752173000.478530,606016.000,32911,1,EA,1,100,0.949658
1752173000.545031,606082.500,32928,2,EA,1,100,0.949399
1752173000.611531,606149.000,32928,2,EA,1,100,0.949916
1752173000.678532,606216.000,32945,1,EA,1,100,0.949787
1752173000.745032,606282.500,32960,2,EA,1,100,0.949787
1752173000.811533,606349.000,32960,2,EA,1,100,0.950176
1752173000.878533,606416.000,32976,1,EA,1,100,0.950176
1752173000.945034,606482.500,32994,2,EA,1,100,0.950824
1752173001.011535,606549.000,32994,2,EA,1,100,0.950565
1752173001.078535,606616.000,33012,1,EA,1,100,0.950435
1752173001.145036,606682.500,33028,2,EA,1,100,0.951084
1752173001.211536,606749.000,33028,2,EA,1,100,0.950824
1752173001.278537,606816.000,33043,1,EA,1,100,0.950955
1752173001.345037,606882.500,33063,2,EA,1,100,0.950306
1752173001.411538,606949.000,33063,2,EA,1,100,0.950695
1752173001.478538,607016.000,33079,2,EA,1,100,0.951605
1752173001.545539,607083.000,33079,2,EA,1,100,0.951474
1752173001.611539,607149.000,33096,1,EA,1,100,0.951474
1752173001.678040,607215.500,33113,2,EA,1,100,0.951734
1752173001.744540,607282.000,33113,2,EA,1,100,0.951084
1752173001.811541,607349.000,33130,1,EA,1,100,0.950955
1752173001.878042,607415.500,33146,2,EA,1,100,0.951864
1752173001.944542,607482.000,33146,2,EA,1,100,0.951605
1752173002.011543,607549.000,33164,1,EA,1,100,0.951995
1752173002.078043,607615.500,33178,2,EA,1,100,0.952646
1752173002.144544,607682.000,33178,2,EA,1,100,0.951864
1752173002.211544,607749.000,33195,1,EA,1,100,0.951734
1752173002.278045,607815.500,33214,2,EA,1,100,0.952125
1752173002.344545,607882.000,33214,2,EA,1,100,0.951864
1752173002.411546,607949.000,33231,1,EA,1,100,0.951995
1752173002.478046,608015.500,33245,2,EA,1,100,0.952125
1752173002.544547,608082.000,33245,2,EA,1,100,0.952776
1752173002.611548,608149.000,33262,1,EA,1,100,0.952256
1752173002.678048,608215.500,33279,2,EA,1,100,0.951474
1752173002.744549,608282.000,33279,2,EA,1,100,0.952256
1752173002.811549,608349.000,33296,1,EA,1,100,0.952907
1752173002.878050,608415.500,33312,2,EA,1,100,0.953560
1752173002.944550,608482.000,33312,2,EA,1,100,0.953037
1752173003.011551,608549.000,33330,1,EA,1,100,0.952776
1752173003.078051,608615.500,33346,2,EA,1,100,0.952776
1752173003.144552,608682.000,33346,2,EA,1,100,0.953560
1752173003.211552,608749.000,33363,1,EA,1,100,0.953167
1752173003.278053,608815.500,33379,2,EA,1,100,0.953037
1752173003.344553,608882.000,33379,2,EA,1,100,0.953429
1752173003.411554,608949.000,33395,1,EA,1,100,0.953560
1752173003.478055,609015.500,33413,2,EA,1,100,0.954082
1752173003.544555,609082.000,33413,2,EA,1,100,0.953820
1752173003.611556,609149.000,33430,1,EA,1,100,0.954082
1752173003.678056,609215.500,33446,2,EA,1,100,0.954082
1752173003.744557,609282.000,33446,2,EA,1,100,0.953820
1752173003.811557,609349.000,33462,2,EA,1,100,0.954213
1752173003.878558,609416.000,33462,2,EA,1,100,0.954606
1752173003.944558,609482.000,33478,1,EA,1,100,0.954213
1752173004.011559,609549.000,33498,2,EA,1,100,0.954344
1752173004.078559,609616.000,33498,2,EA,1,100,0.954082
1752173004.144560,609682.000,33514,1,EA,1,100,0.954474
1752173004.211561,609749.000,33529,2,EA,1,100,0.954736
1752173004.278561,609816.000,33529,2,EA,1,100,0.955260
1752173004.344562,609882.000,33546,1,EA,1,100,0.955129
1752173004.411562,609949.000,33563,2,EA,1,100,0.955260
1752173004.478563,610016.000,33563,2,EA,1,100,0.954998
1752173004.544563,610082.000,33579,1,EA,1,100,0.954998
1752173004.611564,610149.000,33597,2,EA,1,100,0.954998
1752173004.678564,610216.000,33597,2,EA,1,100,0.954736
1752173004.744565,610282.000,33613,1,EA,1,100,0.954998
1752173004.811565,610349.000,33630,2,EA,1,100,0.955391
1752173004.878566,610416.000,33630,2,EA,1,100,0.955523
1752173004.944566,610482.000,33646,1,EA,1,100,0.955523
1752173005.011067,610548.500,33662,2,EA,1,100,0.956179
1752173005.077568,610615.000,33662,2,EA,1,100,0.955260
1752173005.144568,610682.000,33678,1,EA,1,100,0.955916
1752173005.211069,610748.500,33697,2,EA,1,100,0.956179
1752173005.277569,610815.000,33697,2,EA,1,100,0.955654
1752173005.344570,610882.000,33714,1,EA,1,100,0.955916
1752173005.411070,610948.500,33729,2,EA,1,100,0.956179
1752173005.477571,611015.000,33729,2,EA,1,100,0.956047
1752173005.544571,611082.000,33745,1,EA,1,100,0.956047
1752173005.611072,611148.500,33763,2,EA,1,100,0.956441
1752173005.677572,611215.000,33763,2,EA,1,100,0.956179
1752173005.744573,611282.000,33779,1,EA,1,100,0.956704
1752173005.811074,611348.500,33797,2,EA,1,100,0.956704
1752173005.877574,611415.000,33797,2,EA,1,100,0.956310
1752173005.944575,611482.000,33812,1,EA,1,100,0.956704
1752173006.011075,611548.500,33830,2,EA,1,100,0.956967
1752173006.077576,611615.000,33830,2,EA,1,100,0.956836
1752173006.144576,611682.000,33846,2,EA,1,100,0.957098
1752173006.211577,611749.000,33846,2,EA,1,100,0.956967
1752173006.277577,611815.000,33863,1,EA,1,100,0.956573
1752173006.344578,611882.000,33880,2,EA,1,100,0.956836
1752173006.411578,611949.000,33880,2,EA,1,100,0.957098
1752173006.477579,612015.000,33899,1,EA,1,100,0.956704
1752173006.544580,612082.000,33915,2,EA,1,100,0.957098
1752173006.611580,612149.000,33915,2,EA,1,100,0.956704
1752173006.677581,612215.000,33933,1,EA,1,100,0.957625
1752173006.744581,612282.000,33947,2,EA,1,100,0.958020
1752173006.811582,612349.000,33947,2,EA,1,100,0.958284
1752173006.877582,612415.000,33964,1,EA,1,100,0.958020
1752173006.944583,612482.000,33981,2,EA,1,100,0.958416
1752173007.011583,612549.000,33981,2,EA,1,100,0.958548
1752173007.077584,612615.000,34000,1,EA,1,100,0.958020
1752173007.144584,612682.000,34014,2,EA,1,100,0.958020
1752173007.211585,612749.000,34014,2,EA,1,100,0.958548
1752173007.277585,612815.000,34031,1,EA,1,100,0.958944
1752173007.344586,612882.000,34048,2,EA,1,100,0.958680
1752173007.411587,612949.000,34048,2,EA,1,100,0.959209
1752173007.477587,613015.000,34065,1,EA,1,100,0.958944
1752173007.544588,613082.000,34079,2,EA,1,100,0.958548
1752173007.611588,613149.000,34079,2,EA,1,100,0.958548
1752173007.677589,613215.000,34099,1,EA,1,100,0.959209
1752173007.744589,613282.000,34115,2,EA,1,100,0.959473
1752173007.811590,613349.000,34115,2,EA,1,100,0.959340
1752173007.877590,613415.000,34132,1,EA,1,100,0.959340
1752173007.944591,613482.000,34147,2,EA,1,100,0.960135
1752173008.011591,613549.000,34147,2,EA,1,100,0.960002
1752173008.077592,613615.000,34164,1,EA,1,100,0.959737
1752173008.144593,613682.000,34180,2,EA,1,100,0.960267
1752173008.211593,613749.000,34180,2,EA,1,100,0.960002
1752173008.277594,613815.000,34199,1,EA,1,100,0.960267
1752173008.344094,613881.500,34215,2,EA,1,100,0.960267
1752173008.410595,613948.000,34215,2,EA,1,100,0.960267
1752173008.477595,614015.000,34231,1,EA,1,100,0.960797
1752173008.544096,614081.500,34247,2,EA,1,100,0.960664
1752173008.610596,614148.000,34247,2,EA,1,100,0.960797
1752173008.677597,614215.000,34265,2,EA,1,100,0.960532
1752173008.744597,614282.000,34265,2,EA,1,100,0.960135
1752173008.810598,614348.000,34281,1,EA,1,100,0.960399
1752173008.877598,614415.000,34298,2,EA,1,100,0.960664
1752173008.944599,614482.000,34298,2,EA,1,100,0.960929
1752173009.010600,614548.000,34315,1,EA,1,100,0.961062
1752173009.077600,614615.000,34332,2,EA,1,100,0.961062
1752173009.144601,614682.000,34332,2,EA,1,100,0.960929
1752173009.210601,614748.000,34348,1,EA,1,100,0.960267
1752173009.277602,614815.000,34364,2,EA,1,100,0.960664
1752173009.344602,614882.000,34364,2,EA,1,100,0.960797
1752173009.410603,614948.000,34382,1,EA,1,100,0.961593
1752173009.477603,615015.000,34399,2,EA,1,100,0.962125
1752173009.544604,615082.000,34399,2,EA,1,100,0.961725
1752173009.610604,615148.000,34415,1,EA,1,100,0.961327
1752173009.677605,615215.000,34431,2,EA,1,100,0.962125
1752173009.744606,615282.000,34431,2,EA,1,100,0.961859
1752173009.810606,615348.000,34447,1,EA,1,100,0.961859
1752173009.877607,615415.000,34464,2,EA,1,100,0.961593
1752173009.944607,615482.000,34464,2,EA,1,100,0.961461
1752173010.010608,615548.000,34483,1,EA,1,100,0.961991
1752173010.077608,615615.000,34498,2,EA,1,100,0.962790
1752173010.144609,615682.000,34498,2,EA,1,100,0.962524
1752173010.210609,615748.000,34514,1,EA,1,100,0.962524
1752173010.277610,615815.000,34532,2,EA,1,100,0.962524
1752173010.344610,615882.000,34532,2,EA,1,100,0.962790
1752173010.410611,615948.000,34548,1,EA,1,100,0.962258
1752173010.477612,616015.000,34563,2,EA,1,100,0.963456
1752173010.544612,616082.000,34563,2,EA,1,100,0.963722
1752173010.610613,616148.000,34581,1,EA,1,100,0.963322
1752173010.677613,616215.000,34599,2,EA,1,100,0.963056
1752173010.744614,616282.000,34599,2,EA,1,100,0.963190
1752173010.810614,616348.000,34615,1,EA,1,100,0.963056
1752173010.877615,616415.000,34631,2,EA,1,100,0.963056
1752173010.944615,616482.000,34631,2,EA,1,100,0.962524
1752173011.010616,616548.000,34647,1,EA,1,100,0.962923
1752173011.077616,616615.000,34664,2,EA,1,100,0.963989
1752173011.144617,616682.000,34664,2,EA,1,100,0.963989
1752173011.211117,616748.500,34682,2,EA,1,100,0.964124
1752173011.277618,616815.000,34682,2,EA,1,100,0.963989
1752173011.344619,616882.000,34700,1,EA,1,100,0.964124
1752173011.411119,616948.500,34716,2,EA,1,100,0.964390
1752173011.477620,617015.000,34716,2,EA,1,100,0.964657
1752173011.544620,617082.000,34733,1,EA,1,100,0.964792
1752173011.611121,617148.500,34750,2,EA,1,100,0.964657
1752173011.677621,617215.000,34750,2,EA,1,100,0.963856
1752173011.743622,617281.000,34767,1,EA,1,100,0.964524
1752173011.810622,617348.000,34781,2,EA,1,100,0.965058
1752173011.877623,617415.000,34781,2,EA,1,100,0.964925
1752173011.943623,617481.000,34800,1,EA,1,100,0.964657
1752173012.010624,617548.000,34817,2,EA,1,100,0.964792
1752173012.077625,617615.000,34817,2,EA,1,100,0.964124
1752173012.143625,617681.000,34834,1,EA,1,100,0.964792
1752173012.210626,617748.000,34848,2,EA,1,100,0.965058
1752173012.277626,617815.000,34848,2,EA,1,100,0.964792
1752173012.343627,617881.000,34866,1,EA,1,100,0.965192
1752173012.410627,617948.000,34884,2,EA,1,100,0.965594
1752173012.477628,618015.000,34884,2,EA,1,100,0.965460
1752173012.543628,618081.000,34901,1,EA,1,100,0.965460
1752173012.610629,618148.000,34916,2,EA,1,100,0.965862
1752173012.677629,618215.000,34916,2,EA,1,100,0.965594
1752173012.743630,618281.000,34933,1,EA,1,100,0.965862
1752173012.810630,618348.000,34949,2,EA,1,100,0.965727
1752173012.877631,618415.000,34949,2,EA,1,100,0.965862
1752173012.943632,618481.000,34966,1,EA,1,100,0.966264
1752173013.010632,618548.000,34984,2,EA,1,100,0.967069
1752173013.077633,618615.000,34984,2,EA,1,100,0.966532
1752173013.143633,618681.000,35000,1,EA,1,100,0.966532
1752173013.210634,618748.000,35016,2,EA,1,100,0.966532
1752173013.277634,618815.000,35016,2,EA,1,100,0.965862
1752173013.343635,618881.000,35034,1,EA,1,100,0.965995
1752173013.410635,618948.000,35049,2,EA,1,100,0.966801
1752173013.477636,619015.000,35049,2,EA,1,100,0.966801
1752173013.544136,619081.500,35065,2,EA,1,100,0.966801
1752173013.610637,619148.000,35065,2,EA,1,100,0.966666
1752173013.677638,619215.000,35084,1,EA,1,100,0.967338
1752173013.744138,619281.500,35101,2,EA,1,100,0.966935
1752173013.810639,619348.000,35101,2,EA,1,100,0.966666
1752173013.877639,619415.000,35117,1,EA,1,100,0.966801
1752173013.944140,619481.500,35133,2,EA,1,100,0.967338
1752173014.010640,619548.000,35133,2,EA,1,100,0.966801
1752173014.077641,619615.000,35149,1,EA,1,100,0.967338
1752173014.144141,619681.500,35166,2,EA,1,100,0.967473
1752173014.210642,619748.000,35166,2,EA,1,100,0.967338
1752173014.277642,619815.000,35184,1,EA,1,100,0.967607
1752173014.344143,619881.500,35200,2,EA,1,100,0.968010
1752173014.410643,619948.000,35200,2,EA,1,100,0.967607
1752173014.477644,620015.000,35216,1,EA,1,100,0.967473
1752173014.544145,620081.500,35233,2,EA,1,100,0.967607
1752173014.610645,620148.000,35233,2,EA,1,100,0.968145
1752173014.677646,620215.000,35250,1,EA,1,100,0.968145
1752173014.744146,620281.500,35265,2,EA,1,100,0.968010
1752173014.810647,620348.000,35265,2,EA,1,100,0.967876
1752173014.877647,620415.000,35281,1,EA,1,100,0.968414
1752173014.944148,620481.500,35301,2,EA,1,100,0.968549
1752173015.010648,620548.000,35301,2,EA,1,100,0.968414
1752173015.076649,620614.000,35317,1,EA,1,100,0.968683
1752173015.143649,620681.000,35332,2,EA,1,100,0.969088
1752173015.210650,620748.000,35332,2,EA,1,100,0.968819
1752173015.276651,620814.000,35348,1,EA,1,100,0.969494
1752173015.343651,620881.000,35366,2,EA,1,100,0.968819
1752173015.410652,620948.000,35366,2,EA,1,100,0.968953
1752173015.476652,621014.000,35384,1,EA,1,100,0.969088
1752173015.543653,621081.000,35400,2,EA,1,100,0.969358
1752173015.610653,621148.000,35400,2,EA,1,100,0.970033
1752173015.676654,621214.000,35416,1,EA,1,100,0.970304
1752173015.743654,621281.000,35433,2,EA,1,100,0.970304
1752173015.810655,621348.000,35433,2,EA,1,100,0.969628
1752173015.876655,621414.000,35449,1,EA,1,100,0.969628
1752173015.943656,621481.000,35466,2,EA,1,100,0.969628
1752173016.010657,621548.000,35466,2,EA,1,100,0.969088
1752173016.077157,621614.500,35483,2,EA,1,100,0.970169
1752173016.143658,621681.000,35483,2,EA,1,100,0.970169
1752173016.210658,621748.000,35500,1,EA,1,100,0.970169
1752173016.277159,621814.500,35517,2,EA,1,100,0.970304
1752173016.343659,621881.000,35517,2,EA,1,100,0.970980
1752173016.410660,621948.000,35536,1,EA,1,100,0.970438
1752173016.477160,622014.500,35550,2,EA,1,100,0.970438
1752173016.543661,622081.000,35550,2,EA,1,100,0.970846
1752173016.610661,622148.000,35567,1,EA,1,100,0.970980
1752173016.677162,622214.500,35586,2,EA,1,100,0.970709
1752173016.743662,622281.000,35586,2,EA,1,100,0.970980
1752173016.810663,622348.000,35603,1,EA,1,100,0.971115
1752173016.877164,622414.500,35617,2,EA,1,100,0.970980
1752173016.943664,622481.000,35617,2,EA,1,100,0.970709
1752173017.010665,622548.000,35635,1,EA,1,100,0.970438
1752173017.077165,622614.500,35651,2,EA,1,100,0.970980
1752173017.143666,622681.000,35651,2,EA,1,100,0.972065
1752173017.210666,622748.000,35668,1,EA,1,100,0.971793
1752173017.277167,622814.500,35683,2,EA,1,100,0.971251
1752173017.343667,622881.000,35683,2,EA,1,100,0.971929
1752173017.410668,622948.000,35702,1,EA,1,100,0.972065
1752173017.477168,623014.500,35718,2,EA,1,100,0.971386
1752173017.543669,623081.000,35718,2,EA,1,100,0.971523
1752173017.610670,623148.000,35735,1,EA,1,100,0.972065
1752173017.677170,623214.500,35750,2,EA,1,100,0.972336
1752173017.743671,623281.000,35750,2,EA,1,100,0.973288
1752173017.810671,623348.000,35767,1,EA,1,100,0.972608
1752173017.877172,623414.500,35783,2,EA,1,100,0.972880
1752173017.943672,623481.000,35783,2,EA,1,100,0.972880
1752173018.010673,623548.000,35803,1,EA,1,100,0.972744
1752173018.077173,623614.500,35818,2,EA,1,100,0.972336
1752173018.143674,623681.000,35818,2,EA,1,100,0.972608
1752173018.210674,623748.000,35834,1,EA,1,100,0.972608
1752173018.277175,623814.500,35851,2,EA,1,100,0.973151
1752173018.343675,623881.000,35851,2,EA,1,100,0.973016
1752173018.410676,623948.000,35868,1,EA,1,100,0.972608
1752173018.477177,624014.500,35883,2,EA,1,100,0.972608
1752173018.543677,624081.000,35883,2,EA,1,100,0.972744
1752173018.610178,624147.500,35902,2,EA,1,100,0.973288
1752173018.676678,624214.000,35902,2,EA,1,100,0.973288
1752173018.743679,624281.000,35918,1,EA,1,100,0.973424
1752173018.810179,624347.500,35935,2,EA,1,100,0.973561
1752173018.876680,624414.000,35935,2,EA,1,100,0.973561
1752173018.943680,624481.000,35951,1,EA,1,100,0.973561
1752173019.010181,624547.500,35967,2,EA,1,100,0.973561
1752173019.076681,624614.000,35967,2,EA,1,100,0.973969
1752173019.143682,624681.000,35983,1,EA,1,100,0.973561
1752173019.210183,624747.500,36002,2,EA,1,100,0.973832
1752173019.276683,624814.000,36002,2,EA,1,100,0.973832
1752173019.343684,624881.000,36019,1,EA,1,100,0.973696
1752173019.410184,624947.500,36034,2,EA,1,100,0.974378
1752173019.476685,625014.000,36034,2,EA,1,100,0.974105
1752173019.543685,625081.000,36050,1,EA,1,100,0.973832
1752173019.610186,625147.500,36068,2,EA,1,100,0.974378
1752173019.676686,625214.000,36068,2,EA,1,100,0.974924
1752173019.743687,625281.000,36084,1,EA,1,100,0.974105
1752173019.810187,625347.500,36101,2,EA,1,100,0.975060
1752173019.876688,625414.000,36101,2,EA,1,100,0.974105
1752173019.943688,625481.000,36117,1,EA,1,100,0.974513
1752173020.010189,625547.500,36135,2,EA,1,100,0.974787
1752173020.076690,625614.000,36135,2,EA,1,100,0.974651
1752173020.143690,625681.000,36151,1,EA,1,100,0.974787
1752173020.210191,625747.500,36166,2,EA,1,100,0.974924
1752173020.276691,625814.000,36166,2,EA,1,100,0.974787
1752173020.343692,625881.000,36183,1,EA,1,100,0.974924
1752173020.410192,625947.500,36200,2,EA,1,100,0.975333
1752173020.476693,626014.000,36200,2,EA,1,100,0.974651
1752173020.543693,626081.000,36218,1,EA,1,100,0.974787
1752173020.610194,626147.500,36234,2,EA,1,100,0.975060
1752173020.676694,626214.000,36234,2,EA,1,100,0.975879
1752173020.743695,626281.000,36250,1,EA,1,100,0.975196
1752173020.810196,626347.500,36267,2,EA,1,100,0.975333
1752173020.876696,626414.000,36267,2,EA,1,100,0.975607
1752173020.943197,626480.500,36284,2,EA,1,100,0.975743
1752173021.009697,626547.000,36284,2,EA,1,100,0.975743
1752173021.076698,626614.000,36303,1,EA,1,100,0.976017
1752173021.143198,626680.500,36317,2,EA,1,100,0.976153
1752173021.209699,626747.000,36317,2,EA,1,100,0.976701
1752173021.276699,626814.000,36334,1,EA,1,100,0.976564
1752173021.343200,626880.500,36353,2,EA,1,100,0.976427
1752173021.409700,626947.000,36353,2,EA,1,100,0.976291
1752173021.476701,627014.000,36370,1,EA,1,100,0.975469
1752173021.543202,627080.500,36384,2,EA,1,100,0.976017
1752173021.609702,627147.000,36384,2,EA,1,100,0.976153
1752173021.676703,627214.000,36404,1,EA,1,100,0.975879
1752173021.743203,627280.500,36420,2,EA,1,100,0.976153
1752173021.809704,627347.000,36420,2,EA,1,100,0.976838
1752173021.876704,627414.000,36437,1,EA,1,100,0.976427
1752173021.943205,627480.500,36452,2,EA,1,100,0.976701
1752173022.009705,627547.000,36452,2,EA,1,100,0.976838
1752173022.076706,627614.000,36469,1,EA,1,100,0.976701
1752173022.143206,627680.500,36485,2,EA,1,100,0.977799
1752173022.209707,627747.000,36485,2,EA,1,100,0.977935
1752173022.276707,627814.000,36504,1,EA,1,100,0.978074
1752173022.343208,627880.500,36519,2,EA,1,100,0.978074
1752173022.409709,627947.000,36519,2,EA,1,100,0.977799
1752173022.476709,628014.000,36536,1,EA,1,100,0.977387
1752173022.543210,628080.500,36552,2,EA,1,100,0.977662
1752173022.609710,628147.000,36552,2,EA,1,100,0.977524
1752173022.676711,628214.000,36570,1,EA,1,100,0.977249
1752173022.743211,628280.500,36584,2,EA,1,100,0.977249
1752173022.809712,628347.000,36584,2,EA,1,100,0.978486
1752173022.876712,628414.000,36603,1,EA,1,100,0.978211
1752173022.943213,628480.500,36620,2,EA,1,100,0.978761
1752173023.009713,628547.000,36620,2,EA,1,100,0.978898
1752173023.076714,628614.000,36637,1,EA,1,100,0.978761
1752173023.143215,628680.500,36652,2,EA,1,100,0.978074
1752173023.209715,628747.000,36652,2,EA,1,100,0.978486
1752173023.276716,628814.000,36668,1,EA,1,100,0.978486
1752173023.343216,628880.500,36685,2,EA,1,100,0.978486
1752173023.409717,628947.000,36685,2,EA,1,100,0.977799
1752173023.476717,629014.000,36704,1,EA,1,100,0.978211
1752173023.543218,629080.500,36719,2,EA,1,100,0.978486
1752173023.609718,629147.000,36719,2,EA,1,100,0.978486
1752173023.676219,629213.500,36736,2,EA,1,100,0.979174
1752173023.742719,629280.000,36736,2,EA,1,100,0.978761
1752173023.809720,629347.000,36752,1,EA,1,100,0.979037
1752173023.876220,629413.500,36769,2,EA,1,100,0.978486
1752173023.942721,629480.000,36769,2,EA,1,100,0.980000
1752173024.009722,629547.000,36786,1,EA,1,100,0.979587
1752173024.076222,629613.500,36803,2,EA,1,100,0.978349
1752173024.142723,629680.000,36803,2,EA,1,100,0.979037
1752173024.209723,629747.000,36819,1,EA,1,100,0.979587
1752173024.276224,629813.500,36837,2,EA,1,100,0.979450
1752173024.342724,629880.000,36837,2,EA,1,100,0.979587
1752173024.409725,629947.000,36853,1,EA,1,100,0.980000
1752173024.476225,630013.500,36868,2,EA,1,100,0.980690
1752173024.542726,630080.000,36868,2,EA,1,100,0.980276
1752173024.609726,630147.000,36884,1,EA,1,100,0.980276
1752173024.676227,630213.500,36904,2,EA,1,100,0.979587
1752173024.742728,630280.000,36904,2,EA,1,100,0.979863
1752173024.809728,630347.000,36920,1,EA,1,100,0.980000
1752173024.876229,630413.500,36935,2,EA,1,100,0.980139
1752173024.942729,630480.000,36935,2,EA,1,100,0.980276
1752173025.009730,630547.000,36952,1,EA,1,100,0.980690
1752173025.076230,630613.500,36969,2,EA,1,100,0.980276
1752173025.142731,630680.000,36969,2,EA,1,100,0.980276
1752173025.209731,630747.000,36985,1,EA,1,100,0.980690
1752173025.276232,630813.500,37003,2,EA,1,100,0.980829
1752173025.342732,630880.000,37003,2,EA,1,100,0.980967
1752173025.409733,630947.000,37019,1,EA,1,100,0.981382
1752173025.476233,631013.500,37036,2,EA,1,100,0.981244
1752173025.542734,631080.000,37036,2,EA,1,100,0.981659
1752173025.609735,631147.000,37052,1,EA,1,100,0.980829
1752173025.676235,631213.500,37069,2,EA,1,100,0.981659
1752173025.742736,631280.000,37069,2,EA,1,100,0.981659
1752173025.809736,631347.000,37084,1,EA,1,100,0.981659
1752173025.876237,631413.500,37103,2,EA,1,100,0.981659
1752173025.942737,631480.000,37103,2,EA,1,100,0.980690
1752173026.009738,631547.000,37120,1,EA,1,100,0.980829
1752173026.076238,631613.500,37136,2,EA,1,100,0.981244
1752173026.142739,631680.000,37136,2,EA,1,100,0.981106
1752173026.209239,631746.500,37151,2,EA,1,100,0.981382
1752173026.275740,631813.000,37151,2,EA,1,100,0.982074
1752173026.342741,631880.000,37169,1,EA,1,100,0.981382
1752173026.409241,631946.500,37187,2,EA,1,100,0.981798
1752173026.475742,632013.000,37187,2,EA,1,100,0.981382
1752173026.542742,632080.000,37204,1,EA,1,100,0.981106
1752173026.609243,632146.500,37221,2,EA,1,100,0.981521
1752173026.675743,632213.000,37221,2,EA,1,100,0.981936
1752173026.742744,632280.000,37238,1,EA,1,100,0.982074
1752173026.809244,632346.500,37254,2,EA,1,100,0.982490
1752173026.875745,632413.000,37254,2,EA,1,100,0.981659
1752173026.942745,632480.000,37271,1,EA,1,100,0.982074
1752173027.009246,632546.500,37286,2,EA,1,100,0.982906
1752173027.075747,632613.000,37286,2,EA,1,100,0.983045
1752173027.142747,632680.000,37303,1,EA,1,100,0.982767
1752173027.209248,632746.500,37321,2,EA,1,100,0.982351
1752173027.275748,632813.000,37321,2,EA,1,100,0.983184
1752173027.342749,632880.000,37339,1,EA,1,100,0.982629
1752173027.409249,632946.500,37353,2,EA,1,100,0.983184
1752173027.475750,633013.000,37353,2,EA,1,100,0.982906
1752173027.542750,633080.000,37370,1,EA,1,100,0.983323
1752173027.609251,633146.500,37387,2,EA,1,100,0.983184
1752173027.675751,633213.000,37387,2,EA,1,100,0.983323
1752173027.742752,633280.000,37404,1,EA,1,100,0.983323
1752173027.809252,633346.500,37420,2,EA,1,100,0.983601
1752173027.875753,633413.000,37420,2,EA,1,100,0.983879
1752173027.942754,633480.000,37437,1,EA,1,100,0.984575
1752173028.009254,633546.500,37454,2,EA,1,100,0.984156
1752173028.075755,633613.000,37454,2,EA,1,100,0.983184
1752173028.142755,633680.000,37471,1,EA,1,100,0.983601
1752173028.209256,633746.500,37486,2,EA,1,100,0.984156
1752173028.275756,633813.000,37486,2,EA,1,100,0.983601
1752173028.342757,633880.000,37503,1,EA,1,100,0.983739
1752173028.409257,633946.500,37521,2,EA,1,100,0.984852
1752173028.475758,634013.000,37521,2,EA,1,100,0.984017
1752173028.542758,634080.000,37538,1,EA,1,100,0.984296
1752173028.609259,634146.500,37554,2,EA,1,100,0.984713
1752173028.675760,634213.000,37554,2,EA,1,100,0.984435
1752173028.742260,634279.500,37570,2,EA,1,100,0.984296
1752173028.808761,634346.000,37570,2,EA,1,100,0.984852
1752173028.875761,634413.000,37586,1,EA,1,100,0.984713
1752173028.942262,634479.500,37604,2,EA,1,100,0.984713
1752173029.008762,634546.000,37604,2,EA,1,100,0.985689
1752173029.075763,634613.000,37622,1,EA,1,100,0.985271
1752173029.142263,634679.500,37637,2,EA,1,100,0.985131
1752173029.208764,634746.000,37637,2,EA,1,100,0.985271
1752173029.275764,634813.000,37653,1,EA,1,100,0.985410
1752173029.342265,634879.500,37671,2,EA,1,100,0.985689
1752173029.408765,634946.000,37671,2,EA,1,100,0.985969
1752173029.475766,635013.000,37687,1,EA,1,100,0.985271
1752173029.542267,635079.500,37702,2,EA,1,100,0.985549
1752173029.608767,635146.000,37702,2,EA,1,100,0.985271
1752173029.675768,635213.000,37721,1,EA,1,100,0.985828
1752173029.742268,635279.500,37738,2,EA,1,100,0.985689
1752173029.808769,635346.000,37738,2,EA,1,100,0.986108
1752173029.875769,635413.000,37754,1,EA,1,100,0.986247
1752173029.942270,635479.500,37770,2,EA,1,100,0.987087
1752173030.008770,635546.000,37770,2,EA,1,100,0.986108
1752173030.075771,635613.000,37786,1,EA,1,100,0.986946
1752173030.142271,635679.500,37803,2,EA,1,100,0.986946
1752173030.208772,635746.000,37803,2,EA,1,100,0.987646
1752173030.275773,635813.000,37821,1,EA,1,100,0.987087
1752173030.342273,635879.500,37837,2,EA,1,100,0.986527
1752173030.408774,635946.000,37837,2,EA,1,100,0.986527
1752173030.475774,636013.000,37853,1,EA,1,100,0.986388
1752173030.542275,636079.500,37870,2,EA,1,100,0.986807
1752173030.608775,636146.000,37870,2,EA,1,100,0.986946
1752173030.675776,636213.000,37887,1,EA,1,100,0.987087
1752173030.742276,636279.500,37903,2,EA,1,100,0.987226
1752173030.808777,636346.000,37903,2,EA,1,100,0.987507
1752173030.875777,636413.000,37920,1,EA,1,100,0.987646
1752173030.942278,636479.500,37938,2,EA,1,100,0.987367
1752173031.008778,636546.000,37938,2,EA,1,100,0.988068
1752173031.075779,636613.000,37954,1,EA,1,100,0.988488
1752173031.142280,636679.500,37970,2,EA,1,100,0.988347
1752173031.208780,636746.000,37970,2,EA,1,100,0.988207
1752173031.275781,636813.000,37986,2,EA,1,100,0.988207
1752173031.342781,636880.000,37986,2,EA,1,100,0.988207
1752173031.408782,636946.000,38005,1,EA,1,100,0.988488
1752173031.475782,637013.000,38023,2,EA,1,100,0.988207
1752173031.542783,637080.000,38023,2,EA,1,100,0.987927
1752173031.608783,637146.000,38040,1,EA,1,100,0.987927
1752173031.675284,637212.500,38055,2,EA,1,100,0.987367
1752173031.741784,637279.000,38055,2,EA,1,100,0.988769
1752173031.808785,637346.000,38072,1,EA,1,100,0.988769
1752173031.875286,637412.500,38088,2,EA,1,100,0.988909
1752173031.941786,637479.000,38088,2,EA,1,100,0.988769
1752173032.008787,637546.000,38106,1,EA,1,100,0.989191
1752173032.075287,637612.500,38122,2,EA,1,100,0.989894
1752173032.141788,637679.000,38122,2,EA,1,100,0.989472
1752173032.208788,637746.000,38139,1,EA,1,100,0.989472
1752173032.275289,637812.500,38156,2,EA,1,100,0.988909
1752173032.341789,637879.000,38156,2,EA,1,100,0.989612
1752173032.408790,637946.000,38173,1,EA,1,100,0.990034
1752173032.475290,638012.500,38187,2,EA,1,100,0.989894
1752173032.541791,638079.000,38187,2,EA,1,100,0.989894
1752173032.608792,638146.000,38204,1,EA,1,100,0.990316
1752173032.675292,638212.500,38223,2,EA,1,100,0.990738
1752173032.741793,638279.000,38223,2,EA,1,100,0.990738
1752173032.808793,638346.000,38240,1,EA,1,100,0.990598
1752173032.875294,638412.500,38254,2,EA,1,100,0.990456
1752173032.941794,638479.000,38254,2,EA,1,100,0.990176
1752173033.008795,638546.000,38272,1,EA,1,100,0.990034
1752173033.075295,638612.500,38288,2,EA,1,100,0.990456
1752173033.141796,638679.000,38288,2,EA,1,100,0.991021
1752173033.208796,638746.000,38305,1,EA,1,100,0.990456
1752173033.275297,638812.500,38322,2,EA,1,100,0.990880
1752173033.341797,638879.000,38322,2,EA,1,100,0.990738
1752173033.408798,638946.000,38339,1,EA,1,100,0.991161
1752173033.475299,639012.500,38355,2,EA,1,100,0.991726
1752173033.541799,639079.000,38355,2,EA,1,100,0.991444
1752173033.608800,639146.000,38372,1,EA,1,100,0.991444
1752173033.675300,639212.500,38388,2,EA,1,100,0.991586
1752173033.741801,639279.000,38388,2,EA,1,100,0.991444
1752173033.808801,639346.000,38404,2,EA,1,100,0.991867
1752173033.875802,639413.000,38404,2,EA,1,100,0.991726
1752173033.941802,639479.000,38422,1,EA,1,100,0.991303
1752173034.008803,639546.000,38440,2,EA,1,100,0.991586
1752173034.075803,639613.000,38440,2,EA,1,100,0.992574
1752173034.141804,639679.000,38456,1,EA,1,100,0.991867
1752173034.208805,639746.000,38471,2,EA,1,100,0.992717
1752173034.275805,639813.000,38471,2,EA,1,100,0.993000
1752173034.341806,639879.000,38488,1,EA,1,100,0.992717
1752173034.408806,639946.000,38505,2,EA,1,100,0.992717
1752173034.475807,640013.000,38505,2,EA,1,100,0.992150
1752173034.541807,640079.000,38523,1,EA,1,100,0.992858
1752173034.608808,640146.000,38539,2,EA,1,100,0.992858
1752173034.675808,640213.000,38539,2,EA,1,100,0.993000
1752173034.741809,640279.000,38555,1,EA,1,100,0.992858
1752173034.808809,640346.000,38572,2,EA,1,100,0.993709
1752173034.875810,640413.000,38572,2,EA,1,100,0.993850
1752173034.941810,640479.000,38588,1,EA,1,100,0.992858
1752173035.008311,640545.500,38604,2,EA,1,100,0.993709
1752173035.074812,640612.000,38604,2,EA,1,100,0.993000
1752173035.141812,640679.000,38622,1,EA,1,100,0.993425
1752173035.208313,640745.500,38639,2,EA,1,100,0.994560
1752173035.274813,640812.000,38639,2,EA,1,100,0.993850
1752173035.341814,640879.000,38656,1,EA,1,100,0.993566
1752173035.408314,640945.500,38671,2,EA,1,100,0.994418
1752173035.474815,641012.000,38671,2,EA,1,100,0.993709
1752173035.541815,641079.000,38687,1,EA,1,100,0.993850
1752173035.608316,641145.500,38705,2,EA,1,100,0.993850
1752173035.674816,641212.000,38705,2,EA,1,100,0.994560
1752173035.741817,641279.000,38721,1,EA,1,100,0.994275
1752173035.808318,641345.500,38739,2,EA,1,100,0.994844
1752173035.874818,641412.000,38739,2,EA,1,100,0.994560
1752173035.941819,641479.000,38754,1,EA,1,100,0.994986
1752173036.008319,641545.500,38772,2,EA,1,100,0.994844
1752173036.074820,641612.000,38772,2,EA,1,100,0.994701
1752173036.141820,641679.000,38788,1,EA,1,100,0.994701
1752173036.208321,641745.500,38804,2,EA,1,100,0.994701
1752173036.274821,641812.000,38804,2,EA,1,100,0.994418
1752173036.341822,641879.000,38824,2,EA,1,100,0.994701
1752173036.408822,641946.000,38824,2,EA,1,100,0.996410
1752173036.474823,642012.000,38841,1,EA,1,100,0.995556
1752173036.541824,642079.000,38857,2,EA,1,100,0.994986
1752173036.608824,642146.000,38857,2,EA,1,100,0.995556
1752173036.674825,642212.000,38875,1,EA,1,100,0.995841
1752173036.741825,642279.000,38889,2,EA,1,100,0.996124
1752173036.808826,642346.000,38889,2,EA,1,100,0.995841
1752173036.874826,642412.000,38906,1,EA,1,100,0.996553
1752173036.941827,642479.000,38925,2,EA,1,100,0.996124
1752173037.008827,642546.000,38925,2,EA,1,100,0.996268
1752173037.074828,642612.000,38942,1,EA,1,100,0.995841
1752173037.141828,642679.000,38956,2,EA,1,100,0.995697
1752173037.208829,642746.000,38956,2,EA,1,100,0.996410
1752173037.274829,642812.000,38973,1,EA,1,100,0.996981
1752173037.341830,642879.000,38990,2,EA,1,100,0.997267
1752173037.408831,642946.000,38990,2,EA,1,100,0.996695
1752173037.474831,643012.000,39007,1,EA,1,100,0.996553
1752173037.541832,643079.000,39023,2,EA,1,100,0.996553
1752173037.608832,643146.000,39023,2,EA,1,100,0.995983
1752173037.674833,643212.000,39041,1,EA,1,100,0.996838
1752173037.741833,643279.000,39057,2,EA,1,100,0.997267
1752173037.808834,643346.000,39057,2,EA,1,100,0.996838
1752173037.874834,643412.000,39074,1,EA,1,100,0.997838
1752173037.941835,643479.000,39089,2,EA,1,100,0.997409
1752173038.008835,643546.000,39089,2,EA,1,100,0.996981
1752173038.074836,643612.000,39106,1,EA,1,100,0.997838
1752173038.141837,643679.000,39124,2,EA,1,100,0.997695
1752173038.208837,643746.000,39124,2,EA,1,100,0.997838
1752173038.274838,643812.000,39141,1,EA,1,100,0.997552
1752173038.341338,643878.500,39157,2,EA,1,100,0.997267
1752173038.407839,643945.000,39157,2,EA,1,100,0.997552
1752173038.474839,644012.000,39173,1,EA,1,100,0.997695
1752173038.541340,644078.500,39189,2,EA,1,100,0.997267
1752173038.607840,644145.000,39189,2,EA,1,100,0.998124
1752173038.674841,644212.000,39207,2,EA,1,100,0.997982
1752173038.741841,644279.000,39207,2,EA,1,100,0.998267
1752173038.807842,644345.000,39225,1,EA,1,100,0.997982
1752173038.874842,644412.000,39240,2,EA,1,100,0.998267
1752173038.941843,644479.000,39240,2,EA,1,100,0.998411
1752173039.007844,644545.000,39257,1,EA,1,100,0.997838
1752173039.074844,644612.000,39274,2,EA,1,100,0.999557
1752173039.141845,644679.000,39274,2,EA,1,100,0.999700
1752173039.207845,644745.000,39290,1,EA,1,100,0.998698
1752173039.274846,644812.000,39306,2,EA,1,100,0.998840
1752173039.341846,644879.000,39306,2,EA,1,100,0.999270
1752173039.407847,644945.000,39324,1,EA,1,100,0.998983
1752173039.474847,645012.000,39341,2,EA,1,100,0.999127
1752173039.541848,645079.000,39341,2,EA,1,100,0.998698
1752173039.607848,645145.000,39357,1,EA,1,100,0.998698
1752173039.674849,645212.000,39373,2,EA,1,100,0.999270
1752173039.741850,645279.000,39373,2,EA,1,100,1.000132
1752173039.807850,645345.000,39389,1,EA,1,100,1.000275
1752173039.874851,645412.000,39406,2,EA,1,100,1.000132
1752173039.941851,645479.000,39406,2,EA,1,100,0.999270
1752173040.007852,645545.000,39425,1,EA,1,100,0.999988
1752173040.074852,645612.000,39440,2,EA,1,100,0.999700
1752173040.141853,645679.000,39440,2,EA,1,100,0.999127
1752173040.207853,645745.000,39456,1,EA,1,100,0.999988
1752173040.274854,645812.000,39474,2,EA,1,100,1.000275
1752173040.341854,645879.000,39474,2,EA,1,100,1.000706
1752173040.407855,645945.000,39490,1,EA,1,100,1.000706
1752173040.474855,646012.000,39505,2,EA,1,100,1.000132
1752173040.541856,646079.000,39505,2,EA,1,100,1.000275
1752173040.607857,646145.000,39523,1,EA,1,100,1.000994
1752173040.674857,646212.000,39541,2,EA,1,100,1.001138
1752173040.741858,646279.000,39541,2,EA,1,100,1.000132
1752173040.807858,646345.000,39557,1,EA,1,100,0.999988
1752173040.874859,646412.000,39573,2,EA,1,100,0.999700
1752173040.941859,646479.000,39573,2,EA,1,100,1.000418
1752173041.007860,646545.000,39589,1,EA,1,100,1.000851
1752173041.074860,646612.000,39606,2,EA,1,100,1.002147
1752173041.141861,646679.000,39606,2,EA,1,100,1.001571
1752173041.208361,646745.500,39622,2,EA,1,100,1.000994
1752173041.274862,646812.000,39622,2,EA,1,100,1.000563
1752173041.341863,646879.000,39642,1,EA,1,100,1.001138
1752173041.408363,646945.500,39658,2,EA,1,100,1.001714
1752173041.474864,647012.000,39658,2,EA,1,100,1.001714
1752173041.541864,647079.000,39675,1,EA,1,100,1.001426
1752173041.608365,647145.500,39692,2,EA,1,100,1.000994
1752173041.674865,647212.000,39692,2,EA,1,100,1.001571
1752173041.740866,647278.000,39709,1,EA,1,100,1.001426
1752173041.807866,647345.000,39723,2,EA,1,100,1.001426
1752173041.874867,647412.000,39723,2,EA,1,100,1.001426
1752173041.940867,647478.000,39742,1,EA,1,100,1.001858
1752173042.007868,647545.000,39759,2,EA,1,100,1.002292
1752173042.074869,647612.000,39759,2,EA,1,100,1.001714
1752173042.140869,647678.000,39776,1,EA,1,100,1.001571
1752173042.207870,647745.000,39790,2,EA,1,100,1.002868
1752173042.274870,647812.000,39790,2,EA,1,100,1.001571
1752173042.340871,647878.000,39808,1,EA,1,100,1.002292
1752173042.407871,647945.000,39826,2,EA,1,100,1.003158
1752173042.474872,648012.000,39826,2,EA,1,100,0.999988
1752173042.540872,648078.000,39843,1,EA,1,100,0.987646
1752173042.607873,648145.000,39858,2,EA,1,100,0.991586
1752173042.674873,648212.000,39858,2,EA,1,100,0.993566
1752173042.740874,648278.000,39875,1,EA,1,100,0.991867
1752173042.807874,648345.000,39891,2,EA,1,100,0.997838
1752173042.874875,648412.000,39891,2,EA,1,100,1.001714
1752173042.940876,648478.000,39908,1,EA,1,100,1.002725
1752173043.007876,648545.000,39923,2,EA,1,100,1.004895
1752173043.074877,648612.000,39923,2,EA,1,100,1.004750
1752173043.140877,648678.000,39942,1,EA,1,100,1.004171
1752173043.207878,648745.000,39958,2,EA,1,100,1.003447
1752173043.274878,648812.000,39958,2,EA,1,100,1.003158
1752173043.340879,648878.000,39976,1,EA,1,100,1.003014
1752173043.407879,648945.000,39991,2,EA,1,100,0.998698
1752173043.474880,649012.000,39991,2,EA,1,100,0.995841
1752173043.540880,649078.000,40007,1,EA,1,100,0.993850
1752173043.607881,649145.000,40024,2,EA,1,100,0.999845
1752173043.674882,649212.000,40024,2,EA,1,100,1.004025
1752173043.741382,649278.500,40043,2,EA,1,100,1.012495
1752173043.807883,649345.000,40043,2,EA,1,100,1.002725
1752173043.874883,649412.000,40059,1,EA,1,100,1.002292
1752173043.941384,649478.500,40075,2,EA,1,100,1.003014
1752173044.007884,649545.000,40075,2,EA,1,100,0.999700
1752173044.074885,649612.000,40091,1,EA,1,100,0.999988
1752173044.141385,649678.500,40108,2,EA,1,100,0.997123
1752173044.207886,649745.000,40108,2,EA,1,100,0.998267
1752173044.274886,649812.000,40124,1,EA,1,100,1.005912
1752173044.341387,649878.500,40140,2,EA,1,100,1.017525
1752173044.407887,649945.000,40140,2,EA,1,100,1.011759
1752173044.474888,650012.000,40158,1,EA,1,100,1.007513
1752173044.541389,650078.500,40175,2,EA,1,100,1.006929
1752173044.607889,650145.000,40175,2,EA,1,100,1.006057
1752173044.674890,650212.000,40192,1,EA,1,100,1.004171
1752173044.741390,650278.500,40207,2,EA,1,100,1.001283
1752173044.807891,650345.000,40207,2,EA,1,100,0.999127
1752173044.874891,650412.000,40223,1,EA,1,100,1.002868
1752173044.941392,650478.500,40243,2,EA,1,100,1.005912
1752173045.007892,650545.000,40243,2,EA,1,100,1.006348
1752173045.074893,650612.000,40259,1,EA,1,100,1.005330
1752173045.141393,650678.500,40274,2,EA,1,100,1.004895
1752173045.207894,650745.000,40274,2,EA,1,100,1.005475
1752173045.273895,650811.000,40290,1,EA,1,100,1.004750
1752173045.340895,650878.000,40308,2,EA,1,100,1.006057
1752173045.407896,650945.000,40308,2,EA,1,100,1.006202
1752173045.473896,651011.000,40324,1,EA,1,100,1.004895
1752173045.540897,651078.000,40341,2,EA,1,100,1.006202
1752173045.607897,651145.000,40341,2,EA,1,100,1.006929
1752173045.673898,651211.000,40358,1,EA,1,100,1.006057
1752173045.740898,651278.000,40375,2,EA,1,100,1.006057
1752173045.807899,651345.000,40375,2,EA,1,100,1.005330
1752173045.873899,651411.000,40391,1,EA,1,100,1.006639
1752173045.940900,651478.000,40408,2,EA,1,100,1.007367
1752173046.007900,651545.000,40408,2,EA,1,100,1.005621
1752173046.073901,651611.000,40423,1,EA,1,100,1.003881
1752173046.140902,651678.000,40442,2,EA,1,100,1.004461
1752173046.207902,651745.000,40442,2,EA,1,100,1.007513
1752173046.274403,651811.500,40459,2,EA,1,100,1.009118
1752173046.340903,651878.000,40459,2,EA,1,100,1.011171
1752173046.407904,651945.000,40478,1,EA,1,100,1.009850
1752173046.474404,652011.500,40492,2,EA,1,100,1.008535
1752173046.540905,652078.000,40492,2,EA,1,100,1.008535
1752173046.607905,652145.000,40509,1,EA,1,100,1.008388
1752173046.674406,652211.500,40526,2,EA,1,100,1.008097
1752173046.740906,652278.000,40526,2,EA,1,100,1.008388
1752173046.807907,652345.000,40545,1,EA,1,100,1.008827
1752173046.874408,652411.500,40559,2,EA,1,100,1.008242
1752173046.940908,652478.000,40559,2,EA,1,100,1.008535
1752173047.007909,652545.000,40577,1,EA,1,100,1.008535
1752173047.074409,652611.500,40593,2,EA,1,100,1.009266
1752173047.140910,652678.000,40593,2,EA,1,100,1.009411
1752173047.207910,652745.000,40610,1,EA,1,100,1.008535
1752173047.274411,652811.500,40625,2,EA,1,100,1.008827
1752173047.340911,652878.000,40625,2,EA,1,100,1.008680
1752173047.407912,652945.000,40644,1,EA,1,100,1.008388
1752173047.474412,653011.500,40660,2,EA,1,100,1.008097
1752173047.540913,653078.000,40660,2,EA,1,100,1.007805
1752173047.607914,653145.000,40677,1,EA,1,100,1.008097
1752173047.674414,653211.500,40692,2,EA,1,100,1.008973
1752173047.740915,653278.000,40692,2,EA,1,100,1.009704
1752173047.807915,653345.000,40709,1,EA,1,100,1.009266
1752173047.874416,653411.500,40727,2,EA,1,100,1.009118
1752173047.940916,653478.000,40727,2,EA,1,100,1.009411
1752173048.007917,653545.000,40745,1,EA,1,100,1.009704
1752173048.074417,653611.500,40759,2,EA,1,100,1.010291
1752173048.140918,653678.000,40759,2,EA,1,100,1.009850
1752173048.207918,653745.000,40776,1,EA,1,100,1.009704
1752173048.274419,653811.500,40793,2,EA,1,100,1.010437
1752173048.340919,653878.000,40793,2,EA,1,100,1.009559
1752173048.407920,653945.000,40810,1,EA,1,100,1.009411
1752173048.474421,654011.500,40827,2,EA,1,100,1.009998
1752173048.540921,654078.000,40827,2,EA,1,100,1.010583
1752173048.607922,654145.000,40843,1,EA,1,100,1.010144
1752173048.674422,654211.500,40860,2,EA,1,100,1.010731
1752173048.740923,654278.000,40860,2,EA,1,100,1.010583
1752173048.807423,654344.500,40877,2,EA,1,100,1.010731
1752173048.873924,654411.000,40877,2,EA,1,100,1.011024
1752173048.940924,654478.000,40893,1,EA,1,100,1.010731
1752173049.007425,654544.500,40909,2,EA,1,100,1.011024
1752173049.073925,654611.000,40909,2,EA,1,100,1.011465
1752173049.140926,654678.000,40925,1,EA,1,100,1.011024
1752173049.207427,654744.500,40944,2,EA,1,100,1.010731
1752173049.273927,654811.000,40944,2,EA,1,100,1.010583
1752173049.340928,654878.000,40961,1,EA,1,100,1.010877
1752173049.407428,654944.500,40976,2,EA,1,100,1.011611
1752173049.473929,655011.000,40976,2,EA,1,100,1.010877
1752173049.540929,655078.000,40992,1,EA,1,100,1.011465
1752173049.607430,655144.500,41010,2,EA,1,100,1.012200
1752173049.673930,655211.000,41010,2,EA,1,100,1.011465
1752173049.740931,655278.000,41026,1,EA,1,100,1.011611
1752173049.807431,655344.500,41043,2,EA,1,100,1.012200
1752173049.873932,655411.000,41043,2,EA,1,100,1.012642
1752173049.940932,655478.000,41059,1,EA,1,100,1.012495
1752173050.007433,655544.500,41077,2,EA,1,100,1.012788
1752173050.073934,655611.000,41077,2,EA,1,100,1.011906
1752173050.140934,655678.000,41093,1,EA,1,100,1.012052
1752173050.207435,655744.500,41108,2,EA,1,100,1.012642
1752173050.273935,655811.000,41108,2,EA,1,100,1.012495
1752173050.340936,655878.000,41127,1,EA,1,100,1.012200
1752173050.407436,655944.500,41144,2,EA,1,100,1.013232
1752173050.473937,656011.000,41144,2,EA,1,100,1.013232
1752173050.540937,656078.000,41160,1,EA,1,100,1.013232
1752173050.607438,656144.500,41177,2,EA,1,100,1.013674
1752173050.673938,656211.000,41177,2,EA,1,100,1.013232
1752173050.740939,656278.000,41192,1,EA,1,100,1.013525
1752173050.807440,656344.500,41209,2,EA,1,100,1.012642
1752173050.873940,656411.000,41209,2,EA,1,100,1.012642
1752173050.940941,656478.000,41227,1,EA,1,100,1.012936
1752173051.007441,656544.500,41244,2,EA,1,100,1.013083
1752173051.073942,656611.000,41244,2,EA,1,100,1.013674
1752173051.140442,656677.500,41259,2,EA,1,100,1.013969
1752173051.206943,656744.000,41259,2,EA,1,100,1.013674
1752173051.273943,656811.000,41276,1,EA,1,100,1.013232
1752173051.340444,656877.500,41295,2,EA,1,100,1.013674
1752173051.406944,656944.000,41295,2,EA,1,100,1.013674
1752173051.473945,657011.000,41312,1,EA,1,100,1.013674
1752173051.540445,657077.500,41328,2,EA,1,100,1.014116
1752173051.606946,657144.000,41328,2,EA,1,100,1.013674
1752173051.673947,657211.000,41346,1,EA,1,100,1.013969
1752173051.740447,657277.500,41362,2,EA,1,100,1.014264
1752173051.806948,657344.000,41362,2,EA,1,100,1.013525
1752173051.873948,657411.000,41379,1,EA,1,100,1.013821
1752173051.940449,657477.500,41394,2,EA,1,100,1.013821
1752173052.006949,657544.000,41394,2,EA,1,100,1.013525
1752173052.073950,657611.000,41411,1,EA,1,100,1.013821
1752173052.140450,657677.500,41427,2,EA,1,100,1.014116
1752173052.206951,657744.000,41427,2,EA,1,100,1.015003
1752173052.273951,657811.000,41446,1,EA,1,100,1.014560
1752173052.340452,657877.500,41461,2,EA,1,100,1.014708
1752173052.406953,657944.000,41461,2,EA,1,100,1.014708
1752173052.473953,658011.000,41478,1,EA,1,100,1.014856
1752173052.540454,658077.500,41494,2,EA,1,100,1.014708
1752173052.606954,658144.000,41494,2,EA,1,100,1.015003
1752173052.673955,658211.000,41512,1,EA,1,100,1.015152
1752173052.740455,658277.500,41526,2,EA,1,100,1.015003
1752173052.806956,658344.000,41526,2,EA,1,100,1.015152
1752173052.873956,658411.000,41545,1,EA,1,100,1.015299
1752173052.940457,658477.500,41562,2,EA,1,100,1.015448
1752173053.006957,658544.000,41562,2,EA,1,100,1.015596
1752173053.073958,658611.000,41579,1,EA,1,100,1.015152
1752173053.140459,658677.500,41593,2,EA,1,100,1.015152
1752173053.206959,658744.000,41593,2,EA,1,100,1.015448
1752173053.273960,658811.000,41610,1,EA,1,100,1.016040
1752173053.340460,658877.500,41627,2,EA,1,100,1.015743
1752173053.406961,658944.000,41627,2,EA,1,100,1.015596
1752173053.473961,659011.000,41646,1,EA,1,100,1.016189
1752173053.540462,659077.500,41661,2,EA,1,100,1.017227
1752173053.606962,659144.000,41661,2,EA,1,100,1.016040
1752173053.673463,659210.500,41678,2,EA,1,100,1.016040
1752173053.739963,659277.000,41678,2,EA,1,100,1.016337
1752173053.806964,659344.000,41694,1,EA,1,100,1.015743
1752173053.873464,659410.500,41711,2,EA,1,100,1.016189
1752173053.939965,659477.000,41711,2,EA,1,100,1.016634
1752173054.006966,659544.000,41728,1,EA,1,100,1.016782
1752173054.073466,659610.500,41745,2,EA,1,100,1.017525
1752173054.139967,659677.000,41745,2,EA,1,100,1.017823
1752173054.206967,659744.000,41761,1,EA,1,100,1.017227
1752173054.273468,659810.500,41779,2,EA,1,100,1.017525
1752173054.339968,659877.000,41779,2,EA,1,100,1.017079
1752173054.406969,659944.000,41795,1,EA,1,100,1.017079
1752173054.473469,660010.500,41810,2,EA,1,100,1.017823
1752173054.539970,660077.000,41810,2,EA,1,100,1.018269
1752173054.606970,660144.000,41826,1,EA,1,100,1.017675
1752173054.673471,660210.500,41846,2,EA,1,100,1.018419
1752173054.739972,660277.000,41846,2,EA,1,100,1.017227
1752173054.806972,660344.000,41862,1,EA,1,100,1.017823
1752173054.873473,660410.500,41877,2,EA,1,100,1.018567
1752173054.939973,660477.000,41877,2,EA,1,100,1.017675
1752173055.006974,660544.000,41894,1,EA,1,100,1.017675
1752173055.073474,660610.500,41911,2,EA,1,100,1.018419
1752173055.139975,660677.000,41911,2,EA,1,100,1.018567
1752173055.206975,660744.000,41927,1,EA,1,100,1.018419
1752173055.273476,660810.500,41945,2,EA,1,100,1.018269
1752173055.339976,660877.000,41945,2,EA,1,100,1.018716
1752173055.406977,660944.000,41961,1,EA,1,100,1.018866
1752173055.473477,661010.500,41978,2,EA,1,100,1.019164
1752173055.539978,661077.000,41978,2,EA,1,100,1.018866
1752173055.606979,661144.000,41994,1,EA,1,100,1.019014
1752173055.673479,661210.500,42011,2,EA,1,100,1.019612
1752173055.739980,661277.000,42011,2,EA,1,100,1.019313
1752173055.806980,661344.000,42028,1,EA,1,100,1.019313
1752173055.873481,661410.500,42045,2,EA,1,100,1.019612
1752173055.939981,661477.000,42045,2,EA,1,100,1.019313
1752173056.006982,661544.000,42062,1,EA,1,100,1.019911
1752173056.073482,661610.500,42078,2,EA,1,100,1.020060
1752173056.139983,661677.000,42078,2,EA,1,100,1.019760
1752173056.206483,661743.500,42093,2,EA,1,100,1.019612
1752173056.272984,661810.000,42093,2,EA,1,100,1.019911
1752173056.339985,661877.000,42111,1,EA,1,100,1.020508
1752173056.406485,661943.500,42131,2,EA,1,100,1.020508
1752173056.472986,662010.000,42131,2,EA,1,100,1.021107
1752173056.539986,662077.000,42148,1,EA,1,100,1.020658
1752173056.606487,662143.500,42163,2,EA,1,100,1.020508
1752173056.672987,662210.000,42163,2,EA,1,100,1.020508
1752173056.739988,662277.000,42180,1,EA,1,100,1.020208
1752173056.806488,662343.500,42196,2,EA,1,100,1.020957
1752173056.872989,662410.000,42196,2,EA,1,100,1.019760
1752173056.939989,662477.000,42213,1,EA,1,100,1.020658
1752173057.006490,662543.500,42230,2,EA,1,100,1.020658
1752173057.072991,662610.000,42230,2,EA,1,100,1.020807
1752173057.139991,662677.000,42247,1,EA,1,100,1.021407
1752173057.206492,662743.500,42263,2,EA,1,100,1.020957
1752173057.272992,662810.000,42263,2,EA,1,100,1.021556
1752173057.339993,662877.000,42281,1,EA,1,100,1.021107
1752173057.406493,662943.500,42295,2,EA,1,100,1.021706
1752173057.472994,663010.000,42295,2,EA,1,100,1.021407
1752173057.539994,663077.000,42312,1,EA,1,100,1.021107
1752173057.606495,663143.500,42329,2,EA,1,100,1.021407
1752173057.672995,663210.000,42329,2,EA,1,100,1.021556
1752173057.739996,663277.000,42348,1,EA,1,100,1.021107
1752173057.806496,663343.500,42362,2,EA,1,100,1.021407
1752173057.872997,663410.000,42362,2,EA,1,100,1.021407
1752173057.939998,663477.000,42379,1,EA,1,100,1.021856
1752173058.006498,663543.500,42396,2,EA,1,100,1.022006
1752173058.072999,663610.000,42396,2,EA,1,100,1.022607
1752173058.139999,663677.000,42413,1,EA,1,100,1.022456
1752173058.206500,663743.500,42428,2,EA,1,100,1.022006
1752173058.273000,663810.000,42428,2,EA,1,100,1.021407
1752173058.340001,663877.000,42447,1,EA,1,100,1.022006
1752173058.406501,663943.500,42463,2,EA,1,100,1.021407
1752173058.473002,664010.000,42463,2,EA,1,100,1.022157
1752173058.540002,664077.000,42480,1,EA,1,100,1.022006
1752173058.606503,664143.500,42496,2,EA,1,100,1.022607
1752173058.673004,664210.000,42496,2,EA,1,100,1.023207
1752173058.739504,664276.500,42512,2,EA,1,100,1.022607
1752173058.806005,664343.000,42512,2,EA,1,100,1.022757
1752173058.873005,664410.000,42528,1,EA,1,100,1.023660
1752173058.939506,664476.500,42548,2,EA,1,100,1.022757
1752173059.006006,664543.000,42548,2,EA,1,100,1.022908
1752173059.073007,664610.000,42564,1,EA,1,100,1.022607
1752173059.139507,664676.500,42579,2,EA,1,100,1.022607
1752173059.206008,664743.000,42579,2,EA,1,100,1.022607
1752173059.273008,664810.000,42595,1,EA,1,100,1.023660
1752173059.339509,664876.500,42613,2,EA,1,100,1.023810
1752173059.406009,664943.000,42613,2,EA,1,100,1.023810
1752173059.473010,665010.000,42629,1,EA,1,100,1.023660
1752173059.539511,665076.500,42646,2,EA,1,100,1.024563
1752173059.606011,665143.000,42646,2,EA,1,100,1.023810
1752173059.673012,665210.000,42663,1,EA,1,100,1.023660
1752173059.739512,665276.500,42680,2,EA,1,100,1.023810
1752173059.806013,665343.000,42680,2,EA,1,100,1.024563
1752173059.873013,665410.000,42696,1,EA,1,100,1.025015
1752173059.939514,665476.500,42712,2,EA,1,100,1.025167
1752173060.006014,665543.000,42712,2,EA,1,100,1.024413
1752173060.073015,665610.000,42728,1,EA,1,100,1.025015
1752173060.139515,665676.500,42747,2,EA,1,100,1.025620
1752173060.206016,665743.000,42747,2,EA,1,100,1.025167
1752173060.273017,665810.000,42763,1,EA,1,100,1.024413
1752173060.339517,665876.500,42779,2,EA,1,100,1.025317
1752173060.406018,665943.000,42779,2,EA,1,100,1.025167
1752173060.473018,666010.000,42795,1,EA,1,100,1.024865
1752173060.539519,666076.500,42812,2,EA,1,100,1.025317
1752173060.606019,666143.000,42812,2,EA,1,100,1.025167
1752173060.673020,666210.000,42829,1,EA,1,100,1.025167
1752173060.739520,666276.500,42847,2,EA,1,100,1.026526
1752173060.806021,666343.000,42847,2,EA,1,100,1.025620
1752173060.873021,666410.000,42862,1,EA,1,100,1.026376
1752173060.939522,666476.500,42880,2,EA,1,100,1.025922
1752173061.006022,666543.000,42880,2,EA,1,100,1.025922
1752173061.073023,666610.000,42896,1,EA,1,100,1.026376
1752173061.139524,666676.500,42912,2,EA,1,100,1.025770
1752173061.206024,666743.000,42912,2,EA,1,100,1.026376
1752173061.273025,666810.000,42928,2,EA,1,100,1.025770
1752173061.340025,666877.000,42928,2,EA,1,100,1.026073
1752173061.406026,666943.000,42949,1,EA,1,100,1.026073
1752173061.473026,667010.000,42965,2,EA,1,100,1.025922
1752173061.540027,667077.000,42965,2,EA,1,100,1.026526
1752173061.606027,667143.000,42982,1,EA,1,100,1.026980
1752173061.672528,667209.500,42997,2,EA,1,100,1.027133
1752173061.739028,667276.000,42997,2,EA,1,100,1.026679
1752173061.806029,667343.000,43014,1,EA,1,100,1.026376
1752173061.872530,667409.500,43030,2,EA,1,100,1.027133
1752173061.939030,667476.000,43030,2,EA,1,100,1.026980
1752173062.006031,667543.000,43050,1,EA,1,100,1.026526
1752173062.072531,667609.500,43064,2,EA,1,100,1.027738
1752173062.139032,667676.000,43064,2,EA,1,100,1.027891
1752173062.206032,667743.000,43081,1,EA,1,100,1.027436
1752173062.272533,667809.500,43098,2,EA,1,100,1.027436
1752173062.339033,667876.000,43098,2,EA,1,100,1.027284
1752173062.406034,667943.000,43115,1,EA,1,100,1.027587
1752173062.472534,668009.500,43129,2,EA,1,100,1.028346
1752173062.539035,668076.000,43129,2,EA,1,100,1.028346
1752173062.606036,668143.000,43148,1,EA,1,100,1.028802
1752173062.672536,668209.500,43165,2,EA,1,100,1.028955
1752173062.739037,668276.000,43165,2,EA,1,100,1.028042
1752173062.806037,668343.000,43182,1,EA,1,100,1.028195
1752173062.872538,668409.500,43196,2,EA,1,100,1.028346
1752173062.939038,668476.000,43196,2,EA,1,100,1.028650
1752173063.006039,668543.000,43214,1,EA,1,100,1.028346
1752173063.072539,668609.500,43230,2,EA,1,100,1.028802
1752173063.139040,668676.000,43230,2,EA,1,100,1.029258
1752173063.206040,668743.000,43249,1,EA,1,100,1.029411
1752173063.272541,668809.500,43265,2,EA,1,100,1.029715
1752173063.339041,668876.000,43265,2,EA,1,100,1.028346
1752173063.406042,668943.000,43281,1,EA,1,100,1.028802
1752173063.472543,669009.500,43297,2,EA,1,100,1.029106
1752173063.539043,669076.000,43297,2,EA,1,100,1.029106
1752173063.606044,669143.000,43314,1,EA,1,100,1.029411
1752173063.672544,669209.500,43330,2,EA,1,100,1.029562
1752173063.739045,669276.000,43330,2,EA,1,100,1.029867
1752173063.806045,669343.000,43348,2,EA,1,100,1.029715
1752173063.873046,669410.000,43348,2,EA,1,100,1.029715
1752173063.939046,669476.000,43364,1,EA,1,100,1.029562
1752173064.006047,669543.000,43382,2,EA,1,100,1.028955
1752173064.073047,669610.000,43382,2,EA,1,100,1.029715
1752173064.139048,669676.000,43398,1,EA,1,100,1.029411
1752173064.206049,669743.000,43413,2,EA,1,100,1.029867
1752173064.273049,669810.000,43413,2,EA,1,100,1.030935
1752173064.339050,669876.000,43430,1,EA,1,100,1.030172
1752173064.406050,669943.000,43447,2,EA,1,100,1.030630
1752173064.473051,670010.000,43447,2,EA,1,100,1.030630
1752173064.539051,670076.000,43465,1,EA,1,100,1.030324
1752173064.606052,670143.000,43481,2,EA,1,100,1.030782
1752173064.673052,670210.000,43481,2,EA,1,100,1.031699
1752173064.739053,670276.000,43497,1,EA,1,100,1.031545
1752173064.806053,670343.000,43514,2,EA,1,100,1.031087
1752173064.873054,670410.000,43514,2,EA,1,100,1.031699
1752173064.939054,670476.000,43530,1,EA,1,100,1.030935
1752173065.005555,670542.500,43548,2,EA,1,100,1.031699
1752173065.072056,670609.000,43548,2,EA,1,100,1.031699
1752173065.139056,670676.000,43564,1,EA,1,100,1.032005
1752173065.205557,670742.500,43581,2,EA,1,100,1.032005
1752173065.272057,670809.000,43581,2,EA,1,100,1.031851
1752173065.339058,670876.000,43598,1,EA,1,100,1.031545
1752173065.405558,670942.500,43613,2,EA,1,100,1.032616
1752173065.472059,671009.000,43613,2,EA,1,100,1.031851
1752173065.539059,671076.000,43629,1,EA,1,100,1.031241
1752173065.605560,671142.500,43649,2,EA,1,100,1.032005
1752173065.672060,671209.000,43649,2,EA,1,100,1.032005
1752173065.739061,671276.000,43665,1,EA,1,100,1.032157
1752173065.805562,671342.500,43680,2,EA,1,100,1.032310
1752173065.872062,671409.000,43680,2,EA,1,100,1.031545
1752173065.939063,671476.000,43696,1,EA,1,100,1.032923
1752173066.005563,671542.500,43714,2,EA,1,100,1.032923
1752173066.072064,671609.000,43714,2,EA,1,100,1.033076
1752173066.139064,671676.000,43730,1,EA,1,100,1.032923
1752173066.205565,671742.500,43748,2,EA,1,100,1.032770
1752173066.272065,671809.000,43748,2,EA,1,100,1.033230
1752173066.339066,671876.000,43766,2,EA,1,100,1.032770
1752173066.406066,671943.000,43766,2,EA,1,100,1.030019
1752173066.472067,672009.000,43783,1,EA,1,100,1.017971
1752173066.539067,672076.000,43799,2,EA,1,100,1.017525
1752173066.606068,672143.000,43799,2,EA,1,100,1.018866
1752173066.672069,672209.000,43817,1,EA,1,100,1.027891
1752173066.739069,672276.000,43831,2,EA,1,100,1.032770
1752173066.806070,672343.000,43831,2,EA,1,100,1.032923
1752173066.872070,672409.000,43850,1,EA,1,100,1.031699
1752173066.939071,672476.000,43867,2,EA,1,100,1.028802
1752173067.006071,672543.000,43867,2,EA,1,100,1.018419
1752173067.072072,672609.000,43884,1,EA,1,100,1.005330
1752173067.139072,672676.000,43898,2,EA,1,100,1.015596
1752173067.206073,672743.000,43898,2,EA,1,100,1.019612
1752173067.272073,672809.000,43915,1,EA,1,100,1.026526
1752173067.339074,672876.000,43932,2,EA,1,100,1.026980
1752173067.406075,672943.000,43932,2,EA,1,100,1.029411
1752173067.472075,673009.000,43949,1,EA,1,100,1.031699
1752173067.539076,673076.000,43965,2,EA,1,100,1.034150
1752173067.606076,673143.000,43965,2,EA,1,100,1.031241
1752173067.672077,673209.000,43983,1,EA,1,100,1.020957
1752173067.739077,673276.000,43999,2,EA,1,100,1.022157
1752173067.806078,673343.000,43999,2,EA,1,100,1.029106
1752173067.872078,673409.000,44016,1,EA,1,100,1.036922
1752173067.939079,673476.000,44031,2,EA,1,100,1.052599
1752173068.006079,673543.000,44031,2,EA,1,100,1.041576
1752173068.072080,673609.000,44048,1,EA,1,100,1.025770
1752173068.139081,673676.000,44064,2,EA,1,100,1.035997
1752173068.206081,673743.000,44064,2,EA,1,100,1.016485
1752173068.272082,673809.000,44083,1,EA,1,100,1.004461
1752173068.338582,673875.500,44098,2,EA,1,100,1.032310
1752173068.405083,673942.000,44098,2,EA,1,100,0.995556
1752173068.472083,674009.000,44115,1,EA,1,100,1.012200
1752173068.538584,674075.500,44131,2,EA,1,100,1.040487
1752173068.605084,674142.000,44131,2,EA,1,100,1.035380
1752173068.672085,674209.000,44149,1,EA,1,100,1.022006
1752173068.738585,674275.500,44164,2,EA,1,100,1.007076
1752173068.805086,674342.000,44164,2,EA,1,100,1.028042
1752173068.872086,674409.000,44182,2,EA,1,100,1.039711
1752173068.939087,674476.000,44182,2,EA,1,100,1.037541
1752173069.005088,674542.000,44199,1,EA,1,100,1.037077
1752173069.072088,674609.000,44216,2,EA,1,100,1.010583
1752173069.139089,674676.000,44216,2,EA,1,100,1.025770
1752173069.205089,674742.000,44232,1,EA,1,100,1.052599
1752173069.272090,674809.000,44248,2,EA,1,100,1.034919
1752173069.339090,674876.000,44248,2,EA,1,100,1.035997
1752173069.405091,674942.000,44264,1,EA,1,100,1.039865
1752173069.472091,675009.000,44285,2,EA,1,100,1.037387
1752173069.539092,675076.000,44285,2,EA,1,100,1.038005
1752173069.605092,675142.000,44301,1,EA,1,100,1.037077
1752173069.672093,675209.000,44317,2,EA,1,100,1.036922
1752173069.739094,675276.000,44317,2,EA,1,100,1.037231
1752173069.805094,675342.000,44333,1,EA,1,100,1.037077
1752173069.872095,675409.000,44350,2,EA,1,100,1.036922
1752173069.939095,675476.000,44350,2,EA,1,100,1.036306
1752173070.005096,675542.000,44369,1,EA,1,100,1.035997
1752173070.072096,675609.000,44384,2,EA,1,100,1.036922
1752173070.139097,675676.000,44384,2,EA,1,100,1.036150
1752173070.205097,675742.000,44400,1,EA,1,100,1.036150
1752173070.272098,675809.000,44418,2,EA,1,100,1.036768
1752173070.339098,675876.000,44418,2,EA,1,100,1.036459
1752173070.405099,675942.000,44434,1,EA,1,100,1.035689
1752173070.472099,676009.000,44449,2,EA,1,100,1.036150
1752173070.539100,676076.000,44449,2,EA,1,100,1.035997
1752173070.605101,676142.000,44467,1,EA,1,100,1.036459
1752173070.672101,676209.000,44485,2,EA,1,100,1.037387
1752173070.739102,676276.000,44485,2,EA,1,100,1.037387
1752173070.805102,676342.000,44501,1,EA,1,100,1.037231
1752173070.872103,676409.000,44517,2,EA,1,100,1.037231
1752173070.939103,676476.000,44517,2,EA,1,100,1.037541
1752173071.005104,676542.000,44533,1,EA,1,100,1.037695
1752173071.072104,676609.000,44550,2,EA,1,100,1.037387
1752173071.139105,676676.000,44550,2,EA,1,100,1.036615
1752173071.205605,676742.500,44568,2,EA,1,100,1.033383
1752173071.272106,676809.000,44568,2,EA,1,100,1.025015
1752173071.339107,676876.000,44586,1,EA,1,100,1.017227
1752173071.405607,676942.500,44602,2,EA,1,100,0.996410
1752173071.472108,677009.000,44602,2,EA,1,100,0.990034
1752173071.539108,677076.000,44619,1,EA,1,100,1.011759
1752173071.605609,677142.500,44636,2,EA,1,100,1.031545
1752173071.672109,677209.000,44636,2,EA,1,100,1.056273
1752173071.738110,677275.000,44655,1,EA,1,100,1.046430
1752173071.805110,677342.000,44669,2,EA,1,100,1.039711
1752173071.872111,677409.000,44669,2,EA,1,100,1.043136
1752173071.938111,677475.000,44686,1,EA,1,100,1.041888
1752173072.005112,677542.000,44703,2,EA,1,100,1.039711
1752173072.072113,677609.000,44703,2,EA,1,100,1.040954
1752173072.138113,677675.000,44720,1,EA,1,100,1.039865
1752173072.205114,677742.000,44734,2,EA,1,100,1.040331
1752173072.272114,677809.000,44734,2,EA,1,100,1.040176
1752173072.338115,677875.000,44754,1,EA,1,100,1.040487
1752173072.405115,677942.000,44770,2,EA,1,100,1.040331
1752173072.472116,678009.000,44770,2,EA,1,100,1.038625
1752173072.538116,678075.000,44787,1,EA,1,100,1.035689
1752173072.605117,678142.000,44802,2,EA,1,100,1.039400
1752173072.672117,678209.000,44802,2,EA,1,100,1.042356
1752173072.738118,678275.000,44819,1,EA,1,100,1.043607
1752173072.805118,678342.000,44837,2,EA,1,100,1.042200
1752173072.872119,678409.000,44837,2,EA,1,100,1.040642
1752173072.938120,678475.000,44854,1,EA,1,100,1.040954
1752173073.005120,678542.000,44869,2,EA,1,100,1.039711
1752173073.072121,678609.000,44869,2,EA,1,100,1.038625
1752173073.138121,678675.000,44886,1,EA,1,100,1.040487
1752173073.205122,678742.000,44902,2,EA,1,100,1.041888
1752173073.272122,678809.000,44902,2,EA,1,100,1.042513
1752173073.338123,678875.000,44920,1,EA,1,100,1.041421
1752173073.405123,678942.000,44937,2,EA,1,100,1.040954
1752173073.472124,679009.000,44937,2,EA,1,100,1.040954
1752173073.538124,679075.000,44953,1,EA,1,100,1.040797
1752173073.605125,679142.000,44970,2,EA,1,100,1.042045
1752173073.672126,679209.000,44970,2,EA,1,100,1.041888
1752173073.738626,679275.500,44987,2,EA,1,100,1.041733
1752173073.805127,679342.000,44987,2,EA,1,100,1.041109
1752173073.872127,679409.000,45003,1,EA,1,100,1.040331
1752173073.938628,679475.500,45019,2,EA,1,100,1.041109
1752173074.005128,679542.000,45019,2,EA,1,100,1.042200
1752173074.072129,679609.000,45037,1,EA,1,100,1.042668
1752173074.138629,679675.500,45054,2,EA,1,100,1.043918
1752173074.205130,679742.000,45054,2,EA,1,100,1.044232
1752173074.272130,679809.000,45070,1,EA,1,100,1.043136
1752173074.338631,679875.500,45086,2,EA,1,100,1.043449
1752173074.405131,679942.000,45086,2,EA,1,100,1.042825
1752173074.472132,680009.000,45102,1,EA,1,100,1.043136
1752173074.538633,680075.500,45119,2,EA,1,100,1.043294
1752173074.605133,680142.000,45119,2,EA,1,100,1.042825
1752173074.672134,680209.000,45138,1,EA,1,100,1.043136
1752173074.738634,680275.500,45153,2,EA,1,100,1.042825
1752173074.805135,680342.000,45153,2,EA,1,100,1.042668
1752173074.872135,680409.000,45169,1,EA,1,100,1.043449
1752173074.938636,680475.500,45187,2,EA,1,100,1.044232
1752173075.005136,680542.000,45187,2,EA,1,100,1.043763
1752173075.071137,680608.000,45203,1,EA,1,100,1.043294
1752173075.138137,680675.000,45218,2,EA,1,100,1.043294
1752173075.205138,680742.000,45218,2,EA,1,100,1.043294
1752173075.271139,680808.000,45236,1,EA,1,100,1.043607
1752173075.338139,680875.000,45254,2,EA,1,100,1.044076
1752173075.405140,680942.000,45254,2,EA,1,100,1.043449
1752173075.471140,681008.000,45270,1,EA,1,100,1.043918
1752173075.538141,681075.000,45285,2,EA,1,100,1.044076
1752173075.605141,681142.000,45285,2,EA,1,100,1.043449
1752173075.671142,681208.000,45302,1,EA,1,100,1.043294
1752173075.738142,681275.000,45319,2,EA,1,100,1.042981
1752173075.805143,681342.000,45319,2,EA,1,100,1.043607
1752173075.871143,681408.000,45337,1,EA,1,100,1.043449
1752173075.938144,681475.000,45354,2,EA,1,100,1.044546
1752173076.005144,681542.000,45354,2,EA,1,100,1.044076
1752173076.071645,681608.500,45369,2,EA,1,100,1.044546
1752173076.138146,681675.000,45369,2,EA,1,100,1.044389
1752173076.205146,681742.000,45386,1,EA,1,100,1.044546
1752173076.271647,681808.500,45403,2,EA,1,100,1.044232
1752173076.338147,681875.000,45403,2,EA,1,100,1.044076
1752173076.405148,681942.000,45424,1,EA,1,100,1.044546
1752173076.471648,682008.500,45438,2,EA,1,100,1.045330
1752173076.538149,682075.000,45438,2,EA,1,100,1.044232
1752173076.605149,682142.000,45455,1,EA,1,100,1.044232
1752173076.671650,682208.500,45472,2,EA,1,100,1.044546
1752173076.738150,682275.000,45472,2,EA,1,100,1.045016
1752173076.805151,682342.000,45489,1,EA,1,100,1.045016
1752173076.871652,682408.500,45503,2,EA,1,100,1.045016
1752173076.938152,682475.000,45503,2,EA,1,100,1.044702
1752173077.005153,682542.000,45521,1,EA,1,100,1.044546
1752173077.071653,682608.500,45539,2,EA,1,100,1.044859
1752173077.138154,682675.000,45539,2,EA,1,100,1.045173
1752173077.205154,682742.000,45556,1,EA,1,100,1.045486
1752173077.271655,682808.500,45571,2,EA,1,100,1.045644
1752173077.338155,682875.000,45571,2,EA,1,100,1.044546
1752173077.405156,682942.000,45588,1,EA,1,100,1.045486
1752173077.471656,683008.500,45604,2,EA,1,100,1.045486
1752173077.538157,683075.000,45604,2,EA,1,100,1.045644
1752173077.605158,683142.000,45621,1,EA,1,100,1.045644
1752173077.671658,683208.500,45638,2,EA,1,100,1.046430
1752173077.738159,683275.000,45638,2,EA,1,100,1.045486
1752173077.805159,683342.000,45655,1,EA,1,100,1.046115
1752173077.871660,683408.500,45671,2,EA,1,100,1.045644
1752173077.938160,683475.000,45671,2,EA,1,100,1.045958
1752173078.005161,683542.000,45689,1,EA,1,100,1.045958
1752173078.071661,683608.500,45704,2,EA,1,100,1.046430
1752173078.138162,683675.000,45704,2,EA,1,100,1.047058
1752173078.205162,683742.000,45720,1,EA,1,100,1.046901
1752173078.271663,683808.500,45739,2,EA,1,100,1.046272
1752173078.338163,683875.000,45739,2,EA,1,100,1.046272
1752173078.404664,683941.500,45756,2,EA,1,100,1.045958
1752173078.471165,684008.000,45756,2,EA,1,100,1.046586
1752173078.538165,684075.000,45772,1,EA,1,100,1.046901
1752173078.604666,684141.500,45788,2,EA,1,100,1.047217
1752173078.671166,684208.000,45788,2,EA,1,100,1.046586
1752173078.738167,684275.000,45804,1,EA,1,100,1.046745
1752173078.804667,684341.500,45821,2,EA,1,100,1.047532
1752173078.871168,684408.000,45821,2,EA,1,100,1.048162
1752173078.938168,684475.000,45837,1,EA,1,100,1.048321
1752173079.004669,684541.500,45855,2,EA,1,100,1.048794
1752173079.071169,684608.000,45855,2,EA,1,100,1.047532
1752173079.138170,684675.000,45871,1,EA,1,100,1.047374
1752173079.204671,684741.500,45888,2,EA,1,100,1.047846
1752173079.271171,684808.000,45888,2,EA,1,100,1.048321
1752173079.338172,684875.000,45905,1,EA,1,100,1.047846
1752173079.404672,684941.500,45920,2,EA,1,100,1.049268
1752173079.471173,685008.000,45920,2,EA,1,100,1.048162
1752173079.538173,685075.000,45936,1,EA,1,100,1.048478
1752173079.604674,685141.500,45956,2,EA,1,100,1.048635
1752173079.671174,685208.000,45956,2,EA,1,100,1.048005
1752173079.738175,685275.000,45972,1,EA,1,100,1.048321
1752173079.804675,685341.500,45987,2,EA,1,100,1.048635
1752173079.871176,685408.000,45987,2,EA,1,100,1.048635
1752173079.938176,685475.000,46003,1,EA,1,100,1.048952
1752173080.004677,685541.500,46021,2,EA,1,100,1.048952
1752173080.071178,685608.000,46021,2,EA,1,100,1.048478
1752173080.138178,685675.000,46037,1,EA,1,100,1.048952
1752173080.204679,685741.500,46054,2,EA,1,100,1.049111
1752173080.271179,685808.000,46054,2,EA,1,100,1.049268
1752173080.338180,685875.000,46071,1,EA,1,100,1.049111
1752173080.404680,685941.500,46088,2,EA,1,100,1.049268
1752173080.471181,686008.000,46088,2,EA,1,100,1.049742
1752173080.538181,686075.000,46104,1,EA,1,100,1.049742
1752173080.604682,686141.500,46121,2,EA,1,100,1.049585
1752173080.671182,686208.000,46121,2,EA,1,100,1.049902
1752173080.737683,686274.500,46136,2,EA,1,100,1.050217
1752173080.804184,686341.000,46136,2,EA,1,100,1.050852
1752173080.871184,686408.000,46155,1,EA,1,100,1.049742
1752173080.937685,686474.500,46172,2,EA,1,100,1.050059
1752173081.004185,686541.000,46172,2,EA,1,100,1.050059
1752173081.071186,686608.000,46189,1,EA,1,100,1.050217
1752173081.137686,686674.500,46203,2,EA,1,100,1.051327
1752173081.204187,686741.000,46203,2,EA,1,100,1.051645
1752173081.271187,686808.000,46220,1,EA,1,100,1.051010
1752173081.337688,686874.500,46239,2,EA,1,100,1.050534
1752173081.404188,686941.000,46239,2,EA,1,100,1.051804
1752173081.471189,687008.000,46258,1,EA,1,100,1.051487
1752173081.537689,687074.500,46272,2,EA,1,100,1.051010
1752173081.604190,687141.000,46272,2,EA,1,100,1.050852
1752173081.671191,687208.000,46290,1,EA,1,100,1.050694
1752173081.737691,687274.500,46306,2,EA,1,100,1.051645
1752173081.804192,687341.000,46306,2,EA,1,100,1.051964
1752173081.871192,687408.000,46323,1,EA,1,100,1.052122
1752173081.937693,687474.500,46338,2,EA,1,100,1.052282
1752173082.004193,687541.000,46338,2,EA,1,100,1.051487
1752173082.071194,687608.000,46355,1,EA,1,100,1.051487
1752173082.137694,687674.500,46373,2,EA,1,100,1.052440
1752173082.204195,687741.000,46373,2,EA,1,100,1.052282
1752173082.271195,687808.000,46390,1,EA,1,100,1.052282
1752173082.337696,687874.500,46405,2,EA,1,100,1.052440
1752173082.404197,687941.000,46405,2,EA,1,100,1.051645
1752173082.471197,688008.000,46422,1,EA,1,100,1.051964
1752173082.537698,688074.500,46438,2,EA,1,100,1.052917
1752173082.604198,688141.000,46438,2,EA,1,100,1.052599
1752173082.671199,688208.000,46456,1,EA,1,100,1.052599
1752173082.737699,688274.500,46473,2,EA,1,100,1.052599
1752173082.804200,688341.000,46473,2,EA,1,100,1.052440
1752173082.871200,688408.000,46489,1,EA,1,100,1.052599
1752173082.937701,688474.500,46506,2,EA,1,100,1.052759
1752173083.004201,688541.000,46506,2,EA,1,100,1.052917
1752173083.071202,688608.000,46523,1,EA,1,100,1.052759
1752173083.137703,688674.500,46538,2,EA,1,100,1.053236
1752173083.204203,688741.000,46538,2,EA,1,100,1.053875
1752173083.270704,688807.500,46555,2,EA,1,100,1.053875
1752173083.337204,688874.000,46555,2,EA,1,100,1.053875
1752173083.404205,688941.000,46573,1,EA,1,100,1.053714
1752173083.470705,689007.500,46590,2,EA,1,100,1.053714
1752173083.537206,689074.000,46590,2,EA,1,100,1.053395
1752173083.604206,689141.000,46606,1,EA,1,100,1.053236
1752173083.670707,689207.500,46622,2,EA,1,100,1.053714
1752173083.737207,689274.000,46622,2,EA,1,100,1.053714
1752173083.804208,689341.000,46638,1,EA,1,100,1.054034
1752173083.870708,689407.500,46655,2,EA,1,100,1.054353
1752173083.937209,689474.000,46655,2,EA,1,100,1.053555
1752173084.004210,689541.000,46674,1,EA,1,100,1.053714
1752173084.070710,689607.500,46689,2,EA,1,100,1.055152
1752173084.137211,689674.000,46689,2,EA,1,100,1.054512
1752173084.204211,689741.000,46705,1,EA,1,100,1.054192
1752173084.270712,689807.500,46723,2,EA,1,100,1.054673
1752173084.337212,689874.000,46723,2,EA,1,100,1.054832
1752173084.404213,689941.000,46739,1,EA,1,100,1.054512
1752173084.470713,690007.500,46754,2,EA,1,100,1.054512
1752173084.537214,690074.000,46754,2,EA,1,100,1.053395
1752173084.604214,690141.000,46772,1,EA,1,100,1.054034
1752173084.670715,690207.500,46790,2,EA,1,100,1.054991
1752173084.737216,690274.000,46790,2,EA,1,100,1.054353
1752173084.804216,690341.000,46806,1,EA,1,100,1.054832
1752173084.870717,690407.500,46821,2,EA,1,100,1.055472
1752173084.937217,690474.000,46821,2,EA,1,100,1.054673
1752173085.004218,690541.000,46838,1,EA,1,100,1.055152
1752173085.070718,690607.500,46855,2,EA,1,100,1.055311
1752173085.137219,690674.000,46855,2,EA,1,100,1.055152
1752173085.204219,690741.000,46873,1,EA,1,100,1.054673
1752173085.270720,690807.500,46890,2,EA,1,100,1.054991
1752173085.337220,690874.000,46890,2,EA,1,100,1.054991
1752173085.404221,690941.000,46905,1,EA,1,100,1.055472
1752173085.470721,691007.500,46922,2,EA,1,100,1.055952
1752173085.537222,691074.000,46922,2,EA,1,100,1.055791
1752173085.604223,691141.000,46938,1,EA,1,100,1.055472
1752173085.670723,691207.500,46955,2,EA,1,100,1.055952
1752173085.737224,691274.000,46955,2,EA,1,100,1.055632
1752173085.803724,691340.500,46972,2,EA,1,100,1.055632
1752173085.870225,691407.000,46972,2,EA,1,100,1.056592
1752173085.937225,691474.000,46989,1,EA,1,100,1.056273
1752173086.003726,691540.500,47006,2,EA,1,100,1.056112
1752173086.070226,691607.000,47006,2,EA,1,100,1.056273
1752173086.137227,691674.000,47023,1,EA,1,100,1.056273
1752173086.203727,691740.500,47037,2,EA,1,100,1.056913
1752173086.270228,691807.000,47037,2,EA,1,100,1.056754
1752173086.337229,691874.000,47055,1,EA,1,100,1.056913
1752173086.403729,691940.500,47075,2,EA,1,100,1.057075
1752173086.470230,692007.000,47075,2,EA,1,100,1.056754
1752173086.537230,692074.000,47092,1,EA,1,100,1.057235
1752173086.603731,692140.500,47107,2,EA,1,100,1.057075
1752173086.670231,692207.000,47107,2,EA,1,100,1.057075
1752173086.737232,692274.000,47124,1,EA,1,100,1.058038
1752173086.803732,692340.500,47140,2,EA,1,100,1.058038
1752173086.870233,692407.000,47140,2,EA,1,100,1.056592
1752173086.937233,692474.000,47157,1,EA,1,100,1.057075
1752173087.003734,692540.500,47172,2,EA,1,100,1.057395
1752173087.070234,692607.000,47172,2,EA,1,100,1.057716
1752173087.137235,692674.000,47191,1,EA,1,100,1.057716
1752173087.203736,692740.500,47207,2,EA,1,100,1.058360
1752173087.270236,692807.000,47207,2,EA,1,100,1.057716
1752173087.337237,692874.000,47225,1,EA,1,100,1.058038
1752173087.403737,692940.500,47239,2,EA,1,100,1.058360
1752173087.470238,693007.000,47239,2,EA,1,100,1.057556
1752173087.537238,693074.000,47256,1,EA,1,100,1.058038
1752173087.603739,693140.500,47273,2,EA,1,100,1.058520
1752173087.670239,693207.000,47273,2,EA,1,100,1.058682
1752173087.737240,693274.000,47292,1,EA,1,100,1.059488
1752173087.803740,693340.500,47307,2,EA,1,100,1.059165
1752173087.870241,693407.000,47307,2,EA,1,100,1.058682
1752173087.937242,693474.000,47323,1,EA,1,100,1.059165
1752173088.003742,693540.500,47340,2,EA,1,100,1.059488
1752173088.070243,693607.000,47340,2,EA,1,100,1.058520
1752173088.137243,693674.000,47357,1,EA,1,100,1.059003
1752173088.203744,693740.500,47372,2,EA,1,100,1.059003
1752173088.270244,693807.000,47372,2,EA,1,100,1.059003
1752173088.336745,693873.500,47391,2,EA,1,100,1.059325
1752173088.403245,693940.000,47391,2,EA,1,100,1.059488
1752173088.470246,694007.000,47407,1,EA,1,100,1.059488
1752173088.536746,694073.500,47424,2,EA,1,100,1.059809
1752173088.603247,694140.000,47424,2,EA,1,100,1.059488
1752173088.670248,694207.000,47441,1,EA,1,100,1.059648
1752173088.736748,694273.500,47456,2,EA,1,100,1.059809
1752173088.803249,694340.000,47456,2,EA,1,100,1.059809
1752173088.870249,694407.000,47472,1,EA,1,100,1.059809
1752173088.936750,694473.500,47492,2,EA,1,100,1.059003
1752173089.003250,694540.000,47492,2,EA,1,100,1.060294
1752173089.070251,694607.000,47508,1,EA,1,100,1.060455
1752173089.136751,694673.500,47523,2,EA,1,100,1.060779
1752173089.203252,694740.000,47523,2,EA,1,100,1.059809
1752173089.270252,694807.000,47539,1,EA,1,100,1.060294
1752173089.336753,694873.500,47557,2,EA,1,100,1.060294
1752173089.403253,694940.000,47557,2,EA,1,100,1.060455
1752173089.470254,695007.000,47573,1,EA,1,100,1.060616
1752173089.536755,695073.500,47590,2,EA,1,100,1.061425
1752173089.603255,695140.000,47590,2,EA,1,100,1.061102
1752173089.670256,695207.000,47607,1,EA,1,100,1.061263
1752173089.736756,695273.500,47624,2,EA,1,100,1.061749
1752173089.803257,695340.000,47624,2,EA,1,100,1.061911
1752173089.870257,695407.000,47640,1,EA,1,100,1.061749
1752173089.936758,695473.500,47656,2,EA,1,100,1.061263
1752173090.003258,695540.000,47656,2,EA,1,100,1.060940
1752173090.070259,695607.000,47672,1,EA,1,100,1.061749
1752173090.136759,695673.500,47691,2,EA,1,100,1.062722
1752173090.203260,695740.000,47691,2,EA,1,100,1.061425
1752173090.270261,695807.000,47707,1,EA,1,100,1.061263
1752173090.336761,695873.500,47724,2,EA,1,100,1.061263
1752173090.403262,695940.000,47724,2,EA,1,100,1.061749
1752173090.470262,696007.000,47739,1,EA,1,100,1.061749
1752173090.536763,696073.500,47756,2,EA,1,100,1.062073
1752173090.603263,696140.000,47756,2,EA,1,100,1.062397
1752173090.670264,696207.000,47773,1,EA,1,100,1.062234
1752173090.736764,696273.500,47791,2,EA,1,100,1.062722
1752173090.803265,696340.000,47791,2,EA,1,100,1.062884
1752173090.870265,696407.000,47806,2,EA,1,100,1.062884
1752173090.937266,696474.000,47806,2,EA,1,100,1.061749
1752173091.003266,696540.000,47824,1,EA,1,100,1.063045
1752173091.070267,696607.000,47840,2,EA,1,100,1.062884
1752173091.137268,696674.000,47840,2,EA,1,100,1.063370
1752173091.203268,696740.000,47857,1,EA,1,100,1.062884
1752173091.270269,696807.000,47872,2,EA,1,100,1.062884
1752173091.337269,696874.000,47872,2,EA,1,100,1.063534
1752173091.403270,696940.000,47893,1,EA,1,100,1.062722
1752173091.470270,697007.000,47909,2,EA,1,100,1.062722
1752173091.537271,697074.000,47909,2,EA,1,100,1.063370
1752173091.603271,697140.000,47926,1,EA,1,100,1.063208
1752173091.669772,697206.500,47941,2,EA,1,100,1.064021
1752173091.736272,697273.000,47941,2,EA,1,100,1.063695
1752173091.803273,697340.000,47958,1,EA,1,100,1.063695
1752173091.869774,697406.500,47974,2,EA,1,100,1.064347
1752173091.936274,697473.000,47974,2,EA,1,100,1.064183
1752173092.003275,697540.000,47994,1,EA,1,100,1.064021
1752173092.069775,697606.500,48008,2,EA,1,100,1.064183
1752173092.136276,697673.000,48008,2,EA,1,100,1.063534
1752173092.203276,697740.000,48025,1,EA,1,100,1.063695
1752173092.269777,697806.500,48042,2,EA,1,100,1.063857
1752173092.336277,697873.000,48042,2,EA,1,100,1.063695
1752173092.403278,697940.000,48059,1,EA,1,100,1.063534
1752173092.469778,698006.500,48073,2,EA,1,100,1.064835
1752173092.536279,698073.000,48073,2,EA,1,100,1.064021
1752173092.603279,698140.000,48090,1,EA,1,100,1.063857
1752173092.669780,698206.500,48109,2,EA,1,100,1.064183
1752173092.736281,698273.000,48109,2,EA,1,100,1.064183
1752173092.803281,698340.000,48126,1,EA,1,100,1.063857
1752173092.869782,698406.500,48141,2,EA,1,100,1.064183
1752173092.936282,698473.000,48141,2,EA,1,100,1.064509
1752173093.003283,698540.000,48158,1,EA,1,100,1.064347
1752173093.069783,698606.500,48174,2,EA,1,100,1.064997
1752173093.136284,698673.000,48174,2,EA,1,100,1.064509
1752173093.203284,698740.000,48193,2,EA,1,100,1.064835
1752173093.270285,698807.000,48193,2,EA,1,100,1.065812
1752173093.336285,698873.000,48210,1,EA,1,100,1.064997
1752173093.403286,698940.000,48225,2,EA,1,100,1.065161
1752173093.470287,699007.000,48225,2,EA,1,100,1.065812
1752173093.536287,699073.000,48241,1,EA,1,100,1.065323
1752173093.603288,699140.000,48259,2,EA,1,100,1.065650
1752173093.670288,699207.000,48259,2,EA,1,100,1.065650
1752173093.736289,699273.000,48275,1,EA,1,100,1.065485
1752173093.803289,699340.000,48292,2,EA,1,100,1.065485
1752173093.870290,699407.000,48292,2,EA,1,100,1.065485
1752173093.936290,699473.000,48308,1,EA,1,100,1.065650
1752173094.003291,699540.000,48326,2,EA,1,100,1.065650
1752173094.070291,699607.000,48326,2,EA,1,100,1.066793
1752173094.136292,699673.000,48342,1,EA,1,100,1.066956
1752173094.203293,699740.000,48357,2,EA,1,100,1.066466
1752173094.270293,699807.000,48357,2,EA,1,100,1.066956
1752173094.336294,699873.000,48374,1,EA,1,100,1.067119
1752173094.403294,699940.000,48393,2,EA,1,100,1.066956
1752173094.470295,700007.000,48393,2,EA,1,100,1.067283
1752173094.536295,700073.000,48409,1,EA,1,100,1.067119
1752173094.603296,700140.000,48425,2,EA,1,100,1.067119
1752173094.670296,700207.000,48425,2,EA,1,100,1.066793
1752173094.736297,700273.000,48441,1,EA,1,100,1.067283
1752173094.803297,700340.000,48458,2,EA,1,100,1.067283
1752173094.870298,700407.000,48458,2,EA,1,100,1.067119
1752173094.936298,700473.000,48474,1,EA,1,100,1.066956
1752173095.002799,700539.500,48492,2,EA,1,100,1.067611
1752173095.069300,700606.000,48492,2,EA,1,100,1.068102
1752173095.136300,700673.000,48508,1,EA,1,100,1.067774
1752173095.202801,700739.500,48525,2,EA,1,100,1.067446
1752173095.269301,700806.000,48525,2,EA,1,100,1.067937
1752173095.336302,700873.000,48542,1,EA,1,100,1.068102
1752173095.402802,700939.500,48558,2,EA,1,100,1.067937
1752173095.469303,701006.000,48558,2,EA,1,100,1.068922
1752173095.536303,701073.000,48573,1,EA,1,100,1.068593
1752173095.602804,701139.500,48593,2,EA,1,100,1.067937
1752173095.669304,701206.000,48593,2,EA,1,100,1.067937
1752173095.736305,701273.000,48609,2,EA,1,100,1.068102
1752173095.803306,701340.000,48609,2,EA,1,100,1.069250
1752173095.869306,701406.000,48626,1,EA,1,100,1.068593
1752173095.936307,701473.000,48641,2,EA,1,100,1.068102
1752173096.003307,701540.000,48641,2,EA,1,100,1.067937
1752173096.069308,701606.000,48658,1,EA,1,100,1.068430
1752173096.136308,701673.000,48674,2,EA,1,100,1.069577
1752173096.203309,701740.000,48674,2,EA,1,100,1.069743
1752173096.269309,701806.000,48693,1,EA,1,100,1.069085
1752173096.336310,701873.000,48710,2,EA,1,100,1.069085
1752173096.403310,701940.000,48710,2,EA,1,100,1.068922
1752173096.469311,702006.000,48727,1,EA,1,100,1.068922
1752173096.536311,702073.000,48743,2,EA,1,100,1.069743
1752173096.603312,702140.000,48743,2,EA,1,100,1.068922
1752173096.669313,702206.000,48761,1,EA,1,100,1.068922
1752173096.736313,702273.000,48775,2,EA,1,100,1.070400
1752173096.803314,702340.000,48775,2,EA,1,100,1.069577
1752173096.869314,702406.000,48792,1,EA,1,100,1.069414
1752173096.936315,702473.000,48811,2,EA,1,100,1.070072
1752173097.003315,702540.000,48811,2,EA,1,100,1.070236
1752173097.069316,702606.000,48828,1,EA,1,100,1.069907
1752173097.136316,702673.000,48842,2,EA,1,100,1.069577
1752173097.203317,702740.000,48842,2,EA,1,100,1.069743
1752173097.269317,702806.000,48859,1,EA,1,100,1.069743
1752173097.336318,702873.000,48876,2,EA,1,100,1.069577
1752173097.403319,702940.000,48876,2,EA,1,100,1.069907
1752173097.469319,703006.000,48893,1,EA,1,100,1.070236
1752173097.536320,703073.000,48910,2,EA,1,100,1.070729
1752173097.603320,703140.000,48910,2,EA,1,100,1.069743
1752173097.669321,703206.000,48927,1,EA,1,100,1.070236
1752173097.736321,703273.000,48943,2,EA,1,100,1.070236
1752173097.803322,703340.000,48943,2,EA,1,100,1.070565
1752173097.869822,703406.500,48960,2,EA,1,100,1.070895
1752173097.936323,703473.000,48960,2,EA,1,100,1.070895
1752173098.003323,703540.000,48977,1,EA,1,100,1.070236
1752173098.069824,703606.500,48992,2,EA,1,100,1.070565
1752173098.136325,703673.000,48992,2,EA,1,100,1.071223
1752173098.203325,703740.000,49010,1,EA,1,100,1.070895
1752173098.269826,703806.500,49028,2,EA,1,100,1.070895
1752173098.336326,703873.000,49028,2,EA,1,100,1.070072
1752173098.402327,703939.000,49044,1,EA,1,100,1.070236
1752173098.469327,704006.000,49059,2,EA,1,100,1.071059
1752173098.536328,704073.000,49059,2,EA,1,100,1.070895
1752173098.602328,704139.000,49075,1,EA,1,100,1.070895
1752173098.669329,704206.000,49093,2,EA,1,100,1.071059
1752173098.736329,704273.000,49093,2,EA,1,100,1.071719
1752173098.802330,704339.000,49111,1,EA,1,100,1.071553
1752173098.869330,704406.000,49126,2,EA,1,100,1.071389
1752173098.936331,704473.000,49126,2,EA,1,100,1.071059
1752173099.002332,704539.000,49143,1,EA,1,100,1.071059
1752173099.069332,704606.000,49160,2,EA,1,100,1.071059
1752173099.136333,704673.000,49160,2,EA,1,100,1.071389
1752173099.202333,704739.000,49176,1,EA,1,100,1.071059
1752173099.269334,704806.000,49192,2,EA,1,100,1.071389
1752173099.336334,704873.000,49192,2,EA,1,100,1.071719
1752173099.402335,704939.000,49210,1,EA,1,100,1.071553
1752173099.469335,705006.000,49227,2,EA,1,100,1.071719
1752173099.536336,705073.000,49227,2,EA,1,100,1.071883
1752173099.602336,705139.000,49243,1,EA,1,100,1.071883
1752173099.669337,705206.000,49259,2,EA,1,100,1.071883
1752173099.736338,705273.000,49259,2,EA,1,100,1.071883
1752173099.802338,705339.000,49275,1,EA,1,100,1.071883
1752173099.869339,705406.000,49292,2,EA,1,100,1.072709
1752173099.936339,705473.000,49292,2,EA,1,100,1.072545
1752173100.002340,705539.000,49309,1,EA,1,100,1.072378
1752173100.069340,705606.000,49327,2,EA,1,100,1.073040
1752173100.136341,705673.000,49327,2,EA,1,100,1.072874
1752173100.202841,705739.500,49342,2,EA,1,100,1.072709
1752173100.269342,705806.000,49342,2,EA,1,100,1.072545
1752173100.336342,705873.000,49360,1,EA,1,100,1.072874
1752173100.402843,705939.500,49376,2,EA,1,100,1.073536
1752173100.469343,706006.000,49376,2,EA,1,100,1.073371
1752173100.536344,706073.000,49393,1,EA,1,100,1.072874
1752173100.602845,706139.500,49408,2,EA,1,100,1.073040
1752173100.669345,706206.000,49408,2,EA,1,100,1.073371
1752173100.736346,706273.000,49427,1,EA,1,100,1.073701
1752173100.802846,706339.500,49443,2,EA,1,100,1.073701
1752173100.869347,706406.000,49443,2,EA,1,100,1.074199
1752173100.936347,706473.000,49460,1,EA,1,100,1.074697
1752173101.002848,706539.500,49475,2,EA,1,100,1.074199
1752173101.069348,706606.000,49475,2,EA,1,100,1.073701
1752173101.136349,706673.000,49492,1,EA,1,100,1.073868
1752173101.202849,706739.500,49508,2,EA,1,100,1.074033
1752173101.269350,706806.000,49508,2,EA,1,100,1.073868
1752173101.336351,706873.000,49526,1,EA,1,100,1.073868
1752173101.402851,706939.500,49544,2,EA,1,100,1.074365
1752173101.469352,707006.000,49544,2,EA,1,100,1.075359
1752173101.536352,707073.000,49561,1,EA,1,100,1.074033
1752173101.602853,707139.500,49578,2,EA,1,100,1.074530
1752173101.669353,707206.000,49578,2,EA,1,100,1.074697
1752173101.736354,707273.000,49595,1,EA,1,100,1.074365
1752173101.802854,707339.500,49609,2,EA,1,100,1.075029
1752173101.869355,707406.000,49609,2,EA,1,100,1.075359
1752173101.935355,707472.000,49626,1,EA,1,100,1.075029
1752173102.002356,707539.000,49645,2,EA,1,100,1.075194
1752173102.069356,707606.000,49645,2,EA,1,100,1.074530
1752173102.136357,707673.000,49662,1,EA,1,100,1.074365
1752173102.202858,707739.500,49677,2,EA,1,100,1.075029
1752173102.269358,707806.000,49677,2,EA,1,100,1.074365
1752173102.335359,707872.000,49694,1,EA,1,100,1.074697
1752173102.402359,707939.000,49710,2,EA,1,100,1.074862
1752173102.469360,708006.000,49710,2,EA,1,100,1.074530
1752173102.535360,708072.000,49727,1,EA,1,100,1.074862
1752173102.602361,708139.000,49745,2,EA,1,100,1.075194
1752173102.669361,708206.000,49745,2,EA,1,100,1.074862
1752173102.735862,708272.500,49761,2,EA,1,100,1.074530
1752173102.802362,708339.000,49761,2,EA,1,100,1.074199
1752173102.869363,708406.000,49777,1,EA,1,100,1.075029
1752173102.935864,708472.500,49795,2,EA,1,100,1.075029
1752173103.002364,708539.000,49795,2,EA,1,100,1.075029
1752173103.069365,708606.000,49811,1,EA,1,100,1.074697
1752173103.135865,708672.500,49826,2,EA,1,100,1.075692
1752173103.202366,708739.000,49826,2,EA,1,100,1.074862
1752173103.269366,708806.000,49844,1,EA,1,100,1.075029
1752173103.335867,708872.500,49862,2,EA,1,100,1.075359
1752173103.402367,708939.000,49862,2,EA,1,100,1.075859
1752173103.469368,709006.000,49878,1,EA,1,100,1.075692
1752173103.535868,709072.500,49893,2,EA,1,100,1.075194
1752173103.602369,709139.000,49893,2,EA,1,100,1.075359
1752173103.669370,709206.000,49910,1,EA,1,100,1.075692
1752173103.735870,709272.500,49927,2,EA,1,100,1.076524
1752173103.802371,709339.000,49927,2,EA,1,100,1.077023
1752173103.869371,709406.000,49945,1,EA,1,100,1.076524
1752173103.935872,709472.500,49961,2,EA,1,100,1.076691
1752173104.002372,709539.000,49961,2,EA,1,100,1.076524
1752173104.069373,709606.000,49977,1,EA,1,100,1.076358
1752173104.135873,709672.500,49994,2,EA,1,100,1.076025
1752173104.202374,709739.000,49994,2,EA,1,100,1.076524
1752173104.269374,709806.000,50010,1,EA,1,100,1.077023
1752173104.335875,709872.500,50026,2,EA,1,100,1.076857
1752173104.402375,709939.000,50026,2,EA,1,100,1.076524
1752173104.469376,710006.000,50044,1,EA,1,100,1.076191
1752173104.535877,710072.500,50061,2,EA,1,100,1.076191
1752173104.602377,710139.000,50061,2,EA,1,100,1.076857
1752173104.669378,710206.000,50078,1,EA,1,100,1.077357
1752173104.735878,710272.500,50093,2,EA,1,100,1.077357
1752173104.802379,710339.000,50093,2,EA,1,100,1.077357
1752173104.869379,710406.000,50109,1,EA,1,100,1.077191
1752173104.935880,710472.500,50127,2,EA,1,100,1.076524
1752173105.002380,710539.000,50127,2,EA,1,100,1.077191
1752173105.069381,710606.000,50145,1,EA,1,100,1.077857
1752173105.135881,710672.500,50161,2,EA,1,100,1.077690
1752173105.202382,710739.000,50161,2,EA,1,100,1.078025
1752173105.268883,710805.500,50177,2,EA,1,100,1.077857
1752173105.335383,710872.000,50177,2,EA,1,100,1.078860
1752173105.402384,710939.000,50194,1,EA,1,100,1.079026
1752173105.468884,711005.500,50210,2,EA,1,100,1.079026
1752173105.535385,711072.000,50210,2,EA,1,100,1.078191
1752173105.602385,711139.000,50227,1,EA,1,100,1.078191
1752173105.668886,711205.500,50244,2,EA,1,100,1.078860
1752173105.735386,711272.000,50244,2,EA,1,100,1.078359
1752173105.802387,711339.000,50261,1,EA,1,100,1.078525
1752173105.868887,711405.500,50277,2,EA,1,100,1.078860
1752173105.935388,711472.000,50277,2,EA,1,100,1.078860
1752173106.002388,711539.000,50295,1,EA,1,100,1.078860
1752173106.068889,711605.500,50309,2,EA,1,100,1.079361
1752173106.135390,711672.000,50309,2,EA,1,100,1.079696
1752173106.202390,711739.000,50326,1,EA,1,100,1.079361
1752173106.268891,711805.500,50343,2,EA,1,100,1.080032
1752173106.335391,711872.000,50343,2,EA,1,100,1.079026
1752173106.402392,711939.000,50364,1,EA,1,100,1.079195
1752173106.468892,712005.500,50378,2,EA,1,100,1.079361
1752173106.535393,712072.000,50378,2,EA,1,100,1.079361
1752173106.602393,712139.000,50395,1,EA,1,100,1.079863
1752173106.668894,712205.500,50412,2,EA,1,100,1.080032
1752173106.735394,712272.000,50412,2,EA,1,100,1.080199
1752173106.802395,712339.000,50429,1,EA,1,100,1.080534
1752173106.868896,712405.500,50443,2,EA,1,100,1.080870
1752173106.935396,712472.000,50443,2,EA,1,100,1.080032
1752173107.002397,712539.000,50463,1,EA,1,100,1.079528
1752173107.068897,712605.500,50479,2,EA,1,100,1.080366
1752173107.135398,712672.000,50479,2,EA,1,100,1.080366
1752173107.202398,712739.000,50496,1,EA,1,100,1.079863
1752173107.268899,712805.500,50512,2,EA,1,100,1.080701
1752173107.335399,712872.000,50512,2,EA,1,100,1.081710
1752173107.402400,712939.000,50528,1,EA,1,100,1.080701
1752173107.468900,713005.500,50544,2,EA,1,100,1.080032
1752173107.535401,713072.000,50544,2,EA,1,100,1.080701
1752173107.601901,713138.500,50564,2,EA,1,100,1.080534
1752173107.668402,713205.000,50564,2,EA,1,100,1.081037
1752173107.735403,713272.000,50580,1,EA,1,100,1.080534
1752173107.801903,713338.500,50595,2,EA,1,100,1.081204
1752173107.868404,713405.000,50595,2,EA,1,100,1.081541
1752173107.935404,713472.000,50611,1,EA,1,100,1.081373
1752173108.001905,713538.500,50629,2,EA,1,100,1.081877
1752173108.068405,713605.000,50629,2,EA,1,100,1.081204
1752173108.135406,713672.000,50645,1,EA,1,100,1.081037
1752173108.201906,713738.500,50660,2,EA,1,100,1.081037
1752173108.268407,713805.000,50660,2,EA,1,100,1.080701
1752173108.335407,713872.000,50679,1,EA,1,100,1.080701
1752173108.401908,713938.500,50696,2,EA,1,100,1.081037
1752173108.468409,714005.000,50696,2,EA,1,100,1.081037
1752173108.535409,714072.000,50712,1,EA,1,100,1.081541
1752173108.601910,714138.500,50728,2,EA,1,100,1.082214
1752173108.668410,714205.000,50728,2,EA,1,100,1.081204
1752173108.735411,714272.000,50744,1,EA,1,100,1.081373
1752173108.801911,714338.500,50763,2,EA,1,100,1.082381
1752173108.868412,714405.000,50763,2,EA,1,100,1.082551
1752173108.935412,714472.000,50779,1,EA,1,100,1.082044
1752173109.001913,714538.500,50795,2,EA,1,100,1.082551
1752173109.068413,714605.000,50795,2,EA,1,100,1.081877
1752173109.135414,714672.000,50811,1,EA,1,100,1.082551
1752173109.201915,714738.500,50828,2,EA,1,100,1.083393
1752173109.268415,714805.000,50828,2,EA,1,100,1.082886
1752173109.335416,714872.000,50845,1,EA,1,100,1.082718
1752173109.401916,714938.500,50861,2,EA,1,100,1.082551
1752173109.468417,715005.000,50861,2,EA,1,100,1.082718
1752173109.535417,715072.000,50878,1,EA,1,100,1.082718
1752173109.601918,715138.500,50896,2,EA,1,100,1.083223
1752173109.668418,715205.000,50896,2,EA,1,100,1.083223
1752173109.734919,715271.500,50912,2,EA,1,100,1.082886
1752173109.801419,715338.000,50912,2,EA,1,100,1.082551
1752173109.868420,715405.000,50929,1,EA,1,100,1.083055
1752173109.934920,715471.500,50944,2,EA,1,100,1.083055
1752173110.001421,715538.000,50944,2,EA,1,100,1.082886
1752173110.068422,715605.000,50961,1,EA,1,100,1.083561
1752173110.134922,715671.500,50979,2,EA,1,100,1.084067
1752173110.201423,715738.000,50979,2,EA,1,100,1.083223
1752173110.268423,715805.000,50996,1,EA,1,100,1.083223
1752173110.334924,715871.500,51011,2,EA,1,100,1.083561
1752173110.401424,715938.000,51011,2,EA,1,100,1.083393
1752173110.468425,716005.000,51028,1,EA,1,100,1.083223
1752173110.534925,716071.500,51044,2,EA,1,100,1.084067
1752173110.601426,716138.000,51044,2,EA,1,100,1.083899
1752173110.668426,716205.000,51062,1,EA,1,100,1.083899
1752173110.734927,716271.500,51078,2,EA,1,100,1.084067
1752173110.801428,716338.000,51078,2,EA,1,100,1.083561
1752173110.868428,716405.000,51095,1,EA,1,100,1.083899
1752173110.934929,716471.500,51112,2,EA,1,100,1.083899
1752173111.001429,716538.000,51112,2,EA,1,100,1.084067
1752173111.068430,716605.000,51129,1,EA,1,100,1.083899
1752173111.134930,716671.500,51143,2,EA,1,100,1.084236
1752173111.201431,716738.000,51143,2,EA,1,100,1.083899
1752173111.268431,716805.000,51160,1,EA,1,100,1.084405
1752173111.334932,716871.500,51181,2,EA,1,100,1.085588
1752173111.401432,716938.000,51181,2,EA,1,100,1.084743
1752173111.468433,717005.000,51198,1,EA,1,100,1.084405
1752173111.534933,717071.500,51213,2,EA,1,100,1.084743
1752173111.601434,717138.000,51213,2,EA,1,100,1.084743
1752173111.668435,717205.000,51230,1,EA,1,100,1.085081
1752173111.734935,717271.500,51246,2,EA,1,100,1.084236
1752173111.801436,717338.000,51246,2,EA,1,100,1.084405
1752173111.868436,717405.000,51263,1,EA,1,100,1.084743
1752173111.934937,717471.500,51281,2,EA,1,100,1.085250
1752173112.001437,717538.000,51281,2,EA,1,100,1.085081
1752173112.067938,717604.500,51297,2,EA,1,100,1.085250
1752173112.134438,717671.000,51297,2,EA,1,100,1.085081
1752173112.201439,717738.000,51313,1,EA,1,100,1.085250
1752173112.267939,717804.500,51331,2,EA,1,100,1.084743
1752173112.334440,717871.000,51331,2,EA,1,100,1.084911
1752173112.401441,717938.000,51347,1,EA,1,100,1.084911
1752173112.467941,718004.500,51362,2,EA,1,100,1.085418
1752173112.534442,718071.000,51362,2,EA,1,100,1.085418
1752173112.601442,718138.000,51380,1,EA,1,100,1.085418
1752173112.667943,718204.500,51398,2,EA,1,100,1.085757
1752173112.734443,718271.000,51398,2,EA,1,100,1.085927
1752173112.801444,718338.000,51414,1,EA,1,100,1.085418
1752173112.867944,718404.500,51429,2,EA,1,100,1.085418
1752173112.934445,718471.000,51429,2,EA,1,100,1.085757
1752173113.001445,718538.000,51446,1,EA,1,100,1.086265
1752173113.067946,718604.500,51463,2,EA,1,100,1.086775
1752173113.134446,718671.000,51463,2,EA,1,100,1.086265
1752173113.201447,718738.000,51481,1,EA,1,100,1.086265
1752173113.267948,718804.500,51497,2,EA,1,100,1.086604
1752173113.334448,718871.000,51497,2,EA,1,100,1.086096
1752173113.401449,718938.000,51513,1,EA,1,100,1.086265
1752173113.467949,719004.500,51530,2,EA,1,100,1.086436
1752173113.534450,719071.000,51530,2,EA,1,100,1.086775
1752173113.601450,719138.000,51546,1,EA,1,100,1.086604
1752173113.667951,719204.500,51562,2,EA,1,100,1.087113
1752173113.734451,719271.000,51562,2,EA,1,100,1.087113
1752173113.801452,719338.000,51580,1,EA,1,100,1.086944
1752173113.867952,719404.500,51597,2,EA,1,100,1.087793
1752173113.934453,719471.000,51597,2,EA,1,100,1.087284
1752173114.001454,719538.000,51614,1,EA,1,100,1.086944
1752173114.067954,719604.500,51630,2,EA,1,100,1.088474
1752173114.134455,719671.000,51630,2,EA,1,100,1.087793
1752173114.201455,719738.000,51645,1,EA,1,100,1.087624
1752173114.267956,719804.500,51663,2,EA,1,100,1.087624
1752173114.334456,719871.000,51663,2,EA,1,100,1.087793
1752173114.401457,719938.000,51679,2,EA,1,100,1.087962
1752173114.468457,720005.000,51679,2,EA,1,100,1.088133
1752173114.534458,720071.000,51698,1,EA,1,100,1.088133
1752173114.601458,720138.000,51713,2,EA,1,100,1.088474
1752173114.668459,720205.000,51713,2,EA,1,100,1.088474
1752173114.734460,720271.000,51730,1,EA,1,100,1.089326
1752173114.800960,720337.500,51746,2,EA,1,100,1.089154
1752173114.867461,720404.000,51746,2,EA,1,100,1.088984
1752173114.934461,720471.000,51763,1,EA,1,100,1.088133
1752173115.000962,720537.500,51778,2,EA,1,100,1.087962
1752173115.067462,720604.000,51778,2,EA,1,100,1.088133
1752173115.134463,720671.000,51797,1,EA,1,100,1.088813
1752173115.200963,720737.500,51813,2,EA,1,100,1.089154
1752173115.267464,720804.000,51813,2,EA,1,100,1.087624
1752173115.334464,720871.000,51831,1,EA,1,100,1.087624
1752173115.400965,720937.500,51845,2,EA,1,100,1.088303
1752173115.467465,721004.000,51845,2,EA,1,100,1.088303
1752173115.534466,721071.000,51862,1,EA,1,100,1.088813
1752173115.600967,721137.500,51879,2,EA,1,100,1.088984
1752173115.667467,721204.000,51879,2,EA,1,100,1.088984
1752173115.734468,721271.000,51898,1,EA,1,100,1.088813
1752173115.800968,721337.500,51912,2,EA,1,100,1.088984
1752173115.867469,721404.000,51912,2,EA,1,100,1.088984
1752173115.934469,721471.000,51929,1,EA,1,100,1.088984
1752173116.000970,721537.500,51946,2,EA,1,100,1.089154
1752173116.067470,721604.000,51946,2,EA,1,100,1.088644
1752173116.134471,721671.000,51963,1,EA,1,100,1.089665
1752173116.200971,721737.500,51977,2,EA,1,100,1.090007
1752173116.267472,721804.000,51977,2,EA,1,100,1.089495
1752173116.334473,721871.000,51997,1,EA,1,100,1.090007
1752173116.400973,721937.500,52015,2,EA,1,100,1.090178
1752173116.467474,722004.000,52015,2,EA,1,100,1.089837
1752173116.534474,722071.000,52032,1,EA,1,100,1.090007
1752173116.600975,722137.500,52048,2,EA,1,100,1.089665
1752173116.667475,722204.000,52048,2,EA,1,100,1.089665
1752173116.734476,722271.000,52064,1,EA,1,100,1.089665
1752173116.800976,722337.500,52080,2,EA,1,100,1.089665
1752173116.867477,722404.000,52080,2,EA,1,100,1.089665
1752173116.934477,722471.000,52098,2,EA,1,100,1.089326
1752173117.001478,722538.000,52098,2,EA,1,100,1.090519
1752173117.067478,722604.000,52116,1,EA,1,100,1.090178
1752173117.134479,722671.000,52131,2,EA,1,100,1.090690
1752173117.201480,722738.000,52131,2,EA,1,100,1.090348
1752173117.267480,722804.000,52147,1,EA,1,100,1.090348
1752173117.334481,722871.000,52165,2,EA,1,100,1.090690
1752173117.401481,722938.000,52165,2,EA,1,100,1.091373
1752173117.467482,723004.000,52181,1,EA,1,100,1.090690
1752173117.534482,723071.000,52196,2,EA,1,100,1.091203
1752173117.601483,723138.000,52196,2,EA,1,100,1.090861
1752173117.667483,723204.000,52215,1,EA,1,100,1.090861
1752173117.734484,723271.000,52232,2,EA,1,100,1.091203
1752173117.801484,723338.000,52232,2,EA,1,100,1.091033
1752173117.867485,723404.000,52248,1,EA,1,100,1.091203
1752173117.934486,723471.000,52264,2,EA,1,100,1.090861
1752173118.001486,723538.000,52264,2,EA,1,100,1.090519
1752173118.067487,723604.000,52280,1,EA,1,100,1.091033
1752173118.134487,723671.000,52299,2,EA,1,100,1.091545
1752173118.201488,723738.000,52299,2,EA,1,100,1.091716
1752173118.267488,723804.000,52315,1,EA,1,100,1.091203
1752173118.333989,723870.500,52331,2,EA,1,100,1.091716
1752173118.400489,723937.000,52331,2,EA,1,100,1.091716
1752173118.467490,724004.000,52347,1,EA,1,100,1.091203
1752173118.533990,724070.500,52364,2,EA,1,100,1.091373
1752173118.600491,724137.000,52364,2,EA,1,100,1.091888
1752173118.667492,724204.000,52381,1,EA,1,100,1.091716
1752173118.733992,724270.500,52398,2,EA,1,100,1.091888
1752173118.800493,724337.000,52398,2,EA,1,100,1.091545
1752173118.867493,724404.000,52414,1,EA,1,100,1.091716
1752173118.934494,724471.000,52432,2,EA,1,100,1.092572
1752173119.001494,724538.000,52432,2,EA,1,100,1.091545
1752173119.067495,724604.000,52448,1,EA,1,100,1.091716
1752173119.133995,724670.500,52464,2,EA,1,100,1.092229
1752173119.200496,724737.000,52464,2,EA,1,100,1.092229
1752173119.267496,724804.000,52481,1,EA,1,100,1.092572
1752173119.333997,724870.500,52499,2,EA,1,100,1.092402
1752173119.400497,724937.000,52499,2,EA,1,100,1.092229
1752173119.467498,725004.000,52515,2,EA,1,100,1.092572
1752173119.534499,725071.000,52515,2,EA,1,100,1.093087
1752173119.600499,725137.000,52532,1,EA,1,100,1.092402
1752173119.667500,725204.000,52547,2,EA,1,100,1.093087
1752173119.734500,725271.000,52547,2,EA,1,100,1.093087
1752173119.800501,725337.000,52564,1,EA,1,100,1.092572
1752173119.867501,725404.000,52582,2,EA,1,100,1.092572
1752173119.934502,725471.000,52582,2,EA,1,100,1.092229
1752173120.000502,725537.000,52600,1,EA,1,100,1.092402
1752173120.067503,725604.000,52614,2,EA,1,100,1.093259
1752173120.134503,725671.000,52614,2,EA,1,100,1.093087
1752173120.200504,725737.000,52631,1,EA,1,100,1.092745
1752173120.267505,725804.000,52648,2,EA,1,100,1.093259
1752173120.334505,725871.000,52648,2,EA,1,100,1.093259
1752173120.400506,725937.000,52665,1,EA,1,100,1.093603
1752173120.467506,726004.000,52681,2,EA,1,100,1.094118
1752173120.534507,726071.000,52681,2,EA,1,100,1.093945
1752173120.600507,726137.000,52698,1,EA,1,100,1.094118
1752173120.667508,726204.000,52715,2,EA,1,100,1.093430
1752173120.734508,726271.000,52715,2,EA,1,100,1.093774
1752173120.800509,726337.000,52732,1,EA,1,100,1.093945
1752173120.867509,726404.000,52746,2,EA,1,100,1.093603
1752173120.934510,726471.000,52746,2,EA,1,100,1.093774
1752173121.000510,726537.000,52764,1,EA,1,100,1.094463
1752173121.067511,726604.000,52780,2,EA,1,100,1.094634
1752173121.134512,726671.000,52780,2,EA,1,100,1.094290
1752173121.200512,726737.000,52799,1,EA,1,100,1.094290
1752173121.267513,726804.000,52814,2,EA,1,100,1.094634
1752173121.334513,726871.000,52814,2,EA,1,100,1.094634
1752173121.400514,726937.000,52833,1,EA,1,100,1.094634
1752173121.467514,727004.000,52849,2,EA,1,100,1.094806
1752173121.534515,727071.000,52849,2,EA,1,100,1.094118
1752173121.601015,727137.500,52867,2,EA,1,100,1.094463
1752173121.667516,727204.000,52867,2,EA,1,100,1.095324
1752173121.733516,727270.000,52883,1,EA,1,100,1.095150
1752173121.800517,727337.000,52900,2,EA,1,100,1.094634
1752173121.867518,727404.000,52900,2,EA,1,100,1.095324
1752173121.933518,727470.000,52916,1,EA,1,100,1.095667
1752173122.000519,727537.000,52934,2,EA,1,100,1.095324
1752173122.067519,727604.000,52934,2,EA,1,100,1.094979
1752173122.133520,727670.000,52950,1,EA,1,100,1.094979
1752173122.200520,727737.000,52965,2,EA,1,100,1.095324
1752173122.267521,727804.000,52965,2,EA,1,100,1.095840
1752173122.333521,727870.000,52982,1,EA,1,100,1.095495
1752173122.400522,727937.000,53001,2,EA,1,100,1.096876
1752173122.467522,728004.000,53001,2,EA,1,100,1.095667
1752173122.533523,728070.000,53017,1,EA,1,100,1.095324
1752173122.600523,728137.000,53033,2,EA,1,100,1.096012
1752173122.667524,728204.000,53033,2,EA,1,100,1.095324
1752173122.733525,728270.000,53049,1,EA,1,100,1.095495
1752173122.800525,728337.000,53066,2,EA,1,100,1.096012
1752173122.867526,728404.000,53066,2,EA,1,100,1.095495
1752173122.933526,728470.000,53082,1,EA,1,100,1.095840
1752173123.000527,728537.000,53100,2,EA,1,100,1.096530
1752173123.067527,728604.000,53100,2,EA,1,100,1.096530
1752173123.133528,728670.000,53116,1,EA,1,100,1.096012
1752173123.200528,728737.000,53133,2,EA,1,100,1.095667
1752173123.267529,728804.000,53133,2,EA,1,100,1.096012
1752173123.333529,728870.000,53150,1,EA,1,100,1.096358
1752173123.400530,728937.000,53165,2,EA,1,100,1.097222
1752173123.467531,729004.000,53165,2,EA,1,100,1.096530
1752173123.533531,729070.000,53181,1,EA,1,100,1.096876
1752173123.600532,729137.000,53199,2,EA,1,100,1.096530
1752173123.667532,729204.000,53199,2,EA,1,100,1.096704
1752173123.733533,729270.000,53217,1,EA,1,100,1.097394
1752173123.800533,729337.000,53233,2,EA,1,100,1.096876
1752173123.867534,729404.000,53233,2,EA,1,100,1.096358
1752173123.934034,729470.500,53249,2,EA,1,100,1.096704
1752173124.000535,729537.000,53249,2,EA,1,100,1.097222
1752173124.067535,729604.000,53266,1,EA,1,100,1.097568
1752173124.134036,729670.500,53282,2,EA,1,100,1.097740
1752173124.200537,729737.000,53282,2,EA,1,100,1.097568
1752173124.267537,729804.000,53299,1,EA,1,100,1.097394
1752173124.334038,729870.500,53316,2,EA,1,100,1.097394
1752173124.400538,729937.000,53316,2,EA,1,100,1.097568
1752173124.467539,730004.000,53333,1,EA,1,100,1.097568
1752173124.534039,730070.500,53349,2,EA,1,100,1.097914
1752173124.600540,730137.000,53349,2,EA,1,100,1.097740
1752173124.667540,730204.000,53367,1,EA,1,100,1.097568
1752173124.734041,730270.500,53381,2,EA,1,100,1.097740
1752173124.800541,730337.000,53381,2,EA,1,100,1.098434
1752173124.867542,730404.000,53398,1,EA,1,100,1.098259
1752173124.934042,730470.500,53417,2,EA,1,100,1.098087
1752173125.000543,730537.000,53417,2,EA,1,100,1.098781
1752173125.066544,730603.000,53434,1,EA,1,100,1.098087
1752173125.133544,730670.000,53448,2,EA,1,100,1.097740
1752173125.200545,730737.000,53448,2,EA,1,100,1.097222
1752173125.266545,730803.000,53465,1,EA,1,100,1.098434
1752173125.333546,730870.000,53482,2,EA,1,100,1.098434
1752173125.400546,730937.000,53482,2,EA,1,100,1.098954
1752173125.466547,731003.000,53499,1,EA,1,100,1.098954
1752173125.533547,731070.000,53513,2,EA,1,100,1.098954
1752173125.600548,731137.000,53513,2,EA,1,100,1.098087
1752173125.666548,731203.000,53533,1,EA,1,100,1.098781
1752173125.733549,731270.000,53549,2,EA,1,100,1.098781
1752173125.800550,731337.000,53549,2,EA,1,100,1.098434
1752173125.866550,731403.000,53566,1,EA,1,100,1.098781
1752173125.933551,731470.000,53581,2,EA,1,100,1.098954
1752173126.000551,731537.000,53581,2,EA,1,100,1.098781
1752173126.066552,731603.000,53598,1,EA,1,100,1.098954
1752173126.133552,731670.000,53614,2,EA,1,100,1.098606
1752173126.200553,731737.000,53614,2,EA,1,100,1.099126
1752173126.266553,731803.000,53633,1,EA,1,100,1.099822
1752173126.333554,731870.000,53651,2,EA,1,100,1.100518
1752173126.400554,731937.000,53651,2,EA,1,100,1.099301
1752173126.467055,732003.500,53667,2,EA,1,100,1.098606
1752173126.533555,732070.000,53667,2,EA,1,100,1.099648
1752173126.600556,732137.000,53683,1,EA,1,100,1.099301
1752173126.667057,732203.500,53701,2,EA,1,100,1.099126
1752173126.733557,732270.000,53701,2,EA,1,100,1.099648
1752173126.800558,732337.000,53717,1,EA,1,100,1.099301
1752173126.867058,732403.500,53734,2,EA,1,100,1.100343
1752173126.933559,732470.000,53734,2,EA,1,100,1.100169
1752173127.000559,732537.000,53751,1,EA,1,100,1.099474
1752173127.067060,732603.500,53768,2,EA,1,100,1.099474
1752173127.133560,732670.000,53768,2,EA,1,100,1.098781
1752173127.200561,732737.000,53784,1,EA,1,100,1.099474
1752173127.267061,732803.500,53800,2,EA,1,100,1.100343
1752173127.333562,732870.000,53800,2,EA,1,100,1.099474
1752173127.400563,732937.000,53816,1,EA,1,100,1.099995
1752173127.467063,733003.500,53835,2,EA,1,100,1.099648
1752173127.533564,733070.000,53835,2,EA,1,100,1.099474
1752173127.600564,733137.000,53851,1,EA,1,100,1.099822
1752173127.667065,733203.500,53867,2,EA,1,100,1.100518
1752173127.733565,733270.000,53867,2,EA,1,100,1.100518
1752173127.800566,733337.000,53883,1,EA,1,100,1.099995
1752173127.867066,733403.500,53900,2,EA,1,100,1.099995
1752173127.933567,733470.000,53900,2,EA,1,100,1.100169
1752173128.000567,733537.000,53917,1,EA,1,100,1.100343
1752173128.067068,733603.500,53934,2,EA,1,100,1.099995
1752173128.133568,733670.000,53934,2,EA,1,100,1.100864
1752173128.200569,733737.000,53950,1,EA,1,100,1.101039
1752173128.267070,733803.500,53968,2,EA,1,100,1.101039
1752173128.333570,733870.000,53968,2,EA,1,100,1.100691
1752173128.400571,733937.000,53984,1,EA,1,100,1.100691
1752173128.467071,734003.500,54000,2,EA,1,100,1.101213
1752173128.533572,734070.000,54000,2,EA,1,100,1.100691
1752173128.600572,734137.000,54015,1,EA,1,100,1.100691
1752173128.667073,734203.500,54035,2,EA,1,100,1.101388
1752173128.733573,734270.000,54035,2,EA,1,100,1.101039
1752173128.799574,734336.000,54051,1,EA,1,100,1.101039
1752173128.866574,734403.000,54067,2,EA,1,100,1.100691
1752173128.933575,734470.000,54067,2,EA,1,100,1.101039
1752173129.000076,734536.500,54083,2,EA,1,100,1.101562
1752173129.066576,734603.000,54083,2,EA,1,100,1.101911
1752173129.133577,734670.000,54100,1,EA,1,100,1.101039
1752173129.200077,734736.500,54116,2,EA,1,100,1.101911
1752173129.266578,734803.000,54116,2,EA,1,100,1.101735
1752173129.333578,734870.000,54136,1,EA,1,100,1.101039
1752173129.400079,734936.500,54150,2,EA,1,100,1.101562
1752173129.466579,735003.000,54150,2,EA,1,100,1.101388
1752173129.533580,735070.000,54167,1,EA,1,100,1.101039
1752173129.600080,735136.500,54184,2,EA,1,100,1.100864
1752173129.666581,735203.000,54184,2,EA,1,100,1.101213
1752173129.733582,735270.000,54201,1,EA,1,100,1.102084
1752173129.800082,735336.500,54215,2,EA,1,100,1.102434
1752173129.866583,735403.000,54215,2,EA,1,100,1.102260
1752173129.933583,735470.000,54234,1,EA,1,100,1.101735
1752173130.000084,735536.500,54251,2,EA,1,100,1.101735
1752173130.066584,735603.000,54251,2,EA,1,100,1.102260
1752173130.133585,735670.000,54268,1,EA,1,100,1.102084
1752173130.200085,735736.500,54282,2,EA,1,100,1.102434
1752173130.266586,735803.000,54282,2,EA,1,100,1.101562
1752173130.333586,735870.000,54300,1,EA,1,100,1.101911
1752173130.400087,735936.500,54316,2,EA,1,100,1.103133
1752173130.466587,736003.000,54316,2,EA,1,100,1.102783
1752173130.533588,736070.000,54335,1,EA,1,100,1.102608
1752173130.600089,736136.500,54350,2,EA,1,100,1.103133
1752173130.666589,736203.000,54350,2,EA,1,100,1.102260
1752173130.733590,736270.000,54367,1,EA,1,100,1.102783
1752173130.800090,736336.500,54383,2,EA,1,100,1.102783
1752173130.866591,736403.000,54383,2,EA,1,100,1.102608
1752173130.933591,736470.000,54400,1,EA,1,100,1.102957
1752173131.000092,736536.500,54416,2,EA,1,100,1.103307
1752173131.066592,736603.000,54416,2,EA,1,100,1.102608
1752173131.133593,736670.000,54434,1,EA,1,100,1.102957
1752173131.200093,736736.500,54450,2,EA,1,100,1.102434
1752173131.266594,736803.000,54450,2,EA,1,100,1.102608
1752173131.333595,736870.000,54468,1,EA,1,100,1.102783
1752173131.400095,736936.500,54485,2,EA,1,100,1.102957
1752173131.466596,737003.000,54485,2,EA,1,100,1.103307
1752173131.533096,737069.500,54501,2,EA,1,100,1.103307
1752173131.599597,737136.000,54501,2,EA,1,100,1.102608
1752173131.666597,737203.000,54520,1,EA,1,100,1.102957
1752173131.733098,737269.500,54537,2,EA,1,100,1.103307
1752173131.799598,737336.000,54537,2,EA,1,100,1.103307
1752173131.866599,737403.000,54553,1,EA,1,100,1.103133
1752173131.933099,737469.500,54569,2,EA,1,100,1.104182
1752173131.999600,737536.000,54569,2,EA,1,100,1.104008
1752173132.066600,737603.000,54585,1,EA,1,100,1.103832
1752173132.133101,737669.500,54602,2,EA,1,100,1.104008
1752173132.199602,737736.000,54602,2,EA,1,100,1.103133
1752173132.266602,737803.000,54620,1,EA,1,100,1.104008
1752173132.333103,737869.500,54636,2,EA,1,100,1.105058
1752173132.399603,737936.000,54636,2,EA,1,100,1.104357
1752173132.466604,738003.000,54652,1,EA,1,100,1.104884
1752173132.533104,738069.500,54669,2,EA,1,100,1.104533
1752173132.599605,738136.000,54669,2,EA,1,100,1.104357
1752173132.666605,738203.000,54686,1,EA,1,100,1.104008
1752173132.733106,738269.500,54701,2,EA,1,100,1.104182
1752173132.799606,738336.000,54701,2,EA,1,100,1.104357
1752173132.866607,738403.000,54719,1,EA,1,100,1.104357
1752173132.933108,738469.500,54737,2,EA,1,100,1.105058
1752173132.999608,738536.000,54737,2,EA,1,100,1.105410
1752173133.066609,738603.000,54753,1,EA,1,100,1.105058
1752173133.133109,738669.500,54768,2,EA,1,100,1.105233
1752173133.199610,738736.000,54768,2,EA,1,100,1.105058
1752173133.266610,738803.000,54784,1,EA,1,100,1.105585
1752173133.333111,738869.500,54802,2,EA,1,100,1.105058
1752173133.399611,738936.000,54802,2,EA,1,100,1.104884
1752173133.466612,739003.000,54820,1,EA,1,100,1.105058
1752173133.533112,739069.500,54836,2,EA,1,100,1.105936
1752173133.599613,739136.000,54836,2,EA,1,100,1.105761
1752173133.666614,739203.000,54852,1,EA,1,100,1.105761
1752173133.733114,739269.500,54869,2,EA,1,100,1.105233
1752173133.799615,739336.000,54869,2,EA,1,100,1.105585
1752173133.866615,739403.000,54885,1,EA,1,100,1.106288
1752173133.933116,739469.500,54902,2,EA,1,100,1.105410
1752173133.999616,739536.000,54902,2,EA,1,100,1.105761
1752173134.066117,739602.500,54917,2,EA,1,100,1.106463
1752173134.132617,739669.000,54917,2,EA,1,100,1.105233
1752173134.199618,739736.000,54936,1,EA,1,100,1.105761
1752173134.266118,739802.500,54953,2,EA,1,100,1.105936
1752173134.332619,739869.000,54953,2,EA,1,100,1.105761
1752173134.399619,739936.000,54970,1,EA,1,100,1.105936
1752173134.466120,740002.500,54984,2,EA,1,100,1.106463
1752173134.532621,740069.000,54984,2,EA,1,100,1.106288
1752173134.599621,740136.000,55001,1,EA,1,100,1.106463
1752173134.666122,740202.500,55020,2,EA,1,100,1.106640
1752173134.732622,740269.000,55020,2,EA,1,100,1.105936
1752173134.799623,740336.000,55037,1,EA,1,100,1.106288
1752173134.866123,740402.500,55051,2,EA,1,100,1.107343
1752173134.932624,740469.000,55051,2,EA,1,100,1.106640
1752173134.999624,740536.000,55069,1,EA,1,100,1.106815
1752173135.066125,740602.500,55085,2,EA,1,100,1.107343
1752173135.132625,740669.000,55085,2,EA,1,100,1.106990
1752173135.199626,740736.000,55102,1,EA,1,100,1.107167
1752173135.266127,740802.500,55119,2,EA,1,100,1.107871
1752173135.332627,740869.000,55119,2,EA,1,100,1.107696
1752173135.399628,740936.000,55136,1,EA,1,100,1.107871
1752173135.466128,741002.500,55152,2,EA,1,100,1.108049
1752173135.532629,741069.000,55152,2,EA,1,100,1.107343
1752173135.599629,741136.000,55169,1,EA,1,100,1.107520
1752173135.666130,741202.500,55184,2,EA,1,100,1.108224
1752173135.732630,741269.000,55184,2,EA,1,100,1.108049
1752173135.799631,741336.000,55201,1,EA,1,100,1.108224
1752173135.866131,741402.500,55219,2,EA,1,100,1.108402
1752173135.932632,741469.000,55219,2,EA,1,100,1.108577
1752173135.999632,741536.000,55237,1,EA,1,100,1.108402
1752173136.066133,741602.500,55252,2,EA,1,100,1.108931
1752173136.132634,741669.000,55252,2,EA,1,100,1.108931
1752173136.199634,741736.000,55268,1,EA,1,100,1.109107
1752173136.266135,741802.500,55285,2,EA,1,100,1.109461
1752173136.332635,741869.000,55285,2,EA,1,100,1.109461
1752173136.399136,741935.500,55304,2,EA,1,100,1.109461
1752173136.465636,742002.000,55304,2,EA,1,100,1.110345
1752173136.532637,742069.000,55322,1,EA,1,100,1.109815
1752173136.599137,742135.500,55338,2,EA,1,100,1.109815
1752173136.665638,742202.000,55338,2,EA,1,100,1.109815
1752173136.732638,742269.000,55354,1,EA,1,100,1.109815
1752173136.799139,742335.500,55371,2,EA,1,100,1.109815
1752173136.865640,742402.000,55371,2,EA,1,100,1.109285
1752173136.932640,742469.000,55387,1,EA,1,100,1.109461
1752173136.999141,742535.500,55403,2,EA,1,100,1.110522
1752173137.065641,742602.000,55403,2,EA,1,100,1.109815
1752173137.132642,742669.000,55421,1,EA,1,100,1.110522
1752173137.199142,742735.500,55438,2,EA,1,100,1.110169
1752173137.265643,742802.000,55438,2,EA,1,100,1.110522
1752173137.332643,742869.000,55455,1,EA,1,100,1.109637
1752173137.399144,742935.500,55470,2,EA,1,100,1.110345
1752173137.465644,743002.000,55470,2,EA,1,100,1.110700
1752173137.532645,743069.000,55486,1,EA,1,100,1.110522
1752173137.599145,743135.500,55504,2,EA,1,100,1.110700
1752173137.665646,743202.000,55504,2,EA,1,100,1.110522
1752173137.732647,743269.000,55522,1,EA,1,100,1.110522
1752173137.799147,743335.500,55537,2,EA,1,100,1.111763
1752173137.865648,743402.000,55537,2,EA,1,100,1.109815
1752173137.932648,743469.000,55553,1,EA,1,100,1.110345
1752173137.999149,743535.500,55571,2,EA,1,100,1.111055
1752173138.065649,743602.000,55571,2,EA,1,100,1.110877
1752173138.132650,743669.000,55587,1,EA,1,100,1.110522
1752173138.199150,743735.500,55605,2,EA,1,100,1.110877
1752173138.265651,743802.000,55605,2,EA,1,100,1.109815
1752173138.332651,743869.000,55621,1,EA,1,100,1.111231
1752173138.399152,743935.500,55638,2,EA,1,100,1.111055
1752173138.465653,744002.000,55638,2,EA,1,100,1.111408
1752173138.532653,744069.000,55654,1,EA,1,100,1.111231
1752173138.599154,744135.500,55671,2,EA,1,100,1.111408
1752173138.665654,744202.000,55671,2,EA,1,100,1.111408
1752173138.732155,744268.500,55686,2,EA,1,100,1.111408
1752173138.798655,744335.000,55686,2,EA,1,100,1.111231
1752173138.865656,744402.000,55705,1,EA,1,100,1.111055
1752173138.932156,744468.500,55722,2,EA,1,100,1.111231
1752173138.998657,744535.000,55722,2,EA,1,100,1.111231
1752173139.065657,744602.000,55739,1,EA,1,100,1.111942
1752173139.132158,744668.500,55753,2,EA,1,100,1.112475
1752173139.198658,744735.000,55753,2,EA,1,100,1.112475
1752173139.265659,744802.000,55770,1,EA,1,100,1.112652
1752173139.332160,744868.500,55787,2,EA,1,100,1.112475
1752173139.398660,744935.000,55787,2,EA,1,100,1.112475
1752173139.465661,745002.000,55806,1,EA,1,100,1.112296
1752173139.532161,745068.500,55820,2,EA,1,100,1.112119
1752173139.598662,745135.000,55820,2,EA,1,100,1.112831
1752173139.665662,745202.000,55838,1,EA,1,100,1.112296
1752173139.732163,745268.500,55854,2,EA,1,100,1.113008
1752173139.798663,745335.000,55854,2,EA,1,100,1.112296
1752173139.865664,745402.000,55871,1,EA,1,100,1.112119
1752173139.932164,745468.500,55886,2,EA,1,100,1.112475
1752173139.998665,745535.000,55886,2,EA,1,100,1.113008
1752173140.065666,745602.000,55905,1,EA,1,100,1.112831
1752173140.132166,745668.500,55921,2,EA,1,100,1.112831
1752173140.198667,745735.000,55921,2,EA,1,100,1.112296
1752173140.265667,745802.000,55938,1,EA,1,100,1.112296
1752173140.332168,745868.500,55953,2,EA,1,100,1.111942
1752173140.398668,745935.000,55953,2,EA,1,100,1.112475
1752173140.465669,746002.000,55970,1,EA,1,100,1.112831
1752173140.532169,746068.500,55986,2,EA,1,100,1.113008
1752173140.598670,746135.000,55986,2,EA,1,100,1.113185
1752173140.665670,746202.000,56006,1,EA,1,100,1.113008
1752173140.732171,746268.500,56021,2,EA,1,100,1.113008
1752173140.798672,746335.000,56021,2,EA,1,100,1.113008
1752173140.865672,746402.000,56037,1,EA,1,100,1.113364
1752173140.932173,746468.500,56054,2,EA,1,100,1.112652
1752173140.998673,746535.000,56054,2,EA,1,100,1.113008
1752173141.065674,746602.000,56071,1,EA,1,100,1.113364
1752173141.132174,746668.500,56086,2,EA,1,100,1.113542
1752173141.198675,746735.000,56086,2,EA,1,100,1.113364
1752173141.265675,746802.000,56105,2,EA,1,100,1.113721
1752173141.332676,746869.000,56105,2,EA,1,100,1.113542
1752173141.398676,746935.000,56123,1,EA,1,100,1.113721
1752173141.465677,747002.000,56140,2,EA,1,100,1.114076
1752173141.532677,747069.000,56140,2,EA,1,100,1.113364
1752173141.598678,747135.000,56156,1,EA,1,100,1.112831
1752173141.665179,747201.500,56172,2,EA,1,100,1.113364
1752173141.731679,747268.000,56172,2,EA,1,100,1.113721
1752173141.798680,747335.000,56190,1,EA,1,100,1.114076
1752173141.865180,747401.500,56207,2,EA,1,100,1.113898
1752173141.931681,747468.000,56207,2,EA,1,100,1.113721
1752173141.998681,747535.000,56224,1,EA,1,100,1.114076
1752173142.065182,747601.500,56239,2,EA,1,100,1.114790
1752173142.131682,747668.000,56239,2,EA,1,100,1.114255
1752173142.198683,747735.000,56255,1,EA,1,100,1.114076
1752173142.265183,747801.500,56273,2,EA,1,100,1.114612
1752173142.331684,747868.000,56273,2,EA,1,100,1.114790
1752173142.398685,747935.000,56291,1,EA,1,100,1.114790
1752173142.465185,748001.500,56306,2,EA,1,100,1.115147
1752173142.531686,748068.000,56306,2,EA,1,100,1.114612
1752173142.598686,748135.000,56322,1,EA,1,100,1.114790
1752173142.665187,748201.500,56340,2,EA,1,100,1.114968
1752173142.731687,748268.000,56340,2,EA,1,100,1.115325
1752173142.798688,748335.000,56356,1,EA,1,100,1.114968
1752173142.865188,748401.500,56371,2,EA,1,100,1.115325
1752173142.931689,748468.000,56371,2,EA,1,100,1.115325
1752173142.998689,748535.000,56390,1,EA,1,100,1.115861
1752173143.065190,748601.500,56407,2,EA,1,100,1.115861
1752173143.131690,748668.000,56407,2,EA,1,100,1.115683
1752173143.198691,748735.000,56423,1,EA,1,100,1.115683
1752173143.265192,748801.500,56440,2,EA,1,100,1.116041
1752173143.331692,748868.000,56440,2,EA,1,100,1.115325
1752173143.398693,748935.000,56455,1,EA,1,100,1.115147
1752173143.465193,749001.500,56472,2,EA,1,100,1.115325
1752173143.531694,749068.000,56472,2,EA,1,100,1.115325
1752173143.598694,749135.000,56491,2,EA,1,100,1.115861
1752173143.665695,749202.000,56491,2,EA,1,100,1.116578
1752173143.731695,749268.000,56508,1,EA,1,100,1.116400
1752173143.798696,749335.000,56522,2,EA,1,100,1.115683
1752173143.865696,749402.000,56522,2,EA,1,100,1.115861
1752173143.931697,749468.000,56539,1,EA,1,100,1.116219
1752173143.998698,749535.000,56556,2,EA,1,100,1.116219
1752173144.065698,749602.000,56556,2,EA,1,100,1.115505
1752173144.131699,749668.000,56573,1,EA,1,100,1.116041
1752173144.198699,749735.000,56589,2,EA,1,100,1.116578
1752173144.265700,749802.000,56589,2,EA,1,100,1.116041
1752173144.331700,749868.000,56607,1,EA,1,100,1.116400
1752173144.398701,749935.000,56623,2,EA,1,100,1.116756
1752173144.465701,750002.000,56623,2,EA,1,100,1.116578
1752173144.531702,750068.000,56640,1,EA,1,100,1.115683
1752173144.598702,750135.000,56655,2,EA,1,100,1.116041
1752173144.665703,750202.000,56655,2,EA,1,100,1.116756
1752173144.731704,750268.000,56674,1,EA,1,100,1.116578
1752173144.798704,750335.000,56690,2,EA,1,100,1.117474
1752173144.865705,750402.000,56690,2,EA,1,100,1.116041
1752173144.931705,750468.000,56707,1,EA,1,100,1.116756
1752173144.998206,750534.500,56722,2,EA,1,100,1.117295
1752173145.064706,750601.000,56722,2,EA,1,100,1.116936
1752173145.131707,750668.000,56739,1,EA,1,100,1.116756
1752173145.198207,750734.500,56757,2,EA,1,100,1.117474
1752173145.264708,750801.000,56757,2,EA,1,100,1.116936
1752173145.331708,750868.000,56775,1,EA,1,100,1.116936
1752173145.398209,750934.500,56790,2,EA,1,100,1.116936
1752173145.464709,751001.000,56790,2,EA,1,100,1.116936
1752173145.531710,751068.000,56806,1,EA,1,100,1.117115
1752173145.598211,751134.500,56823,2,EA,1,100,1.117295
1752173145.664711,751201.000,56823,2,EA,1,100,1.116936
1752173145.731712,751268.000,56840,1,EA,1,100,1.116936
1752173145.798212,751334.500,56857,2,EA,1,100,1.116578
1752173145.864713,751401.000,56857,2,EA,1,100,1.117115
1752173145.931713,751468.000,56874,2,EA,1,100,1.117115
1752173145.998714,751535.000,56874,2,EA,1,100,1.117115
1752173146.064714,751601.000,56890,1,EA,1,100,1.116756
1752173146.131715,751668.000,56907,2,EA,1,100,1.117115
1752173146.198715,751735.000,56907,2,EA,1,100,1.117833
1752173146.264716,751801.000,56923,1,EA,1,100,1.117295
1752173146.331717,751868.000,56941,2,EA,1,100,1.117474
1752173146.398717,751935.000,56941,2,EA,1,100,1.118012
1752173146.464718,752001.000,56959,1,EA,1,100,1.117833
1752173146.531718,752068.000,56976,2,EA,1,100,1.118192
1752173146.598719,752135.000,56976,2,EA,1,100,1.118012
1752173146.664719,752201.000,56993,1,EA,1,100,1.117474
1752173146.731720,752268.000,57008,2,EA,1,100,1.117653
1752173146.798720,752335.000,57008,2,EA,1,100,1.117833
1752173146.864721,752401.000,57024,1,EA,1,100,1.117653
1752173146.931721,752468.000,57042,2,EA,1,100,1.118371
1752173146.998722,752535.000,57042,2,EA,1,100,1.118192
1752173147.064722,752601.000,57060,1,EA,1,100,1.118192
1752173147.131723,752668.000,57075,2,EA,1,100,1.118012
1752173147.198724,752735.000,57075,2,EA,1,100,1.118012
1752173147.264724,752801.000,57091,1,EA,1,100,1.118192
1752173147.331725,752868.000,57109,2,EA,1,100,1.118550
1752173147.398725,752935.000,57109,2,EA,1,100,1.117474
1752173147.464726,753001.000,57125,1,EA,1,100,1.117833
1752173147.531726,753068.000,57142,2,EA,1,100,1.118012
1752173147.598727,753135.000,57142,2,EA,1,100,1.118910
1752173147.664727,753201.000,57159,1,EA,1,100,1.118731
1752173147.731728,753268.000,57176,2,EA,1,100,1.119450
1752173147.798728,753335.000,57176,2,EA,1,100,1.118550
1752173147.864729,753401.000,57192,1,EA,1,100,1.118731
1752173147.931730,753468.000,57209,2,EA,1,100,1.118910
1752173147.998730,753535.000,57209,2,EA,1,100,1.119091
1752173148.064731,753601.000,57224,1,EA,1,100,1.119810
1752173148.131731,753668.000,57243,2,EA,1,100,1.119810
1752173148.198732,753735.000,57243,2,EA,1,100,1.119270
1752173148.264732,753801.000,57259,1,EA,1,100,1.119270
1752173148.331233,753867.500,57276,2,EA,1,100,1.119810
1752173148.397733,753934.000,57276,2,EA,1,100,1.119631
1752173148.464734,754001.000,57291,2,EA,1,100,1.119810
1752173148.531734,754068.000,57291,2,EA,1,100,1.119450
1752173148.597735,754134.000,57308,1,EA,1,100,1.119631
1752173148.664735,754201.000,57325,2,EA,1,100,1.119810
1752173148.731736,754268.000,57325,2,EA,1,100,1.119450
1752173148.797737,754334.000,57344,1,EA,1,100,1.119631
1752173148.864737,754401.000,57358,2,EA,1,100,1.120350
1752173148.931738,754468.000,57358,2,EA,1,100,1.120350
1752173148.997738,754534.000,57376,1,EA,1,100,1.121073
1752173149.064739,754601.000,57392,2,EA,1,100,1.120711
1752173149.131739,754668.000,57392,2,EA,1,100,1.120532
1752173149.197740,754734.000,57409,1,EA,1,100,1.120711
1752173149.264740,754801.000,57424,2,EA,1,100,1.121073
1752173149.331741,754868.000,57424,2,EA,1,100,1.120171
1752173149.397741,754934.000,57443,1,EA,1,100,1.119991
1752173149.464742,755001.000,57459,2,EA,1,100,1.120350
1752173149.531743,755068.000,57459,2,EA,1,100,1.120711
1752173149.597743,755134.000,57476,1,EA,1,100,1.120171
1752173149.664744,755201.000,57491,2,EA,1,100,1.119991
1752173149.731744,755268.000,57491,2,EA,1,100,1.120171
1752173149.797745,755334.000,57508,1,EA,1,100,1.120893
1752173149.864745,755401.000,57524,2,EA,1,100,1.121073
1752173149.931746,755468.000,57524,2,EA,1,100,1.120711
1752173149.997746,755534.000,57544,1,EA,1,100,1.121434
1752173150.064747,755601.000,57558,2,EA,1,100,1.121976
1752173150.131747,755668.000,57558,2,EA,1,100,1.121252
1752173150.197748,755734.000,57575,1,EA,1,100,1.121434
1752173150.264749,755801.000,57592,2,EA,1,100,1.121073
1752173150.331749,755868.000,57592,2,EA,1,100,1.121614
1752173150.397750,755934.000,57609,1,EA,1,100,1.121073
1752173150.464750,756001.000,57624,2,EA,1,100,1.121796
1752173150.531751,756068.000,57624,2,EA,1,100,1.121073
1752173150.597751,756134.000,57642,1,EA,1,100,1.121976
1752173150.664752,756201.000,57659,2,EA,1,100,1.121434
1752173150.731752,756268.000,57659,2,EA,1,100,1.121796
1752173150.798253,756334.500,57676,2,EA,1,100,1.121976
1752173150.864753,756401.000,57676,2,EA,1,100,1.121614
1752173150.931754,756468.000,57692,1,EA,1,100,1.121434
1752173150.998254,756534.500,57708,2,EA,1,100,1.122156
1752173151.064755,756601.000,57708,2,EA,1,100,1.122518
1752173151.131756,756668.000,57726,1,EA,1,100,1.121614
1752173151.198256,756734.500,57743,2,EA,1,100,1.121796
1752173151.264757,756801.000,57743,2,EA,1,100,1.122156
1752173151.331757,756868.000,57760,1,EA,1,100,1.122518
1752173151.398258,756934.500,57777,2,EA,1,100,1.123061
1752173151.464758,757001.000,57777,2,EA,1,100,1.123787
1752173151.531759,757068.000,57793,1,EA,1,100,1.123424
1752173151.598259,757134.500,57811,2,EA,1,100,1.125239
1752173151.664760,757201.000,57811,2,EA,1,100,1.130539
1752173151.730760,757267.000,57829,1,EA,1,100,1.131826
1752173151.797761,757334.000,57844,2,EA,1,100,1.128340
1752173151.864762,757401.000,57844,2,EA,1,100,1.124150
1752173151.930762,757467.000,57860,1,EA,1,100,1.124876
1752173151.997763,757534.000,57878,2,EA,1,100,1.125968
1752173152.064763,757601.000,57878,2,EA,1,100,1.123787
1752173152.130764,757667.000,57894,1,EA,1,100,1.123061
1752173152.197764,757734.000,57909,2,EA,1,100,1.123424
1752173152.264765,757801.000,57909,2,EA,1,100,1.123061
1752173152.330765,757867.000,57928,1,EA,1,100,1.123606
1752173152.397766,757934.000,57945,2,EA,1,100,1.123968
1752173152.464766,758001.000,57945,2,EA,1,100,1.124150
1752173152.530767,758067.000,57961,1,EA,1,100,1.123968
1752173152.597767,758134.000,57977,2,EA,1,100,1.124514
1752173152.664768,758201.000,57977,2,EA,1,100,1.123787
1752173152.730769,758267.000,57993,1,EA,1,100,1.124514
1752173152.797769,758334.000,58010,2,EA,1,100,1.124150
1752173152.864770,758401.000,58010,2,EA,1,100,1.124150
1752173152.930770,758467.000,58028,1,EA,1,100,1.123606
1752173152.997771,758534.000,58045,2,EA,1,100,1.123968
1752173153.064771,758601.000,58045,2,EA,1,100,1.123424
1752173153.131272,758667.500,58060,2,EA,1,100,1.124331
1752173153.197772,758734.000,58060,2,EA,1,100,1.123968
1752173153.264773,758801.000,58077,1,EA,1,100,1.123061
1752173153.331273,758867.500,58094,2,EA,1,100,1.123061
1752173153.397774,758934.000,58094,2,EA,1,100,1.123061
1752173153.464775,759001.000,58111,1,EA,1,100,1.123243
1752173153.531275,759067.500,58127,2,EA,1,100,1.123243
1752173153.597776,759134.000,58127,2,EA,1,100,1.123606
1752173153.664776,759201.000,58145,1,EA,1,100,1.122881
1752173153.731277,759267.500,58161,2,EA,1,100,1.123061
1752173153.797777,759334.000,58161,2,EA,1,100,1.122338
1752173153.864778,759401.000,58178,1,EA,1,100,1.122881
1752173153.931278,759467.500,58193,2,EA,1,100,1.122881
1752173153.997779,759534.000,58193,2,EA,1,100,1.123424
1752173154.064779,759601.000,58212,1,EA,1,100,1.122518
1752173154.131280,759667.500,58228,2,EA,1,100,1.122156
1752173154.197781,759734.000,58228,2,EA,1,100,1.122338
1752173154.264781,759801.000,58245,1,EA,1,100,1.123968
1752173154.331282,759867.500,58260,2,EA,1,100,1.128522
1752173154.397782,759934.000,58260,2,EA,1,100,1.128522
1752173154.464783,760001.000,58277,1,EA,1,100,1.127061
1752173154.531283,760067.500,58293,2,EA,1,100,1.126879
1752173154.597784,760134.000,58293,2,EA,1,100,1.125058
1752173154.664784,760201.000,58313,1,EA,1,100,1.123061
1752173154.731285,760267.500,58327,2,EA,1,100,1.124150
1752173154.797785,760334.000,58327,2,EA,1,100,1.121976
1752173154.864786,760401.000,58344,1,EA,1,100,1.116756
1752173154.931286,760467.500,58361,2,EA,1,100,1.106111
1752173154.997787,760534.000,58361,2,EA,1,100,1.103133
1752173155.063788,760600.000,58380,1,EA,1,100,1.083055
1752173155.130788,760667.000,58395,2,EA,1,100,1.088644
1752173155.197789,760734.000,58395,2,EA,1,100,1.111763
1752173155.263789,760800.000,58411,1,EA,1,100,1.117115
1752173155.330790,760867.000,58428,2,EA,1,100,1.118371
1752173155.397790,760934.000,58428,2,EA,1,100,1.121796
1752173155.463791,761000.000,58445,1,EA,1,100,1.125968
1752173155.530791,761067.000,58460,2,EA,1,100,1.124150
1752173155.597792,761134.000,58460,2,EA,1,100,1.102434
1752173155.664292,761200.500,58477,2,EA,1,100,1.101039
1752173155.730793,761267.000,58477,2,EA,1,100,1.108931
1752173155.797794,761334.000,58495,1,EA,1,100,1.107343
1752173155.864294,761400.500,58512,2,EA,1,100,1.107343
1752173155.930795,761467.000,58512,2,EA,1,100,1.095667
1752173155.997795,761534.000,58529,1,EA,1,100,1.110700
1752173156.064296,761600.500,58544,2,EA,1,100,1.129255
1752173156.130796,761667.000,58544,2,EA,1,100,1.125058
1752173156.197797,761734.000,58562,1,EA,1,100,1.121614
1752173156.264297,761800.500,58580,2,EA,1,100,1.119270
1752173156.330798,761867.000,58580,2,EA,1,100,1.118550
1752173156.397798,761934.000,58598,1,EA,1,100,1.118192
1752173156.464299,762000.500,58613,2,EA,1,100,1.118550
1752173156.530799,762067.000,58613,2,EA,1,100,1.120350
1752173156.597800,762134.000,58629,1,EA,1,100,1.119631
1752173156.664301,762200.500,58649,2,EA,1,100,1.119270
1752173156.730801,762267.000,58649,2,EA,1,100,1.119810
1752173156.797802,762334.000,58665,1,EA,1,100,1.120711
1752173156.864302,762400.500,58680,2,EA,1,100,1.121434
1752173156.930803,762467.000,58680,2,EA,1,100,1.120893
1752173156.997803,762534.000,58697,1,EA,1,100,1.121614
1752173157.064304,762600.500,58714,2,EA,1,100,1.121796
1752173157.130804,762667.000,58714,2,EA,1,100,1.121614
1752173157.197805,762734.000,58730,1,EA,1,100,1.121976
1752173157.264305,762800.500,58748,2,EA,1,100,1.122518
1752173157.330806,762867.000,58748,2,EA,1,100,1.121976
1752173157.397807,762934.000,58764,1,EA,1,100,1.122518
1752173157.464307,763000.500,58781,2,EA,1,100,1.123243
1752173157.530808,763067.000,58781,2,EA,1,100,1.123243
1752173157.597808,763134.000,58797,1,EA,1,100,1.122700
1752173157.664309,763200.500,58813,2,EA,1,100,1.123606
1752173157.730809,763267.000,58813,2,EA,1,100,1.123606
1752173157.797810,763334.000,58831,1,EA,1,100,1.124150
1752173157.864310,763400.500,58848,2,EA,1,100,1.123968
1752173157.930811,763467.000,58848,2,EA,1,100,1.123606
1752173157.997811,763534.000,58865,1,EA,1,100,1.123968
1752173158.064312,763600.500,58881,2,EA,1,100,1.124150
1752173158.130812,763667.000,58881,2,EA,1,100,1.123968
1752173158.197313,763733.500,58896,2,EA,1,100,1.124331
1752173158.263814,763800.000,58896,2,EA,1,100,1.123606
1752173158.330814,763867.000,58916,1,EA,1,100,1.124150
1752173158.397315,763933.500,58932,2,EA,1,100,1.125058
1752173158.463815,764000.000,58932,2,EA,1,100,1.124695
1752173158.530816,764067.000,58949,1,EA,1,100,1.124695
1752173158.597316,764133.500,58964,2,EA,1,100,1.125058
1752173158.663817,764200.000,58964,2,EA,1,100,1.124514
1752173158.730817,764267.000,58981,1,EA,1,100,1.125422
1752173158.797318,764333.500,58997,2,EA,1,100,1.125422
1752173158.863818,764400.000,58997,2,EA,1,100,1.124695
1752173158.930819,764467.000,59016,1,EA,1,100,1.124876
1752173158.997320,764533.500,59031,2,EA,1,100,1.125604
1752173159.063820,764600.000,59031,2,EA,1,100,1.125058
1752173159.130821,764667.000,59048,1,EA,1,100,1.125604
1752173159.197321,764733.500,59064,2,EA,1,100,1.126333
1752173159.263822,764800.000,59064,2,EA,1,100,1.125785
1752173159.330822,764867.000,59082,1,EA,1,100,1.125785
1752173159.397323,764933.500,59098,2,EA,1,100,1.126333
1752173159.463823,765000.000,59098,2,EA,1,100,1.126333
1752173159.530824,765067.000,59115,1,EA,1,100,1.126333
1752173159.597324,765133.500,59132,2,EA,1,100,1.126333
1752173159.663825,765200.000,59132,2,EA,1,100,1.125968
1752173159.730826,765267.000,59149,1,EA,1,100,1.126150
1752173159.797326,765333.500,59163,2,EA,1,100,1.125604
1752173159.863827,765400.000,59163,2,EA,1,100,1.125604
1752173159.930827,765467.000,59180,1,EA,1,100,1.125785
1752173159.997328,765533.500,59199,2,EA,1,100,1.125604
1752173160.063828,765600.000,59199,2,EA,1,100,1.126696
1752173160.130829,765667.000,59216,1,EA,1,100,1.126879
1752173160.197329,765733.500,59231,2,EA,1,100,1.127426
1752173160.263830,765800.000,59231,2,EA,1,100,1.127792
1752173160.330830,765867.000,59248,1,EA,1,100,1.127792
1752173160.397331,765933.500,59264,2,EA,1,100,1.127792
1752173160.463831,766000.000,59264,2,EA,1,100,1.127426
1752173160.530832,766067.000,59281,1,EA,1,100,1.127245
1752173160.597333,766133.500,59299,2,EA,1,100,1.128706
1752173160.663833,766200.000,59299,2,EA,1,100,1.127792
1752173160.730334,766266.500,59315,2,EA,1,100,1.128340
1752173160.796834,766333.000,59315,2,EA,1,100,1.128706
1752173160.863835,766400.000,59331,1,EA,1,100,1.127974
1752173160.930335,766466.500,59349,2,EA,1,100,1.127608
1752173160.996836,766533.000,59349,2,EA,1,100,1.127608
1752173161.063836,766600.000,59365,1,EA,1,100,1.127974
1752173161.130337,766666.500,59382,2,EA,1,100,1.128340
1752173161.196837,766733.000,59382,2,EA,1,100,1.128158
1752173161.263838,766800.000,59398,1,EA,1,100,1.128522
1752173161.330339,766866.500,59418,2,EA,1,100,1.128888
1752173161.396839,766933.000,59418,2,EA,1,100,1.128522
1752173161.463840,767000.000,59434,1,EA,1,100,1.129073
1752173161.530340,767066.500,59449,2,EA,1,100,1.129073
1752173161.596841,767133.000,59449,2,EA,1,100,1.128706
1752173161.663841,767200.000,59466,1,EA,1,100,1.128522
1752173161.730342,767266.500,59485,2,EA,1,100,1.128888
1752173161.796842,767333.000,59485,2,EA,1,100,1.129989
1752173161.863843,767400.000,59501,1,EA,1,100,1.129437
1752173161.930343,767466.500,59517,2,EA,1,100,1.129437
1752173161.996844,767533.000,59517,2,EA,1,100,1.129255
1752173162.063844,767600.000,59533,1,EA,1,100,1.129437
1752173162.130345,767666.500,59550,2,EA,1,100,1.129437
1752173162.196846,767733.000,59550,2,EA,1,100,1.129437
1752173162.263846,767800.000,59566,1,EA,1,100,1.129437
1752173162.330347,767866.500,59584,2,EA,1,100,1.129622
1752173162.396847,767933.000,59584,2,EA,1,100,1.129437
1752173162.463848,768000.000,59600,1,EA,1,100,1.130172
1752173162.530348,768066.500,59617,2,EA,1,100,1.131090
1752173162.596849,768133.000,59617,2,EA,1,100,1.130354
1752173162.663849,768200.000,59634,1,EA,1,100,1.130539
1752173162.730350,768266.500,59650,2,EA,1,100,1.131641
1752173162.796850,768333.000,59650,2,EA,1,100,1.130539
1752173162.863851,768400.000,59665,1,EA,1,100,1.130722
1752173162.930352,768466.500,59685,2,EA,1,100,1.129804
1752173162.996852,768533.000,59685,2,EA,1,100,1.130354
1752173163.063853,768600.000,59701,1,EA,1,100,1.130539
1752173163.130353,768666.500,59717,2,EA,1,100,1.131090
1752173163.196854,768733.000,59717,2,EA,1,100,1.131273
1752173163.263354,768799.500,59733,2,EA,1,100,1.131826
1752173163.329855,768866.000,59733,2,EA,1,100,1.131273
1752173163.396855,768933.000,59750,1,EA,1,100,1.130539
1752173163.463356,768999.500,59768,2,EA,1,100,1.130539
1752173163.529856,769066.000,59768,2,EA,1,100,1.130539
1752173163.596857,769133.000,59785,1,EA,1,100,1.130539
1752173163.663357,769199.500,59800,2,EA,1,100,1.130722
1752173163.729858,769266.000,59800,2,EA,1,100,1.131090
1752173163.796859,769333.000,59817,1,EA,1,100,1.130722
1752173163.863359,769399.500,59833,2,EA,1,100,1.130907
1752173163.929860,769466.000,59833,2,EA,1,100,1.130907
1752173163.996860,769533.000,59851,1,EA,1,100,1.130907
1752173164.063361,769599.500,59867,2,EA,1,100,1.131090
1752173164.129861,769666.000,59867,2,EA,1,100,1.131090
1752173164.196862,769733.000,59884,1,EA,1,100,1.130722
1752173164.263362,769799.500,59901,2,EA,1,100,1.130907
1752173164.329863,769866.000,59901,2,EA,1,100,1.131090
1752173164.396863,769933.000,59918,1,EA,1,100,1.130354
1752173164.463364,769999.500,59932,2,EA,1,100,1.130907
1752173164.529865,770066.000,59932,2,EA,1,100,1.131090
1752173164.596865,770133.000,59951,1,EA,1,100,1.131273
1752173164.663366,770199.500,59968,2,EA,1,100,1.131273
1752173164.729866,770266.000,59968,2,EA,1,100,1.131458
1752173164.796867,770333.000,59985,1,EA,1,100,1.131641
1752173164.863367,770399.500,59999,2,EA,1,100,1.132746
1752173164.929868,770466.000,59999,2,EA,1,100,1.131826
1752173164.996868,770533.000,60017,1,EA,1,100,1.131826
1752173165.063369,770599.500,60033,2,EA,1,100,1.132192
1752173165.129869,770666.000,60033,2,EA,1,100,1.131641
1752173165.196870,770733.000,60052,1,EA,1,100,1.131458
1752173165.263371,770799.500,60068,2,EA,1,100,1.132561
1752173165.329871,770866.000,60068,2,EA,1,100,1.132561
1752173165.396372,770932.500,60084,2,EA,1,100,1.132746
1752173165.462872,770999.000,60084,2,EA,1,100,1.132009
1752173165.529873,771066.000,60100,1,EA,1,100,1.131458
1752173165.596373,771132.500,60118,2,EA,1,100,1.131458
1752173165.662874,771199.000,60118,2,EA,1,100,1.132192
1752173165.729874,771266.000,60136,1,EA,1,100,1.132192
1752173165.796375,771332.500,60151,2,EA,1,100,1.132930
1752173165.862875,771399.000,60151,2,EA,1,100,1.132378
1752173165.929876,771466.000,60167,1,EA,1,100,1.132930
1752173165.996376,771532.500,60185,2,EA,1,100,1.133669
1752173166.062877,771599.000,60185,2,EA,1,100,1.132930
1752173166.129878,771666.000,60201,1,EA,1,100,1.132746
1752173166.196378,771732.500,60216,2,EA,1,100,1.133114
1752173166.262879,771799.000,60216,2,EA,1,100,1.132192
1752173166.329879,771866.000,60235,1,EA,1,100,1.132378
1752173166.396380,771932.500,60254,2,EA,1,100,1.132746
1752173166.462880,771999.000,60254,2,EA,1,100,1.133299
1752173166.529881,772066.000,60270,1,EA,1,100,1.132746
1752173166.596381,772132.500,60286,2,EA,1,100,1.132561
1752173166.662882,772199.000,60286,2,EA,1,100,1.132930
1752173166.729882,772266.000,60302,1,EA,1,100,1.133114
1752173166.796383,772332.500,60319,2,EA,1,100,1.133483
1752173166.862884,772399.000,60319,2,EA,1,100,1.132930
1752173166.929884,772466.000,60337,1,EA,1,100,1.132746
1752173166.996385,772532.500,60353,2,EA,1,100,1.133853
1752173167.062885,772599.000,60353,2,EA,1,100,1.133483
1752173167.129886,772666.000,60369,1,EA,1,100,1.133114
1752173167.196386,772732.500,60386,2,EA,1,100,1.133299
1752173167.262887,772799.000,60386,2,EA,1,100,1.132746
1752173167.329887,772866.000,60403,1,EA,1,100,1.134222
1752173167.396388,772932.500,60419,2,EA,1,100,1.133853
1752173167.462888,772999.000,60419,2,EA,1,100,1.133114
1752173167.529889,773066.000,60436,1,EA,1,100,1.133299
1752173167.596389,773132.500,60454,2,EA,1,100,1.133853
1752173167.662890,773199.000,60454,2,EA,1,100,1.133299
1752173167.729891,773266.000,60470,2,EA,1,100,1.133669
1752173167.796891,773333.000,60470,2,EA,1,100,1.133853
1752173167.862892,773399.000,60487,1,EA,1,100,1.134037
1752173167.929892,773466.000,60502,2,EA,1,100,1.134222
1752173167.996893,773533.000,60502,2,EA,1,100,1.134777
1752173168.062893,773599.000,60519,1,EA,1,100,1.134406
1752173168.129894,773666.000,60537,2,EA,1,100,1.134777
1752173168.196894,773733.000,60537,2,EA,1,100,1.134592
1752173168.262895,773799.000,60554,1,EA,1,100,1.134961
1752173168.329395,773865.500,60569,2,EA,1,100,1.135147
1752173168.395896,773932.000,60569,2,EA,1,100,1.135331
1752173168.462897,773999.000,60586,1,EA,1,100,1.134961
1752173168.529397,774065.500,60602,2,EA,1,100,1.134406
1752173168.595898,774132.000,60602,2,EA,1,100,1.134592
1752173168.662898,774199.000,60622,1,EA,1,100,1.134406
1752173168.729399,774265.500,60636,2,EA,1,100,1.134777
1752173168.795899,774332.000,60636,2,EA,1,100,1.135331
1752173168.862900,774399.000,60653,1,EA,1,100,1.135147
1752173168.929400,774465.500,60670,2,EA,1,100,1.135331
1752173168.995901,774532.000,60670,2,EA,1,100,1.134777
1752173169.062901,774599.000,60687,1,EA,1,100,1.134961
1752173169.129402,774665.500,60701,2,EA,1,100,1.135702
1752173169.195902,774732.000,60701,2,EA,1,100,1.135887
1752173169.262903,774799.000,60720,1,EA,1,100,1.136073
1752173169.329404,774865.500,60737,2,EA,1,100,1.136629
1752173169.395904,774932.000,60737,2,EA,1,100,1.136073
1752173169.462905,774999.000,60754,1,EA,1,100,1.135887
1752173169.529405,775065.500,60768,2,EA,1,100,1.136258
1752173169.595906,775132.000,60768,2,EA,1,100,1.136258
1752173169.662906,775199.000,60786,1,EA,1,100,1.135887
1752173169.729407,775265.500,60802,2,EA,1,100,1.136629
1752173169.795907,775332.000,60802,2,EA,1,100,1.137186
1752173169.862908,775399.000,60821,1,EA,1,100,1.137373
1752173169.929408,775465.500,60837,2,EA,1,100,1.136814
1752173169.995909,775532.000,60837,2,EA,1,100,1.136073
1752173170.062910,775599.000,60853,1,EA,1,100,1.136814
1752173170.129410,775665.500,60869,2,EA,1,100,1.138302
1752173170.195911,775732.000,60869,2,EA,1,100,1.136814
1752173170.262911,775799.000,60887,2,EA,1,100,1.136444
1752173170.329912,775866.000,60887,2,EA,1,100,1.136629
1752173170.395912,775932.000,60905,1,EA,1,100,1.136629
1752173170.462913,775999.000,60920,2,EA,1,100,1.137001
1752173170.529913,776066.000,60920,2,EA,1,100,1.137558
1752173170.595914,776132.000,60936,1,EA,1,100,1.136629
1752173170.662914,776199.000,60954,2,EA,1,100,1.136629
1752173170.729915,776266.000,60954,2,EA,1,100,1.136629
1752173170.795916,776332.000,60970,1,EA,1,100,1.136629
1752173170.862916,776399.000,60985,2,EA,1,100,1.137373
1752173170.929917,776466.000,60985,2,EA,1,100,1.136629
1752173170.995917,776532.000,61002,1,EA,1,100,1.137186
1752173171.062918,776599.000,61021,2,EA,1,100,1.137373
1752173171.129918,776666.000,61021,2,EA,1,100,1.137001
1752173171.195919,776732.000,61037,1,EA,1,100,1.136444
1752173171.262919,776799.000,61053,2,EA,1,100,1.137373
1752173171.329920,776866.000,61053,2,EA,1,100,1.137373
1752173171.395920,776932.000,61071,1,EA,1,100,1.137373
1752173171.462921,776999.000,61088,2,EA,1,100,1.137373
1752173171.529921,777066.000,61088,2,EA,1,100,1.137001
1752173171.595922,777132.000,61104,1,EA,1,100,1.137558
1752173171.662423,777198.500,61120,2,EA,1,100,1.137558
1752173171.728923,777265.000,61120,2,EA,1,100,1.138115
1752173171.795924,777332.000,61138,1,EA,1,100,1.137930
1752173171.862424,777398.500,61155,2,EA,1,100,1.138302
1752173171.928925,777465.000,61155,2,EA,1,100,1.137930
1752173171.995925,777532.000,61172,1,EA,1,100,1.137373
1752173172.062426,777598.500,61188,2,EA,1,100,1.138673
1752173172.128926,777665.000,61188,2,EA,1,100,1.137930
1752173172.195927,777732.000,61203,1,EA,1,100,1.137743
1752173172.262427,777798.500,61221,2,EA,1,100,1.138861
1752173172.328928,777865.000,61221,2,EA,1,100,1.138488
1752173172.395929,777932.000,61239,1,EA,1,100,1.138115
1752173172.462429,777998.500,61255,2,EA,1,100,1.139605
1752173172.528930,778065.000,61255,2,EA,1,100,1.137930
1752173172.595930,778132.000,61271,2,EA,1,100,1.138115
1752173172.662931,778199.000,61271,2,EA,1,100,1.138115
1752173172.728931,778265.000,61288,1,EA,1,100,1.138673
1752173172.795932,778332.000,61304,2,EA,1,100,1.138861
1752173172.862932,778399.000,61304,2,EA,1,100,1.139234
1752173172.928933,778465.000,61321,1,EA,1,100,1.138488
1752173172.995933,778532.000,61338,2,EA,1,100,1.137743
1752173173.062934,778599.000,61338,2,EA,1,100,1.138115
1752173173.128934,778665.000,61355,1,EA,1,100,1.138861
1752173173.195935,778732.000,61371,2,EA,1,100,1.139046
1752173173.262936,778799.000,61371,2,EA,1,100,1.138302
1752173173.328936,778865.000,61389,1,EA,1,100,1.138488
1752173173.395937,778932.000,61403,2,EA,1,100,1.139046
1752173173.462937,778999.000,61403,2,EA,1,100,1.139234
1752173173.528938,779065.000,61420,1,EA,1,100,1.139046
1752173173.595938,779132.000,61439,2,EA,1,100,1.139234
1752173173.662939,779199.000,61439,2,EA,1,100,1.139046
1752173173.728939,779265.000,61456,1,EA,1,100,1.138488
1752173173.795940,779332.000,61470,2,EA,1,100,1.139046
1752173173.862940,779399.000,61470,2,EA,1,100,1.139046
1752173173.928941,779465.000,61487,1,EA,1,100,1.139419
1752173173.995942,779532.000,61504,2,EA,1,100,1.140167
1752173174.062942,779599.000,61504,2,EA,1,100,1.139046
1752173174.128943,779665.000,61521,1,EA,1,100,1.139234
1752173174.195943,779732.000,61537,2,EA,1,100,1.139605
1752173174.262944,779799.000,61537,2,EA,1,100,1.139234
1752173174.328944,779865.000,61555,1,EA,1,100,1.140167
1752173174.395945,779932.000,61571,2,EA,1,100,1.139419
1752173174.462945,779999.000,61571,2,EA,1,100,1.139605
1752173174.528946,780065.000,61588,1,EA,1,100,1.140167
1752173174.595946,780132.000,61604,2,EA,1,100,1.140167
1752173174.662947,780199.000,61604,2,EA,1,100,1.139793
1752173174.728947,780265.000,61620,1,EA,1,100,1.140167
1752173174.795948,780332.000,61638,2,EA,1,100,1.140727
1752173174.862949,780399.000,61638,2,EA,1,100,1.140352
1752173174.928949,780465.000,61655,1,EA,1,100,1.139793
1752173174.995450,780531.500,61671,2,EA,1,100,1.140539
1752173175.061950,780598.000,61671,2,EA,1,100,1.139793
1752173175.128951,780665.000,61687,2,EA,1,100,1.139419
1752173175.195951,780732.000,61687,2,EA,1,100,1.139605
1752173175.261952,780798.000,61703,1,EA,1,100,1.139234
1752173175.328952,780865.000,61723,2,EA,1,100,1.139979
1752173175.395953,780932.000,61723,2,EA,1,100,1.139979
1752173175.461953,780998.000,61739,1,EA,1,100,1.139234
1752173175.528954,781065.000,61754,2,EA,1,100,1.139979
1752173175.595955,781132.000,61754,2,EA,1,100,1.140727
1752173175.661955,781198.000,61771,1,EA,1,100,1.139979
1752173175.728956,781265.000,61788,2,EA,1,100,1.140352
1752173175.795956,781332.000,61788,2,EA,1,100,1.140913
1752173175.861957,781398.000,61804,1,EA,1,100,1.140352
1752173175.928957,781465.000,61822,2,EA,1,100,1.140167
1752173175.995958,781532.000,61822,2,EA,1,100,1.139979
1752173176.061958,781598.000,61838,1,EA,1,100,1.140539
1752173176.128959,781665.000,61855,2,EA,1,100,1.140352
1752173176.195959,781732.000,61855,2,EA,1,100,1.140727
1752173176.261960,781798.000,61871,1,EA,1,100,1.141287
1752173176.328961,781865.000,61889,2,EA,1,100,1.141848
1752173176.395961,781932.000,61889,2,EA,1,100,1.140539
1752173176.461962,781998.000,61905,1,EA,1,100,1.140913
1752173176.528962,782065.000,61922,2,EA,1,100,1.140727
1752173176.595963,782132.000,61922,2,EA,1,100,1.140539
1752173176.661963,782198.000,61941,1,EA,1,100,1.140539
1752173176.728964,782265.000,61956,2,EA,1,100,1.141101
1752173176.795964,782332.000,61956,2,EA,1,100,1.141662
1752173176.861965,782398.000,61972,1,EA,1,100,1.142037
1752173176.928965,782465.000,61990,2,EA,1,100,1.142223
1752173176.995966,782532.000,61990,2,EA,1,100,1.141287
1752173177.061966,782598.000,62006,1,EA,1,100,1.141474
1752173177.128967,782665.000,62022,2,EA,1,100,1.141662
1752173177.195968,782732.000,62022,2,EA,1,100,1.142037
1752173177.261968,782798.000,62039,1,EA,1,100,1.142599
1752173177.328969,782865.000,62057,2,EA,1,100,1.143161
1752173177.395969,782932.000,62057,2,EA,1,100,1.143161
1752173177.462470,782998.500,62073,2,EA,1,100,1.142974
1752173177.528970,783065.000,62073,2,EA,1,100,1.142974
1752173177.595971,783132.000,62090,1,EA,1,100,1.142599
1752173177.662471,783198.500,62105,2,EA,1,100,1.142974
1752173177.728972,783265.000,62105,2,EA,1,100,1.142410
1752173177.795972,783332.000,62122,1,EA,1,100,1.142599
1752173177.862473,783398.500,62138,2,EA,1,100,1.142785
1752173177.928974,783465.000,62138,2,EA,1,100,1.143724
1752173177.995974,783532.000,62158,1,EA,1,100,1.142974
1752173178.062475,783598.500,62172,2,EA,1,100,1.142785
1752173178.128975,783665.000,62172,2,EA,1,100,1.143161
1752173178.195976,783732.000,62189,1,EA,1,100,1.143161
1752173178.262476,783798.500,62206,2,EA,1,100,1.143537
1752173178.328977,783865.000,62206,2,EA,1,100,1.144100
1752173178.394977,783931.000,62223,1,EA,1,100,1.144288
1752173178.461978,783998.000,62237,2,EA,1,100,1.144664
1752173178.528978,784065.000,62237,2,EA,1,100,1.145229
1752173178.594979,784131.000,62254,1,EA,1,100,1.145041
1752173178.661979,784198.000,62273,2,EA,1,100,1.144853
1752173178.728980,784265.000,62273,2,EA,1,100,1.145229
1752173178.794981,784331.000,62290,1,EA,1,100,1.145229
1752173178.861981,784398.000,62304,2,EA,1,100,1.145606
1752173178.928982,784465.000,62304,2,EA,1,100,1.145041
1752173178.994982,784531.000,62322,1,EA,1,100,1.145229
1752173179.061983,784598.000,62338,2,EA,1,100,1.146171
1752173179.128983,784665.000,62338,2,EA,1,100,1.145229
1752173179.194984,784731.000,62355,1,EA,1,100,1.145229
1752173179.261984,784798.000,62372,2,EA,1,100,1.145606
1752173179.328985,784865.000,62372,2,EA,1,100,1.145041
1752173179.394985,784931.000,62389,1,EA,1,100,1.144853
1752173179.461986,784998.000,62405,2,EA,1,100,1.144477
1752173179.528987,785065.000,62405,2,EA,1,100,1.145229
1752173179.594987,785131.000,62422,1,EA,1,100,1.145418
1752173179.661988,785198.000,62438,2,EA,1,100,1.145229
1752173179.728988,785265.000,62438,2,EA,1,100,1.145041
1752173179.794989,785331.000,62454,1,EA,1,100,1.145796
1752173179.861989,785398.000,62472,2,EA,1,100,1.146549
1752173179.928990,785465.000,62472,2,EA,1,100,1.146171
1752173179.995490,785531.500,62490,2,EA,1,100,1.145796
1752173180.061991,785598.000,62490,2,EA,1,100,1.145796
1752173180.128991,785665.000,62506,1,EA,1,100,1.145796
1752173180.195492,785731.500,62521,2,EA,1,100,1.146739
1752173180.261993,785798.000,62521,2,EA,1,100,1.146361
1752173180.328993,785865.000,62538,1,EA,1,100,1.146171
1752173180.395494,785931.500,62555,2,EA,1,100,1.145983
1752173180.461994,785998.000,62555,2,EA,1,100,1.146171
1752173180.528995,786065.000,62573,1,EA,1,100,1.145983
1752173180.595495,786131.500,62589,2,EA,1,100,1.146171
1752173180.661996,786198.000,62589,2,EA,1,100,1.146171
1752173180.728996,786265.000,62605,1,EA,1,100,1.145983
1752173180.795497,786331.500,62622,2,EA,1,100,1.146361
1752173180.861997,786398.000,62622,2,EA,1,100,1.147306
1752173180.928998,786465.000,62638,1,EA,1,100,1.147306
1752173180.995498,786531.500,62654,2,EA,1,100,1.147116
1752173181.061999,786598.000,62654,2,EA,1,100,1.147494
1752173181.129000,786665.000,62670,1,EA,1,100,1.147494
1752173181.195333,786731.333,62690,3,EA,1,100,1.147494
1752173181.261667,786797.667,62690,3,EA,1,100,1.146739
1752173181.328001,786864.000,62690,3,EA,1,100,1.146549
1752173181.394802,786930.800,62710,5,EA,1,100,1.147116
1752173181.461602,786997.600,62710,5,EA,1,100,1.146171
1752173181.528403,787064.400,62710,5,EA,1,100,1.147873
1752173181.595203,787131.200,62710,5,EA,1,100,1.147684
1752173181.662004,787198.000,62710,5,EA,1,100,1.146739
1752173181.729004,787265.000,62726,1,EA,1,100,1.147873
1752173181.795505,787331.500,62743,2,EA,1,100,1.148061
1752173181.862006,787398.000,62743,2,EA,1,100,1.147684
1752173181.928006,787464.000,62759,1,EA,1,100,1.147494
1752173181.995007,787531.000,62777,2,EA,1,100,1.148252
1752173182.062007,787598.000,62777,2,EA,1,100,1.148061
1752173182.128008,787664.000,62793,1,EA,1,100,1.148252
1752173182.195008,787731.000,62808,2,EA,1,100,1.148820
1752173182.262009,787798.000,62808,2,EA,1,100,1.148820
1752173182.328009,787864.000,62827,1,EA,1,100,1.148631
1752173182.395010,787931.000,62844,2,EA,1,100,1.148061
1752173182.462010,787998.000,62844,2,EA,1,100,1.148061
1752173182.528011,788064.000,62860,1,EA,1,100,1.148252
1752173182.595011,788131.000,62877,2,EA,1,100,1.147873
1752173182.662012,788198.000,62877,2,EA,1,100,1.147873
1752173182.728013,788264.000,62892,1,EA,1,100,1.147873
1752173182.795013,788331.000,62909,2,EA,1,100,1.148061
1752173182.862014,788398.000,62909,2,EA,1,100,1.148252
1752173182.928514,788464.500,62928,2,EA,1,100,1.148820
1752173182.995015,788531.000,62928,2,EA,1,100,1.150149
1752173183.062015,788598.000,62945,1,EA,1,100,1.149009
1752173183.128516,788664.500,62959,2,EA,1,100,1.149009
1752173183.195016,788731.000,62959,2,EA,1,100,1.149388
1752173183.262017,788798.000,62976,1,EA,1,100,1.149388
1752173183.328517,788864.500,62993,2,EA,1,100,1.149009
1752173183.395018,788931.000,62993,2,EA,1,100,1.149388
1752173183.462019,788998.000,63010,1,EA,1,100,1.148820
1752173183.528519,789064.500,63026,2,EA,1,100,1.149009
1752173183.595020,789131.000,63026,2,EA,1,100,1.149579
1752173183.662020,789198.000,63044,1,EA,1,100,1.149579
1752173183.728521,789264.500,63060,2,EA,1,100,1.149768
1752173183.795021,789331.000,63060,2,EA,1,100,1.149579
1752173183.862022,789398.000,63077,1,EA,1,100,1.149199
1752173183.928522,789464.500,63092,2,EA,1,100,1.149009
1752173183.995023,789531.000,63092,2,EA,1,100,1.149388
1752173184.062023,789598.000,63109,1,EA,1,100,1.149579
1752173184.128524,789664.500,63127,2,EA,1,100,1.150149
1752173184.195024,789731.000,63127,2,EA,1,100,1.149579
1752173184.262025,789798.000,63144,1,EA,1,100,1.149579
1752173184.328526,789864.500,63159,2,EA,1,100,1.149958
1752173184.395026,789931.000,63159,2,EA,1,100,1.149768
1752173184.462027,789998.000,63176,1,EA,1,100,1.149958
1752173184.528527,790064.500,63192,2,EA,1,100,1.150338
1752173184.595028,790131.000,63192,2,EA,1,100,1.150529
1752173184.662028,790198.000,63210,1,EA,1,100,1.150529
1752173184.728529,790264.500,63224,2,EA,1,100,1.151099
1752173184.795029,790331.000,63224,2,EA,1,100,1.151099
1752173184.862030,790398.000,63243,1,EA,1,100,1.151481
1752173184.928530,790464.500,63260,2,EA,1,100,1.151099
1752173184.995031,790531.000,63260,2,EA,1,100,1.150719
1752173185.062032,790598.000,63277,1,EA,1,100,1.151099
1752173185.128532,790664.500,63292,2,EA,1,100,1.150529
1752173185.195033,790731.000,63292,2,EA,1,100,1.151099
1752173185.261533,790797.500,63309,2,EA,1,100,1.152052
1752173185.328034,790864.000,63309,2,EA,1,100,1.151481
1752173185.395034,790931.000,63325,1,EA,1,100,1.151481
1752173185.461535,790997.500,63344,2,EA,1,100,1.151289
1752173185.528035,791064.000,63344,2,EA,1,100,1.152242
1752173185.595036,791131.000,63360,1,EA,1,100,1.151670
1752173185.661536,791197.500,63376,2,EA,1,100,1.152052
1752173185.728037,791264.000,63376,2,EA,1,100,1.151860
1752173185.795038,791331.000,63392,1,EA,1,100,1.152242
1752173185.861538,791397.500,63409,2,EA,1,100,1.152052
1752173185.928039,791464.000,63409,2,EA,1,100,1.152624
1752173185.995039,791531.000,63428,1,EA,1,100,1.152624
1752173186.061540,791597.500,63443,2,EA,1,100,1.153006
1752173186.128040,791664.000,63443,2,EA,1,100,1.152434
1752173186.195041,791731.000,63459,1,EA,1,100,1.152624
1752173186.261541,791797.500,63477,2,EA,1,100,1.153196
1752173186.328042,791864.000,63477,2,EA,1,100,1.152624
1752173186.395042,791931.000,63495,1,EA,1,100,1.152434
1752173186.461543,791997.500,63510,2,EA,1,100,1.152624
1752173186.528043,792064.000,63510,2,EA,1,100,1.152814
1752173186.595044,792131.000,63526,1,EA,1,100,1.153388
1752173186.661545,792197.500,63544,2,EA,1,100,1.153006
1752173186.728045,792264.000,63544,2,EA,1,100,1.153006
1752173186.795046,792331.000,63562,1,EA,1,100,1.152814
1752173186.861546,792397.500,63577,2,EA,1,100,1.152814
1752173186.928047,792464.000,63577,2,EA,1,100,1.153196
1752173186.995047,792531.000,63594,1,EA,1,100,1.153196
1752173187.061548,792597.500,63611,2,EA,1,100,1.153769
1752173187.128048,792664.000,63611,2,EA,1,100,1.153769
1752173187.195049,792731.000,63627,1,EA,1,100,1.153006
1752173187.261549,792797.500,63646,2,EA,1,100,1.153006
1752173187.328050,792864.000,63646,2,EA,1,100,1.152814
1752173187.395051,792931.000,63661,1,EA,1,100,1.153578
1752173187.461551,792997.500,63678,2,EA,1,100,1.153769
1752173187.528052,793064.000,63678,2,EA,1,100,1.153769
1752173187.595052,793131.000,63694,1,EA,1,100,1.153961
1752173187.661553,793197.500,63711,2,EA,1,100,1.154344
1752173187.728053,793264.000,63711,2,EA,1,100,1.153578
1752173187.794554,793330.500,63726,2,EA,1,100,1.153961
1752173187.861054,793397.000,63726,2,EA,1,100,1.153388
1752173187.928055,793464.000,63743,1,EA,1,100,1.154344
1752173187.994555,793530.500,63762,2,EA,1,100,1.154535
1752173188.061056,793597.000,63762,2,EA,1,100,1.153769
1752173188.128056,793664.000,63779,1,EA,1,100,1.153196
1752173188.194557,793730.500,63793,2,EA,1,100,1.154344
1752173188.261058,793797.000,63793,2,EA,1,100,1.154535
1752173188.328058,793864.000,63811,1,EA,1,100,1.154152
1752173188.394559,793930.500,63827,2,EA,1,100,1.154535
1752173188.461059,793997.000,63827,2,EA,1,100,1.155302
1752173188.528060,794064.000,63846,1,EA,1,100,1.154726
1752173188.594560,794130.500,63861,2,EA,1,100,1.154918
1752173188.661061,794197.000,63861,2,EA,1,100,1.154344
1752173188.728061,794264.000,63878,1,EA,1,100,1.153961
1752173188.794562,794330.500,63894,2,EA,1,100,1.154535
1752173188.861062,794397.000,63894,2,EA,1,100,1.154152
1752173188.928063,794464.000,63911,1,EA,1,100,1.154726
1752173188.994564,794530.500,63926,2,EA,1,100,1.155302
1752173189.061064,794597.000,63926,2,EA,1,100,1.153769
1752173189.128065,794664.000,63943,1,EA,1,100,1.154535
1752173189.194565,794730.500,63961,2,EA,1,100,1.154535
1752173189.261066,794797.000,63961,2,EA,1,100,1.154344
1752173189.328066,794864.000,63979,1,EA,1,100,1.154535
1752173189.394567,794930.500,63993,2,EA,1,100,1.154726
1752173189.461067,794997.000,63993,2,EA,1,100,1.153961
1752173189.528068,795064.000,64010,1,EA,1,100,1.155302
1752173189.594568,795130.500,64027,2,EA,1,100,1.156261
1752173189.661069,795197.000,64027,2,EA,1,100,1.155493
1752173189.728069,795264.000,64044,1,EA,1,100,1.155493
1752173189.794570,795330.500,64061,2,EA,1,100,1.156068
1752173189.861071,795397.000,64061,2,EA,1,100,1.155302
1752173189.928071,795464.000,64077,1,EA,1,100,1.155684
1752173189.994572,795530.500,64094,2,EA,1,100,1.155302
1752173190.061072,795597.000,64094,2,EA,1,100,1.154918
1752173190.127573,795663.500,64111,2,EA,1,100,1.155109
1752173190.194073,795730.000,64111,2,EA,1,100,1.154918
1752173190.261074,795797.000,64127,1,EA,1,100,1.155877
1752173190.327574,795863.500,64143,2,EA,1,100,1.157029
1752173190.394075,795930.000,64143,2,EA,1,100,1.156644
1752173190.461075,795997.000,64161,1,EA,1,100,1.156261
1752173190.527576,796063.500,64178,2,EA,1,100,1.155684
1752173190.594077,796130.000,64178,2,EA,1,100,1.156261
1752173190.661077,796197.000,64195,1,EA,1,100,1.156261
1752173190.727578,796263.500,64210,2,EA,1,100,1.156453
1752173190.794078,796330.000,64210,2,EA,1,100,1.156068
1752173190.861079,796397.000,64226,1,EA,1,100,1.155493
1752173190.927579,796463.500,64246,2,EA,1,100,1.156068
1752173190.994080,796530.000,64246,2,EA,1,100,1.155684
1752173191.061080,796597.000,64262,1,EA,1,100,1.155493
1752173191.127581,796663.500,64277,2,EA,1,100,1.156068
1752173191.194081,796730.000,64277,2,EA,1,100,1.156453
1752173191.261082,796797.000,64293,1,EA,1,100,1.155877
1752173191.327583,796863.500,64313,2,EA,1,100,1.156068
1752173191.394083,796930.000,64313,2,EA,1,100,1.156068
1752173191.461084,796997.000,64329,1,EA,1,100,1.156068
1752173191.527584,797063.500,64344,2,EA,1,100,1.157029
1752173191.594085,797130.000,64344,2,EA,1,100,1.156261
1752173191.661085,797197.000,64363,1,EA,1,100,1.156261
1752173191.727586,797263.500,64380,2,EA,1,100,1.157029
1752173191.794086,797330.000,64380,2,EA,1,100,1.156644
1752173191.861087,797397.000,64396,1,EA,1,100,1.156261
1752173191.927587,797463.500,64413,2,EA,1,100,1.156261
1752173191.994088,797530.000,64413,2,EA,1,100,1.156453
1752173192.061088,797597.000,64428,1,EA,1,100,1.156644
1752173192.127589,797663.500,64445,2,EA,1,100,1.157414
1752173192.194090,797730.000,64445,2,EA,1,100,1.156837
1752173192.261090,797797.000,64461,1,EA,1,100,1.157222
1752173192.327591,797863.500,64480,2,EA,1,100,1.158377
1752173192.394091,797930.000,64480,2,EA,1,100,1.157606
1752173192.460592,797996.500,64495,2,EA,1,100,1.157606
1752173192.527092,798063.000,64495,2,EA,1,100,1.157222
1752173192.594093,798130.000,64512,1,EA,1,100,1.157029
1752173192.660593,798196.500,64529,2,EA,1,100,1.157222
1752173192.727094,798263.000,64529,2,EA,1,100,1.157414
1752173192.794094,798330.000,64546,1,EA,1,100,1.157991
1752173192.860595,798396.500,64562,2,EA,1,100,1.157799
1752173192.927096,798463.000,64562,2,EA,1,100,1.157414
1752173192.994096,798530.000,64580,1,EA,1,100,1.157606
1752173193.060597,798596.500,64596,2,EA,1,100,1.157991
1752173193.127097,798663.000,64596,2,EA,1,100,1.157799
1752173193.194098,798730.000,64613,1,EA,1,100,1.157991
1752173193.260598,798796.500,64628,2,EA,1,100,1.158185
1752173193.327099,798863.000,64628,2,EA,1,100,1.158377
1752173193.394099,798930.000,64645,1,EA,1,100,1.157606
1752173193.460600,798996.500,64663,2,EA,1,100,1.157606
1752173193.527100,799063.000,64663,2,EA,1,100,1.158185
1752173193.594101,799130.000,64680,1,EA,1,100,1.158763
1752173193.660601,799196.500,64695,2,EA,1,100,1.159149
1752173193.727102,799263.000,64695,2,EA,1,100,1.158955
1752173193.794103,799330.000,64712,1,EA,1,100,1.158955
1752173193.860603,799396.500,64728,2,EA,1,100,1.159728
1752173193.927104,799463.000,64728,2,EA,1,100,1.159149
1752173193.994104,799530.000,64746,1,EA,1,100,1.159341
1752173194.060605,799596.500,64762,2,EA,1,100,1.159920
1752173194.127105,799663.000,64762,2,EA,1,100,1.158377
1752173194.194106,799730.000,64779,1,EA,1,100,1.159341
1752173194.260606,799796.500,64796,2,EA,1,100,1.159534
1752173194.327107,799863.000,64796,2,EA,1,100,1.159341
1752173194.394107,799930.000,64813,1,EA,1,100,1.159149
1752173194.460608,799996.500,64827,2,EA,1,100,1.159149
1752173194.527109,800063.000,64827,2,EA,1,100,1.158955
1752173194.594109,800130.000,64844,1,EA,1,100,1.159534
1752173194.660610,800196.500,64863,2,EA,1,100,1.160307
1752173194.727110,800263.000,64863,2,EA,1,100,1.159534
1752173194.794111,800330.000,64880,1,EA,1,100,1.159341
1752173194.860611,800396.500,64895,2,EA,1,100,1.159341
1752173194.927112,800463.000,64895,2,EA,1,100,1.159728
1752173194.993612,800529.500,64912,2,EA,1,100,1.160115
1752173195.060113,800596.000,64912,2,EA,1,100,1.160115
1752173195.127113,800663.000,64928,1,EA,1,100,1.159534
1752173195.193614,800729.500,64945,2,EA,1,100,1.159920
1752173195.260114,800796.000,64945,2,EA,1,100,1.161275
1752173195.327115,800863.000,64964,1,EA,1,100,1.160500
1752173195.393616,800929.500,64979,2,EA,1,100,1.160307
1752173195.460116,800996.000,64979,2,EA,1,100,1.160500
1752173195.527117,801063.000,64995,1,EA,1,100,1.160694
1752173195.593617,801129.500,65013,2,EA,1,100,1.161275
1752173195.660118,801196.000,65013,2,EA,1,100,1.160115
1752173195.727118,801263.000,65029,1,EA,1,100,1.160307
1752173195.793619,801329.500,65044,2,EA,1,100,1.161663
1752173195.860119,801396.000,65044,2,EA,1,100,1.161082
1752173195.927120,801463.000,65062,1,EA,1,100,1.161275
1752173195.993620,801529.500,65080,2,EA,1,100,1.161275
1752173196.060121,801596.000,65080,2,EA,1,100,1.162826
1752173196.127122,801663.000,65096,1,EA,1,100,1.161468
1752173196.193622,801729.500,65111,2,EA,1,100,1.160694
1752173196.260123,801796.000,65111,2,EA,1,100,1.161082
1752173196.327123,801863.000,65128,1,EA,1,100,1.161468
1752173196.393624,801929.500,65147,2,EA,1,100,1.161275
1752173196.460124,801996.000,65147,2,EA,1,100,1.161468
1752173196.527125,802063.000,65165,1,EA,1,100,1.161856
1752173196.593625,802129.500,65181,2,EA,1,100,1.162244
1752173196.660126,802196.000,65181,2,EA,1,100,1.161856
1752173196.727126,802263.000,65197,1,EA,1,100,1.161663
1752173196.793627,802329.500,65214,2,EA,1,100,1.161468
1752173196.860128,802396.000,65214,2,EA,1,100,1.162051
1752173196.927128,802463.000,65230,1,EA,1,100,1.161082
1752173196.993629,802529.500,65246,2,EA,1,100,1.160887
1752173197.060129,802596.000,65246,2,EA,1,100,1.161856
1752173197.127130,802663.000,65264,1,EA,1,100,1.162244
1752173197.193630,802729.500,65281,2,EA,1,100,1.161856
1752173197.260131,802796.000,65281,2,EA,1,100,1.161468
1752173197.327131,802863.000,65298,1,EA,1,100,1.162437
1752173197.393632,802929.500,65314,2,EA,1,100,1.161663
1752173197.460132,802996.000,65314,2,EA,1,100,1.162244
1752173197.527133,803063.000,65329,2,EA,1,100,1.162437
1752173197.594133,803130.000,65329,2,EA,1,100,1.160887
1752173197.660134,803196.000,65347,1,EA,1,100,1.162244
1752173197.727135,803263.000,65365,2,EA,1,100,1.161856
1752173197.794135,803330.000,65365,2,EA,1,100,1.162244
1752173197.860136,803396.000,65382,1,EA,1,100,1.162437
1752173197.927136,803463.000,65397,2,EA,1,100,1.162633
1752173197.994137,803530.000,65397,2,EA,1,100,1.162633
1752173198.060137,803596.000,65414,1,EA,1,100,1.162244
1752173198.127138,803663.000,65430,2,EA,1,100,1.163215
1752173198.194138,803730.000,65430,2,EA,1,100,1.163604
1752173198.260139,803796.000,65447,1,EA,1,100,1.163409
1752173198.326639,803862.500,65464,2,EA,1,100,1.163604
1752173198.393140,803929.000,65464,2,EA,1,100,1.163604
1752173198.460141,803996.000,65481,1,EA,1,100,1.162826
1752173198.526641,804062.500,65497,2,EA,1,100,1.163409
1752173198.593142,804129.000,65497,2,EA,1,100,1.163021
1752173198.660142,804196.000,65515,1,EA,1,100,1.163021
1752173198.726643,804262.500,65529,2,EA,1,100,1.163409
1752173198.793143,804329.000,65529,2,EA,1,100,1.162437
1752173198.860144,804396.000,10,1,EA,1,100,1.162826
1752173198.926644,804462.500,29,2,EA,1,100,1.163215
1752173198.993145,804529.000,29,2,EA,1,100,1.163798
1752173199.060145,804596.000,46,1,EA,1,100,1.163021
1752173199.126646,804662.500,60,2,EA,1,100,1.163215
1752173199.193146,804729.000,60,2,EA,1,100,1.163409
1752173199.260147,804796.000,77,1,EA,1,100,1.163409
1752173199.326648,804862.500,94,2,EA,1,100,1.163798
1752173199.393148,804929.000,94,2,EA,1,100,1.163409
1752173199.460149,804996.000,111,1,EA,1,100,1.163021
1752173199.526649,805062.500,128,2,EA,1,100,1.163409
1752173199.593150,805129.000,128,2,EA,1,100,1.163409
1752173199.660150,805196.000,145,1,EA,1,100,1.163409
1752173199.726651,805262.500,161,2,EA,1,100,1.163994
1752173199.793151,805329.000,161,2,EA,1,100,1.163994
1752173199.860152,805396.000,178,1,EA,1,100,1.163994
1752173199.926652,805462.500,194,2,EA,1,100,1.164187
1752173199.993153,805529.000,194,2,EA,1,100,1.164187
1752173200.060154,805596.000,210,2,EA,1,100,1.164577
1752173200.127154,805663.000,210,2,EA,1,100,1.163604
1752173200.193155,805729.000,228,1,EA,1,100,1.163409
1752173200.260155,805796.000,246,2,EA,1,100,1.163409
1752173200.327156,805863.000,246,2,EA,1,100,1.164381
1752173200.393156,805929.000,262,1,EA,1,100,1.163604
1752173200.460157,805996.000,277,2,EA,1,100,1.164381
1752173200.527157,806063.000,277,2,EA,1,100,1.164187
1752173200.593158,806129.000,293,1,EA,1,100,1.164771
1752173200.660158,806196.000,313,2,EA,1,100,1.165162
1752173200.727159,806263.000,313,2,EA,1,100,1.164381
1752173200.793160,806329.000,329,1,EA,1,100,1.164577
1752173200.860160,806396.000,344,2,EA,1,100,1.164967
1752173200.927161,806463.000,344,2,EA,1,100,1.165356
1752173200.993161,806529.000,361,1,EA,1,100,1.165356
1752173201.060162,806596.000,378,2,EA,1,100,1.164967
1752173201.127162,806663.000,378,2,EA,1,100,1.164967
1752173201.193163,806729.000,394,1,EA,1,100,1.165552
1752173201.260163,806796.000,412,2,EA,1,100,1.166528
1752173201.327164,806863.000,412,2,EA,1,100,1.164967
1752173201.393164,806929.000,430,1,EA,1,100,1.165746
1752173201.460165,806996.000,447,2,EA,1,100,1.166332
1752173201.527165,807063.000,447,2,EA,1,100,1.165552
1752173201.593166,807129.000,463,1,EA,1,100,1.165552
1752173201.659667,807195.500,479,2,EA,1,100,1.165943
1752173201.726167,807262.000,479,2,EA,1,100,1.165943
1752173201.793168,807329.000,495,1,EA,1,100,1.165943
1752173201.859668,807395.500,512,2,EA,1,100,1.167310
1752173201.926169,807462.000,512,2,EA,1,100,1.166920
1752173201.993169,807529.000,531,1,EA,1,100,1.166723
1752173202.059670,807595.500,546,2,EA,1,100,1.165943
1752173202.126170,807662.000,546,2,EA,1,100,1.165943
1752173202.193171,807729.000,562,1,EA,1,100,1.165943
1752173202.259671,807795.500,580,2,EA,1,100,1.165552
1752173202.326172,807862.000,580,2,EA,1,100,1.165746
1752173202.393173,807929.000,596,2,EA,1,100,1.165943
1752173202.460173,807996.000,596,2,EA,1,100,1.166137
1752173202.526174,808062.000,613,1,EA,1,100,1.166332
1752173202.593174,808129.000,630,2,EA,1,100,1.166137
1752173202.660175,808196.000,630,2,EA,1,100,1.165943
1752173202.726175,808262.000,647,1,EA,1,100,1.166528
1752173202.793176,808329.000,663,2,EA,1,100,1.166920
1752173202.860176,808396.000,663,2,EA,1,100,1.166332
1752173202.926177,808462.000,680,1,EA,1,100,1.166332
1752173202.993177,808529.000,695,2,EA,1,100,1.167115
1752173203.060178,808596.000,695,2,EA,1,100,1.167310
1752173203.126178,808662.000,712,1,EA,1,100,1.167507
1752173203.193179,808729.000,730,2,EA,1,100,1.168094
1752173203.260180,808796.000,730,2,EA,1,100,1.166723
1752173203.326180,808862.000,748,1,EA,1,100,1.166528
1752173203.393181,808929.000,762,2,EA,1,100,1.167115
1752173203.460181,808996.000,762,2,EA,1,100,1.167310
1752173203.526182,809062.000,779,1,EA,1,100,1.167115
1752173203.593182,809129.000,796,2,EA,1,100,1.167702
1752173203.660183,809196.000,796,2,EA,1,100,1.167702
1752173203.726183,809262.000,815,1,EA,1,100,1.166920
1752173203.793184,809329.000,829,2,EA,1,100,1.167899
1752173203.860184,809396.000,829,2,EA,1,100,1.166920
1752173203.926185,809462.000,846,1,EA,1,100,1.166920
1752173203.993186,809529.000,863,2,EA,1,100,1.166920
1752173204.060186,809596.000,863,2,EA,1,100,1.167507
1752173204.126187,809662.000,880,1,EA,1,100,1.167310
1752173204.193187,809729.000,894,2,EA,1,100,1.168094
1752173204.260188,809796.000,894,2,EA,1,100,1.167507
1752173204.326188,809862.000,914,1,EA,1,100,1.167702
1752173204.393189,809929.000,930,2,EA,1,100,1.168486
1752173204.460189,809996.000,930,2,EA,1,100,1.168094
1752173204.526190,810062.000,947,1,EA,1,100,1.167507
1752173204.593190,810129.000,963,2,EA,1,100,1.168094
1752173204.660191,810196.000,963,2,EA,1,100,1.167507
1752173204.726191,810262.000,979,1,EA,1,100,1.168094
1752173204.793192,810329.000,995,2,EA,1,100,1.168289
1752173204.860193,810396.000,995,2,EA,1,100,1.168094
1752173204.926693,810462.500,1015,2,EA,1,100,1.168289
1752173204.993194,810529.000,1015,2,EA,1,100,1.168682
1752173205.059194,810595.000,1031,1,EA,1,100,1.167702
1752173205.126195,810662.000,1046,2,EA,1,100,1.167507
1752173205.193195,810729.000,1046,2,EA,1,100,1.166920
1752173205.259196,810795.000,1062,1,EA,1,100,1.167115
1752173205.326196,810862.000,1080,2,EA,1,100,1.167507
1752173205.393197,810929.000,1080,2,EA,1,100,1.168094
1752173205.459197,810995.000,1096,1,EA,1,100,1.168094
1752173205.526198,811062.000,1113,2,EA,1,100,1.168289
1752173205.593199,811129.000,1113,2,EA,1,100,1.167507
1752173205.659199,811195.000,1130,1,EA,1,100,1.167899
1752173205.726200,811262.000,1147,2,EA,1,100,1.168682
1752173205.793200,811329.000,1147,2,EA,1,100,1.168289
1752173205.859201,811395.000,1163,1,EA,1,100,1.168486
1752173205.926201,811462.000,1179,2,EA,1,100,1.168879
1752173205.993202,811529.000,1179,2,EA,1,100,1.168879
1752173206.059202,811595.000,1195,1,EA,1,100,1.169075
1752173206.126203,811662.000,1214,2,EA,1,100,1.168879
1752173206.193203,811729.000,1214,2,EA,1,100,1.169075
1752173206.259204,811795.000,1230,1,EA,1,100,1.169270
1752173206.326205,811862.000,1248,2,EA,1,100,1.168879
1752173206.393205,811929.000,1248,2,EA,1,100,1.169663
1752173206.459206,811995.000,1264,1,EA,1,100,1.169861
1752173206.526206,812062.000,1281,2,EA,1,100,1.170253
1752173206.593207,812129.000,1281,2,EA,1,100,1.169663
1752173206.659207,812195.000,1298,1,EA,1,100,1.169663
1752173206.726208,812262.000,1315,2,EA,1,100,1.170451
1752173206.793208,812329.000,1315,2,EA,1,100,1.170057
1752173206.859209,812395.000,1331,1,EA,1,100,1.170647
1752173206.926209,812462.000,1349,2,EA,1,100,1.170647
1752173206.993210,812529.000,1349,2,EA,1,100,1.169663
1752173207.059210,812595.000,1365,1,EA,1,100,1.169468
1752173207.126211,812662.000,1381,2,EA,1,100,1.169663
1752173207.193212,812729.000,1381,2,EA,1,100,1.169075
1752173207.259712,812795.500,1397,2,EA,1,100,1.169861
1752173207.326213,812862.000,1397,2,EA,1,100,1.170451
1752173207.393213,812929.000,1416,1,EA,1,100,1.170253
1752173207.459714,812995.500,1432,2,EA,1,100,1.169663
1752173207.526214,813062.000,1432,2,EA,1,100,1.170057
1752173207.593215,813129.000,1449,1,EA,1,100,1.170253
1752173207.659715,813195.500,1464,2,EA,1,100,1.171237
1752173207.726216,813262.000,1464,2,EA,1,100,1.170845
1752173207.793216,813329.000,1481,1,EA,1,100,1.170253
1752173207.859717,813395.500,1497,2,EA,1,100,1.170253
1752173207.926218,813462.000,1497,2,EA,1,100,1.171041
1752173207.993218,813529.000,1517,1,EA,1,100,1.170057
1752173208.059719,813595.500,1531,2,EA,1,100,1.169861
1752173208.126219,813662.000,1531,2,EA,1,100,1.170253
1752173208.193220,813729.000,1548,1,EA,1,100,1.170253
1752173208.259720,813795.500,1565,2,EA,1,100,1.170253
1752173208.326221,813862.000,1565,2,EA,1,100,1.171041
1752173208.392221,813928.000,1582,1,EA,1,100,1.170845
1752173208.459222,813995.000,1598,2,EA,1,100,1.171632
1752173208.526222,814062.000,1598,2,EA,1,100,1.170845
1752173208.592223,814128.000,1615,1,EA,1,100,1.171041
1752173208.659223,814195.000,1632,2,EA,1,100,1.171632
1752173208.726224,814262.000,1632,2,EA,1,100,1.172027
1752173208.792225,814328.000,1649,1,EA,1,100,1.172618
1752173208.859225,814395.000,1663,2,EA,1,100,1.171830
1752173208.926226,814462.000,1663,2,EA,1,100,1.171830
1752173208.992226,814528.000,1681,1,EA,1,100,1.171435
1752173209.059227,814595.000,1697,2,EA,1,100,1.171830
1752173209.126227,814662.000,1697,2,EA,1,100,1.172618
1752173209.192228,814728.000,1716,1,EA,1,100,1.172422
1752173209.259228,814795.000,1732,2,EA,1,100,1.172817
1752173209.326229,814862.000,1732,2,EA,1,100,1.171830
1752173209.392229,814928.000,1748,1,EA,1,100,1.172027
1752173209.459230,814995.000,1764,2,EA,1,100,1.172817
1752173209.526231,815062.000,1764,2,EA,1,100,1.172618
1752173209.592731,815128.500,1782,2,EA,1,100,1.172817
1752173209.659232,815195.000,1782,2,EA,1,100,1.172618
1752173209.726232,815262.000,1798,1,EA,1,100,1.173014
1752173209.792733,815328.500,1815,2,EA,1,100,1.172817
1752173209.859233,815395.000,1815,2,EA,1,100,1.171237
1752173209.926234,815462.000,1831,1,EA,1,100,1.171830
1752173209.992734,815528.500,1849,2,EA,1,100,1.173014
1752173210.059235,815595.000,1849,2,EA,1,100,1.174399
1752173210.126235,815662.000,1865,1,EA,1,100,1.172422
1752173210.192736,815728.500,1880,2,EA,1,100,1.173211
1752173210.259236,815795.000,1880,2,EA,1,100,1.172817
1752173210.326237,815862.000,1899,1,EA,1,100,1.172817
1752173210.392738,815928.500,1916,2,EA,1,100,1.173607
1752173210.459238,815995.000,1916,2,EA,1,100,1.173014
1752173210.526239,816062.000,1932,1,EA,1,100,1.172618
1752173210.592739,816128.500,1948,2,EA,1,100,1.172817
1752173210.659240,816195.000,1948,2,EA,1,100,1.172817
1752173210.726240,816262.000,1964,1,EA,1,100,1.173014
1752173210.792741,816328.500,1981,2,EA,1,100,1.173014
1752173210.859241,816395.000,1981,2,EA,1,100,1.172618
1752173210.926242,816462.000,1999,1,EA,1,100,1.173211
1752173210.992742,816528.500,2015,2,EA,1,100,1.173806
1752173211.059243,816595.000,2015,2,EA,1,100,1.172618
1752173211.126244,816662.000,2031,1,EA,1,100,1.173014
1752173211.192744,816728.500,2048,2,EA,1,100,1.173211
1752173211.259245,816795.000,2048,2,EA,1,100,1.173211
1752173211.326245,816862.000,2065,1,EA,1,100,1.173014
1752173211.392746,816928.500,2082,2,EA,1,100,1.173806
1752173211.459246,816995.000,2082,2,EA,1,100,1.173410
1752173211.526247,817062.000,2100,1,EA,1,100,1.173806
1752173211.592747,817128.500,2118,2,EA,1,100,1.174003
1752173211.659248,817195.000,2118,2,EA,1,100,1.172817
1752173211.726248,817262.000,2134,1,EA,1,100,1.173211
1752173211.792749,817328.500,2150,2,EA,1,100,1.173211
1752173211.859250,817395.000,2150,2,EA,1,100,1.173410
1752173211.925250,817461.000,2165,1,EA,1,100,1.174003
1752173211.992251,817528.000,2183,2,EA,1,100,1.173806
1752173212.059251,817595.000,2183,2,EA,1,100,1.174399
1752173212.125752,817661.500,2201,2,EA,1,100,1.174399
1752173212.192252,817728.000,2201,2,EA,1,100,1.174796
1752173212.259253,817795.000,2218,1,EA,1,100,1.174003
1752173212.325753,817861.500,2233,2,EA,1,100,1.174796
1752173212.392254,817928.000,2233,2,EA,1,100,1.174200
1752173212.459254,817995.000,2250,1,EA,1,100,1.174200
1752173212.525755,818061.500,2266,2,EA,1,100,1.174796
1752173212.592255,818128.000,2266,2,EA,1,100,1.174399
1752173212.659256,818195.000,2284,1,EA,1,100,1.174003
1752173212.725757,818261.500,2300,2,EA,1,100,1.174399
1752173212.792257,818328.000,2300,2,EA,1,100,1.174003
1752173212.859258,818395.000,2317,1,EA,1,100,1.174200
1752173212.925758,818461.500,2334,2,EA,1,100,1.174003
1752173212.992259,818528.000,2334,2,EA,1,100,1.173806
1752173213.059259,818595.000,2351,1,EA,1,100,1.173806
1752173213.125760,818661.500,2365,2,EA,1,100,1.174200
1752173213.192260,818728.000,2365,2,EA,1,100,1.174003
1752173213.259261,818795.000,2382,1,EA,1,100,1.174796
1752173213.325761,818861.500,2401,2,EA,1,100,1.174796
1752173213.392262,818928.000,2401,2,EA,1,100,1.174200
1752173213.459263,818995.000,2418,1,EA,1,100,1.174597
1752173213.525763,819061.500,2432,2,EA,1,100,1.174994
1752173213.592264,819128.000,2432,2,EA,1,100,1.174796
1752173213.659264,819195.000,2450,1,EA,1,100,1.175588
1752173213.725765,819261.500,2466,2,EA,1,100,1.176184
1752173213.792265,819328.000,2466,2,EA,1,100,1.175588
1752173213.859266,819395.000,2485,1,EA,1,100,1.174994
1752173213.925766,819461.500,2501,2,EA,1,100,1.175588
1752173213.992267,819528.000,2501,2,EA,1,100,1.175788
1752173214.059267,819595.000,2517,1,EA,1,100,1.175788
1752173214.125768,819661.500,2533,2,EA,1,100,1.175191
1752173214.192268,819728.000,2533,2,EA,1,100,1.175390
1752173214.259269,819795.000,2550,1,EA,1,100,1.175788
1752173214.325770,819861.500,2566,2,EA,1,100,1.176582
1752173214.392270,819928.000,2566,2,EA,1,100,1.175588
1752173214.458771,819994.500,2584,2,EA,1,100,1.175986
1752173214.525271,820061.000,2584,2,EA,1,100,1.176184
1752173214.592272,820128.000,2600,1,EA,1,100,1.175788
1752173214.658772,820194.500,2618,2,EA,1,100,1.175986
1752173214.725273,820261.000,2618,2,EA,1,100,1.175588
1752173214.792273,820328.000,2634,1,EA,1,100,1.175788
1752173214.858774,820394.500,2649,2,EA,1,100,1.176384
1752173214.925274,820461.000,2649,2,EA,1,100,1.176582
1752173214.992275,820528.000,2666,1,EA,1,100,1.176384
1752173215.058776,820594.500,2685,2,EA,1,100,1.176582
1752173215.125276,820661.000,2685,2,EA,1,100,1.176980
1752173215.192277,820728.000,2701,1,EA,1,100,1.177577
1752173215.258777,820794.500,2717,2,EA,1,100,1.177577
1752173215.325278,820861.000,2717,2,EA,1,100,1.177178
1752173215.392278,820928.000,2733,1,EA,1,100,1.176782
1752173215.458779,820994.500,2750,2,EA,1,100,1.177378
1752173215.525279,821061.000,2750,2,EA,1,100,1.177178
1752173215.592280,821128.000,2766,1,EA,1,100,1.176384
1752173215.658780,821194.500,2784,2,EA,1,100,1.176980
1752173215.725281,821261.000,2784,2,EA,1,100,1.176384
1752173215.792282,821328.000,2800,1,EA,1,100,1.176582
1752173215.858782,821394.500,2817,2,EA,1,100,1.176384
1752173215.925283,821461.000,2817,2,EA,1,100,1.175986
1752173215.992283,821528.000,2834,1,EA,1,100,1.176782
1752173216.058784,821594.500,2849,2,EA,1,100,1.176582
1752173216.125284,821661.000,2849,2,EA,1,100,1.175788
1752173216.192285,821728.000,2867,1,EA,1,100,1.176980
1752173216.258785,821794.500,2885,2,EA,1,100,1.176782
1752173216.325286,821861.000,2885,2,EA,1,100,1.177178
1752173216.392286,821928.000,2903,1,EA,1,100,1.177577
1752173216.458787,821994.500,2919,2,EA,1,100,1.177178
1752173216.525287,822061.000,2919,2,EA,1,100,1.176384
1752173216.592288,822128.000,2934,1,EA,1,100,1.176980
1752173216.658789,822194.500,2952,2,EA,1,100,1.177777
1752173216.725289,822261.000,2952,2,EA,1,100,1.178573
1752173216.792290,822328.000,2970,1,EA,1,100,1.177777
1752173216.858790,822394.500,2986,2,EA,1,100,1.177975
1752173216.925291,822461.000,2986,2,EA,1,100,1.177777
1752173216.991791,822527.500,3002,2,EA,1,100,1.178375
1752173217.058292,822594.000,3002,2,EA,1,100,1.178174
1752173217.125292,822661.000,3019,1,EA,1,100,1.178174
1752173217.191793,822727.500,3035,2,EA,1,100,1.178375
1752173217.258293,822794.000,3035,2,EA,1,100,1.179172
1752173217.325294,822861.000,3053,1,EA,1,100,1.178973
1752173217.391795,822927.500,3069,2,EA,1,100,1.178774
1752173217.458295,822994.000,3069,2,EA,1,100,1.178573
1752173217.525296,823061.000,3086,1,EA,1,100,1.178174
1752173217.591796,823127.500,3103,2,EA,1,100,1.177577
1752173217.658297,823194.000,3103,2,EA,1,100,1.176782
1752173217.725297,823261.000,3120,1,EA,1,100,1.178174
1752173217.791798,823327.500,3134,2,EA,1,100,1.179373
1752173217.858298,823394.000,3134,2,EA,1,100,1.177975
1752173217.925299,823461.000,3151,1,EA,1,100,1.178375
1752173217.991799,823527.500,3170,2,EA,1,100,1.178973
1752173218.058300,823594.000,3170,2,EA,1,100,1.180171
1752173218.125300,823661.000,3187,1,EA,1,100,1.179373
1752173218.191801,823727.500,3201,2,EA,1,100,1.179572
1752173218.258302,823794.000,3201,2,EA,1,100,1.178174
1752173218.325302,823861.000,3219,1,EA,1,100,1.178375
1752173218.391803,823927.500,3235,2,EA,1,100,1.178973
1752173218.458303,823994.000,3235,2,EA,1,100,1.178973
1752173218.525304,824061.000,3252,1,EA,1,100,1.178774
1752173218.591804,824127.500,3269,2,EA,1,100,1.178973
1752173218.658305,824194.000,3269,2,EA,1,100,1.178973
1752173218.725305,824261.000,3286,1,EA,1,100,1.179972
1752173218.791806,824327.500,3302,2,EA,1,100,1.180572
1752173218.858306,824394.000,3302,2,EA,1,100,1.179972
1752173218.925307,824461.000,3319,1,EA,1,100,1.179572
1752173218.991808,824527.500,3335,2,EA,1,100,1.179972
1752173219.058308,824594.000,3335,2,EA,1,100,1.180171
1752173219.125309,824661.000,3351,1,EA,1,100,1.180572
1752173219.191809,824727.500,3369,2,EA,1,100,1.179972
1752173219.258310,824794.000,3369,2,EA,1,100,1.179373
1752173219.325310,824861.000,3387,1,EA,1,100,1.179972
1752173219.391811,824927.500,3402,2,EA,1,100,1.180773
1752173219.458311,824994.000,3402,2,EA,1,100,1.179972
1752173219.524812,825060.500,3418,2,EA,1,100,1.179773
1752173219.591312,825127.000,3418,2,EA,1,100,1.178973
1752173219.658313,825194.000,3435,1,EA,1,100,1.179172
1752173219.724813,825260.500,3452,2,EA,1,100,1.179373
1752173219.791314,825327.000,3452,2,EA,1,100,1.179773
1752173219.858315,825394.000,3470,1,EA,1,100,1.179773
1752173219.924815,825460.500,3486,2,EA,1,100,1.180171
1752173219.991316,825527.000,3486,2,EA,1,100,1.180973
1752173220.058316,825594.000,3502,1,EA,1,100,1.179773
1752173220.124817,825660.500,3519,2,EA,1,100,1.180372
1752173220.191317,825727.000,3519,2,EA,1,100,1.180973
1752173220.258318,825794.000,3535,1,EA,1,100,1.180372
1752173220.324818,825860.500,3553,2,EA,1,100,1.180973
1752173220.391319,825927.000,3553,2,EA,1,100,1.180773
1752173220.458319,825994.000,3569,1,EA,1,100,1.181172
1752173220.524820,826060.500,3586,2,EA,1,100,1.181775
1752173220.591321,826127.000,3586,2,EA,1,100,1.180171
1752173220.658321,826194.000,3603,1,EA,1,100,1.180773
1752173220.724822,826260.500,3618,2,EA,1,100,1.181775
1752173220.791322,826327.000,3618,2,EA,1,100,1.180572
1752173220.858323,826394.000,3634,1,EA,1,100,1.180973
1752173220.924823,826460.500,3654,2,EA,1,100,1.182175
1752173220.991324,826527.000,3654,2,EA,1,100,1.181374
1752173221.058324,826594.000,3670,1,EA,1,100,1.181574
1752173221.124825,826660.500,3685,2,EA,1,100,1.180773
1752173221.191325,826727.000,3685,2,EA,1,100,1.180372
1752173221.258326,826794.000,3701,1,EA,1,100,1.181172
1752173221.324827,826860.500,3721,2,EA,1,100,1.181775
1752173221.391327,826927.000,3721,2,EA,1,100,1.180973
1752173221.458328,826994.000,3737,1,EA,1,100,1.181374
1752173221.524828,827060.500,3755,2,EA,1,100,1.181172
1752173221.591329,827127.000,3755,2,EA,1,100,1.181374
1752173221.658329,827194.000,3771,1,EA,1,100,1.181775
1752173221.724830,827260.500,3788,2,EA,1,100,1.181574
1752173221.791330,827327.000,3788,2,EA,1,100,1.181975
1752173221.857831,827393.500,3804,2,EA,1,100,1.182779
1752173221.924331,827460.000,3804,2,EA,1,100,1.183582
1752173221.991332,827527.000,3822,1,EA,1,100,1.182175
1752173222.057832,827593.500,3836,2,EA,1,100,1.181975
1752173222.124333,827660.000,3836,2,EA,1,100,1.182175
1752173222.191334,827727.000,3855,1,EA,1,100,1.182779
1752173222.257834,827793.500,3872,2,EA,1,100,1.181775
1752173222.324335,827860.000,3872,2,EA,1,100,1.181172
1752173222.391335,827927.000,3889,1,EA,1,100,1.182377
1752173222.457836,827993.500,3903,2,EA,1,100,1.182779
1752173222.524336,828060.000,3903,2,EA,1,100,1.181975
1752173222.591337,828127.000,3920,1,EA,1,100,1.182175
1752173222.657837,828193.500,3939,2,EA,1,100,1.182979
1752173222.724338,828260.000,3939,2,EA,1,100,1.182377
1752173222.791338,828327.000,3956,1,EA,1,100,1.181975
1752173222.857839,828393.500,3970,2,EA,1,100,1.181374
1752173222.924340,828460.000,3970,2,EA,1,100,1.182779
1752173222.991340,828527.000,3988,1,EA,1,100,1.182577
1752173223.057841,828593.500,4004,2,EA,1,100,1.182377
1752173223.124341,828660.000,4004,2,EA,1,100,1.182377
1752173223.191342,828727.000,4021,1,EA,1,100,1.182779
1752173223.257842,828793.500,4038,2,EA,1,100,1.182979
1752173223.324343,828860.000,4038,2,EA,1,100,1.183382
1752173223.391343,828927.000,4055,1,EA,1,100,1.183382
1752173223.457844,828993.500,4071,2,EA,1,100,1.183179
1752173223.524344,829060.000,4071,2,EA,1,100,1.183179
1752173223.591345,829127.000,4088,1,EA,1,100,1.183179
1752173223.657845,829193.500,4104,2,EA,1,100,1.183785
1752173223.724346,829260.000,4104,2,EA,1,100,1.183179
1752173223.791347,829327.000,4120,1,EA,1,100,1.183382
1752173223.857847,829393.500,4138,2,EA,1,100,1.183582
1752173223.924348,829460.000,4138,2,EA,1,100,1.183582
1752173223.991348,829527.000,4156,1,EA,1,100,1.183785
1752173224.057849,829593.500,4171,2,EA,1,100,1.182377
1752173224.124349,829660.000,4171,2,EA,1,100,1.183382
1752173224.191350,829727.000,4187,2,EA,1,100,1.183985
1752173224.258350,829794.000,4187,2,EA,1,100,1.184589
1752173224.324351,829860.000,4204,1,EA,1,100,1.183179
1752173224.391351,829927.000,4223,2,EA,1,100,1.183382
1752173224.458352,829994.000,4223,2,EA,1,100,1.183382
1752173224.524353,830060.000,4239,1,EA,1,100,1.183785
1752173224.591353,830127.000,4255,2,EA,1,100,1.184993
1752173224.658354,830194.000,4255,2,EA,1,100,1.184186
1752173224.724354,830260.000,4271,1,EA,1,100,1.184186
1752173224.791355,830327.000,4288,2,EA,1,100,1.184388
1752173224.858355,830394.000,4288,2,EA,1,100,1.184589
1752173224.924356,830460.000,4304,1,EA,1,100,1.183382
1752173224.990856,830526.500,4322,2,EA,1,100,1.183985
1752173225.057357,830593.000,4322,2,EA,1,100,1.184993
1752173225.124357,830660.000,4338,1,EA,1,100,1.184993
1752173225.190858,830726.500,4355,2,EA,1,100,1.185194
1752173225.257358,830793.000,4355,2,EA,1,100,1.185397
1752173225.324359,830860.000,4372,1,EA,1,100,1.185194
1752173225.390860,830926.500,4387,2,EA,1,100,1.185598
1752173225.457360,830993.000,4387,2,EA,1,100,1.185194
1752173225.524361,831060.000,4403,1,EA,1,100,1.185397
1752173225.590861,831126.500,4423,2,EA,1,100,1.186608
1752173225.657362,831193.000,4423,2,EA,1,100,1.186203
1752173225.724362,831260.000,4439,1,EA,1,100,1.185801
1752173225.790863,831326.500,4454,2,EA,1,100,1.184993
1752173225.857363,831393.000,4454,2,EA,1,100,1.185397
1752173225.924364,831460.000,4470,1,EA,1,100,1.185397
1752173225.990864,831526.500,4488,2,EA,1,100,1.185397
1752173226.057365,831593.000,4488,2,EA,1,100,1.184993
1752173226.124366,831660.000,4504,1,EA,1,100,1.185801
1752173226.190866,831726.500,4522,2,EA,1,100,1.185194
1752173226.257367,831793.000,4522,2,EA,1,100,1.185397
1752173226.324367,831860.000,4538,1,EA,1,100,1.185801
1752173226.390868,831926.500,4557,2,EA,1,100,1.185801
1752173226.457368,831993.000,4557,2,EA,1,100,1.185194
1752173226.524369,832060.000,4573,2,EA,1,100,1.184993
1752173226.591369,832127.000,4573,2,EA,1,100,1.186002
1752173226.657370,832193.000,4591,1,EA,1,100,1.185194
1752173226.724370,832260.000,4605,2,EA,1,100,1.185598
1752173226.791371,832327.000,4605,2,EA,1,100,1.185194
1752173226.857372,832393.000,4624,1,EA,1,100,1.186002
1752173226.924372,832460.000,4641,2,EA,1,100,1.186002
1752173226.991373,832527.000,4641,2,EA,1,100,1.186203
1752173227.057373,832593.000,4658,1,EA,1,100,1.186608
1752173227.124374,832660.000,4672,2,EA,1,100,1.187214
1752173227.191374,832727.000,4672,2,EA,1,100,1.185194
1752173227.257375,832793.000,4689,1,EA,1,100,1.185598
1752173227.324375,832860.000,4706,2,EA,1,100,1.186203
1752173227.391376,832927.000,4706,2,EA,1,100,1.186002
1752173227.457376,832993.000,4725,1,EA,1,100,1.186002
1752173227.524377,833060.000,4739,2,EA,1,100,1.186203
1752173227.591377,833127.000,4739,2,EA,1,100,1.186203
1752173227.657378,833193.000,4757,1,EA,1,100,1.186203
1752173227.724379,833260.000,4773,2,EA,1,100,1.187013
1752173227.791379,833327.000,4773,2,EA,1,100,1.187013
1752173227.857380,833393.000,4790,1,EA,1,100,1.187418
1752173227.924380,833460.000,4807,2,EA,1,100,1.187214
1752173227.991381,833527.000,4807,2,EA,1,100,1.186608
1752173228.057381,833593.000,4824,1,EA,1,100,1.186608
1752173228.124382,833660.000,4840,2,EA,1,100,1.187214
1752173228.191382,833727.000,4840,2,EA,1,100,1.187214
1752173228.257383,833793.000,4857,1,EA,1,100,1.187013
1752173228.323883,833859.500,4873,2,EA,1,100,1.187418
1752173228.390384,833926.000,4873,2,EA,1,100,1.186811
1752173228.457385,833993.000,4891,1,EA,1,100,1.187824
1752173228.523885,834059.500,4907,2,EA,1,100,1.188026
1752173228.590386,834126.000,4907,2,EA,1,100,1.187620
1752173228.657386,834193.000,4925,2,EA,1,100,1.187214
1752173228.724387,834260.000,4925,2,EA,1,100,1.188026
1752173228.790387,834326.000,4941,1,EA,1,100,1.187418
1752173228.857388,834393.000,4956,2,EA,1,100,1.187418
1752173228.924388,834460.000,4956,2,EA,1,100,1.187620
1752173228.990389,834526.000,4973,1,EA,1,100,1.187620
1752173229.057389,834593.000,4992,2,EA,1,100,1.187418
1752173229.124390,834660.000,4992,2,EA,1,100,1.187620
1752173229.190390,834726.000,5008,1,EA,1,100,1.187620
1752173229.257391,834793.000,5024,2,EA,1,100,1.188634
1752173229.324392,834860.000,5024,2,EA,1,100,1.188634
1752173229.390392,834926.000,5040,1,EA,1,100,1.188026
1752173229.457393,834993.000,5057,2,EA,1,100,1.188228
1752173229.524393,835060.000,5057,2,EA,1,100,1.188026
1752173229.590394,835126.000,5073,1,EA,1,100,1.188026
1752173229.657394,835193.000,5091,2,EA,1,100,1.189040
1752173229.724395,835260.000,5091,2,EA,1,100,1.188432
1752173229.790395,835326.000,5107,1,EA,1,100,1.188026
1752173229.857396,835393.000,5124,2,EA,1,100,1.187824
1752173229.924396,835460.000,5124,2,EA,1,100,1.188432
1752173229.990397,835526.000,5141,1,EA,1,100,1.188432
1752173230.057398,835593.000,5156,2,EA,1,100,1.188026
1752173230.124398,835660.000,5156,2,EA,1,100,1.188432
1752173230.190399,835726.000,5174,1,EA,1,100,1.189040
1752173230.257399,835793.000,5192,2,EA,1,100,1.188838
1752173230.324400,835860.000,5192,2,EA,1,100,1.188432
1752173230.390400,835926.000,5208,1,EA,1,100,1.188026
1752173230.457401,835993.000,5223,2,EA,1,100,1.189447
1752173230.524401,836060.000,5223,2,EA,1,100,1.188228
1752173230.590402,836126.000,5239,1,EA,1,100,1.189040
1752173230.657402,836193.000,5257,2,EA,1,100,1.188432
1752173230.724403,836260.000,5257,2,EA,1,100,1.188634
1752173230.790403,836326.000,5275,1,EA,1,100,1.189649
1752173230.857404,836393.000,5291,2,EA,1,100,1.190056
1752173230.924405,836460.000,5291,2,EA,1,100,1.189447
1752173230.990905,836526.500,5307,2,EA,1,100,1.190259
1752173231.057406,836593.000,5307,2,EA,1,100,1.190259
1752173231.124406,836660.000,5324,1,EA,1,100,1.190056
1752173231.190907,836726.500,5340,2,EA,1,100,1.189649
1752173231.257407,836793.000,5340,2,EA,1,100,1.188838
1752173231.324408,836860.000,5358,1,EA,1,100,1.189242
1752173231.390908,836926.500,5376,2,EA,1,100,1.189649
1752173231.457409,836993.000,5376,2,EA,1,100,1.189854
1752173231.524409,837060.000,5393,1,EA,1,100,1.189854
1752173231.590910,837126.500,5410,2,EA,1,100,1.189854
1752173231.657411,837193.000,5410,2,EA,1,100,1.189854
1752173231.723411,837259.000,5427,1,EA,1,100,1.189854
1752173231.790412,837326.000,5441,2,EA,1,100,1.190056
1752173231.857412,837393.000,5441,2,EA,1,100,1.190464
1752173231.923413,837459.000,5460,1,EA,1,100,1.189854
1752173231.990413,837526.000,5477,2,EA,1,100,1.190259
1752173232.057414,837593.000,5477,2,EA,1,100,1.190056
1752173232.123414,837659.000,5494,1,EA,1,100,1.189649
1752173232.190415,837726.000,5508,2,EA,1,100,1.189854
1752173232.257415,837793.000,5508,2,EA,1,100,1.190464
1752173232.323416,837859.000,5526,1,EA,1,100,1.190259
1752173232.390417,837926.000,5542,2,EA,1,100,1.190259
1752173232.457417,837993.000,5542,2,EA,1,100,1.189854
1752173232.523418,838059.000,5561,1,EA,1,100,1.189447
1752173232.590418,838126.000,5576,2,EA,1,100,1.191074
1752173232.657419,838193.000,5576,2,EA,1,100,1.189854
1752173232.723419,838259.000,5593,1,EA,1,100,1.190259
1752173232.790420,838326.000,5609,2,EA,1,100,1.191482
1752173232.857420,838393.000,5609,2,EA,1,100,1.191891
1752173232.923421,838459.000,5626,1,EA,1,100,1.191685
1752173232.990421,838526.000,5644,2,EA,1,100,1.191891
1752173233.057422,838593.000,5644,2,EA,1,100,1.190871
1752173233.123422,838659.000,5660,1,EA,1,100,1.190871
1752173233.190423,838726.000,5676,2,EA,1,100,1.190871
1752173233.257424,838793.000,5676,2,EA,1,100,1.191482
1752173233.323424,838859.000,5694,1,EA,1,100,1.192094
1752173233.390425,838926.000,5709,2,EA,1,100,1.192094
1752173233.457425,838993.000,5709,2,EA,1,100,1.191482
1752173233.523926,839059.500,5725,2,EA,1,100,1.191891
1752173233.590426,839126.000,5725,2,EA,1,100,1.192094
1752173233.657427,839193.000,5744,1,EA,1,100,1.191074
1752173233.723927,839259.500,5761,2,EA,1,100,1.191685
1752173233.790428,839326.000,5761,2,EA,1,100,1.191891
1752173233.857428,839393.000,5777,1,EA,1,100,1.191891
1752173233.923929,839459.500,5793,2,EA,1,100,1.191891
1752173233.990430,839526.000,5793,2,EA,1,100,1.191891
1752173234.057430,839593.000,5809,1,EA,1,100,1.191482
1752173234.123931,839659.500,5826,2,EA,1,100,1.191482
1752173234.190431,839726.000,5826,2,EA,1,100,1.192912
1752173234.257432,839793.000,5844,1,EA,1,100,1.191891
1752173234.323932,839859.500,5860,2,EA,1,100,1.192094
1752173234.390433,839926.000,5860,2,EA,1,100,1.192094
1752173234.457433,839993.000,5876,1,EA,1,100,1.191482
1752173234.523934,840059.500,5893,2,EA,1,100,1.192094
1752173234.590434,840126.000,5893,2,EA,1,100,1.192094
1752173234.657435,840193.000,5910,1,EA,1,100,1.191685
1752173234.723935,840259.500,5927,2,EA,1,100,1.191891
1752173234.790436,840326.000,5927,2,EA,1,100,1.191891
1752173234.857437,840393.000,5943,1,EA,1,100,1.191074
1752173234.923937,840459.500,5961,2,EA,1,100,1.192094
1752173234.990438,840526.000,5961,2,EA,1,100,1.192297
1752173235.056438,840592.000,5977,1,EA,1,100,1.192297
1752173235.123439,840659.000,5992,2,EA,1,100,1.192094
1752173235.190439,840726.000,5992,2,EA,1,100,1.192503
1752173235.256440,840792.000,6008,1,EA,1,100,1.192912
1752173235.323440,840859.000,6028,2,EA,1,100,1.193115
1752173235.390441,840926.000,6028,2,EA,1,100,1.192706
1752173235.456441,840992.000,6044,1,EA,1,100,1.193115
1752173235.523442,841059.000,6059,2,EA,1,100,1.192297
1752173235.590443,841126.000,6059,2,EA,1,100,1.192503
1752173235.656443,841192.000,6076,1,EA,1,100,1.193319
1752173235.723444,841259.000,6093,2,EA,1,100,1.193525
1752173235.790444,841326.000,6093,2,EA,1,100,1.193115
1752173235.856945,841392.500,6109,2,EA,1,100,1.193115
1752173235.923445,841459.000,6109,2,EA,1,100,1.193935
1752173235.990446,841526.000,6129,1,EA,1,100,1.192706
1752173236.056946,841592.500,6143,2,EA,1,100,1.193319
1752173236.123447,841659.000,6143,2,EA,1,100,1.193115
1752173236.190447,841726.000,6160,1,EA,1,100,1.193115
1752173236.256948,841792.500,6177,2,EA,1,100,1.193525
1752173236.323448,841859.000,6177,2,EA,1,100,1.193525
1752173236.390449,841926.000,6196,1,EA,1,100,1.193729
1752173236.456950,841992.500,6210,2,EA,1,100,1.194139
1752173236.523450,842059.000,6210,2,EA,1,100,1.193525
1752173236.590451,842126.000,6229,1,EA,1,100,1.193525
1752173236.656951,842192.500,6246,2,EA,1,100,1.193115
1752173236.723452,842259.000,6246,2,EA,1,100,1.192912
1752173236.790452,842326.000,6263,1,EA,1,100,1.193319
1752173236.856953,842392.500,6277,2,EA,1,100,1.192912
1752173236.923453,842459.000,6277,2,EA,1,100,1.193935
1752173236.990454,842526.000,6295,1,EA,1,100,1.193729
1752173237.056954,842592.500,6311,2,EA,1,100,1.194139
1752173237.123455,842659.000,6311,2,EA,1,100,1.194549
1752173237.190456,842726.000,6330,1,EA,1,100,1.194549
1752173237.256956,842792.500,6345,2,EA,1,100,1.194342
1752173237.323457,842859.000,6345,2,EA,1,100,1.194549
1752173237.390457,842926.000,6362,1,EA,1,100,1.195163
1752173237.456958,842992.500,6378,2,EA,1,100,1.194959
1752173237.523458,843059.000,6378,2,EA,1,100,1.194959
1752173237.590459,843126.000,6395,1,EA,1,100,1.194959
1752173237.656959,843192.500,6413,2,EA,1,100,1.194139
1752173237.723460,843259.000,6413,2,EA,1,100,1.194139
1752173237.790460,843326.000,6429,1,EA,1,100,1.195163
1752173237.856961,843392.500,6445,2,EA,1,100,1.194959
1752173237.923462,843459.000,6445,2,EA,1,100,1.194342
1752173237.990462,843526.000,6463,1,EA,1,100,1.194342
1752173238.056963,843592.500,6478,2,EA,1,100,1.195779
1752173238.123463,843659.000,6478,2,EA,1,100,1.195574
1752173238.189964,843725.500,6494,2,EA,1,100,1.195985
1752173238.256464,843792.000,6494,2,EA,1,100,1.195779
1752173238.323465,843859.000,6513,1,EA,1,100,1.195163
1752173238.389965,843925.500,6530,2,EA,1,100,1.195163
1752173238.456466,843992.000,6530,2,EA,1,100,1.195368
1752173238.523466,844059.000,6546,1,EA,1,100,1.194753
1752173238.589967,844125.500,6562,2,EA,1,100,1.194959
1752173238.656467,844192.000,6562,2,EA,1,100,1.194753
1752173238.723468,844259.000,6578,1,EA,1,100,1.194753
1752173238.789969,844325.500,6595,2,EA,1,100,1.195779
1752173238.856469,844392.000,6595,2,EA,1,100,1.196395
1752173238.923470,844459.000,6613,1,EA,1,100,1.196190
1752173238.989970,844525.500,6629,2,EA,1,100,1.195779
1752173239.056471,844592.000,6629,2,EA,1,100,1.196190
1752173239.123471,844659.000,6645,1,EA,1,100,1.195574
1752173239.189972,844725.500,6662,2,EA,1,100,1.196395
1752173239.256472,844792.000,6662,2,EA,1,100,1.195574
1752173239.323473,844859.000,6679,1,EA,1,100,1.196190
1752173239.389973,844925.500,6694,2,EA,1,100,1.196602
1752173239.456474,844992.000,6694,2,EA,1,100,1.195574
1752173239.523475,845059.000,6712,1,EA,1,100,1.196395
1752173239.589975,845125.500,6730,2,EA,1,100,1.195985
1752173239.656476,845192.000,6730,2,EA,1,100,1.196395
1752173239.723476,845259.000,6746,1,EA,1,100,1.196602
1752173239.789977,845325.500,6761,2,EA,1,100,1.197424
1752173239.856477,845392.000,6761,2,EA,1,100,1.196395
1752173239.923478,845459.000,6777,1,EA,1,100,1.196602
1752173239.989978,845525.500,6797,2,EA,1,100,1.196602
1752173240.056479,845592.000,6797,2,EA,1,100,1.197013
1752173240.123479,845659.000,6813,1,EA,1,100,1.196395
1752173240.189980,845725.500,6829,2,EA,1,100,1.196395
1752173240.256480,845792.000,6829,2,EA,1,100,1.197013
1752173240.323481,845859.000,6845,1,EA,1,100,1.197219
1752173240.389982,845925.500,6862,2,EA,1,100,1.197219
1752173240.456482,845992.000,6862,2,EA,1,100,1.197013
1752173240.522983,846058.500,6878,2,EA,1,100,1.197424
1752173240.589483,846125.000,6878,2,EA,1,100,1.196807
1752173240.656484,846192.000,6898,1,EA,1,100,1.196807
1752173240.722984,846258.500,6912,2,EA,1,100,1.196602
1752173240.789485,846325.000,6912,2,EA,1,100,1.196395
1752173240.856485,846392.000,6929,1,EA,1,100,1.196190
1752173240.922986,846458.500,6946,2,EA,1,100,1.196807
1752173240.989486,846525.000,6946,2,EA,1,100,1.197424
1752173241.056487,846592.000,6963,1,EA,1,100,1.197631
1752173241.122988,846658.500,6977,2,EA,1,100,1.198662
1752173241.189488,846725.000,6977,2,EA,1,100,1.197631
1752173241.256489,846792.000,6996,1,EA,1,100,1.197424
1752173241.322989,846858.500,7015,2,EA,1,100,1.197836
1752173241.389490,846925.000,7015,2,EA,1,100,1.197013
1752173241.456490,846992.000,7032,1,EA,1,100,1.197013
1752173241.522991,847058.500,7046,2,EA,1,100,1.196395
1752173241.589491,847125.000,7046,2,EA,1,100,1.197013
1752173241.656492,847192.000,7064,1,EA,1,100,1.197219
1752173241.722992,847258.500,7080,2,EA,1,100,1.197631
1752173241.789493,847325.000,7080,2,EA,1,100,1.197836
1752173241.856494,847392.000,7099,1,EA,1,100,1.197424
1752173241.922994,847458.500,7114,2,EA,1,100,1.197836
1752173241.989495,847525.000,7114,2,EA,1,100,1.197631
1752173242.056495,847592.000,7131,1,EA,1,100,1.197631
1752173242.122996,847658.500,7147,2,EA,1,100,1.196807
1752173242.189496,847725.000,7147,2,EA,1,100,1.197424
1752173242.256497,847792.000,7164,1,EA,1,100,1.198043
1752173242.322997,847858.500,7179,2,EA,1,100,1.199695
1752173242.389498,847925.000,7179,2,EA,1,100,1.199075
1752173242.456498,847992.000,7198,1,EA,1,100,1.198662
1752173242.522999,848058.500,7214,2,EA,1,100,1.197219
1752173242.589499,848125.000,7214,2,EA,1,100,1.197424
1752173242.656500,848192.000,7232,1,EA,1,100,1.198662
1752173242.723001,848258.500,7247,2,EA,1,100,1.198662
1752173242.789501,848325.000,7247,2,EA,1,100,1.198249
1752173242.856002,848391.500,7263,2,EA,1,100,1.198662
1752173242.922502,848458.000,7263,2,EA,1,100,1.198043
1752173242.989503,848525.000,7280,1,EA,1,100,1.198454
1752173243.056003,848591.500,7299,2,EA,1,100,1.198867
1752173243.122504,848658.000,7299,2,EA,1,100,1.199487
1752173243.189504,848725.000,7315,1,EA,1,100,1.199281
1752173243.256005,848791.500,7331,2,EA,1,100,1.199695
1752173243.322505,848858.000,7331,2,EA,1,100,1.198867
1752173243.389506,848925.000,7347,1,EA,1,100,1.198249
1752173243.456007,848991.500,7364,2,EA,1,100,1.198662
1752173243.522507,849058.000,7364,2,EA,1,100,1.199281
1752173243.589508,849125.000,7382,1,EA,1,100,1.199075
1752173243.656008,849191.500,7398,2,EA,1,100,1.200521
1752173243.722509,849258.000,7398,2,EA,1,100,1.199075
1752173243.789509,849325.000,7414,1,EA,1,100,1.199487
1752173243.856010,849391.500,7431,2,EA,1,100,1.200315
1752173243.922510,849458.000,7431,2,EA,1,100,1.200109
1752173243.989511,849525.000,7448,1,EA,1,100,1.199901
1752173244.056011,849591.500,7463,2,EA,1,100,1.199901
1752173244.122512,849658.000,7463,2,EA,1,100,1.199487
1752173244.189512,849725.000,7481,1,EA,1,100,1.199695
1752173244.256013,849791.500,7499,2,EA,1,100,1.199695
1752173244.322514,849858.000,7499,2,EA,1,100,1.199695
1752173244.389514,849925.000,7515,1,EA,1,100,1.199901
1752173244.456015,849991.500,7530,2,EA,1,100,1.200729
1752173244.522515,850058.000,7530,2,EA,1,100,1.199901
1752173244.589516,850125.000,7546,1,EA,1,100,1.199901
1752173244.656016,850191.500,7564,2,EA,1,100,1.199487
1752173244.722517,850258.000,7564,2,EA,1,100,1.200315
1752173244.789517,850325.000,7582,1,EA,1,100,1.199901
1752173244.856018,850391.500,7598,2,EA,1,100,1.200521
1752173244.922518,850458.000,7598,2,EA,1,100,1.199901
1752173244.989519,850525.000,7614,1,EA,1,100,1.199695
1752173245.056020,850591.500,7631,2,EA,1,100,1.200935
1752173245.122520,850658.000,7631,2,EA,1,100,1.201350
1752173245.189521,850725.000,7647,1,EA,1,100,1.200521
1752173245.256021,850791.500,7664,2,EA,1,100,1.200729
1752173245.322522,850858.000,7664,2,EA,1,100,1.200109
1752173245.389022,850924.500,7681,2,EA,1,100,1.200315
1752173245.455523,850991.000,7681,2,EA,1,100,1.201350
1752173245.522523,851058.000,7698,1,EA,1,100,1.200935
1752173245.589024,851124.500,7715,2,EA,1,100,1.200935
1752173245.655524,851191.000,7715,2,EA,1,100,1.201350
1752173245.722525,851258.000,7732,1,EA,1,100,1.201144
1752173245.789025,851324.500,7746,2,EA,1,100,1.201144
1752173245.855526,851391.000,7746,2,EA,1,100,1.201765
1752173245.922527,851458.000,7765,1,EA,1,100,1.200935
1752173245.989027,851524.500,7782,2,EA,1,100,1.201972
1752173246.055528,851591.000,7782,2,EA,1,100,1.201350
1752173246.122528,851658.000,7799,1,EA,1,100,1.200729
1752173246.189029,851724.500,7813,2,EA,1,100,1.200935
1752173246.255529,851791.000,7813,2,EA,1,100,1.200729
1752173246.322530,851858.000,7831,1,EA,1,100,1.201350
1752173246.389030,851924.500,7849,2,EA,1,100,1.201765
1752173246.455531,851991.000,7849,2,EA,1,100,1.202181
1752173246.522531,852058.000,7868,1,EA,1,100,1.201557
1752173246.589032,852124.500,7883,2,EA,1,100,1.202388
1752173246.655533,852191.000,7883,2,EA,1,100,1.201972
1752173246.722533,852258.000,7900,1,EA,1,100,1.201557
1752173246.789034,852324.500,7916,2,EA,1,100,1.201557
1752173246.855534,852391.000,7916,2,EA,1,100,1.202181
1752173246.922535,852458.000,7933,1,EA,1,100,1.201972
1752173246.989035,852524.500,7948,2,EA,1,100,1.202594
1752173247.055536,852591.000,7948,2,EA,1,100,1.201557
1752173247.122536,852658.000,7967,1,EA,1,100,1.201972
1752173247.189037,852724.500,7983,2,EA,1,100,1.201972
1752173247.255537,852791.000,7983,2,EA,1,100,1.201972
1752173247.322538,852858.000,8001,1,EA,1,100,1.202181
1752173247.389039,852924.500,8016,2,EA,1,100,1.202388
1752173247.455539,852991.000,8016,2,EA,1,100,1.202181
1752173247.522540,853058.000,8032,1,EA,1,100,1.202181
1752173247.589040,853124.500,8049,2,EA,1,100,1.201557
1752173247.655541,853191.000,8049,2,EA,1,100,1.202388
1752173247.722541,853258.000,8068,1,EA,1,100,1.202181
1752173247.789042,853324.500,8083,2,EA,1,100,1.201972
1752173247.855542,853391.000,8083,2,EA,1,100,1.201972
1752173247.922543,853458.000,8100,2,EA,1,100,1.202388
1752173247.989543,853525.000,8100,2,EA,1,100,1.202181
1752173248.055544,853591.000,8116,1,EA,1,100,1.202388
1752173248.122544,853658.000,8133,2,EA,1,100,1.203220
1752173248.189545,853725.000,8133,2,EA,1,100,1.202388
1752173248.255546,853791.000,8149,1,EA,1,100,1.202388
1752173248.322046,853857.500,8167,2,EA,1,100,1.202803
1752173248.388547,853924.000,8167,2,EA,1,100,1.202803
1752173248.455547,853991.000,8183,1,EA,1,100,1.202594
1752173248.522048,854057.500,8200,2,EA,1,100,1.202181
1752173248.588548,854124.000,8200,2,EA,1,100,1.203427
1752173248.655549,854191.000,8217,1,EA,1,100,1.203634
1752173248.722049,854257.500,8232,2,EA,1,100,1.204260
1752173248.788550,854324.000,8232,2,EA,1,100,1.202181
1752173248.855550,854391.000,8250,1,EA,1,100,1.203634
1752173248.922051,854457.500,8268,2,EA,1,100,1.203427
1752173248.988552,854524.000,8268,2,EA,1,100,1.202803
1752173249.055552,854591.000,8284,1,EA,1,100,1.203220
1752173249.122053,854657.500,8299,2,EA,1,100,1.203634
1752173249.188553,854724.000,8299,2,EA,1,100,1.203220
1752173249.255554,854791.000,8315,1,EA,1,100,1.203634
1752173249.322054,854857.500,8333,2,EA,1,100,1.204260
1752173249.388555,854924.000,8333,2,EA,1,100,1.202594
1752173249.455555,854991.000,8351,1,EA,1,100,1.203634
1752173249.522056,855057.500,8366,2,EA,1,100,1.204260
1752173249.588556,855124.000,8366,2,EA,1,100,1.203427
1752173249.655557,855191.000,8383,1,EA,1,100,1.203634
1752173249.722057,855257.500,8400,2,EA,1,100,1.204051
1752173249.788558,855324.000,8400,2,EA,1,100,1.203634
1752173249.855559,855391.000,8416,1,EA,1,100,1.204051
1752173249.922059,855457.500,8435,2,EA,1,100,1.205093
1752173249.988560,855524.000,8435,2,EA,1,100,1.204260
1752173250.055560,855591.000,8450,1,EA,1,100,1.204260
1752173250.122061,855657.500,8467,2,EA,1,100,1.204051
1752173250.188561,855724.000,8467,2,EA,1,100,1.203843
1752173250.255562,855791.000,8483,1,EA,1,100,1.204260
1752173250.322062,855857.500,8500,2,EA,1,100,1.205302
1752173250.388563,855924.000,8500,2,EA,1,100,1.204675
1752173250.455563,855991.000,8515,2,EA,1,100,1.204468
1752173250.522564,856058.000,8515,2,EA,1,100,1.205093
1752173250.588565,856124.000,8534,1,EA,1,100,1.204675
1752173250.655565,856191.000,8551,2,EA,1,100,1.203843
1752173250.722566,856258.000,8551,2,EA,1,100,1.205302
1752173250.788566,856324.000,8568,1,EA,1,100,1.205093
1752173250.855567,856391.000,8582,2,EA,1,100,1.205302
1752173250.922567,856458.000,8582,2,EA,1,100,1.204468
1752173250.988568,856524.000,8600,1,EA,1,100,1.204885
1752173251.055568,856591.000,8616,2,EA,1,100,1.204675
1752173251.122569,856658.000,8616,2,EA,1,100,1.204468
1752173251.188569,856724.000,8635,1,EA,1,100,1.204675
1752173251.255570,856791.000,8650,2,EA,1,100,1.204260
1752173251.322571,856858.000,8650,2,EA,1,100,1.204051
1752173251.388571,856924.000,8669,1,EA,1,100,1.205093
1752173251.455572,856991.000,8685,2,EA,1,100,1.205510
1752173251.522572,857058.000,8685,2,EA,1,100,1.206555
1752173251.588573,857124.000,8702,1,EA,1,100,1.205510
1752173251.655073,857190.500,8717,2,EA,1,100,1.205093
1752173251.721574,857257.000,8717,2,EA,1,100,1.205302
1752173251.788574,857324.000,8736,1,EA,1,100,1.205510
1752173251.855575,857391.000,8752,2,EA,1,100,1.205510
1752173251.922575,857458.000,8752,2,EA,1,100,1.206136
1752173251.988576,857524.000,8770,1,EA,1,100,1.205510
1752173252.055076,857590.500,8784,2,EA,1,100,1.205510
1752173252.121577,857657.000,8784,2,EA,1,100,1.205718
1752173252.188578,857724.000,8801,1,EA,1,100,1.205510
1752173252.255078,857790.500,8818,2,EA,1,100,1.205718
1752173252.321579,857857.000,8818,2,EA,1,100,1.205302
1752173252.388579,857924.000,8837,1,EA,1,100,1.205718
1752173252.455080,857990.500,8851,2,EA,1,100,1.205928
1752173252.521580,858057.000,8851,2,EA,1,100,1.204885
1752173252.588581,858124.000,8868,1,EA,1,100,1.205510
1752173252.655081,858190.500,8885,2,EA,1,100,1.205510
1752173252.721582,858257.000,8885,2,EA,1,100,1.205510
1752173252.788582,858324.000,8902,1,EA,1,100,1.205093
1752173252.855083,858390.500,8917,2,EA,1,100,1.205093
1752173252.921584,858457.000,8917,2,EA,1,100,1.205928
1752173252.988584,858524.000,8936,2,EA,1,100,1.206136
1752173253.055585,858591.000,8936,2,EA,1,100,1.206555
1752173253.121585,858657.000,8952,1,EA,1,100,1.206347
1752173253.188586,858724.000,8969,2,EA,1,100,1.206555
1752173253.255586,858791.000,8969,2,EA,1,100,1.206347
1752173253.321587,858857.000,8986,1,EA,1,100,1.206347
1752173253.388587,858924.000,9001,2,EA,1,100,1.205718
1752173253.455588,858991.000,9001,2,EA,1,100,1.206555
1752173253.521588,859057.000,9019,1,EA,1,100,1.206347
1752173253.588589,859124.000,9037,2,EA,1,100,1.206763
1752173253.655589,859191.000,9037,2,EA,1,100,1.206555
1752173253.721590,859257.000,9053,1,EA,1,100,1.206136
1752173253.788591,859324.000,9068,2,EA,1,100,1.206763
1752173253.855591,859391.000,9068,2,EA,1,100,1.206347
1752173253.921592,859457.000,9084,1,EA,1,100,1.206347
1752173253.988592,859524.000,9102,2,EA,1,100,1.206136
1752173254.055593,859591.000,9102,2,EA,1,100,1.206347
1752173254.121593,859657.000,9120,1,EA,1,100,1.206347
1752173254.188594,859724.000,9135,2,EA,1,100,1.206763
1752173254.255594,859791.000,9135,2,EA,1,100,1.206555
1752173254.321595,859857.000,9152,1,EA,1,100,1.206974
1752173254.388595,859924.000,9169,2,EA,1,100,1.206974
1752173254.455596,859991.000,9169,2,EA,1,100,1.206974
1752173254.521597,860057.000,9185,1,EA,1,100,1.206763
1752173254.588597,860124.000,9201,2,EA,1,100,1.207182
1752173254.655598,860191.000,9201,2,EA,1,100,1.206763
1752173254.721598,860257.000,9219,1,EA,1,100,1.206347
1752173254.788599,860324.000,9236,2,EA,1,100,1.207182
1752173254.855599,860391.000,9236,2,EA,1,100,1.207393
1752173254.921600,860457.000,9252,1,EA,1,100,1.206555
1752173254.988100,860523.500,9269,2,EA,1,100,1.206974
1752173255.054601,860590.000,9269,2,EA,1,100,1.207182
1752173255.121601,860657.000,9284,1,EA,1,100,1.206974
1752173255.188102,860723.500,9301,2,EA,1,100,1.208021
1752173255.254602,860790.000,9301,2,EA,1,100,1.207810
1752173255.321603,860857.000,9320,2,EA,1,100,1.207601
1752173255.388604,860924.000,9320,2,EA,1,100,1.206763
1752173255.454604,860990.000,9337,1,EA,1,100,1.206763
1752173255.521605,861057.000,9351,2,EA,1,100,1.207601
1752173255.588605,861124.000,9351,2,EA,1,100,1.208650
1752173255.654606,861190.000,9369,1,EA,1,100,1.207393
1752173255.721606,861257.000,9385,2,EA,1,100,1.208021
1752173255.788607,861324.000,9385,2,EA,1,100,1.208650
1752173255.854607,861390.000,9404,1,EA,1,100,1.208021
1752173255.921608,861457.000,9419,2,EA,1,100,1.207601
1752173255.988608,861524.000,9419,2,EA,1,100,1.208650
1752173256.054609,861590.000,9436,1,EA,1,100,1.208441
1752173256.121610,861657.000,9452,2,EA,1,100,1.208650
1752173256.188610,861724.000,9452,2,EA,1,100,1.209279
1752173256.254611,861790.000,9469,1,EA,1,100,1.208858
1752173256.321611,861857.000,9486,2,EA,1,100,1.209490
1752173256.388612,861924.000,9486,2,EA,1,100,1.208441
1752173256.454612,861990.000,9505,1,EA,1,100,1.209070
1752173256.521613,862057.000,9521,2,EA,1,100,1.209699
1752173256.588613,862124.000,9521,2,EA,1,100,1.208650
1752173256.654614,862190.000,9539,1,EA,1,100,1.209279
1752173256.721614,862257.000,9553,2,EA,1,100,1.209699
1752173256.788615,862324.000,9553,2,EA,1,100,1.208858
1752173256.854615,862390.000,9570,1,EA,1,100,1.209490
1752173256.921616,862457.000,9587,2,EA,1,100,1.209279
1752173256.988617,862524.000,9587,2,EA,1,100,1.208858
1752173257.054617,862590.000,9606,1,EA,1,100,1.209070
1752173257.121618,862657.000,9620,2,EA,1,100,1.209699
1752173257.188618,862724.000,9620,2,EA,1,100,1.210120
1752173257.254619,862790.000,9637,1,EA,1,100,1.210120
1752173257.321619,862857.000,9654,2,EA,1,100,1.209490
1752173257.388620,862924.000,9654,2,EA,1,100,1.210120
1752173257.454620,862990.000,9671,1,EA,1,100,1.210330
1752173257.521621,863057.000,9688,2,EA,1,100,1.209909
1752173257.588621,863124.000,9688,2,EA,1,100,1.210120
1752173257.655122,863190.500,9705,2,EA,1,100,1.210330
1752173257.721623,863257.000,9705,2,EA,1,100,1.209909
1752173257.788623,863324.000,9721,1,EA,1,100,1.209699
1752173257.855124,863390.500,9738,2,EA,1,100,1.209909
1752173257.921624,863457.000,9738,2,EA,1,100,1.210961
1752173257.988625,863524.000,9755,1,EA,1,100,1.210330
1752173258.055125,863590.500,9770,2,EA,1,100,1.210751
1752173258.121626,863657.000,9770,2,EA,1,100,1.210751
1752173258.188626,863724.000,9788,1,EA,1,100,1.210751
1752173258.255127,863790.500,9806,2,EA,1,100,1.211805
1752173258.321627,863857.000,9806,2,EA,1,100,1.210120
1752173258.387628,863923.000,9822,1,EA,1,100,1.210330
1752173258.454629,863990.000,9837,2,EA,1,100,1.210961
1752173258.521629,864057.000,9837,2,EA,1,100,1.209699
1752173258.587630,864123.000,9853,1,EA,1,100,1.210120
1752173258.654630,864190.000,9871,2,EA,1,100,1.211173
1752173258.721631,864257.000,9871,2,EA,1,100,1.211805
1752173258.787631,864323.000,9889,1,EA,1,100,1.211595
1752173258.854632,864390.000,9904,2,EA,1,100,1.211383
1752173258.921632,864457.000,9904,2,EA,1,100,1.212015
1752173258.987633,864523.000,9921,1,EA,1,100,1.211805
1752173259.054633,864590.000,9938,2,EA,1,100,1.212015
1752173259.121634,864657.000,9938,2,EA,1,100,1.211173
1752173259.187634,864723.000,9954,1,EA,1,100,1.210961
1752173259.254635,864790.000,9970,2,EA,1,100,1.210961
1752173259.321636,864857.000,9970,2,EA,1,100,1.211173
1752173259.387636,864923.000,9988,1,EA,1,100,1.211173
1752173259.454637,864990.000,10005,2,EA,1,100,1.210751
1752173259.521637,865057.000,10005,2,EA,1,100,1.212015
1752173259.587638,865123.000,10021,1,EA,1,100,1.211383
1752173259.654638,865190.000,10038,2,EA,1,100,1.212227
1752173259.721639,865257.000,10038,2,EA,1,100,1.211805
1752173259.787639,865323.000,10053,1,EA,1,100,1.211805
1752173259.854640,865390.000,10070,2,EA,1,100,1.213494
1752173259.921640,865457.000,10070,2,EA,1,100,1.213071
1752173259.987641,865523.000,10089,1,EA,1,100,1.212650
1752173260.054642,865590.000,10105,2,EA,1,100,1.212227
1752173260.121642,865657.000,10105,2,EA,1,100,1.211805
1752173260.188143,865723.500,10120,2,EA,1,100,1.212438
1752173260.254643,865790.000,10120,2,EA,1,100,1.212650
1752173260.321644,865857.000,10138,1,EA,1,100,1.213071
1752173260.388144,865923.500,10154,2,EA,1,100,1.212860
1752173260.454645,865990.000,10154,2,EA,1,100,1.213918
1752173260.521645,866057.000,10173,1,EA,1,100,1.213071
1752173260.588146,866123.500,10188,2,EA,1,100,1.212650
1752173260.654646,866190.000,10188,2,EA,1,100,1.213707
1752173260.721647,866257.000,10205,1,EA,1,100,1.213284
1752173260.788147,866323.500,10221,2,EA,1,100,1.212860
1752173260.854648,866390.000,10221,2,EA,1,100,1.213284
1752173260.921649,866457.000,10238,1,EA,1,100,1.213918
1752173260.988149,866523.500,10253,2,EA,1,100,1.213918
1752173261.054650,866590.000,10253,2,EA,1,100,1.214977
1752173261.121650,866657.000,10272,1,EA,1,100,1.213494
1752173261.188151,866723.500,10288,2,EA,1,100,1.213494
1752173261.254651,866790.000,10288,2,EA,1,100,1.212860
1752173261.321652,866857.000,10306,1,EA,1,100,1.213707
1752173261.388152,866923.500,10322,2,EA,1,100,1.214129
1752173261.454653,866990.000,10322,2,EA,1,100,1.213707
1752173261.521653,867057.000,10339,1,EA,1,100,1.214766
1752173261.588154,867123.500,10356,2,EA,1,100,1.213494
1752173261.654655,867190.000,10356,2,EA,1,100,1.213494
1752173261.720655,867256.000,10375,1,EA,1,100,1.212650
1752173261.787656,867323.000,10389,2,EA,1,100,1.213494
1752173261.854656,867390.000,10389,2,EA,1,100,1.212860
1752173261.920657,867456.000,10406,1,EA,1,100,1.212860
1752173261.987657,867523.000,10423,2,EA,1,100,1.213284
1752173262.054658,867590.000,10423,2,EA,1,100,1.217101
1752173262.120658,867656.000,10440,1,EA,1,100,1.218378
1752173262.187659,867723.000,10455,2,EA,1,100,1.223732
1752173262.254659,867790.000,10455,2,EA,1,100,1.243401
1752173262.320660,867856.000,10474,1,EA,1,100,1.228266
1752173262.387661,867923.000,10490,2,EA,1,100,1.214766
1752173262.454661,867990.000,10490,2,EA,1,100,1.212860
1752173262.520662,868056.000,10507,1,EA,1,100,1.213071
1752173262.587662,868123.000,10523,2,EA,1,100,1.227617
1752173262.654663,868190.000,10523,2,EA,1,100,1.220301
1752173262.721163,868256.500,10539,2,EA,1,100,1.216675
1752173262.787664,868323.000,10539,2,EA,1,100,1.217101
1752173262.854664,868390.000,10555,1,EA,1,100,1.214553
1752173262.921165,868456.500,10575,2,EA,1,100,1.217739
1752173262.987665,868523.000,10575,2,EA,1,100,1.222873
1752173263.054666,868590.000,10591,1,EA,1,100,1.225240
1752173263.121166,868656.500,10606,2,EA,1,100,1.223732
1752173263.187667,868723.000,10606,2,EA,1,100,1.219445
1752173263.254668,868790.000,10622,1,EA,1,100,1.219020
1752173263.321168,868856.500,10640,2,EA,1,100,1.220088
1752173263.387669,868923.000,10640,2,EA,1,100,1.219445
1752173263.454669,868990.000,10656,1,EA,1,100,1.217527
1752173263.521170,869056.500,10673,2,EA,1,100,1.219020
1752173263.587670,869123.000,10673,2,EA,1,100,1.220942
1752173263.654671,869190.000,10690,1,EA,1,100,1.220088
1752173263.721171,869256.500,10707,2,EA,1,100,1.219445
1752173263.787672,869323.000,10707,2,EA,1,100,1.219232
1752173263.854672,869390.000,10723,1,EA,1,100,1.219020
1752173263.921173,869456.500,10739,2,EA,1,100,1.219020
1752173263.987674,869523.000,10739,2,EA,1,100,1.222873
1752173264.054674,869590.000,10755,1,EA,1,100,1.201557
1752173264.121175,869656.500,10774,2,EA,1,100,1.137186
1752173264.187675,869723.000,10774,2,EA,1,100,1.139046
1752173264.254676,869790.000,10790,1,EA,1,100,1.147306
1752173264.321176,869856.500,10806,2,EA,1,100,1.192503
1752173264.387677,869923.000,10806,2,EA,1,100,1.201557
1752173264.454677,869990.000,10822,1,EA,1,100,1.209909
1752173264.521178,870056.500,10839,2,EA,1,100,1.221158
1752173264.587678,870123.000,10839,2,EA,1,100,1.224808
1752173264.654679,870190.000,10856,1,EA,1,100,1.240743
1752173264.721179,870256.500,10874,2,EA,1,100,1.273887
1752173264.787680,870323.000,10874,2,EA,1,100,1.241407
1752173264.854681,870390.000,10891,1,EA,1,100,1.233488
1752173264.921181,870456.500,10909,2,EA,1,100,1.224593
1752173264.987682,870523.000,10909,2,EA,1,100,1.220942
1752173265.054682,870590.000,10925,1,EA,1,100,1.224162
1752173265.121183,870656.500,10941,2,EA,1,100,1.221585
1752173265.187683,870723.000,10941,2,EA,1,100,1.221158
1752173265.254184,870789.500,10957,2,EA,1,100,1.220088
1752173265.320684,870856.000,10957,2,EA,1,100,1.220729
1752173265.387685,870923.000,10976,1,EA,1,100,1.225456
1752173265.454185,870989.500,10992,2,EA,1,100,1.231962
1752173265.520686,871056.000,10992,2,EA,1,100,1.234363
1752173265.587687,871123.000,11009,1,EA,1,100,1.212227
1752173265.654187,871189.500,11024,2,EA,1,100,1.187214
1752173265.720688,871256.000,11024,2,EA,1,100,1.166137
1752173265.787688,871323.000,11041,1,EA,1,100,1.136073
1752173265.854189,871389.500,11057,2,EA,1,100,1.107696
1752173265.920689,871456.000,11057,2,EA,1,100,1.100343
1752173265.987690,871523.000,11077,1,EA,1,100,1.107696
1752173266.054190,871589.500,11091,2,EA,1,100,1.103307
1752173266.120691,871656.000,11091,2,EA,1,100,1.068102
1752173266.187691,871723.000,11108,1,EA,1,100,1.047689
1752173266.254192,871789.500,11125,2,EA,1,100,1.054991
1752173266.320692,871856.000,11125,2,EA,1,100,1.056273
1752173266.387693,871923.000,11144,1,EA,1,100,1.064997
1752173266.454194,871989.500,11158,2,EA,1,100,1.066628
1752173266.520694,872056.000,11158,2,EA,1,100,1.062559
1752173266.587695,872123.000,11177,1,EA,1,100,1.058682
1752173266.654195,872189.500,11194,2,EA,1,100,1.052759
1752173266.720696,872256.000,11194,2,EA,1,100,1.048952
1752173266.787696,872323.000,11211,1,EA,1,100,1.045330
1752173266.854197,872389.500,11225,2,EA,1,100,1.045800
1752173266.920697,872456.000,11225,2,EA,1,100,1.039089
1752173266.987698,872523.000,11243,1,EA,1,100,1.029715
1752173267.054198,872589.500,11259,2,EA,1,100,1.028802
1752173267.120699,872656.000,11259,2,EA,1,100,1.044546
1752173267.187700,872723.000,11278,1,EA,1,100,1.142785
1752173267.254200,872789.500,11293,2,EA,1,100,1.243180
1752173267.320701,872856.000,11293,2,EA,1,100,1.250998
1752173267.387701,872923.000,11310,1,EA,1,100,1.211805
1752173267.454202,872989.500,11326,2,EA,1,100,1.189242
1752173267.520702,873056.000,11326,2,EA,1,100,1.173410
1752173267.587703,873123.000,11343,1,EA,1,100,1.151670
1752173267.654203,873189.500,11360,2,EA,1,100,1.144664
1752173267.720704,873256.000,11360,2,EA,1,100,1.144288
1752173267.787204,873322.500,11377,2,EA,1,100,1.154726
1752173267.853705,873389.000,11377,2,EA,1,100,1.150719
1752173267.920706,873456.000,11393,1,EA,1,100,1.160694
1752173267.987206,873522.500,11411,2,EA,1,100,1.158185
1752173268.053707,873589.000,11411,2,EA,1,100,1.142037
1752173268.120707,873656.000,11427,1,EA,1,100,1.145796
1752173268.187208,873722.500,11442,2,EA,1,100,1.147306
1752173268.253708,873789.000,11442,2,EA,1,100,1.140167
1752173268.320709,873856.000,11461,1,EA,1,100,1.135887
1752173268.387209,873922.500,11478,2,EA,1,100,1.128158
1752173268.453710,873989.000,11478,2,EA,1,100,1.127974
1752173268.520710,874056.000,11494,1,EA,1,100,1.129989
1752173268.587211,874122.500,11510,2,EA,1,100,1.127974
1752173268.653711,874189.000,11510,2,EA,1,100,1.124150
1752173268.720712,874256.000,11526,1,EA,1,100,1.121614
1752173268.787213,874322.500,11543,2,EA,1,100,1.124876
1752173268.853713,874389.000,11543,2,EA,1,100,1.115505
1752173268.920714,874456.000,11561,1,EA,1,100,1.094463
1752173268.987214,874522.500,11577,2,EA,1,100,1.055152
1752173269.053715,874589.000,11577,2,EA,1,100,1.008827
1752173269.120715,874656.000,11593,1,EA,1,100,0.971523
1752173269.187216,874722.500,11610,2,EA,1,100,0.986807
1752173269.253716,874789.000,11610,2,EA,1,100,1.015299
1752173269.320717,874856.000,11627,1,EA,1,100,1.018866
1752173269.387217,874922.500,11642,2,EA,1,100,1.005186
1752173269.453718,874989.000,11642,2,EA,1,100,1.016040
1752173269.520719,875056.000,11660,1,EA,1,100,1.039089
1752173269.587219,875122.500,11678,2,EA,1,100,1.050694
1752173269.653720,875189.000,11678,2,EA,1,100,1.065161
1752173269.720720,875256.000,11694,1,EA,1,100,1.083899
1752173269.787221,875322.500,11710,2,EA,1,100,1.081204
1752173269.853721,875389.000,11710,2,EA,1,100,1.098087
1752173269.920722,875456.000,11725,1,EA,1,100,1.185598
1752173269.987222,875522.500,11745,2,EA,1,100,1.211595
1752173270.053723,875589.000,11745,2,EA,1,100,1.213707
1752173270.120223,875655.500,11763,2,EA,1,100,1.134777
1752173270.186724,875722.000,11763,2,EA,1,100,1.022006
1752173270.253724,875789.000,11780,1,EA,1,100,0.985131
1752173270.320225,875855.500,11795,2,EA,1,100,1.025015
1752173270.386726,875922.000,11795,2,EA,1,100,1.049426
1752173270.453726,875989.000,11812,1,EA,1,100,1.035227
1752173270.520227,876055.500,11830,2,EA,1,100,1.014560
1752173270.586727,876122.000,11830,2,EA,1,100,1.064183
1752173270.653728,876189.000,11848,1,EA,1,100,1.184186
1752173270.720228,876255.500,11862,2,EA,1,100,1.211805
1752173270.786729,876322.000,11862,2,EA,1,100,1.215613
1752173270.853729,876389.000,11879,1,EA,1,100,1.212860
1752173270.920230,876455.500,11896,2,EA,1,100,1.208441
1752173270.986730,876522.000,11896,2,EA,1,100,1.218805
1752173271.053731,876589.000,11913,1,EA,1,100,1.238315
1752173271.120232,876655.500,11929,2,EA,1,100,1.252798
1752173271.186732,876722.000,11929,2,EA,1,100,1.269473
1752173271.253733,876789.000,11946,1,EA,1,100,1.270169
1752173271.320233,876855.500,11967,2,EA,1,100,1.249426
1752173271.386734,876922.000,11967,2,EA,1,100,1.235020
1752173271.453734,876989.000,11984,1,EA,1,100,1.222229
1752173271.520235,877055.500,11998,2,EA,1,100,1.220301
1752173271.586735,877122.000,11998,2,EA,1,100,1.228049
1752173271.653736,877189.000,12018,1,EA,1,100,1.239417
1752173271.720236,877255.500,12034,2,EA,1,100,1.120171
1752173271.786737,877322.000,12034,2,EA,1,100,0.964390
1752173271.853737,877389.000,12051,1,EA,1,100,0.926654
1752173271.920238,877455.500,12067,2,EA,1,100,0.887779
1752173271.986739,877522.000,12067,2,EA,1,100,0.872866
1752173272.053739,877589.000,12083,1,EA,1,100,0.865057
1752173272.120240,877655.500,12099,2,EA,1,100,0.864090
1752173272.186740,877722.000,12099,2,EA,1,100,0.863662
1752173272.253741,877789.000,12118,1,EA,1,100,0.882603
1752173272.320241,877855.500,12134,2,EA,1,100,0.898782
1752173272.386742,877922.000,12134,2,EA,1,100,0.908754
1752173272.453742,877989.000,12150,2,EA,1,100,0.918464
1752173272.520743,878056.000,12150,2,EA,1,100,0.919556
1752173272.586743,878122.000,12166,1,EA,1,100,0.913043
1752173272.653244,878188.500,12186,2,EA,1,100,0.914723
1752173272.719745,878255.000,12186,2,EA,1,100,0.921137
1752173272.786745,878322.000,12202,1,EA,1,100,0.924071
1752173272.853246,878388.500,12217,2,EA,1,100,0.923091
1752173272.919746,878455.000,12217,2,EA,1,100,0.937257
1752173272.986747,878522.000,12234,1,EA,1,100,0.939914
1752173273.053247,878588.500,12251,2,EA,1,100,0.942458
1752173273.119748,878655.000,12251,2,EA,1,100,0.942969
1752173273.186748,878722.000,12267,1,EA,1,100,0.936627
1752173273.253249,878788.500,12285,2,EA,1,100,0.933863
1752173273.319749,878855.000,12285,2,EA,1,100,0.942714
1752173273.386750,878922.000,12301,1,EA,1,100,0.940549
1752173273.453251,878988.500,12318,2,EA,1,100,0.940422
1752173273.519751,879055.000,12318,2,EA,1,100,0.957098
1752173273.586752,879122.000,12334,1,EA,1,100,0.965995
1752173273.653252,879188.500,12350,2,EA,1,100,0.966935
1752173273.719753,879255.000,12350,2,EA,1,100,0.982629
1752173273.786753,879322.000,12368,1,EA,1,100,0.981659
1752173273.853254,879388.500,12385,2,EA,1,100,0.986108
1752173273.919754,879455.000,12385,2,EA,1,100,1.022757
1752173273.986755,879522.000,12402,1,EA,1,100,1.043294
1752173274.053255,879588.500,12417,2,EA,1,100,1.048635
1752173274.119756,879655.000,12417,2,EA,1,100,1.055952
1752173274.186756,879722.000,12433,1,EA,1,100,1.055152
1752173274.253257,879788.500,12455,2,EA,1,100,1.045958
1752173274.319758,879855.000,12455,2,EA,1,100,1.060616
1752173274.386758,879922.000,12471,1,EA,1,100,1.072048
1752173274.453259,879988.500,12489,2,EA,1,100,1.063370
1752173274.519759,880055.000,12489,2,EA,1,100,1.085588
1752173274.586760,880122.000,12507,2,EA,1,100,1.103481
1752173274.653760,880189.000,12507,2,EA,1,100,1.082044
1752173274.719761,880255.000,12524,1,EA,1,100,1.089665
1752173274.786261,880321.500,12540,2,EA,1,100,1.126696
1752173274.852762,880388.000,12540,2,EA,1,100,1.197424
1752173274.919762,880455.000,12559,1,EA,1,100,1.239197
1752173274.986263,880521.500,12576,2,EA,1,100,1.245181
1752173275.052764,880588.000,12576,2,EA,1,100,1.221800
1752173275.119764,880655.000,12593,1,EA,1,100,1.190666
1752173275.186265,880721.500,12609,2,EA,1,100,1.187620
1752173275.252765,880788.000,12609,2,EA,1,100,1.203220
1752173275.319766,880855.000,12627,1,EA,1,100,1.212860
1752173275.386266,880921.500,12643,2,EA,1,100,1.213071
1752173275.452767,880988.000,12643,2,EA,1,100,1.214553
1752173275.519767,881055.000,12660,1,EA,1,100,1.215402
1752173275.586268,881121.500,12677,2,EA,1,100,1.216038
1752173275.652768,881188.000,12677,2,EA,1,100,1.214553
1752173275.719769,881255.000,12694,1,EA,1,100,1.213494
1752173275.786269,881321.500,12708,2,EA,1,100,1.217953
1752173275.852770,881388.000,12708,2,EA,1,100,1.220088
1752173275.919771,881455.000,12727,1,EA,1,100,1.222657
1752173275.986271,881521.500,12744,2,EA,1,100,1.223087
1752173276.052772,881588.000,12744,2,EA,1,100,1.223303
1752173276.119772,881655.000,12761,1,EA,1,100,1.222014
1752173276.186273,881721.500,12775,2,EA,1,100,1.223948
1752173276.252773,881788.000,12775,2,EA,1,100,1.222229
1752173276.319774,881855.000,12793,1,EA,1,100,1.220942
1752173276.386274,881921.500,12811,2,EA,1,100,1.222873
1752173276.452775,881988.000,12811,2,EA,1,100,1.223517
1752173276.519775,882055.000,12830,1,EA,1,100,1.222443
1752173276.586276,882121.500,12845,2,EA,1,100,1.224379
1752173276.652777,882188.000,12845,2,EA,1,100,1.225456
1752173276.719777,882255.000,12862,1,EA,1,100,1.225456
1752173276.786278,882321.500,12878,2,EA,1,100,1.226103
1752173276.852778,882388.000,12878,2,EA,1,100,1.227833
1752173276.919779,882455.000,12895,1,EA,1,100,1.227399
1752173276.986279,882521.500,12913,2,EA,1,100,1.227184
1752173277.052780,882588.000,12913,2,EA,1,100,1.227184
1752173277.119780,882655.000,12929,2,EA,1,100,1.227399
1752173277.186781,882722.000,12929,2,EA,1,100,1.226967
1752173277.252781,882788.000,12945,1,EA,1,100,1.233708
1752173277.319782,882855.000,12963,2,EA,1,100,1.244290
1752173277.386783,882922.000,12963,2,EA,1,100,1.243180
1752173277.452783,882988.000,12981,1,EA,1,100,1.237874
1752173277.519784,883055.000,12998,2,EA,1,100,1.231742
1752173277.586784,883122.000,12998,2,EA,1,100,1.230219
1752173277.652785,883188.000,13015,1,EA,1,100,1.230219
1752173277.719785,883255.000,13032,2,EA,1,100,1.230437
1752173277.786786,883322.000,13032,2,EA,1,100,1.230219
1752173277.852786,883388.000,13048,1,EA,1,100,1.231089
1752173277.919787,883455.000,13064,2,EA,1,100,1.234363
1752173277.986787,883522.000,13064,2,EA,1,100,1.242514
1752173278.052788,883588.000,13080,1,EA,1,100,1.258915
1752173278.119788,883655.000,13099,2,EA,1,100,1.271792
1752173278.186789,883722.000,13099,2,EA,1,100,1.265781
1752173278.252790,883788.000,13117,1,EA,1,100,1.254604
1752173278.319290,883854.500,13133,2,EA,1,100,1.227184
1752173278.385791,883921.000,13133,2,EA,1,100,1.208858
1752173278.452791,883988.000,13149,1,EA,1,100,1.208650
1752173278.519292,884054.500,13166,2,EA,1,100,1.222014
1752173278.585792,884121.000,13166,2,EA,1,100,1.218805
1752173278.652793,884188.000,13185,1,EA,1,100,1.214129
1752173278.719293,884254.500,13200,2,EA,1,100,1.219660
1752173278.785794,884321.000,13200,2,EA,1,100,1.226319
1752173278.852794,884388.000,13216,1,EA,1,100,1.233925
1752173278.919295,884454.500,13234,2,EA,1,100,1.239417
1752173278.985796,884521.000,13234,2,EA,1,100,1.244290
1752173279.052796,884588.000,13250,1,EA,1,100,1.243180
1752173279.119297,884654.500,13266,2,EA,1,100,1.250548
1752173279.185797,884721.000,13266,2,EA,1,100,1.264631
1752173279.252798,884788.000,13283,1,EA,1,100,1.269936
1752173279.319298,884854.500,13301,2,EA,1,100,1.298355
1752173279.385799,884921.000,13301,2,EA,1,100,1.304436
1752173279.452799,884988.000,13319,1,EA,1,100,1.270864
1752173279.519300,885054.500,13335,2,EA,1,100,1.247635
1752173279.585800,885121.000,13335,2,EA,1,100,1.245849
1752173279.652801,885188.000,13351,2,EA,1,100,1.227184
1752173279.719801,885255.000,13351,2,EA,1,100,1.224379
1752173279.785802,885321.000,13370,1,EA,1,100,1.233925
1752173279.852803,885388.000,13386,2,EA,1,100,1.239197
1752173279.919803,885455.000,13386,2,EA,1,100,1.241850
1752173279.985804,885521.000,13404,1,EA,1,100,1.238975
1752173280.052804,885588.000,13418,2,EA,1,100,1.237214
1752173280.119805,885655.000,13418,2,EA,1,100,1.236774
1752173280.185805,885721.000,13435,1,EA,1,100,1.246296
1752173280.252806,885788.000,13452,2,EA,1,100,1.246296
1752173280.319806,885855.000,13452,2,EA,1,100,1.243624
1752173280.385807,885921.000,13471,1,EA,1,100,1.240743
1752173280.452807,885988.000,13485,2,EA,1,100,1.235677
1752173280.519808,886055.000,13485,2,EA,1,100,1.238315
1752173280.585809,886121.000,13502,1,EA,1,100,1.230219
1752173280.652809,886188.000,13519,2,EA,1,100,1.230654
1752173280.719810,886255.000,13519,2,EA,1,100,1.233708
1752173280.785810,886321.000,13536,1,EA,1,100,1.222873
1752173280.852811,886388.000,13552,2,EA,1,100,1.233925
1752173280.919811,886455.000,13552,2,EA,1,100,1.234145
1752173280.985812,886521.000,13570,1,EA,1,100,1.234363
1752173281.052812,886588.000,13586,2,EA,1,100,1.236337
1752173281.119813,886655.000,13586,2,EA,1,100,1.230002
1752173281.185813,886721.000,13603,1,EA,1,100,1.221158
1752173281.252814,886788.000,13618,2,EA,1,100,1.226103
1752173281.319814,886855.000,13618,2,EA,1,100,1.234802
1752173281.385815,886921.000,13637,1,EA,1,100,1.217739
1752173281.452816,886988.000,13655,2,EA,1,100,1.224162
1752173281.519816,887055.000,13655,2,EA,1,100,1.235020
1752173281.585817,887121.000,13672,1,EA,1,100,1.235458
1752173281.652317,887187.500,13687,2,EA,1,100,1.236337
1752173281.718818,887254.000,13687,2,EA,1,100,1.229567
1752173281.785818,887321.000,13704,1,EA,1,100,1.224379
1752173281.852319,887387.500,13722,2,EA,1,100,1.233270
1752173281.918819,887454.000,13722,2,EA,1,100,1.238975
1752173281.985820,887521.000,13740,1,EA,1,100,1.229786
1752173282.052320,887587.500,13755,2,EA,1,100,1.221800
1752173282.118821,887654.000,13755,2,EA,1,100,1.231306
1752173282.185822,887721.000,13771,2,EA,1,100,1.235677
1752173282.252822,887788.000,13771,2,EA,1,100,1.239197
1752173282.318823,887854.000,13788,1,EA,1,100,1.237874
1752173282.385823,887921.000,13807,2,EA,1,100,1.229351
1752173282.452824,887988.000,13807,2,EA,1,100,1.238095
1752173282.518824,888054.000,13823,1,EA,1,100,1.235677
1752173282.585825,888121.000,13839,2,EA,1,100,1.227833
1752173282.652825,888188.000,13839,2,EA,1,100,1.234145
1752173282.718826,888254.000,13855,1,EA,1,100,1.236774
1752173282.785826,888321.000,13872,2,EA,1,100,1.240301
1752173282.852827,888388.000,13872,2,EA,1,100,1.242514
1752173282.918828,888454.000,13890,1,EA,1,100,1.236995
1752173282.985828,888521.000,13906,2,EA,1,100,1.237214
1752173283.052829,888588.000,13906,2,EA,1,100,1.240301
1752173283.118829,888654.000,13922,1,EA,1,100,1.237214
1752173283.185830,888721.000,13939,2,EA,1,100,1.232833
1752173283.252830,888788.000,13939,2,EA,1,100,1.237874
1752173283.318831,888854.000,13956,1,EA,1,100,1.239639
1752173283.385831,888921.000,13973,2,EA,1,100,1.240964
1752173283.452832,888988.000,13973,2,EA,1,100,1.241627
1752173283.518832,889054.000,13989,1,EA,1,100,1.237436
1752173283.585833,889121.000,14007,2,EA,1,100,1.238756
1752173283.652833,889188.000,14007,2,EA,1,100,1.242735
1752173283.718834,889254.000,14023,1,EA,1,100,1.236116
1752173283.785835,889321.000,14038,2,EA,1,100,1.261195
1752173283.852835,889388.000,14038,2,EA,1,100,1.290176
1752173283.918836,889454.000,14054,1,EA,1,100,1.274586
1752173283.985836,889521.000,14074,2,EA,1,100,1.276690
1752173284.052837,889588.000,14074,2,EA,1,100,1.272491
1752173284.118837,889654.000,14092,1,EA,1,100,1.261880
1752173284.185838,889721.000,14108,2,EA,1,100,1.257777
1752173284.252838,889788.000,14108,2,EA,1,100,1.250548
1752173284.319339,889854.500,14124,2,EA,1,100,1.242514
1752173284.385839,889921.000,14124,2,EA,1,100,1.241850
1752173284.452840,889988.000,14141,1,EA,1,100,1.242514
1752173284.519341,890054.500,14159,2,EA,1,100,1.242291
1752173284.585841,890121.000,14159,2,EA,1,100,1.242735
1752173284.652842,890188.000,14177,1,EA,1,100,1.241627
1752173284.719342,890254.500,14191,2,EA,1,100,1.242514
1752173284.785843,890321.000,14191,2,EA,1,100,1.248083
1752173284.851843,890387.000,14208,1,EA,1,100,1.249651
1752173284.918844,890454.000,14225,2,EA,1,100,1.246740
1752173284.985844,890521.000,14225,2,EA,1,100,1.250098
1752173285.051845,890587.000,14242,1,EA,1,100,1.252123
1752173285.118845,890654.000,14258,2,EA,1,100,1.251222
1752173285.185846,890721.000,14258,2,EA,1,100,1.248083
1752173285.251846,890787.000,14275,1,EA,1,100,1.243845
1752173285.318847,890854.000,14292,2,EA,1,100,1.244512
1752173285.385848,890921.000,14292,2,EA,1,100,1.245625
1752173285.451848,890987.000,14309,1,EA,1,100,1.244512
1752173285.518849,891054.000,14323,2,EA,1,100,1.241627
1752173285.585849,891121.000,14323,2,EA,1,100,1.242071
1752173285.651850,891187.000,14343,1,EA,1,100,1.241850
1752173285.718850,891254.000,14359,2,EA,1,100,1.242514
1752173285.785851,891321.000,14359,2,EA,1,100,1.240743
1752173285.851851,891387.000,14376,1,EA,1,100,1.240301
1752173285.918852,891454.000,14391,2,EA,1,100,1.240743
1752173285.985852,891521.000,14391,2,EA,1,100,1.242071
1752173286.051853,891587.000,14408,1,EA,1,100,1.241407
1752173286.118854,891654.000,14424,2,EA,1,100,1.242291
1752173286.185854,891721.000,14424,2,EA,1,100,1.242735
1752173286.251855,891787.000,14443,1,EA,1,100,1.242735
1752173286.318855,891854.000,14461,2,EA,1,100,1.243845
1752173286.385856,891921.000,14461,2,EA,1,100,1.243845
1752173286.451856,891987.000,14477,1,EA,1,100,1.243180
1752173286.518857,892054.000,14493,2,EA,1,100,1.243845
1752173286.585857,892121.000,14493,2,EA,1,100,1.243180
1752173286.652358,892187.500,14511,2,EA,1,100,1.243845
1752173286.718858,892254.000,14511,2,EA,1,100,1.242958
1752173286.785859,892321.000,14529,1,EA,1,100,1.243180
1752173286.852359,892387.500,14544,2,EA,1,100,1.244290
1752173286.918860,892454.000,14544,2,EA,1,100,1.243180
1752173286.985861,892521.000,14561,1,EA,1,100,1.243401
1752173287.052361,892587.500,14578,2,EA,1,100,1.243624
1752173287.118862,892654.000,14578,2,EA,1,100,1.243845
1752173287.185862,892721.000,14594,1,EA,1,100,1.243624
1752173287.252363,892787.500,14610,2,EA,1,100,1.243401
1752173287.318863,892854.000,14610,2,EA,1,100,1.242735
1752173287.385864,892921.000,14626,1,EA,1,100,1.242958
1752173287.452364,892987.500,14645,2,EA,1,100,1.243401
1752173287.518865,893054.000,14645,2,EA,1,100,1.242735
1752173287.585865,893121.000,14661,1,EA,1,100,1.242291
1752173287.652366,893187.500,14677,2,EA,1,100,1.241627
1752173287.718867,893254.000,14677,2,EA,1,100,1.239859
1752173287.785867,893321.000,14693,1,EA,1,100,1.236116
1752173287.852368,893387.500,14710,2,EA,1,100,1.236995
1752173287.918868,893454.000,14710,2,EA,1,100,1.237655
1752173287.984869,893520.000,14729,1,EA,1,100,1.236116
1752173288.051869,893587.000,14744,2,EA,1,100,1.231089
1752173288.118870,893654.000,14744,2,EA,1,100,1.228482
1752173288.185870,893721.000,14760,1,EA,1,100,1.234802
1752173288.252371,893787.500,14778,2,EA,1,100,1.241850
1752173288.318871,893854.000,14778,2,EA,1,100,1.244290
1752173288.384872,893920.000,14794,1,EA,1,100,1.242958
1752173288.451873,893987.000,14811,2,EA,1,100,1.243180
1752173288.518873,894054.000,14811,2,EA,1,100,1.247858
1752173288.584874,894120.000,14827,1,EA,1,100,1.254153
1752173288.651874,894187.000,14845,2,EA,1,100,1.254831
1752173288.718875,894254.000,14845,2,EA,1,100,1.251898
1752173288.784875,894320.000,14861,1,EA,1,100,1.246965
1752173288.851876,894387.000,14877,2,EA,1,100,1.244512
1752173288.918876,894454.000,14877,2,EA,1,100,1.245181
1752173288.985377,894520.500,14895,2,EA,1,100,1.247412
1752173289.051877,894587.000,14895,2,EA,1,100,1.245625
1752173289.118878,894654.000,14912,1,EA,1,100,1.246296
1752173289.185378,894720.500,14928,2,EA,1,100,1.247635
1752173289.251879,894787.000,14928,2,EA,1,100,1.250998
1752173289.318880,894854.000,14946,1,EA,1,100,1.251222
1752173289.385380,894920.500,14960,2,EA,1,100,1.251448
1752173289.451881,894987.000,14960,2,EA,1,100,1.250548
1752173289.518881,895054.000,14979,1,EA,1,100,1.247412
1752173289.585382,895120.500,14996,2,EA,1,100,1.244069
1752173289.651882,895187.000,14996,2,EA,1,100,1.242958
1752173289.718883,895254.000,15013,1,EA,1,100,1.244069
1752173289.785383,895320.500,15027,2,EA,1,100,1.245403
1752173289.851884,895387.000,15027,2,EA,1,100,1.245181
1752173289.918884,895454.000,15044,1,EA,1,100,1.244957
1752173289.985385,895520.500,15061,2,EA,1,100,1.245849
1752173290.051886,895587.000,15061,2,EA,1,100,1.245625
1752173290.118886,895654.000,15078,1,EA,1,100,1.245625
1752173290.185387,895720.500,15094,2,EA,1,100,1.245849
1752173290.251887,895787.000,15094,2,EA,1,100,1.246518
1752173290.318888,895854.000,15112,1,EA,1,100,1.247188
1752173290.385388,895920.500,15128,2,EA,1,100,1.246296
1752173290.451889,895987.000,15128,2,EA,1,100,1.246518
1752173290.518889,896054.000,15145,1,EA,1,100,1.245181
1752173290.585390,896120.500,15160,2,EA,1,100,1.244957
1752173290.651890,896187.000,15160,2,EA,1,100,1.244736
1752173290.718891,896254.000,15179,1,EA,1,100,1.244512
1752173290.785391,896320.500,15195,2,EA,1,100,1.245625
1752173290.851892,896387.000,15195,2,EA,1,100,1.244069
1752173290.918893,896454.000,15212,1,EA,1,100,1.244069
1752173290.985393,896520.500,15228,2,EA,1,100,1.247188
1752173291.051894,896587.000,15228,2,EA,1,100,1.246740
1752173291.118894,896654.000,15246,1,EA,1,100,1.245403
1752173291.185395,896720.500,15262,2,EA,1,100,1.246071
1752173291.251895,896787.000,15262,2,EA,1,100,1.245625
1752173291.318896,896854.000,15280,1,EA,1,100,0.287079
1752173291.385396,896920.500,15297,2,EA,1,100,0.229831
1752173291.451897,896987.000,15297,2,EA,1,100,0.510720
1752173291.518397,897053.500,15313,2,EA,1,100,0.077468
1752173291.584898,897120.000,15313,2,EA,1,100,0.048769
1752173291.651899,897187.000,15330,1,EA,1,100,0.032288
1752173291.718399,897253.500,15347,2,EA,1,100,0.030232
1752173291.784900,897320.000,15347,2,EA,1,100,0.030232
1752173291.851900,897387.000,15363,1,EA,1,100,0.030235
1752173291.918401,897453.500,15379,2,EA,1,100,0.030243
1752173291.984901,897520.000,15379,2,EA,1,100,0.030242
1752173292.051902,897587.000,15395,1,EA,1,100,0.030240
1752173292.118402,897653.500,15412,2,EA,1,100,0.030239
1752173292.184903,897720.000,15412,2,EA,1,100,0.030238
1752173292.251903,897787.000,15428,1,EA,1,100,0.030238
1752173292.318404,897853.500,15444,2,EA,1,100,0.030241
1752173292.384904,897920.000,15444,2,EA,1,100,0.030243
1752173292.451905,897987.000,15460,1,EA,1,100,0.030237
1752173292.518406,898053.500,15477,2,EA,1,100,0.030232
1752173292.584906,898120.000,15477,2,EA,1,100,0.030232
1752173292.651907,898187.000,15494,1,EA,1,100,0.030233
1752173292.718407,898253.500,15509,2,EA,1,100,0.030233
1752173292.784908,898320.000,15509,2,EA,1,100,0.030233
1752173292.851908,898387.000,15525,1,EA,1,100,0.030233
1752173292.918409,898453.500,15543,2,EA,1,100,0.030233
1752173292.984909,898520.000,15543,2,EA,1,100,0.030233
1752173293.051910,898587.000,15559,1,EA,1,100,0.030233
1752173293.118410,898653.500,15574,2,EA,1,100,0.030233
1752173293.184911,898720.000,15574,2,EA,1,100,0.030233
1752173293.251912,898787.000,15590,1,EA,1,100,0.030232
1752173293.318412,898853.500,15608,2,EA,1,100,0.030232
1752173293.384913,898920.000,15608,2,EA,1,100,0.030233
1752173293.451913,898987.000,15624,1,EA,1,100,0.030233
1752173293.518414,899053.500,15639,2,EA,1,100,0.030234
1752173293.584914,899120.000,15639,2,EA,1,100,0.030235
1752173293.651915,899187.000,15656,1,EA,1,100,0.030234
1752173293.718415,899253.500,15673,2,EA,1,100,0.030232
1752173293.784916,899320.000,15673,2,EA,1,100,0.030232
1752173293.851916,899387.000,15689,1,EA,1,100,0.030232
1752173293.918417,899453.500,15706,2,EA,1,100,0.030232
1752173293.984918,899520.000,15706,2,EA,1,100,0.030232
1752173294.051418,899586.500,15721,2,EA,1,100,0.030232
1752173294.117919,899653.000,15721,2,EA,1,100,0.030232
1752173294.184919,899720.000,15738,1,EA,1,100,0.030232
1752173294.251420,899786.500,15755,2,EA,1,100,0.030232
1752173294.317920,899853.000,15755,2,EA,1,100,0.030232
1752173294.384921,899920.000,15772,1,EA,1,100,0.030232
1752173294.451421,899986.500,15786,2,EA,1,100,0.030232
1752173294.517922,900053.000,15786,2,EA,1,100,0.030232
1752173294.584922,900120.000,15803,1,EA,1,100,0.030232
1752173294.651423,900186.500,15820,2,EA,1,100,0.030232
1752173294.717923,900253.000,15820,2,EA,1,100,0.030232
1752173294.784924,900320.000,15837,1,EA,1,100,0.030232
1752173294.851425,900386.500,15851,2,EA,1,100,0.030232
1752173294.917925,900453.000,15851,2,EA,1,100,0.030234
1752173294.984926,900520.000,15869,1,EA,1,100,0.030233
1752173295.051426,900586.500,15885,2,EA,1,100,0.030233
1752173295.117927,900653.000,15885,2,EA,1,100,0.030232
1752173295.184927,900720.000,15902,1,EA,1,100,0.030232
1752173295.251428,900786.500,15917,2,EA,1,100,0.030232
1752173295.317928,900853.000,15917,2,EA,1,100,0.030232
1752173295.384929,900920.000,15934,1,EA,1,100,0.030233
1752173295.451429,900986.500,15950,2,EA,1,100,0.030233
1752173295.517930,901053.000,15950,2,EA,1,100,0.030232
1752173295.584931,901120.000,15967,1,EA,1,100,0.030232
1752173295.651431,901186.500,15982,2,EA,1,100,0.030232
1752173295.717932,901253.000,15982,2,EA,1,100,0.030233
1752173295.784932,901320.000,15999,1,EA,1,100,0.030232
1752173295.851433,901386.500,16015,2,EA,1,100,0.030232
1752173295.917933,901453.000,16015,2,EA,1,100,0.030232
1752173295.984934,901520.000,16033,1,EA,1,100,0.030233
1752173296.051434,901586.500,16048,2,EA,1,100,0.030233
1752173296.117935,901653.000,16048,2,EA,1,100,0.030233
1752173296.184935,901720.000,16064,1,EA,1,100,0.030233
1752173296.251436,901786.500,16081,2,EA,1,100,0.030233
1752173296.317936,901853.000,16081,2,EA,1,100,0.030233
1752173296.384937,901920.000,16100,1,EA,1,100,0.030233
1752173296.451438,901986.500,16115,2,EA,1,100,0.030233
1752173296.517938,902053.000,16115,2,EA,1,100,0.030233
1752173296.584439,902119.500,16132,2,EA,1,100,0.030233
1752173296.650939,902186.000,16132,2,EA,1,100,0.030233
1752173296.717940,902253.000,16150,1,EA,1,100,0.030233
1752173296.784440,902319.500,16167,2,EA,1,100,0.030233
1752173296.850941,902386.000,16167,2,EA,1,100,0.030233
1752173296.917941,902453.000,16183,1,EA,1,100,0.030233
1752173296.984442,902519.500,16199,2,EA,1,100,0.030233
1752173297.050942,902586.000,16199,2,EA,1,100,0.030233
1752173297.117943,902653.000,16215,1,EA,1,100,0.030233
1752173297.184444,902719.500,16232,2,EA,1,100,0.030233
1752173297.250944,902786.000,16232,2,EA,1,100,0.030233
1752173297.317945,902853.000,16249,1,EA,1,100,0.030233
1752173297.384445,902919.500,16264,2,EA,1,100,0.030233
1752173297.450946,902986.000,16264,2,EA,1,100,0.030233
1752173297.517946,903053.000,16280,1,EA,1,100,0.030233
1752173297.584447,903119.500,16298,2,EA,1,100,0.030233
1752173297.650947,903186.000,16298,2,EA,1,100,0.030233
1752173297.717948,903253.000,16314,1,EA,1,100,0.030232
1752173297.784448,903319.500,16329,2,EA,1,100,0.030233
1752173297.850949,903386.000,16329,2,EA,1,100,0.030232
1752173297.917950,903453.000,16345,1,EA,1,100,0.030233
1752173297.984450,903519.500,16363,2,EA,1,100,0.030233
1752173298.050951,903586.000,16363,2,EA,1,100,0.030233
1752173298.117951,903653.000,16379,1,EA,1,100,0.030233
1752173298.184452,903719.500,16394,2,EA,1,100,0.030233
1752173298.250952,903786.000,16394,2,EA,1,100,0.030233
1752173298.317953,903853.000,16411,1,EA,1,100,0.030233
1752173298.384453,903919.500,16428,2,EA,1,100,0.030233
1752173298.450954,903986.000,16428,2,EA,1,100,0.030233
1752173298.517954,904053.000,16444,1,EA,1,100,0.030232
1752173298.584455,904119.500,16460,2,EA,1,100,0.030232
1752173298.650955,904186.000,16460,2,EA,1,100,0.030233
1752173298.717956,904253.000,16476,1,EA,1,100,0.030232
1752173298.784457,904319.500,16493,2,EA,1,100,0.030232
1752173298.850957,904386.000,16493,2,EA,1,100,0.030232
1752173298.917958,904453.000,16509,1,EA,1,100,0.030232
1752173298.984458,904519.500,16526,2,EA,1,100,0.030232
1752173299.050959,904586.000,16526,2,EA,1,100,0.030232
1752173299.117459,904652.500,16541,2,EA,1,100,0.030232
1752173299.183960,904719.000,16541,2,EA,1,100,0.030232
1752173299.250960,904786.000,16558,1,EA,1,100,0.030232
1752173299.317461,904852.500,16575,2,EA,1,100,0.030232
1752173299.383961,904919.000,16575,2,EA,1,100,0.030232
1752173299.450962,904986.000,16592,1,EA,1,100,0.030232
1752173299.517463,905052.500,16606,2,EA,1,100,0.030232
1752173299.583963,905119.000,16606,2,EA,1,100,0.030232
1752173299.650964,905186.000,16624,1,EA,1,100,0.030232
1752173299.717464,905252.500,16640,2,EA,1,100,0.030232
1752173299.783965,905319.000,16640,2,EA,1,100,0.030232
1752173299.850965,905386.000,16657,1,EA,1,100,0.030232
1752173299.917466,905452.500,16672,2,EA,1,100,0.030232
1752173299.983966,905519.000,16672,2,EA,1,100,0.030232
1752173300.050967,905586.000,16689,1,EA,1,100,0.030232
1752173300.117467,905652.500,16705,2,EA,1,100,0.030232
1752173300.183968,905719.000,16705,2,EA,1,100,0.030232
1752173300.250968,905786.000,16722,1,EA,1,100,0.030232
1752173300.317469,905852.500,16737,2,EA,1,100,0.030232
1752173300.383970,905919.000,16737,2,EA,1,100,0.030232
1752173300.450970,905986.000,16754,1,EA,1,100,0.030232
1752173300.517471,906052.500,16770,2,EA,1,100,0.030232
1752173300.583971,906119.000,16770,2,EA,1,100,0.030232
1752173300.650972,906186.000,16788,1,EA,1,100,0.030232
1752173300.717472,906252.500,16802,2,EA,1,100,0.030232
1752173300.783973,906319.000,16802,2,EA,1,100,0.030232
1752173300.850973,906386.000,16819,1,EA,1,100,0.030232
1752173300.917474,906452.500,16836,2,EA,1,100,0.030232
1752173300.983974,906519.000,16836,2,EA,1,100,0.030232
1752173301.050975,906586.000,16853,1,EA,1,100,0.030232
1752173301.117476,906652.500,16868,2,EA,1,100,0.030232
1752173301.183976,906719.000,16868,2,EA,1,100,0.030232
1752173301.250977,906786.000,16884,1,EA,1,100,0.030232
1752173301.317477,906852.500,16903,2,EA,1,100,0.030232
1752173301.383978,906919.000,16903,2,EA,1,100,0.030232
1752173301.450978,906986.000,16920,1,EA,1,100,0.030232
1752173301.517479,907052.500,16935,2,EA,1,100,0.030232
1752173301.583979,907119.000,16935,2,EA,1,100,0.030232
1752173301.650480,907185.500,16952,2,EA,1,100,0.030232
1752173301.716980,907252.000,16952,2,EA,1,100,0.030232
1752173301.783981,907319.000,16968,1,EA,1,100,0.030232
1752173301.850481,907385.500,16985,2,EA,1,100,0.030232
1752173301.916982,907452.000,16985,2,EA,1,100,0.030232
1752173301.983983,907519.000,17002,1,EA,1,100,0.030232
1752173302.050483,907585.500,17017,2,EA,1,100,0.030232
1752173302.116984,907652.000,17017,2,EA,1,100,0.030232
1752173302.183984,907719.000,17033,1,EA,1,100,0.030232
1752173302.250485,907785.500,17051,2,EA,1,100,0.030232
1752173302.316985,907852.000,17051,2,EA,1,100,0.030232
1752173302.383986,907919.000,17067,1,EA,1,100,0.030232
1752173302.450986,907986.000,17082,2,EA,1,100,0.030232
1752173302.517987,908053.000,17082,2,EA,1,100,0.030232
1752173302.583987,908119.000,17098,1,EA,1,100,0.030232
1752173302.650488,908185.500,17116,2,EA,1,100,0.030232
1752173302.716989,908252.000,17116,2,EA,1,100,0.030232
1752173302.783989,908319.000,17132,1,EA,1,100,0.030232
1752173302.850490,908385.500,17147,2,EA,1,100,0.030232
1752173302.916990,908452.000,17147,2,EA,1,100,0.030232
1752173302.983991,908519.000,17164,1,EA,1,100,0.030232
1752173303.050491,908585.500,17181,2,EA,1,100,0.030232
1752173303.116992,908652.000,17181,2,EA,1,100,0.030232
1752173303.183992,908719.000,17197,1,EA,1,100,0.030232
1752173303.250493,908785.500,17213,2,EA,1,100,0.030232
1752173303.316993,908852.000,17213,2,EA,1,100,0.030232
1752173303.383994,908919.000,17229,1,EA,1,100,0.030232
1752173303.450495,908985.500,17246,2,EA,1,100,0.030232
1752173303.516995,909052.000,17246,2,EA,1,100,0.030232
1752173303.583996,909119.000,17262,1,EA,1,100,0.030232
1752173303.650496,909185.500,17279,2,EA,1,100,0.030232
1752173303.716997,909252.000,17279,2,EA,1,100,0.030232
1752173303.783997,909319.000,17294,1,EA,1,100,0.030232
1752173303.850498,909385.500,17311,2,EA,1,100,0.030232
1752173303.916998,909452.000,17311,2,EA,1,100,0.030232
1752173303.983999,909519.000,17328,1,EA,1,100,0.030232
1752173304.050499,909585.500,17344,2,EA,1,100,0.030232
1752173304.117000,909652.000,17344,2,EA,1,100,0.030232
1752173304.184000,909719.000,17359,2,EA,1,100,0.030232
1752173304.251001,909786.000,17359,2,EA,1,100,0.030232
1752173304.317002,909852.000,17377,1,EA,1,100,0.030232
1752173304.384002,909919.000,17393,2,EA,1,100,0.030232
1752173304.451003,909986.000,17393,2,EA,1,100,0.030232
1752173304.517003,910052.000,17410,1,EA,1,100,0.030232
1752173304.584004,910119.000,17425,2,EA,1,100,0.030232
1752173304.651004,910186.000,17425,2,EA,1,100,0.030232
1752173304.717005,910252.000,17442,1,EA,1,100,0.030232
1752173304.784005,910319.000,17458,2,EA,1,100,0.030232
1752173304.851006,910386.000,17458,2,EA,1,100,0.030232
1752173304.917006,910452.000,17475,1,EA,1,100,0.030232
1752173304.983507,910518.500,17490,2,EA,1,100,0.030232
1752173305.050008,910585.000,17490,2,EA,1,100,0.030232
1752173305.117008,910652.000,17507,1,EA,1,100,0.030232
1752173305.184009,910719.000,17523,2,EA,1,100,0.030232
1752173305.251009,910786.000,17523,2,EA,1,100,0.030232
1752173305.317010,910852.000,17541,1,EA,1,100,0.030232
1752173305.383510,910918.500,17555,2,EA,1,100,0.030232
1752173305.450011,910985.000,17555,2,EA,1,100,0.030232
1752173305.517011,911052.000,17572,1,EA,1,100,0.030232
1752173305.583512,911118.500,17589,2,EA,1,100,0.030232
1752173305.650012,911185.000,17589,2,EA,1,100,0.030232
1752173305.717013,911252.000,17606,1,EA,1,100,0.030232
1752173305.783513,911318.500,17620,2,EA,1,100,0.030232
1752173305.850014,911385.000,17620,2,EA,1,100,0.030232
1752173305.917015,911452.000,17637,1,EA,1,100,0.030232
1752173305.983515,911518.500,17654,2,EA,1,100,0.030232
1752173306.050016,911585.000,17654,2,EA,1,100,0.030232
1752173306.117016,911652.000,17671,1,EA,1,100,0.030232
1752173306.183517,911718.500,17685,2,EA,1,100,0.030232
1752173306.250017,911785.000,17685,2,EA,1,100,0.030232
1752173306.317018,911852.000,17703,1,EA,1,100,0.030232
1752173306.383518,911918.500,17721,2,EA,1,100,0.030232
1752173306.450019,911985.000,17721,2,EA,1,100,0.030232
1752173306.517019,912052.000,17738,1,EA,1,100,0.030232
1752173306.583520,912118.500,17754,2,EA,1,100,0.030232
1752173306.650021,912185.000,17754,2,EA,1,100,0.030232
1752173306.717021,912252.000,17770,2,EA,1,100,0.030232
1752173306.784022,912319.000,17770,2,EA,1,100,0.030232
1752173306.850022,912385.000,17786,1,EA,1,100,0.030232
1752173306.917023,912452.000,17804,2,EA,1,100,0.030232
1752173306.984023,912519.000,17804,2,EA,1,100,0.030232
1752173307.050024,912585.000,17820,1,EA,1,100,0.030232
1752173307.117024,912652.000,17835,2,EA,1,100,0.030232
1752173307.184025,912719.000,17835,2,EA,1,100,0.030232
1752173307.250025,912785.000,17851,1,EA,1,100,0.030232
1752173307.317026,912852.000,17869,2,EA,1,100,0.030232
1752173307.384026,912919.000,17869,2,EA,1,100,0.030232
1752173307.450027,912985.000,17885,1,EA,1,100,0.030232
1752173307.517028,913052.000,17900,2,EA,1,100,0.030232
1752173307.584028,913119.000,17900,2,EA,1,100,0.030232
1752173307.650029,913185.000,17917,1,EA,1,100,0.030232
1752173307.717029,913252.000,17934,2,EA,1,100,0.030232
1752173307.784030,913319.000,17934,2,EA,1,100,0.030232
1752173307.850030,913385.000,17950,1,EA,1,100,0.030232
1752173307.917031,913452.000,17966,2,EA,1,100,0.030232
1752173307.984031,913519.000,17966,2,EA,1,100,0.030232
1752173308.050032,913585.000,17982,1,EA,1,100,0.030232
1752173308.117032,913652.000,17999,2,EA,1,100,0.030232
1752173308.184033,913719.000,17999,2,EA,1,100,0.030232
1752173308.250034,913785.000,18015,1,EA,1,100,0.030232
1752173308.316534,913851.500,18031,2,EA,1,100,0.030232
1752173308.383035,913918.000,18031,2,EA,1,100,0.030232
1752173308.450035,913985.000,18047,1,EA,1,100,0.030232
1752173308.516536,914051.500,18064,2,EA,1,100,0.030232
1752173308.583036,914118.000,18064,2,EA,1,100,0.030232
1752173308.650037,914185.000,18081,1,EA,1,100,0.030232
1752173308.716537,914251.500,18097,2,EA,1,100,0.030232
1752173308.783038,914318.000,18097,2,EA,1,100,0.030232
1752173308.850038,914385.000,18112,1,EA,1,100,0.030232
1752173308.916539,914451.500,18130,2,EA,1,100,0.030232
1752173308.983040,914518.000,18130,2,EA,1,100,0.030232
1752173309.050040,914585.000,18146,2,EA,1,100,0.030232
1752173309.117041,914652.000,18146,2,EA,1,100,0.030232
1752173309.183041,914718.000,18163,1,EA,1,100,0.030232
1752173309.250042,914785.000,18178,2,EA,1,100,0.030232
1752173309.317042,914852.000,18178,2,EA,1,100,0.030232
1752173309.383043,914918.000,18195,1,EA,1,100,0.030232
1752173309.450043,914985.000,18211,2,EA,1,100,0.030232
1752173309.517044,915052.000,18211,2,EA,1,100,0.030232
1752173309.583044,915118.000,18228,1,EA,1,100,0.030232
1752173309.650045,915185.000,18243,2,EA,1,100,0.030232
1752173309.717045,915252.000,18243,2,EA,1,100,0.030232
1752173309.783046,915318.000,18260,1,EA,1,100,0.030232
1752173309.850047,915385.000,18276,2,EA,1,100,0.030232
1752173309.917047,915452.000,18276,2,EA,1,100,0.030232
1752173309.983048,915518.000,18294,1,EA,1,100,0.030232
1752173310.050048,915585.000,18308,2,EA,1,100,0.030232
1752173310.117049,915652.000,18308,2,EA,1,100,0.030232
1752173310.183049,915718.000,18325,1,EA,1,100,0.030232
1752173310.250050,915785.000,18342,2,EA,1,100,0.030232
1752173310.317050,915852.000,18342,2,EA,1,100,0.030232
1752173310.383051,915918.000,18359,1,EA,1,100,0.030232
1752173310.450051,915985.000,18373,2,EA,1,100,0.030232
1752173310.517052,916052.000,18373,2,EA,1,100,0.030232
1752173310.583053,916118.000,18390,1,EA,1,100,0.030232
1752173310.650053,916185.000,18407,2,EA,1,100,0.030232
1752173310.717054,916252.000,18407,2,EA,1,100,0.030232
1752173310.783054,916318.000,18424,1,EA,1,100,0.030232
1752173310.850055,916385.000,18438,2,EA,1,100,0.030232
1752173310.917055,916452.000,18438,2,EA,1,100,0.030232
1752173310.983056,916518.000,18456,1,EA,1,100,0.030232
1752173311.050056,916585.000,18472,2,EA,1,100,0.030232
1752173311.117057,916652.000,18472,2,EA,1,100,0.030232
1752173311.183057,916718.000,18489,1,EA,1,100,0.030232
1752173311.250058,916785.000,18505,2,EA,1,100,0.030232
1752173311.317058,916852.000,18505,2,EA,1,100,0.030232
1752173311.383559,916918.500,18523,2,EA,1,100,0.030232
1752173311.450060,916985.000,18523,2,EA,1,100,0.030232
1752173311.517060,917052.000,18539,1,EA,1,100,0.030232
1752173311.583561,917118.500,18557,2,EA,1,100,0.030232
1752173311.650061,917185.000,18557,2,EA,1,100,0.030232
1752173311.716062,917251.000,18573,1,EA,1,100,0.030232
1752173311.783062,917318.000,18588,2,EA,1,100,0.030232
1752173311.850063,917385.000,18588,2,EA,1,100,0.030232
1752173311.916063,917451.000,18604,1,EA,1,100,0.030232
1752173311.983064,917518.000,18622,2,EA,1,100,0.030232
1752173312.050064,917585.000,18622,2,EA,1,100,0.030232
1752173312.116065,917651.000,18638,1,EA,1,100,0.030232
1752173312.183066,917718.000,18653,2,EA,1,100,0.030232
1752173312.250066,917785.000,18653,2,EA,1,100,0.030232
1752173312.316067,917851.000,18670,1,EA,1,100,0.030232
1752173312.383067,917918.000,18687,2,EA,1,100,0.030232
1752173312.450068,917985.000,18687,2,EA,1,100,0.030232
1752173312.516068,918051.000,18703,1,EA,1,100,0.030232
1752173312.583069,918118.000,18719,2,EA,1,100,0.030232
1752173312.650069,918185.000,18719,2,EA,1,100,0.030232
1752173312.716070,918251.000,18735,1,EA,1,100,0.030232
1752173312.783070,918318.000,18752,2,EA,1,100,0.030232
1752173312.850071,918385.000,18752,2,EA,1,100,0.030232
1752173312.916071,918451.000,18768,1,EA,1,100,0.030232
1752173312.983072,918518.000,18784,2,EA,1,100,0.030232
1752173313.050073,918585.000,18784,2,EA,1,100,0.030232
1752173313.116073,918651.000,18800,1,EA,1,100,0.030232
1752173313.183074,918718.000,18817,2,EA,1,100,0.030232
1752173313.250074,918785.000,18817,2,EA,1,100,0.030232
1752173313.316075,918851.000,18834,1,EA,1,100,0.030232
1752173313.383075,918918.000,18850,2,EA,1,100,0.030232
1752173313.450076,918985.000,18850,2,EA,1,100,0.030232
1752173313.516076,919051.000,18865,1,EA,1,100,0.030232
1752173313.583077,919118.000,18883,2,EA,1,100,0.030232
1752173313.650077,919185.000,18883,2,EA,1,100,0.030232
1752173313.716578,919251.500,18899,2,EA,1,100,0.030232
1752173313.783079,919318.000,18899,2,EA,1,100,0.030232
1752173313.850079,919385.000,18916,1,EA,1,100,0.030232
1752173313.916580,919451.500,18931,2,EA,1,100,0.030232
1752173313.983080,919518.000,18931,2,EA,1,100,0.030232
1752173314.050081,919585.000,18948,1,EA,1,100,0.030232
1752173314.116581,919651.500,18964,2,EA,1,100,0.030232
1752173314.183082,919718.000,18964,2,EA,1,100,0.030232
1752173314.250082,919785.000,18981,1,EA,1,100,0.030232
1752173314.316583,919851.500,18996,2,EA,1,100,0.030232
1752173314.383083,919918.000,18996,2,EA,1,100,0.030232
1752173314.450084,919985.000,19013,1,EA,1,100,0.030233
1752173314.516585,920051.500,19029,2,EA,1,100,0.030232
1752173314.583085,920118.000,19029,2,EA,1,100,0.030232
1752173314.650086,920185.000,19047,1,EA,1,100,0.030232
1752173314.716586,920251.500,19061,2,EA,1,100,0.030232
1752173314.783087,920318.000,19061,2,EA,1,100,0.030232
1752173314.850087,920385.000,19078,1,EA,1,100,0.030232
1752173314.916588,920451.500,19095,2,EA,1,100,0.030232
1752173314.983088,920518.000,19095,2,EA,1,100,0.030232
1752173315.049089,920584.000,19112,1,EA,1,100,0.030232
1752173315.116089,920651.000,19126,2,EA,1,100,0.030232
1752173315.183090,920718.000,19126,2,EA,1,100,0.030232
1752173315.249090,920784.000,19143,1,EA,1,100,0.030232
1752173315.316091,920851.000,19160,2,EA,1,100,0.030232
1752173315.383092,920918.000,19160,2,EA,1,100,0.030233
1752173315.449092,920984.000,19177,1,EA,1,100,0.030232
1752173315.516093,921051.000,19191,2,EA,1,100,0.030232
1752173315.583093,921118.000,19191,2,EA,1,100,0.030233
1752173315.649094,921184.000,19209,1,EA,1,100,0.030232
1752173315.716094,921251.000,19225,2,EA,1,100,0.030232
1752173315.783095,921318.000,19225,2,EA,1,100,0.030232
1752173315.849595,921384.500,19242,2,EA,1,100,0.030232
1752173315.916096,921451.000,19242,2,EA,1,100,0.030232
1752173315.983096,921518.000,19259,1,EA,1,100,0.030232
1752173316.049597,921584.500,19274,2,EA,1,100,0.030232
1752173316.116098,921651.000,19274,2,EA,1,100,0.030232
1752173316.183098,921718.000,19290,1,EA,1,100,0.030233
1752173316.249599,921784.500,19308,2,EA,1,100,0.030233
1752173316.316099,921851.000,19308,2,EA,1,100,0.030233
1752173316.383100,921918.000,19326,1,EA,1,100,0.030233
1752173316.449600,921984.500,19341,2,EA,1,100,0.030233
1752173316.516101,922051.000,19341,2,EA,1,100,0.030233
1752173316.583101,922118.000,19357,1,EA,1,100,0.030233
1752173316.649602,922184.500,19375,2,EA,1,100,0.030233
1752173316.716102,922251.000,19375,2,EA,1,100,0.030233
1752173316.783103,922318.000,19391,1,EA,1,100,0.030233
1752173316.849603,922384.500,19406,2,EA,1,100,0.030233
1752173316.916104,922451.000,19406,2,EA,1,100,0.030233
1752173316.983105,922518.000,19423,1,EA,1,100,0.030233
1752173317.049605,922584.500,19440,2,EA,1,100,0.030232
1752173317.116106,922651.000,19440,2,EA,1,100,0.030232
1752173317.183106,922718.000,19456,1,EA,1,100,0.030233
1752173317.249607,922784.500,19472,2,EA,1,100,0.030232
1752173317.316107,922851.000,19472,2,EA,1,100,0.030233
1752173317.383108,922918.000,19488,1,EA,1,100,0.030232
1752173317.449608,922984.500,19505,2,EA,1,100,0.030232
1752173317.516109,923051.000,19505,2,EA,1,100,0.030232
1752173317.583109,923118.000,19521,1,EA,1,100,0.030232
1752173317.649610,923184.500,19537,2,EA,1,100,0.030232
1752173317.716111,923251.000,19537,2,EA,1,100,0.030232
1752173317.783111,923318.000,19553,1,EA,1,100,0.030232
1752173317.849612,923384.500,19570,2,EA,1,100,0.030232
1752173317.916112,923451.000,19570,2,EA,1,100,0.030233
1752173317.983113,923518.000,19587,1,EA,1,100,0.030232
1752173318.049613,923584.500,19603,2,EA,1,100,0.030232
1752173318.116114,923651.000,19603,2,EA,1,100,0.030232
1752173318.183114,923718.000,19618,1,EA,1,100,0.030232
1752173318.249615,923784.500,19636,2,EA,1,100,0.030232
1752173318.316115,923851.000,19636,2,EA,1,100,0.030232
1752173318.382616,923917.500,19652,2,EA,1,100,0.030233
1752173318.449116,923984.000,19652,2,EA,1,100,0.030232
1752173318.516117,924051.000,19669,1,EA,1,100,0.030233
1752173318.582618,924117.500,19684,2,EA,1,100,0.030232
1752173318.649118,924184.000,19684,2,EA,1,100,0.030232
1752173318.716119,924251.000,19701,1,EA,1,100,0.030233
1752173318.782619,924317.500,19717,2,EA,1,100,0.030233
1752173318.849120,924384.000,19717,2,EA,1,100,0.030232
1752173318.916120,924451.000,19734,1,EA,1,100,0.030233
1752173318.982621,924517.500,19749,2,EA,1,100,0.030232
1752173319.049121,924584.000,19749,2,EA,1,100,0.030233
1752173319.116122,924651.000,19766,1,EA,1,100,0.030232
1752173319.182622,924717.500,19782,2,EA,1,100,0.030233
1752173319.249123,924784.000,19782,2,EA,1,100,0.030233
1752173319.316124,924851.000,19800,1,EA,1,100,0.030233
1752173319.382624,924917.500,19814,2,EA,1,100,0.030232
1752173319.449125,924984.000,19814,2,EA,1,100,0.030232
1752173319.516125,925051.000,19831,1,EA,1,100,0.030233
1752173319.582626,925117.500,19848,2,EA,1,100,0.030232
1752173319.649126,925184.000,19848,2,EA,1,100,0.030233
1752173319.716127,925251.000,19865,1,EA,1,100,0.030233
1752173319.782627,925317.500,19879,2,EA,1,100,0.030233
1752173319.849128,925384.000,19879,2,EA,1,100,0.030233
1752173319.916128,925451.000,19896,1,EA,1,100,0.030233
1752173319.982629,925517.500,19913,2,EA,1,100,0.030233
1752173320.049130,925584.000,19913,2,EA,1,100,0.030233
1752173320.116130,925651.000,19930,1,EA,1,100,0.030233
1752173320.182631,925717.500,19944,2,EA,1,100,0.030233
1752173320.249131,925784.000,19944,2,EA,1,100,0.030233
1752173320.316132,925851.000,19962,1,EA,1,100,0.030233
1752173320.382632,925917.500,19978,2,EA,1,100,0.030233
1752173320.449133,925984.000,19978,2,EA,1,100,0.030233
1752173320.516133,926051.000,19995,1,EA,1,100,0.030233
1752173320.582634,926117.500,20011,2,EA,1,100,0.030233
1752173320.649134,926184.000,20011,2,EA,1,100,0.030233
1752173320.715635,926250.500,20027,2,EA,1,100,0.030233
1752173320.782135,926317.000,20027,2,EA,1,100,0.030233
1752173320.849136,926384.000,20043,1,EA,1,100,0.030233
1752173320.915637,926450.500,20061,2,EA,1,100,0.030233
1752173320.982137,926517.000,20061,2,EA,1,100,0.030233
1752173321.049138,926584.000,20077,1,EA,1,100,0.030233
1752173321.115638,926650.500,20092,2,EA,1,100,0.030233
1752173321.182139,926717.000,20092,2,EA,1,100,0.030233
1752173321.249139,926784.000,20108,1,EA,1,100,0.030233
1752173321.315640,926850.500,20128,2,EA,1,100,0.030233
1752173321.382140,926917.000,20128,2,EA,1,100,0.030233
1752173321.449141,926984.000,20144,1,EA,1,100,0.030233
1752173321.515641,927050.500,20159,2,EA,1,100,0.030233
1752173321.582142,927117.000,20159,2,EA,1,100,0.030233
1752173321.649143,927184.000,20176,1,EA,1,100,0.030233
1752173321.715643,927250.500,20193,2,EA,1,100,0.030233
1752173321.782144,927317.000,20193,2,EA,1,100,0.030233
1752173321.849144,927384.000,20209,1,EA,1,100,0.030233
1752173321.915645,927450.500,20225,2,EA,1,100,0.030233
1752173321.982145,927517.000,20225,2,EA,1,100,0.030233
1752173322.049146,927584.000,20241,1,EA,1,100,0.030233
1752173322.115646,927650.500,20258,2,EA,1,100,0.030233
1752173322.182147,927717.000,20258,2,EA,1,100,0.030233
1752173322.249147,927784.000,20274,1,EA,1,100,0.030233
1752173322.315648,927850.500,20290,2,EA,1,100,0.030233
1752173322.382148,927917.000,20290,2,EA,1,100,0.030233
1752173322.449149,927984.000,20306,1,EA,1,100,0.030233
1752173322.515650,928050.500,20323,2,EA,1,100,0.030233
1752173322.582150,928117.000,20323,2,EA,1,100,0.030233
1752173322.649151,928184.000,20340,1,EA,1,100,0.030233
1752173322.715651,928250.500,20356,2,EA,1,100,0.030233
1752173322.782152,928317.000,20356,2,EA,1,100,0.030233
1752173322.849152,928384.000,20371,1,EA,1,100,0.030233
1752173322.915653,928450.500,20389,2,EA,1,100,0.030233
1752173322.982153,928517.000,20389,2,EA,1,100,0.030233
1752173323.048654,928583.500,20405,2,EA,1,100,0.030233
1752173323.115154,928650.000,20405,2,EA,1,100,0.030233
1752173323.182155,928717.000,20422,1,EA,1,100,0.030233
1752173323.248656,928783.500,20437,2,EA,1,100,0.030233
1752173323.315156,928850.000,20437,2,EA,1,100,0.030233
1752173323.382157,928917.000,20454,1,EA,1,100,0.030233
1752173323.448657,928983.500,20470,2,EA,1,100,0.030233
1752173323.515158,929050.000,20470,2,EA,1,100,0.030233
1752173323.582158,929117.000,20487,1,EA,1,100,0.030233
1752173323.648659,929183.500,20502,2,EA,1,100,0.030233
1752173323.715159,929250.000,20502,2,EA,1,100,0.030233
1752173323.782160,929317.000,20519,1,EA,1,100,0.030233
1752173323.848660,929383.500,20535,2,EA,1,100,0.030233
1752173323.915161,929450.000,20535,2,EA,1,100,0.030233
1752173323.982162,929517.000,20553,1,EA,1,100,0.030233
1752173324.048662,929583.500,20567,2,EA,1,100,0.030233
1752173324.115163,929650.000,20567,2,EA,1,100,0.030233
1752173324.182163,929717.000,20584,1,EA,1,100,0.030233
1752173324.248664,929783.500,20601,2,EA,1,100,0.030233
1752173324.315164,929850.000,20601,2,EA,1,100,0.030233
1752173324.382165,929917.000,20618,1,EA,1,100,0.030233
1752173324.448665,929983.500,20632,2,EA,1,100,0.030232
1752173324.515166,930050.000,20632,2,EA,1,100,0.030232
1752173324.582166,930117.000,20649,1,EA,1,100,0.030232
1752173324.648667,930183.500,20666,2,EA,1,100,0.030232
1752173324.715167,930250.000,20666,2,EA,1,100,0.030233
1752173324.782168,930317.000,20683,1,EA,1,100,0.030233
1752173324.848669,930383.500,20698,2,EA,1,100,0.030232
1752173324.915169,930450.000,20698,2,EA,1,100,0.030233
1752173324.982170,930517.000,20715,1,EA,1,100,0.030232
1752173325.048670,930583.500,20731,2,EA,1,100,0.030232
1752173325.115171,930650.000,20731,2,EA,1,100,0.030232
1752173325.182171,930717.000,20748,2,EA,1,100,0.030233
1752173325.249172,930784.000,20748,2,EA,1,100,0.030232
1752173325.315172,930850.000,20765,1,EA,1,100,0.030233
1752173325.381673,930916.500,20780,2,EA,1,100,0.030233
1752173325.448173,930983.000,20780,2,EA,1,100,0.030232
1752173325.515174,931050.000,20796,1,EA,1,100,0.030233
1752173325.581675,931116.500,20814,2,EA,1,100,0.030232
1752173325.648175,931183.000,20814,2,EA,1,100,0.030232
1752173325.715176,931250.000,20830,1,EA,1,100,0.030232
1752173325.781676,931316.500,20845,2,EA,1,100,0.030232
1752173325.848177,931383.000,20845,2,EA,1,100,0.030232
1752173325.915177,931450.000,20861,1,EA,1,100,0.030232
1752173325.981678,931516.500,20879,2,EA,1,100,0.030232
1752173326.048178,931583.000,20879,2,EA,1,100,0.030232
1752173326.115179,931650.000,20895,1,EA,1,100,0.030232
1752173326.181679,931716.500,20910,2,EA,1,100,0.030232
1752173326.248180,931783.000,20910,2,EA,1,100,0.030233
1752173326.315180,931850.000,20927,1,EA,1,100,0.030232
1752173326.381681,931916.500,20946,2,EA,1,100,0.030233
1752173326.448182,931983.000,20946,2,EA,1,100,0.030233
1752173326.515182,932050.000,20962,1,EA,1,100,0.030232
1752173326.581683,932116.500,20978,2,EA,1,100,0.030232
1752173326.648183,932183.000,20978,2,EA,1,100,0.030232
1752173326.715184,932250.000,20994,1,EA,1,100,0.030232
1752173326.781684,932316.500,21011,2,EA,1,100,0.030232
1752173326.848185,932383.000,21011,2,EA,1,100,0.030232
1752173326.915185,932450.000,21027,1,EA,1,100,0.030232
1752173326.981686,932516.500,21044,2,EA,1,100,0.030232
1752173327.048186,932583.000,21044,2,EA,1,100,0.030232
1752173327.115187,932650.000,21059,1,EA,1,100,0.030232
1752173327.181688,932716.500,21076,2,EA,1,100,0.030232
1752173327.248188,932783.000,21076,2,EA,1,100,0.030232
1752173327.315189,932850.000,21093,2,EA,1,100,0.030232
1752173327.382189,932917.000,21093,2,EA,1,100,0.030232
1752173327.448190,932983.000,21110,1,EA,1,100,0.030232
1752173327.515190,933050.000,21124,2,EA,1,100,0.030232
1752173327.582191,933117.000,21124,2,EA,1,100,0.030232
1752173327.648191,933183.000,21142,1,EA,1,100,0.030232
1752173327.715192,933250.000,21158,2,EA,1,100,0.030232
1752173327.782192,933317.000,21158,2,EA,1,100,0.030232
1752173327.848193,933383.000,21175,1,EA,1,100,0.030232
1752173327.915193,933450.000,21190,2,EA,1,100,0.030232
1752173327.982194,933517.000,21190,2,EA,1,100,0.030232
1752173328.048195,933583.000,21207,1,EA,1,100,0.030232
1752173328.115195,933650.000,21223,2,EA,1,100,0.030232
1752173328.182196,933717.000,21223,2,EA,1,100,0.030232
1752173328.248196,933783.000,21240,1,EA,1,100,0.030232
1752173328.314697,933849.500,21255,2,EA,1,100,0.030232
1752173328.381197,933916.000,21255,2,EA,1,100,0.030232
1752173328.448198,933983.000,21272,1,EA,1,100,0.030232
1752173328.514698,934049.500,21288,2,EA,1,100,0.030232
1752173328.581199,934116.000,21288,2,EA,1,100,0.030232
1752173328.648199,934183.000,21306,1,EA,1,100,0.030232
1752173328.714700,934249.500,21320,2,EA,1,100,0.030232
1752173328.781201,934316.000,21320,2,EA,1,100,0.030232
1752173328.848201,934383.000,21337,1,EA,1,100,0.030232
1752173328.914702,934449.500,21354,2,EA,1,100,0.030232
1752173328.981202,934516.000,21354,2,EA,1,100,0.030232
1752173329.048203,934583.000,21371,1,EA,1,100,0.030232
1752173329.114703,934649.500,21385,2,EA,1,100,0.030232
1752173329.181204,934716.000,21385,2,EA,1,100,0.030232
1752173329.248204,934783.000,21402,1,EA,1,100,0.030232
1752173329.314705,934849.500,21419,2,EA,1,100,0.030232
1752173329.381205,934916.000,21419,2,EA,1,100,0.030232
1752173329.448206,934983.000,21436,1,EA,1,100,0.030232
1752173329.514707,935049.500,21451,2,EA,1,100,0.030232
1752173329.581207,935116.000,21451,2,EA,1,100,0.030232
1752173329.648208,935183.000,21468,1,EA,1,100,0.030232
1752173329.714708,935249.500,21484,2,EA,1,100,0.030232
1752173329.781209,935316.000,21484,2,EA,1,100,0.030232
1752173329.848209,935383.000,21501,2,EA,1,100,0.030232
1752173329.915210,935450.000,21501,2,EA,1,100,0.030232
1752173329.981210,935516.000,21518,1,EA,1,100,0.030232
1752173330.048211,935583.000,21533,2,EA,1,100,0.030232
1752173330.115211,935650.000,21533,2,EA,1,100,0.030232
1752173330.181212,935716.000,21549,1,EA,1,100,0.030232
1752173330.248212,935783.000,21567,2,EA,1,100,0.030232
1752173330.315213,935850.000,21567,2,EA,1,100,0.030232
1752173330.381214,935916.000,21583,1,EA,1,100,0.030232
1752173330.448214,935983.000,21598,2,EA,1,100,0.030232
1752173330.515215,936050.000,21598,2,EA,1,100,0.030232
1752173330.581215,936116.000,21614,1,EA,1,100,0.030232
1752173330.648216,936183.000,21632,2,EA,1,100,0.030232
1752173330.715216,936250.000,21632,2,EA,1,100,0.030232
1752173330.781217,936316.000,21648,1,EA,1,100,0.030232
1752173330.848217,936383.000,21663,2,EA,1,100,0.030232
1752173330.915218,936450.000,21663,2,EA,1,100,0.030232
1752173330.981218,936516.000,21680,1,EA,1,100,0.030232
1752173331.048219,936583.000,21697,2,EA,1,100,0.030232
1752173331.115220,936650.000,21697,2,EA,1,100,0.030232
1752173331.181220,936716.000,21713,1,EA,1,100,0.030232
1752173331.248221,936783.000,21729,2,EA,1,100,0.030232
1752173331.315221,936850.000,21729,2,EA,1,100,0.030232
1752173331.381222,936916.000,21747,1,EA,1,100,0.030232
1752173331.448222,936983.000,21764,2,EA,1,100,0.030232
1752173331.515223,937050.000,21764,2,EA,1,100,0.030232
1752173331.581223,937116.000,21780,1,EA,1,100,0.030232
1752173331.647724,937182.500,21796,2,EA,1,100,0.030232
1752173331.714224,937249.000,21796,2,EA,1,100,0.030232
1752173331.781225,937316.000,21812,1,EA,1,100,0.030232
1752173331.847725,937382.500,21829,2,EA,1,100,0.030232
1752173331.914226,937449.000,21829,2,EA,1,100,0.030232
1752173331.981227,937516.000,21846,1,EA,1,100,0.030232
1752173332.047727,937582.500,21862,2,EA,1,100,0.030232
1752173332.114228,937649.000,21862,2,EA,1,100,0.030232
1752173332.181228,937716.000,21877,1,EA,1,100,0.030232
1752173332.247729,937782.500,21895,2,EA,1,100,0.030232
1752173332.314229,937849.000,21895,2,EA,1,100,0.030232
1752173332.381230,937916.000,21911,2,EA,1,100,0.030232
1752173332.448230,937983.000,21911,2,EA,1,100,0.030232
1752173332.514231,938049.000,21928,1,EA,1,100,0.030232
1752173332.581231,938116.000,21943,2,EA,1,100,0.030232
1752173332.648232,938183.000,21943,2,EA,1,100,0.030232
1752173332.714233,938249.000,21960,1,EA,1,100,0.030232
1752173332.781233,938316.000,21976,2,EA,1,100,0.030232
1752173332.848234,938383.000,21976,2,EA,1,100,0.030232
1752173332.914234,938449.000,21993,1,EA,1,100,0.030232
1752173332.981235,938516.000,22008,2,EA,1,100,0.030232
1752173333.048235,938583.000,22008,2,EA,1,100,0.030232
1752173333.114236,938649.000,22025,1,EA,1,100,0.030232
1752173333.181236,938716.000,22041,2,EA,1,100,0.030232
1752173333.248237,938783.000,22041,2,EA,1,100,0.030232
1752173333.314237,938849.000,22059,1,EA,1,100,0.030232
1752173333.381238,938916.000,22073,2,EA,1,100,0.030232
1752173333.448238,938983.000,22073,2,EA,1,100,0.030232
1752173333.514239,939049.000,22090,1,EA,1,100,0.030232
1752173333.581240,939116.000,22107,2,EA,1,100,0.030232
1752173333.648240,939183.000,22107,2,EA,1,100,0.030232
1752173333.714241,939249.000,22124,1,EA,1,100,0.030232
1752173333.781241,939316.000,22138,2,EA,1,100,0.030232
1752173333.848242,939383.000,22138,2,EA,1,100,0.030232
1752173333.914242,939449.000,22155,1,EA,1,100,0.030232
1752173333.981243,939516.000,22172,2,EA,1,100,0.030232
1752173334.048243,939583.000,22172,2,EA,1,100,0.030232
1752173334.114244,939649.000,22189,1,EA,1,100,0.030232
1752173334.181244,939716.000,22203,2,EA,1,100,0.030232
1752173334.248245,939783.000,22203,2,EA,1,100,0.030232
1752173334.314246,939849.000,22221,1,EA,1,100,0.030232
1752173334.381246,939916.000,22237,2,EA,1,100,0.030232
1752173334.448247,939983.000,22237,2,EA,1,100,0.030232
1752173334.514247,940049.000,22254,1,EA,1,100,0.030232
1752173334.581248,940116.000,22270,2,EA,1,100,0.030232
1752173334.648248,940183.000,22270,2,EA,1,100,0.030232
1752173334.714749,940249.500,22286,2,EA,1,100,0.030232
1752173334.781249,940316.000,22286,2,EA,1,100,0.030232
1752173334.848250,940383.000,22302,1,EA,1,100,0.030232
1752173334.914750,940449.500,22320,2,EA,1,100,0.030232
1752173334.981251,940516.000,22320,2,EA,1,100,0.030232
1752173335.047252,940582.000,22336,1,EA,1,100,0.030232
1752173335.114252,940649.000,22351,2,EA,1,100,0.030232
1752173335.181253,940716.000,22351,2,EA,1,100,0.030232
1752173335.247253,940782.000,22367,1,EA,1,100,0.030232
1752173335.314254,940849.000,22385,2,EA,1,100,0.030232
1752173335.381254,940916.000,22385,2,EA,1,100,0.030232
1752173335.447255,940982.000,22401,1,EA,1,100,0.030232
1752173335.514255,941049.000,22416,2,EA,1,100,0.030232
1752173335.581256,941116.000,22416,2,EA,1,100,0.030232
1752173335.647256,941182.000,22433,1,EA,1,100,0.030232
1752173335.714257,941249.000,22450,2,EA,1,100,0.030232
1752173335.781257,941316.000,22450,2,EA,1,100,0.030232
1752173335.847258,941382.000,22466,1,EA,1,100,0.030232
1752173335.914259,941449.000,22482,2,EA,1,100,0.030232
1752173335.981259,941516.000,22482,2,EA,1,100,0.030232
1752173336.047260,941582.000,22498,1,EA,1,100,0.030232
1752173336.114260,941649.000,22515,2,EA,1,100,0.030232
1752173336.181261,941716.000,22515,2,EA,1,100,0.030232
1752173336.247261,941782.000,22531,1,EA,1,100,0.030232
1752173336.314262,941849.000,22549,2,EA,1,100,0.030232
1752173336.381262,941916.000,22549,2,EA,1,100,0.030232
1752173336.447263,941982.000,22565,1,EA,1,100,0.030232
1752173336.514263,942049.000,22582,2,EA,1,100,0.030232
1752173336.581264,942116.000,22582,2,EA,1,100,0.030232
1752173336.647265,942182.000,22599,1,EA,1,100,0.030232
1752173336.714265,942249.000,22615,2,EA,1,100,0.030232
1752173336.781266,942316.000,22615,2,EA,1,100,0.030232
1752173336.847266,942382.000,22630,1,EA,1,100,0.030232
1752173336.914267,942449.000,22648,2,EA,1,100,0.030232
1752173336.981267,942516.000,22648,2,EA,1,100,0.030232
1752173337.047768,942582.500,22664,2,EA,1,100,0.030232
1752173337.114268,942649.000,22664,2,EA,1,100,0.030232
1752173337.181269,942716.000,22681,1,EA,1,100,0.030232
1752173337.247769,942782.500,22696,2,EA,1,100,0.030232
1752173337.314270,942849.000,22696,2,EA,1,100,0.030232
1752173337.381270,942916.000,22713,1,EA,1,100,0.030232
1752173337.447771,942982.500,22729,2,EA,1,100,0.030232
1752173337.514272,943049.000,22729,2,EA,1,100,0.030232
1752173337.581272,943116.000,22746,1,EA,1,100,0.030232
1752173337.647773,943182.500,22761,2,EA,1,100,0.030232
1752173337.714273,943249.000,22761,2,EA,1,100,0.030232
1752173337.781274,943316.000,22778,1,EA,1,100,0.030232
1752173337.847774,943382.500,22794,2,EA,1,100,0.030232
1752173337.914275,943449.000,22794,2,EA,1,100,0.030232
1752173337.981275,943516.000,22812,1,EA,1,100,0.030232
1752173338.047776,943582.500,22826,2,EA,1,100,0.030232
1752173338.114276,943649.000,22826,2,EA,1,100,0.030232
1752173338.181277,943716.000,22843,1,EA,1,100,0.030232
1752173338.247778,943782.500,22860,2,EA,1,100,0.030232
1752173338.314278,943849.000,22860,2,EA,1,100,0.030232
1752173338.380279,943915.000,22877,1,EA,1,100,0.030232
1752173338.447279,943982.000,22891,2,EA,1,100,0.030232
1752173338.514280,944049.000,22891,2,EA,1,100,0.030232
1752173338.580280,944115.000,22908,1,EA,1,100,0.030232
1752173338.647281,944182.000,22925,2,EA,1,100,0.030232
1752173338.714281,944249.000,22925,2,EA,1,100,0.030232
1752173338.780282,944315.000,22942,1,EA,1,100,0.030232
1752173338.847282,944382.000,22956,2,EA,1,100,0.030232
1752173338.914283,944449.000,22956,2,EA,1,100,0.030232
1752173338.980283,944515.000,22974,1,EA,1,100,0.030232
1752173339.047284,944582.000,22990,2,EA,1,100,0.030232
1752173339.114285,944649.000,22990,2,EA,1,100,0.030232
1752173339.180285,944715.000,23007,1,EA,1,100,0.030232
1752173339.247286,944782.000,23023,2,EA,1,100,0.030232
1752173339.314286,944849.000,23023,2,EA,1,100,0.030232
1752173339.380287,944915.000,23039,1,EA,1,100,0.030232
1752173339.447287,944982.000,23055,2,EA,1,100,0.030232
1752173339.514288,945049.000,23055,2,EA,1,100,0.030232
1752173339.580788,945115.500,23073,2,EA,1,100,0.030232
1752173339.647289,945182.000,23073,2,EA,1,100,0.030232
1752173339.714289,945249.000,23089,1,EA,1,100,0.030232
1752173339.780790,945315.500,23104,2,EA,1,100,0.030232
1752173339.847291,945382.000,23104,2,EA,1,100,0.030232
1752173339.914291,945449.000,23120,1,EA,1,100,0.030232
1752173339.980792,945515.500,23138,2,EA,1,100,0.030232
1752173340.047292,945582.000,23138,2,EA,1,100,0.030232
1752173340.114293,945649.000,23154,1,EA,1,100,0.030232
1752173340.180793,945715.500,23169,2,EA,1,100,0.030232
1752173340.247294,945782.000,23169,2,EA,1,100,0.030232
1752173340.314294,945849.000,23186,1,EA,1,100,0.030232
1752173340.380795,945915.500,23203,2,EA,1,100,0.030232
1752173340.447295,945982.000,23203,2,EA,1,100,0.030232
1752173340.514296,946049.000,23219,1,EA,1,100,0.030232
1752173340.580797,946115.500,23235,2,EA,1,100,0.030232
1752173340.647297,946182.000,23235,2,EA,1,100,0.030232
1752173340.714298,946249.000,23251,1,EA,1,100,0.030232
1752173340.780798,946315.500,23268,2,EA,1,100,0.030232
1752173340.847299,946382.000,23268,2,EA,1,100,0.030232
1752173340.914299,946449.000,23284,1,EA,1,100,0.030232
1752173340.980800,946515.500,23300,2,EA,1,100,0.030232
1752173341.047300,946582.000,23300,2,EA,1,100,0.030232
1752173341.114301,946649.000,23316,1,EA,1,100,0.030232
1752173341.180801,946715.500,23333,2,EA,1,100,0.030232
1752173341.247302,946782.000,23333,2,EA,1,100,0.030232
1752173341.314302,946849.000,23350,1,EA,1,100,0.030232
1752173341.380803,946915.500,23368,2,EA,1,100,0.030232
1752173341.447304,946982.000,23368,2,EA,1,100,0.030232
1752173341.514304,947049.000,23383,1,EA,1,100,0.030232
1752173341.580805,947115.500,23401,2,EA,1,100,0.030232
1752173341.647305,947182.000,23401,2,EA,1,100,0.030232
1752173341.714306,947249.000,23417,1,EA,1,100,0.030232
1752173341.780806,947315.500,23433,2,EA,1,100,0.030232
1752173341.847307,947382.000,23433,2,EA,1,100,0.030232
1752173341.913807,947448.500,23449,2,EA,1,100,0.030232
1752173341.980308,947515.000,23449,2,EA,1,100,0.030232
1752173342.047308,947582.000,23466,1,EA,1,100,0.030232
1752173342.113809,947648.500,23482,2,EA,1,100,0.030232
1752173342.180310,947715.000,23482,2,EA,1,100,0.030232
1752173342.247310,947782.000,23499,1,EA,1,100,0.030232
1752173342.313811,947848.500,23514,2,EA,1,100,0.030232
1752173342.380311,947915.000,23514,2,EA,1,100,0.030232
1752173342.447312,947982.000,23531,1,EA,1,100,0.030232
1752173342.513812,948048.500,23547,2,EA,1,100,0.030232
1752173342.580313,948115.000,23547,2,EA,1,100,0.030232
1752173342.647313,948182.000,23565,1,EA,1,100,0.030232
1752173342.713814,948248.500,23579,2,EA,1,100,0.030232
1752173342.780314,948315.000,23579,2,EA,1,100,0.030232
1752173342.847315,948382.000,23596,1,EA,1,100,0.030232
1752173342.913815,948448.500,23613,2,EA,1,100,0.030232
1752173342.980316,948515.000,23613,2,EA,1,100,0.030232
1752173343.047317,948582.000,23630,1,EA,1,100,0.030232
1752173343.113817,948648.500,23644,2,EA,1,100,0.030232
1752173343.180318,948715.000,23644,2,EA,1,100,0.030232
1752173343.247318,948782.000,23661,1,EA,1,100,0.030232
1752173343.313819,948848.500,23678,2,EA,1,100,0.030232
1752173343.380319,948915.000,23678,2,EA,1,100,0.030232
1752173343.447320,948982.000,23695,1,EA,1,100,0.030232
1752173343.513820,949048.500,23709,2,EA,1,100,0.030232
1752173343.580321,949115.000,23709,2,EA,1,100,0.030232
1752173343.647321,949182.000,23727,1,EA,1,100,0.030232
1752173343.713822,949248.500,23743,2,EA,1,100,0.030232
1752173343.780323,949315.000,23743,2,EA,1,100,0.030232
1752173343.847323,949382.000,23760,1,EA,1,100,0.030232
1752173343.913824,949448.500,23775,2,EA,1,100,0.030232
1752173343.980324,949515.000,23775,2,EA,1,100,0.030232
1752173344.047325,949582.000,23792,1,EA,1,100,0.030232
1752173344.113825,949648.500,23808,2,EA,1,100,0.030232
1752173344.180326,949715.000,23808,2,EA,1,100,0.030232
1752173344.247326,949782.000,23825,1,EA,1,100,0.030232
1752173344.313827,949848.500,23841,2,EA,1,100,0.030232
1752173344.380327,949915.000,23841,2,EA,1,100,0.030232
1752173344.446828,949981.500,23857,2,EA,1,100,0.030232
1752173344.513329,950048.000,23857,2,EA,1,100,0.030232
1752173344.580329,950115.000,23873,1,EA,1,100,0.030232
1752173344.646830,950181.500,23891,2,EA,1,100,0.030232
1752173344.713330,950248.000,23891,2,EA,1,100,0.030232
1752173344.780331,950315.000,23907,1,EA,1,100,0.030232
1752173344.846831,950381.500,23922,2,EA,1,100,0.030232
1752173344.913332,950448.000,23922,2,EA,1,100,0.030232
1752173344.980332,950515.000,23939,1,EA,1,100,0.030232
1752173345.046833,950581.500,23956,2,EA,1,100,0.030232
1752173345.113333,950648.000,23956,2,EA,1,100,0.030232
1752173345.180334,950715.000,23972,1,EA,1,100,0.030232
1752173345.246834,950781.500,23988,2,EA,1,100,0.030232
1752173345.313335,950848.000,23988,2,EA,1,100,0.030232
1752173345.380336,950915.000,24004,1,EA,1,100,0.030232
1752173345.446836,950981.500,24021,2,EA,1,100,0.030232
1752173345.513337,951048.000,24021,2,EA,1,100,0.030232
1752173345.580337,951115.000,24037,1,EA,1,100,0.030232
1752173345.646838,951181.500,24053,2,EA,1,100,0.030232
1752173345.713338,951248.000,24053,2,EA,1,100,0.030232
1752173345.780339,951315.000,24069,1,EA,1,100,0.030232
1752173345.846839,951381.500,24086,2,EA,1,100,0.030232
1752173345.913340,951448.000,24086,2,EA,1,100,0.030232
1752173345.980340,951515.000,24103,1,EA,1,100,0.030232
1752173346.046841,951581.500,24118,2,EA,1,100,0.030232
1752173346.113342,951648.000,24118,2,EA,1,100,0.030232
1752173346.180342,951715.000,24134,1,EA,1,100,0.030232
1752173346.246843,951781.500,24152,2,EA,1,100,0.030232
1752173346.313343,951848.000,24152,2,EA,1,100,0.030232
1752173346.380344,951915.000,24170,2,EA,1,100,0.030232
1752173346.447344,951982.000,24170,2,EA,1,100,0.030232
1752173346.513345,952048.000,24187,1,EA,1,100,0.030232
1752173346.579845,952114.500,24202,2,EA,1,100,0.030232
1752173346.646346,952181.000,24202,2,EA,1,100,0.030232
1752173346.713346,952248.000,24219,1,EA,1,100,0.030232
1752173346.779847,952314.500,24235,2,EA,1,100,0.030232
1752173346.846347,952381.000,24235,2,EA,1,100,0.030232
1752173346.913348,952448.000,24252,1,EA,1,100,0.030232
1752173346.979849,952514.500,24267,2,EA,1,100,0.030232
1752173347.046349,952581.000,24267,2,EA,1,100,0.030232
1752173347.113350,952648.000,24284,1,EA,1,100,0.030232
1752173347.179850,952714.500,24300,2,EA,1,100,0.030232
1752173347.246351,952781.000,24300,2,EA,1,100,0.030232
1752173347.313351,952848.000,24318,1,EA,1,100,0.030232
1752173347.379852,952914.500,24332,2,EA,1,100,0.030232
1752173347.446352,952981.000,24332,2,EA,1,100,0.030232
1752173347.513353,953048.000,24349,1,EA,1,100,0.030232
1752173347.579853,953114.500,24366,2,EA,1,100,0.030232
1752173347.646354,953181.000,24366,2,EA,1,100,0.030232
1752173347.713355,953248.000,24383,1,EA,1,100,0.030232
1752173347.779855,953314.500,24397,2,EA,1,100,0.030232
1752173347.846356,953381.000,24397,2,EA,1,100,0.030232
1752173347.913356,953448.000,24414,1,EA,1,100,0.030232
1752173347.979857,953514.500,24431,2,EA,1,100,0.030232
1752173348.046357,953581.000,24431,2,EA,1,100,0.030232
1752173348.113358,953648.000,24448,1,EA,1,100,0.030232
1752173348.179858,953714.500,24463,2,EA,1,100,0.030232
1752173348.246359,953781.000,24463,2,EA,1,100,0.030232
1752173348.313359,953848.000,24480,1,EA,1,100,0.030232
1752173348.379860,953914.500,24496,2,EA,1,100,0.030232
1752173348.446360,953981.000,24496,2,EA,1,100,0.030232
1752173348.513361,954048.000,24513,1,EA,1,100,0.030232
1752173348.579862,954114.500,24529,2,EA,1,100,0.030232
1752173348.646362,954181.000,24529,2,EA,1,100,0.030232
1752173348.712863,954247.500,24545,2,EA,1,100,0.030232
1752173348.779363,954314.000,24545,2,EA,1,100,0.030232
1752173348.846364,954381.000,24561,1,EA,1,100,0.030232
1752173348.912864,954447.500,24579,2,EA,1,100,0.030232
1752173348.979365,954514.000,24579,2,EA,1,100,0.030232
1752173349.046365,954581.000,24595,1,EA,1,100,0.030232
1752173349.112866,954647.500,24610,2,EA,1,100,0.030232
1752173349.179366,954714.000,24610,2,EA,1,100,0.030232
1752173349.246367,954781.000,24626,1,EA,1,100,0.030232
1752173349.312868,954847.500,24644,2,EA,1,100,0.030232
1752173349.379368,954914.000,24644,2,EA,1,100,0.030232
1752173349.446369,954981.000,24660,1,EA,1,100,0.030232
1752173349.512869,955047.500,24675,2,EA,1,100,0.030232
1752173349.579370,955114.000,24675,2,EA,1,100,0.030232
1752173349.646370,955181.000,24692,1,EA,1,100,0.030232
1752173349.712871,955247.500,24709,2,EA,1,100,0.030232
1752173349.779371,955314.000,24709,2,EA,1,100,0.030232
1752173349.846372,955381.000,24725,1,EA,1,100,0.030232
1752173349.912872,955447.500,24741,2,EA,1,100,0.030232
1752173349.979373,955514.000,24741,2,EA,1,100,0.030232
1752173350.046374,955581.000,24757,1,EA,1,100,0.030232
1752173350.112874,955647.500,24774,2,EA,1,100,0.030232
1752173350.179375,955714.000,24774,2,EA,1,100,0.030232
1752173350.246375,955781.000,24790,1,EA,1,100,0.030232
1752173350.312876,955847.500,24806,2,EA,1,100,0.030232
1752173350.379376,955914.000,24806,2,EA,1,100,0.030232
1752173350.446377,955981.000,24822,1,EA,1,100,0.030232
1752173350.512877,956047.500,24839,2,EA,1,100,0.030232
1752173350.579378,956114.000,24839,2,EA,1,100,0.030232
1752173350.646378,956181.000,24856,1,EA,1,100,0.030232
1752173350.712879,956247.500,24871,2,EA,1,100,0.030232
1752173350.779379,956314.000,24871,2,EA,1,100,0.030232
1752173350.846380,956381.000,24887,1,EA,1,100,0.030232
1752173350.912881,956447.500,24905,2,EA,1,100,0.030232
1752173350.979381,956514.000,24905,2,EA,1,100,0.030232
1752173351.046382,956581.000,24921,1,EA,1,100,0.030232
1752173351.112882,956647.500,24937,2,EA,1,100,0.030232
1752173351.179383,956714.000,24937,2,EA,1,100,0.030232
1752173351.246383,956781.000,24953,2,EA,1,100,0.030232
1752173351.313384,956848.000,24953,2,EA,1,100,0.030232
1752173351.379384,956914.000,24974,1,EA,1,100,0.030232
1752173351.446385,956981.000,24990,2,EA,1,100,0.030232
1752173351.513385,957048.000,24990,2,EA,1,100,0.030232
1752173351.579386,957114.000,25007,1,EA,1,100,0.030232
1752173351.645887,957180.500,25024,2,EA,1,100,0.030232
1752173351.712387,957247.000,25024,2,EA,1,100,0.030232
1752173351.779388,957314.000,25041,1,EA,1,100,0.030232
1752173351.845888,957380.500,25057,2,EA,1,100,0.030232
1752173351.912389,957447.000,25057,2,EA,1,100,0.030232
1752173351.979389,957514.000,25075,1,EA,1,100,0.030232
1752173352.045890,957580.500,25089,2,EA,1,100,0.030232
1752173352.112390,957647.000,25089,2,EA,1,100,0.030232
1752173352.179391,957714.000,25106,1,EA,1,100,0.030232
1752173352.245891,957780.500,25123,2,EA,1,100,0.030232
1752173352.312392,957847.000,25123,2,EA,1,100,0.030232
1752173352.379392,957914.000,25140,1,EA,1,100,0.030232
1752173352.445893,957980.500,25154,2,EA,1,100,0.030232
1752173352.512394,958047.000,25154,2,EA,1,100,0.030232
1752173352.579394,958114.000,25171,1,EA,1,100,0.030232
1752173352.645895,958180.500,25188,2,EA,1,100,0.030232
1752173352.712395,958247.000,25188,2,EA,1,100,0.030232
1752173352.779396,958314.000,25207,1,EA,1,100,0.030232
1752173352.845896,958380.500,25223,2,EA,1,100,0.030232
1752173352.912397,958447.000,25223,2,EA,1,100,0.030232
1752173352.979397,958514.000,25241,1,EA,1,100,0.030232
1752173353.045898,958580.500,25257,2,EA,1,100,0.030232
1752173353.112398,958647.000,25257,2,EA,1,100,0.030232
1752173353.179399,958714.000,25274,1,EA,1,100,0.030232
1752173353.245900,958780.500,25290,2,EA,1,100,0.030232
1752173353.312400,958847.000,25290,2,EA,1,100,0.030232
1752173353.379401,958914.000,25306,1,EA,1,100,0.030232
1752173353.446401,958981.000,25322,2,EA,1,100,0.030232
1752173353.513402,959048.000,25322,2,EA,1,100,0.030232
1752173353.579402,959114.000,25339,1,EA,1,100,0.030232
1752173353.645903,959180.500,25355,2,EA,1,100,0.030232
1752173353.712403,959247.000,25355,2,EA,1,100,0.030232
1752173353.779404,959314.000,25371,2,EA,1,100,0.030232
1752173353.846404,959381.000,25371,2,EA,1,100,0.030232
1752173353.912405,959447.000,25387,1,EA,1,100,0.030232
1752173353.979405,959514.000,25405,2,EA,1,100,0.030232
1752173354.046406,959581.000,25405,2,EA,1,100,0.030232
1752173354.112407,959647.000,25421,1,EA,1,100,0.030232
1752173354.179407,959714.000,25436,2,EA,1,100,0.030232
1752173354.246408,959781.000,25436,2,EA,1,100,0.030232
1752173354.312408,959847.000,25453,1,EA,1,100,0.030232
1752173354.379409,959914.000,25470,2,EA,1,100,0.030232
1752173354.446409,959981.000,25470,2,EA,1,100,0.030232
1752173354.512410,960047.000,25486,1,EA,1,100,0.030232
1752173354.579410,960114.000,25502,2,EA,1,100,0.030232
1752173354.646411,960181.000,25502,2,EA,1,100,0.030232
1752173354.712411,960247.000,25518,1,EA,1,100,0.030232
1752173354.779412,960314.000,25535,2,EA,1,100,0.030232
1752173354.846413,960381.000,25535,2,EA,1,100,0.030232
1752173354.912413,960447.000,25551,1,EA,1,100,0.030232
1752173354.978914,960513.500,25567,2,EA,1,100,0.030232
1752173355.045414,960580.000,25567,2,EA,1,100,0.030232
1752173355.112415,960647.000,25583,1,EA,1,100,0.030232
1752173355.178915,960713.500,25600,2,EA,1,100,0.030232
1752173355.245416,960780.000,25600,2,EA,1,100,0.030232
1752173355.312416,960847.000,25617,1,EA,1,100,0.030232
1752173355.378917,960913.500,25632,2,EA,1,100,0.030232
1752173355.445417,960980.000,25632,2,EA,1,100,0.030232
1752173355.512418,961047.000,25648,1,EA,1,100,0.030232
1752173355.578919,961113.500,25668,2,EA,1,100,0.030232
1752173355.645419,961180.000,25668,2,EA,1,100,0.030232
1752173355.712420,961247.000,25684,1,EA,1,100,0.030232
1752173355.778920,961313.500,25699,2,EA,1,100,0.030232
1752173355.845421,961380.000,25699,2,EA,1,100,0.030232
1752173355.912421,961447.000,25715,1,EA,1,100,0.030232
1752173355.978922,961513.500,25733,2,EA,1,100,0.030232
1752173356.045422,961580.000,25733,2,EA,1,100,0.030232
1752173356.112423,961647.000,25749,1,EA,1,100,0.030232
1752173356.178923,961713.500,25765,2,EA,1,100,0.030232
1752173356.245424,961780.000,25765,2,EA,1,100,0.030232
1752173356.312424,961847.000,25783,2,EA,1,100,0.030232
1752173356.379425,961914.000,25783,2,EA,1,100,0.030232
1752173356.445426,961980.000,25800,1,EA,1,100,0.030232
1752173356.512426,962047.000,25816,2,EA,1,100,0.030232
1752173356.579427,962114.000,25816,2,EA,1,100,0.030232
1752173356.645427,962180.000,25834,1,EA,1,100,0.030232
1752173356.712428,962247.000,25848,2,EA,1,100,0.030232
1752173356.779428,962314.000,25848,2,EA,1,100,0.030232
1752173356.845429,962380.000,25865,1,EA,1,100,0.030232
1752173356.912429,962447.000,25882,2,EA,1,100,0.030232
1752173356.979430,962514.000,25882,2,EA,1,100,0.030232
1752173357.045430,962580.000,25899,1,EA,1,100,0.030232
1752173357.112431,962647.000,25913,2,EA,1,100,0.030232
1752173357.179432,962714.000,25913,2,EA,1,100,0.030232
1752173357.245432,962780.000,25930,1,EA,1,100,0.030232
1752173357.312433,962847.000,25947,2,EA,1,100,0.030232
1752173357.379433,962914.000,25947,2,EA,1,100,0.030232
1752173357.445434,962980.000,25964,1,EA,1,100,0.030231
1752173357.512434,963047.000,25978,2,EA,1,100,0.030232
1752173357.579435,963114.000,25978,2,EA,1,100,0.030232
1752173357.645435,963180.000,25996,1,EA,1,100,0.030231
1752173357.712436,963247.000,26012,2,EA,1,100,0.030232
1752173357.779436,963314.000,26012,2,EA,1,100,0.030232
1752173357.845437,963380.000,26029,1,EA,1,100,0.030232
1752173357.912437,963447.000,26044,2,EA,1,100,0.030232
1752173357.979438,963514.000,26044,2,EA,1,100,0.030232
1752173358.045439,963580.000,26061,1,EA,1,100,0.030232
1752173358.112439,963647.000,26077,2,EA,1,100,0.030232
1752173358.179440,963714.000,26077,2,EA,1,100,0.030232
1752173358.245440,963780.000,26094,1,EA,1,100,0.030232
1752173358.311941,963846.500,26109,2,EA,1,100,0.030232
1752173358.378441,963913.000,26109,2,EA,1,100,0.030232
1752173358.445442,963980.000,26126,1,EA,1,100,0.030232
1752173358.511942,964046.500,26142,2,EA,1,100,0.030232
1752173358.578443,964113.000,26142,2,EA,1,100,0.030232
1752173358.645443,964180.000,26160,1,EA,1,100,0.030232
1752173358.711944,964246.500,26175,2,EA,1,100,0.030232
1752173358.778445,964313.000,26175,2,EA,1,100,0.030232
1752173358.845445,964380.000,26191,2,EA,1,100,0.030232
1752173358.912446,964447.000,26191,2,EA,1,100,0.030232
1752173358.978446,964513.000,26208,1,EA,1,100,0.030232
1752173359.045447,964580.000,26225,2,EA,1,100,0.030232
1752173359.112447,964647.000,26225,2,EA,1,100,0.030232
1752173359.178448,964713.000,26241,1,EA,1,100,0.030232
1752173359.245448,964780.000,26257,2,EA,1,100,0.030232
1752173359.312449,964847.000,26257,2,EA,1,100,0.030232
1752173359.378449,964913.000,26273,1,EA,1,100,0.030232
1752173359.445450,964980.000,26292,2,EA,1,100,0.030232
1752173359.512451,965047.000,26292,2,EA,1,100,0.030232
1752173359.578451,965113.000,26308,1,EA,1,100,0.030232
1752173359.645452,965180.000,26324,2,EA,1,100,0.030232
1752173359.712452,965247.000,26324,2,EA,1,100,0.030232
1752173359.778453,965313.000,26340,1,EA,1,100,0.030231
1752173359.845453,965380.000,26357,2,EA,1,100,0.030232
1752173359.912454,965447.000,26357,2,EA,1,100,0.030232
1752173359.978454,965513.000,26374,1,EA,1,100,0.030232
1752173360.045455,965580.000,26389,2,EA,1,100,0.030232
1752173360.112455,965647.000,26389,2,EA,1,100,0.030232
1752173360.178456,965713.000,26405,1,EA,1,100,0.030232
1752173360.245456,965780.000,26423,2,EA,1,100,0.030232
1752173360.312457,965847.000,26423,2,EA,1,100,0.030232
1752173360.378458,965913.000,26439,1,EA,1,100,0.030232
1752173360.445458,965980.000,26454,2,EA,1,100,0.030232
1752173360.512459,966047.000,26454,2,EA,1,100,0.030232
1752173360.578459,966113.000,26470,1,EA,1,100,0.030232
1752173360.645460,966180.000,26490,2,EA,1,100,0.030232
1752173360.712460,966247.000,26490,2,EA,1,100,0.030232
1752173360.778461,966313.000,26506,1,EA,1,100,0.030232
1752173360.845461,966380.000,26522,2,EA,1,100,0.030232
1752173360.912462,966447.000,26522,2,EA,1,100,0.030232
1752173360.978462,966513.000,26538,1,EA,1,100,0.030232
1752173361.045463,966580.000,26555,2,EA,1,100,0.030232
1752173361.112464,966647.000,26555,2,EA,1,100,0.030232
1752173361.178964,966713.500,26571,2,EA,1,100,0.030232
1752173361.245465,966780.000,26571,2,EA,1,100,0.030232
1752173361.312465,966847.000,26589,1,EA,1,100,0.030232
1752173361.378966,966913.500,26605,2,EA,1,100,0.030231
1752173361.445466,966980.000,26605,2,EA,1,100,0.030232
1752173361.512467,967047.000,26622,1,EA,1,100,0.030231
1752173361.578967,967113.500,26639,2,EA,1,100,0.030231
1752173361.645468,967180.000,26639,2,EA,1,100,0.030231
1752173361.711468,967246.000,26656,1,EA,1,100,0.030231
1752173361.778469,967313.000,26670,2,EA,1,100,0.030231
1752173361.845469,967380.000,26670,2,EA,1,100,0.030231
1752173361.911470,967446.000,26687,1,EA,1,100,0.030231
1752173361.978471,967513.000,26704,2,EA,1,100,0.030231
1752173362.045471,967580.000,26704,2,EA,1,100,0.030231
1752173362.111472,967646.000,26721,1,EA,1,100,0.030231
1752173362.178472,967713.000,26735,2,EA,1,100,0.030232
1752173362.245473,967780.000,26735,2,EA,1,100,0.030231
1752173362.311473,967846.000,26753,1,EA,1,100,0.030231
1752173362.378474,967913.000,26769,2,EA,1,100,0.030231
1752173362.445474,967980.000,26769,2,EA,1,100,0.030231
1752173362.511475,968046.000,26786,1,EA,1,100,0.030232
1752173362.578475,968113.000,26801,2,EA,1,100,0.030231
1752173362.645476,968180.000,26801,2,EA,1,100,0.030232
1752173362.711477,968246.000,26818,1,EA,1,100,0.030232
1752173362.778477,968313.000,26834,2,EA,1,100,0.030232
1752173362.845478,968380.000,26834,2,EA,1,100,0.030231
1752173362.911478,968446.000,26853,1,EA,1,100,0.030231
1752173362.978479,968513.000,26869,2,EA,1,100,0.030231
1752173363.045479,968580.000,26869,2,EA,1,100,0.030231
1752173363.111480,968646.000,26885,1,EA,1,100,0.030231
1752173363.178480,968713.000,26901,2,EA,1,100,0.030231
1752173363.245481,968780.000,26901,2,EA,1,100,0.030231
1752173363.311481,968846.000,26919,1,EA,1,100,0.030231
1752173363.378482,968913.000,26934,2,EA,1,100,0.030231
1752173363.445482,968980.000,26934,2,EA,1,100,0.030231
1752173363.511983,969046.500,26950,2,EA,1,100,0.030231
1752173363.578484,969113.000,26950,2,EA,1,100,0.030231
1752173363.645484,969180.000,26967,1,EA,1,100,0.030231
1752173363.711985,969246.500,26984,2,EA,1,100,0.030231
1752173363.778485,969313.000,26984,2,EA,1,100,0.030231
1752173363.845486,969380.000,27000,1,EA,1,100,0.030231
1752173363.911986,969446.500,27016,2,EA,1,100,0.030231
1752173363.978487,969513.000,27016,2,EA,1,100,0.030231
1752173364.045487,969580.000,27032,1,EA,1,100,0.030231
1752173364.111988,969646.500,27049,2,EA,1,100,0.030231
1752173364.178488,969713.000,27049,2,EA,1,100,0.030231
1752173364.245489,969780.000,27065,1,EA,1,100,0.030231
1752173364.311990,969846.500,27081,2,EA,1,100,0.030231
1752173364.378490,969913.000,27081,2,EA,1,100,0.030232
1752173364.445491,969980.000,27097,1,EA,1,100,0.030231
1752173364.511991,970046.500,27114,2,EA,1,100,0.030232
1752173364.578492,970113.000,27114,2,EA,1,100,0.030231
1752173364.645492,970180.000,27131,1,EA,1,100,0.030231
1752173364.711993,970246.500,27146,2,EA,1,100,0.030231
1752173364.778493,970313.000,27146,2,EA,1,100,0.030231
1752173364.845494,970380.000,27162,1,EA,1,100,0.030231
1752173364.911994,970446.500,27180,2,EA,1,100,0.030231
1752173364.978495,970513.000,27180,2,EA,1,100,0.030232
1752173365.044495,970579.000,27196,1,EA,1,100,0.030232
1752173365.111496,970646.000,27211,2,EA,1,100,0.030231
1752173365.178497,970713.000,27211,2,EA,1,100,0.030232
1752173365.244497,970779.000,27227,1,EA,1,100,0.030231
1752173365.311498,970846.000,27245,2,EA,1,100,0.030232
1752173365.378498,970913.000,27245,2,EA,1,100,0.030232
1752173365.444499,970979.000,27261,1,EA,1,100,0.030232
1752173365.511499,971046.000,27277,2,EA,1,100,0.030232
1752173365.578500,971113.000,27277,2,EA,1,100,0.030232
1752173365.644500,971179.000,27293,1,EA,1,100,0.030232
1752173365.711501,971246.000,27310,2,EA,1,100,0.030232
1752173365.778501,971313.000,27310,2,EA,1,100,0.030232
1752173365.844502,971379.000,27326,1,EA,1,100,0.030232
1752173365.911503,971446.000,27345,2,EA,1,100,0.030232
1752173365.978503,971513.000,27345,2,EA,1,100,0.030232
1752173366.045004,971579.500,27360,2,EA,1,100,0.030232
1752173366.111504,971646.000,27360,2,EA,1,100,0.030232
1752173366.178505,971713.000,27377,1,EA,1,100,0.030232
1752173366.245005,971779.500,27394,2,EA,1,100,0.030232
1752173366.311506,971846.000,27394,2,EA,1,100,0.030232
1752173366.378506,971913.000,27413,1,EA,1,100,0.030232
1752173366.445007,971979.500,27427,2,EA,1,100,0.030232
1752173366.511507,972046.000,27427,2,EA,1,100,0.030232
1752173366.578508,972113.000,27444,1,EA,1,100,0.030232
1752173366.645009,972179.500,27461,2,EA,1,100,0.030232
1752173366.711509,972246.000,27461,2,EA,1,100,0.030232
1752173366.778510,972313.000,27478,1,EA,1,100,0.030232
1752173366.845010,972379.500,27492,2,EA,1,100,0.030232
1752173366.911511,972446.000,27492,2,EA,1,100,0.030232
1752173366.978511,972513.000,27510,1,EA,1,100,0.030232
1752173367.045012,972579.500,27526,2,EA,1,100,0.030232
1752173367.111512,972646.000,27526,2,EA,1,100,0.030232
1752173367.178513,972713.000,27543,1,EA,1,100,0.030232
1752173367.245013,972779.500,27558,2,EA,1,100,0.030232
1752173367.311514,972846.000,27558,2,EA,1,100,0.030232
1752173367.378514,972913.000,27575,1,EA,1,100,0.030232
1752173367.445015,972979.500,27591,2,EA,1,100,0.030232
1752173367.511516,973046.000,27591,2,EA,1,100,0.030232
1752173367.578516,973113.000,27608,1,EA,1,100,0.030232
1752173367.645017,973179.500,27623,2,EA,1,100,0.030232
1752173367.711517,973246.000,27623,2,EA,1,100,0.030232
1752173367.778518,973313.000,27640,1,EA,1,100,0.030232
1752173367.845018,973379.500,27656,2,EA,1,100,0.030232
1752173367.911519,973446.000,27656,2,EA,1,100,0.030232
1752173367.978519,973513.000,27674,1,EA,1,100,0.030232
1752173368.045020,973579.500,27689,2,EA,1,100,0.030232
1752173368.111520,973646.000,27689,2,EA,1,100,0.030232
1752173368.178521,973713.000,27705,1,EA,1,100,0.030232
1752173368.245022,973779.500,27722,2,EA,1,100,0.030232
1752173368.311522,973846.000,27722,2,EA,1,100,0.030232
1752173368.378023,973912.500,27739,2,EA,1,100,0.030232
1752173368.444523,973979.000,27739,2,EA,1,100,0.030232
1752173368.511524,974046.000,27755,1,EA,1,100,0.030232
1752173368.578024,974112.500,27771,2,EA,1,100,0.030232
1752173368.644525,974179.000,27771,2,EA,1,100,0.030232
1752173368.711525,974246.000,27787,1,EA,1,100,0.030232
1752173368.778026,974312.500,27804,2,EA,1,100,0.030232
1752173368.844526,974379.000,27804,2,EA,1,100,0.030232
1752173368.911527,974446.000,27820,1,EA,1,100,0.030232
1752173368.978027,974512.500,27836,2,EA,1,100,0.030232
1752173369.044528,974579.000,27836,2,EA,1,100,0.030232
1752173369.111529,974646.000,27852,1,EA,1,100,0.030232
1752173369.178029,974712.500,27869,2,EA,1,100,0.030232
1752173369.244530,974779.000,27869,2,EA,1,100,0.030232
1752173369.311530,974846.000,27886,1,EA,1,100,0.030232
1752173369.378031,974912.500,27901,2,EA,1,100,0.030232
1752173369.444531,974979.000,27901,2,EA,1,100,0.030232
1752173369.511532,975046.000,27917,1,EA,1,100,0.030232
1752173369.578032,975112.500,27937,2,EA,1,100,0.030232
1752173369.644533,975179.000,27937,2,EA,1,100,0.030232
1752173369.711533,975246.000,27953,1,EA,1,100,0.030232
1752173369.778034,975312.500,27968,2,EA,1,100,0.030232
1752173369.844535,975379.000,27968,2,EA,1,100,0.030232
1752173369.911535,975446.000,27984,1,EA,1,100,0.030232
1752173369.978036,975512.500,28002,2,EA,1,100,0.030232
1752173370.044536,975579.000,28002,2,EA,1,100,0.030232
1752173370.111537,975646.000,28018,1,EA,1,100,0.030232
1752173370.178037,975712.500,28033,2,EA,1,100,0.030232
1752173370.244538,975779.000,28033,2,EA,1,100,0.030232
1752173370.311538,975846.000,28050,1,EA,1,100,0.030232
1752173370.378039,975912.500,28067,2,EA,1,100,0.030232
1752173370.444539,975979.000,28067,2,EA,1,100,0.030232
1752173370.511540,976046.000,28083,1,EA,1,100,0.030232
1752173370.578041,976112.500,28100,2,EA,1,100,0.030232
1752173370.644541,976179.000,28100,2,EA,1,100,0.030232
1752173370.711042,976245.500,28115,2,EA,1,100,0.030232
1752173370.777542,976312.000,28115,2,EA,1,100,0.030232
1752173370.844543,976379.000,28132,1,EA,1,100,0.030232
1752173370.911043,976445.500,28149,2,EA,1,100,0.030232
1752173370.977544,976512.000,28149,2,EA,1,100,0.030232
1752173371.044544,976579.000,28166,1,EA,1,100,0.030232
1752173371.111045,976645.500,28180,2,EA,1,100,0.030232
1752173371.177545,976712.000,28180,2,EA,1,100,0.030232
1752173371.244546,976779.000,28197,1,EA,1,100,0.030232
1752173371.311046,976845.500,28216,2,EA,1,100,0.030232
1752173371.377547,976912.000,28216,2,EA,1,100,0.030232
1752173371.444548,976979.000,28233,1,EA,1,100,0.030232
1752173371.511048,977045.500,28247,2,EA,1,100,0.030232
1752173371.577549,977112.000,28247,2,EA,1,100,0.030232
1752173371.644549,977179.000,28265,1,EA,1,100,0.030232
1752173371.711050,977245.500,28281,2,EA,1,100,0.030232
1752173371.777550,977312.000,28281,2,EA,1,100,0.030232
1752173371.844551,977379.000,28298,1,EA,1,100,0.030232
1752173371.911051,977445.500,28313,2,EA,1,100,0.030232
1752173371.977552,977512.000,28313,2,EA,1,100,0.030232
1752173372.044552,977579.000,28330,1,EA,1,100,0.030232
1752173372.111053,977645.500,28346,2,EA,1,100,0.030232
1752173372.177554,977712.000,28346,2,EA,1,100,0.030232
1752173372.244554,977779.000,28363,1,EA,1,100,0.030232
1752173372.311055,977845.500,28378,2,EA,1,100,0.030232
1752173372.377555,977912.000,28378,2,EA,1,100,0.030232
1752173372.444556,977979.000,28395,1,EA,1,100,0.030232
1752173372.511056,978045.500,28411,2,EA,1,100,0.030232
1752173372.577557,978112.000,28411,2,EA,1,100,0.030232
1752173372.644557,978179.000,28429,1,EA,1,100,0.030232
1752173372.711058,978245.500,28444,2,EA,1,100,0.030232
1752173372.777558,978312.000,28444,2,EA,1,100,0.030232
1752173372.844559,978379.000,28460,1,EA,1,100,0.030232
1752173372.911059,978445.500,28477,2,EA,1,100,0.030232
1752173372.977560,978512.000,28477,2,EA,1,100,0.030232
1752173373.044561,978579.000,28494,1,EA,1,100,0.030232
1752173373.111061,978645.500,28509,2,EA,1,100,0.030232
1752173373.177562,978712.000,28509,2,EA,1,100,0.030232
1752173373.244062,978778.500,28526,2,EA,1,100,0.030232
1752173373.310563,978845.000,28526,2,EA,1,100,0.030232
1752173373.377563,978912.000,28542,1,EA,1,100,0.030232
1752173373.444064,978978.500,28559,2,EA,1,100,0.030232
1752173373.510564,979045.000,28559,2,EA,1,100,0.030232
1752173373.577565,979112.000,28575,1,EA,1,100,0.030232
1752173373.644065,979178.500,28591,2,EA,1,100,0.030232
1752173373.710566,979245.000,28591,2,EA,1,100,0.030232
1752173373.777567,979312.000,28607,1,EA,1,100,0.030232
1752173373.844067,979378.500,28624,2,EA,1,100,0.030232
1752173373.910568,979445.000,28624,2,EA,1,100,0.030232
1752173373.977568,979512.000,28641,1,EA,1,100,0.030232
1752173374.044069,979578.500,28656,2,EA,1,100,0.030232
1752173374.110569,979645.000,28656,2,EA,1,100,0.030232
1752173374.177570,979712.000,28672,1,EA,1,100,0.030232
1752173374.244070,979778.500,28690,2,EA,1,100,0.030232
1752173374.310571,979845.000,28690,2,EA,1,100,0.030232
1752173374.377571,979912.000,28706,1,EA,1,100,0.030232
1752173374.444072,979978.500,28721,2,EA,1,100,0.030232
1752173374.510572,980045.000,28721,2,EA,1,100,0.030232
1752173374.577573,980112.000,28737,1,EA,1,100,0.030232
1752173374.644074,980178.500,28755,2,EA,1,100,0.030232
1752173374.710574,980245.000,28755,2,EA,1,100,0.030232
1752173374.777575,980312.000,28771,1,EA,1,100,0.030232
1752173374.844075,980378.500,28786,2,EA,1,100,0.030232
1752173374.910576,980445.000,28786,2,EA,1,100,0.030232
1752173374.977576,980512.000,28803,1,EA,1,100,0.030232
1752173375.044077,980578.500,28820,2,EA,1,100,0.030232
1752173375.110577,980645.000,28820,2,EA,1,100,0.030232
1752173375.177578,980712.000,28836,1,EA,1,100,0.030232
1752173375.244078,980778.500,28852,2,EA,1,100,0.030232
1752173375.310579,980845.000,28852,2,EA,1,100,0.030232
1752173375.377580,980912.000,28868,1,EA,1,100,0.030232
1752173375.444080,980978.500,28885,2,EA,1,100,0.030232
1752173375.510581,981045.000,28885,2,EA,1,100,0.030232
1752173375.577581,981112.000,28901,1,EA,1,100,0.030232
1752173375.644082,981178.500,28918,2,EA,1,100,0.030232
1752173375.710582,981245.000,28918,2,EA,1,100,0.030232
1752173375.777083,981311.500,28933,2,EA,1,100,0.030232
1752173375.843583,981378.000,28933,2,EA,1,100,0.030232
1752173375.910584,981445.000,28950,1,EA,1,100,0.030232
1752173375.977084,981511.500,28967,2,EA,1,100,0.030232
1752173376.043585,981578.000,28967,2,EA,1,100,0.030232
1752173376.110586,981645.000,28984,1,EA,1,100,0.030232
1752173376.177086,981711.500,28998,2,EA,1,100,0.030232
1752173376.243587,981778.000,28998,2,EA,1,100,0.030232
1752173376.310587,981845.000,29016,1,EA,1,100,0.030232
1752173376.377088,981911.500,29034,2,EA,1,100,0.030232
1752173376.443588,981978.000,29034,2,EA,1,100,0.030232
1752173376.510589,982045.000,29051,1,EA,1,100,0.030232
1752173376.577089,982111.500,29066,2,EA,1,100,0.030232
1752173376.643590,982178.000,29066,2,EA,1,100,0.030232
1752173376.710590,982245.000,29083,1,EA,1,100,0.030232
1752173376.777091,982311.500,29099,2,EA,1,100,0.030232
1752173376.843591,982378.000,29099,2,EA,1,100,0.030232
1752173376.910592,982445.000,29116,1,EA,1,100,0.030232
1752173376.977093,982511.500,29131,2,EA,1,100,0.030232
1752173377.043593,982578.000,29131,2,EA,1,100,0.030232
1752173377.110594,982645.000,29148,1,EA,1,100,0.030232
1752173377.177094,982711.500,29164,2,EA,1,100,0.030232
1752173377.243595,982778.000,29164,2,EA,1,100,0.030232
1752173377.310595,982845.000,29182,1,EA,1,100,0.030232
1752173377.377096,982911.500,29196,2,EA,1,100,0.030232
1752173377.443596,982978.000,29196,2,EA,1,100,0.030232
1752173377.510597,983045.000,29213,1,EA,1,100,0.030232
1752173377.577097,983111.500,29230,2,EA,1,100,0.030232
1752173377.643598,983178.000,29230,2,EA,1,100,0.030232
1752173377.710599,983245.000,29247,1,EA,1,100,0.030232
1752173377.777099,983311.500,29262,2,EA,1,100,0.030232
1752173377.843600,983378.000,29262,2,EA,1,100,0.030232
1752173377.910600,983445.000,29278,1,EA,1,100,0.030232
1752173377.977101,983511.500,29295,2,EA,1,100,0.030232
1752173378.043601,983578.000,29295,2,EA,1,100,0.030232
1752173378.110602,983645.000,29312,2,EA,1,100,0.030232
1752173378.177602,983712.000,29312,2,EA,1,100,0.030232
1752173378.243603,983778.000,29328,1,EA,1,100,0.030232
1752173378.310103,983844.500,29344,2,EA,1,100,0.030232
1752173378.376604,983911.000,29344,2,EA,1,100,0.030232
1752173378.443604,983978.000,29360,1,EA,1,100,0.030232
1752173378.510105,984044.500,29377,2,EA,1,100,0.030232
1752173378.576606,984111.000,29377,2,EA,1,100,0.030232
1752173378.643606,984178.000,29394,1,EA,1,100,0.030232
1752173378.710107,984244.500,29409,2,EA,1,100,0.030232
1752173378.776607,984311.000,29409,2,EA,1,100,0.030232
1752173378.843608,984378.000,29425,1,EA,1,100,0.030232
1752173378.910108,984444.500,29443,2,EA,1,100,0.030232
1752173378.976609,984511.000,29443,2,EA,1,100,0.030232
1752173379.043609,984578.000,29459,1,EA,1,100,0.030232
1752173379.110110,984644.500,29474,2,EA,1,100,0.030232
1752173379.176610,984711.000,29474,2,EA,1,100,0.030232
1752173379.243611,984778.000,29490,1,EA,1,100,0.030232
1752173379.310112,984844.500,29508,2,EA,1,100,0.030232
1752173379.376612,984911.000,29508,2,EA,1,100,0.030232
1752173379.443613,984978.000,29524,1,EA,1,100,0.030232
1752173379.510113,985044.500,29539,2,EA,1,100,0.030232
1752173379.576614,985111.000,29539,2,EA,1,100,0.030232
1752173379.643614,985178.000,29556,1,EA,1,100,0.030232
1752173379.710115,985244.500,29573,2,EA,1,100,0.030232
1752173379.776615,985311.000,29573,2,EA,1,100,0.030232
1752173379.843616,985378.000,29589,1,EA,1,100,0.030232
1752173379.910116,985444.500,29606,2,EA,1,100,0.030232
1752173379.976617,985511.000,29606,2,EA,1,100,0.030232
1752173380.043617,985578.000,29621,1,EA,1,100,0.030232
1752173380.110118,985644.500,29638,2,EA,1,100,0.030232
1752173380.176619,985711.000,29638,2,EA,1,100,0.030232
1752173380.243619,985778.000,29655,2,EA,1,100,0.030232
1752173380.310620,985845.000,29655,2,EA,1,100,0.030232
1752173380.376620,985911.000,29672,1,EA,1,100,0.030232
1752173380.443621,985978.000,29686,2,EA,1,100,0.030232
1752173380.510621,986045.000,29686,2,EA,1,100,0.030232
1752173380.576622,986111.000,29703,1,EA,1,100,0.030232
1752173380.643622,986178.000,29720,2,EA,1,100,0.030232
1752173380.710623,986245.000,29720,2,EA,1,100,0.030232
1752173380.776623,986311.000,29737,1,EA,1,100,0.030232
1752173380.843624,986378.000,29751,2,EA,1,100,0.030232
1752173380.910625,986445.000,29751,2,EA,1,100,0.030232
1752173380.976625,986511.000,29769,1,EA,1,100,0.030232
1752173381.043626,986578.000,29785,2,EA,1,100,0.030232
1752173381.110626,986645.000,29785,2,EA,1,100,0.030232
1752173381.176627,986711.000,29802,1,EA,1,100,0.030232
1752173381.243627,986778.000,29817,2,EA,1,100,0.030232
1752173381.310628,986845.000,29817,2,EA,1,100,0.030232
1752173381.376628,986911.000,29836,1,EA,1,100,0.030232
1752173381.443629,986978.000,29852,2,EA,1,100,0.030232
1752173381.510629,987045.000,29852,2,EA,1,100,0.030232
1752173381.576630,987111.000,29869,1,EA,1,100,0.030232
1752173381.643131,987177.500,29884,2,EA,1,100,0.030232
1752173381.709631,987244.000,29884,2,EA,1,100,0.030232
1752173381.776632,987311.000,29901,1,EA,1,100,0.030232
1752173381.843132,987377.500,29917,2,EA,1,100,0.030232
1752173381.909633,987444.000,29917,2,EA,1,100,0.030232
1752173381.976633,987511.000,29935,1,EA,1,100,0.030232
1752173382.043134,987577.500,29950,2,EA,1,100,0.030232
1752173382.109634,987644.000,29950,2,EA,1,100,0.030232
1752173382.176635,987711.000,29966,1,EA,1,100,0.030232
1752173382.243135,987777.500,29983,2,EA,1,100,0.030232
1752173382.309636,987844.000,29983,2,EA,1,100,0.030232
1752173382.376636,987911.000,30000,2,EA,1,100,0.030232
1752173382.443637,987978.000,30000,2,EA,1,100,0.030232
1752173382.509638,988044.000,30016,1,EA,1,100,0.030232
1752173382.576638,988111.000,30032,2,EA,1,100,0.030232
1752173382.643639,988178.000,30032,2,EA,1,100,0.030232
1752173382.709639,988244.000,30048,1,EA,1,100,0.030232
1752173382.776640,988311.000,30065,2,EA,1,100,0.030232
1752173382.843640,988378.000,30065,2,EA,1,100,0.030232
1752173382.909641,988444.000,30081,1,EA,1,100,0.030232
1752173382.976641,988511.000,30097,2,EA,1,100,0.030232
1752173383.043642,988578.000,30097,2,EA,1,100,0.030232
1752173383.109642,988644.000,30113,1,EA,1,100,0.030232
1752173383.176643,988711.000,30130,2,EA,1,100,0.030232
1752173383.243644,988778.000,30130,2,EA,1,100,0.030232
1752173383.309644,988844.000,30147,1,EA,1,100,0.030232
1752173383.376645,988911.000,30162,2,EA,1,100,0.030232
1752173383.443645,988978.000,30162,2,EA,1,100,0.030232
1752173383.509646,989044.000,30178,1,EA,1,100,0.030232
1752173383.576646,989111.000,30196,2,EA,1,100,0.030232
1752173383.643647,989178.000,30196,2,EA,1,100,0.030232
1752173383.709647,989244.000,30212,1,EA,1,100,0.030232
1752173383.776648,989311.000,30227,2,EA,1,100,0.030232
1752173383.843648,989378.000,30227,2,EA,1,100,0.030232
1752173383.909649,989444.000,30243,1,EA,1,100,0.030232
1752173383.976649,989511.000,30261,2,EA,1,100,0.030232
1752173384.043650,989578.000,30261,2,EA,1,100,0.030232
1752173384.109651,989644.000,30277,1,EA,1,100,0.030232
1752173384.176651,989711.000,30292,2,EA,1,100,0.030232
1752173384.243652,989778.000,30292,2,EA,1,100,0.030232
1752173384.309652,989844.000,30309,1,EA,1,100,0.030232
1752173384.376653,989911.000,30326,2,EA,1,100,0.030232
1752173384.443653,989978.000,30326,2,EA,1,100,0.030232
1752173384.509654,990044.000,30342,1,EA,1,100,0.030232
1752173384.576654,990111.000,30359,2,EA,1,100,0.030232
1752173384.643655,990178.000,30359,2,EA,1,100,0.030232
1752173384.709655,990244.000,30374,1,EA,1,100,0.030232
1752173384.776656,990311.000,30391,2,EA,1,100,0.030232
1752173384.843657,990378.000,30391,2,EA,1,100,0.030232
1752173384.910157,990444.500,30408,2,EA,1,100,0.030232
1752173384.976658,990511.000,30408,2,EA,1,100,0.030232
1752173385.042658,990577.000,30425,1,EA,1,100,0.030232
1752173385.109659,990644.000,30439,2,EA,1,100,0.030232
1752173385.176659,990711.000,30439,2,EA,1,100,0.030232
1752173385.242660,990777.000,30458,1,EA,1,100,0.030232
1752173385.309660,990844.000,30475,2,EA,1,100,0.030232
1752173385.376661,990911.000,30475,2,EA,1,100,0.030232
1752173385.442661,990977.000,30492,1,EA,1,100,0.030232
1752173385.509662,991044.000,30506,2,EA,1,100,0.030232
1752173385.576663,991111.000,30506,2,EA,1,100,0.030232
1752173385.642663,991177.000,30524,1,EA,1,100,0.030232
1752173385.709664,991244.000,30540,2,EA,1,100,0.030232
1752173385.776664,991311.000,30540,2,EA,1,100,0.030232
1752173385.842665,991377.000,30557,1,EA,1,100,0.030232
1752173385.909665,991444.000,30572,2,EA,1,100,0.030232
1752173385.976666,991511.000,30572,2,EA,1,100,0.030232
1752173386.042666,991577.000,30589,1,EA,1,100,0.030232
1752173386.109667,991644.000,30605,2,EA,1,100,0.030232
1752173386.176667,991711.000,30605,2,EA,1,100,0.030232
1752173386.242668,991777.000,30622,1,EA,1,100,0.030232
1752173386.309668,991844.000,30639,2,EA,1,100,0.030232
1752173386.376669,991911.000,30639,2,EA,1,100,0.030232
1752173386.442670,991977.000,30656,1,EA,1,100,0.030232
1752173386.509670,992044.000,30672,2,EA,1,100,0.030232
1752173386.576671,992111.000,30672,2,EA,1,100,0.030232
1752173386.642671,992177.000,30690,1,EA,1,100,0.030232
1752173386.709672,992244.000,30704,2,EA,1,100,0.030232
1752173386.776672,992311.000,30704,2,EA,1,100,0.030232
1752173386.842673,992377.000,30721,1,EA,1,100,0.030232
1752173386.909673,992444.000,30738,2,EA,1,100,0.030232
1752173386.976674,992511.000,30738,2,EA,1,100,0.030232
1752173387.042674,992577.000,30755,1,EA,1,100,0.030232
1752173387.109675,992644.000,30770,2,EA,1,100,0.030232
1752173387.176676,992711.000,30770,2,EA,1,100,0.030232
1752173387.243176,992777.500,30787,2,EA,1,100,0.030232
1752173387.309677,992844.000,30787,2,EA,1,100,0.030232
1752173387.376677,992911.000,30803,1,EA,1,100,0.030232
1752173387.443178,992977.500,30820,2,EA,1,100,0.030232
1752173387.509678,993044.000,30820,2,EA,1,100,0.030232
1752173387.576679,993111.000,30836,1,EA,1,100,0.030232
1752173387.643179,993177.500,30852,2,EA,1,100,0.030232
1752173387.709680,993244.000,30852,2,EA,1,100,0.030232
1752173387.776680,993311.000,30868,1,EA,1,100,0.030233
1752173387.843181,993377.500,30885,2,EA,1,100,0.030233
1752173387.909681,993444.000,30885,2,EA,1,100,0.030233
1752173387.976682,993511.000,30902,1,EA,1,100,0.030233
1752173388.043183,993577.500,30917,2,EA,1,100,0.030233
1752173388.109683,993644.000,30917,2,EA,1,100,0.030232
1752173388.176684,993711.000,30933,1,EA,1,100,0.030233
1752173388.243184,993777.500,30951,2,EA,1,100,0.030233
1752173388.309685,993844.000,30951,2,EA,1,100,0.030232
1752173388.375685,993910.000,30967,1,EA,1,100,0.030233
1752173388.442686,993977.000,30982,2,EA,1,100,0.030233
1752173388.509686,994044.000,30982,2,EA,1,100,0.030232
1752173388.575687,994110.000,30998,1,EA,1,100,0.030233
1752173388.642687,994177.000,31016,2,EA,1,100,0.030232
1752173388.709688,994244.000,31016,2,EA,1,100,0.030233
1752173388.775689,994310.000,31032,1,EA,1,100,0.030233
1752173388.842689,994377.000,31047,2,EA,1,100,0.030233
1752173388.909690,994444.000,31047,2,EA,1,100,0.030233
1752173388.975690,994510.000,31064,1,EA,1,100,0.030233
1752173389.042691,994577.000,31081,2,EA,1,100,0.030233
1752173389.109691,994644.000,31081,2,EA,1,100,0.030233
1752173389.175692,994710.000,31097,1,EA,1,100,0.030233
1752173389.242692,994777.000,31114,2,EA,1,100,0.030233
1752173389.309693,994844.000,31114,2,EA,1,100,0.030233
1752173389.375693,994910.000,31129,1,EA,1,100,0.030233
1752173389.442694,994977.000,31146,2,EA,1,100,0.030233
1752173389.509694,995044.000,31146,2,EA,1,100,0.030233
1752173389.576195,995110.500,31163,2,EA,1,100,0.030233
1752173389.642696,995177.000,31163,2,EA,1,100,0.030233
1752173389.709696,995244.000,31180,1,EA,1,100,0.030233
1752173389.776197,995310.500,31194,2,EA,1,100,0.030233
1752173389.842697,995377.000,31194,2,EA,1,100,0.030233
1752173389.909698,995444.000,31211,1,EA,1,100,0.030233
1752173389.976198,995510.500,31228,2,EA,1,100,0.030233
1752173390.042699,995577.000,31228,2,EA,1,100,0.030233
1752173390.109699,995644.000,31245,1,EA,1,100,0.030233
1752173390.176200,995710.500,31259,2,EA,1,100,0.030233
1752173390.242700,995777.000,31259,2,EA,1,100,0.030233
1752173390.309701,995844.000,31277,1,EA,1,100,0.030233
1752173390.376202,995910.500,31293,2,EA,1,100,0.030233
1752173390.442702,995977.000,31293,2,EA,1,100,0.030233
1752173390.509703,996044.000,31310,1,EA,1,100,0.030233
1752173390.576203,996110.500,31325,2,EA,1,100,0.030233
1752173390.642704,996177.000,31325,2,EA,1,100,0.030233
1752173390.709704,996244.000,31342,1,EA,1,100,0.030233
1752173390.776205,996310.500,31358,2,EA,1,100,0.030233
1752173390.842705,996377.000,31358,2,EA,1,100,0.030233
1752173390.909706,996444.000,31375,1,EA,1,100,0.030233
1752173390.976206,996510.500,31390,2,EA,1,100,0.030233
1752173391.042707,996577.000,31390,2,EA,1,100,0.030233
1752173391.109208,996643.500,31408,4,EA,1,100,0.030233
1752173391.175708,996710.000,31408,4,EA,1,100,0.030233
1752173391.242209,996776.500,31408,4,EA,1,100,0.030233
1752173391.308709,996843.000,31408,4,EA,1,100,0.030233
1752173391.375460,996909.750,31427,4,EA,1,100,0.030233
1752173391.442210,996976.500,31427,4,EA,1,100,0.030233
1752173391.508961,997043.250,31427,4,EA,1,100,0.030233
1752173391.575711,997110.000,31427,4,EA,1,100,0.030233
1752173391.642712,997177.000,31444,1,EA,1,100,0.030233
1752173391.709212,997243.500,31461,2,EA,1,100,0.030233
1752173391.775713,997310.000,31461,2,EA,1,100,0.030233
1752173391.842713,997377.000,31477,1,EA,1,100,0.030233
1752173391.909214,997443.500,31493,2,EA,1,100,0.030233
1752173391.975715,997510.000,31493,2,EA,1,100,0.030233
1752173392.042715,997577.000,31509,1,EA,1,100,0.030233
1752173392.109216,997643.500,31526,2,EA,1,100,0.030232
1752173392.175716,997710.000,31526,2,EA,1,100,0.030233
1752173392.242717,997777.000,31542,1,EA,1,100,0.030233
1752173392.309217,997843.500,31558,2,EA,1,100,0.030233
1752173392.375718,997910.000,31558,2,EA,1,100,0.030233
1752173392.442718,997977.000,31574,1,EA,1,100,0.030233
1752173392.509219,998043.500,31591,2,EA,1,100,0.030233
1752173392.575719,998110.000,31591,2,EA,1,100,0.030233
1752173392.642720,998177.000,31608,1,EA,1,100,0.030232
1752173392.709221,998243.500,31623,2,EA,1,100,0.030232
1752173392.775721,998310.000,31623,2,EA,1,100,0.030232
1752173392.842722,998377.000,31639,1,EA,1,100,0.030232
1752173392.909222,998443.500,31657,2,EA,1,100,0.030232
1752173392.975723,998510.000,31657,2,EA,1,100,0.030232
1752173393.042723,998577.000,31673,1,EA,1,100,0.030232
1752173393.109224,998643.500,31689,2,EA,1,100,0.030232
1752173393.175724,998710.000,31689,2,EA,1,100,0.030232
1752173393.242725,998777.000,31704,1,EA,1,100,0.030232
1752173393.309225,998843.500,31722,2,EA,1,100,0.030232
1752173393.375726,998910.000,31722,2,EA,1,100,0.030232
1752173393.442226,998976.500,31738,2,EA,1,100,0.030232
1752173393.508727,999043.000,31738,2,EA,1,100,0.030232
1752173393.575728,999110.000,31755,1,EA,1,100,0.030232
1752173393.642228,999176.500,31770,2,EA,1,100,0.030232
1752173393.708729,999243.000,31770,2,EA,1,100,0.030232
1752173393.775729,999310.000,31787,1,EA,1,100,0.030232
1752173393.842230,999376.500,31803,2,EA,1,100,0.030232
1752173393.908730,999443.000,31803,2,EA,1,100,0.030232
1752173393.975731,999510.000,31821,1,EA,1,100,0.030232
1752173394.042231,999576.500,31835,2,EA,1,100,0.030232
1752173394.108732,999643.000,31835,2,EA,1,100,0.030232
1752173394.175732,999710.000,31852,1,EA,1,100,0.030232
1752173394.242233,999776.500,31869,2,EA,1,100,0.030232
1752173394.308734,999843.000,31869,2,EA,1,100,0.030232
1752173394.375734,999910.000,31886,1,EA,1,100,0.030232
1752173394.442235,999976.500,31900,2,EA,1,100,0.030232
1752173394.508735,1000043.000,31900,2,EA,1,100,0.030232
1752173394.575736,1000110.000,31917,1,EA,1,100,0.030232
1752173394.642236,1000176.500,31934,2,EA,1,100,0.030232
1752173394.708737,1000243.000,31934,2,EA,1,100,0.030232
1752173394.775737,1000310.000,31951,1,EA,1,100,0.030232
1752173394.842238,1000376.500,31965,2,EA,1,100,0.030232
1752173394.908738,1000443.000,31965,2,EA,1,100,0.030232
1752173394.975739,1000510.000,31983,1,EA,1,100,0.030232
1752173395.042239,1000576.500,31999,2,EA,1,100,0.030232
1752173395.108740,1000643.000,31999,2,EA,1,100,0.030232
1752173395.175741,1000710.000,32016,1,EA,1,100,0.030232
1752173395.242241,1000776.500,32032,2,EA,1,100,0.030232
1752173395.308742,1000843.000,32032,2,EA,1,100,0.030232
1752173395.375742,1000910.000,32048,1,EA,1,100,0.030232
1752173395.442243,1000976.500,32064,2,EA,1,100,0.030232
1752173395.508743,1001043.000,32064,2,EA,1,100,0.030232
1752173395.575744,1001110.000,32081,1,EA,1,100,0.030232
1752173395.642244,1001176.500,32097,2,EA,1,100,0.030232
1752173395.708745,1001243.000,32097,2,EA,1,100,0.030232
1752173395.775245,1001309.500,32113,2,EA,1,100,0.030232
1752173395.841746,1001376.000,32113,2,EA,1,100,0.030232
1752173395.908747,1001443.000,32129,1,EA,1,100,0.030232
1752173395.975247,1001509.500,32147,2,EA,1,100,0.030232
1752173396.041748,1001576.000,32147,2,EA,1,100,0.030232
1752173396.108748,1001643.000,32163,1,EA,1,100,0.030232
1752173396.175249,1001709.500,32178,2,EA,1,100,0.030232
1752173396.241749,1001776.000,32178,2,EA,1,100,0.030232
1752173396.308750,1001843.000,32195,1,EA,1,100,0.030232
1752173396.375250,1001909.500,32214,2,EA,1,100,0.030232
1752173396.441751,1001976.000,32214,2,EA,1,100,0.030232
1752173396.508751,1002043.000,32230,1,EA,1,100,0.030232
1752173396.575252,1002109.500,32246,2,EA,1,100,0.030232
1752173396.641753,1002176.000,32246,2,EA,1,100,0.030232
1752173396.708753,1002243.000,32262,1,EA,1,100,0.030232
1752173396.775254,1002309.500,32279,2,EA,1,100,0.030232
1752173396.841754,1002376.000,32279,2,EA,1,100,0.030232
1752173396.908755,1002443.000,32295,1,EA,1,100,0.030232
1752173396.975255,1002509.500,32311,2,EA,1,100,0.030232
1752173397.041756,1002576.000,32311,2,EA,1,100,0.030232
1752173397.108756,1002643.000,32327,1,EA,1,100,0.030232
1752173397.175257,1002709.500,32344,2,EA,1,100,0.030232
1752173397.241757,1002776.000,32344,2,EA,1,100,0.030232
1752173397.308758,1002843.000,32361,1,EA,1,100,0.030232
1752173397.375258,1002909.500,32377,2,EA,1,100,0.030232
1752173397.441759,1002976.000,32377,2,EA,1,100,0.030232
1752173397.508760,1003043.000,32392,1,EA,1,100,0.030232
1752173397.575260,1003109.500,32410,2,EA,1,100,0.030232
1752173397.641761,1003176.000,32410,2,EA,1,100,0.030232
1752173397.708761,1003243.000,32426,1,EA,1,100,0.030232
1752173397.775262,1003309.500,32442,2,EA,1,100,0.030232
1752173397.841762,1003376.000,32442,2,EA,1,100,0.030232
1752173397.908763,1003443.000,32458,2,EA,1,100,0.030232
1752173397.975763,1003510.000,32458,2,EA,1,100,0.030232
1752173398.041764,1003576.000,32475,1,EA,1,100,0.030232
1752173398.108764,1003643.000,32491,2,EA,1,100,0.030232
1752173398.175765,1003710.000,32491,2,EA,1,100,0.030232
1752173398.241766,1003776.000,32508,1,EA,1,100,0.030232
1752173398.308266,1003842.500,32523,2,EA,1,100,0.030232
1752173398.374767,1003909.000,32523,2,EA,1,100,0.030232
1752173398.441767,1003976.000,32540,1,EA,1,100,0.030232
1752173398.508268,1004042.500,32556,2,EA,1,100,0.030232
1752173398.574768,1004109.000,32556,2,EA,1,100,0.030232
1752173398.641769,1004176.000,32574,1,EA,1,100,0.030232
1752173398.708269,1004242.500,32588,2,EA,1,100,0.030232
1752173398.774770,1004309.000,32588,2,EA,1,100,0.030232
1752173398.841770,1004376.000,32605,1,EA,1,100,0.030232
1752173398.908271,1004442.500,32622,2,EA,1,100,0.030232
1752173398.974771,1004509.000,32622,2,EA,1,100,0.030232
1752173399.041772,1004576.000,32639,1,EA,1,100,0.030232
1752173399.108273,1004642.500,32653,2,EA,1,100,0.030232
1752173399.174773,1004709.000,32653,2,EA,1,100,0.030232
1752173399.241774,1004776.000,32670,1,EA,1,100,0.030232
1752173399.308274,1004842.500,32687,2,EA,1,100,0.030232
1752173399.374775,1004909.000,32687,2,EA,1,100,0.030232
1752173399.441775,1004976.000,32704,1,EA,1,100,0.030232
1752173399.508276,1005042.500,32718,2,EA,1,100,0.030232
1752173399.574776,1005109.000,32718,2,EA,1,100,0.030232
1752173399.641777,1005176.000,32736,1,EA,1,100,0.030232
1752173399.708277,1005242.500,32752,2,EA,1,100,0.030232
1752173399.774778,1005309.000,32752,2,EA,1,100,0.030232
1752173399.841779,1005376.000,32769,1,EA,1,100,0.030232
1752173399.908279,1005442.500,32785,2,EA,1,100,0.030232
1752173399.974780,1005509.000,32785,2,EA,1,100,0.030232
1752173400.041780,1005576.000,32801,1,EA,1,100,0.030232
1752173400.108281,1005642.500,32817,2,EA,1,100,0.030232
1752173400.174781,1005709.000,32817,2,EA,1,100,0.030232
1752173400.241782,1005776.000,32835,2,EA,1,100,0.030232
1752173400.308782,1005843.000,32835,2,EA,1,100,0.030232
1752173400.374783,1005909.000,32851,1,EA,1,100,0.030232
1752173400.441783,1005976.000,32866,2,EA,1,100,0.030232
1752173400.508784,1006043.000,32866,2,EA,1,100,0.030232
1752173400.574784,1006109.000,32882,1,EA,1,100,0.030232
1752173400.641785,1006176.000,32900,2,EA,1,100,0.030232
1752173400.708786,1006243.000,32900,2,EA,1,100,0.030232
1752173400.774786,1006309.000,32916,1,EA,1,100,0.030232
1752173400.841787,1006376.000,32931,2,EA,1,100,0.030232
1752173400.908787,1006443.000,32931,2,EA,1,100,0.030232
1752173400.974788,1006509.000,32950,1,EA,1,100,0.030232
1752173401.041788,1006576.000,32967,2,EA,1,100,0.030232
1752173401.108789,1006643.000,32967,2,EA,1,100,0.030232
1752173401.174789,1006709.000,32983,1,EA,1,100,0.030232
1752173401.241290,1006775.500,32999,2,EA,1,100,0.030232
1752173401.307790,1006842.000,32999,2,EA,1,100,0.030232
1752173401.374791,1006909.000,33017,1,EA,1,100,0.030232
1752173401.441792,1006976.000,33034,2,EA,1,100,0.030232
1752173401.508792,1007043.000,33034,2,EA,1,100,0.030232
1752173401.574793,1007109.000,33050,1,EA,1,100,0.030232
1752173401.641293,1007175.500,33066,2,EA,1,100,0.030232
1752173401.707794,1007242.000,33066,2,EA,1,100,0.030232
1752173401.774794,1007309.000,33082,1,EA,1,100,0.030232
1752173401.841295,1007375.500,33099,2,EA,1,100,0.030232
1752173401.907795,1007442.000,33099,2,EA,1,100,0.030232
1752173401.974796,1007509.000,33116,1,EA,1,100,0.030232
1752173402.041296,1007575.500,33131,2,EA,1,100,0.030232
1752173402.107797,1007642.000,33131,2,EA,1,100,0.030232
1752173402.174798,1007709.000,33147,1,EA,1,100,0.030232
1752173402.241298,1007775.500,33165,2,EA,1,100,0.030232
1752173402.307799,1007842.000,33165,2,EA,1,100,0.030232
1752173402.374799,1007909.000,33181,1,EA,1,100,0.030232
1752173402.441300,1007975.500,33197,2,EA,1,100,0.030232
1752173402.507800,1008042.000,33197,2,EA,1,100,0.030232
1752173402.574801,1008109.000,33212,1,EA,1,100,0.030232
1752173402.641301,1008175.500,33230,2,EA,1,100,0.030232
1752173402.707802,1008242.000,33230,2,EA,1,100,0.030232
1752173402.774802,1008309.000,33246,2,EA,1,100,0.030232
1752173402.841803,1008376.000,33246,2,EA,1,100,0.030232
1752173402.907803,1008442.000,33263,1,EA,1,100,0.030232
1752173402.974804,1008509.000,33278,2,EA,1,100,0.030232
1752173403.041805,1008576.000,33278,2,EA,1,100,0.030232
1752173403.107805,1008642.000,33295,1,EA,1,100,0.030232
1752173403.174806,1008709.000,33311,2,EA,1,100,0.030232
1752173403.241806,1008776.000,33311,2,EA,1,100,0.030232
1752173403.307807,1008842.000,33329,1,EA,1,100,0.030232
1752173403.374807,1008909.000,33343,2,EA,1,100,0.030232
1752173403.441808,1008976.000,33343,2,EA,1,100,0.030232
1752173403.507808,1009042.000,33360,1,EA,1,100,0.030232
1752173403.574809,1009109.000,33377,2,EA,1,100,0.030232
1752173403.641809,1009176.000,33377,2,EA,1,100,0.030232
1752173403.707810,1009242.000,33394,1,EA,1,100,0.030232
1752173403.774811,1009309.000,33408,2,EA,1,100,0.030232
1752173403.841811,1009376.000,33408,2,EA,1,100,0.030232
1752173403.907812,1009442.000,33425,1,EA,1,100,0.030232
1752173403.974812,1009509.000,33442,2,EA,1,100,0.030232
1752173404.041813,1009576.000,33442,2,EA,1,100,0.030232
1752173404.107813,1009642.000,33459,1,EA,1,100,0.030232
1752173404.174814,1009709.000,33473,2,EA,1,100,0.030232
1752173404.241814,1009776.000,33473,2,EA,1,100,0.030232
1752173404.307815,1009842.000,33491,1,EA,1,100,0.030232
1752173404.374815,1009909.000,33507,2,EA,1,100,0.030232
1752173404.441816,1009976.000,33507,2,EA,1,100,0.030232
1752173404.507816,1010042.000,33524,1,EA,1,100,0.030232
1752173404.574817,1010109.000,33539,2,EA,1,100,0.030232
1752173404.641818,1010176.000,33539,2,EA,1,100,0.030232
1752173404.707818,1010242.000,33556,1,EA,1,100,0.030232
1752173404.774819,1010309.000,33572,2,EA,1,100,0.030232
1752173404.841819,1010376.000,33572,2,EA,1,100,0.030232
1752173404.907820,1010442.000,33589,1,EA,1,100,0.030232
1752173404.974320,1010508.500,33605,2,EA,1,100,0.030232
1752173405.040821,1010575.000,33605,2,EA,1,100,0.030232
1752173405.107821,1010642.000,33621,1,EA,1,100,0.030232
1752173405.174322,1010708.500,33637,2,EA,1,100,0.030232
1752173405.240822,1010775.000,33637,2,EA,1,100,0.030232
1752173405.307823,1010842.000,33655,2,EA,1,100,0.030232
1752173405.374824,1010909.000,33655,2,EA,1,100,0.030232
1752173405.440824,1010975.000,33671,1,EA,1,100,0.030232
1752173405.507825,1011042.000,33686,2,EA,1,100,0.030232
1752173405.574825,1011109.000,33686,2,EA,1,100,0.030232
1752173405.640826,1011175.000,33703,1,EA,1,100,0.030232
1752173405.707826,1011242.000,33720,2,EA,1,100,0.030232
1752173405.774827,1011309.000,33720,2,EA,1,100,0.030232
1752173405.840827,1011375.000,33736,1,EA,1,100,0.030232
1752173405.907828,1011442.000,33752,2,EA,1,100,0.030232
1752173405.974828,1011509.000,33752,2,EA,1,100,0.030232
1752173406.040829,1011575.000,33768,1,EA,1,100,0.030232
1752173406.107830,1011642.000,33785,2,EA,1,100,0.030232
1752173406.174830,1011709.000,33785,2,EA,1,100,0.030232
1752173406.240831,1011775.000,33801,1,EA,1,100,0.030232
1752173406.307831,1011842.000,33819,2,EA,1,100,0.030232
1752173406.374832,1011909.000,33819,2,EA,1,100,0.030232
1752173406.440832,1011975.000,33835,1,EA,1,100,0.030232
1752173406.507833,1012042.000,33852,2,EA,1,100,0.030232
1752173406.574833,1012109.000,33852,2,EA,1,100,0.030232
1752173406.640834,1012175.000,33869,1,EA,1,100,0.030232
1752173406.707834,1012242.000,33884,2,EA,1,100,0.030232
1752173406.774835,1012309.000,33884,2,EA,1,100,0.030232
1752173406.840835,1012375.000,33900,1,EA,1,100,0.030232
1752173406.907836,1012442.000,33918,2,EA,1,100,0.030232
1752173406.974837,1012509.000,33918,2,EA,1,100,0.030232
1752173407.040837,1012575.000,33934,1,EA,1,100,0.030232
1752173407.107838,1012642.000,33950,2,EA,1,100,0.030232
1752173407.174838,1012709.000,33950,2,EA,1,100,0.030232
1752173407.240839,1012775.000,33965,1,EA,1,100,0.030232
1752173407.307839,1012842.000,33983,2,EA,1,100,0.030232
1752173407.374840,1012909.000,33983,2,EA,1,100,0.030232
1752173407.440840,1012975.000,33999,1,EA,1,100,0.030232
1752173407.507841,1013042.000,34015,2,EA,1,100,0.030232
1752173407.574841,1013109.000,34015,2,EA,1,100,0.030232
1752173407.641342,1013175.500,34031,2,EA,1,100,0.030232
1752173407.707843,1013242.000,34031,2,EA,1,100,0.030232
1752173407.774843,1013309.000,34048,1,EA,1,100,0.030232
1752173407.841344,1013375.500,34064,2,EA,1,100,0.030232
1752173407.907844,1013442.000,34064,2,EA,1,100,0.030232
1752173407.974845,1013509.000,34082,1,EA,1,100,0.030232
1752173408.041345,1013575.500,34096,2,EA,1,100,0.030232
1752173408.107846,1013642.000,34096,2,EA,1,100,0.030232
1752173408.174846,1013709.000,34113,1,EA,1,100,0.030232
1752173408.241347,1013775.500,34130,2,EA,1,100,0.030232
1752173408.307847,1013842.000,34130,2,EA,1,100,0.030232
1752173408.373848,1013908.000,34149,1,EA,1,100,0.030232
1752173408.440848,1013975.000,34163,2,EA,1,100,0.030232
1752173408.507849,1014042.000,34163,2,EA,1,100,0.030232
1752173408.573850,1014108.000,34180,1,EA,1,100,0.030232
1752173408.640850,1014175.000,34197,2,EA,1,100,0.030232
1752173408.707851,1014242.000,34197,2,EA,1,100,0.030232
1752173408.773851,1014308.000,34214,1,EA,1,100,0.030232
1752173408.840852,1014375.000,34228,2,EA,1,100,0.030232
1752173408.907852,1014442.000,34228,2,EA,1,100,0.030232
1752173408.973853,1014508.000,34246,1,EA,1,100,0.030232
1752173409.040853,1014575.000,34262,2,EA,1,100,0.030232
1752173409.107854,1014642.000,34262,2,EA,1,100,0.030232
1752173409.173854,1014708.000,34279,1,EA,1,100,0.030232
1752173409.240855,1014775.000,34294,2,EA,1,100,0.030232
1752173409.307856,1014842.000,34294,2,EA,1,100,0.030232
1752173409.373856,1014908.000,34311,1,EA,1,100,0.030232
1752173409.440857,1014975.000,34327,2,EA,1,100,0.030232
1752173409.507857,1015042.000,34327,2,EA,1,100,0.030232
1752173409.573858,1015108.000,34344,1,EA,1,100,0.030232
1752173409.640858,1015175.000,34360,2,EA,1,100,0.030232
1752173409.707859,1015242.000,34360,2,EA,1,100,0.030232
1752173409.773859,1015308.000,34376,1,EA,1,100,0.030232
1752173409.840860,1015375.000,34392,2,EA,1,100,0.030232
1752173409.907860,1015442.000,34392,2,EA,1,100,0.030232
1752173409.973861,1015508.000,34410,1,EA,1,100,0.030232
1752173410.040861,1015575.000,34425,2,EA,1,100,0.030232
1752173410.107862,1015642.000,34425,2,EA,1,100,0.030232
1752173410.174363,1015708.500,34441,2,EA,1,100,0.030232
1752173410.240863,1015775.000,34441,2,EA,1,100,0.030232
1752173410.307864,1015842.000,34458,1,EA,1,100,0.030232
1752173410.374364,1015908.500,34475,2,EA,1,100,0.030232
1752173410.440865,1015975.000,34475,2,EA,1,100,0.030232
1752173410.507865,1016042.000,34491,1,EA,1,100,0.030232
1752173410.574366,1016108.500,34507,2,EA,1,100,0.030232
1752173410.640866,1016175.000,34507,2,EA,1,100,0.030232
1752173410.707867,1016242.000,34523,1,EA,1,100,0.030232
1752173410.774367,1016308.500,34540,2,EA,1,100,0.030232
1752173410.840868,1016375.000,34540,2,EA,1,100,0.030232
1752173410.907869,1016442.000,34556,1,EA,1,100,0.030232
1752173410.974369,1016508.500,34572,2,EA,1,100,0.030232
1752173411.040870,1016575.000,34572,2,EA,1,100,0.030232
1752173411.107870,1016642.000,34588,1,EA,1,100,0.030232
1752173411.174371,1016708.500,34605,2,EA,1,100,0.030232
1752173411.240871,1016775.000,34605,2,EA,1,100,0.030232
1752173411.307872,1016842.000,34622,1,EA,1,100,0.030232
1752173411.374372,1016908.500,34641,2,EA,1,100,0.030232
1752173411.440873,1016975.000,34641,2,EA,1,100,0.030232
1752173411.507873,1017042.000,34657,1,EA,1,100,0.030232
