LocalTimestamp,EmotiBitTimestamp,PacketNumber,DataLength,TypeTag,ProtocolVersion,DataReliability,EL
1752787775.373384,76337.000,10072,10,EL,1,100,12758.599609
1752787775.373384,76337.000,10072,10,EL,1,100,12676.400391
1752787775.373384,76337.000,10072,10,EL,1,100,12578.799805
1752787775.373384,76337.000,10072,10,EL,1,100,12515.400391
1752787775.373384,76337.000,10072,10,EL,1,100,12455.200195
1752787775.373384,76337.000,10072,10,EL,1,100,12387.799805
1752787775.373384,76337.000,10072,10,EL,1,100,12311.000000
1752787775.373384,76337.000,10072,10,EL,1,100,12228.000000
1752787775.373384,76337.000,10072,10,EL,1,100,12133.000000
1752787775.373384,76337.000,10072,10,EL,1,100,12042.400391
1752787775.439884,76403.500,10092,2,EL,1,100,11976.400391
1752787775.506385,76470.000,10092,2,EL,1,100,11916.799805
1752787775.573385,76537.000,10110,1,EL,1,100,11845.799805
1752787775.640386,76604.000,10125,1,EL,1,100,11770.400391
1752787775.706886,76670.500,10142,2,EL,1,100,11705.200195
1752787775.773387,76737.000,10142,2,EL,1,100,11641.000000
1752787775.840388,76804.000,10158,1,EL,1,100,11560.400391
1752787775.906888,76870.500,10174,2,EL,1,100,11490.200195
1752787775.973389,76937.000,10174,2,EL,1,100,11424.400391
1752787776.040056,77003.667,10198,3,EL,1,100,11352.799805
1752787776.106723,77070.333,10198,3,EL,1,100,11282.599609
1752787776.173390,77137.000,10198,3,EL,1,100,11210.799805
1752787776.239891,77203.500,10217,2,EL,1,100,11146.799805
1752787776.306391,77270.000,10217,2,EL,1,100,11105.599609
1752787776.373392,77337.000,10234,1,EL,1,100,11172.000000
1752787776.439893,77403.500,10248,2,EL,1,100,11171.400391
1752787776.506393,77470.000,10248,2,EL,1,100,10991.799805
1752787776.573394,77537.000,10265,1,EL,1,100,10843.799805
1752787776.639894,77603.500,10282,2,EL,1,100,10743.599609
1752787776.706395,77670.000,10282,2,EL,1,100,10650.599609
1752787776.773395,77737.000,10299,1,EL,1,100,10555.599609
1752787776.839896,77803.500,10315,2,EL,1,100,10476.400391
1752787776.906396,77870.000,10315,2,EL,1,100,10400.200195
1752787776.973397,77937.000,10333,1,EL,1,100,10323.599609
1752787777.039897,78003.500,10349,2,EL,1,100,10256.799805
1752787777.106398,78070.000,10349,2,EL,1,100,10188.599609
1752787777.173399,78137.000,10366,1,EL,1,100,10099.000000
1752787777.239899,78203.500,10381,2,EL,1,100,10005.200195
1752787777.306400,78270.000,10381,2,EL,1,100,9920.599609
1752787777.373400,78337.000,10398,1,EL,1,100,9831.000000
1752787777.439901,78403.500,10416,2,EL,1,100,9752.599609
1752787777.506401,78470.000,10416,2,EL,1,100,9672.599609
1752787777.573402,78537.000,10433,1,EL,1,100,9596.000000
1752787777.639902,78603.500,10450,2,EL,1,100,9535.200195
1752787777.706403,78670.000,10450,2,EL,1,100,9493.400391
1752787777.773404,78737.000,10467,1,EL,1,100,9457.400391
1752787777.839904,78803.500,10483,2,EL,1,100,9401.799805
1752787777.906405,78870.000,10483,2,EL,1,100,9335.599609
1752787777.973405,78937.000,10501,1,EL,1,100,9270.000000
1752787778.039906,79003.500,10516,2,EL,1,100,9212.799805
1752787778.106406,79070.000,10516,2,EL,1,100,9137.599609
1752787778.173407,79137.000,10534,1,EL,1,100,9068.000000
1752787778.239907,79203.500,10553,2,EL,1,100,9019.799805
1752787778.306408,79270.000,10553,2,EL,1,100,8959.400391
1752787778.372908,79336.500,10570,2,EL,1,100,8895.000000
1752787778.439409,79403.000,10570,2,EL,1,100,8824.000000
1752787778.506410,79470.000,10586,1,EL,1,100,8765.200195
1752787778.572910,79536.500,10602,2,EL,1,100,8700.799805
1752787778.639411,79603.000,10602,2,EL,1,100,8644.000000
1752787778.706411,79670.000,10618,1,EL,1,100,8592.200195
1752787778.772912,79736.500,10637,2,EL,1,100,8543.400391
1752787778.839412,79803.000,10637,2,EL,1,100,8502.200195
1752787778.906413,79870.000,10653,1,EL,1,100,8456.000000
1752787778.972913,79936.500,10669,2,EL,1,100,8402.200195
1752787779.039414,80003.000,10669,2,EL,1,100,8348.400391
1752787779.106415,80070.000,10685,1,EL,1,100,8286.400391
1752787779.172915,80136.500,10702,2,EL,1,100,8210.599609
1752787779.239416,80203.000,10702,2,EL,1,100,8117.399902
1752787779.306416,80270.000,10719,1,EL,1,100,8076.200195
1752787779.372917,80336.500,10736,2,EL,1,100,8032.600098
1752787779.439417,80403.000,10736,2,EL,1,100,7983.000000
1752787779.506418,80470.000,10754,1,EL,1,100,7892.399902
1752787779.572918,80536.500,10772,2,EL,1,100,7721.000000
1752787779.639419,80603.000,10772,2,EL,1,100,7554.600098
1752787779.706419,80670.000,10788,1,EL,1,100,7444.399902
1752787779.772920,80736.500,10805,2,EL,1,100,7415.600098
1752787779.839421,80803.000,10805,2,EL,1,100,7436.000000
1752787779.906421,80870.000,10821,1,EL,1,100,7444.000000
1752787779.972922,80936.500,10839,2,EL,1,100,7444.200195
1752787780.039422,81003.000,10839,2,EL,1,100,7421.000000
1752787780.106423,81070.000,10857,1,EL,1,100,7379.200195
1752787780.172923,81136.500,10873,2,EL,1,100,7328.399902
1752787780.239424,81203.000,10873,2,EL,1,100,7594.200195
1752787780.306424,81270.000,10889,1,EL,1,100,7613.399902
1752787780.372925,81336.500,10906,2,EL,1,100,7275.600098
1752787780.439426,81403.000,10906,2,EL,1,100,7141.000000
1752787780.506426,81470.000,10922,2,EL,1,100,7056.600098
1752787780.573427,81537.000,10922,2,EL,1,100,6971.600098
1752787780.639427,81603.000,10940,1,EL,1,100,6900.000000
1752787780.706428,81670.000,10956,2,EL,1,100,6834.600098
1752787780.773428,81737.000,10956,2,EL,1,100,6768.200195
1752787780.839429,81803.000,10973,1,EL,1,100,6712.600098
1752787780.906429,81870.000,10990,2,EL,1,100,6667.600098
1752787780.973430,81937.000,10990,2,EL,1,100,6613.399902
1752787781.039430,82003.000,11009,1,EL,1,100,6553.000000
1752787781.106431,82070.000,11023,2,EL,1,100,6496.200195
1752787781.173432,82137.000,11023,2,EL,1,100,6434.399902
1752787781.239432,82203.000,11047,1,EL,1,100,6367.200195
1752787781.306433,82270.000,11066,2,EL,1,100,6316.000000
1752787781.373433,82337.000,11066,2,EL,1,100,6269.200195
1752787781.439434,82403.000,11085,1,EL,1,100,6220.000000
1752787781.506434,82470.000,11099,2,EL,1,100,6172.600098
1752787781.573435,82537.000,11099,2,EL,1,100,6118.000000
1752787781.639435,82603.000,11117,1,EL,1,100,6070.000000
1752787781.706436,82670.000,11133,2,EL,1,100,6018.600098
1752787781.773437,82737.000,11133,2,EL,1,100,5970.000000
1752787781.839437,82803.000,11150,1,EL,1,100,5930.200195
1752787781.906438,82870.000,11165,2,EL,1,100,5881.000000
1752787781.973438,82937.000,11165,2,EL,1,100,5837.399902
1752787782.039439,83003.000,11184,1,EL,1,100,5784.799805
1752787782.105939,83069.500,11200,2,EL,1,100,5737.600098
1752787782.172440,83136.000,11200,2,EL,1,100,5691.000000
1752787782.239440,83203.000,11217,1,EL,1,100,5642.799805
1752787782.305941,83269.500,11233,2,EL,1,100,5597.799805
1752787782.372441,83336.000,11233,2,EL,1,100,5541.000000
1752787782.439442,83403.000,11249,1,EL,1,100,5480.799805
1752787782.505943,83469.500,11267,2,EL,1,100,5432.000000
1752787782.572443,83536.000,11267,2,EL,1,100,5390.200195
1752787782.639444,83603.000,11285,2,EL,1,100,5345.799805
1752787782.706444,83670.000,11285,2,EL,1,100,5299.000000
1752787782.772445,83736.000,11303,1,EL,1,100,5251.799805
1752787782.839445,83803.000,11318,2,EL,1,100,5205.200195
1752787782.906446,83870.000,11318,2,EL,1,100,5160.200195
1752787782.972446,83936.000,11335,1,EL,1,100,5106.000000
1752787783.039447,84003.000,11352,2,EL,1,100,5035.000000
1752787783.106447,84070.000,11352,2,EL,1,100,4997.600098
1752787783.172448,84136.000,11370,1,EL,1,100,4964.399902
1752787783.239449,84203.000,11386,2,EL,1,100,4925.200195
1752787783.306449,84270.000,11386,2,EL,1,100,4886.399902
1752787783.372450,84336.000,11404,1,EL,1,100,4845.799805
1752787783.439450,84403.000,11421,2,EL,1,100,4801.600098
1752787783.506451,84470.000,11421,2,EL,1,100,4751.200195
1752787783.572451,84536.000,11437,1,EL,1,100,4705.799805
1752787783.639452,84603.000,11455,2,EL,1,100,4661.399902
1752787783.706452,84670.000,11455,2,EL,1,100,4616.399902
1752787783.772453,84736.000,11471,1,EL,1,100,4569.000000
1752787783.839454,84803.000,11490,2,EL,1,100,4526.799805
1752787783.906454,84870.000,11490,2,EL,1,100,4478.399902
1752787783.972455,84936.000,11509,1,EL,1,100,4437.600098
1752787784.039455,85003.000,11524,2,EL,1,100,4391.799805
1752787784.106456,85070.000,11524,2,EL,1,100,4353.600098
1752787784.172456,85136.000,11540,1,EL,1,100,4309.200195
1752787784.239457,85203.000,11558,2,EL,1,100,4265.399902
1752787784.306457,85270.000,11558,2,EL,1,100,4227.000000
1752787784.372458,85336.000,11574,1,EL,1,100,4187.200195
1752787784.439458,85403.000,11591,2,EL,1,100,4133.399902
1752787784.506459,85470.000,11591,2,EL,1,100,4085.199951
1752787784.572460,85536.000,11607,1,EL,1,100,4041.800049
1752787784.639460,85603.000,11627,2,EL,1,100,4008.600098
1752787784.706461,85670.000,11627,2,EL,1,100,3975.199951
1752787784.772961,85736.500,11643,2,EL,1,100,3934.000000
1752787784.839462,85803.000,11643,2,EL,1,100,3883.000000
1752787784.905462,85869.000,11660,1,EL,1,100,3839.600098
1752787784.972463,85936.000,11675,2,EL,1,100,3795.399902
1752787785.039463,86003.000,11675,2,EL,1,100,3748.399902
1752787785.105464,86069.000,11694,1,EL,1,100,3767.399902
1752787785.172465,86136.000,11712,2,EL,1,100,3709.600098
1752787785.239465,86203.000,11712,2,EL,1,100,3642.600098
1752787785.305466,86269.000,11730,1,EL,1,100,3600.399902
1752787785.372466,86336.000,11744,2,EL,1,100,3558.000000
1752787785.439467,86403.000,11744,2,EL,1,100,3506.199951
1752787785.505467,86469.000,11763,1,EL,1,100,3488.399902
1752787785.572468,86536.000,11780,2,EL,1,100,3439.800049
1752787785.639468,86603.000,11780,2,EL,1,100,3395.000000
1752787785.706469,86670.000,11799,1,EL,1,100,3359.199951
1752787785.772969,86736.500,11813,2,EL,1,100,3316.000000
1752787785.839470,86803.000,11813,2,EL,1,100,3281.800049
1752787785.905471,86869.000,11832,1,EL,1,100,3244.800049
1752787785.972471,86936.000,11851,2,EL,1,100,3206.600098
1752787786.039472,87003.000,11851,2,EL,1,100,3169.600098
1752787786.106472,87070.000,11868,1,EL,1,100,3140.199951
1752787786.172973,87136.500,11882,2,EL,1,100,3105.199951
1752787786.239473,87203.000,11882,2,EL,1,100,3063.800049
1752787786.306474,87270.000,11905,1,EL,1,100,3021.399902
1752787786.372974,87336.500,11923,2,EL,1,100,2984.600098
1752787786.439475,87403.000,11923,2,EL,1,100,2948.000000
1752787786.505476,87469.000,11942,1,EL,1,100,2913.000000
1752787786.572476,87536.000,11959,2,EL,1,100,2868.399902
1752787786.639477,87603.000,11959,2,EL,1,100,2839.800049
1752787786.705477,87669.000,11976,1,EL,1,100,2823.600098
1752787786.772478,87736.000,11992,2,EL,1,100,2788.800049
1752787786.839478,87803.000,11992,2,EL,1,100,2742.800049
1752787786.905479,87869.000,12009,1,EL,1,100,2701.000000
1752787786.972479,87936.000,12025,2,EL,1,100,2662.000000
1752787787.039480,88003.000,12025,2,EL,1,100,2630.199951
1752787787.105980,88069.500,12041,2,EL,1,100,2586.000000
1752787787.172481,88136.000,12041,2,EL,1,100,2550.800049
1752787787.239482,88203.000,12061,1,EL,1,100,2532.800049
1752787787.305982,88269.500,12079,2,EL,1,100,2496.399902
1752787787.372483,88336.000,12079,2,EL,1,100,2451.199951
1752787787.439483,88403.000,12095,1,EL,1,100,2402.199951
1752787787.505984,88469.500,12110,2,EL,1,100,2354.199951
1752787787.572484,88536.000,12110,2,EL,1,100,2315.199951
1752787787.639485,88603.000,12127,1,EL,1,100,2288.800049
1752787787.705985,88669.500,12146,2,EL,1,100,2276.600098
1752787787.772486,88736.000,12146,2,EL,1,100,2260.199951
1752787787.839487,88803.000,12164,1,EL,1,100,2228.600098
1752787787.905987,88869.500,12180,2,EL,1,100,2190.800049
1752787787.972488,88936.000,12180,2,EL,1,100,2156.800049
1752787788.039488,89003.000,12196,1,EL,1,100,2110.800049
1752787788.105989,89069.500,12213,2,EL,1,100,2099.600098
1752787788.172489,89136.000,12213,2,EL,1,100,2064.199951
1752787788.238490,89202.000,12229,1,EL,1,100,2018.800049
1752787788.305490,89269.000,12245,2,EL,1,100,1976.400024
1752787788.372491,89336.000,12245,2,EL,1,100,1940.000000
1752787788.439491,89403.000,12261,1,EL,1,100,1896.400024
1752787788.505992,89469.500,12282,2,EL,1,100,1855.599976
1752787788.572493,89536.000,12282,2,EL,1,100,1835.599976
1752787788.639493,89603.000,12299,1,EL,1,100,1810.199951
1752787788.705994,89669.500,12314,2,EL,1,100,1777.000000
1752787788.772494,89736.000,12314,2,EL,1,100,1744.199951
1752787788.838495,89802.000,12330,1,EL,1,100,1703.199951
1752787788.905495,89869.000,12350,2,EL,1,100,1677.000000
1752787788.972496,89936.000,12350,2,EL,1,100,1639.800049
1752787789.038496,90002.000,12366,1,EL,1,100,1572.000000
1752787789.105497,90069.000,12385,2,EL,1,100,1560.000000
1752787789.172497,90136.000,12385,2,EL,1,100,1548.199951
1752787789.238498,90202.000,12401,1,EL,1,100,1517.599976
1752787789.305499,90269.000,12419,2,EL,1,100,1489.400024
1752787789.372499,90336.000,12419,2,EL,1,100,1459.000000
1752787789.438500,90402.000,12435,1,EL,1,100,1425.599976
1752787789.505500,90469.000,12452,2,EL,1,100,1385.400024
1752787789.572501,90536.000,12452,2,EL,1,100,1352.000000
1752787789.639001,90602.500,12467,2,EL,1,100,1320.400024
1752787789.705502,90669.000,12467,2,EL,1,100,1289.800049
1752787789.772502,90736.000,12486,1,EL,1,100,1257.800049
1752787789.839003,90802.500,12504,2,EL,1,100,1235.400024
1752787789.905504,90869.000,12504,2,EL,1,100,1203.199951
1752787789.972504,90936.000,12522,1,EL,1,100,1177.599976
1752787790.039005,91002.500,12536,2,EL,1,100,1142.199951
1752787790.105505,91069.000,12536,2,EL,1,100,1100.199951
1752787790.172506,91136.000,12553,1,EL,1,100,1075.000000
1752787790.239006,91202.500,12572,2,EL,1,100,1039.800049
1752787790.305507,91269.000,12572,2,EL,1,100,1014.799988
1752787790.372507,91336.000,12589,1,EL,1,100,981.599976
1752787790.439008,91402.500,12607,2,EL,1,100,948.400024
1752787790.505508,91469.000,12607,2,EL,1,100,926.400024
1752787790.572509,91536.000,12624,1,EL,1,100,890.799988
1752787790.639010,91602.500,12641,2,EL,1,100,809.599976
1752787790.705510,91669.000,12641,2,EL,1,100,744.599976
1752787790.772511,91736.000,12660,1,EL,1,100,768.200012
1752787790.839011,91802.500,12674,2,EL,1,100,773.599976
1752787790.905512,91869.000,12674,2,EL,1,100,759.400024
1752787790.972512,91936.000,12692,1,EL,1,100,740.599976
1752787791.039013,92002.500,12712,2,EL,1,100,710.400024
1752787791.105513,92069.000,12712,2,EL,1,100,690.799988
1752787791.172514,92136.000,12729,1,EL,1,100,673.000000
1752787791.239015,92202.500,12744,2,EL,1,100,634.799988
1752787791.305515,92269.000,12744,2,EL,1,100,595.200012
1752787791.372516,92336.000,12761,1,EL,1,100,557.799988
1752787791.439016,92402.500,12784,2,EL,1,100,543.599976
1752787791.505517,92469.000,12784,2,EL,1,100,537.200012
1752787791.572517,92536.000,12801,1,EL,1,100,535.000000
1752787791.639018,92602.500,12819,2,EL,1,100,472.000000
1752787791.705518,92669.000,12819,2,EL,1,100,412.200012
1752787791.772519,92736.000,12835,1,EL,1,100,376.799988
1752787791.839019,92802.500,12851,2,EL,1,100,350.799988
1752787791.905520,92869.000,12851,2,EL,1,100,319.000000
1752787791.972021,92935.500,12869,2,EL,1,100,282.799988
1752787792.038521,93002.000,12869,2,EL,1,100,253.199997
1752787792.105522,93069.000,12885,1,EL,1,100,225.399994
1752787792.172022,93135.500,12902,2,EL,1,100,194.000000
1752787792.238523,93202.000,12902,2,EL,1,100,182.199997
1752787792.305523,93269.000,12921,1,EL,1,100,141.600006
1752787792.372024,93335.500,12940,2,EL,1,100,105.599998
1752787792.438524,93402.000,12940,2,EL,1,100,92.400002
1752787792.505525,93469.000,12956,1,EL,1,100,69.599998
1752787792.572026,93535.500,12972,2,EL,1,100,24.200001
1752787792.638526,93602.000,12972,2,EL,1,100,-15.800000
1752787792.705527,93669.000,12990,1,EL,1,100,-9.800000
1752787792.772027,93735.500,13007,2,EL,1,100,-48.799999
1752787792.838528,93802.000,13007,2,EL,1,100,-74.800003
1752787792.905528,93869.000,13025,1,EL,1,100,-99.800003
1752787792.972029,93935.500,13043,2,EL,1,100,-130.199997
1752787793.038529,94002.000,13043,2,EL,1,100,-149.399994
1752787793.105530,94069.000,13059,1,EL,1,100,-172.600006
1752787793.172030,94135.500,13076,2,EL,1,100,-204.399994
1752787793.238531,94202.000,13076,2,EL,1,100,-232.399994
1752787793.305532,94269.000,13093,1,EL,1,100,-262.399994
1752787793.372032,94335.500,13110,2,EL,1,100,-287.200012
1752787793.438533,94402.000,13110,2,EL,1,100,-308.600006
1752787793.505533,94469.000,13128,1,EL,1,100,-334.200012
1752787793.572034,94535.500,13146,2,EL,1,100,-373.399994
1752787793.638534,94602.000,13146,2,EL,1,100,-399.799988
1752787793.705535,94669.000,13162,1,EL,1,100,-422.799988
1752787793.772035,94735.500,13180,2,EL,1,100,-442.799988
1752787793.838536,94802.000,13180,2,EL,1,100,-484.000000
1752787793.905537,94869.000,13195,1,EL,1,100,-540.000000
1752787793.972037,94935.500,13215,2,EL,1,100,-517.200012
1752787794.038538,95002.000,13215,2,EL,1,100,-541.799988
1752787794.105538,95069.000,13231,1,EL,1,100,-569.599976
1752787794.172039,95135.500,13249,2,EL,1,100,-591.799988
1752787794.238539,95202.000,13249,2,EL,1,100,-616.799988
1752787794.305040,95268.500,13265,2,EL,1,100,-645.599976
1752787794.371540,95335.000,13265,2,EL,1,100,-672.000000
1752787794.438541,95402.000,13282,1,EL,1,100,-698.000000
1752787794.505041,95468.500,13300,2,EL,1,100,-709.400024
1752787794.571542,95535.000,13300,2,EL,1,100,-711.200012
1752787794.638543,95602.000,13318,1,EL,1,100,-800.000000
1752787794.705043,95668.500,13332,2,EL,1,100,-868.799988
1752787794.771544,95735.000,13332,2,EL,1,100,-863.200012
1752787794.838544,95802.000,13351,1,EL,1,100,-874.200012
1752787794.905045,95868.500,13370,2,EL,1,100,-887.000000
1752787794.971545,95935.000,13370,2,EL,1,100,-911.400024
1752787795.038546,96002.000,13387,1,EL,1,100,-803.799988
1752787795.105046,96068.500,13401,2,EL,1,100,-855.400024
1752787795.171547,96135.000,13401,2,EL,1,100,-922.599976
1752787795.238548,96202.000,13418,1,EL,1,100,-953.200012
1752787795.305048,96268.500,13435,2,EL,1,100,-995.400024
1752787795.371549,96335.000,13435,2,EL,1,100,-1024.400024
1752787795.438549,96402.000,13452,1,EL,1,100,-1045.000000
1752787795.505050,96468.500,13468,2,EL,1,100,-1071.199951
1752787795.571550,96535.000,13468,2,EL,1,100,-1089.800049
1752787795.638551,96602.000,13486,1,EL,1,100,-1116.800049
1752787795.705051,96668.500,13502,2,EL,1,100,-1139.400024
1752787795.771552,96735.000,13502,2,EL,1,100,-1166.000000
1752787795.838552,96802.000,13519,1,EL,1,100,-1191.599976
1752787795.905053,96868.500,13534,2,EL,1,100,-1213.199951
1752787795.971554,96935.000,13534,2,EL,1,100,-1239.199951
1752787796.038554,97002.000,13553,1,EL,1,100,-1261.000000
1752787796.105055,97068.500,13573,2,EL,1,100,-1274.400024
1752787796.171555,97135.000,13573,2,EL,1,100,-1293.000000
1752787796.238556,97202.000,13590,1,EL,1,100,-1316.599976
1752787796.305056,97268.500,13606,2,EL,1,100,-1343.400024
1752787796.371557,97335.000,13606,2,EL,1,100,-1366.400024
1752787796.438557,97402.000,13622,1,EL,1,100,-1393.800049
1752787796.505058,97468.500,13645,2,EL,1,100,-1411.400024
1752787796.571558,97535.000,13645,2,EL,1,100,-1436.800049
1752787796.638059,97601.500,13663,2,EL,1,100,-1445.400024
1752787796.704560,97668.000,13663,2,EL,1,100,-1506.800049
1752787796.771560,97735.000,13681,1,EL,1,100,-1593.400024
1752787796.838061,97801.500,13698,2,EL,1,100,-1562.800049
1752787796.904561,97868.000,13698,2,EL,1,100,-1552.000000
1752787796.971562,97935.000,13715,1,EL,1,100,-1563.199951
1752787797.038062,98001.500,13732,2,EL,1,100,-1580.199951
1752787797.104563,98068.000,13732,2,EL,1,100,-1598.599976
1752787797.171563,98135.000,13748,1,EL,1,100,-1572.400024
1752787797.238064,98201.500,13764,2,EL,1,100,-1594.199951
1752787797.304565,98268.000,13764,2,EL,1,100,-1631.400024
1752787797.371565,98335.000,13780,1,EL,1,100,-1672.400024
1752787797.438066,98401.500,13801,2,EL,1,100,-1454.800049
1752787797.504566,98468.000,13801,2,EL,1,100,-1529.400024
1752787797.571567,98535.000,13817,1,EL,1,100,-1681.800049
1752787797.638067,98601.500,13834,2,EL,1,100,-1757.000000
1752787797.704568,98668.000,13834,2,EL,1,100,-1793.800049
1752787797.771568,98735.000,13849,1,EL,1,100,-1813.800049
1752787797.838069,98801.500,13866,2,EL,1,100,-1806.199951
1752787797.904569,98868.000,13866,2,EL,1,100,-1858.199951
1752787797.971570,98935.000,13883,1,EL,1,100,-1889.800049
1752787798.038071,99001.500,13903,2,EL,1,100,-1865.000000
1752787798.104571,99068.000,13903,2,EL,1,100,-1884.000000
1752787798.171072,99134.500,13918,2,EL,1,100,-1890.400024
1752787798.237572,99201.000,13918,2,EL,1,100,-1919.599976
1752787798.304573,99268.000,13936,1,EL,1,100,-1998.199951
1752787798.371073,99334.500,13954,2,EL,1,100,-1975.400024
1752787798.437574,99401.000,13954,2,EL,1,100,-2108.000000
1752787798.504574,99468.000,13971,1,EL,1,100,-2314.600098
1752787798.571075,99534.500,13990,2,EL,1,100,-2129.800049
1752787798.637576,99601.000,13990,2,EL,1,100,-1973.599976
1752787798.704576,99668.000,14007,1,EL,1,100,-2024.800049
1752787798.771077,99734.500,14023,2,EL,1,100,-2059.600098
1752787798.837577,99801.000,14023,2,EL,1,100,-2063.199951
1752787798.904578,99868.000,14040,1,EL,1,100,-2082.600098
1752787798.971078,99934.500,14055,2,EL,1,100,-2112.600098
1752787799.037579,100001.000,14055,2,EL,1,100,-2132.600098
1752787799.104579,100068.000,14074,1,EL,1,100,-2167.800049
1752787799.171080,100134.500,14090,2,EL,1,100,-2212.800049
1752787799.237580,100201.000,14090,2,EL,1,100,-2286.399902
1752787799.304581,100268.000,14108,1,EL,1,100,-2260.399902
1752787799.371082,100334.500,14124,2,EL,1,100,-2258.600098
1752787799.437582,100401.000,14124,2,EL,1,100,-2255.800049
1752787799.504583,100468.000,14141,1,EL,1,100,-2278.600098
1752787799.571083,100534.500,14158,2,EL,1,100,-2290.199951
1752787799.637584,100601.000,14158,2,EL,1,100,-2275.600098
1752787799.704584,100668.000,14175,1,EL,1,100,-2288.199951
1752787799.771085,100734.500,14191,2,EL,1,100,-2309.000000
1752787799.837585,100801.000,14191,2,EL,1,100,-2341.399902
1752787799.904586,100868.000,14208,1,EL,1,100,-2361.199951
1752787799.971087,100934.500,14225,2,EL,1,100,-2400.000000
1752787800.037587,101001.000,14225,2,EL,1,100,-2437.399902
1752787800.104588,101068.000,14242,1,EL,1,100,-2452.399902
1752787800.171088,101134.500,14257,2,EL,1,100,-2516.399902
1752787800.237589,101201.000,14257,2,EL,1,100,-2622.199951
1752787800.304589,101268.000,14276,1,EL,1,100,-2728.199951
1752787800.371090,101334.500,14294,2,EL,1,100,-2572.199951
1752787800.437590,101401.000,14294,2,EL,1,100,-2469.600098
1752787800.504591,101468.000,14311,2,EL,1,100,-2500.399902
1752787800.571591,101535.000,14311,2,EL,1,100,-2558.800049
1752787800.637592,101601.000,14328,1,EL,1,100,-2602.600098
1752787800.704593,101668.000,14343,2,EL,1,100,-2633.000000
1752787800.771593,101735.000,14343,2,EL,1,100,-2645.399902
1752787800.837594,101801.000,14361,1,EL,1,100,-2666.600098
1752787800.904594,101868.000,14379,2,EL,1,100,-2689.600098
1752787800.971595,101935.000,14379,2,EL,1,100,-2709.800049
1752787801.037595,102001.000,14397,1,EL,1,100,-2729.399902
1752787801.104596,102068.000,14412,2,EL,1,100,-2748.399902
1752787801.171596,102135.000,14412,2,EL,1,100,-2768.000000
1752787801.237597,102201.000,14428,1,EL,1,100,-2785.399902
1752787801.304598,102268.000,14448,2,EL,1,100,-2796.800049
1752787801.371598,102335.000,14448,2,EL,1,100,-2811.199951
1752787801.437599,102401.000,14466,1,EL,1,100,-2828.000000
1752787801.504099,102467.500,14481,2,EL,1,100,-2847.800049
1752787801.570600,102534.000,14481,2,EL,1,100,-2854.199951
1752787801.637267,102600.667,14502,3,EL,1,100,-2878.800049
1752787801.703934,102667.333,14502,3,EL,1,100,-2910.800049
1752787801.770601,102734.000,14502,3,EL,1,100,-2925.199951
1752787801.837602,102801.000,14520,1,EL,1,100,-2938.000000
1752787801.904102,102867.500,14538,2,EL,1,100,-2959.800049
1752787801.970603,102934.000,14538,2,EL,1,100,-2973.399902
1752787802.037604,103001.000,14554,1,EL,1,100,-2987.399902
1752787802.104104,103067.500,14571,2,EL,1,100,-2997.399902
1752787802.170605,103134.000,14571,2,EL,1,100,-3021.199951
1752787802.237605,103201.000,14587,1,EL,1,100,-3047.399902
1752787802.304106,103267.500,14606,2,EL,1,100,-3059.399902
1752787802.370606,103334.000,14606,2,EL,1,100,-3073.600098
1752787802.437607,103401.000,14623,2,EL,1,100,-3088.800049
1752787802.504607,103468.000,14623,2,EL,1,100,-3107.800049
1752787802.570608,103534.000,14640,1,EL,1,100,-3130.000000
1752787802.637609,103601.000,14657,2,EL,1,100,-3143.800049
1752787802.704609,103668.000,14657,2,EL,1,100,-3162.800049
1752787802.770610,103734.000,14674,1,EL,1,100,-3180.600098
1752787802.837610,103801.000,14690,2,EL,1,100,-3196.600098
1752787802.904611,103868.000,14690,2,EL,1,100,-3211.199951
1752787802.970611,103934.000,14708,1,EL,1,100,-3226.800049
1752787803.037612,104001.000,14726,2,EL,1,100,-3247.000000
1752787803.104612,104068.000,14726,2,EL,1,100,-3265.600098
1752787803.170613,104134.000,14745,1,EL,1,100,-3278.600098
1752787803.237613,104201.000,14760,2,EL,1,100,-3294.000000
1752787803.304614,104268.000,14760,2,EL,1,100,-3306.600098
1752787803.370615,104334.000,14777,1,EL,1,100,-3325.199951
1752787803.437615,104401.000,14793,2,EL,1,100,-3338.600098
1752787803.504616,104468.000,14793,2,EL,1,100,-3354.600098
1752787803.570616,104534.000,14810,1,EL,1,100,-3371.600098
1752787803.637617,104601.000,14827,2,EL,1,100,-3391.600098
1752787803.704617,104668.000,14827,2,EL,1,100,-3401.800049
1752787803.770618,104734.000,14844,1,EL,1,100,-3417.000000
1752787803.837618,104801.000,14862,2,EL,1,100,-3437.399902
1752787803.904619,104868.000,14862,2,EL,1,100,-3450.199951
1752787803.970619,104934.000,14880,1,EL,1,100,-3469.399902
1752787804.037620,105001.000,14896,2,EL,1,100,-3491.000000
1752787804.104621,105068.000,14896,2,EL,1,100,-3500.600098
1752787804.170621,105134.000,14915,1,EL,1,100,-3522.199951
1752787804.237622,105201.000,14932,2,EL,1,100,-3551.000000
1752787804.304622,105268.000,14932,2,EL,1,100,-3565.600098
1752787804.370623,105334.000,14951,1,EL,1,100,-3576.199951
1752787804.437623,105401.000,14966,2,EL,1,100,-3582.600098
1752787804.504624,105468.000,14966,2,EL,1,100,-3592.199951
1752787804.570624,105534.000,14982,1,EL,1,100,-3611.600098
1752787804.637625,105601.000,14999,2,EL,1,100,-3630.600098
1752787804.704626,105668.000,14999,2,EL,1,100,-3651.399902
1752787804.771126,105734.500,15018,2,EL,1,100,-3672.199951
1752787804.837627,105801.000,15018,2,EL,1,100,-3690.399902
1752787804.904627,105868.000,15034,1,EL,1,100,-3704.399902
1752787804.971128,105934.500,15052,2,EL,1,100,-3715.199951
1752787805.037628,106001.000,15052,2,EL,1,100,-3722.000000
1752787805.104629,106068.000,15068,1,EL,1,100,-3738.399902
1752787805.171129,106134.500,15085,2,EL,1,100,-3764.399902
1752787805.237630,106201.000,15085,2,EL,1,100,-3763.199951
1752787805.304630,106268.000,15102,1,EL,1,100,-3788.199951
1752787805.371131,106334.500,15119,2,EL,1,100,-3811.399902
1752787805.437632,106401.000,15119,2,EL,1,100,-3830.199951
1752787805.503632,106467.000,15135,1,EL,1,100,-3850.800049
1752787805.570633,106534.000,15153,2,EL,1,100,-3866.800049
1752787805.637633,106601.000,15153,2,EL,1,100,-3888.600098
1752787805.703634,106667.000,15169,1,EL,1,100,-3907.000000
1752787805.770634,106734.000,15184,2,EL,1,100,-3923.000000
1752787805.837635,106801.000,15184,2,EL,1,100,-3947.000000
1752787805.903635,106867.000,15200,1,EL,1,100,-3963.800049
1752787805.970636,106934.000,15224,2,EL,1,100,-3982.000000
1752787806.037637,107001.000,15224,2,EL,1,100,-3994.800049
1752787806.103637,107067.000,15240,1,EL,1,100,-4010.199951
1752787806.170638,107134.000,15255,2,EL,1,100,-4026.800049
1752787806.237638,107201.000,15255,2,EL,1,100,-4046.800049
1752787806.303639,107267.000,15272,1,EL,1,100,-4068.800049
1752787806.370639,107334.000,15291,2,EL,1,100,-4082.800049
1752787806.437640,107401.000,15291,2,EL,1,100,-4095.399902
1752787806.503640,107467.000,15307,1,EL,1,100,-4108.799805
1752787806.570641,107534.000,15326,2,EL,1,100,-4127.000000
1752787806.637641,107601.000,15326,2,EL,1,100,-4146.600098
1752787806.703642,107667.000,15341,1,EL,1,100,-4168.799805
1752787806.770643,107734.000,15367,2,EL,1,100,-4184.399902
1752787806.837643,107801.000,15367,2,EL,1,100,-4197.600098
1752787806.903644,107867.000,15383,1,EL,1,100,-4219.200195
1752787806.970644,107934.000,15402,2,EL,1,100,-4236.200195
1752787807.037645,108001.000,15402,2,EL,1,100,-4248.000000
1752787807.104145,108067.500,15417,2,EL,1,100,-4260.399902
1752787807.170646,108134.000,15417,2,EL,1,100,-4269.600098
1752787807.237646,108201.000,15436,1,EL,1,100,-4286.600098
1752787807.304147,108267.500,15453,2,EL,1,100,-4304.600098
1752787807.370648,108334.000,15453,2,EL,1,100,-4314.799805
1752787807.437648,108401.000,15470,1,EL,1,100,-4332.200195
1752787807.504149,108467.500,15484,2,EL,1,100,-4346.799805
1752787807.570649,108534.000,15484,2,EL,1,100,-4357.600098
1752787807.637650,108601.000,15502,1,EL,1,100,-4367.799805
1752787807.704150,108667.500,15518,2,EL,1,100,-4382.399902
1752787807.770651,108734.000,15518,2,EL,1,100,-4407.399902
1752787807.837651,108801.000,15537,1,EL,1,100,-4430.200195
1752787807.904152,108867.500,15554,2,EL,1,100,-4448.200195
1752787807.970652,108934.000,15554,2,EL,1,100,-4457.200195
1752787808.037653,109001.000,15571,1,EL,1,100,-4471.000000
1752787808.104154,109067.500,15587,2,EL,1,100,-4486.399902
1752787808.170654,109134.000,15587,2,EL,1,100,-4505.600098
1752787808.237655,109201.000,15604,1,EL,1,100,-4523.200195
1752787808.304155,109267.500,15623,2,EL,1,100,-4532.399902
1752787808.370656,109334.000,15623,2,EL,1,100,-4547.600098
1752787808.437656,109401.000,15640,1,EL,1,100,-4560.799805
1752787808.504157,109467.500,15656,2,EL,1,100,-4572.600098
1752787808.570657,109534.000,15656,2,EL,1,100,-4591.200195
1752787808.637658,109601.000,15674,1,EL,1,100,-4613.399902
1752787808.704159,109667.500,15688,2,EL,1,100,-4636.799805
1752787808.770659,109734.000,15688,2,EL,1,100,-4652.200195
1752787808.837660,109801.000,15707,1,EL,1,100,-4654.399902
1752787808.904160,109867.500,15726,2,EL,1,100,-4655.600098
1752787808.970661,109934.000,15726,2,EL,1,100,-4668.799805
1752787809.036661,110000.000,15743,1,EL,1,100,-4688.799805
1752787809.103662,110067.000,15758,2,EL,1,100,-4708.000000
1752787809.170662,110134.000,15758,2,EL,1,100,-4722.200195
1752787809.237663,110201.000,15776,1,EL,1,100,-4732.000000
1752787809.304163,110267.500,15793,2,EL,1,100,-4753.799805
1752787809.370664,110334.000,15793,2,EL,1,100,-4766.799805
1752787809.437165,110400.500,15810,2,EL,1,100,-4783.799805
1752787809.503665,110467.000,15810,2,EL,1,100,-4802.200195
1752787809.570666,110534.000,15828,1,EL,1,100,-4807.799805
1752787809.637166,110600.500,15846,2,EL,1,100,-4811.000000
1752787809.703667,110667.000,15846,2,EL,1,100,-4828.399902
1752787809.770667,110734.000,15862,1,EL,1,100,-4851.000000
1752787809.837168,110800.500,15879,2,EL,1,100,-4868.000000
1752787809.903668,110867.000,15879,2,EL,1,100,-4883.399902
1752787809.970669,110934.000,15896,1,EL,1,100,-4897.399902
1752787810.037169,111000.500,15911,2,EL,1,100,-4913.600098
1752787810.103670,111067.000,15911,2,EL,1,100,-4933.799805
1752787810.170671,111134.000,15929,1,EL,1,100,-4952.000000
1752787810.237171,111200.500,15949,2,EL,1,100,-4968.200195
1752787810.303672,111267.000,15949,2,EL,1,100,-4977.600098
1752787810.370672,111334.000,15965,1,EL,1,100,-4986.799805
1752787810.437173,111400.500,15980,2,EL,1,100,-4997.200195
1752787810.503673,111467.000,15980,2,EL,1,100,-5010.799805
1752787810.570674,111534.000,15996,1,EL,1,100,-5025.799805
1752787810.637174,111600.500,16014,2,EL,1,100,-5032.200195
1752787810.703675,111667.000,16014,2,EL,1,100,-5048.600098
1752787810.770676,111734.000,16032,1,EL,1,100,-5065.799805
1752787810.837176,111800.500,16047,2,EL,1,100,-5081.600098
1752787810.903677,111867.000,16047,2,EL,1,100,-5093.600098
1752787810.970677,111934.000,16064,1,EL,1,100,-5108.000000
1752787811.037178,112000.500,16085,2,EL,1,100,-5121.600098
1752787811.103678,112067.000,16085,2,EL,1,100,-5134.600098
1752787811.170679,112134.000,16101,1,EL,1,100,-5147.600098
1752787811.237179,112200.500,16117,2,EL,1,100,-5166.000000
1752787811.303680,112267.000,16117,2,EL,1,100,-5180.399902
1752787811.370680,112334.000,16135,1,EL,1,100,-5194.399902
1752787811.437181,112400.500,16154,2,EL,1,100,-5202.399902
1752787811.503682,112467.000,16154,2,EL,1,100,-5216.799805
1752787811.570182,112533.500,16171,2,EL,1,100,-5233.799805
1752787811.636683,112600.000,16171,2,EL,1,100,-5246.399902
1752787811.703683,112667.000,16190,1,EL,1,100,-5257.600098
1752787811.770184,112733.500,16204,2,EL,1,100,-5268.200195
1752787811.836684,112800.000,16204,2,EL,1,100,-5290.000000
1752787811.903685,112867.000,16226,1,EL,1,100,-5305.200195
1752787811.970185,112933.500,16245,2,EL,1,100,-5316.799805
1752787812.036686,113000.000,16245,2,EL,1,100,-5330.600098
1752787812.103687,113067.000,16262,1,EL,1,100,-5344.399902
1752787812.170187,113133.500,16278,2,EL,1,100,-5356.600098
1752787812.236688,113200.000,16278,2,EL,1,100,-5365.600098
1752787812.303688,113267.000,16296,1,EL,1,100,-5385.000000
1752787812.370189,113333.500,16314,2,EL,1,100,-5404.399902
1752787812.436689,113400.000,16314,2,EL,1,100,-5412.600098
1752787812.503690,113467.000,16331,1,EL,1,100,-5427.200195
1752787812.570190,113533.500,16348,2,EL,1,100,-5440.000000
1752787812.636691,113600.000,16348,2,EL,1,100,-5453.000000
1752787812.703691,113667.000,16365,1,EL,1,100,-5465.399902
1752787812.770192,113733.500,16381,2,EL,1,100,-5473.399902
1752787812.836693,113800.000,16381,2,EL,1,100,-5490.200195
1752787812.903693,113867.000,16398,1,EL,1,100,-5506.399902
1752787812.970194,113933.500,16413,2,EL,1,100,-5522.600098
1752787813.036694,114000.000,16413,2,EL,1,100,-5540.200195
1752787813.103695,114067.000,16432,1,EL,1,100,-5549.200195
1752787813.170195,114133.500,16448,2,EL,1,100,-5559.600098
1752787813.236696,114200.000,16448,2,EL,1,100,-5570.399902
1752787813.303696,114267.000,16468,1,EL,1,100,-5578.399902
1752787813.370197,114333.500,16483,2,EL,1,100,-5594.000000
1752787813.436698,114400.000,16483,2,EL,1,100,-5615.000000
1752787813.503698,114467.000,16499,1,EL,1,100,-5626.200195
1752787813.570199,114533.500,16518,2,EL,1,100,-5629.399902
1752787813.636699,114600.000,16518,2,EL,1,100,-5644.200195
1752787813.703700,114667.000,16535,1,EL,1,100,-5666.399902
1752787813.770200,114733.500,16552,2,EL,1,100,-5679.799805
1752787813.836701,114800.000,16552,2,EL,1,100,-5687.799805
1752787813.903201,114866.500,16571,2,EL,1,100,-5700.399902
1752787813.969702,114933.000,16571,2,EL,1,100,-5713.200195
1752787814.036702,115000.000,16587,1,EL,1,100,-5726.200195
1752787814.103203,115066.500,16604,2,EL,1,100,-5735.399902
1752787814.169704,115133.000,16604,2,EL,1,100,-5748.000000
1752787814.236704,115200.000,16620,1,EL,1,100,-5760.200195
1752787814.303205,115266.500,16636,2,EL,1,100,-5776.200195
1752787814.369705,115333.000,16636,2,EL,1,100,-5784.600098
1752787814.436706,115400.000,16652,1,EL,1,100,-5799.200195
1752787814.503206,115466.500,16673,2,EL,1,100,-5815.200195
1752787814.569707,115533.000,16673,2,EL,1,100,-5824.000000
1752787814.636707,115600.000,16690,1,EL,1,100,-5834.399902
1752787814.703208,115666.500,16705,2,EL,1,100,-5840.399902
1752787814.769709,115733.000,16705,2,EL,1,100,-5846.000000
1752787814.836709,115800.000,16721,1,EL,1,100,-5870.200195
1752787814.903210,115866.500,16739,2,EL,1,100,-5891.200195
1752787814.969710,115933.000,16739,2,EL,1,100,-5900.399902
1752787815.036711,116000.000,16757,1,EL,1,100,-5909.000000
1752787815.103211,116066.500,16774,2,EL,1,100,-5925.799805
1752787815.169712,116133.000,16774,2,EL,1,100,-5936.399902
1752787815.236712,116200.000,16792,1,EL,1,100,-5946.200195
1752787815.303213,116266.500,16810,2,EL,1,100,-5956.600098
1752787815.369713,116333.000,16810,2,EL,1,100,-5967.799805
1752787815.436714,116400.000,16826,1,EL,1,100,-5980.200195
1752787815.503215,116466.500,16841,2,EL,1,100,-5994.600098
1752787815.569715,116533.000,16841,2,EL,1,100,-6006.200195
1752787815.636716,116600.000,16860,1,EL,1,100,-6017.799805
1752787815.703216,116666.500,16877,2,EL,1,100,-6030.399902
1752787815.769717,116733.000,16877,2,EL,1,100,-6041.799805
1752787815.836717,116800.000,16895,1,EL,1,100,-6052.600098
1752787815.903218,116866.500,16912,2,EL,1,100,-6065.000000
1752787815.969718,116933.000,16912,2,EL,1,100,-6077.600098
1752787816.036719,117000.000,16929,1,EL,1,100,-6088.000000
1752787816.103220,117066.500,16946,2,EL,1,100,-6092.600098
1752787816.169720,117133.000,16946,2,EL,1,100,-6105.799805
1752787816.236221,117199.500,16963,2,EL,1,100,-6122.600098
1752787816.302721,117266.000,16963,2,EL,1,100,-6136.399902
1752787816.369722,117333.000,16980,1,EL,1,100,-6148.600098
1752787816.436222,117399.500,16998,2,EL,1,100,-6155.399902
1752787816.502723,117466.000,16998,2,EL,1,100,-6170.200195
1752787816.569723,117533.000,17015,1,EL,1,100,-6186.799805
1752787816.636224,117599.500,17034,2,EL,1,100,-6197.600098
1752787816.702724,117666.000,17034,2,EL,1,100,-6203.399902
1752787816.769725,117733.000,17051,1,EL,1,100,-6215.399902
1752787816.836226,117799.500,17067,2,EL,1,100,-6231.600098
1752787816.902726,117866.000,17067,2,EL,1,100,-6236.000000
1752787816.969727,117933.000,17085,1,EL,1,100,-6249.200195
1752787817.036227,117999.500,17106,2,EL,1,100,-6261.000000
1752787817.102728,118066.000,17106,2,EL,1,100,-6266.799805
1752787817.169728,118133.000,17125,1,EL,1,100,-6280.200195
1752787817.236229,118199.500,17140,2,EL,1,100,-6293.600098
1752787817.302729,118266.000,17140,2,EL,1,100,-6299.000000
1752787817.369730,118333.000,17157,1,EL,1,100,-6301.200195
1752787817.436230,118399.500,17173,2,EL,1,100,-6310.399902
1752787817.502731,118466.000,17173,2,EL,1,100,-6337.200195
1752787817.569732,118533.000,17190,1,EL,1,100,-6355.399902
1752787817.636232,118599.500,17207,2,EL,1,100,-6363.200195
1752787817.702733,118666.000,17207,2,EL,1,100,-6365.399902
1752787817.769733,118733.000,17226,1,EL,1,100,-6373.000000
1752787817.836234,118799.500,17242,2,EL,1,100,-6394.000000
1752787817.902734,118866.000,17242,2,EL,1,100,-6406.399902
1752787817.969735,118933.000,17260,1,EL,1,100,-6457.600098
1752787818.036235,118999.500,17277,2,EL,1,100,-6522.600098
1752787818.102736,119066.000,17277,2,EL,1,100,-6485.200195
1752787818.169737,119133.000,17293,1,EL,1,100,-6343.200195
1752787818.236237,119199.500,17310,2,EL,1,100,-6405.000000
1752787818.302738,119266.000,17310,2,EL,1,100,-6462.600098
1752787818.369738,119333.000,17329,2,EL,1,100,-6488.399902
1752787818.436739,119400.000,17329,2,EL,1,100,-6509.000000
1752787818.502739,119466.000,17345,1,EL,1,100,-6528.799805
1752787818.569240,119532.500,17363,2,EL,1,100,-6525.200195
1752787818.635740,119599.000,17363,2,EL,1,100,-6528.799805
1752787818.702741,119666.000,17379,1,EL,1,100,-6538.799805
1752787818.769241,119732.500,17396,2,EL,1,100,-6550.399902
1752787818.835742,119799.000,17396,2,EL,1,100,-6563.399902
1752787818.902743,119866.000,17412,1,EL,1,100,-6571.799805
1752787818.969243,119932.500,17430,2,EL,1,100,-6586.799805
1752787819.035744,119999.000,17430,2,EL,1,100,-6596.399902
1752787819.102744,120066.000,17446,1,EL,1,100,-6608.200195
1752787819.169245,120132.500,17463,2,EL,1,100,-6620.600098
1752787819.235745,120199.000,17463,2,EL,1,100,-6630.799805
1752787819.302746,120266.000,17480,1,EL,1,100,-6644.600098
1752787819.369246,120332.500,17495,2,EL,1,100,-6661.000000
1752787819.435747,120399.000,17495,2,EL,1,100,-6672.799805
1752787819.502748,120466.000,17511,1,EL,1,100,-6691.600098
1752787819.569248,120532.500,17533,2,EL,1,100,-6688.000000
1752787819.635749,120599.000,17533,2,EL,1,100,-6688.000000
1752787819.702749,120666.000,17549,1,EL,1,100,-6704.600098
1752787819.769250,120732.500,17564,2,EL,1,100,-6719.000000
1752787819.835750,120799.000,17564,2,EL,1,100,-6724.600098
1752787819.902751,120866.000,17580,1,EL,1,100,-6736.399902
1752787819.969251,120932.500,17598,2,EL,1,100,-6749.600098
1752787820.035752,120999.000,17598,2,EL,1,100,-6763.200195
1752787820.102752,121066.000,17614,1,EL,1,100,-6771.799805
1752787820.169253,121132.500,17633,2,EL,1,100,-6775.600098
1752787820.235754,121199.000,17633,2,EL,1,100,-6782.600098
1752787820.302754,121266.000,17650,1,EL,1,100,-6791.600098
1752787820.369255,121332.500,17667,2,EL,1,100,-6803.799805
1752787820.435755,121399.000,17667,2,EL,1,100,-6818.399902
1752787820.502756,121466.000,17683,1,EL,1,100,-6829.000000
1752787820.569256,121532.500,17700,2,EL,1,100,-6846.799805
1752787820.635757,121599.000,17700,2,EL,1,100,-6859.200195
1752787820.702757,121666.000,17717,2,EL,1,100,-6866.600098
1752787820.769758,121733.000,17717,2,EL,1,100,-6867.200195
1752787820.835759,121799.000,17736,1,EL,1,100,-6877.600098
1752787820.902759,121866.000,17753,2,EL,1,100,-6886.000000
1752787820.969760,121933.000,17753,2,EL,1,100,-6894.600098
1752787821.035760,121999.000,17772,1,EL,1,100,-6910.200195
1752787821.102761,122066.000,17786,2,EL,1,100,-6926.399902
1752787821.169761,122133.000,17786,2,EL,1,100,-6935.200195
1752787821.235762,122199.000,17803,1,EL,1,100,-6951.799805
1752787821.302762,122266.000,17822,2,EL,1,100,-6966.799805
1752787821.369763,122333.000,17822,2,EL,1,100,-6968.200195
1752787821.435763,122399.000,17839,1,EL,1,100,-6974.399902
1752787821.502264,122465.500,17855,2,EL,1,100,-6987.600098
1752787821.568765,122532.000,17855,2,EL,1,100,-7002.000000
1752787821.635765,122599.000,17873,1,EL,1,100,-7015.200195
1752787821.702266,122665.500,17891,2,EL,1,100,-7023.600098
1752787821.768766,122732.000,17891,2,EL,1,100,-7032.200195
1752787821.835767,122799.000,17908,1,EL,1,100,-7039.200195
1752787821.902267,122865.500,17923,2,EL,1,100,-7053.399902
1752787821.968768,122932.000,17923,2,EL,1,100,-7064.799805
1752787822.035768,122999.000,17942,1,EL,1,100,-7073.600098
1752787822.102769,123066.000,17963,2,EL,1,100,-7073.000000
1752787822.169770,123133.000,17963,2,EL,1,100,-7089.600098
1752787822.235770,123199.000,17982,1,EL,1,100,-7098.799805
1752787822.302271,123265.500,17997,2,EL,1,100,-7108.600098
1752787822.368771,123332.000,17997,2,EL,1,100,-7122.799805
1752787822.435772,123399.000,18014,1,EL,1,100,-7136.799805
1752787822.502772,123466.000,18032,2,EL,1,100,-7140.799805
1752787822.569773,123533.000,18032,2,EL,1,100,-7151.600098
1752787822.635773,123599.000,18050,1,EL,1,100,-7163.799805
1752787822.702274,123665.500,18067,2,EL,1,100,-7171.200195
1752787822.768774,123732.000,18067,2,EL,1,100,-7184.600098
1752787822.835775,123799.000,18087,2,EL,1,100,-7197.399902
1752787822.902776,123866.000,18087,2,EL,1,100,-7198.399902
1752787822.968776,123932.000,18104,1,EL,1,100,-7205.799805
1752787823.035777,123999.000,18121,2,EL,1,100,-7213.799805
1752787823.102777,124066.000,18121,2,EL,1,100,-7222.799805
1752787823.168778,124132.000,18137,1,EL,1,100,-7235.200195
1752787823.235778,124199.000,18155,2,EL,1,100,-7248.000000
1752787823.302779,124266.000,18155,2,EL,1,100,-7255.399902
1752787823.368779,124332.000,18171,1,EL,1,100,-7262.799805
1752787823.435780,124399.000,18190,2,EL,1,100,-7269.799805
1752787823.502781,124466.000,18190,2,EL,1,100,-7279.600098
1752787823.568781,124532.000,18206,1,EL,1,100,-7289.799805
1752787823.635782,124599.000,18222,2,EL,1,100,-7297.399902
1752787823.702782,124666.000,18222,2,EL,1,100,-7306.000000
1752787823.768783,124732.000,18238,1,EL,1,100,-7318.600098
1752787823.835783,124799.000,18255,2,EL,1,100,-7331.600098
1752787823.902784,124866.000,18255,2,EL,1,100,-7339.399902
1752787823.968784,124932.000,18272,1,EL,1,100,-7350.600098
1752787824.035785,124999.000,18289,2,EL,1,100,-7357.600098
1752787824.102785,125066.000,18289,2,EL,1,100,-7366.799805
1752787824.168786,125132.000,18307,1,EL,1,100,-7378.200195
1752787824.235787,125199.000,18327,2,EL,1,100,-7386.200195
1752787824.302787,125266.000,18327,2,EL,1,100,-7393.399902
1752787824.368788,125332.000,18343,1,EL,1,100,-7398.799805
1752787824.435788,125399.000,18358,2,EL,1,100,-7406.600098
1752787824.502789,125466.000,18358,2,EL,1,100,-7421.399902
1752787824.568789,125532.000,18374,1,EL,1,100,-7433.799805
1752787824.635790,125599.000,18394,2,EL,1,100,-7444.799805
1752787824.702790,125666.000,18394,2,EL,1,100,-7449.200195
1752787824.768791,125732.000,18410,1,EL,1,100,-7458.799805
1752787824.835291,125798.500,18430,2,EL,1,100,-7468.799805
1752787824.901792,125865.000,18430,2,EL,1,100,-7475.600098
1752787824.968793,125932.000,18446,1,EL,1,100,-7486.000000
1752787825.035293,125998.500,18463,2,EL,1,100,-7493.799805
1752787825.101794,126065.000,18463,2,EL,1,100,-7504.399902
1752787825.168794,126132.000,18481,2,EL,1,100,-7515.000000
1752787825.235795,126199.000,18481,2,EL,1,100,-7522.600098
1752787825.301795,126265.000,18499,1,EL,1,100,-7534.799805
1752787825.368796,126332.000,18513,2,EL,1,100,-7548.399902
1752787825.435796,126399.000,18513,2,EL,1,100,-7555.799805
1752787825.502797,126466.000,18534,1,EL,1,100,-7560.000000
1752787825.569298,126532.500,18551,2,EL,1,100,-7566.200195
1752787825.635798,126599.000,18551,2,EL,1,100,-7578.200195
1752787825.701799,126665.000,18568,1,EL,1,100,-7586.200195
1752787825.768799,126732.000,18582,2,EL,1,100,-7594.399902
1752787825.835800,126799.000,18582,2,EL,1,100,-7604.200195
1752787825.901800,126865.000,18599,1,EL,1,100,-7615.799805
1752787825.968801,126932.000,18618,2,EL,1,100,-7626.399902
1752787826.035801,126999.000,18618,2,EL,1,100,-7634.000000
1752787826.101802,127065.000,18639,1,EL,1,100,-7640.399902
1752787826.168802,127132.000,18653,2,EL,1,100,-7652.000000
1752787826.235803,127199.000,18653,2,EL,1,100,-7661.399902
1752787826.301804,127265.000,18673,1,EL,1,100,-7668.799805
1752787826.368804,127332.000,18689,2,EL,1,100,-7677.200195
1752787826.435805,127399.000,18689,2,EL,1,100,-7686.200195
1752787826.501805,127465.000,18706,1,EL,1,100,-7698.200195
1752787826.568806,127532.000,18721,2,EL,1,100,-7705.399902
1752787826.635806,127599.000,18721,2,EL,1,100,-7712.799805
1752787826.701807,127665.000,18738,1,EL,1,100,-7723.200195
1752787826.768807,127732.000,18756,2,EL,1,100,-7734.399902
1752787826.835808,127799.000,18756,2,EL,1,100,-7742.600098
1752787826.901809,127865.000,18775,1,EL,1,100,-7750.799805
1752787826.968809,127932.000,18790,2,EL,1,100,-7761.200195
1752787827.035810,127999.000,18790,2,EL,1,100,-7767.600098
1752787827.101810,128065.000,18807,1,EL,1,100,-7778.799805
1752787827.168811,128132.000,18823,2,EL,1,100,-7783.200195
1752787827.235811,128199.000,18823,2,EL,1,100,-7799.000000
1752787827.301812,128265.000,18846,1,EL,1,100,-7806.399902
1752787827.368812,128332.000,18865,2,EL,1,100,-7806.200195
1752787827.435813,128399.000,18865,2,EL,1,100,-7815.399902
1752787827.502313,128465.500,18883,2,EL,1,100,-7831.600098
1752787827.568814,128532.000,18883,2,EL,1,100,-7835.399902
1752787827.635815,128599.000,18900,1,EL,1,100,-7844.200195
1752787827.702315,128665.500,18917,2,EL,1,100,-7853.600098
1752787827.768816,128732.000,18917,2,EL,1,100,-7863.000000
1752787827.835816,128799.000,18935,1,EL,1,100,-7870.200195
1752787827.902317,128865.500,18951,2,EL,1,100,-7878.000000
1752787827.968817,128932.000,18951,2,EL,1,100,-7893.000000
1752787828.035818,128999.000,18969,1,EL,1,100,-7898.000000
1752787828.102318,129065.500,18988,2,EL,1,100,-7904.200195
1752787828.168819,129132.000,18988,2,EL,1,100,-7908.200195
1752787828.234820,129198.000,19004,1,EL,1,100,-7916.399902
1752787828.301820,129265.000,19022,2,EL,1,100,-7927.799805
1752787828.368821,129332.000,19022,2,EL,1,100,-7934.799805
1752787828.435821,129399.000,19038,1,EL,1,100,-7948.399902
1752787828.502322,129465.500,19055,2,EL,1,100,-7959.200195
1752787828.568822,129532.000,19055,2,EL,1,100,-7968.799805
1752787828.635823,129599.000,19074,1,EL,1,100,-7975.399902
1752787828.702323,129665.500,19091,2,EL,1,100,-7982.399902
1752787828.768824,129732.000,19091,2,EL,1,100,-7988.600098
1752787828.835824,129799.000,19107,1,EL,1,100,-7997.200195
1752787828.902325,129865.500,19125,2,EL,1,100,-8006.000000
1752787828.968826,129932.000,19125,2,EL,1,100,-8014.799805
1752787829.035826,129999.000,19141,1,EL,1,100,-8025.200195
1752787829.102327,130065.500,19157,2,EL,1,100,-8035.399902
1752787829.168827,130132.000,19157,2,EL,1,100,-8042.799805
1752787829.235828,130199.000,19172,1,EL,1,100,-8052.600098
1752787829.302328,130265.500,19194,2,EL,1,100,-8062.799805
1752787829.368829,130332.000,19194,2,EL,1,100,-8067.399902
1752787829.435329,130398.500,19210,2,EL,1,100,-8073.200195
1752787829.501830,130465.000,19210,2,EL,1,100,-8083.799805
1752787829.568831,130532.000,19227,1,EL,1,100,-8090.399902
1752787829.635331,130598.500,19242,2,EL,1,100,-8097.000000
1752787829.701832,130665.000,19242,2,EL,1,100,-8110.600098
1752787829.768832,130732.000,19259,1,EL,1,100,-8119.200195
1752787829.835333,130798.500,19279,2,EL,1,100,-8126.000000
1752787829.901833,130865.000,19279,2,EL,1,100,-8132.200195
1752787829.968834,130932.000,19297,1,EL,1,100,-8140.200195
1752787830.035334,130998.500,19311,2,EL,1,100,-8147.799805
1752787830.101835,131065.000,19311,2,EL,1,100,-8152.600098
1752787830.168835,131132.000,19328,1,EL,1,100,-8163.000000
1752787830.235336,131198.500,19347,2,EL,1,100,-8171.200195
1752787830.301837,131265.000,19347,2,EL,1,100,-8176.000000
1752787830.368837,131332.000,19364,1,EL,1,100,-8188.200195
1752787830.435338,131398.500,19378,2,EL,1,100,-8198.000000
1752787830.501838,131465.000,19378,2,EL,1,100,-8205.400391
1752787830.568839,131532.000,19397,1,EL,1,100,-8215.599609
1752787830.635339,131598.500,19416,2,EL,1,100,-8220.599609
1752787830.701840,131665.000,19416,2,EL,1,100,-8228.599609
1752787830.768840,131732.000,19433,1,EL,1,100,-8241.599609
1752787830.835341,131798.500,19449,2,EL,1,100,-8249.599609
1752787830.901841,131865.000,19449,2,EL,1,100,-8254.799805
1752787830.968842,131932.000,19467,1,EL,1,100,-8261.200195
1752787831.035343,131998.500,19487,2,EL,1,100,-8269.200195
1752787831.101843,132065.000,19487,2,EL,1,100,-8274.799805
1752787831.168844,132132.000,19504,1,EL,1,100,-8283.200195
1752787831.235344,132198.500,19519,2,EL,1,100,-8290.200195
1752787831.301845,132265.000,19519,2,EL,1,100,-8296.400391
1752787831.368845,132332.000,19536,1,EL,1,100,-8310.599609
1752787831.435346,132398.500,19554,2,EL,1,100,-8320.000000
1752787831.501846,132465.000,19554,2,EL,1,100,-8324.599609
1752787831.568347,132531.500,19572,2,EL,1,100,-8332.200195
1752787831.634848,132598.000,19572,2,EL,1,100,-8340.799805
1752787831.701848,132665.000,19588,1,EL,1,100,-8349.599609
1752787831.768349,132731.500,19607,2,EL,1,100,-8356.400391
1752787831.834849,132798.000,19607,2,EL,1,100,-8367.599609
1752787831.901850,132865.000,19623,1,EL,1,100,-8372.599609
1752787831.968350,132931.500,19641,2,EL,1,100,-8383.599609
1752787832.034851,132998.000,19641,2,EL,1,100,-8390.599609
1752787832.101851,133065.000,19657,1,EL,1,100,-8399.799805
1752787832.168352,133131.500,19674,2,EL,1,100,-8406.599609
1752787832.234852,133198.000,19674,2,EL,1,100,-8418.400391
1752787832.301853,133265.000,19691,1,EL,1,100,-8428.200195
1752787832.368354,133331.500,19717,2,EL,1,100,-8435.000000
1752787832.434854,133398.000,19717,2,EL,1,100,-8440.200195
1752787832.501855,133465.000,19733,1,EL,1,100,-8444.599609
1752787832.568355,133531.500,19749,2,EL,1,100,-8454.599609
1752787832.634856,133598.000,19749,2,EL,1,100,-8458.799805
1752787832.701856,133665.000,19765,1,EL,1,100,-8469.200195
1752787832.768357,133731.500,19782,2,EL,1,100,-8475.400391
1752787832.834857,133798.000,19782,2,EL,1,100,-8484.000000
1752787832.901858,133865.000,19798,1,EL,1,100,-8493.000000
1752787832.968359,133931.500,19818,2,EL,1,100,-8501.599609
1752787833.034859,133998.000,19818,2,EL,1,100,-8505.799805
1752787833.101860,134065.000,19834,1,EL,1,100,-8515.200195
1752787833.168360,134131.500,19851,2,EL,1,100,-8523.000000
1752787833.234861,134198.000,19851,2,EL,1,100,-8531.000000
1752787833.301861,134265.000,19868,1,EL,1,100,-8540.400391
1752787833.368362,134331.500,19885,2,EL,1,100,-8541.799805
1752787833.434862,134398.000,19885,2,EL,1,100,-8551.000000
1752787833.501863,134465.000,19901,1,EL,1,100,-8562.000000
1752787833.568363,134531.500,19923,2,EL,1,100,-8568.200195
1752787833.634864,134598.000,19923,2,EL,1,100,-8571.200195
1752787833.701865,134665.000,19939,1,EL,1,100,-8580.000000
1752787833.768365,134731.500,19955,2,EL,1,100,-8587.799805
1752787833.834866,134798.000,19955,2,EL,1,100,-8594.400391
1752787833.901866,134865.000,19970,1,EL,1,100,-8603.599609
1752787833.968367,134931.500,19988,2,EL,1,100,-8612.599609
1752787834.034867,134998.000,19988,2,EL,1,100,-8621.000000
1752787834.101368,135064.500,20006,2,EL,1,100,-8629.000000
1752787834.167868,135131.000,20006,2,EL,1,100,-8631.599609
1752787834.234869,135198.000,20023,1,EL,1,100,-8637.000000
1752787834.301370,135264.500,20042,2,EL,1,100,-8651.000000
1752787834.367870,135331.000,20042,2,EL,1,100,-8652.599609
1752787834.434871,135398.000,20059,1,EL,1,100,-8663.400391
1752787834.501371,135464.500,20075,2,EL,1,100,-8676.000000
1752787834.567872,135531.000,20075,2,EL,1,100,-8683.599609
1752787834.634872,135598.000,20093,1,EL,1,100,-8691.200195
1752787834.701373,135664.500,20109,2,EL,1,100,-8699.400391
1752787834.767873,135731.000,20109,2,EL,1,100,-8703.400391
1752787834.834874,135798.000,20126,1,EL,1,100,-8710.400391
1752787834.901374,135864.500,20145,2,EL,1,100,-8714.200195
1752787834.967875,135931.000,20145,2,EL,1,100,-8719.799805
1752787835.034876,135998.000,20162,1,EL,1,100,-8726.599609
1752787835.101376,136064.500,20176,2,EL,1,100,-8735.000000
1752787835.167877,136131.000,20176,2,EL,1,100,-8739.599609
1752787835.234877,136198.000,20193,1,EL,1,100,-8750.200195
1752787835.301378,136264.500,20212,2,EL,1,100,-8758.799805
1752787835.367878,136331.000,20212,2,EL,1,100,-8762.799805
1752787835.434879,136398.000,20229,1,EL,1,100,-8771.400391
1752787835.501379,136464.500,20243,2,EL,1,100,-8784.200195
1752787835.567880,136531.000,20243,2,EL,1,100,-8788.599609
1752787835.634881,136598.000,20265,1,EL,1,100,-8792.599609
1752787835.701381,136664.500,20281,2,EL,1,100,-8803.400391
1752787835.767882,136731.000,20281,2,EL,1,100,-8813.000000
1752787835.834882,136798.000,20298,1,EL,1,100,-8820.000000
1752787835.901383,136864.500,20316,2,EL,1,100,-8825.400391
1752787835.967883,136931.000,20316,2,EL,1,100,-8831.000000
1752787836.034884,136998.000,20334,1,EL,1,100,-8838.000000
1752787836.101384,137064.500,20352,2,EL,1,100,-8840.200195
1752787836.167885,137131.000,20352,2,EL,1,100,-8852.000000
1752787836.234885,137198.000,20371,1,EL,1,100,-8856.000000
1752787836.301386,137264.500,20387,2,EL,1,100,-8859.400391
1752787836.367887,137331.000,20387,2,EL,1,100,-8867.000000
1752787836.434387,137397.500,20403,2,EL,1,100,-8879.000000
1752787836.500888,137464.000,20403,2,EL,1,100,-8883.200195
1752787836.567888,137531.000,20419,1,EL,1,100,-8890.000000
1752787836.634389,137597.500,20437,2,EL,1,100,-8897.799805
1752787836.700889,137664.000,20437,2,EL,1,100,-8904.799805
1752787836.767890,137731.000,20455,1,EL,1,100,-8912.799805
1752787836.834390,137797.500,20472,2,EL,1,100,-8919.400391
1752787836.900891,137864.000,20472,2,EL,1,100,-8924.000000
1752787836.967892,137931.000,20489,1,EL,1,100,-8930.799805
1752787837.034392,137997.500,20506,2,EL,1,100,-8932.200195
1752787837.100893,138064.000,20506,2,EL,1,100,-8942.200195
1752787837.167893,138131.000,20522,1,EL,1,100,-8956.200195
1752787837.234394,138197.500,20540,2,EL,1,100,-8963.400391
1752787837.300894,138264.000,20540,2,EL,1,100,-8967.400391
1752787837.367895,138331.000,20556,1,EL,1,100,-8974.599609
1752787837.434395,138397.500,20575,2,EL,1,100,-8977.200195
1752787837.500896,138464.000,20575,2,EL,1,100,-8983.599609
1752787837.567896,138531.000,20596,1,EL,1,100,-8988.599609
1752787837.634397,138597.500,20612,2,EL,1,100,-8995.799805
1752787837.700898,138664.000,20612,2,EL,1,100,-9004.599609
1752787837.767898,138731.000,20628,1,EL,1,100,-9015.599609
1752787837.834399,138797.500,20645,2,EL,1,100,-9025.400391
1752787837.900899,138864.000,20645,2,EL,1,100,-9029.200195
1752787837.967900,138931.000,20664,1,EL,1,100,-9035.000000
1752787838.034400,138997.500,20681,2,EL,1,100,-9037.000000
1752787838.100901,139064.000,20681,2,EL,1,100,-9045.599609
1752787838.167901,139131.000,20697,1,EL,1,100,-9053.000000
1752787838.234402,139197.500,20715,2,EL,1,100,-9057.599609
1752787838.300902,139264.000,20715,2,EL,1,100,-9062.400391
1752787838.367903,139331.000,20731,1,EL,1,100,-9067.400391
1752787838.434404,139397.500,20747,2,EL,1,100,-9081.599609
1752787838.500904,139464.000,20747,2,EL,1,100,-9087.400391
1752787838.567905,139531.000,20762,1,EL,1,100,-9096.000000
1752787838.634405,139597.500,20782,2,EL,1,100,-9103.000000
1752787838.700906,139664.000,20782,2,EL,1,100,-9108.599609
1752787838.767406,139730.500,20798,2,EL,1,100,-9116.200195
1752787838.833907,139797.000,20798,2,EL,1,100,-9123.200195
1752787838.900907,139864.000,20817,1,EL,1,100,-9125.400391
1752787838.967408,139930.500,20832,2,EL,1,100,-9133.799805
1752787839.033909,139997.000,20832,2,EL,1,100,-9142.200195
1752787839.100909,140064.000,20849,1,EL,1,100,-9151.599609
1752787839.167410,140130.500,20865,2,EL,1,100,-9182.799805
1752787839.233910,140197.000,20865,2,EL,1,100,-9218.599609
1752787839.300911,140264.000,20885,1,EL,1,100,-9179.000000
1752787839.367411,140330.500,20901,2,EL,1,100,-9180.799805
1752787839.433912,140397.000,20901,2,EL,1,100,-9186.200195
1752787839.500912,140464.000,20918,1,EL,1,100,-9186.000000
1752787839.567413,140530.500,20935,2,EL,1,100,-9194.400391
1752787839.633913,140597.000,20935,2,EL,1,100,-9200.799805
1752787839.700914,140664.000,20952,1,EL,1,100,-9207.200195
1752787839.767415,140730.500,20966,2,EL,1,100,-9215.400391
1752787839.833915,140797.000,20966,2,EL,1,100,-9214.599609
1752787839.900916,140864.000,20985,1,EL,1,100,-9215.799805
1752787839.967416,140930.500,21002,2,EL,1,100,-9224.000000
1752787840.033917,140997.000,21002,2,EL,1,100,-9226.400391
1752787840.100917,141064.000,21019,1,EL,1,100,-9229.200195
1752787840.167418,141130.500,21033,2,EL,1,100,-9246.799805
1752787840.233918,141197.000,21033,2,EL,1,100,-9256.200195
1752787840.300919,141264.000,21051,1,EL,1,100,-9261.400391
1752787840.367420,141330.500,21069,2,EL,1,100,-9254.599609
1752787840.433920,141397.000,21069,2,EL,1,100,-9265.400391
1752787840.500921,141464.000,21086,1,EL,1,100,-9280.000000
1752787840.567421,141530.500,21104,2,EL,1,100,-9292.400391
1752787840.633922,141597.000,21104,2,EL,1,100,-9296.400391
1752787840.700922,141664.000,21120,1,EL,1,100,-9302.400391
1752787840.767423,141730.500,21138,2,EL,1,100,-9308.200195
1752787840.833923,141797.000,21138,2,EL,1,100,-9311.799805
1752787840.900924,141864.000,21155,1,EL,1,100,-9317.799805
1752787840.967424,141930.500,21173,2,EL,1,100,-9328.200195
1752787841.033925,141997.000,21173,2,EL,1,100,-9334.400391
1752787841.100926,142064.000,21193,2,EL,1,100,-9339.400391
1752787841.167926,142131.000,21193,2,EL,1,100,-9344.200195
1752787841.233927,142197.000,21209,1,EL,1,100,-9350.599609
1752787841.300927,142264.000,21227,2,EL,1,100,-9356.599609
1752787841.367928,142331.000,21227,2,EL,1,100,-9367.599609
1752787841.433928,142397.000,21243,1,EL,1,100,-9372.799805
1752787841.500929,142464.000,21260,2,EL,1,100,-9378.599609
1752787841.567929,142531.000,21260,2,EL,1,100,-9381.599609
1752787841.633930,142597.000,21277,1,EL,1,100,-9389.000000
1752787841.700431,142663.500,21298,2,EL,1,100,-9398.799805
1752787841.766931,142730.000,21298,2,EL,1,100,-9399.400391
1752787841.833932,142797.000,21314,1,EL,1,100,-9405.200195
1752787841.900432,142863.500,21332,2,EL,1,100,-9413.799805
1752787841.966933,142930.000,21332,2,EL,1,100,-9418.599609
1752787842.033933,142997.000,21348,1,EL,1,100,-9424.200195
1752787842.100434,143063.500,21365,2,EL,1,100,-9428.599609
1752787842.166934,143130.000,21365,2,EL,1,100,-9434.599609
1752787842.233935,143197.000,21381,1,EL,1,100,-9445.200195
1752787842.300435,143263.500,21401,2,EL,1,100,-9452.599609
1752787842.366936,143330.000,21401,2,EL,1,100,-9449.799805
1752787842.433937,143397.000,21417,1,EL,1,100,-9456.799805
1752787842.500437,143463.500,21436,2,EL,1,100,-9465.799805
1752787842.566938,143530.000,21436,2,EL,1,100,-9470.000000
1752787842.633938,143597.000,21458,1,EL,1,100,-9477.599609
1752787842.700439,143663.500,21475,2,EL,1,100,-9485.599609
1752787842.766939,143730.000,21475,2,EL,1,100,-9487.200195
1752787842.833940,143797.000,21491,1,EL,1,100,-9492.400391
1752787842.900440,143863.500,21511,2,EL,1,100,-9494.799805
1752787842.966941,143930.000,21511,2,EL,1,100,-9504.599609
1752787843.033942,143997.000,21527,1,EL,1,100,-9511.599609
1752787843.100442,144063.500,21545,2,EL,1,100,-9518.000000
1752787843.166943,144130.000,21545,2,EL,1,100,-9521.000000
1752787843.233943,144197.000,21561,2,EL,1,100,-9523.200195
1752787843.300944,144264.000,21561,2,EL,1,100,-9530.799805
1752787843.366944,144330.000,21578,1,EL,1,100,-9543.400391
1752787843.433945,144397.000,21596,2,EL,1,100,-9552.400391
1752787843.500945,144464.000,21596,2,EL,1,100,-9553.000000
1752787843.566946,144530.000,21615,1,EL,1,100,-9554.000000
1752787843.633946,144597.000,21630,2,EL,1,100,-9561.200195
1752787843.700947,144664.000,21630,2,EL,1,100,-9564.799805
1752787843.766948,144730.000,21647,1,EL,1,100,-9573.200195
1752787843.833948,144797.000,21665,2,EL,1,100,-9582.000000
1752787843.900949,144864.000,21665,2,EL,1,100,-9584.400391
1752787843.966949,144930.000,21683,1,EL,1,100,-9592.000000
1752787844.033950,144997.000,21699,2,EL,1,100,-9602.200195
1752787844.100950,145064.000,21699,2,EL,1,100,-9604.200195
1752787844.166951,145130.000,21718,1,EL,1,100,-9608.599609
1752787844.233951,145197.000,21735,2,EL,1,100,-9615.200195
1752787844.300952,145264.000,21735,2,EL,1,100,-9624.000000
1752787844.366952,145330.000,21752,1,EL,1,100,-9628.000000
1752787844.433953,145397.000,21766,2,EL,1,100,-9635.200195
1752787844.500954,145464.000,21766,2,EL,1,100,-9638.200195
1752787844.566954,145530.000,21783,1,EL,1,100,-9643.000000
1752787844.633955,145597.000,21800,2,EL,1,100,-9649.000000
1752787844.700955,145664.000,21800,2,EL,1,100,-9657.599609
1752787844.766956,145730.000,21819,1,EL,1,100,-9667.799805
1752787844.833456,145796.500,21836,2,EL,1,100,-9667.799805
1752787844.899957,145863.000,21836,2,EL,1,100,-9670.799805
1752787844.966957,145930.000,21853,1,EL,1,100,-9680.400391
1752787845.033458,145996.500,21869,2,EL,1,100,-9686.599609
1752787845.099959,146063.000,21869,2,EL,1,100,-9691.599609
1752787845.166959,146130.000,21888,1,EL,1,100,-9695.200195
1752787845.233460,146196.500,21904,2,EL,1,100,-9703.400391
1752787845.299960,146263.000,21904,2,EL,1,100,-9710.200195
1752787845.366961,146330.000,21924,2,EL,1,100,-9714.400391
1752787845.433961,146397.000,21924,2,EL,1,100,-9718.400391
1752787845.499962,146463.000,21940,1,EL,1,100,-9724.200195
1752787845.566962,146530.000,21958,2,EL,1,100,-9732.200195
1752787845.633963,146597.000,21958,2,EL,1,100,-9740.200195
1752787845.699963,146663.000,21974,1,EL,1,100,-9746.799805
1752787845.766964,146730.000,21991,2,EL,1,100,-9750.799805
1752787845.833965,146797.000,21991,2,EL,1,100,-9751.599609
1752787845.899965,146863.000,22007,1,EL,1,100,-9758.000000
1752787845.966966,146930.000,22029,2,EL,1,100,-9764.400391
1752787846.033966,146997.000,22029,2,EL,1,100,-9772.799805
1752787846.099967,147063.000,22045,1,EL,1,100,-9778.799805
1752787846.166967,147130.000,22062,2,EL,1,100,-9783.799805
1752787846.233968,147197.000,22062,2,EL,1,100,-9786.200195
1752787846.299968,147263.000,22079,1,EL,1,100,-9794.000000
1752787846.366969,147330.000,22096,2,EL,1,100,-9796.200195
1752787846.433970,147397.000,22096,2,EL,1,100,-9803.599609
1752787846.499970,147463.000,22112,1,EL,1,100,-9810.599609
1752787846.566971,147530.000,22132,2,EL,1,100,-9818.200195
1752787846.633971,147597.000,22132,2,EL,1,100,-9821.599609
1752787846.699972,147663.000,22148,1,EL,1,100,-9827.000000
1752787846.766972,147730.000,22165,2,EL,1,100,-9829.000000
1752787846.833973,147797.000,22165,2,EL,1,100,-9838.000000
1752787846.899973,147863.000,22181,1,EL,1,100,-9848.799805
1752787846.966974,147930.000,22197,2,EL,1,100,-9854.000000
1752787847.033974,147997.000,22197,2,EL,1,100,-9860.599609
1752787847.099975,148063.000,22213,1,EL,1,100,-9867.400391
1752787847.166976,148130.000,22234,2,EL,1,100,-9867.599609
1752787847.233976,148197.000,22234,2,EL,1,100,-9874.799805
1752787847.299977,148263.000,22251,1,EL,1,100,-9878.799805
1752787847.366977,148330.000,22267,2,EL,1,100,-9879.599609
1752787847.433978,148397.000,22267,2,EL,1,100,-9892.799805
1752787847.499978,148463.000,22282,1,EL,1,100,-9899.599609
1752787847.566979,148530.000,22300,2,EL,1,100,-9904.400391
1752787847.633979,148597.000,22300,2,EL,1,100,-9910.400391
1752787847.700480,148663.500,22318,2,EL,1,100,-9911.599609
1752787847.766981,148730.000,22318,2,EL,1,100,-9923.799805
1752787847.833981,148797.000,22342,1,EL,1,100,-9927.200195
1752787847.900482,148863.500,22359,2,EL,1,100,-9928.200195
1752787847.966982,148930.000,22359,2,EL,1,100,-9923.599609
1752787848.033983,148997.000,22376,1,EL,1,100,-9931.799805
1752787848.100483,149063.500,22392,2,EL,1,100,-9944.599609
1752787848.166984,149130.000,22392,2,EL,1,100,-9954.000000
1752787848.233984,149197.000,22409,1,EL,1,100,-9959.799805
1752787848.300485,149263.500,22424,2,EL,1,100,-9968.000000
1752787848.366985,149330.000,22424,2,EL,1,100,-9973.000000
1752787848.433986,149397.000,22445,1,EL,1,100,-9974.599609
1752787848.500487,149463.500,22461,2,EL,1,100,-9977.400391
1752787848.566987,149530.000,22461,2,EL,1,100,-9977.799805
1752787848.632988,149596.000,22479,1,EL,1,100,-9984.000000
1752787848.699988,149663.000,22493,2,EL,1,100,-9991.599609
1752787848.766989,149730.000,22493,2,EL,1,100,-9999.400391
1752787848.832989,149796.000,22510,1,EL,1,100,-10007.000000
1752787848.899990,149863.000,22527,2,EL,1,100,-10010.599609
1752787848.966990,149930.000,22527,2,EL,1,100,-10018.400391
1752787849.032991,149996.000,22548,1,EL,1,100,-10021.400391
1752787849.099992,150063.000,22562,2,EL,1,100,-10023.400391
1752787849.166992,150130.000,22562,2,EL,1,100,-10024.599609
1752787849.232993,150196.000,22579,1,EL,1,100,-10030.400391
1752787849.299993,150263.000,22596,2,EL,1,100,-10040.000000
1752787849.366994,150330.000,22596,2,EL,1,100,-10044.200195
1752787849.433994,150397.000,22613,1,EL,1,100,-10049.400391
1752787849.500495,150463.500,22629,2,EL,1,100,-10054.400391
1752787849.566995,150530.000,22629,2,EL,1,100,-10057.599609
1752787849.632996,150596.000,22649,1,EL,1,100,-10064.599609
1752787849.699996,150663.000,22665,2,EL,1,100,-10071.200195
1752787849.766997,150730.000,22665,2,EL,1,100,-10075.200195
1752787849.832998,150796.000,22684,1,EL,1,100,-10079.200195
1752787849.899998,150863.000,22700,2,EL,1,100,-10080.799805
1752787849.966999,150930.000,22700,2,EL,1,100,-10087.000000
1752787850.033499,150996.500,22716,2,EL,1,100,-10093.799805
1752787850.100000,151063.000,22716,2,EL,1,100,-10102.400391
1752787850.167000,151130.000,22732,1,EL,1,100,-10106.000000
1752787850.233501,151196.500,22752,2,EL,1,100,-10112.000000
1752787850.300001,151263.000,22752,2,EL,1,100,-10117.200195
1752787850.367002,151330.000,22770,1,EL,1,100,-10121.200195
1752787850.433503,151396.500,22785,2,EL,1,100,-10124.599609
1752787850.500003,151463.000,22785,2,EL,1,100,-10130.200195
1752787850.567004,151530.000,22801,1,EL,1,100,-10136.400391
1752787850.633504,151596.500,22819,2,EL,1,100,-10144.599609
1752787850.700005,151663.000,22819,2,EL,1,100,-10151.400391
1752787850.767005,151730.000,22835,1,EL,1,100,-10154.799805
1752787850.833506,151796.500,22852,2,EL,1,100,-10160.200195
1752787850.900006,151863.000,22852,2,EL,1,100,-10165.599609
1752787850.967007,151930.000,22869,1,EL,1,100,-10170.799805
1752787851.033507,151996.500,22890,2,EL,1,100,-10175.000000
1752787851.100008,152063.000,22890,2,EL,1,100,-10181.400391
1752787851.167009,152130.000,22906,1,EL,1,100,-10186.200195
1752787851.233509,152196.500,22922,2,EL,1,100,-10190.200195
1752787851.300010,152263.000,22922,2,EL,1,100,-10193.200195
1752787851.367010,152330.000,22938,1,EL,1,100,-10199.599609
1752787851.433511,152396.500,22959,2,EL,1,100,-10205.400391
1752787851.500011,152463.000,22959,2,EL,1,100,-10205.599609
1752787851.567012,152530.000,22975,1,EL,1,100,-10210.799805
1752787851.633512,152596.500,22991,2,EL,1,100,-10215.000000
1752787851.700013,152663.000,22991,2,EL,1,100,-10220.799805
1752787851.767014,152730.000,23007,1,EL,1,100,-10228.200195
1752787851.833514,152796.500,23024,2,EL,1,100,-10236.400391
1752787851.900015,152863.000,23024,2,EL,1,100,-10240.400391
1752787851.967015,152930.000,23043,1,EL,1,100,-10243.000000
1752787852.033516,152996.500,23061,2,EL,1,100,-10245.400391
1752787852.100016,153063.000,23061,2,EL,1,100,-10251.599609
1752787852.166017,153129.000,23076,1,EL,1,100,-10257.799805
1752787852.233017,153196.000,23094,2,EL,1,100,-10261.799805
1752787852.300018,153263.000,23094,2,EL,1,100,-10265.599609
1752787852.366518,153329.500,23112,2,EL,1,100,-10273.000000
1752787852.433019,153396.000,23112,2,EL,1,100,-10273.200195
1752787852.500020,153463.000,23129,1,EL,1,100,-10279.000000
1752787852.566520,153529.500,23144,2,EL,1,100,-10285.000000
1752787852.633021,153596.000,23144,2,EL,1,100,-10293.799805
1752787852.700021,153663.000,23163,1,EL,1,100,-10299.200195
1752787852.766522,153729.500,23181,2,EL,1,100,-10302.599609
1752787852.833022,153796.000,23181,2,EL,1,100,-10304.799805
1752787852.900023,153863.000,23203,1,EL,1,100,-10309.799805
1752787852.966523,153929.500,23218,2,EL,1,100,-10319.400391
1752787853.033024,153996.000,23218,2,EL,1,100,-10327.000000
1752787853.100024,154063.000,23235,1,EL,1,100,-10333.400391
1752787853.166525,154129.500,23253,2,EL,1,100,-10329.400391
1752787853.233026,154196.000,23253,2,EL,1,100,-10336.400391
1752787853.300026,154263.000,23273,1,EL,1,100,-10343.799805
1752787853.366527,154329.500,23287,2,EL,1,100,-10351.200195
1752787853.433027,154396.000,23287,2,EL,1,100,-10355.200195
1752787853.500028,154463.000,23306,1,EL,1,100,-10358.799805
1752787853.566528,154529.500,23323,2,EL,1,100,-10364.000000
1752787853.633029,154596.000,23323,2,EL,1,100,-10370.400391
1752787853.700029,154663.000,23340,1,EL,1,100,-10378.799805
1752787853.766530,154729.500,23356,2,EL,1,100,-10381.000000
1752787853.833031,154796.000,23356,2,EL,1,100,-10387.000000
1752787853.900031,154863.000,23373,1,EL,1,100,-10393.799805
1752787853.966532,154929.500,23392,2,EL,1,100,-10399.400391
1752787854.033032,154996.000,23392,2,EL,1,100,-10404.599609
1752787854.100033,155063.000,23411,1,EL,1,100,-10408.400391
1752787854.166533,155129.500,23426,2,EL,1,100,-10412.000000
1752787854.233034,155196.000,23426,2,EL,1,100,-10414.799805
1752787854.300034,155263.000,23443,1,EL,1,100,-10419.599609
1752787854.366535,155329.500,23459,2,EL,1,100,-10422.799805
1752787854.433035,155396.000,23459,2,EL,1,100,-10428.599609
1752787854.499536,155462.500,23480,2,EL,1,100,-10435.400391
1752787854.566037,155529.000,23480,2,EL,1,100,-10439.000000
1752787854.633037,155596.000,23497,1,EL,1,100,-10444.599609
1752787854.699538,155662.500,23514,2,EL,1,100,-10451.000000
1752787854.766038,155729.000,23514,2,EL,1,100,-10454.599609
1752787854.833039,155796.000,23530,1,EL,1,100,-10460.799805
1752787854.899539,155862.500,23550,2,EL,1,100,-10468.200195
1752787854.966040,155929.000,23550,2,EL,1,100,-10470.200195
1752787855.033040,155996.000,23566,1,EL,1,100,-10477.200195
1752787855.099541,156062.500,23585,2,EL,1,100,-10487.200195
1752787855.166042,156129.000,23585,2,EL,1,100,-10485.400391
1752787855.233042,156196.000,23601,1,EL,1,100,-10488.599609
1752787855.299543,156262.500,23619,2,EL,1,100,-10494.400391
1752787855.366043,156329.000,23619,2,EL,1,100,-10499.599609
1752787855.433044,156396.000,23635,1,EL,1,100,-10505.400391
1752787855.499544,156462.500,23650,2,EL,1,100,-10512.799805
1752787855.566045,156529.000,23650,2,EL,1,100,-10517.200195
1752787855.633045,156596.000,23669,1,EL,1,100,-10519.799805
1752787855.699546,156662.500,23686,2,EL,1,100,-10522.599609
1752787855.766046,156729.000,23686,2,EL,1,100,-10530.200195
1752787855.833047,156796.000,23704,1,EL,1,100,-10534.799805
1752787855.899548,156862.500,23720,2,EL,1,100,-10540.000000
1752787855.966048,156929.000,23720,2,EL,1,100,-10544.599609
1752787856.033049,156996.000,23738,1,EL,1,100,-10549.599609
1752787856.099549,157062.500,23757,2,EL,1,100,-10552.599609
1752787856.166050,157129.000,23757,2,EL,1,100,-10558.599609
1752787856.233050,157196.000,23773,1,EL,1,100,-10563.400391
1752787856.299551,157262.500,23791,2,EL,1,100,-10567.599609
1752787856.366051,157329.000,23791,2,EL,1,100,-10571.400391
1752787856.433052,157396.000,23809,1,EL,1,100,-10575.200195
1752787856.499553,157462.500,23826,2,EL,1,100,-10582.400391
1752787856.566053,157529.000,23826,2,EL,1,100,-10587.400391
1752787856.633054,157596.000,23843,1,EL,1,100,-10592.400391
1752787856.699554,157662.500,23861,2,EL,1,100,-10593.200195
1752787856.766055,157729.000,23861,2,EL,1,100,-10598.400391
1752787856.832555,157795.500,23876,2,EL,1,100,-10604.799805
1752787856.899056,157862.000,23876,2,EL,1,100,-10611.400391
1752787856.966056,157929.000,23894,1,EL,1,100,-10618.799805
1752787857.032557,157995.500,23912,2,EL,1,100,-10622.000000
1752787857.099057,158062.000,23912,2,EL,1,100,-10627.799805
1752787857.166058,158129.000,23929,1,EL,1,100,-10633.599609
1752787857.232559,158195.500,23946,2,EL,1,100,-10636.000000
1752787857.299059,158262.000,23946,2,EL,1,100,-10640.799805
1752787857.366060,158329.000,23963,1,EL,1,100,-10645.000000
1752787857.432560,158395.500,23979,2,EL,1,100,-10649.599609
1752787857.499061,158462.000,23979,2,EL,1,100,-10675.000000
1752787857.566061,158529.000,23996,1,EL,1,100,-10685.200195
1752787857.632562,158595.500,24015,2,EL,1,100,-10696.599609
1752787857.699062,158662.000,24015,2,EL,1,100,-10554.400391
1752787857.766063,158729.000,24032,1,EL,1,100,-10598.599609
1752787857.832564,158795.500,24048,2,EL,1,100,-10667.799805
1752787857.899064,158862.000,24048,2,EL,1,100,-10688.799805
1752787857.966065,158929.000,24066,1,EL,1,100,-10695.599609
1752787858.032565,158995.500,24085,2,EL,1,100,-10703.400391
1752787858.099066,159062.000,24085,2,EL,1,100,-10702.599609
1752787858.166066,159129.000,24104,1,EL,1,100,-10700.400391
1752787858.232567,159195.500,24123,2,EL,1,100,-10701.400391
1752787858.299067,159262.000,24123,2,EL,1,100,-10707.599609
1752787858.366068,159329.000,24140,1,EL,1,100,-10711.400391
1752787858.432568,159395.500,24154,2,EL,1,100,-10702.200195
1752787858.499069,159462.000,24154,2,EL,1,100,-10708.000000
1752787858.566070,159529.000,24171,1,EL,1,100,-10724.599609
1752787858.632570,159595.500,24188,2,EL,1,100,-10733.200195
1752787858.699071,159662.000,24188,2,EL,1,100,-10743.200195
1752787858.766071,159729.000,24205,1,EL,1,100,-10749.799805
1752787858.832572,159795.500,24224,2,EL,1,100,-10749.200195
1752787858.899072,159862.000,24224,2,EL,1,100,-10749.799805
1752787858.966073,159929.000,24241,1,EL,1,100,-10756.599609
1752787859.032573,159995.500,24257,2,EL,1,100,-10755.799805
1752787859.099074,160062.000,24257,2,EL,1,100,-10758.200195
1752787859.165574,160128.500,24274,2,EL,1,100,-10761.400391
1752787859.232075,160195.000,24274,2,EL,1,100,-10772.599609
1752787859.299076,160262.000,24291,1,EL,1,100,-10782.799805
1752787859.365576,160328.500,24308,2,EL,1,100,-10787.400391
1752787859.432077,160395.000,24308,2,EL,1,100,-10787.000000
1752787859.499077,160462.000,24326,1,EL,1,100,-10789.599609
1752787859.565578,160528.500,24344,2,EL,1,100,-10792.200195
1752787859.632078,160595.000,24344,2,EL,1,100,-10793.000000
1752787859.699079,160662.000,24360,1,EL,1,100,-10794.599609
1752787859.765579,160728.500,24375,2,EL,1,100,-10799.400391
1752787859.832080,160795.000,24375,2,EL,1,100,-10806.799805
1752787859.899081,160862.000,24395,3,EL,1,100,-10812.200195
1752787859.966081,160929.000,24395,3,EL,1,100,-10814.000000
1752787860.033082,160996.000,24395,3,EL,1,100,-10826.400391
1752787860.099682,161062.600,24418,10,EL,1,100,-10834.000000
1752787860.166283,161129.200,24418,10,EL,1,100,-10827.000000
1752787860.232883,161195.800,24418,10,EL,1,100,-10832.799805
1752787860.299484,161262.400,24418,10,EL,1,100,-10845.200195
1752787860.366084,161329.000,24418,10,EL,1,100,-10848.000000
1752787860.432685,161395.600,24418,10,EL,1,100,-10853.000000
1752787860.499285,161462.200,24418,10,EL,1,100,-10857.400391
1752787860.565886,161528.800,24418,10,EL,1,100,-10868.799805
1752787860.632487,161595.400,24418,10,EL,1,100,-10879.200195
1752787860.699087,161662.000,24418,10,EL,1,100,-10918.000000
1752787860.765754,161728.667,24447,21,EL,1,100,-10946.799805
1752787860.832422,161795.333,24447,21,EL,1,100,-10948.200195
1752787860.899089,161862.000,24447,21,EL,1,100,-10938.200195
1752787860.965756,161928.667,24447,21,EL,1,100,-10933.400391
1752787861.032423,161995.333,24447,21,EL,1,100,-10888.599609
1752787861.099090,162062.000,24447,21,EL,1,100,-10854.000000
1752787861.165758,162128.667,24447,21,EL,1,100,-10865.599609
1752787861.232425,162195.333,24447,21,EL,1,100,-10878.400391
1752787861.299092,162262.000,24447,21,EL,1,100,-10881.400391
1752787861.365759,162328.667,24447,21,EL,1,100,-10885.000000
1752787861.432427,162395.333,24447,21,EL,1,100,-10897.000000
1752787861.499094,162462.000,24447,21,EL,1,100,-10913.599609
1752787861.565761,162528.667,24447,21,EL,1,100,-10912.799805
1752787861.632428,162595.333,24447,21,EL,1,100,-10918.400391
1752787861.699095,162662.000,24447,21,EL,1,100,-10919.200195
1752787861.765763,162728.667,24447,21,EL,1,100,-10918.200195
1752787861.832430,162795.333,24447,21,EL,1,100,-10928.400391
1752787861.899097,162862.000,24447,21,EL,1,100,-10943.799805
1752787861.965764,162928.667,24447,21,EL,1,100,-10943.799805
1752787862.032431,162995.333,24447,21,EL,1,100,-10946.400391
1752787862.099099,163062.000,24447,21,EL,1,100,-10953.400391
1752787862.165766,163128.667,24477,15,EL,1,100,-10963.599609
1752787862.232433,163195.333,24477,15,EL,1,100,-10962.400391
1752787862.299100,163262.000,24477,15,EL,1,100,-10963.400391
1752787862.365768,163328.667,24477,15,EL,1,100,-10979.799805
1752787862.432435,163395.333,24477,15,EL,1,100,-10989.200195
1752787862.499102,163462.000,24477,15,EL,1,100,-10995.400391
1752787862.565769,163528.667,24477,15,EL,1,100,-11009.000000
1752787862.632436,163595.333,24477,15,EL,1,100,-11025.400391
1752787862.699104,163662.000,24477,15,EL,1,100,-11014.400391
1752787862.765771,163728.667,24477,15,EL,1,100,-10999.599609
1752787862.832438,163795.333,24477,15,EL,1,100,-11002.400391
1752787862.899105,163862.000,24477,15,EL,1,100,-11006.799805
1752787862.965772,163928.667,24477,15,EL,1,100,-11007.799805
1752787863.032440,163995.333,24477,15,EL,1,100,-11008.599609
1752787863.099107,164062.000,24477,15,EL,1,100,-11017.799805
1752787863.165774,164128.667,24502,3,EL,1,100,-11025.000000
1752787863.232441,164195.333,24502,3,EL,1,100,-11028.400391
1752787863.299109,164262.000,24502,3,EL,1,100,-11031.200195
1752787863.365609,164328.500,24518,2,EL,1,100,-11042.799805
1752787863.432110,164395.000,24518,2,EL,1,100,-11044.000000
1752787863.499110,164462.000,24537,1,EL,1,100,-11048.599609
1752787863.565611,164528.500,24556,2,EL,1,100,-11038.599609
1752787863.632111,164595.000,24556,2,EL,1,100,-11009.799805
1752787863.699112,164662.000,24573,1,EL,1,100,-11034.400391
1752787863.765612,164728.500,24587,2,EL,1,100,-11055.799805
1752787863.832113,164795.000,24587,2,EL,1,100,-11059.400391
1752787863.899114,164862.000,24604,1,EL,1,100,-11067.599609
1752787863.965614,164928.500,24621,2,EL,1,100,-11079.799805
1752787864.032115,164995.000,24621,2,EL,1,100,-11097.599609
1752787864.099115,165062.000,24642,1,EL,1,100,-11086.599609
1752787864.165616,165128.500,24656,2,EL,1,100,-11071.000000
1752787864.232116,165195.000,24656,2,EL,1,100,-11080.799805
1752787864.299117,165262.000,24674,1,EL,1,100,-11090.000000
1752787864.365617,165328.500,24690,2,EL,1,100,-11090.000000
1752787864.432118,165395.000,24690,2,EL,1,100,-11087.000000
1752787864.499118,165462.000,24707,1,EL,1,100,-11095.200195
1752787864.565619,165528.500,24724,2,EL,1,100,-11109.799805
1752787864.632120,165595.000,24724,2,EL,1,100,-11113.799805
1752787864.699120,165662.000,24741,1,EL,1,100,-11119.400391
1752787864.765621,165728.500,24759,2,EL,1,100,-11118.400391
1752787864.832121,165795.000,24759,2,EL,1,100,-11121.200195
1752787864.899122,165862.000,24776,1,EL,1,100,-11125.799805
1752787864.965622,165928.500,24792,2,EL,1,100,-11134.000000
1752787865.032123,165995.000,24792,2,EL,1,100,-11134.000000
1752787865.099123,166062.000,24808,1,EL,1,100,-11136.599609
1752787865.165624,166128.500,24824,2,EL,1,100,-11145.200195
1752787865.232125,166195.000,24824,2,EL,1,100,-11150.400391
1752787865.298625,166261.500,24844,2,EL,1,100,-11159.400391
1752787865.365126,166328.000,24844,2,EL,1,100,-11163.799805
1752787865.432126,166395.000,24862,1,EL,1,100,-11153.400391
1752787865.498627,166461.500,24877,2,EL,1,100,-11150.200195
1752787865.565127,166528.000,24877,2,EL,1,100,-11157.000000
1752787865.632128,166595.000,24894,1,EL,1,100,-11162.400391
1752787865.698628,166661.500,24911,2,EL,1,100,-11175.799805
1752787865.765129,166728.000,24911,2,EL,1,100,-11181.799805
1752787865.832129,166795.000,24927,1,EL,1,100,-11192.599609
1752787865.898630,166861.500,24947,2,EL,1,100,-11201.599609
1752787865.965131,166928.000,24947,2,EL,1,100,-11173.000000
1752787866.032131,166995.000,24965,1,EL,1,100,-11176.799805
1752787866.098632,167061.500,24982,2,EL,1,100,-11189.000000
1752787866.165132,167128.000,24982,2,EL,1,100,-11199.799805
1752787866.232133,167195.000,24998,1,EL,1,100,-11209.200195
1752787866.298633,167261.500,25014,2,EL,1,100,-11219.599609
1752787866.365134,167328.000,25014,2,EL,1,100,-11240.400391
1752787866.432134,167395.000,25030,1,EL,1,100,-11234.200195
1752787866.498635,167461.500,25049,2,EL,1,100,-11211.200195
1752787866.565135,167528.000,25049,2,EL,1,100,-11216.000000
1752787866.632136,167595.000,25068,1,EL,1,100,-11231.599609
1752787866.698637,167661.500,25085,2,EL,1,100,-11237.000000
1752787866.765137,167728.000,25085,2,EL,1,100,-11235.200195
1752787866.832138,167795.000,25101,1,EL,1,100,-11231.000000
1752787866.898638,167861.500,25119,2,EL,1,100,-11241.599609
1752787866.965139,167928.000,25119,2,EL,1,100,-11250.400391
1752787867.032139,167995.000,25135,1,EL,1,100,-11258.799805
1752787867.098640,168061.500,25151,2,EL,1,100,-11261.200195
1752787867.165140,168128.000,25151,2,EL,1,100,-11276.400391
1752787867.232141,168195.000,25166,1,EL,1,100,-11282.599609
1752787867.298642,168261.500,25188,2,EL,1,100,-11262.000000
1752787867.365142,168328.000,25188,2,EL,1,100,-11255.200195
1752787867.431643,168394.500,25204,2,EL,1,100,-11258.000000
1752787867.498143,168461.000,25204,2,EL,1,100,-11270.599609
1752787867.565144,168528.000,25221,1,EL,1,100,-11282.599609
1752787867.631644,168594.500,25236,2,EL,1,100,-11292.599609
1752787867.698145,168661.000,25236,2,EL,1,100,-11308.000000
1752787867.765145,168728.000,25253,1,EL,1,100,-11319.200195
1752787867.831646,168794.500,25271,2,EL,1,100,-11306.599609
1752787867.898146,168861.000,25271,2,EL,1,100,-11296.000000
1752787867.965147,168928.000,25291,1,EL,1,100,-11301.000000
1752787868.031648,168994.500,25305,2,EL,1,100,-11304.599609
1752787868.098148,169061.000,25305,2,EL,1,100,-11318.200195
1752787868.165149,169128.000,25322,1,EL,1,100,-11334.000000
1752787868.231649,169194.500,25341,2,EL,1,100,-11313.400391
1752787868.298150,169261.000,25341,2,EL,1,100,-11306.400391
1752787868.365150,169328.000,25358,1,EL,1,100,-11318.200195
1752787868.431651,169394.500,25377,2,EL,1,100,-11332.000000
1752787868.498151,169461.000,25377,2,EL,1,100,-11335.799805
1752787868.565152,169528.000,25396,1,EL,1,100,-11342.799805
1752787868.631653,169594.500,25413,2,EL,1,100,-11354.200195
1752787868.698153,169661.000,25413,2,EL,1,100,-11369.200195
1752787868.765154,169728.000,25430,1,EL,1,100,-11364.000000
1752787868.831654,169794.500,25446,2,EL,1,100,-11357.000000
1752787868.898155,169861.000,25446,2,EL,1,100,-11354.200195
1752787868.965155,169928.000,25464,1,EL,1,100,-11364.200195
1752787869.031656,169994.500,25480,2,EL,1,100,-11366.000000
1752787869.098156,170061.000,25480,2,EL,1,100,-11370.599609
1752787869.165157,170128.000,25497,1,EL,1,100,-11375.400391
1752787869.231657,170194.500,25514,2,EL,1,100,-11384.400391
1752787869.298158,170261.000,25514,2,EL,1,100,-11385.200195
1752787869.365159,170328.000,25533,1,EL,1,100,-11388.799805
1752787869.431659,170394.500,25549,2,EL,1,100,-11389.000000
1752787869.498160,170461.000,25549,2,EL,1,100,-11392.400391
1752787869.565160,170528.000,25566,1,EL,1,100,-11399.400391
1752787869.631661,170594.500,25582,2,EL,1,100,-11400.400391
1752787869.698161,170661.000,25582,2,EL,1,100,-11403.599609
1752787869.765162,170728.000,25598,1,EL,1,100,-11411.000000
1752787869.831662,170794.500,25616,2,EL,1,100,-11419.799805
1752787869.898163,170861.000,25616,2,EL,1,100,-11420.599609
1752787869.964664,170927.500,25636,2,EL,1,100,-11418.599609
1752787870.031164,170994.000,25636,2,EL,1,100,-11423.000000
1752787870.098165,171061.000,25652,1,EL,1,100,-11427.799805
1752787870.164665,171127.500,25667,2,EL,1,100,-11431.799805
1752787870.231166,171194.000,25667,2,EL,1,100,-11438.400391
1752787870.298166,171261.000,25686,1,EL,1,100,-11439.000000
1752787870.364667,171327.500,25703,2,EL,1,100,-11441.599609
1752787870.431167,171394.000,25703,2,EL,1,100,-11447.799805
1752787870.498168,171461.000,25721,1,EL,1,100,-11450.599609
1752787870.564668,171527.500,25739,2,EL,1,100,-11455.599609
1752787870.631169,171594.000,25739,2,EL,1,100,-11452.200195
1752787870.698170,171661.000,25755,1,EL,1,100,-11452.000000
1752787870.764670,171727.500,25772,2,EL,1,100,-11455.400391
1752787870.831171,171794.000,25772,2,EL,1,100,-11462.799805
1752787870.898171,171861.000,25788,1,EL,1,100,-11478.799805
1752787870.964672,171927.500,25808,2,EL,1,100,-11483.799805
1752787871.031172,171994.000,25808,2,EL,1,100,-11480.200195
1752787871.098173,172061.000,25824,1,EL,1,100,-11481.400391
1752787871.164673,172127.500,25843,2,EL,1,100,-11484.000000
1752787871.231174,172194.000,25843,2,EL,1,100,-11485.000000
1752787871.298175,172261.000,25860,1,EL,1,100,-11488.200195
1752787871.364675,172327.500,25875,2,EL,1,100,-11492.599609
1752787871.431176,172394.000,25875,2,EL,1,100,-11502.400391
1752787871.498176,172461.000,25891,1,EL,1,100,-11515.200195
1752787871.564677,172527.500,25911,2,EL,1,100,-11514.799805
1752787871.631177,172594.000,25911,2,EL,1,100,-11511.400391
1752787871.698178,172661.000,25927,1,EL,1,100,-11514.799805
1752787871.764678,172727.500,25945,2,EL,1,100,-11518.599609
1752787871.831179,172794.000,25945,2,EL,1,100,-11514.599609
1752787871.898179,172861.000,25960,1,EL,1,100,-11514.799805
1752787871.964680,172927.500,25978,2,EL,1,100,-11518.599609
1752787872.031181,172994.000,25978,2,EL,1,100,-11532.599609
1752787872.098181,173061.000,25994,1,EL,1,100,-11543.400391
1752787872.164682,173127.500,26012,2,EL,1,100,-11543.200195
1752787872.231182,173194.000,26012,2,EL,1,100,-11534.799805
1752787872.297683,173260.500,26028,2,EL,1,100,-11528.200195
1752787872.364183,173327.000,26028,2,EL,1,100,-11545.599609
1752787872.431184,173394.000,26047,1,EL,1,100,-11551.000000
1752787872.497684,173460.500,26063,2,EL,1,100,-11556.000000
1752787872.564185,173527.000,26063,2,EL,1,100,-11564.400391
1752787872.631185,173594.000,26081,1,EL,1,100,-11575.599609
1752787872.697686,173660.500,26097,2,EL,1,100,-11574.000000
1752787872.764187,173727.000,26097,2,EL,1,100,-11561.400391
1752787872.831187,173794.000,26114,1,EL,1,100,-11570.000000
1752787872.897688,173860.500,26131,2,EL,1,100,-11572.200195
1752787872.964188,173927.000,26131,2,EL,1,100,-11580.799805
1752787873.031189,173994.000,26148,1,EL,1,100,-11608.000000
1752787873.097689,174060.500,26166,2,EL,1,100,-11608.200195
1752787873.164190,174127.000,26166,2,EL,1,100,-11599.799805
1752787873.231190,174194.000,26183,1,EL,1,100,-11599.200195
1752787873.297691,174260.500,26200,2,EL,1,100,-11600.400391
1752787873.364192,174327.000,26200,2,EL,1,100,-11605.400391
1752787873.431192,174394.000,26217,1,EL,1,100,-11611.200195
1752787873.497693,174460.500,26236,2,EL,1,100,-11621.000000
1752787873.564193,174527.000,26236,2,EL,1,100,-11628.799805
1752787873.631194,174594.000,26256,1,EL,1,100,-11596.799805
1752787873.697694,174660.500,26274,2,EL,1,100,-11575.799805
1752787873.764195,174727.000,26274,2,EL,1,100,-11613.200195
1752787873.831195,174794.000,26291,1,EL,1,100,-11630.799805
1752787873.897696,174860.500,26306,2,EL,1,100,-11634.799805
1752787873.964196,174927.000,26306,2,EL,1,100,-11659.200195
1752787874.031197,174994.000,26323,1,EL,1,100,-11654.000000
1752787874.097698,175060.500,26341,2,EL,1,100,-11625.200195
1752787874.164198,175127.000,26341,2,EL,1,100,-11634.400391
1752787874.231199,175194.000,26358,1,EL,1,100,-11650.200195
1752787874.297699,175260.500,26376,2,EL,1,100,-11652.799805
1752787874.364200,175327.000,26376,2,EL,1,100,-11655.400391
1752787874.431200,175394.000,26394,1,EL,1,100,-11652.799805
1752787874.497701,175460.500,26410,2,EL,1,100,-11651.200195
1752787874.564201,175527.000,26410,2,EL,1,100,-11666.599609
1752787874.631202,175594.000,26428,2,EL,1,100,-11677.599609
1752787874.698203,175661.000,26428,2,EL,1,100,-11676.599609
1752787874.764203,175727.000,26444,1,EL,1,100,-11678.599609
1752787874.830704,175793.500,26461,2,EL,1,100,-11679.799805
1752787874.897204,175860.000,26461,2,EL,1,100,-11685.000000
1752787874.964205,175927.000,26480,1,EL,1,100,-11688.799805
1752787875.030705,175993.500,26499,2,EL,1,100,-11692.200195
1752787875.097206,176060.000,26499,2,EL,1,100,-11692.799805
1752787875.164206,176127.000,26515,1,EL,1,100,-11693.599609
1752787875.230707,176193.500,26531,2,EL,1,100,-11697.200195
1752787875.297207,176260.000,26531,2,EL,1,100,-11707.000000
1752787875.364208,176327.000,26547,1,EL,1,100,-11715.200195
1752787875.431209,176394.000,26566,2,EL,1,100,-11718.200195
1752787875.498209,176461.000,26566,2,EL,1,100,-11717.400391
1752787875.564210,176527.000,26582,1,EL,1,100,-11719.000000
1752787875.630710,176593.500,26600,2,EL,1,100,-11723.200195
1752787875.697211,176660.000,26600,2,EL,1,100,-11728.599609
1752787875.764211,176727.000,26616,1,EL,1,100,-11734.400391
1752787875.830712,176793.500,26635,2,EL,1,100,-11736.799805
1752787875.897212,176860.000,26635,2,EL,1,100,-11738.000000
1752787875.964213,176927.000,26652,1,EL,1,100,-11741.599609
1752787876.030714,176993.500,26669,2,EL,1,100,-11745.200195
1752787876.097214,177060.000,26669,2,EL,1,100,-11748.200195
1752787876.164215,177127.000,26685,1,EL,1,100,-11755.599609
1752787876.230715,177193.500,26705,2,EL,1,100,-11760.599609
1752787876.297216,177260.000,26705,2,EL,1,100,-11764.200195
1752787876.364216,177327.000,26721,1,EL,1,100,-11767.599609
1752787876.431217,177394.000,26739,2,EL,1,100,-11768.000000
1752787876.498217,177461.000,26739,2,EL,1,100,-11770.200195
1752787876.564718,177527.500,26757,2,EL,1,100,-11776.200195
1752787876.631218,177594.000,26757,2,EL,1,100,-11779.200195
1752787876.697219,177660.000,26774,1,EL,1,100,-11780.400391
1752787876.764220,177727.000,26790,2,EL,1,100,-11785.200195
1752787876.831220,177794.000,26790,2,EL,1,100,-11782.599609
1752787876.897221,177860.000,26809,1,EL,1,100,-11790.000000
1752787876.964221,177927.000,26826,2,EL,1,100,-11795.000000
1752787877.031222,177994.000,26826,2,EL,1,100,-11795.000000
1752787877.097222,178060.000,26843,1,EL,1,100,-11799.599609
1752787877.164223,178127.000,26861,2,EL,1,100,-11804.599609
1752787877.231223,178194.000,26861,2,EL,1,100,-11806.799805
1752787877.297224,178260.000,26879,1,EL,1,100,-11811.200195
1752787877.364225,178327.000,26895,2,EL,1,100,-11813.799805
1752787877.431225,178394.000,26895,2,EL,1,100,-11814.000000
1752787877.497226,178460.000,26912,1,EL,1,100,-11819.799805
1752787877.564226,178527.000,26931,2,EL,1,100,-11820.799805
1752787877.631227,178594.000,26931,2,EL,1,100,-11824.200195
1752787877.697227,178660.000,26948,1,EL,1,100,-11831.200195
1752787877.764228,178727.000,26962,2,EL,1,100,-11840.200195
1752787877.831228,178794.000,26962,2,EL,1,100,-11841.000000
1752787877.897229,178860.000,26981,1,EL,1,100,-11841.799805
1752787877.964229,178927.000,26998,2,EL,1,100,-11846.000000
1752787878.031230,178994.000,26998,2,EL,1,100,-11846.599609
1752787878.097231,179060.000,27017,1,EL,1,100,-11850.599609
1752787878.163731,179126.500,27031,2,EL,1,100,-11854.400391
1752787878.230232,179193.000,27031,2,EL,1,100,-11857.000000
1752787878.297232,179260.000,27049,1,EL,1,100,-11863.200195
1752787878.364233,179327.000,27067,2,EL,1,100,-11860.599609
1752787878.431233,179394.000,27067,2,EL,1,100,-11866.599609
1752787878.497234,179460.000,27084,1,EL,1,100,-11872.200195
1752787878.563734,179526.500,27100,2,EL,1,100,-11875.000000
1752787878.630235,179593.000,27100,2,EL,1,100,-11887.799805
1752787878.697236,179660.000,27123,1,EL,1,100,-11892.599609
1752787878.764236,179727.000,27141,2,EL,1,100,-11887.200195
1752787878.831237,179794.000,27141,2,EL,1,100,-11887.599609
1752787878.897737,179860.500,27159,2,EL,1,100,-11888.599609
1752787878.964238,179927.000,27159,2,EL,1,100,-11875.400391
1752787879.030238,179993.000,27175,1,EL,1,100,-11879.200195
1752787879.097239,180060.000,27190,2,EL,1,100,-11897.799805
1752787879.164239,180127.000,27190,2,EL,1,100,-11905.400391
1752787879.230240,180193.000,27206,1,EL,1,100,-11913.000000
1752787879.297240,180260.000,27228,2,EL,1,100,-11923.599609
1752787879.364241,180327.000,27228,2,EL,1,100,-11905.000000
1752787879.430242,180393.000,27244,1,EL,1,100,-11910.000000
1752787879.497242,180460.000,27259,2,EL,1,100,-11917.000000
1752787879.564243,180527.000,27259,2,EL,1,100,-11921.599609
1752787879.630243,180593.000,27276,1,EL,1,100,-11925.799805
1752787879.697244,180660.000,27293,2,EL,1,100,-11929.200195
1752787879.764244,180727.000,27293,2,EL,1,100,-11933.400391
1752787879.830245,180793.000,27309,1,EL,1,100,-11935.599609
1752787879.897245,180860.000,27329,2,EL,1,100,-11940.799805
1752787879.964246,180927.000,27329,2,EL,1,100,-11942.599609
1752787880.030246,180993.000,27345,1,EL,1,100,-11946.400391
1752787880.097247,181060.000,27364,2,EL,1,100,-11951.200195
1752787880.164248,181127.000,27364,2,EL,1,100,-11953.000000
1752787880.230248,181193.000,27380,1,EL,1,100,-11956.599609
1752787880.297249,181260.000,27396,2,EL,1,100,-11945.599609
1752787880.364249,181327.000,27396,2,EL,1,100,-11937.799805
1752787880.430250,181393.000,27412,1,EL,1,100,-11959.799805
1752787880.497250,181460.000,27431,2,EL,1,100,-11964.799805
1752787880.564251,181527.000,27431,2,EL,1,100,-11975.799805
1752787880.630251,181593.000,27448,1,EL,1,100,-11992.799805
1752787880.697252,181660.000,27466,2,EL,1,100,-11984.799805
1752787880.764253,181727.000,27466,2,EL,1,100,-11987.400391
1752787880.830253,181793.000,27481,1,EL,1,100,-11990.000000
1752787880.897254,181860.000,27501,2,EL,1,100,-11994.799805
1752787880.964254,181927.000,27501,2,EL,1,100,-11997.400391
1752787881.030755,181993.500,27519,2,EL,1,100,-11994.400391
1752787881.097255,182060.000,27519,2,EL,1,100,-11995.400391
1752787881.164256,182127.000,27538,1,EL,1,100,-11994.400391
1752787881.230756,182193.500,27553,2,EL,1,100,-12004.200195
1752787881.297257,182260.000,27553,2,EL,1,100,-12007.000000
1752787881.364257,182327.000,27570,1,EL,1,100,-12016.400391
1752787881.430758,182393.500,27588,2,EL,1,100,-12003.799805
1752787881.497259,182460.000,27588,2,EL,1,100,-11998.400391
1752787881.564259,182527.000,27605,1,EL,1,100,-12007.599609
1752787881.630760,182593.500,27620,2,EL,1,100,-12016.599609
1752787881.697260,182660.000,27620,2,EL,1,100,-12024.200195
1752787881.763261,182726.000,27637,1,EL,1,100,-12034.400391
1752787881.830261,182793.000,27657,2,EL,1,100,-12047.400391
1752787881.897262,182860.000,27657,2,EL,1,100,-12034.799805
1752787881.964262,182927.000,27675,1,EL,1,100,-12032.200195
1752787882.030763,182993.500,27691,2,EL,1,100,-12043.000000
1752787882.097264,183060.000,27691,2,EL,1,100,-12044.799805
1752787882.164264,183127.000,27708,1,EL,1,100,-12051.599609
1752787882.230765,183193.500,27727,2,EL,1,100,-12054.799805
1752787882.297265,183260.000,27727,2,EL,1,100,-12043.000000
1752787882.364266,183327.000,27744,1,EL,1,100,-12041.400391
1752787882.430766,183393.500,27760,2,EL,1,100,-12052.400391
1752787882.497267,183460.000,27760,2,EL,1,100,-12063.799805
1752787882.563267,183526.000,27777,1,EL,1,100,-12085.400391
1752787882.630268,183593.000,27796,2,EL,1,100,-12079.400391
1752787882.697268,183660.000,27796,2,EL,1,100,-12067.000000
1752787882.763269,183726.000,27813,1,EL,1,100,-12070.000000
1752787882.830270,183793.000,27827,2,EL,1,100,-12081.599609
1752787882.897270,183860.000,27827,2,EL,1,100,-12084.599609
1752787882.963271,183926.000,27845,1,EL,1,100,-12092.400391
1752787883.030271,183993.000,27865,2,EL,1,100,-12086.400391
1752787883.097272,184060.000,27865,2,EL,1,100,-12087.799805
1752787883.163272,184126.000,27882,1,EL,1,100,-12092.799805
1752787883.230273,184193.000,27898,2,EL,1,100,-12096.200195
1752787883.297273,184260.000,27898,2,EL,1,100,-12098.200195
1752787883.363274,184326.000,27914,1,EL,1,100,-12101.000000
1752787883.430275,184393.000,27930,2,EL,1,100,-12104.200195
1752787883.497275,184460.000,27930,2,EL,1,100,-12108.599609
1752787883.563776,184526.500,27948,2,EL,1,100,-12114.599609
1752787883.630276,184593.000,27948,2,EL,1,100,-12117.400391
1752787883.697277,184660.000,27968,1,EL,1,100,-12116.400391
1752787883.763777,184726.500,27988,2,EL,1,100,-12119.000000
1752787883.830278,184793.000,27988,2,EL,1,100,-12130.400391
1752787883.897278,184860.000,28006,1,EL,1,100,-12129.000000
1752787883.963779,184926.500,28024,2,EL,1,100,-12130.400391
1752787884.030279,184993.000,28024,2,EL,1,100,-12139.799805
1752787884.097280,185060.000,28040,1,EL,1,100,-12163.799805
1752787884.163781,185126.500,28055,2,EL,1,100,-12185.200195
1752787884.230281,185193.000,28055,2,EL,1,100,-12199.599609
1752787884.297282,185260.000,28074,1,EL,1,100,-12191.799805
1752787884.363782,185326.500,28093,2,EL,1,100,-12016.000000
1752787884.430283,185393.000,28093,2,EL,1,100,-11915.200195
1752787884.497283,185460.000,28109,1,EL,1,100,-12108.200195
1752787884.563784,185526.500,28125,2,EL,1,100,-12170.400391
1752787884.630284,185593.000,28125,2,EL,1,100,-12175.599609
1752787884.697285,185660.000,28141,1,EL,1,100,-12180.400391
1752787884.763786,185726.500,28158,2,EL,1,100,-12187.000000
1752787884.830286,185793.000,28158,2,EL,1,100,-12188.400391
1752787884.897287,185860.000,28174,1,EL,1,100,-12185.200195
1752787884.963787,185926.500,28194,2,EL,1,100,-12175.000000
1752787885.030288,185993.000,28194,2,EL,1,100,-12166.599609
1752787885.097288,186060.000,28210,1,EL,1,100,-12173.400391
1752787885.163789,186126.500,28227,2,EL,1,100,-12191.400391
1752787885.230289,186193.000,28227,2,EL,1,100,-12210.200195
1752787885.297290,186260.000,28244,1,EL,1,100,-12204.200195
1752787885.363790,186326.500,28261,2,EL,1,100,-12196.599609
1752787885.430291,186393.000,28261,2,EL,1,100,-12199.200195
1752787885.496292,186459.000,28277,1,EL,1,100,-12208.599609
1752787885.563292,186526.000,28299,2,EL,1,100,-12213.200195
1752787885.630293,186593.000,28299,2,EL,1,100,-12209.799805
1752787885.696293,186659.000,28315,1,EL,1,100,-12202.000000
1752787885.763294,186726.000,28331,2,EL,1,100,-12199.799805
1752787885.830294,186793.000,28331,2,EL,1,100,-12209.200195
1752787885.896795,186859.500,28347,2,EL,1,100,-12225.200195
1752787885.963295,186926.000,28347,2,EL,1,100,-12245.599609
1752787886.030296,186993.000,28368,1,EL,1,100,-12231.599609
1752787886.096797,187059.500,28386,2,EL,1,100,-12215.200195
1752787886.163297,187126.000,28386,2,EL,1,100,-12218.799805
1752787886.230298,187193.000,28403,1,EL,1,100,-12231.599609
1752787886.296798,187259.500,28418,2,EL,1,100,-12243.400391
1752787886.363299,187326.000,28418,2,EL,1,100,-12250.200195
1752787886.430299,187393.000,28435,1,EL,1,100,-12254.200195
1752787886.496800,187459.500,28451,2,EL,1,100,-12257.000000
1752787886.563300,187526.000,28451,2,EL,1,100,-12259.799805
1752787886.630301,187593.000,28471,1,EL,1,100,-12258.599609
1752787886.696801,187659.500,28485,2,EL,1,100,-12257.799805
1752787886.763302,187726.000,28485,2,EL,1,100,-12259.000000
1752787886.830303,187793.000,28504,1,EL,1,100,-12264.799805
1752787886.896803,187859.500,28521,2,EL,1,100,-12267.599609
1752787886.963304,187926.000,28521,2,EL,1,100,-12273.200195
1752787887.030304,187993.000,28538,1,EL,1,100,-12275.799805
1752787887.096805,188059.500,28554,2,EL,1,100,-12277.599609
1752787887.163305,188126.000,28554,2,EL,1,100,-12280.400391
1752787887.230306,188193.000,28571,1,EL,1,100,-12281.799805
1752787887.296806,188259.500,28590,2,EL,1,100,-12282.400391
1752787887.363307,188326.000,28590,2,EL,1,100,-12286.400391
1752787887.430307,188393.000,28607,1,EL,1,100,-12289.400391
1752787887.496808,188459.500,28621,2,EL,1,100,-12287.799805
1752787887.563309,188526.000,28621,2,EL,1,100,-12289.200195
1752787887.630309,188593.000,28639,1,EL,1,100,-12296.000000
1752787887.696810,188659.500,28655,2,EL,1,100,-12301.000000
1752787887.763310,188726.000,28655,2,EL,1,100,-12304.599609
1752787887.830311,188793.000,28672,1,EL,1,100,-12307.400391
1752787887.896811,188859.500,28690,2,EL,1,100,-12307.599609
1752787887.963312,188926.000,28690,2,EL,1,100,-12309.000000
1752787888.030312,188993.000,28708,1,EL,1,100,-12313.400391
1752787888.096813,189059.500,28726,2,EL,1,100,-12311.400391
1752787888.163314,189126.000,28726,2,EL,1,100,-12318.000000
1752787888.229814,189192.500,28744,2,EL,1,100,-12326.599609
1752787888.296315,189259.000,28744,2,EL,1,100,-12326.400391
1752787888.363315,189326.000,28762,1,EL,1,100,-12327.000000
1752787888.429816,189392.500,28777,2,EL,1,100,-12335.599609
1752787888.496316,189459.000,28777,2,EL,1,100,-12335.200195
1752787888.563317,189526.000,28793,1,EL,1,100,-12337.000000
1752787888.629817,189592.500,28813,2,EL,1,100,-12340.200195
1752787888.696318,189659.000,28813,2,EL,1,100,-12335.400391
1752787888.763318,189726.000,28829,1,EL,1,100,-12328.799805
1752787888.829819,189792.500,28844,2,EL,1,100,-12352.200195
1752787888.896320,189859.000,28844,2,EL,1,100,-12358.000000
1752787888.963320,189926.000,28866,1,EL,1,100,-12362.200195
1752787889.029821,189992.500,28885,2,EL,1,100,-12366.799805
1752787889.096321,190059.000,28885,2,EL,1,100,-12362.599609
1752787889.163322,190126.000,28901,1,EL,1,100,-12365.599609
1752787889.229822,190192.500,28919,2,EL,1,100,-12369.000000
1752787889.296323,190259.000,28919,2,EL,1,100,-12367.599609
1752787889.363323,190326.000,28935,1,EL,1,100,-12370.599609
1752787889.429824,190392.500,28952,2,EL,1,100,-12369.200195
1752787889.496325,190459.000,28952,2,EL,1,100,-12368.599609
1752787889.563325,190526.000,28968,1,EL,1,100,-12377.200195
1752787889.629826,190592.500,28984,2,EL,1,100,-12384.400391
1752787889.696326,190659.000,28984,2,EL,1,100,-12398.000000
1752787889.763327,190726.000,29002,1,EL,1,100,-12398.799805
1752787889.829827,190792.500,29021,2,EL,1,100,-12395.000000
1752787889.896328,190859.000,29021,2,EL,1,100,-12395.400391
1752787889.963328,190926.000,29038,1,EL,1,100,-12398.200195
1752787890.029829,190992.500,29053,2,EL,1,100,-12399.000000
1752787890.096329,191059.000,29053,2,EL,1,100,-12401.400391
1752787890.163330,191126.000,29069,1,EL,1,100,-12403.200195
1752787890.229831,191192.500,29087,2,EL,1,100,-12404.200195
1752787890.296331,191259.000,29087,2,EL,1,100,-12411.599609
1752787890.363332,191326.000,29103,1,EL,1,100,-12416.000000
1752787890.429832,191392.500,29121,2,EL,1,100,-12420.599609
1752787890.496333,191459.000,29121,2,EL,1,100,-12428.000000
1752787890.562833,191525.500,29139,2,EL,1,100,-12432.400391
1752787890.629334,191592.000,29139,2,EL,1,100,-12427.400391
1752787890.696334,191659.000,29156,1,EL,1,100,-12423.599609
1752787890.762835,191725.500,29172,2,EL,1,100,-12427.000000
1752787890.829336,191792.000,29172,2,EL,1,100,-12429.799805
1752787890.896336,191859.000,29189,1,EL,1,100,-12435.400391
1752787890.962837,191925.500,29206,2,EL,1,100,-12444.400391
1752787891.029337,191992.000,29206,2,EL,1,100,-12444.799805
1752787891.096338,192059.000,29225,1,EL,1,100,-12448.599609
1752787891.162838,192125.500,29243,2,EL,1,100,-12450.200195
1752787891.229339,192192.000,29243,2,EL,1,100,-12451.200195
1752787891.296339,192259.000,29261,1,EL,1,100,-12453.400391
1752787891.362840,192325.500,29277,2,EL,1,100,-12458.599609
1752787891.429340,192392.000,29277,2,EL,1,100,-12455.799805
1752787891.496341,192459.000,29294,1,EL,1,100,-12475.400391
1752787891.562842,192525.500,29313,2,EL,1,100,-12502.200195
1752787891.629342,192592.000,29313,2,EL,1,100,-12472.799805
1752787891.696343,192659.000,29332,1,EL,1,100,-12460.000000
1752787891.762843,192725.500,29346,2,EL,1,100,-12487.599609
1752787891.829344,192792.000,29346,2,EL,1,100,-12538.599609
1752787891.896344,192859.000,29365,1,EL,1,100,-12504.000000
1752787891.962845,192925.500,29382,2,EL,1,100,-12480.000000
1752787892.029345,192992.000,29382,2,EL,1,100,-12471.000000
1752787892.096346,193059.000,29399,1,EL,1,100,-12474.200195
1752787892.162847,193125.500,29413,2,EL,1,100,-12478.000000
1752787892.229347,193192.000,29413,2,EL,1,100,-12481.200195
1752787892.296348,193259.000,29433,1,EL,1,100,-12486.400391
1752787892.362848,193325.500,29449,2,EL,1,100,-12489.400391
1752787892.429349,193392.000,29449,2,EL,1,100,-12493.799805
1752787892.496349,193459.000,29466,1,EL,1,100,-12499.000000
1752787892.562850,193525.500,29482,2,EL,1,100,-12503.400391
1752787892.629350,193592.000,29482,2,EL,1,100,-12509.000000
1752787892.696351,193659.000,29498,1,EL,1,100,-12515.000000
1752787892.762851,193725.500,29514,2,EL,1,100,-12521.799805
1752787892.829352,193792.000,29514,2,EL,1,100,-12528.599609
1752787892.895853,193858.500,29536,2,EL,1,100,-12527.000000
1752787892.962353,193925.000,29536,2,EL,1,100,-12526.799805
1752787893.029354,193992.000,29552,1,EL,1,100,-12580.400391
1752787893.095854,194058.500,29569,2,EL,1,100,-12615.200195
1752787893.162355,194125.000,29569,2,EL,1,100,-12548.799805
1752787893.229355,194192.000,29585,1,EL,1,100,-12485.400391
1752787893.295856,194258.500,29603,2,EL,1,100,-12485.599609
1752787893.362356,194325.000,29603,2,EL,1,100,-12500.599609
1752787893.429357,194392.000,29621,1,EL,1,100,-12512.000000
1752787893.495857,194458.500,29636,2,EL,1,100,-12520.799805
1752787893.562358,194525.000,29636,2,EL,1,100,-12522.599609
1752787893.629359,194592.000,29653,1,EL,1,100,-12530.799805
1752787893.695859,194658.500,29670,2,EL,1,100,-12537.599609
1752787893.762360,194725.000,29670,2,EL,1,100,-12541.400391
1752787893.829360,194792.000,29686,1,EL,1,100,-12545.799805
1752787893.895861,194858.500,29702,2,EL,1,100,-12552.000000
1752787893.962361,194925.000,29702,2,EL,1,100,-12552.000000
1752787894.029362,194992.000,29725,1,EL,1,100,-12555.599609
1752787894.095862,195058.500,29742,2,EL,1,100,-12562.799805
1752787894.162363,195125.000,29742,2,EL,1,100,-12567.400391
1752787894.229364,195192.000,29760,1,EL,1,100,-12566.200195
1752787894.295864,195258.500,29776,2,EL,1,100,-12565.599609
1752787894.362365,195325.000,29776,2,EL,1,100,-12572.799805
1752787894.429365,195392.000,29792,1,EL,1,100,-12581.400391
1752787894.495866,195458.500,29809,2,EL,1,100,-12580.799805
1752787894.562366,195525.000,29809,2,EL,1,100,-12590.599609
1752787894.629367,195592.000,29826,1,EL,1,100,-12597.000000
1752787894.695867,195658.500,29846,2,EL,1,100,-12587.000000
1752787894.762368,195725.000,29846,2,EL,1,100,-12585.000000
1752787894.829368,195792.000,29861,1,EL,1,100,-12589.000000
1752787894.895869,195858.500,29879,2,EL,1,100,-12592.000000
1752787894.962370,195925.000,29879,2,EL,1,100,-12596.000000
1752787895.029370,195992.000,29895,1,EL,1,100,-12597.400391
1752787895.095871,196058.500,29911,2,EL,1,100,-12597.200195
1752787895.162371,196125.000,29911,2,EL,1,100,-12600.400391
1752787895.228872,196191.500,29929,2,EL,1,100,-12605.000000
1752787895.295372,196258.000,29929,2,EL,1,100,-12604.200195
1752787895.362373,196325.000,29948,1,EL,1,100,-12607.000000
1752787895.428873,196391.500,29964,2,EL,1,100,-12610.000000
1752787895.495374,196458.000,29964,2,EL,1,100,-12613.400391
1752787895.562375,196525.000,29981,1,EL,1,100,-12616.400391
1752787895.628875,196591.500,29996,2,EL,1,100,-12623.400391
1752787895.695376,196658.000,29996,2,EL,1,100,-12626.799805
1752787895.762376,196725.000,30013,1,EL,1,100,-12631.799805
1752787895.828877,196791.500,30031,2,EL,1,100,-12630.200195
1752787895.895377,196858.000,30031,2,EL,1,100,-12635.000000
1752787895.962378,196925.000,30051,1,EL,1,100,-12645.000000
1752787896.028878,196991.500,30069,2,EL,1,100,-12654.000000
1752787896.095379,197058.000,30069,2,EL,1,100,-12641.599609
1752787896.162379,197125.000,30086,1,EL,1,100,-12635.000000
1752787896.228880,197191.500,30103,2,EL,1,100,-12640.799805
1752787896.295381,197258.000,30103,2,EL,1,100,-12650.400391
1752787896.362381,197325.000,30120,1,EL,1,100,-12652.000000
1752787896.428882,197391.500,30136,2,EL,1,100,-12652.799805
1752787896.495382,197458.000,30136,2,EL,1,100,-12650.000000
1752787896.562383,197525.000,30155,1,EL,1,100,-12656.200195
1752787896.628883,197591.500,30174,2,EL,1,100,-12652.599609
1752787896.695384,197658.000,30174,2,EL,1,100,-12656.599609
1752787896.762384,197725.000,30191,1,EL,1,100,-12661.200195
1752787896.828885,197791.500,30205,2,EL,1,100,-12668.599609
1752787896.895386,197858.000,30205,2,EL,1,100,-12669.400391
1752787896.962386,197925.000,30223,1,EL,1,100,-12672.799805
1752787897.028887,197991.500,30239,2,EL,1,100,-12674.200195
1752787897.095387,198058.000,30239,2,EL,1,100,-12677.000000
1752787897.162388,198125.000,30260,1,EL,1,100,-12678.000000
1752787897.228888,198191.500,30276,2,EL,1,100,-12681.799805
1752787897.295389,198258.000,30276,2,EL,1,100,-12685.000000
1752787897.362389,198325.000,30292,1,EL,1,100,-12690.000000
1752787897.428890,198391.500,30308,2,EL,1,100,-12691.400391
1752787897.495390,198458.000,30308,2,EL,1,100,-12697.400391
1752787897.562391,198525.000,30325,1,EL,1,100,-12700.400391
1752787897.628892,198591.500,30343,2,EL,1,100,-12691.799805
1752787897.695392,198658.000,30343,2,EL,1,100,-12696.599609
1752787897.762393,198725.000,30359,2,EL,1,100,-12703.000000
1752787897.829393,198792.000,30359,2,EL,1,100,-12706.000000
1752787897.895394,198858.000,30379,1,EL,1,100,-12706.599609
1752787897.962394,198925.000,30397,2,EL,1,100,-12711.000000
1752787898.029395,198992.000,30397,2,EL,1,100,-12716.200195
1752787898.095395,199058.000,30415,1,EL,1,100,-12716.000000
1752787898.162396,199125.000,30430,2,EL,1,100,-12723.000000
1752787898.229397,199192.000,30430,2,EL,1,100,-12725.400391
1752787898.295397,199258.000,30449,1,EL,1,100,-12723.599609
1752787898.361898,199324.500,30466,2,EL,1,100,-12723.799805
1752787898.428398,199391.000,30466,2,EL,1,100,-12726.799805
1752787898.495399,199458.000,30484,1,EL,1,100,-12729.200195
1752787898.561899,199524.500,30500,2,EL,1,100,-12730.000000
1752787898.628400,199591.000,30500,2,EL,1,100,-12731.799805
1752787898.695400,199658.000,30516,1,EL,1,100,-12741.000000
1752787898.761901,199724.500,30533,2,EL,1,100,-12760.599609
1752787898.828401,199791.000,30533,2,EL,1,100,-12767.200195
1752787898.895402,199858.000,30551,1,EL,1,100,-12757.000000
1752787898.961903,199924.500,30567,2,EL,1,100,-12745.200195
1752787899.028403,199991.000,30567,2,EL,1,100,-12739.000000
1752787899.095404,200058.000,30585,1,EL,1,100,-12744.599609
1752787899.161904,200124.500,30609,2,EL,1,100,-12753.799805
1752787899.228405,200191.000,30609,2,EL,1,100,-12751.599609
1752787899.295405,200258.000,30626,1,EL,1,100,-12764.400391
1752787899.361906,200324.500,30642,2,EL,1,100,-12759.200195
1752787899.428406,200391.000,30642,2,EL,1,100,-12766.200195
1752787899.495407,200458.000,30657,1,EL,1,100,-12775.200195
1752787899.561908,200524.500,30675,2,EL,1,100,-12777.799805
1752787899.628408,200591.000,30675,2,EL,1,100,-12787.799805
1752787899.695409,200658.000,30693,1,EL,1,100,-12790.799805
1752787899.761909,200724.500,30711,2,EL,1,100,-12783.400391
1752787899.828410,200791.000,30711,2,EL,1,100,-12775.200195
1752787899.895410,200858.000,30727,2,EL,1,100,-12776.599609
1752787899.962411,200925.000,30727,2,EL,1,100,-12785.599609
1752787900.028411,200991.000,30744,1,EL,1,100,-12791.599609
1752787900.095412,201058.000,30762,2,EL,1,100,-12789.000000
1752787900.162412,201125.000,30762,2,EL,1,100,-12795.000000
1752787900.228413,201191.000,30779,1,EL,1,100,-12793.400391
1752787900.295414,201258.000,30796,2,EL,1,100,-12791.799805
1752787900.362414,201325.000,30796,2,EL,1,100,-12800.000000
1752787900.428415,201391.000,30813,1,EL,1,100,-12805.000000
1752787900.495415,201458.000,30829,2,EL,1,100,-12808.200195
1752787900.562416,201525.000,30829,2,EL,1,100,-12818.799805
1752787900.628416,201591.000,30847,1,EL,1,100,-12828.400391
1752787900.695417,201658.000,30863,2,EL,1,100,-12825.400391
1752787900.762417,201725.000,30863,2,EL,1,100,-12807.799805
1752787900.828418,201791.000,30882,1,EL,1,100,-12784.599609
1752787900.895418,201858.000,30899,2,EL,1,100,-12788.000000
1752787900.962419,201925.000,30899,2,EL,1,100,-12803.799805
1752787901.028420,201991.000,30918,1,EL,1,100,-12816.200195
1752787901.095420,202058.000,30932,2,EL,1,100,-12819.000000
1752787901.162421,202125.000,30932,2,EL,1,100,-12822.599609
1752787901.228421,202191.000,30949,1,EL,1,100,-12830.000000
1752787901.295422,202258.000,30966,2,EL,1,100,-12834.200195
1752787901.362422,202325.000,30966,2,EL,1,100,-12842.200195
1752787901.428423,202391.000,30983,1,EL,1,100,-12841.599609
1752787901.495423,202458.000,31001,2,EL,1,100,-12828.599609
1752787901.562424,202525.000,31001,2,EL,1,100,-12829.200195
1752787901.628425,202591.000,31019,1,EL,1,100,-12838.400391
1752787901.694925,202657.500,31035,2,EL,1,100,-12844.400391
1752787901.761426,202724.000,31035,2,EL,1,100,-12853.400391
1752787901.828426,202791.000,31052,1,EL,1,100,-12857.400391
1752787901.894927,202857.500,31068,2,EL,1,100,-12856.000000
1752787901.961427,202924.000,31068,2,EL,1,100,-12859.799805
1752787902.028428,202991.000,31084,1,EL,1,100,-12865.799805
1752787902.095428,203058.000,31104,2,EL,1,100,-12861.599609
1752787902.162429,203125.000,31104,2,EL,1,100,-12840.200195
1752787902.228929,203191.500,31122,2,EL,1,100,-12858.000000
1752787902.295430,203258.000,31122,2,EL,1,100,-12872.000000
1752787902.361431,203324.000,31138,1,EL,1,100,-12875.799805
1752787902.428431,203391.000,31153,2,EL,1,100,-12882.599609
1752787902.495432,203458.000,31153,2,EL,1,100,-12892.799805
1752787902.561432,203524.000,31171,1,EL,1,100,-12874.599609
1752787902.628433,203591.000,31191,2,EL,1,100,-12858.000000
1752787902.695433,203658.000,31191,2,EL,1,100,-12880.400391
1752787902.761434,203724.000,31207,1,EL,1,100,-12888.799805
1752787902.828434,203791.000,31222,2,EL,1,100,-12894.200195
1752787902.895435,203858.000,31222,2,EL,1,100,-12897.400391
1752787902.961436,203924.000,31239,1,EL,1,100,-12921.000000
1752787903.028436,203991.000,31258,2,EL,1,100,-12909.200195
1752787903.095437,204058.000,31258,2,EL,1,100,-12898.599609
1752787903.161437,204124.000,31274,1,EL,1,100,-12901.799805
1752787903.228438,204191.000,31292,2,EL,1,100,-12906.400391
1752787903.295438,204258.000,31292,2,EL,1,100,-12905.000000
1752787903.361439,204324.000,31308,1,EL,1,100,-12908.000000
1752787903.428439,204391.000,31325,2,EL,1,100,-12910.599609
1752787903.495440,204458.000,31325,2,EL,1,100,-12911.599609
1752787903.561440,204524.000,31341,1,EL,1,100,-12911.400391
1752787903.628441,204591.000,31357,2,EL,1,100,-12916.400391
1752787903.695442,204658.000,31357,2,EL,1,100,-12919.400391
1752787903.761442,204724.000,31373,1,EL,1,100,-12923.000000
1752787903.828443,204791.000,31392,2,EL,1,100,-12944.400391
1752787903.895443,204858.000,31392,2,EL,1,100,-12938.400391
1752787903.961444,204924.000,31411,1,EL,1,100,-12931.799805
1752787904.028444,204991.000,31427,2,EL,1,100,-12936.200195
1752787904.095445,205058.000,31427,2,EL,1,100,-12940.000000
1752787904.161445,205124.000,31442,1,EL,1,100,-12943.799805
1752787904.228446,205191.000,31465,2,EL,1,100,-12941.000000
1752787904.295447,205258.000,31465,2,EL,1,100,-12939.599609
1752787904.361447,205324.000,31481,1,EL,1,100,-12942.799805
1752787904.428448,205391.000,31499,2,EL,1,100,-12941.799805
1752787904.495448,205458.000,31499,2,EL,1,100,-12943.200195
1752787904.561949,205524.500,31515,2,EL,1,100,-12949.599609
1752787904.628449,205591.000,31515,2,EL,1,100,-12952.000000
1752787904.695450,205658.000,31532,1,EL,1,100,-12954.000000
1752787904.761950,205724.500,31548,2,EL,1,100,-12960.400391
1752787904.828451,205791.000,31548,2,EL,1,100,-12961.200195
1752787904.895451,205858.000,31567,1,EL,1,100,-12953.599609
1752787904.961952,205924.500,31582,2,EL,1,100,-12953.000000
1752787905.028453,205991.000,31582,2,EL,1,100,-12955.599609
1752787905.095453,206058.000,31601,1,EL,1,100,-12965.599609
1752787905.161954,206124.500,31617,2,EL,1,100,-12969.599609
1752787905.228454,206191.000,31617,2,EL,1,100,-12972.599609
1752787905.295455,206258.000,31635,1,EL,1,100,-12976.400391
1752787905.361955,206324.500,31649,2,EL,1,100,-12982.200195
1752787905.428456,206391.000,31649,2,EL,1,100,-12983.400391
1752787905.494456,206457.000,31666,1,EL,1,100,-12987.200195
1752787905.561457,206524.000,31685,2,EL,1,100,-12990.200195
1752787905.628458,206591.000,31685,2,EL,1,100,-12989.400391
1752787905.695458,206658.000,31702,1,EL,1,100,-12991.200195
1752787905.761959,206724.500,31718,2,EL,1,100,-13000.200195
1752787905.828459,206791.000,31718,2,EL,1,100,-13044.000000
1752787905.895460,206858.000,31735,1,EL,1,100,-13102.200195
1752787905.961960,206924.500,31756,2,EL,1,100,-13101.200195
1752787906.028461,206991.000,31756,2,EL,1,100,-13063.799805
1752787906.095461,207058.000,31773,1,EL,1,100,-12993.400391
1752787906.161962,207124.500,31787,2,EL,1,100,-12937.400391
1752787906.228462,207191.000,31787,2,EL,1,100,-12977.200195
1752787906.294463,207257.000,31807,1,EL,1,100,-12996.400391
1752787906.361464,207324.000,31823,2,EL,1,100,-13000.799805
1752787906.428464,207391.000,31823,2,EL,1,100,-13005.599609
1752787906.494465,207457.000,31840,1,EL,1,100,-13012.400391
1752787906.561465,207524.000,31856,2,EL,1,100,-13021.799805
1752787906.628466,207591.000,31856,2,EL,1,100,-13022.799805
1752787906.694966,207657.500,31874,2,EL,1,100,-13029.599609
1752787906.761467,207724.000,31874,2,EL,1,100,-13023.400391
1752787906.828467,207791.000,31890,1,EL,1,100,-13021.599609
1752787906.894968,207857.500,31910,2,EL,1,100,-13023.799805
1752787906.961469,207924.000,31910,2,EL,1,100,-13025.799805
1752787907.028469,207991.000,31926,1,EL,1,100,-13024.200195
1752787907.094970,208057.500,31941,2,EL,1,100,-13034.200195
1752787907.161470,208124.000,31941,2,EL,1,100,-13036.599609
1752787907.228471,208191.000,31957,1,EL,1,100,-13042.000000
1752787907.294971,208257.500,31975,2,EL,1,100,-13055.000000
1752787907.361472,208324.000,31975,2,EL,1,100,-13058.799805
1752787907.428472,208391.000,31993,1,EL,1,100,-13051.400391
1752787907.494973,208457.500,32010,2,EL,1,100,-13055.799805
1752787907.561473,208524.000,32010,2,EL,1,100,-13052.200195
1752787907.628474,208591.000,32027,1,EL,1,100,-13050.599609
1752787907.694975,208657.500,32044,2,EL,1,100,-13038.599609
1752787907.761475,208724.000,32044,2,EL,1,100,-13045.400391
1752787907.828476,208791.000,32060,1,EL,1,100,-13060.000000
1752787907.894976,208857.500,32076,2,EL,1,100,-13071.000000
1752787907.961477,208924.000,32076,2,EL,1,100,-13083.599609
1752787908.028477,208991.000,32096,1,EL,1,100,-13067.000000
1752787908.094978,209057.500,32113,2,EL,1,100,-13051.799805
1752787908.161478,209124.000,32113,2,EL,1,100,-13065.200195
1752787908.228479,209191.000,32129,1,EL,1,100,-13076.799805
1752787908.294979,209257.500,32145,2,EL,1,100,-13078.400391
1752787908.361480,209324.000,32145,2,EL,1,100,-13080.799805
1752787908.428481,209391.000,32161,1,EL,1,100,-13086.200195
1752787908.494981,209457.500,32178,2,EL,1,100,-13089.799805
1752787908.561482,209524.000,32178,2,EL,1,100,-13091.000000
1752787908.628482,209591.000,32199,1,EL,1,100,-13092.200195
1752787908.694983,209657.500,32215,2,EL,1,100,-13096.400391
1752787908.761483,209724.000,32215,2,EL,1,100,-13100.799805
1752787908.828484,209791.000,32230,1,EL,1,100,-13104.799805
1752787908.894984,209857.500,32250,2,EL,1,100,-13108.200195
1752787908.961485,209924.000,32250,2,EL,1,100,-13107.400391
1752787909.027486,209990.000,32266,1,EL,1,100,-13105.400391
1752787909.094486,210057.000,32284,2,EL,1,100,-13108.400391
1752787909.161487,210124.000,32284,2,EL,1,100,-13109.799805
1752787909.227987,210190.500,32300,2,EL,1,100,-13114.000000
1752787909.294488,210257.000,32300,2,EL,1,100,-13117.200195
1752787909.361488,210324.000,32319,1,EL,1,100,-13119.000000
1752787909.427989,210390.500,32340,2,EL,1,100,-13120.799805
1752787909.494489,210457.000,32340,2,EL,1,100,-13123.000000
1752787909.561490,210524.000,32357,1,EL,1,100,-13124.200195
1752787909.627990,210590.500,32372,2,EL,1,100,-13125.000000
1752787909.694491,210657.000,32372,2,EL,1,100,-13138.400391
1752787909.761492,210724.000,32391,1,EL,1,100,-13141.799805
1752787909.827992,210790.500,32409,2,EL,1,100,-13135.200195
1752787909.894493,210857.000,32409,2,EL,1,100,-13129.400391
1752787909.961493,210924.000,32427,1,EL,1,100,-13134.599609
1752787910.027994,210990.500,32441,2,EL,1,100,-13139.200195
1752787910.094494,211057.000,32441,2,EL,1,100,-13140.000000
1752787910.161495,211124.000,32458,1,EL,1,100,-13143.599609
1752787910.227995,211190.500,32477,2,EL,1,100,-13146.400391
1752787910.294496,211257.000,32477,2,EL,1,100,-13140.000000
1752787910.361497,211324.000,32496,1,EL,1,100,-13143.599609
1752787910.427997,211390.500,32510,2,EL,1,100,-13150.599609
1752787910.494498,211457.000,32510,2,EL,1,100,-13153.799805
1752787910.561498,211524.000,32527,1,EL,1,100,-13156.000000
1752787910.627999,211590.500,32546,2,EL,1,100,-13157.200195
1752787910.694499,211657.000,32546,2,EL,1,100,-13158.000000
1752787910.761500,211724.000,32563,1,EL,1,100,-13163.599609
1752787910.828000,211790.500,32577,2,EL,1,100,-13166.599609
1752787910.894501,211857.000,32577,2,EL,1,100,-13167.599609
1752787910.961501,211924.000,32595,1,EL,1,100,-13171.400391
1752787911.028002,211990.500,32615,2,EL,1,100,-13187.200195
1752787911.094503,212057.000,32615,2,EL,1,100,-13184.200195
1752787911.161503,212124.000,32634,1,EL,1,100,-13172.799805
1752787911.228004,212190.500,32650,2,EL,1,100,-13174.799805
1752787911.294504,212257.000,32650,2,EL,1,100,-13181.599609
1752787911.361005,212323.500,32666,2,EL,1,100,-13186.599609
1752787911.427505,212390.000,32666,2,EL,1,100,-13186.200195
1752787911.494506,212457.000,32682,1,EL,1,100,-13188.799805
1752787911.561006,212523.500,32700,2,EL,1,100,-13189.000000
1752787911.627507,212590.000,32700,2,EL,1,100,-13193.799805
1752787911.694508,212657.000,32718,1,EL,1,100,-13195.000000
1752787911.761008,212723.500,32733,2,EL,1,100,-13198.000000
1752787911.827509,212790.000,32733,2,EL,1,100,-13203.400391
1752787911.894509,212857.000,32749,1,EL,1,100,-13204.200195
1752787911.961010,212923.500,32769,2,EL,1,100,-13202.400391
1752787912.027510,212990.000,32769,2,EL,1,100,-13204.400391
1752787912.094511,213057.000,32785,1,EL,1,100,-13205.000000
1752787912.161011,213123.500,32800,2,EL,1,100,-13198.799805
1752787912.227512,213190.000,32800,2,EL,1,100,-13201.000000
1752787912.294512,213257.000,32819,1,EL,1,100,-13209.599609
1752787912.361013,213323.500,32836,2,EL,1,100,-13211.799805
1752787912.427514,213390.000,32836,2,EL,1,100,-13214.000000
1752787912.494514,213457.000,32852,1,EL,1,100,-13221.799805
1752787912.561015,213523.500,32870,2,EL,1,100,-13228.799805
1752787912.627515,213590.000,32870,2,EL,1,100,-13220.200195
1752787912.694516,213657.000,32886,1,EL,1,100,-13221.400391
1752787912.761016,213723.500,32905,2,EL,1,100,-13229.799805
1752787912.827517,213790.000,32905,2,EL,1,100,-13229.599609
1752787912.894517,213857.000,32923,1,EL,1,100,-13230.599609
1752787912.961018,213923.500,32941,2,EL,1,100,-13237.200195
1752787913.027519,213990.000,32941,2,EL,1,100,-13226.799805
1752787913.094519,214057.000,32957,1,EL,1,100,-13226.200195
1752787913.161020,214123.500,32974,2,EL,1,100,-13234.799805
1752787913.227520,214190.000,32974,2,EL,1,100,-13241.599609
1752787913.294521,214257.000,32991,1,EL,1,100,-13254.599609
1752787913.361021,214323.500,33009,2,EL,1,100,-13234.400391
1752787913.427522,214390.000,33009,2,EL,1,100,-13231.000000
1752787913.494522,214457.000,33024,1,EL,1,100,-13290.400391
1752787913.561023,214523.500,33046,2,EL,1,100,-13268.000000
1752787913.627523,214590.000,33046,2,EL,1,100,-13248.599609
1752787913.694524,214657.000,33062,1,EL,1,100,-13246.000000
1752787913.761025,214723.500,33078,2,EL,1,100,-13251.799805
1752787913.827525,214790.000,33078,2,EL,1,100,-13252.599609
1752787913.894026,214856.500,33094,2,EL,1,100,-13255.799805
1752787913.960526,214923.000,33094,2,EL,1,100,-13259.000000
1752787914.027527,214990.000,33111,1,EL,1,100,-13262.200195
1752787914.094027,215056.500,33127,2,EL,1,100,-13263.400391
1752787914.160528,215123.000,33127,2,EL,1,100,-13265.400391
1752787914.227528,215190.000,33146,1,EL,1,100,-13267.599609
1752787914.294029,215256.500,33161,2,EL,1,100,-13270.400391
1752787914.360529,215323.000,33161,2,EL,1,100,-13271.400391
1752787914.427530,215390.000,33178,1,EL,1,100,-13275.400391
1752787914.494197,215456.667,33203,3,EL,1,100,-13276.400391
1752787914.560864,215523.333,33203,3,EL,1,100,-13276.200195
1752787914.627532,215590.000,33203,3,EL,1,100,-13280.000000
1752787914.694032,215656.500,33221,2,EL,1,100,-13282.799805
1752787914.760533,215723.000,33221,2,EL,1,100,-13282.000000
1752787914.827533,215790.000,33238,1,EL,1,100,-13285.400391
1752787914.894034,215856.500,33259,2,EL,1,100,-13288.799805
1752787914.960534,215923.000,33259,2,EL,1,100,-13289.400391
1752787915.027535,215990.000,33276,1,EL,1,100,-13292.200195
1752787915.094036,216056.500,33290,2,EL,1,100,-13293.799805
1752787915.160536,216123.000,33290,2,EL,1,100,-13297.000000
1752787915.227537,216190.000,33307,1,EL,1,100,-13301.200195
1752787915.294037,216256.500,33326,2,EL,1,100,-13303.400391
1752787915.360538,216323.000,33326,2,EL,1,100,-13302.200195
1752787915.427538,216390.000,33343,1,EL,1,100,-13304.599609
1752787915.494039,216456.500,33361,2,EL,1,100,-13309.599609
1752787915.560539,216523.000,33361,2,EL,1,100,-13307.000000
1752787915.627540,216590.000,33379,1,EL,1,100,-13310.799805
1752787915.694040,216656.500,33395,2,EL,1,100,-13311.400391
1752787915.760541,216723.000,33395,2,EL,1,100,-13313.400391
1752787915.827542,216790.000,33412,1,EL,1,100,-13319.000000
1752787915.894042,216856.500,33429,2,EL,1,100,-13325.200195
1752787915.960543,216923.000,33429,2,EL,1,100,-13319.799805
1752787916.027543,216990.000,33448,1,EL,1,100,-13322.200195
1752787916.094044,217056.500,33466,2,EL,1,100,-13326.000000
1752787916.160544,217123.000,33466,2,EL,1,100,-13329.799805
1752787916.227545,217190.000,33483,1,EL,1,100,-13334.599609
1752787916.294045,217256.500,33498,2,EL,1,100,-13341.000000
1752787916.360546,217323.000,33498,2,EL,1,100,-13340.000000
1752787916.427547,217390.000,33517,1,EL,1,100,-13341.400391
1752787916.494047,217456.500,33533,2,EL,1,100,-13344.200195
1752787916.560548,217523.000,33533,2,EL,1,100,-13341.400391
1752787916.627548,217590.000,33551,1,EL,1,100,-13343.200195
1752787916.694049,217656.500,33567,2,EL,1,100,-13345.000000
1752787916.760549,217723.000,33567,2,EL,1,100,-13345.200195
1752787916.827550,217790.000,33584,1,EL,1,100,-13348.400391
1752787916.894050,217856.500,33601,2,EL,1,100,-13337.400391
1752787916.960551,217923.000,33601,2,EL,1,100,-13344.799805
1752787917.027551,217990.000,33618,1,EL,1,100,-13354.599609
1752787917.094052,218056.500,33633,2,EL,1,100,-13356.000000
1752787917.160553,218123.000,33633,2,EL,1,100,-13359.599609
1752787917.227053,218189.500,33650,2,EL,1,100,-13366.400391
1752787917.293554,218256.000,33650,2,EL,1,100,-13366.400391
1752787917.360554,218323.000,33670,1,EL,1,100,-13353.000000
1752787917.427055,218389.500,33687,2,EL,1,100,-13349.599609
1752787917.493555,218456.000,33687,2,EL,1,100,-13363.000000
1752787917.560556,218523.000,33703,1,EL,1,100,-13371.000000
1752787917.627056,218589.500,33721,2,EL,1,100,-13375.000000
1752787917.693557,218656.000,33721,2,EL,1,100,-13367.000000
1752787917.760558,218723.000,33737,1,EL,1,100,-13363.400391
1752787917.827058,218789.500,33754,2,EL,1,100,-13365.599609
1752787917.893559,218856.000,33754,2,EL,1,100,-13376.400391
1752787917.960559,218923.000,33771,1,EL,1,100,-13384.599609
1752787918.027060,218989.500,33788,2,EL,1,100,-13389.799805
1752787918.093560,219056.000,33788,2,EL,1,100,-13401.200195
1752787918.160561,219123.000,33804,1,EL,1,100,-13405.000000
1752787918.227061,219189.500,33824,2,EL,1,100,-13380.000000
1752787918.293562,219256.000,33824,2,EL,1,100,-13380.200195
1752787918.360562,219323.000,33840,1,EL,1,100,-13393.799805
1752787918.427063,219389.500,33857,2,EL,1,100,-13401.200195
1752787918.493564,219456.000,33857,2,EL,1,100,-13397.799805
1752787918.560564,219523.000,33873,1,EL,1,100,-13399.799805
1752787918.627065,219589.500,33893,2,EL,1,100,-13402.000000
1752787918.693565,219656.000,33893,2,EL,1,100,-13403.799805
1752787918.760566,219723.000,33909,1,EL,1,100,-13405.599609
1752787918.827066,219789.500,33924,2,EL,1,100,-13405.599609
1752787918.893567,219856.000,33924,2,EL,1,100,-13398.799805
1752787918.960567,219923.000,33941,1,EL,1,100,-13405.599609
1752787919.027068,219989.500,33958,2,EL,1,100,-13413.400391
1752787919.093569,220056.000,33958,2,EL,1,100,-13415.599609
1752787919.160569,220123.000,33976,1,EL,1,100,-13415.599609
1752787919.227070,220189.500,33993,2,EL,1,100,-13419.799805
1752787919.293570,220256.000,33993,2,EL,1,100,-13422.200195
1752787919.360071,220322.500,34010,2,EL,1,100,-13426.799805
1752787919.426571,220389.000,34010,2,EL,1,100,-13421.599609
1752787919.493572,220456.000,34027,1,EL,1,100,-13423.799805
1752787919.560072,220522.500,34044,2,EL,1,100,-13428.599609
1752787919.626573,220589.000,34044,2,EL,1,100,-13432.599609
1752787919.693573,220656.000,34068,2,EL,1,100,-13434.400391
1752787919.760574,220723.000,34068,2,EL,1,100,-13434.799805
1752787919.826575,220789.000,34086,1,EL,1,100,-13442.599609
1752787919.893575,220856.000,34103,2,EL,1,100,-13435.400391
1752787919.960576,220923.000,34103,2,EL,1,100,-13429.599609
1752787920.027076,220989.500,34118,2,EL,1,100,-13429.400391
1752787920.093577,221056.000,34118,2,EL,1,100,-13432.000000
1752787920.160577,221123.000,34135,1,EL,1,100,-13435.200195
1752787920.227078,221189.500,34152,2,EL,1,100,-13437.000000
1752787920.293578,221256.000,34152,2,EL,1,100,-13448.000000
1752787920.360579,221323.000,34169,1,EL,1,100,-13452.000000
1752787920.427080,221389.500,34185,2,EL,1,100,-13452.000000
1752787920.493580,221456.000,34185,2,EL,1,100,-13455.599609
1752787920.560581,221523.000,34202,1,EL,1,100,-13456.799805
1752787920.627081,221589.500,34221,2,EL,1,100,-13457.000000
1752787920.693582,221656.000,34221,2,EL,1,100,-13473.799805
1752787920.760582,221723.000,34238,1,EL,1,100,-13479.400391
1752787920.827083,221789.500,34254,2,EL,1,100,-13473.799805
1752787920.893583,221856.000,34254,2,EL,1,100,-13469.200195
1752787920.960584,221923.000,34272,1,EL,1,100,-13465.799805
1752787921.027084,221989.500,34292,2,EL,1,100,-13444.599609
1752787921.093585,222056.000,34292,2,EL,1,100,-13454.200195
1752787921.160586,222123.000,34309,1,EL,1,100,-13460.000000
1752787921.227086,222189.500,34324,2,EL,1,100,-13463.599609
1752787921.293587,222256.000,34324,2,EL,1,100,-13475.599609
1752787921.360587,222323.000,34341,1,EL,1,100,-13481.000000
1752787921.427088,222389.500,34357,2,EL,1,100,-13481.599609
1752787921.493588,222456.000,34357,2,EL,1,100,-13489.000000
1752787921.560589,222523.000,34376,1,EL,1,100,-13466.000000
1752787921.627089,222589.500,34391,2,EL,1,100,-13443.799805
1752787921.693590,222656.000,34391,2,EL,1,100,-13459.799805
1752787921.760591,222723.000,34410,1,EL,1,100,-13485.599609
1752787921.827091,222789.500,34426,2,EL,1,100,-13491.200195
1752787921.893592,222856.000,34426,2,EL,1,100,-13498.799805
1752787921.960592,222923.000,34444,1,EL,1,100,-13503.200195
1752787922.027093,222989.500,34459,2,EL,1,100,-13572.799805
1752787922.093593,223056.000,34459,2,EL,1,100,-13592.799805
1752787922.160594,223123.000,34477,1,EL,1,100,-13542.200195
1752787922.227094,223189.500,34496,2,EL,1,100,-13507.400391
1752787922.293595,223256.000,34496,2,EL,1,100,-13496.400391
1752787922.360095,223322.500,34513,2,EL,1,100,-13502.000000
1752787922.426596,223389.000,34513,2,EL,1,100,-13501.599609
1752787922.493597,223456.000,34529,1,EL,1,100,-13499.000000
1752787922.560097,223522.500,34545,2,EL,1,100,-13506.799805
1752787922.626598,223589.000,34545,2,EL,1,100,-13507.200195
1752787922.693598,223656.000,34561,1,EL,1,100,-13508.400391
1752787922.760099,223722.500,34578,2,EL,1,100,-13512.799805
1752787922.826599,223789.000,34578,2,EL,1,100,-13513.599609
1752787922.893600,223856.000,34598,1,EL,1,100,-13513.200195
1752787922.960100,223922.500,34614,2,EL,1,100,-13517.599609
1752787923.026601,223989.000,34614,2,EL,1,100,-13521.599609
1752787923.093601,224056.000,34630,1,EL,1,100,-13523.799805
1752787923.160102,224122.500,34649,2,EL,1,100,-13524.400391
1752787923.226603,224189.000,34649,2,EL,1,100,-13512.400391
1752787923.293603,224256.000,34666,1,EL,1,100,-13517.200195
1752787923.360104,224322.500,34681,2,EL,1,100,-13526.799805
1752787923.426604,224389.000,34681,2,EL,1,100,-13529.799805
1752787923.493605,224456.000,34699,1,EL,1,100,-13536.799805
1752787923.560105,224522.500,34719,2,EL,1,100,-13537.000000
1752787923.626606,224589.000,34719,2,EL,1,100,-13522.799805
1752787923.693606,224656.000,34735,1,EL,1,100,-13525.799805
1752787923.760107,224722.500,34751,2,EL,1,100,-13537.599609
1752787923.826608,224789.000,34751,2,EL,1,100,-13540.799805
1752787923.893608,224856.000,34766,1,EL,1,100,-13540.599609
1752787923.960109,224922.500,34786,2,EL,1,100,-13533.799805
1752787924.026609,224989.000,34786,2,EL,1,100,-13547.000000
1752787924.093610,225056.000,34804,1,EL,1,100,-13571.200195
1752787924.160110,225122.500,34822,2,EL,1,100,-13562.000000
1752787924.226611,225189.000,34822,2,EL,1,100,-13555.200195
1752787924.293111,225255.500,34838,2,EL,1,100,-13549.799805
1752787924.359612,225322.000,34838,2,EL,1,100,-13546.200195
1752787924.426612,225389.000,34855,1,EL,1,100,-13556.000000
1752787924.493113,225455.500,34871,2,EL,1,100,-13558.400391
1752787924.559614,225522.000,34871,2,EL,1,100,-13574.799805
1752787924.626614,225589.000,34891,1,EL,1,100,-13565.799805
1752787924.693115,225655.500,34907,2,EL,1,100,-13551.400391
1752787924.759615,225722.000,34907,2,EL,1,100,-13552.799805
1752787924.826116,225788.500,34929,2,EL,1,100,-13540.400391
1752787924.892616,225855.000,34929,2,EL,1,100,-13537.400391
1752787924.959617,225922.000,34946,1,EL,1,100,-13547.599609
1752787925.026117,225988.500,34963,2,EL,1,100,-13558.400391
1752787925.092618,226055.000,34963,2,EL,1,100,-13566.799805
1752787925.159619,226122.000,34979,1,EL,1,100,-13573.200195
1752787925.226119,226188.500,34997,2,EL,1,100,-13573.599609
1752787925.292620,226255.000,34997,2,EL,1,100,-13573.400391
1752787925.359620,226322.000,35013,1,EL,1,100,-13581.599609
1752787925.426621,226389.000,35030,2,EL,1,100,-13582.799805
1752787925.493621,226456.000,35030,2,EL,1,100,-13589.200195
1752787925.559622,226522.000,35046,1,EL,1,100,-13599.400391
1752787925.626622,226589.000,35065,2,EL,1,100,-13593.400391
1752787925.693623,226656.000,35065,2,EL,1,100,-13589.000000
1752787925.760123,226722.500,35082,2,EL,1,100,-13586.200195
1752787925.826624,226789.000,35082,2,EL,1,100,-13582.400391
1752787925.892625,226855.000,35099,1,EL,1,100,-13584.599609
1752787925.959625,226922.000,35118,2,EL,1,100,-13585.799805
1752787926.026626,226989.000,35118,2,EL,1,100,-13596.400391
1752787926.092626,227055.000,35135,1,EL,1,100,-13595.000000
1752787926.159627,227122.000,35151,2,EL,1,100,-13592.799805
1752787926.226627,227189.000,35151,2,EL,1,100,-13596.200195
1752787926.292628,227255.000,35169,1,EL,1,100,-13596.200195
1752787926.359628,227322.000,35185,2,EL,1,100,-13616.000000
1752787926.426629,227389.000,35185,2,EL,1,100,-13615.599609
1752787926.492630,227455.000,35204,1,EL,1,100,-13574.400391
1752787926.559630,227522.000,35219,2,EL,1,100,-13576.000000
1752787926.626631,227589.000,35219,2,EL,1,100,-13609.000000
1752787926.692631,227655.000,35236,1,EL,1,100,-13630.000000
1752787926.759632,227722.000,35252,2,EL,1,100,-13637.000000
1752787926.826632,227789.000,35252,2,EL,1,100,-13659.000000
1752787926.892633,227855.000,35269,1,EL,1,100,-13643.799805
1752787926.959633,227922.000,35288,2,EL,1,100,-13623.799805
1752787927.026634,227989.000,35288,2,EL,1,100,-13623.400391
1752787927.092634,228055.000,35305,1,EL,1,100,-13632.400391
1752787927.159635,228122.000,35321,2,EL,1,100,-13638.000000
1752787927.226636,228189.000,35321,2,EL,1,100,-13664.000000
1752787927.292636,228255.000,35339,1,EL,1,100,-13663.400391
1752787927.359637,228322.000,35355,2,EL,1,100,-13654.200195
1752787927.426637,228389.000,35355,2,EL,1,100,-13652.599609
1752787927.492638,228455.000,35372,1,EL,1,100,-13657.400391
1752787927.559638,228522.000,35391,2,EL,1,100,-13656.599609
1752787927.626639,228589.000,35391,2,EL,1,100,-13654.000000
1752787927.692639,228655.000,35408,1,EL,1,100,-13651.200195
1752787927.759640,228722.000,35423,2,EL,1,100,-13649.000000
1752787927.826641,228789.000,35423,2,EL,1,100,-13651.400391
1752787927.892641,228855.000,35439,1,EL,1,100,-13656.599609
1752787927.959642,228922.000,35456,2,EL,1,100,-13666.200195
1752787928.026642,228989.000,35456,2,EL,1,100,-13676.599609
1752787928.093143,229055.500,35477,2,EL,1,100,-13646.200195
1752787928.159643,229122.000,35477,2,EL,1,100,-13635.799805
1752787928.226644,229189.000,35493,1,EL,1,100,-13653.000000
1752787928.293144,229255.500,35509,2,EL,1,100,-13666.200195
1752787928.359645,229322.000,35509,2,EL,1,100,-13675.000000
1752787928.425645,229388.000,35525,1,EL,1,100,-13675.799805
1752787928.492646,229455.000,35544,2,EL,1,100,-13677.200195
1752787928.559647,229522.000,35544,2,EL,1,100,-13674.599609
1752787928.626647,229589.000,35561,1,EL,1,100,-13673.400391
1752787928.693148,229655.500,35578,2,EL,1,100,-13671.400391
1752787928.759648,229722.000,35578,2,EL,1,100,-13670.000000
1752787928.825649,229788.000,35594,1,EL,1,100,-13683.400391
1752787928.892649,229855.000,35614,2,EL,1,100,-13679.799805
1752787928.959650,229922.000,35614,2,EL,1,100,-13674.599609
1752787929.025650,229988.000,35630,1,EL,1,100,-13675.000000
1752787929.092651,230055.000,35645,2,EL,1,100,-13680.400391
1752787929.159651,230122.000,35645,2,EL,1,100,-13679.400391
1752787929.225652,230188.000,35663,1,EL,1,100,-13680.000000
1752787929.292653,230255.000,35681,2,EL,1,100,-13679.000000
1752787929.359653,230322.000,35681,2,EL,1,100,-13680.000000
1752787929.425654,230388.000,35697,1,EL,1,100,-13681.799805
1752787929.492654,230455.000,35712,2,EL,1,100,-13685.400391
1752787929.559655,230522.000,35712,2,EL,1,100,-13689.400391
1752787929.625655,230588.000,35729,1,EL,1,100,-13691.799805
1752787929.692656,230655.000,35748,2,EL,1,100,-13688.400391
1752787929.759656,230722.000,35748,2,EL,1,100,-13691.400391
1752787929.825657,230788.000,35766,1,EL,1,100,-13694.200195
1752787929.892324,230854.667,35790,3,EL,1,100,-13692.200195
1752787929.958991,230921.333,35790,3,EL,1,100,-13694.200195
1752787930.025659,230988.000,35790,3,EL,1,100,-13700.599609
1752787930.092659,231055.000,35808,1,EL,1,100,-13698.000000
1752787930.159160,231121.500,35823,2,EL,1,100,-13698.799805
1752787930.225660,231188.000,35823,2,EL,1,100,-13702.599609
1752787930.292661,231255.000,35840,1,EL,1,100,-13704.599609
1752787930.359161,231321.500,35859,2,EL,1,100,-13705.200195
1752787930.425662,231388.000,35859,2,EL,1,100,-13710.000000
1752787930.492662,231455.000,35875,1,EL,1,100,-13713.799805
1752787930.559163,231521.500,35892,2,EL,1,100,-13716.799805
1752787930.625664,231588.000,35892,2,EL,1,100,-13720.000000
1752787930.692664,231655.000,35907,1,EL,1,100,-13721.200195
1752787930.759165,231721.500,35924,2,EL,1,100,-13727.799805
1752787930.825665,231788.000,35924,2,EL,1,100,-13735.200195
1752787930.892666,231855.000,35943,2,EL,1,100,-13738.000000
1752787930.959666,231922.000,35943,2,EL,1,100,-13732.599609
1752787931.025667,231988.000,35964,1,EL,1,100,-13731.000000
1752787931.092667,232055.000,35978,2,EL,1,100,-13738.799805
1752787931.159668,232122.000,35978,2,EL,1,100,-13745.200195
1752787931.225669,232188.000,35995,1,EL,1,100,-13747.599609
1752787931.292669,232255.000,36012,2,EL,1,100,-13750.400391
1752787931.359670,232322.000,36012,2,EL,1,100,-13754.400391
1752787931.425670,232388.000,36029,1,EL,1,100,-13759.400391
1752787931.492171,232454.500,36045,2,EL,1,100,-13758.400391
1752787931.558671,232521.000,36045,2,EL,1,100,-13757.599609
1752787931.625672,232588.000,36063,1,EL,1,100,-13757.799805
1752787931.692172,232654.500,36081,2,EL,1,100,-13759.799805
1752787931.758673,232721.000,36081,2,EL,1,100,-13763.000000
1752787931.825673,232788.000,36098,1,EL,1,100,-13757.599609
1752787931.892174,232854.500,36113,2,EL,1,100,-13753.799805
1752787931.958675,232921.000,36113,2,EL,1,100,-13749.799805
1752787932.025675,232988.000,36130,1,EL,1,100,-13751.000000
1752787932.092176,233054.500,36146,2,EL,1,100,-13751.000000
1752787932.158676,233121.000,36146,2,EL,1,100,-13752.799805
1752787932.225677,233188.000,36165,1,EL,1,100,-13749.400391
1752787932.292177,233254.500,36180,2,EL,1,100,-13750.599609
1752787932.358678,233321.000,36180,2,EL,1,100,-13755.200195
1752787932.425678,233388.000,36197,1,EL,1,100,-13761.400391
1752787932.492179,233454.500,36213,2,EL,1,100,-13763.799805
1752787932.558680,233521.000,36213,2,EL,1,100,-13770.200195
1752787932.625680,233588.000,36231,1,EL,1,100,-13775.200195
1752787932.692181,233654.500,36246,2,EL,1,100,-13777.799805
1752787932.758681,233721.000,36246,2,EL,1,100,-13784.599609
1752787932.825682,233788.000,36264,1,EL,1,100,-13793.599609
1752787932.892182,233854.500,36283,2,EL,1,100,-13789.799805
1752787932.958683,233921.000,36283,2,EL,1,100,-13789.400391
1752787933.025683,233988.000,36300,1,EL,1,100,-13788.799805
1752787933.092184,234054.500,36315,2,EL,1,100,-13785.400391
1752787933.158684,234121.000,36315,2,EL,1,100,-13789.400391
1752787933.225685,234188.000,36332,2,EL,1,100,-13789.400391
1752787933.292686,234255.000,36332,2,EL,1,100,-13782.200195
1752787933.358686,234321.000,36348,1,EL,1,100,-13786.400391
1752787933.425687,234388.000,36367,2,EL,1,100,-13787.799805
1752787933.492687,234455.000,36367,2,EL,1,100,-13792.000000
1752787933.558688,234521.000,36385,1,EL,1,100,-13791.599609
1752787933.625688,234588.000,36401,2,EL,1,100,-13788.799805
1752787933.692689,234655.000,36401,2,EL,1,100,-13789.400391
1752787933.758689,234721.000,36417,1,EL,1,100,-13795.000000
1752787933.825690,234788.000,36436,2,EL,1,100,-13805.200195
1752787933.892691,234855.000,36436,2,EL,1,100,-13800.000000
1752787933.958691,234921.000,36453,1,EL,1,100,-13800.599609
1752787934.025692,234988.000,36472,2,EL,1,100,-13803.599609
1752787934.092692,235055.000,36472,2,EL,1,100,-13801.599609
1752787934.158693,235121.000,36488,1,EL,1,100,-13798.599609
1752787934.225693,235188.000,36506,2,EL,1,100,-13793.599609
1752787934.292694,235255.000,36506,2,EL,1,100,-13791.799805
1752787934.358694,235321.000,36522,1,EL,1,100,-13798.799805
1752787934.425695,235388.000,36537,2,EL,1,100,-13810.599609
1752787934.492695,235455.000,36537,2,EL,1,100,-13814.400391
1752787934.558696,235521.000,36553,1,EL,1,100,-13815.799805
1752787934.625697,235588.000,36573,2,EL,1,100,-13819.200195
1752787934.692697,235655.000,36573,2,EL,1,100,-13817.799805
1752787934.758698,235721.000,36591,1,EL,1,100,-13817.000000
1752787934.825698,235788.000,36607,2,EL,1,100,-13818.000000
1752787934.892699,235855.000,36607,2,EL,1,100,-13832.000000
1752787934.958699,235921.000,36623,1,EL,1,100,-13832.000000
1752787935.025367,235987.667,36647,3,EL,1,100,-13819.400391
1752787935.092034,236054.333,36647,3,EL,1,100,-13795.599609
1752787935.158701,236121.000,36647,3,EL,1,100,-13797.599609
1752787935.225702,236188.000,36665,1,EL,1,100,-13810.400391
1752787935.292202,236254.500,36683,2,EL,1,100,-13826.599609
1752787935.358703,236321.000,36683,2,EL,1,100,-13833.400391
1752787935.425703,236388.000,36699,1,EL,1,100,-13835.799805
1752787935.492204,236454.500,36714,2,EL,1,100,-13834.000000
1752787935.558704,236521.000,36714,2,EL,1,100,-13840.400391
1752787935.625705,236588.000,36731,1,EL,1,100,-13843.400391
1752787935.692205,236654.500,36748,2,EL,1,100,-13845.000000
1752787935.758706,236721.000,36748,2,EL,1,100,-13850.599609
1752787935.825706,236788.000,36764,1,EL,1,100,-13852.400391
1752787935.892207,236854.500,36782,2,EL,1,100,-13856.200195
1752787935.958708,236921.000,36782,2,EL,1,100,-13862.000000
1752787936.025708,236988.000,36800,1,EL,1,100,-13871.799805
1752787936.092209,237054.500,36819,2,EL,1,100,-13860.200195
1752787936.158709,237121.000,36819,2,EL,1,100,-13836.000000
1752787936.225710,237188.000,36835,1,EL,1,100,-13829.200195
1752787936.292210,237254.500,36851,2,EL,1,100,-13861.000000
1752787936.358711,237321.000,36851,2,EL,1,100,-13867.799805
1752787936.425711,237388.000,36867,1,EL,1,100,-13867.599609
1752787936.492212,237454.500,36886,2,EL,1,100,-13867.200195
1752787936.558712,237521.000,36886,2,EL,1,100,-13870.000000
1752787936.625713,237588.000,36903,1,EL,1,100,-13871.400391
1752787936.692214,237654.500,36921,2,EL,1,100,-13872.799805
1752787936.758714,237721.000,36921,2,EL,1,100,-13871.000000
1752787936.825715,237788.000,36936,1,EL,1,100,-13873.799805
1752787936.892215,237854.500,36954,2,EL,1,100,-13877.000000
1752787936.958716,237921.000,36954,2,EL,1,100,-13878.400391
1752787937.025716,237988.000,36970,1,EL,1,100,-13886.599609
1752787937.092217,238054.500,36990,2,EL,1,100,-13888.000000
1752787937.158717,238121.000,36990,2,EL,1,100,-13881.400391
1752787937.225218,238187.500,37006,2,EL,1,100,-13870.000000
1752787937.291719,238254.000,37006,2,EL,1,100,-13853.400391
1752787937.358719,238321.000,37023,1,EL,1,100,-13868.400391
1752787937.425220,238387.500,37039,2,EL,1,100,-13885.400391
1752787937.491720,238454.000,37039,2,EL,1,100,-13891.599609
1752787937.558721,238521.000,37056,1,EL,1,100,-13892.000000
1752787937.625221,238587.500,37073,2,EL,1,100,-13892.400391
1752787937.691722,238654.000,37073,2,EL,1,100,-13891.000000
1752787937.758722,238721.000,37092,1,EL,1,100,-13892.599609
1752787937.825223,238787.500,37110,2,EL,1,100,-13894.799805
1752787937.891723,238854.000,37110,2,EL,1,100,-13891.799805
1752787937.958724,238921.000,37128,1,EL,1,100,-13894.200195
1752787938.025225,238987.500,37144,2,EL,1,100,-13899.400391
1752787938.091725,239054.000,37144,2,EL,1,100,-13898.599609
1752787938.158726,239121.000,37161,1,EL,1,100,-13901.599609
1752787938.225226,239187.500,37180,2,EL,1,100,-13906.799805
1752787938.291727,239254.000,37180,2,EL,1,100,-13904.799805
1752787938.358727,239321.000,37199,1,EL,1,100,-13906.599609
1752787938.425228,239387.500,37213,2,EL,1,100,-13907.400391
1752787938.491728,239454.000,37213,2,EL,1,100,-13909.599609
1752787938.558729,239521.000,37230,1,EL,1,100,-13912.799805
1752787938.625230,239587.500,37249,2,EL,1,100,-13913.400391
1752787938.691730,239654.000,37249,2,EL,1,100,-13915.000000
1752787938.758731,239721.000,37266,1,EL,1,100,-13916.799805
1752787938.825231,239787.500,37280,2,EL,1,100,-13919.799805
1752787938.891732,239854.000,37280,2,EL,1,100,-13922.799805
1752787938.958732,239921.000,37300,1,EL,1,100,-13933.200195
1752787939.025233,239987.500,37316,2,EL,1,100,-13938.599609
1752787939.091733,240054.000,37316,2,EL,1,100,-13939.400391
1752787939.158734,240121.000,37333,1,EL,1,100,-13945.400391
1752787939.225234,240187.500,37349,2,EL,1,100,-13945.799805
1752787939.291735,240254.000,37349,2,EL,1,100,-13950.400391
1752787939.358736,240321.000,37365,1,EL,1,100,-13953.799805
1752787939.425236,240387.500,37381,2,EL,1,100,-13968.000000
1752787939.491737,240454.000,37381,2,EL,1,100,-13970.799805
1752787939.558237,240520.500,37403,2,EL,1,100,-13954.000000
1752787939.624738,240587.000,37403,2,EL,1,100,-13929.400391
1752787939.691738,240654.000,37419,1,EL,1,100,-13924.200195
1752787939.758239,240720.500,37434,2,EL,1,100,-13919.400391
1752787939.824739,240787.000,37434,2,EL,1,100,-13928.000000
1752787939.891740,240854.000,37450,1,EL,1,100,-13941.200195
1752787939.958241,240920.500,37468,2,EL,1,100,-13945.599609
1752787940.024741,240987.000,37468,2,EL,1,100,-13945.799805
1752787940.091742,241054.000,37484,1,EL,1,100,-13949.200195
1752787940.158242,241120.500,37506,2,EL,1,100,-13956.599609
1752787940.224743,241187.000,37506,2,EL,1,100,-13963.799805
1752787940.291743,241254.000,37523,2,EL,1,100,-13969.599609
1752787940.358744,241321.000,37523,2,EL,1,100,-13972.000000
1752787940.424744,241387.000,37539,1,EL,1,100,-13975.000000
1752787940.491745,241454.000,37555,2,EL,1,100,-13976.400391
1752787940.558745,241521.000,37555,2,EL,1,100,-13978.799805
1752787940.624746,241587.000,37575,1,EL,1,100,-13979.200195
1752787940.691747,241654.000,37590,2,EL,1,100,-13974.599609
1752787940.758747,241721.000,37590,2,EL,1,100,-13972.000000
1752787940.825248,241787.500,37608,2,EL,1,100,-13972.400391
1752787940.891748,241854.000,37608,2,EL,1,100,-13976.200195
1752787940.958749,241921.000,37625,1,EL,1,100,-13986.000000
1752787941.025249,241987.500,37644,2,EL,1,100,-13976.200195
1752787941.091750,242054.000,37644,2,EL,1,100,-13974.200195
1752787941.158750,242121.000,37660,1,EL,1,100,-13973.799805
1752787941.225251,242187.500,37676,2,EL,1,100,-13971.400391
1752787941.291752,242254.000,37676,2,EL,1,100,-13979.799805
1752787941.358752,242321.000,37694,1,EL,1,100,-13988.400391
1752787941.425253,242387.500,37711,2,EL,1,100,-13984.200195
1752787941.491753,242454.000,37711,2,EL,1,100,-13992.200195
1752787941.557754,242520.000,37727,1,EL,1,100,-14000.000000
1752787941.624754,242587.000,37743,2,EL,1,100,-14005.000000
1752787941.691755,242654.000,37743,2,EL,1,100,-14005.400391
1752787941.757755,242720.000,37759,1,EL,1,100,-14009.000000
1752787941.824756,242787.000,37776,2,EL,1,100,-14011.000000
1752787941.891756,242854.000,37776,2,EL,1,100,-14014.200195
1752787941.957757,242920.000,37795,1,EL,1,100,-14014.000000
1752787942.024758,242987.000,37812,2,EL,1,100,-14016.799805
1752787942.091758,243054.000,37812,2,EL,1,100,-14025.400391
1752787942.158759,243121.000,37830,1,EL,1,100,-14017.200195
1752787942.225259,243187.500,37848,2,EL,1,100,-13992.799805
1752787942.291760,243254.000,37848,2,EL,1,100,-13997.599609
1752787942.357760,243320.000,37864,1,EL,1,100,-14004.200195
1752787942.424761,243387.000,37879,2,EL,1,100,-14011.000000
1752787942.491761,243454.000,37879,2,EL,1,100,-14024.200195
1752787942.558762,243521.000,37897,1,EL,1,100,-14029.799805
1752787942.625263,243587.500,37917,2,EL,1,100,-14009.799805
1752787942.691763,243654.000,37917,2,EL,1,100,-14006.200195
1752787942.757764,243720.000,37933,1,EL,1,100,-14008.799805
1752787942.824764,243787.000,37949,2,EL,1,100,-14011.599609
1752787942.891765,243854.000,37949,2,EL,1,100,-14012.799805
1752787942.957765,243920.000,37965,1,EL,1,100,-14018.799805
1752787943.024766,243987.000,37982,2,EL,1,100,-14023.799805
1752787943.091766,244054.000,37982,2,EL,1,100,-14025.599609
1752787943.157767,244120.000,37998,1,EL,1,100,-14029.400391
1752787943.224767,244187.000,38017,2,EL,1,100,-14036.000000
1752787943.291768,244254.000,38017,2,EL,1,100,-14037.799805
1752787943.358269,244320.500,38032,2,EL,1,100,-14037.599609
1752787943.424769,244387.000,38032,2,EL,1,100,-14041.000000
1752787943.491770,244454.000,38051,1,EL,1,100,-14040.000000
1752787943.558270,244520.500,38068,2,EL,1,100,-14036.000000
1752787943.624771,244587.000,38068,2,EL,1,100,-14031.400391
1752787943.691771,244654.000,38085,1,EL,1,100,-14029.799805
1752787943.758272,244720.500,38099,2,EL,1,100,-14031.599609
1752787943.824772,244787.000,38099,2,EL,1,100,-14034.200195
1752787943.891773,244854.000,38116,1,EL,1,100,-14035.200195
1752787943.958273,244920.500,38135,2,EL,1,100,-14039.400391
1752787944.024774,244987.000,38135,2,EL,1,100,-14037.000000
1752787944.091775,245054.000,38152,1,EL,1,100,-14038.400391
1752787944.158275,245120.500,38166,2,EL,1,100,-14038.000000
1752787944.224776,245187.000,38166,2,EL,1,100,-14039.599609
1752787944.291776,245254.000,38184,1,EL,1,100,-14045.000000
1752787944.358277,245320.500,38200,2,EL,1,100,-14052.599609
1752787944.424777,245387.000,38200,2,EL,1,100,-14057.200195
1752787944.491778,245454.000,38217,1,EL,1,100,-14064.400391
1752787944.558278,245520.500,38236,2,EL,1,100,-14045.400391
1752787944.624779,245587.000,38236,2,EL,1,100,-14041.200195
1752787944.691780,245654.000,38253,1,EL,1,100,-14045.599609
1752787944.758280,245720.500,38269,2,EL,1,100,-14051.799805
1752787944.824781,245787.000,38269,2,EL,1,100,-14056.000000
1752787944.891781,245854.000,38286,1,EL,1,100,-14060.599609
1752787944.958282,245920.500,38301,2,EL,1,100,-14069.599609
1752787945.024782,245987.000,38301,2,EL,1,100,-14073.799805
1752787945.091783,246054.000,38320,1,EL,1,100,-14063.200195
1752787945.158283,246120.500,38338,2,EL,1,100,-14059.000000
1752787945.224784,246187.000,38338,2,EL,1,100,-14061.200195
1752787945.291284,246253.500,38361,2,EL,1,100,-14066.400391
1752787945.357785,246320.000,38361,2,EL,1,100,-14067.799805
1752787945.424286,246386.500,38377,2,EL,1,100,-14072.400391
1752787945.490786,246453.000,38377,2,EL,1,100,-14076.599609
1752787945.557787,246520.000,38394,1,EL,1,100,-14093.400391
1752787945.624287,246586.500,38411,2,EL,1,100,-14087.400391
1752787945.690788,246653.000,38411,2,EL,1,100,-14079.599609
1752787945.757788,246720.000,38428,1,EL,1,100,-14079.599609
1752787945.824289,246786.500,38446,2,EL,1,100,-14077.200195
1752787945.890789,246853.000,38446,2,EL,1,100,-14080.799805
1752787945.957790,246920.000,38464,1,EL,1,100,-14085.400391
1752787946.024291,246986.500,38482,2,EL,1,100,-14085.400391
1752787946.090791,247053.000,38482,2,EL,1,100,-14085.200195
1752787946.157792,247120.000,38499,1,EL,1,100,-14087.400391
1752787946.224292,247186.500,38516,2,EL,1,100,-14086.799805
1752787946.290793,247253.000,38516,2,EL,1,100,-14088.599609
1752787946.357793,247320.000,38533,1,EL,1,100,-14090.000000
1752787946.424294,247386.500,38548,2,EL,1,100,-14092.599609
1752787946.490794,247453.000,38548,2,EL,1,100,-14093.599609
1752787946.557795,247520.000,38566,1,EL,1,100,-14097.000000
1752787946.624295,247586.500,38583,2,EL,1,100,-14101.400391
1752787946.690796,247653.000,38583,2,EL,1,100,-14103.799805
1752787946.757797,247720.000,38600,1,EL,1,100,-14108.000000
1752787946.824297,247786.500,38617,2,EL,1,100,-14108.400391
1752787946.890798,247853.000,38617,2,EL,1,100,-14108.599609
1752787946.957798,247920.000,38634,2,EL,1,100,-14113.000000
1752787947.024799,247987.000,38634,2,EL,1,100,-14112.799805
1752787947.090799,248053.000,38650,1,EL,1,100,-14114.799805
1752787947.157800,248120.000,38671,2,EL,1,100,-14116.799805
1752787947.224800,248187.000,38671,2,EL,1,100,-14116.799805
1752787947.290801,248253.000,38688,1,EL,1,100,-14117.200195
1752787947.357802,248320.000,38703,2,EL,1,100,-14115.200195
1752787947.424802,248387.000,38703,2,EL,1,100,-14118.400391
1752787947.490803,248453.000,38719,1,EL,1,100,-14119.599609
1752787947.557803,248520.000,38737,2,EL,1,100,-14121.400391
1752787947.624804,248587.000,38737,2,EL,1,100,-14121.000000
1752787947.690804,248653.000,38753,1,EL,1,100,-14121.599609
1752787947.757805,248720.000,38772,2,EL,1,100,-14125.200195
1752787947.824805,248787.000,38772,2,EL,1,100,-14124.599609
1752787947.890806,248853.000,38788,1,EL,1,100,-14124.000000
1752787947.957806,248920.000,38806,2,EL,1,100,-14123.799805
1752787948.024807,248987.000,38806,2,EL,1,100,-14123.400391
1752787948.090808,249053.000,38822,1,EL,1,100,-14125.000000
1752787948.157808,249120.000,38837,2,EL,1,100,-14127.599609
1752787948.224809,249187.000,38837,2,EL,1,100,-14129.000000
1752787948.290809,249253.000,38854,1,EL,1,100,-14130.200195
1752787948.357810,249320.000,38875,2,EL,1,100,-14125.799805
1752787948.424810,249387.000,38875,2,EL,1,100,-14130.000000
1752787948.490811,249453.000,38891,1,EL,1,100,-14133.799805
1752787948.557811,249520.000,38908,2,EL,1,100,-14133.599609
1752787948.624812,249587.000,38908,2,EL,1,100,-14134.400391
1752787948.690813,249653.000,38923,1,EL,1,100,-14137.000000
1752787948.757813,249720.000,38942,2,EL,1,100,-14136.599609
1752787948.824814,249787.000,38942,2,EL,1,100,-14141.200195
1752787948.891314,249853.500,38959,2,EL,1,100,-14144.000000
1752787948.957815,249920.000,38959,2,EL,1,100,-14143.799805
1752787949.023815,249986.000,38980,1,EL,1,100,-14144.599609
1752787949.090816,250053.000,38994,2,EL,1,100,-14149.799805
1752787949.157816,250120.000,38994,2,EL,1,100,-14145.599609
1752787949.223817,250186.000,39011,1,EL,1,100,-14146.799805
1752787949.290817,250253.000,39028,2,EL,1,100,-14149.400391
1752787949.357818,250320.000,39028,2,EL,1,100,-14152.799805
1752787949.423819,250386.000,39045,1,EL,1,100,-14153.799805
1752787949.490819,250453.000,39059,2,EL,1,100,-14155.200195
1752787949.557820,250520.000,39059,2,EL,1,100,-14159.599609
1752787949.623820,250586.000,39079,1,EL,1,100,-14159.599609
1752787949.690821,250653.000,39097,2,EL,1,100,-14160.000000
1752787949.757821,250720.000,39097,2,EL,1,100,-14167.799805
1752787949.823822,250786.000,39114,1,EL,1,100,-14170.000000
1752787949.890822,250853.000,39131,2,EL,1,100,-14169.200195
1752787949.957823,250920.000,39131,2,EL,1,100,-14168.799805
1752787950.023823,250986.000,39148,1,EL,1,100,-14173.200195
1752787950.090824,251053.000,39164,2,EL,1,100,-14177.799805
1752787950.157825,251120.000,39164,2,EL,1,100,-14178.799805
1752787950.223825,251186.000,39181,1,EL,1,100,-14180.200195
1752787950.290826,251253.000,39200,2,EL,1,100,-14180.000000
1752787950.357826,251320.000,39200,2,EL,1,100,-14181.799805
1752787950.424327,251386.500,39222,2,EL,1,100,-14183.799805
1752787950.490827,251453.000,39222,2,EL,1,100,-14183.599609
1752787950.557328,251519.500,39239,2,EL,1,100,-14191.599609
1752787950.623828,251586.000,39239,2,EL,1,100,-14191.000000
1752787950.690829,251653.000,39258,1,EL,1,100,-14190.599609
1752787950.757330,251719.500,39274,2,EL,1,100,-14191.400391
1752787950.823830,251786.000,39274,2,EL,1,100,-14190.000000
1752787950.890831,251853.000,39293,1,EL,1,100,-14186.200195
1752787950.957331,251919.500,39310,2,EL,1,100,-14188.799805
1752787951.023832,251986.000,39310,2,EL,1,100,-14189.799805
1752787951.090832,252053.000,39327,1,EL,1,100,-14195.799805
1752787951.157333,252119.500,39345,2,EL,1,100,-14193.599609
1752787951.223833,252186.000,39345,2,EL,1,100,-14193.599609
1752787951.290834,252253.000,39363,1,EL,1,100,-14198.200195
1752787951.357334,252319.500,39379,2,EL,1,100,-14196.599609
1752787951.423835,252386.000,39379,2,EL,1,100,-14191.000000
1752787951.490836,252453.000,39398,1,EL,1,100,-14196.400391
1752787951.557336,252519.500,39415,2,EL,1,100,-14201.000000
1752787951.623837,252586.000,39415,2,EL,1,100,-14207.400391
1752787951.690837,252653.000,39432,1,EL,1,100,-14211.599609
1752787951.757338,252719.500,39448,2,EL,1,100,-14207.000000
1752787951.823838,252786.000,39448,2,EL,1,100,-14213.799805
1752787951.890839,252853.000,39465,1,EL,1,100,-14223.000000
1752787951.957339,252919.500,39482,2,EL,1,100,-14226.799805
1752787952.023840,252986.000,39482,2,EL,1,100,-14230.400391
1752787952.090841,253053.000,39501,1,EL,1,100,-14231.599609
1752787952.157341,253119.500,39517,2,EL,1,100,-14221.400391
1752787952.223842,253186.000,39517,2,EL,1,100,-14219.200195
1752787952.290842,253253.000,39535,1,EL,1,100,-14221.799805
1752787952.357343,253319.500,39551,2,EL,1,100,-14218.000000
1752787952.423843,253386.000,39551,2,EL,1,100,-14218.799805
1752787952.490844,253453.000,39568,1,EL,1,100,-14219.599609
1752787952.557344,253519.500,39584,2,EL,1,100,-14221.200195
1752787952.623845,253586.000,39584,2,EL,1,100,-14216.000000
1752787952.690345,253652.500,39602,2,EL,1,100,-14222.799805
1752787952.756846,253719.000,39602,2,EL,1,100,-14230.200195
1752787952.823847,253786.000,39618,1,EL,1,100,-14233.000000
1752787952.890347,253852.500,39636,2,EL,1,100,-14236.200195
1752787952.956848,253919.000,39636,2,EL,1,100,-14237.200195
1752787953.023848,253986.000,39654,1,EL,1,100,-14236.400391
1752787953.090349,254052.500,39669,2,EL,1,100,-14235.799805
1752787953.156849,254119.000,39669,2,EL,1,100,-14235.400391
1752787953.223850,254186.000,39685,1,EL,1,100,-14235.599609
1752787953.290350,254252.500,39703,2,EL,1,100,-14237.400391
1752787953.356851,254319.000,39703,2,EL,1,100,-14246.599609
1752787953.423852,254386.000,39721,1,EL,1,100,-14249.200195
1752787953.490352,254452.500,39738,2,EL,1,100,-14243.599609
1752787953.556853,254519.000,39738,2,EL,1,100,-14242.000000
1752787953.623853,254586.000,39755,1,EL,1,100,-14247.200195
1752787953.690354,254652.500,39774,2,EL,1,100,-14242.799805
1752787953.756854,254719.000,39774,2,EL,1,100,-14250.200195
1752787953.823855,254786.000,39790,1,EL,1,100,-14257.000000
1752787953.890355,254852.500,39808,2,EL,1,100,-14260.000000
1752787953.956856,254919.000,39808,2,EL,1,100,-14251.200195
1752787954.023856,254986.000,39826,1,EL,1,100,-14252.599609
1752787954.090357,255052.500,39843,2,EL,1,100,-14257.799805
1752787954.156858,255119.000,39843,2,EL,1,100,-14270.799805
1752787954.223858,255186.000,39859,1,EL,1,100,-14269.400391
1752787954.290359,255252.500,39877,2,EL,1,100,-14254.599609
1752787954.356859,255319.000,39877,2,EL,1,100,-14249.200195
1752787954.423860,255386.000,39893,1,EL,1,100,-14256.000000
1752787954.490360,255452.500,39910,2,EL,1,100,-14266.400391
1752787954.556861,255519.000,39910,2,EL,1,100,-14272.200195
1752787954.623861,255586.000,39929,1,EL,1,100,-14272.000000
1752787954.690362,255652.500,39947,2,EL,1,100,-14262.799805
1752787954.756863,255719.000,39947,2,EL,1,100,-14265.200195
1752787954.823863,255786.000,39962,1,EL,1,100,-14270.200195
1752787954.890364,255852.500,39982,2,EL,1,100,-14265.599609
1752787954.956864,255919.000,39982,2,EL,1,100,-14273.200195
1752787955.023865,255986.000,39998,1,EL,1,100,-14281.799805
1752787955.090365,256052.500,40014,2,EL,1,100,-14286.200195
1752787955.156866,256119.000,40014,2,EL,1,100,-14286.200195
1752787955.223366,256185.500,40034,2,EL,1,100,-14285.599609
1752787955.289867,256252.000,40034,2,EL,1,100,-14283.599609
1752787955.356867,256319.000,40051,1,EL,1,100,-14280.200195
1752787955.423368,256385.500,40067,2,EL,1,100,-14280.599609
1752787955.489869,256452.000,40067,2,EL,1,100,-14285.000000
1752787955.556869,256519.000,40090,2,EL,1,100,-14286.799805
1752787955.623870,256586.000,40090,2,EL,1,100,-14287.599609
1752787955.690870,256653.000,40106,1,EL,1,100,-14286.000000
1752787955.757371,256719.500,40121,2,EL,1,100,-14291.200195
1752787955.823871,256786.000,40121,2,EL,1,100,-14292.599609
1752787955.889872,256852.000,40139,1,EL,1,100,-14293.799805
1752787955.956872,256919.000,40161,2,EL,1,100,-14294.400391
1752787956.023873,256986.000,40161,2,EL,1,100,-14295.200195
1752787956.089873,257052.000,40177,1,EL,1,100,-14292.000000
1752787956.156874,257119.000,40193,2,EL,1,100,-14291.000000
1752787956.223875,257186.000,40193,2,EL,1,100,-14298.200195
1752787956.289875,257252.000,40209,1,EL,1,100,-14300.400391
1752787956.356876,257319.000,40228,2,EL,1,100,-14297.400391
1752787956.423876,257386.000,40228,2,EL,1,100,-14302.000000
1752787956.489877,257452.000,40246,1,EL,1,100,-14307.200195
1752787956.556877,257519.000,40265,2,EL,1,100,-14305.200195
1752787956.623878,257586.000,40265,2,EL,1,100,-14312.200195
1752787956.690378,257652.500,40280,2,EL,1,100,-14320.599609
1752787956.756879,257719.000,40280,2,EL,1,100,-14321.400391
1752787956.823880,257786.000,40299,1,EL,1,100,-14319.799805
1752787956.890380,257852.500,40316,2,EL,1,100,-14314.599609
1752787956.956881,257919.000,40316,2,EL,1,100,-14306.200195
1752787957.023881,257986.000,40333,1,EL,1,100,-14311.799805
1752787957.090382,258052.500,40351,2,EL,1,100,-14317.200195
1752787957.156882,258119.000,40351,2,EL,1,100,-14310.799805
1752787957.223883,258186.000,40368,1,EL,1,100,-14311.400391
1752787957.290383,258252.500,40385,2,EL,1,100,-14313.799805
1752787957.356884,258319.000,40385,2,EL,1,100,-14317.400391
1752787957.423884,258386.000,40402,1,EL,1,100,-14320.400391
1752787957.490385,258452.500,40416,2,EL,1,100,-14327.200195
1752787957.556886,258519.000,40416,2,EL,1,100,-14332.200195
1752787957.623886,258586.000,40434,1,EL,1,100,-14336.599609
1752787957.690387,258652.500,40454,2,EL,1,100,-14339.000000
1752787957.756887,258719.000,40454,2,EL,1,100,-14337.200195
1752787957.823888,258786.000,40471,1,EL,1,100,-14340.000000
1752787957.890388,258852.500,40486,2,EL,1,100,-14340.000000
1752787957.956889,258919.000,40486,2,EL,1,100,-14339.599609
1752787958.023889,258986.000,40503,1,EL,1,100,-14339.799805
1752787958.090390,259052.500,40519,2,EL,1,100,-14340.200195
1752787958.156891,259119.000,40519,2,EL,1,100,-14339.000000
1752787958.223891,259186.000,40536,1,EL,1,100,-14338.599609
1752787958.290392,259252.500,40553,2,EL,1,100,-14341.599609
1752787958.356892,259319.000,40553,2,EL,1,100,-14341.799805
1752787958.423893,259386.000,40570,1,EL,1,100,-14344.000000
1752787958.490393,259452.500,40586,2,EL,1,100,-14344.000000
1752787958.556894,259519.000,40586,2,EL,1,100,-14345.799805
1752787958.623894,259586.000,40604,1,EL,1,100,-14348.400391
1752787958.690395,259652.500,40621,2,EL,1,100,-14350.000000
1752787958.756895,259719.000,40621,2,EL,1,100,-14350.400391
1752787958.822896,259785.000,40637,1,EL,1,100,-14353.599609
1752787958.889897,259852.000,40656,2,EL,1,100,-14351.799805
1752787958.956897,259919.000,40656,2,EL,1,100,-14354.200195
1752787959.023398,259985.500,40673,2,EL,1,100,-14356.799805
1752787959.089898,260052.000,40673,2,EL,1,100,-14365.799805
1752787959.156899,260119.000,40689,1,EL,1,100,-14366.000000
1752787959.223399,260185.500,40707,2,EL,1,100,-14360.000000
1752787959.289900,260252.000,40707,2,EL,1,100,-14355.400391
1752787959.356900,260319.000,40723,1,EL,1,100,-14359.400391
1752787959.423401,260385.500,40740,2,EL,1,100,-14365.000000
1752787959.489902,260452.000,40740,2,EL,1,100,-14364.599609
1752787959.556902,260519.000,40758,1,EL,1,100,-14358.400391
1752787959.623403,260585.500,40774,2,EL,1,100,-14366.400391
1752787959.689903,260652.000,40774,2,EL,1,100,-14372.000000
1752787959.756904,260719.000,40790,1,EL,1,100,-14375.400391
1752787959.823404,260785.500,40809,2,EL,1,100,-14373.400391
1752787959.889905,260852.000,40809,2,EL,1,100,-14373.200195
1752787959.956905,260919.000,40826,1,EL,1,100,-14375.000000
1752787960.023406,260985.500,40841,2,EL,1,100,-14377.799805
1752787960.089906,261052.000,40841,2,EL,1,100,-14382.200195
1752787960.156907,261119.000,40859,1,EL,1,100,-14384.000000
1752787960.223408,261185.500,40877,2,EL,1,100,-14386.400391
1752787960.289908,261252.000,40877,2,EL,1,100,-14388.000000
1752787960.356909,261319.000,40893,1,EL,1,100,-14390.400391
1752787960.423409,261385.500,40908,2,EL,1,100,-14393.599609
1752787960.489910,261452.000,40908,2,EL,1,100,-14394.799805
1752787960.556910,261519.000,40924,1,EL,1,100,-14396.599609
1752787960.623578,261585.667,40949,3,EL,1,100,-14393.400391
1752787960.690245,261652.333,40949,3,EL,1,100,-14390.200195
1752787960.756912,261719.000,40949,3,EL,1,100,-14391.400391
1752787960.822913,261785.000,40967,1,EL,1,100,-14391.799805
1752787960.889913,261852.000,40985,2,EL,1,100,-14394.599609
1752787960.956914,261919.000,40985,2,EL,1,100,-14397.000000
1752787961.022914,261985.000,41003,1,EL,1,100,-14398.200195
1752787961.089915,262052.000,41018,2,EL,1,100,-14402.799805
1752787961.156915,262119.000,41018,2,EL,1,100,-14410.400391
1752787961.222916,262185.000,41034,1,EL,1,100,-14413.599609
1752787961.289916,262252.000,41052,2,EL,1,100,-14411.599609
1752787961.356917,262319.000,41052,2,EL,1,100,-14418.599609
1752787961.422917,262385.000,41072,1,EL,1,100,-14414.599609
1752787961.489918,262452.000,41088,2,EL,1,100,-14405.599609
1752787961.556919,262519.000,41088,2,EL,1,100,-14403.400391
1752787961.622919,262585.000,41104,1,EL,1,100,-14405.200195
1752787961.689420,262651.500,41121,2,EL,1,100,-14407.599609
1752787961.755920,262718.000,41121,2,EL,1,100,-14412.200195
1752787961.822921,262785.000,41137,2,EL,1,100,-14415.000000
1752787961.889921,262852.000,41137,2,EL,1,100,-14419.200195
1752787961.955922,262918.000,41155,1,EL,1,100,-14420.400391
1752787962.022922,262985.000,41171,2,EL,1,100,-14422.599609
1752787962.089923,263052.000,41171,2,EL,1,100,-14425.000000
1752787962.155924,263118.000,41188,1,EL,1,100,-14425.599609
1752787962.222924,263185.000,41207,2,EL,1,100,-14426.000000
1752787962.289925,263252.000,41207,2,EL,1,100,-14428.000000
1752787962.355925,263318.000,41224,1,EL,1,100,-14427.400391
1752787962.422926,263385.000,41238,2,EL,1,100,-14429.200195
1752787962.489926,263452.000,41238,2,EL,1,100,-14430.200195
1752787962.555927,263518.000,41255,1,EL,1,100,-14432.599609
1752787962.622927,263585.000,41276,2,EL,1,100,-14435.599609
1752787962.689928,263652.000,41276,2,EL,1,100,-14434.200195
1752787962.755928,263718.000,41293,1,EL,1,100,-14434.200195
1752787962.822929,263785.000,41309,2,EL,1,100,-14437.400391
1752787962.889930,263852.000,41309,2,EL,1,100,-14436.799805
1752787962.955930,263918.000,41327,1,EL,1,100,-14439.799805
1752787963.022931,263985.000,41343,2,EL,1,100,-14437.599609
1752787963.089931,264052.000,41343,2,EL,1,100,-14438.799805
1752787963.156932,264119.000,41360,1,EL,1,100,-14443.200195
1752787963.223432,264185.500,41379,2,EL,1,100,-14442.400391
1752787963.289933,264252.000,41379,2,EL,1,100,-14443.000000
1752787963.355933,264318.000,41396,1,EL,1,100,-14444.200195
1752787963.422934,264385.000,41412,2,EL,1,100,-14443.000000
1752787963.489935,264452.000,41412,2,EL,1,100,-14445.799805
1752787963.555935,264518.000,41429,1,EL,1,100,-14448.200195
1752787963.622936,264585.000,41445,2,EL,1,100,-14449.200195
1752787963.689936,264652.000,41445,2,EL,1,100,-14451.400391
1752787963.755937,264718.000,41461,1,EL,1,100,-14455.400391
1752787963.822937,264785.000,41479,2,EL,1,100,-14451.599609
1752787963.889938,264852.000,41479,2,EL,1,100,-14453.799805
1752787963.956438,264918.500,41501,2,EL,1,100,-14457.599609
1752787964.022939,264985.000,41501,2,EL,1,100,-14457.200195
1752787964.089939,265052.000,41517,1,EL,1,100,-14458.000000
1752787964.156440,265118.500,41534,2,EL,1,100,-14461.200195
1752787964.222941,265185.000,41534,2,EL,1,100,-14460.000000
1752787964.289941,265252.000,41551,1,EL,1,100,-14461.400391
1752787964.356442,265318.500,41568,2,EL,1,100,-14460.599609
1752787964.422942,265385.000,41568,2,EL,1,100,-14462.799805
1752787964.489943,265452.000,41584,1,EL,1,100,-14466.200195
1752787964.556443,265518.500,41602,2,EL,1,100,-14471.400391
1752787964.622944,265585.000,41602,2,EL,1,100,-14472.000000
1752787964.689944,265652.000,41620,1,EL,1,100,-14470.599609
1752787964.756445,265718.500,41637,2,EL,1,100,-14470.200195
1752787964.822945,265785.000,41637,2,EL,1,100,-14470.799805
1752787964.888946,265851.000,41653,1,EL,1,100,-14474.200195
1752787964.955947,265918.000,41669,2,EL,1,100,-14478.400391
1752787965.022947,265985.000,41669,2,EL,1,100,-14478.000000
1752787965.088948,266051.000,41685,1,EL,1,100,-14484.000000
1752787965.155948,266118.000,41704,2,EL,1,100,-14485.200195
1752787965.222949,266185.000,41704,2,EL,1,100,-14472.799805
1752787965.289949,266252.000,41723,1,EL,1,100,-14469.200195
1752787965.356450,266318.500,41738,2,EL,1,100,-14476.799805
1752787965.422950,266385.000,41738,2,EL,1,100,-14483.799805
1752787965.488951,266451.000,41754,1,EL,1,100,-14483.599609
1752787965.555952,266518.000,41772,2,EL,1,100,-14482.200195
1752787965.622952,266585.000,41772,2,EL,1,100,-14483.599609
1752787965.689953,266652.000,41788,1,EL,1,100,-14485.000000
1752787965.756287,266718.333,41811,3,EL,1,100,-14487.799805
1752787965.822620,266784.667,41811,3,EL,1,100,-14489.799805
1752787965.888954,266851.000,41811,3,EL,1,100,-14494.599609
1752787965.955955,266918.000,41828,1,EL,1,100,-14495.799805
1752787966.022455,266984.500,41847,2,EL,1,100,-14503.200195
1752787966.088956,267051.000,41847,2,EL,1,100,-14499.799805
1752787966.155956,267118.000,41863,1,EL,1,100,-14501.200195
1752787966.222457,267184.500,41883,2,EL,1,100,-14505.000000
1752787966.288958,267251.000,41883,2,EL,1,100,-14502.599609
1752787966.355958,267318.000,41899,1,EL,1,100,-14501.599609
1752787966.422459,267384.500,41916,2,EL,1,100,-14501.000000
1752787966.488959,267451.000,41916,2,EL,1,100,-14496.799805
1752787966.555960,267518.000,41932,1,EL,1,100,-14496.400391
1752787966.622460,267584.500,41950,2,EL,1,100,-14494.200195
1752787966.688961,267651.000,41950,2,EL,1,100,-14497.200195
1752787966.755961,267718.000,41966,1,EL,1,100,-14502.200195
1752787966.822462,267784.500,41982,2,EL,1,100,-14511.000000
1752787966.888963,267851.000,41982,2,EL,1,100,-14513.400391
1752787966.955963,267918.000,41998,1,EL,1,100,-14517.200195
1752787967.022464,267984.500,42015,2,EL,1,100,-14519.200195
1752787967.088964,268051.000,42015,2,EL,1,100,-14521.200195
1752787967.155965,268118.000,42033,2,EL,1,100,-14522.000000
1752787967.222965,268185.000,42033,2,EL,1,100,-14524.599609
1752787967.288966,268251.000,42053,1,EL,1,100,-14519.599609
1752787967.355966,268318.000,42067,2,EL,1,100,-14515.799805
1752787967.422967,268385.000,42067,2,EL,1,100,-14515.000000
1752787967.488967,268451.000,42084,1,EL,1,100,-14514.599609
1752787967.555968,268518.000,42101,2,EL,1,100,-14517.599609
1752787967.622969,268585.000,42101,2,EL,1,100,-14520.000000
1752787967.688969,268651.000,42118,1,EL,1,100,-14524.200195
1752787967.755970,268718.000,42132,2,EL,1,100,-14526.200195
1752787967.822970,268785.000,42132,2,EL,1,100,-14529.400391
1752787967.888971,268851.000,42151,1,EL,1,100,-14535.000000
1752787967.955971,268918.000,42168,2,EL,1,100,-14533.599609
1752787968.022972,268985.000,42168,2,EL,1,100,-14535.799805
1752787968.088972,269051.000,42185,1,EL,1,100,-14536.799805
1752787968.155973,269118.000,42201,2,EL,1,100,-14535.400391
1752787968.222974,269185.000,42201,2,EL,1,100,-14534.200195
1752787968.288974,269251.000,42219,1,EL,1,100,-14533.799805
1752787968.355975,269318.000,42235,2,EL,1,100,-14534.400391
1752787968.422975,269385.000,42235,2,EL,1,100,-14531.599609
1752787968.488976,269451.000,42254,1,EL,1,100,-14530.400391
1752787968.555976,269518.000,42269,2,EL,1,100,-14534.799805
1752787968.622977,269585.000,42269,2,EL,1,100,-14536.400391
1752787968.688977,269651.000,42286,1,EL,1,100,-14543.200195
1752787968.755478,269717.500,42304,2,EL,1,100,-14546.799805
1752787968.821978,269784.000,42304,2,EL,1,100,-14542.799805
1752787968.888979,269851.000,42321,1,EL,1,100,-14537.000000
1752787968.955480,269917.500,42337,2,EL,1,100,-14536.400391
1752787969.021980,269984.000,42337,2,EL,1,100,-14547.599609
1752787969.088981,270051.000,42355,1,EL,1,100,-14552.799805
1752787969.155481,270117.500,42373,2,EL,1,100,-14547.799805
1752787969.221982,270184.000,42373,2,EL,1,100,-14550.799805
1752787969.288982,270251.000,42391,1,EL,1,100,-14553.400391
1752787969.355483,270317.500,42406,2,EL,1,100,-14556.799805
1752787969.421983,270384.000,42406,2,EL,1,100,-14558.000000
1752787969.488984,270451.000,42422,2,EL,1,100,-14558.799805
1752787969.555985,270518.000,42422,2,EL,1,100,-14562.799805
1752787969.621985,270584.000,42441,1,EL,1,100,-14561.000000
1752787969.688986,270651.000,42460,2,EL,1,100,-14570.400391
1752787969.755986,270718.000,42460,2,EL,1,100,-14571.200195
1752787969.821987,270784.000,42478,1,EL,1,100,-14567.599609
1752787969.888987,270851.000,42494,2,EL,1,100,-14564.599609
1752787969.955988,270918.000,42494,2,EL,1,100,-14558.400391
1752787970.021988,270984.000,42510,1,EL,1,100,-14565.200195
1752787970.088989,271051.000,42527,2,EL,1,100,-14563.799805
1752787970.155989,271118.000,42527,2,EL,1,100,-14564.799805
1752787970.221990,271184.000,42543,1,EL,1,100,-14568.799805
1752787970.288991,271251.000,42561,2,EL,1,100,-14571.599609
1752787970.355991,271318.000,42561,2,EL,1,100,-14577.000000
1752787970.421992,271384.000,42579,1,EL,1,100,-14570.799805
1752787970.488992,271451.000,42596,2,EL,1,100,-14569.799805
1752787970.555993,271518.000,42596,2,EL,1,100,-14574.200195
1752787970.621993,271584.000,42613,1,EL,1,100,-14577.400391
1752787970.688994,271651.000,42628,2,EL,1,100,-14581.599609
1752787970.755994,271718.000,42628,2,EL,1,100,-14583.000000
1752787970.821995,271784.000,42644,1,EL,1,100,-14584.000000
1752787970.888995,271851.000,42671,2,EL,1,100,-14584.000000
1752787970.955996,271918.000,42671,2,EL,1,100,-14579.000000
1752787971.022497,271984.500,42689,2,EL,1,100,-14581.799805
1752787971.088997,272051.000,42689,2,EL,1,100,-14585.599609
1752787971.155998,272118.000,42706,1,EL,1,100,-14590.200195
1752787971.222498,272184.500,42722,2,EL,1,100,-14594.000000
1752787971.288999,272251.000,42722,2,EL,1,100,-14592.799805
1752787971.355499,272317.500,42740,2,EL,1,100,-14592.400391
1752787971.422000,272384.000,42740,2,EL,1,100,-14590.000000
1752787971.489000,272451.000,42756,1,EL,1,100,-14594.599609
1752787971.555501,272517.500,42778,2,EL,1,100,-14596.400391
1752787971.622002,272584.000,42778,2,EL,1,100,-14595.599609
1752787971.689002,272651.000,42794,1,EL,1,100,-14596.200195
1752787971.755503,272717.500,42809,2,EL,1,100,-14599.400391
1752787971.822003,272784.000,42809,2,EL,1,100,-14602.400391
1752787971.889004,272851.000,42827,1,EL,1,100,-14598.400391
1752787971.955504,272917.500,42845,2,EL,1,100,-14603.799805
1752787972.022005,272984.000,42845,2,EL,1,100,-14606.400391
1752787972.089005,273051.000,42861,1,EL,1,100,-14608.799805
1752787972.155506,273117.500,42880,2,EL,1,100,-14611.400391
1752787972.222006,273184.000,42880,2,EL,1,100,-14609.599609
1752787972.289007,273251.000,42897,1,EL,1,100,-14610.400391
1752787972.355508,273317.500,42914,2,EL,1,100,-14608.000000
1752787972.422008,273384.000,42914,2,EL,1,100,-14613.799805
1752787972.489009,273451.000,42930,1,EL,1,100,-14617.000000
1752787972.555509,273517.500,42948,2,EL,1,100,-14620.799805
1752787972.622010,273584.000,42948,2,EL,1,100,-14617.400391
1752787972.689010,273651.000,42964,1,EL,1,100,-14619.400391
1752787972.755511,273717.500,42983,2,EL,1,100,-14618.000000
1752787972.822011,273784.000,42983,2,EL,1,100,-14618.000000
1752787972.889012,273851.000,42999,1,EL,1,100,-14622.799805
1752787972.955513,273917.500,43017,2,EL,1,100,-14622.200195
1752787973.022013,273984.000,43017,2,EL,1,100,-14612.599609
1752787973.089014,274051.000,43033,1,EL,1,100,-14619.400391
1752787973.155514,274117.500,43050,2,EL,1,100,-14628.200195
1752787973.222015,274184.000,43050,2,EL,1,100,-14634.799805
1752787973.289015,274251.000,43069,1,EL,1,100,-14629.799805
1752787973.355516,274317.500,43087,2,EL,1,100,-14629.599609
1752787973.422016,274384.000,43087,2,EL,1,100,-14633.799805
1752787973.489017,274451.000,43102,1,EL,1,100,-14636.000000
1752787973.555517,274517.500,43122,2,EL,1,100,-14635.000000
1752787973.622018,274584.000,43122,2,EL,1,100,-14634.400391
1752787973.689019,274651.000,43138,1,EL,1,100,-14635.200195
1752787973.755519,274717.500,43154,2,EL,1,100,-14636.200195
1752787973.822020,274784.000,43154,2,EL,1,100,-14640.799805
1752787973.888520,274850.500,43172,2,EL,1,100,-14642.799805
1752787973.955021,274917.000,43172,2,EL,1,100,-14641.799805
1752787974.022021,274984.000,43189,1,EL,1,100,-14646.400391
1752787974.088522,275050.500,43207,2,EL,1,100,-14648.200195
1752787974.155022,275117.000,43207,2,EL,1,100,-14650.599609
1752787974.222023,275184.000,43226,1,EL,1,100,-14647.000000
1752787974.288524,275250.500,43241,2,EL,1,100,-14646.799805
1752787974.355024,275317.000,43241,2,EL,1,100,-14645.200195
1752787974.422025,275384.000,43258,1,EL,1,100,-14649.400391
1752787974.488525,275450.500,43274,2,EL,1,100,-14652.000000
1752787974.555026,275517.000,43274,2,EL,1,100,-14657.599609
1752787974.622026,275584.000,43294,1,EL,1,100,-14653.799805
1752787974.688527,275650.500,43310,2,EL,1,100,-14647.799805
1752787974.755027,275717.000,43310,2,EL,1,100,-14648.400391
1752787974.822028,275784.000,43327,1,EL,1,100,-14655.000000
1752787974.888528,275850.500,43344,2,EL,1,100,-14662.200195
1752787974.955029,275917.000,43344,2,EL,1,100,-14665.799805
1752787975.022030,275984.000,43363,1,EL,1,100,-14661.000000
1752787975.088530,276050.500,43377,2,EL,1,100,-14662.799805
1752787975.155031,276117.000,43377,2,EL,1,100,-14661.799805
1752787975.222031,276184.000,43394,1,EL,1,100,-14662.799805
1752787975.288532,276250.500,43413,2,EL,1,100,-14662.799805
1752787975.355032,276317.000,43413,2,EL,1,100,-14663.599609
1752787975.422033,276384.000,43430,1,EL,1,100,-14665.599609
1752787975.488533,276450.500,43444,2,EL,1,100,-14668.799805
1752787975.555034,276517.000,43444,2,EL,1,100,-14671.000000
1752787975.622035,276584.000,43462,1,EL,1,100,-14672.599609
1752787975.688535,276650.500,43478,2,EL,1,100,-14674.200195
1752787975.755036,276717.000,43478,2,EL,1,100,-14677.599609
1752787975.822036,276784.000,43495,1,EL,1,100,-14677.400391
1752787975.888537,276850.500,43511,2,EL,1,100,-14681.799805
1752787975.955037,276917.000,43511,2,EL,1,100,-14686.200195
1752787976.021538,276983.500,43538,2,EL,1,100,-14689.000000
1752787976.088038,277050.000,43538,2,EL,1,100,-14685.599609
1752787976.155039,277117.000,43554,2,EL,1,100,-14688.200195
1752787976.222039,277184.000,43554,2,EL,1,100,-14687.000000
1752787976.288040,277250.000,43572,1,EL,1,100,-14687.799805
1752787976.355041,277317.000,43588,2,EL,1,100,-14690.000000
1752787976.422041,277384.000,43588,2,EL,1,100,-14691.200195
1752787976.488042,277450.000,43605,1,EL,1,100,-14695.000000
1752787976.555042,277517.000,43622,2,EL,1,100,-14693.599609
1752787976.622043,277584.000,43622,2,EL,1,100,-14692.200195
1752787976.688043,277650.000,43641,1,EL,1,100,-14693.200195
1752787976.755044,277717.000,43657,2,EL,1,100,-14695.200195
1752787976.822044,277784.000,43657,2,EL,1,100,-14698.400391
1752787976.888045,277850.000,43676,1,EL,1,100,-14697.599609
1752787976.955046,277917.000,43691,2,EL,1,100,-14695.599609
1752787977.022046,277984.000,43691,2,EL,1,100,-14696.400391
1752787977.088047,278050.000,43708,1,EL,1,100,-14702.799805
1752787977.155047,278117.000,43724,2,EL,1,100,-14710.599609
1752787977.222048,278184.000,43724,2,EL,1,100,-14709.799805
1752787977.288048,278250.000,43744,1,EL,1,100,-14707.000000
1752787977.355049,278317.000,43761,2,EL,1,100,-14708.599609
1752787977.422049,278384.000,43761,2,EL,1,100,-14707.000000
1752787977.488550,278450.500,43777,2,EL,1,100,-14708.000000
1752787977.555050,278517.000,43777,2,EL,1,100,-14712.799805
1752787977.622051,278584.000,43794,1,EL,1,100,-14713.599609
1752787977.688552,278650.500,43811,2,EL,1,100,-14715.200195
1752787977.755052,278717.000,43811,2,EL,1,100,-14716.400391
1752787977.822053,278784.000,43829,1,EL,1,100,-14715.400391
1752787977.888553,278850.500,43845,2,EL,1,100,-14715.799805
1752787977.955054,278917.000,43845,2,EL,1,100,-14721.599609
1752787978.022054,278984.000,43863,1,EL,1,100,-14724.200195
1752787978.088555,279050.500,43882,2,EL,1,100,-14722.000000
1752787978.155055,279117.000,43882,2,EL,1,100,-14721.000000
1752787978.222056,279184.000,43898,1,EL,1,100,-14723.200195
1752787978.288556,279250.500,43914,2,EL,1,100,-14723.599609
1752787978.355057,279317.000,43914,2,EL,1,100,-14723.799805
1752787978.421058,279383.000,43930,1,EL,1,100,-14721.799805
1752787978.488058,279450.000,43947,2,EL,1,100,-14727.400391
1752787978.555059,279517.000,43947,2,EL,1,100,-14728.000000
1752787978.622059,279584.000,43966,1,EL,1,100,-14732.400391
1752787978.688560,279650.500,43983,2,EL,1,100,-14719.400391
1752787978.755060,279717.000,43983,2,EL,1,100,-14700.599609
1752787978.821061,279783.000,43999,1,EL,1,100,-14723.400391
1752787978.888061,279850.000,44017,2,EL,1,100,-14735.200195
1752787978.955062,279917.000,44017,2,EL,1,100,-14738.400391
1752787979.021063,279983.000,44033,1,EL,1,100,-14739.799805
1752787979.088063,280050.000,44050,2,EL,1,100,-14742.599609
1752787979.155064,280117.000,44050,2,EL,1,100,-14740.000000
1752787979.222064,280184.000,44068,1,EL,1,100,-14740.000000
1752787979.288565,280250.500,44086,2,EL,1,100,-14758.400391
1752787979.355065,280317.000,44086,2,EL,1,100,-14754.599609
1752787979.421066,280383.000,44104,1,EL,1,100,-14730.599609
1752787979.488066,280450.000,44120,2,EL,1,100,-14727.799805
1752787979.555067,280517.000,44120,2,EL,1,100,-14730.400391
1752787979.621567,280583.500,44136,2,EL,1,100,-14745.000000
1752787979.688068,280650.000,44136,2,EL,1,100,-14749.599609
1752787979.755069,280717.000,44153,1,EL,1,100,-14750.599609
1752787979.821569,280783.500,44169,2,EL,1,100,-14750.599609
1752787979.888070,280850.000,44169,2,EL,1,100,-14750.599609
1752787979.955070,280917.000,44191,1,EL,1,100,-14750.599609
1752787980.021571,280983.500,44205,2,EL,1,100,-14761.799805
1752787980.088071,281050.000,44205,2,EL,1,100,-14769.799805
1752787980.155072,281117.000,44224,1,EL,1,100,-14760.599609
1752787980.221572,281183.500,44241,2,EL,1,100,-14761.599609
1752787980.288073,281250.000,44241,2,EL,1,100,-14761.799805
1752787980.355074,281317.000,44258,1,EL,1,100,-14759.599609
1752787980.421574,281383.500,44272,2,EL,1,100,-14753.599609
1752787980.488075,281450.000,44272,2,EL,1,100,-14746.799805
1752787980.555075,281517.000,44291,1,EL,1,100,-14756.400391
1752787980.621576,281583.500,44310,2,EL,1,100,-14764.599609
1752787980.688076,281650.000,44310,2,EL,1,100,-14759.799805
1752787980.755077,281717.000,44327,1,EL,1,100,-14752.200195
1752787980.821577,281783.500,44341,2,EL,1,100,-14761.799805
1752787980.888078,281850.000,44341,2,EL,1,100,-14764.799805
1752787980.955078,281917.000,44359,1,EL,1,100,-14766.000000
1752787981.021579,281983.500,44377,2,EL,1,100,-14765.400391
1752787981.088080,282050.000,44377,2,EL,1,100,-14768.200195
1752787981.154580,282116.500,44401,2,EL,1,100,-14769.200195
1752787981.221081,282183.000,44401,2,EL,1,100,-14770.200195
1752787981.288081,282250.000,44420,2,EL,1,100,-14767.400391
1752787981.355082,282317.000,44420,2,EL,1,100,-14766.599609
1752787981.421082,282383.000,44437,1,EL,1,100,-14768.799805
1752787981.487583,282449.500,44451,2,EL,1,100,-14772.000000
1752787981.554083,282516.000,44451,2,EL,1,100,-14773.400391
1752787981.621084,282583.000,44471,1,EL,1,100,-14773.200195
1752787981.687585,282649.500,44489,2,EL,1,100,-14774.000000
1752787981.754085,282716.000,44489,2,EL,1,100,-14774.799805
1752787981.821086,282783.000,44506,1,EL,1,100,-14776.400391
1752787981.888086,282850.000,44523,2,EL,1,100,-14778.799805
1752787981.955087,282917.000,44523,2,EL,1,100,-14777.599609
1752787982.021087,282983.000,44540,1,EL,1,100,-14779.799805
1752787982.087588,283049.500,44556,2,EL,1,100,-14781.200195
1752787982.154088,283116.000,44556,2,EL,1,100,-14782.400391
1752787982.221089,283183.000,44573,1,EL,1,100,-14783.200195
1752787982.287589,283249.500,44590,2,EL,1,100,-14785.400391
1752787982.354090,283316.000,44590,2,EL,1,100,-14785.799805
1752787982.421091,283383.000,44607,1,EL,1,100,-14788.000000
1752787982.487591,283449.500,44625,2,EL,1,100,-14788.799805
1752787982.554092,283516.000,44625,2,EL,1,100,-14786.799805
1752787982.621092,283583.000,44643,1,EL,1,100,-14788.200195
1752787982.687593,283649.500,44657,2,EL,1,100,-14790.799805
1752787982.754093,283716.000,44657,2,EL,1,100,-14793.400391
1752787982.821094,283783.000,44674,1,EL,1,100,-14794.799805
1752787982.887594,283849.500,44693,2,EL,1,100,-14794.599609
1752787982.954095,283916.000,44693,2,EL,1,100,-14794.799805
1752787983.021096,283983.000,44712,1,EL,1,100,-14796.599609
1752787983.087596,284049.500,44727,2,EL,1,100,-14800.599609
1752787983.154097,284116.000,44727,2,EL,1,100,-14800.000000
1752787983.221097,284183.000,44745,1,EL,1,100,-14798.599609
1752787983.287598,284249.500,44762,2,EL,1,100,-14803.599609
1752787983.354098,284316.000,44762,2,EL,1,100,-14803.599609
1752787983.421099,284383.000,44779,2,EL,1,100,-14803.599609
1752787983.488099,284450.000,44779,2,EL,1,100,-14804.400391
1752787983.554100,284516.000,44795,1,EL,1,100,-14803.799805
1752787983.621100,284583.000,44813,2,EL,1,100,-14805.799805
1752787983.688101,284650.000,44813,2,EL,1,100,-14806.200195
1752787983.755102,284717.000,44829,1,EL,1,100,-14807.400391
1752787983.821602,284783.500,44848,2,EL,1,100,-14808.599609
1752787983.888103,284850.000,44848,2,EL,1,100,-14807.000000
1752787983.954103,284916.000,44865,1,EL,1,100,-14810.400391
1752787984.021104,284983.000,44880,2,EL,1,100,-14817.799805
1752787984.088104,285050.000,44880,2,EL,1,100,-14817.400391
1752787984.154105,285116.000,44898,1,EL,1,100,-14813.000000
1752787984.221105,285183.000,44918,2,EL,1,100,-14809.599609
1752787984.288106,285250.000,44918,2,EL,1,100,-14808.799805
1752787984.354106,285316.000,44934,1,EL,1,100,-14811.799805
1752787984.421107,285383.000,44949,2,EL,1,100,-14811.599609
1752787984.488108,285450.000,44949,2,EL,1,100,-14815.799805
1752787984.554108,285516.000,44965,1,EL,1,100,-14820.200195
1752787984.621109,285583.000,44983,2,EL,1,100,-14823.400391
1752787984.688109,285650.000,44983,2,EL,1,100,-14840.400391
1752787984.754110,285716.000,45001,1,EL,1,100,-14816.799805
1752787984.821110,285783.000,45018,2,EL,1,100,-14806.200195
1752787984.888111,285850.000,45018,2,EL,1,100,-14823.400391
1752787984.954111,285916.000,45035,1,EL,1,100,-14828.200195
1752787985.020612,285982.500,45054,2,EL,1,100,-14821.200195
1752787985.087113,286049.000,45054,2,EL,1,100,-14829.200195
1752787985.154113,286116.000,45070,1,EL,1,100,-14835.400391
1752787985.220614,286182.500,45086,2,EL,1,100,-14838.799805
1752787985.287114,286249.000,45086,2,EL,1,100,-14839.000000
1752787985.354115,286316.000,45104,1,EL,1,100,-14833.000000
1752787985.420615,286382.500,45121,2,EL,1,100,-14835.200195
1752787985.487116,286449.000,45121,2,EL,1,100,-14840.799805
1752787985.554116,286516.000,45139,1,EL,1,100,-14843.400391
1752787985.620617,286582.500,45158,2,EL,1,100,-14838.000000
1752787985.687117,286649.000,45158,2,EL,1,100,-14838.200195
1752787985.754118,286716.000,45173,1,EL,1,100,-14841.000000
1752787985.820619,286782.500,45190,2,EL,1,100,-14844.000000
1752787985.887119,286849.000,45190,2,EL,1,100,-14843.799805
1752787985.954120,286916.000,45209,2,EL,1,100,-14840.599609
1752787986.021120,286983.000,45209,2,EL,1,100,-14843.000000
1752787986.087121,287049.000,45226,1,EL,1,100,-14845.400391
1752787986.154121,287116.000,45242,2,EL,1,100,-14844.200195
1752787986.221122,287183.000,45242,2,EL,1,100,-14844.400391
1752787986.287622,287249.500,45265,2,EL,1,100,-14851.200195
1752787986.354123,287316.000,45265,2,EL,1,100,-14856.400391
1752787986.421124,287383.000,45283,1,EL,1,100,-14850.799805
1752787986.487624,287449.500,45300,2,EL,1,100,-14849.000000
1752787986.554125,287516.000,45300,2,EL,1,100,-14852.200195
1752787986.621125,287583.000,45317,1,EL,1,100,-14855.000000
1752787986.687626,287649.500,45332,2,EL,1,100,-14859.400391
1752787986.754126,287716.000,45332,2,EL,1,100,-14858.200195
1752787986.821127,287783.000,45350,1,EL,1,100,-14859.599609
1752787986.887627,287849.500,45370,2,EL,1,100,-14859.799805
1752787986.954128,287916.000,45370,2,EL,1,100,-14857.599609
1752787987.021128,287983.000,45386,1,EL,1,100,-14858.799805
1752787987.087629,288049.500,45402,2,EL,1,100,-14861.000000
1752787987.154130,288116.000,45402,2,EL,1,100,-14861.400391
1752787987.220630,288182.500,45418,2,EL,1,100,-14864.200195
1752787987.287131,288249.000,45418,2,EL,1,100,-14865.599609
1752787987.354131,288316.000,45437,1,EL,1,100,-14865.200195
1752787987.420632,288382.500,45455,2,EL,1,100,-14866.000000
1752787987.487132,288449.000,45455,2,EL,1,100,-14865.000000
1752787987.554133,288516.000,45472,1,EL,1,100,-14866.799805
1752787987.620633,288582.500,45487,2,EL,1,100,-14869.799805
1752787987.687134,288649.000,45487,2,EL,1,100,-14869.799805
1752787987.754135,288716.000,45504,1,EL,1,100,-14875.599609
1752787987.820635,288782.500,45522,2,EL,1,100,-14874.799805
1752787987.887136,288849.000,45522,2,EL,1,100,-14870.799805
1752787987.954136,288916.000,45540,1,EL,1,100,-14869.799805
1752787988.020637,288982.500,45556,2,EL,1,100,-14873.400391
1752787988.087137,289049.000,45556,2,EL,1,100,-14877.799805
1752787988.154138,289116.000,45573,1,EL,1,100,-14879.000000
1752787988.220638,289182.500,45592,2,EL,1,100,-14876.799805
1752787988.287139,289249.000,45592,2,EL,1,100,-14876.799805
1752787988.354139,289316.000,45609,1,EL,1,100,-14879.799805
1752787988.420640,289382.500,45623,2,EL,1,100,-14889.400391
1752787988.487141,289449.000,45623,2,EL,1,100,-14893.400391
1752787988.554141,289516.000,45642,1,EL,1,100,-14852.200195
1752787988.620642,289582.500,45659,2,EL,1,100,-14846.599609
1752787988.687142,289649.000,45659,2,EL,1,100,-14883.799805
1752787988.754143,289716.000,45678,1,EL,1,100,-14893.599609
1752787988.820643,289782.500,45692,2,EL,1,100,-14914.599609
1752787988.887144,289849.000,45692,2,EL,1,100,-14908.000000
1752787988.954144,289916.000,45712,1,EL,1,100,-14889.799805
1752787989.020645,289982.500,45728,2,EL,1,100,-14855.000000
1752787989.087146,290049.000,45728,2,EL,1,100,-14879.599609
1752787989.154146,290116.000,45745,1,EL,1,100,-14896.599609
1752787989.220647,290182.500,45761,2,EL,1,100,-14898.799805
1752787989.287147,290249.000,45761,2,EL,1,100,-14905.599609
1752787989.354148,290316.000,45779,1,EL,1,100,-14901.400391
1752787989.420648,290382.500,45797,2,EL,1,100,-14901.400391
1752787989.487149,290449.000,45797,2,EL,1,100,-14903.400391
1752787989.554149,290516.000,45814,1,EL,1,100,-14901.599609
1752787989.620650,290582.500,45830,2,EL,1,100,-14902.400391
1752787989.687150,290649.000,45830,2,EL,1,100,-14901.200195
1752787989.753651,290715.500,45846,2,EL,1,100,-14902.200195
1752787989.820152,290782.000,45846,2,EL,1,100,-14905.799805
1752787989.887152,290849.000,45864,1,EL,1,100,-14903.599609
1752787989.953653,290915.500,45884,2,EL,1,100,-14905.799805
1752787990.020153,290982.000,45884,2,EL,1,100,-14904.200195
1752787990.087154,291049.000,45900,1,EL,1,100,-14906.799805
1752787990.153654,291115.500,45917,2,EL,1,100,-14908.200195
1752787990.220155,291182.000,45917,2,EL,1,100,-14907.000000
1752787990.287155,291249.000,45934,1,EL,1,100,-14907.200195
1752787990.353656,291315.500,45951,2,EL,1,100,-14909.200195
1752787990.420157,291382.000,45951,2,EL,1,100,-14906.200195
1752787990.487157,291449.000,45967,1,EL,1,100,-14912.400391
1752787990.553658,291515.500,45985,2,EL,1,100,-14915.400391
1752787990.620158,291582.000,45985,2,EL,1,100,-14915.400391
1752787990.687159,291649.000,46001,1,EL,1,100,-14916.799805
1752787990.753659,291715.500,46018,2,EL,1,100,-14919.000000
1752787990.820160,291782.000,46018,2,EL,1,100,-14923.599609
1752787990.887160,291849.000,46036,1,EL,1,100,-14915.599609
1752787990.953661,291915.500,46054,2,EL,1,100,-14910.599609
1752787991.020161,291982.000,46054,2,EL,1,100,-14912.400391
1752787991.087162,292049.000,46070,1,EL,1,100,-14917.799805
1752787991.153663,292115.500,46087,2,EL,1,100,-14923.599609
1752787991.220163,292182.000,46087,2,EL,1,100,-14926.200195
1752787991.287164,292249.000,46106,1,EL,1,100,-14927.400391
1752787991.353831,292315.667,46128,3,EL,1,100,-14928.000000
1752787991.420498,292382.333,46128,3,EL,1,100,-14925.400391
1752787991.487165,292449.000,46128,3,EL,1,100,-14928.000000
1752787991.554166,292516.000,46144,1,EL,1,100,-14932.400391
1752787991.620666,292582.500,46162,2,EL,1,100,-14937.200195
1752787991.687167,292649.000,46162,2,EL,1,100,-14928.000000
1752787991.754167,292716.000,46178,1,EL,1,100,-14930.799805
1752787991.820668,292782.500,46199,2,EL,1,100,-14940.400391
1752787991.887169,292849.000,46199,2,EL,1,100,-14936.200195
1752787991.954169,292916.000,46216,1,EL,1,100,-14934.799805
1752787992.020670,292982.500,46231,2,EL,1,100,-14935.000000
1752787992.087170,293049.000,46231,2,EL,1,100,-14934.799805
1752787992.153171,293115.000,46247,1,EL,1,100,-14938.200195
1752787992.220171,293182.000,46265,2,EL,1,100,-14941.400391
1752787992.287172,293249.000,46265,2,EL,1,100,-14943.799805
1752787992.353172,293315.000,46281,1,EL,1,100,-14945.599609
1752787992.420173,293382.000,46300,2,EL,1,100,-14942.599609
1752787992.487174,293449.000,46300,2,EL,1,100,-14940.799805
1752787992.553174,293515.000,46316,1,EL,1,100,-14942.799805
1752787992.620175,293582.000,46334,2,EL,1,100,-14944.599609
1752787992.687175,293649.000,46334,2,EL,1,100,-14945.200195
1752787992.753176,293715.000,46350,1,EL,1,100,-14948.000000
1752787992.820176,293782.000,46366,2,EL,1,100,-14944.400391
1752787992.887177,293849.000,46366,2,EL,1,100,-14947.400391
1752787992.953177,293915.000,46382,1,EL,1,100,-14951.000000
1752787993.020178,293982.000,46403,2,EL,1,100,-14951.200195
1752787993.087178,294049.000,46403,2,EL,1,100,-14949.599609
1752787993.153679,294115.500,46419,2,EL,1,100,-14952.000000
1752787993.220180,294182.000,46419,2,EL,1,100,-14961.599609
1752787993.287180,294249.000,46437,1,EL,1,100,-14964.400391
1752787993.353681,294315.500,46453,2,EL,1,100,-14958.400391
1752787993.420181,294382.000,46453,2,EL,1,100,-14953.799805
1752787993.487182,294449.000,46470,1,EL,1,100,-14954.200195
1752787993.553682,294515.500,46487,2,EL,1,100,-14954.200195
1752787993.620183,294582.000,46487,2,EL,1,100,-14958.599609
1752787993.687183,294649.000,46506,1,EL,1,100,-14960.200195
1752787993.753684,294715.500,46522,2,EL,1,100,-14964.200195
1752787993.820185,294782.000,46522,2,EL,1,100,-14957.000000
1752787993.887185,294849.000,46539,1,EL,1,100,-14954.799805
1752787993.953686,294915.500,46556,2,EL,1,100,-14952.400391
1752787994.020186,294982.000,46556,2,EL,1,100,-14961.599609
1752787994.087187,295049.000,46573,1,EL,1,100,-14969.799805
1752787994.153687,295115.500,46589,2,EL,1,100,-14976.599609
1752787994.220188,295182.000,46589,2,EL,1,100,-14969.599609
1752787994.287188,295249.000,46609,1,EL,1,100,-14969.799805
1752787994.353689,295315.500,46625,2,EL,1,100,-14969.000000
1752787994.420189,295382.000,46625,2,EL,1,100,-14967.000000
1752787994.487190,295449.000,46642,1,EL,1,100,-14964.799805
1752787994.553691,295515.500,46657,2,EL,1,100,-14964.599609
1752787994.620191,295582.000,46657,2,EL,1,100,-14968.400391
1752787994.687192,295649.000,46674,1,EL,1,100,-14978.599609
1752787994.753692,295715.500,46692,2,EL,1,100,-14991.400391
1752787994.820193,295782.000,46692,2,EL,1,100,-14960.200195
1752787994.887193,295849.000,46711,1,EL,1,100,-14956.000000
1752787994.953694,295915.500,46727,2,EL,1,100,-14970.799805
1752787995.020194,295982.000,46727,2,EL,1,100,-14980.200195
1752787995.087195,296049.000,46743,1,EL,1,100,-14985.200195
1752787995.153696,296115.500,46761,2,EL,1,100,-14988.799805
1752787995.220196,296182.000,46761,2,EL,1,100,-14972.400391
1752787995.287197,296249.000,46779,1,EL,1,100,-14964.000000
1752787995.353697,296315.500,46794,2,EL,1,100,-14977.799805
1752787995.420198,296382.000,46794,2,EL,1,100,-14986.400391
1752787995.486698,296448.500,46812,2,EL,1,100,-15003.200195
1752787995.553199,296515.000,46812,2,EL,1,100,-15000.599609
1752787995.620199,296582.000,46831,1,EL,1,100,-14985.000000
1752787995.686700,296648.500,46848,2,EL,1,100,-14984.200195
1752787995.753200,296715.000,46848,2,EL,1,100,-14992.400391
1752787995.820201,296782.000,46864,1,EL,1,100,-14995.400391
1752787995.886702,296848.500,46882,2,EL,1,100,-14996.200195
1752787995.953202,296915.000,46882,2,EL,1,100,-14994.400391
1752787996.020203,296982.000,46900,1,EL,1,100,-14996.599609
1752787996.086703,297048.500,46919,2,EL,1,100,-14997.400391
1752787996.153204,297115.000,46919,2,EL,1,100,-14998.799805
1752787996.220204,297182.000,46935,1,EL,1,100,-14995.400391
1752787996.286705,297248.500,46951,2,EL,1,100,-14994.599609
1752787996.353205,297315.000,46951,2,EL,1,100,-14999.400391
1752787996.420206,297382.000,46967,1,EL,1,100,-15002.400391
1752787996.486707,297448.500,46989,2,EL,1,100,-15003.599609
1752787996.553207,297515.000,46989,2,EL,1,100,-15007.000000
1752787996.619708,297581.500,47010,2,EL,1,100,-15008.000000
1752787996.686208,297648.000,47010,2,EL,1,100,-15005.000000
1752787996.753209,297715.000,47027,1,EL,1,100,-15004.200195
1752787996.819709,297781.500,47042,2,EL,1,100,-15003.599609
1752787996.886210,297848.000,47042,2,EL,1,100,-15008.200195
1752787996.953210,297915.000,47061,2,EL,1,100,-15010.799805
1752787997.020211,297982.000,47061,2,EL,1,100,-15008.599609
1752787997.086211,298048.000,47077,1,EL,1,100,-15010.599609
1752787997.153212,298115.000,47096,2,EL,1,100,-15013.000000
1752787997.220213,298182.000,47096,2,EL,1,100,-15009.599609
1752787997.286213,298248.000,47113,1,EL,1,100,-15011.400391
1752787997.353214,298315.000,47130,2,EL,1,100,-15013.000000
1752787997.420214,298382.000,47130,2,EL,1,100,-15016.799805
1752787997.486215,298448.000,47146,1,EL,1,100,-15021.799805
1752787997.553215,298515.000,47164,2,EL,1,100,-15036.400391
1752787997.620216,298582.000,47164,2,EL,1,100,-15040.400391
1752787997.686216,298648.000,47182,1,EL,1,100,-15031.000000
1752787997.753217,298715.000,47197,2,EL,1,100,-15032.200195
1752787997.820218,298782.000,47197,2,EL,1,100,-15041.000000
1752787997.886218,298848.000,47215,1,EL,1,100,-14997.599609
1752787997.953219,298915.000,47235,2,EL,1,100,-15010.000000
1752787998.020219,298982.000,47235,2,EL,1,100,-15014.200195
1752787998.086220,299048.000,47251,1,EL,1,100,-15016.400391
1752787998.153220,299115.000,47266,2,EL,1,100,-15019.599609
1752787998.220221,299182.000,47266,2,EL,1,100,-15019.599609
1752787998.286221,299248.000,47283,1,EL,1,100,-15016.200195
1752787998.352722,299314.500,47300,2,EL,1,100,-15020.000000
1752787998.419222,299381.000,47300,2,EL,1,100,-15028.599609
1752787998.486223,299448.000,47316,1,EL,1,100,-15031.799805
1752787998.552724,299514.500,47334,2,EL,1,100,-15025.000000
1752787998.619224,299581.000,47334,2,EL,1,100,-15025.200195
1752787998.686225,299648.000,47350,1,EL,1,100,-15029.599609
1752787998.752725,299714.500,47369,2,EL,1,100,-15030.200195
1752787998.819226,299781.000,47369,2,EL,1,100,-15029.599609
1752787998.886226,299848.000,47385,1,EL,1,100,-15031.200195
1752787998.952727,299914.500,47402,2,EL,1,100,-15031.599609
1752787999.019227,299981.000,47402,2,EL,1,100,-15031.400391
1752787999.086228,300048.000,47417,1,EL,1,100,-15035.400391
1752787999.152728,300114.500,47436,2,EL,1,100,-15037.400391
1752787999.219229,300181.000,47436,2,EL,1,100,-15040.400391
1752787999.286230,300248.000,47455,2,EL,1,100,-15037.000000
1752787999.353230,300315.000,47455,2,EL,1,100,-15038.599609
1752787999.419231,300381.000,47472,1,EL,1,100,-15040.599609
1752787999.486231,300448.000,47488,2,EL,1,100,-15052.400391
1752787999.553232,300515.000,47488,2,EL,1,100,-15045.200195
1752787999.619232,300581.000,47506,1,EL,1,100,-15042.799805
1752787999.686233,300648.000,47522,2,EL,1,100,-15045.400391
1752787999.753233,300715.000,47522,2,EL,1,100,-15046.599609
1752787999.819234,300781.000,47541,1,EL,1,100,-15046.200195
1752787999.886235,300848.000,47556,2,EL,1,100,-15048.799805
1752787999.953235,300915.000,47556,2,EL,1,100,-15049.799805
1752788000.019236,300981.000,47573,1,EL,1,100,-15052.599609
1752788000.086236,301048.000,47591,2,EL,1,100,-15052.799805
1752788000.153237,301115.000,47591,2,EL,1,100,-15049.200195
1752788000.219237,301181.000,47608,1,EL,1,100,-15051.200195
1752788000.286238,301248.000,47623,2,EL,1,100,-15052.000000
1752788000.353238,301315.000,47623,2,EL,1,100,-15053.200195
1752788000.419239,301381.000,47642,1,EL,1,100,-15062.000000
1752788000.486239,301448.000,47660,2,EL,1,100,-15062.799805
1752788000.553240,301515.000,47660,2,EL,1,100,-15055.799805
1752788000.619241,301581.000,47678,1,EL,1,100,-15060.599609
1752788000.686241,301648.000,47694,2,EL,1,100,-15069.599609
1752788000.753242,301715.000,47694,2,EL,1,100,-15062.200195
1752788000.820242,301782.000,47711,1,EL,1,100,-15055.599609
1752788000.886743,301848.500,47728,2,EL,1,100,-15057.400391
1752788000.953243,301915.000,47728,2,EL,1,100,-15062.200195
1752788001.019244,301981.000,47747,1,EL,1,100,-15063.400391
1752788001.086244,302048.000,47766,2,EL,1,100,-15062.400391
1752788001.153245,302115.000,47766,2,EL,1,100,-15062.799805
1752788001.219246,302181.000,47782,1,EL,1,100,-15064.599609
1752788001.286246,302248.000,47801,2,EL,1,100,-15064.400391
1752788001.353247,302315.000,47801,2,EL,1,100,-15070.200195
1752788001.419247,302381.000,47818,1,EL,1,100,-15077.200195
1752788001.485748,302447.500,47835,2,EL,1,100,-15077.599609
1752788001.552248,302514.000,47835,2,EL,1,100,-15075.400391
1752788001.619249,302581.000,47859,2,EL,1,100,-15075.000000
1752788001.686249,302648.000,47859,2,EL,1,100,-15072.400391
1752788001.752750,302714.500,47875,2,EL,1,100,-15074.200195
1752788001.819250,302781.000,47875,2,EL,1,100,-15073.200195
1752788001.886251,302848.000,47893,2,EL,1,100,-15079.000000
1752788001.953252,302915.000,47893,2,EL,1,100,-15075.200195
1752788002.019252,302981.000,47909,1,EL,1,100,-15077.200195
1752788002.085753,303047.500,47928,2,EL,1,100,-15084.400391
1752788002.152253,303114.000,47928,2,EL,1,100,-15081.400391
1752788002.219254,303181.000,47946,1,EL,1,100,-15080.599609
1752788002.286254,303248.000,47964,2,EL,1,100,-15085.400391
1752788002.353255,303315.000,47964,2,EL,1,100,-15084.799805
1752788002.419255,303381.000,47980,1,EL,1,100,-15083.799805
1752788002.486256,303448.000,47997,2,EL,1,100,-15081.000000
1752788002.553257,303515.000,47997,2,EL,1,100,-15083.799805
1752788002.619257,303581.000,48014,1,EL,1,100,-15087.400391
1752788002.685758,303647.500,48031,2,EL,1,100,-15086.000000
1752788002.752258,303714.000,48031,2,EL,1,100,-15089.400391
1752788002.819259,303781.000,48049,1,EL,1,100,-15089.799805
1752788002.885759,303847.500,48069,2,EL,1,100,-15088.000000
1752788002.952260,303914.000,48069,2,EL,1,100,-15090.400391
1752788003.019260,303981.000,48085,1,EL,1,100,-15090.200195
1752788003.086261,304048.000,48100,2,EL,1,100,-15092.799805
1752788003.153261,304115.000,48100,2,EL,1,100,-15092.000000
1752788003.219262,304181.000,48116,1,EL,1,100,-15095.200195
1752788003.285763,304247.500,48136,2,EL,1,100,-15098.400391
1752788003.352263,304314.000,48136,2,EL,1,100,-15096.599609
1752788003.419264,304381.000,48154,1,EL,1,100,-15096.400391
1752788003.485764,304447.500,48169,2,EL,1,100,-15101.799805
1752788003.552265,304514.000,48169,2,EL,1,100,-15101.400391
1752788003.619265,304581.000,48188,1,EL,1,100,-15101.200195
1752788003.685766,304647.500,48205,2,EL,1,100,-15102.200195
1752788003.752266,304714.000,48205,2,EL,1,100,-15102.599609
1752788003.819267,304781.000,48221,1,EL,1,100,-15106.799805
1752788003.885768,304847.500,48238,2,EL,1,100,-15106.200195
1752788003.952268,304914.000,48238,2,EL,1,100,-15105.400391
1752788004.019269,304981.000,48255,1,EL,1,100,-15108.200195
1752788004.085769,305047.500,48272,2,EL,1,100,-15108.599609
1752788004.152270,305114.000,48272,2,EL,1,100,-15108.400391
1752788004.219270,305181.000,48288,1,EL,1,100,-15108.200195
1752788004.285771,305247.500,48305,2,EL,1,100,-15106.599609
1752788004.352271,305314.000,48305,2,EL,1,100,-15106.599609
1752788004.419272,305381.000,48320,2,EL,1,100,-15110.200195
1752788004.486272,305448.000,48320,2,EL,1,100,-15115.400391
1752788004.552273,305514.000,48339,1,EL,1,100,-15112.000000
1752788004.619274,305581.000,48356,2,EL,1,100,-15111.799805
1752788004.686274,305648.000,48356,2,EL,1,100,-15110.000000
1752788004.752275,305714.000,48375,1,EL,1,100,-15113.599609
1752788004.818775,305780.500,48391,2,EL,1,100,-15119.400391
1752788004.885276,305847.000,48391,2,EL,1,100,-15116.599609
1752788004.952276,305914.000,48409,1,EL,1,100,-15118.000000
1752788005.018777,305980.500,48425,2,EL,1,100,-15121.799805
1752788005.085277,306047.000,48425,2,EL,1,100,-15121.799805
1752788005.152278,306114.000,48444,1,EL,1,100,-15120.599609
1752788005.218778,306180.500,48459,2,EL,1,100,-15121.799805
1752788005.285279,306247.000,48459,2,EL,1,100,-15122.799805
1752788005.352280,306314.000,48478,1,EL,1,100,-15124.799805
1752788005.419280,306381.000,48496,2,EL,1,100,-15129.799805
1752788005.486281,306448.000,48496,2,EL,1,100,-15125.799805
1752788005.552281,306514.000,48513,1,EL,1,100,-15130.000000
1752788005.618782,306580.500,48530,2,EL,1,100,-15134.400391
1752788005.685282,306647.000,48530,2,EL,1,100,-15132.400391
1752788005.752283,306714.000,48547,1,EL,1,100,-15128.400391
1752788005.818783,306780.500,48563,2,EL,1,100,-15126.799805
1752788005.885284,306847.000,48563,2,EL,1,100,-15133.599609
1752788005.952285,306914.000,48583,1,EL,1,100,-15141.000000
1752788006.018785,306980.500,48601,2,EL,1,100,-15141.000000
1752788006.085286,307047.000,48601,2,EL,1,100,-15134.200195
1752788006.152286,307114.000,48618,1,EL,1,100,-15132.799805
1752788006.218787,307180.500,48635,2,EL,1,100,-15134.200195
1752788006.285287,307247.000,48635,2,EL,1,100,-15134.200195
1752788006.352288,307314.000,48652,1,EL,1,100,-15134.599609
1752788006.418788,307380.500,48667,2,EL,1,100,-15132.599609
1752788006.485289,307447.000,48667,2,EL,1,100,-15140.599609
1752788006.552289,307514.000,48688,2,EL,1,100,-15141.799805
1752788006.619290,307581.000,48688,2,EL,1,100,-15138.200195
1752788006.685291,307647.000,48704,1,EL,1,100,-15139.799805
1752788006.752291,307714.000,48726,2,EL,1,100,-15141.799805
1752788006.819292,307781.000,48726,2,EL,1,100,-15142.000000
1752788006.885792,307847.500,48743,2,EL,1,100,-15143.000000
1752788006.952293,307914.000,48743,2,EL,1,100,-15144.400391
1752788007.019293,307981.000,48760,1,EL,1,100,-15149.599609
1752788007.085794,308047.500,48774,2,EL,1,100,-15147.799805
1752788007.152294,308114.000,48774,2,EL,1,100,-15149.400391
1752788007.219295,308181.000,48795,1,EL,1,100,-15147.599609
1752788007.285796,308247.500,48812,2,EL,1,100,-15146.599609
1752788007.352296,308314.000,48812,2,EL,1,100,-15150.799805
1752788007.419297,308381.000,48829,1,EL,1,100,-15153.400391
1752788007.485797,308447.500,48843,2,EL,1,100,-15156.200195
1752788007.552298,308514.000,48843,2,EL,1,100,-15157.000000
1752788007.619298,308581.000,48863,1,EL,1,100,-15152.400391
1752788007.685799,308647.500,48879,2,EL,1,100,-15156.799805
1752788007.752299,308714.000,48879,2,EL,1,100,-15156.599609
1752788007.819300,308781.000,48898,1,EL,1,100,-15156.200195
1752788007.885800,308847.500,48914,2,EL,1,100,-15158.599609
1752788007.952301,308914.000,48914,2,EL,1,100,-15162.200195
1752788008.019302,308981.000,48930,1,EL,1,100,-15162.000000
1752788008.085802,309047.500,48948,2,EL,1,100,-15158.400391
1752788008.152303,309114.000,48948,2,EL,1,100,-15167.400391
1752788008.218803,309180.500,48966,2,EL,1,100,-15175.400391
1752788008.285304,309247.000,48966,2,EL,1,100,-15181.000000
1752788008.352304,309314.000,48982,1,EL,1,100,-15185.200195
1752788008.418805,309380.500,49001,2,EL,1,100,-15177.799805
1752788008.485305,309447.000,49001,2,EL,1,100,-15156.400391
1752788008.552306,309514.000,49017,1,EL,1,100,-15152.599609
1752788008.618807,309580.500,49035,2,EL,1,100,-15154.000000
1752788008.685307,309647.000,49035,2,EL,1,100,-15160.000000
1752788008.752308,309714.000,49051,1,EL,1,100,-15164.000000
1752788008.818808,309780.500,49066,2,EL,1,100,-15167.000000
1752788008.885309,309847.000,49066,2,EL,1,100,-15170.200195
1752788008.952309,309914.000,49083,1,EL,1,100,-15167.200195
1752788009.018810,309980.500,49102,2,EL,1,100,-15140.400391
1752788009.085310,310047.000,49102,2,EL,1,100,-15188.200195
1752788009.152311,310114.000,49118,1,EL,1,100,-15180.000000
1752788009.218811,310180.500,49134,2,EL,1,100,-15166.400391
1752788009.285312,310247.000,49134,2,EL,1,100,-15173.400391
1752788009.352313,310314.000,49150,1,EL,1,100,-15180.799805
1752788009.418813,310380.500,49169,2,EL,1,100,-15175.000000
1752788009.485314,310447.000,49169,2,EL,1,100,-15159.400391
1752788009.552314,310514.000,49185,1,EL,1,100,-15161.599609
1752788009.618815,310580.500,49203,2,EL,1,100,-15160.400391
1752788009.685315,310647.000,49203,2,EL,1,100,-15171.000000
1752788009.752316,310714.000,49219,1,EL,1,100,-15190.000000
1752788009.818816,310780.500,49236,2,EL,1,100,-15193.400391
1752788009.885317,310847.000,49236,2,EL,1,100,-15185.599609
1752788009.952318,310914.000,49253,1,EL,1,100,-15184.799805
1752788010.018818,310980.500,49268,2,EL,1,100,-15185.200195
1752788010.085319,311047.000,49268,2,EL,1,100,-15188.400391
1752788010.152319,311114.000,49286,1,EL,1,100,-15188.599609
1752788010.218820,311180.500,49306,2,EL,1,100,-15180.599609
1752788010.285320,311247.000,49306,2,EL,1,100,-15181.400391
1752788010.352321,311314.000,49322,1,EL,1,100,-15189.200195
1752788010.418821,311380.500,49339,2,EL,1,100,-15191.400391
1752788010.485322,311447.000,49339,2,EL,1,100,-15205.200195
1752788010.551822,311513.500,49356,2,EL,1,100,-15197.200195
1752788010.618323,311580.000,49356,2,EL,1,100,-15197.599609
1752788010.685324,311647.000,49373,1,EL,1,100,-15194.599609
1752788010.751824,311713.500,49389,2,EL,1,100,-15193.400391
1752788010.818325,311780.000,49389,2,EL,1,100,-15194.000000
1752788010.885325,311847.000,49408,1,EL,1,100,-15196.000000
1752788010.951826,311913.500,49425,2,EL,1,100,-15197.000000
1752788011.018326,311980.000,49425,2,EL,1,100,-15196.400391
1752788011.085327,312047.000,49442,1,EL,1,100,-15196.599609
1752788011.151827,312113.500,49458,2,EL,1,100,-15194.599609
1752788011.218328,312180.000,49458,2,EL,1,100,-15196.599609
1752788011.285329,312247.000,49476,1,EL,1,100,-15199.799805
1752788011.351829,312313.500,49492,2,EL,1,100,-15201.599609
1752788011.418330,312380.000,49492,2,EL,1,100,-15197.799805
1752788011.485330,312447.000,49509,1,EL,1,100,-15202.200195
1752788011.551831,312513.500,49528,2,EL,1,100,-15218.200195
1752788011.618331,312580.000,49528,2,EL,1,100,-15210.400391
1752788011.685332,312647.000,49547,1,EL,1,100,-15205.000000
1752788011.751832,312713.500,49561,2,EL,1,100,-15207.400391
1752788011.818333,312780.000,49561,2,EL,1,100,-15208.400391
1752788011.884833,312846.500,49584,2,EL,1,100,-15201.400391
1752788011.951334,312913.000,49584,2,EL,1,100,-15203.599609
1752788012.018335,312980.000,49600,2,EL,1,100,-15209.799805
1752788012.085335,313047.000,49600,2,EL,1,100,-15208.599609
1752788012.151336,313113.000,49619,1,EL,1,100,-15215.799805
1752788012.218336,313180.000,49638,2,EL,1,100,-15224.599609
1752788012.285337,313247.000,49638,2,EL,1,100,-15214.599609
1752788012.352337,313314.000,49655,1,EL,1,100,-15184.400391
1752788012.418838,313380.500,49669,2,EL,1,100,-15199.200195
1752788012.485338,313447.000,49669,2,EL,1,100,-15217.799805
1752788012.551339,313513.000,49686,1,EL,1,100,-15220.400391
1752788012.618339,313580.000,49703,2,EL,1,100,-15233.200195
1752788012.685340,313647.000,49703,2,EL,1,100,-15236.400391
1752788012.751341,313713.000,49724,1,EL,1,100,-15227.200195
1752788012.818341,313780.000,49738,2,EL,1,100,-15215.200195
1752788012.885342,313847.000,49738,2,EL,1,100,-15220.200195
1752788012.951342,313913.000,49756,1,EL,1,100,-15231.400391
1752788013.018343,313980.000,49772,2,EL,1,100,-15231.400391
1752788013.085343,314047.000,49772,2,EL,1,100,-15225.799805
1752788013.151344,314113.000,49789,1,EL,1,100,-15227.200195
1752788013.218344,314180.000,49808,2,EL,1,100,-15230.200195
1752788013.285345,314247.000,49808,2,EL,1,100,-15229.599609
1752788013.351346,314313.000,49825,1,EL,1,100,-15229.599609
1752788013.418346,314380.000,49841,2,EL,1,100,-15227.799805
1752788013.485347,314447.000,49841,2,EL,1,100,-15230.200195
1752788013.551347,314513.000,49858,1,EL,1,100,-15231.799805
1752788013.618348,314580.000,49873,2,EL,1,100,-15236.599609
1752788013.685348,314647.000,49873,2,EL,1,100,-15236.000000
1752788013.751349,314713.000,49892,1,EL,1,100,-15236.000000
1752788013.818349,314780.000,49908,2,EL,1,100,-15234.599609
1752788013.885350,314847.000,49908,2,EL,1,100,-15230.599609
1752788013.951350,314913.000,49928,1,EL,1,100,-15237.599609
1752788014.018351,314980.000,49943,2,EL,1,100,-15242.200195
1752788014.085352,315047.000,49943,2,EL,1,100,-15242.200195
1752788014.151352,315113.000,49961,1,EL,1,100,-15234.799805
1752788014.218353,315180.000,49978,2,EL,1,100,-15222.200195
1752788014.285353,315247.000,49978,2,EL,1,100,-15229.599609
1752788014.351354,315313.000,49995,1,EL,1,100,-15237.599609
1752788014.418354,315380.000,50010,2,EL,1,100,-15237.200195
1752788014.485355,315447.000,50010,2,EL,1,100,-15243.200195
1752788014.551855,315513.500,50029,2,EL,1,100,-15250.599609
1752788014.618356,315580.000,50029,2,EL,1,100,-15254.799805
1752788014.685357,315647.000,50047,1,EL,1,100,-15248.400391
1752788014.751857,315713.500,50064,2,EL,1,100,-15243.200195
1752788014.818358,315780.000,50064,2,EL,1,100,-15242.400391
1752788014.885358,315847.000,50080,1,EL,1,100,-15246.400391
1752788014.951859,315913.500,50096,2,EL,1,100,-15248.799805
1752788015.018359,315980.000,50096,2,EL,1,100,-15253.400391
1752788015.084360,316046.000,50114,1,EL,1,100,-15254.200195
1752788015.151360,316113.000,50133,2,EL,1,100,-15254.400391
1752788015.218361,316180.000,50133,2,EL,1,100,-15254.200195
1752788015.284361,316246.000,50150,1,EL,1,100,-15254.799805
1752788015.351362,316313.000,50167,2,EL,1,100,-15257.400391
1752788015.418363,316380.000,50167,2,EL,1,100,-15253.200195
1752788015.484363,316446.000,50183,1,EL,1,100,-15254.400391
1752788015.551364,316513.000,50201,2,EL,1,100,-15255.200195
1752788015.618364,316580.000,50201,2,EL,1,100,-15255.000000
1752788015.684365,316646.000,50217,1,EL,1,100,-15255.200195
1752788015.751365,316713.000,50234,2,EL,1,100,-15254.200195
1752788015.818366,316780.000,50234,2,EL,1,100,-15256.599609
1752788015.885366,316847.000,50250,1,EL,1,100,-15258.000000
1752788015.951867,316913.500,50270,2,EL,1,100,-15259.400391
1752788016.018368,316980.000,50270,2,EL,1,100,-15265.799805
1752788016.084368,317046.000,50286,1,EL,1,100,-15267.000000
1752788016.151369,317113.000,50304,2,EL,1,100,-15263.000000
1752788016.218369,317180.000,50304,2,EL,1,100,-15265.200195
1752788016.284870,317246.500,50322,2,EL,1,100,-15266.400391
1752788016.351370,317313.000,50322,2,EL,1,100,-15259.400391
1752788016.418371,317380.000,50341,1,EL,1,100,-15262.799805
1752788016.484871,317446.500,50357,2,EL,1,100,-15265.000000
1752788016.551372,317513.000,50357,2,EL,1,100,-15272.200195
1752788016.618372,317580.000,50375,1,EL,1,100,-15271.400391
1752788016.684873,317646.500,50391,2,EL,1,100,-15265.799805
1752788016.751374,317713.000,50391,2,EL,1,100,-15270.400391
1752788016.818374,317780.000,50408,1,EL,1,100,-15273.000000
1752788016.884875,317846.500,50425,2,EL,1,100,-15275.599609
1752788016.951375,317913.000,50425,2,EL,1,100,-15275.599609
1752788017.017876,317979.500,50451,2,EL,1,100,-15274.000000
1752788017.084376,318046.000,50451,2,EL,1,100,-15276.400391
1752788017.151377,318113.000,50467,1,EL,1,100,-15275.000000
1752788017.217877,318179.500,50483,2,EL,1,100,-15274.799805
1752788017.284378,318246.000,50483,2,EL,1,100,-15276.400391
1752788017.351379,318313.000,50499,1,EL,1,100,-15278.000000
1752788017.417879,318379.500,50516,2,EL,1,100,-15275.200195
1752788017.484380,318446.000,50516,2,EL,1,100,-15279.200195
1752788017.551380,318513.000,50534,1,EL,1,100,-15282.400391
1752788017.617881,318579.500,50553,2,EL,1,100,-15283.000000
1752788017.684381,318646.000,50553,2,EL,1,100,-15281.200195
1752788017.751382,318713.000,50568,1,EL,1,100,-15283.000000
1752788017.817882,318779.500,50585,2,EL,1,100,-15282.799805
1752788017.884383,318846.000,50585,2,EL,1,100,-15285.200195
1752788017.951383,318913.000,50602,2,EL,1,100,-15286.799805
1752788018.018384,318980.000,50602,2,EL,1,100,-15287.599609
1752788018.084385,319046.000,50621,1,EL,1,100,-15286.799805
1752788018.150885,319112.500,50637,2,EL,1,100,-15286.799805
1752788018.217386,319179.000,50637,2,EL,1,100,-15286.799805
1752788018.284386,319246.000,50655,1,EL,1,100,-15289.400391
1752788018.350887,319312.500,50671,2,EL,1,100,-15293.200195
1752788018.417387,319379.000,50671,2,EL,1,100,-15293.200195
1752788018.484388,319446.000,50688,1,EL,1,100,-15293.400391
1752788018.550888,319512.500,50705,2,EL,1,100,-15293.000000
1752788018.617389,319579.000,50705,2,EL,1,100,-15294.000000
1752788018.684390,319646.000,50722,1,EL,1,100,-15297.000000
1752788018.750890,319712.500,50742,2,EL,1,100,-15296.799805
1752788018.817391,319779.000,50742,2,EL,1,100,-15296.200195
1752788018.884391,319846.000,50759,1,EL,1,100,-15296.599609
1752788018.950892,319912.500,50774,2,EL,1,100,-15298.000000
1752788019.017392,319979.000,50774,2,EL,1,100,-15296.400391
1752788019.084393,320046.000,50791,1,EL,1,100,-15297.000000
1752788019.150893,320112.500,50807,2,EL,1,100,-15299.799805
1752788019.217394,320179.000,50807,2,EL,1,100,-15303.799805
1752788019.284394,320246.000,50827,1,EL,1,100,-15302.000000
1752788019.350895,320312.500,50841,2,EL,1,100,-15300.799805
1752788019.417396,320379.000,50841,2,EL,1,100,-15300.200195
1752788019.484396,320446.000,50860,1,EL,1,100,-15301.599609
1752788019.550897,320512.500,50877,2,EL,1,100,-15303.400391
1752788019.617397,320579.000,50877,2,EL,1,100,-15304.599609
1752788019.684398,320646.000,50894,1,EL,1,100,-15306.599609
1752788019.750898,320712.500,50911,2,EL,1,100,-15312.400391
1752788019.817399,320779.000,50911,2,EL,1,100,-15308.200195
1752788019.884399,320846.000,50927,1,EL,1,100,-15307.599609
1752788019.950900,320912.500,50944,2,EL,1,100,-15306.799805
1752788020.017400,320979.000,50944,2,EL,1,100,-15310.000000
1752788020.084401,321046.000,50963,2,EL,1,100,-15309.200195
1752788020.151402,321113.000,50963,2,EL,1,100,-15301.799805
1752788020.217402,321179.000,50979,1,EL,1,100,-15300.599609
1752788020.284403,321246.000,50995,2,EL,1,100,-15306.599609
1752788020.351403,321313.000,50995,2,EL,1,100,-15321.799805
1752788020.417404,321379.000,51011,1,EL,1,100,-15324.000000
1752788020.484404,321446.000,51028,2,EL,1,100,-15320.799805
1752788020.551405,321513.000,51028,2,EL,1,100,-15319.799805
1752788020.617405,321579.000,51045,1,EL,1,100,-15320.599609
1752788020.684406,321646.000,51062,2,EL,1,100,-15320.599609
1752788020.751407,321713.000,51062,2,EL,1,100,-15319.000000
1752788020.817407,321779.000,51078,1,EL,1,100,-15320.599609
1752788020.884408,321846.000,51096,2,EL,1,100,-15322.200195
1752788020.951408,321913.000,51096,2,EL,1,100,-15322.000000
1752788021.017409,321979.000,51114,1,EL,1,100,-15320.799805
1752788021.084409,322046.000,51129,2,EL,1,100,-15319.599609
1752788021.151410,322113.000,51129,2,EL,1,100,-15321.599609
1752788021.217410,322179.000,51145,1,EL,1,100,-15324.799805
1752788021.284411,322246.000,51167,2,EL,1,100,-15324.000000
1752788021.351411,322313.000,51167,2,EL,1,100,-15330.200195
1752788021.417412,322379.000,51183,1,EL,1,100,-15328.400391
1752788021.484413,322446.000,51198,2,EL,1,100,-15324.200195
1752788021.551413,322513.000,51198,2,EL,1,100,-15324.400391
1752788021.617414,322579.000,51215,1,EL,1,100,-15329.200195
1752788021.683914,322645.500,51232,2,EL,1,100,-15329.200195
1752788021.750415,322712.000,51232,2,EL,1,100,-15332.000000
1752788021.817415,322779.000,51250,1,EL,1,100,-15333.599609
1752788021.883916,322845.500,51269,2,EL,1,100,-15334.599609
1752788021.950416,322912.000,51269,2,EL,1,100,-15334.000000
1752788022.017417,322979.000,51284,1,EL,1,100,-15332.599609
1752788022.084084,323045.667,51306,3,EL,1,100,-15330.799805
1752788022.150751,323112.333,51306,3,EL,1,100,-15333.799805
1752788022.217419,323179.000,51306,3,EL,1,100,-15334.599609
1752788022.284419,323246.000,51323,1,EL,1,100,-15335.799805
1752788022.350920,323312.500,51340,2,EL,1,100,-15333.400391
1752788022.417420,323379.000,51340,2,EL,1,100,-15335.000000
1752788022.484421,323446.000,51358,1,EL,1,100,-15341.799805
1752788022.550921,323512.500,51376,2,EL,1,100,-15355.000000
1752788022.617422,323579.000,51376,2,EL,1,100,-15343.400391
1752788022.684422,323646.000,51392,1,EL,1,100,-15341.200195
1752788022.750923,323712.500,51409,2,EL,1,100,-15342.000000
1752788022.817424,323779.000,51409,2,EL,1,100,-15344.400391
1752788022.884424,323846.000,51425,1,EL,1,100,-15345.599609
1752788022.950925,323912.500,51443,2,EL,1,100,-15343.599609
1752788023.017425,323979.000,51443,2,EL,1,100,-15333.599609
1752788023.084426,324046.000,51461,1,EL,1,100,-15335.599609
1752788023.150926,324112.500,51478,2,EL,1,100,-15345.799805
1752788023.217427,324179.000,51478,2,EL,1,100,-15349.400391
1752788023.284427,324246.000,51495,1,EL,1,100,-15352.400391
1752788023.350928,324312.500,51512,2,EL,1,100,-15358.799805
1752788023.417429,324379.000,51512,2,EL,1,100,-15340.400391
1752788023.484429,324446.000,51528,1,EL,1,100,-15326.799805
1752788023.550930,324512.500,51546,2,EL,1,100,-15343.000000
1752788023.617430,324579.000,51546,2,EL,1,100,-15356.200195
1752788023.684431,324646.000,51564,1,EL,1,100,-15362.599609
1752788023.750931,324712.500,51582,2,EL,1,100,-15373.000000
1752788023.817432,324779.000,51582,2,EL,1,100,-15350.799805
1752788023.884432,324846.000,51597,1,EL,1,100,-15344.400391
1752788023.950933,324912.500,51615,2,EL,1,100,-15357.599609
1752788024.017433,324979.000,51615,2,EL,1,100,-15357.599609
1752788024.083934,325045.500,51631,2,EL,1,100,-15358.000000
1752788024.150435,325112.000,51631,2,EL,1,100,-15365.200195
1752788024.217435,325179.000,51648,1,EL,1,100,-15365.599609
1752788024.283936,325245.500,51667,2,EL,1,100,-15369.200195
1752788024.350436,325312.000,51667,2,EL,1,100,-15365.599609
1752788024.417437,325379.000,51684,1,EL,1,100,-15365.599609
1752788024.483937,325445.500,51700,2,EL,1,100,-15367.400391
1752788024.550438,325512.000,51700,2,EL,1,100,-15366.200195
1752788024.617438,325579.000,51718,1,EL,1,100,-15366.599609
1752788024.683939,325645.500,51732,2,EL,1,100,-15367.200195
1752788024.750440,325712.000,51732,2,EL,1,100,-15366.799805
1752788024.817440,325779.000,51749,1,EL,1,100,-15367.799805
1752788024.883941,325845.500,51768,2,EL,1,100,-15369.000000
1752788024.950441,325912.000,51768,2,EL,1,100,-15367.200195
1752788025.017442,325979.000,51785,1,EL,1,100,-15367.799805
1752788025.083942,326045.500,51799,2,EL,1,100,-15370.000000
1752788025.150443,326112.000,51799,2,EL,1,100,-15369.400391
1752788025.217443,326179.000,51816,1,EL,1,100,-15369.400391
1752788025.283944,326245.500,51833,2,EL,1,100,-15372.599609
1752788025.350444,326312.000,51833,2,EL,1,100,-15373.599609
1752788025.417445,326379.000,51850,1,EL,1,100,-15374.599609
1752788025.483946,326445.500,51866,2,EL,1,100,-15380.200195
1752788025.550446,326512.000,51866,2,EL,1,100,-15380.000000
1752788025.617447,326579.000,51886,1,EL,1,100,-15378.000000
1752788025.683947,326645.500,51902,2,EL,1,100,-15376.599609
1752788025.750448,326712.000,51902,2,EL,1,100,-15378.000000
1752788025.817448,326779.000,51919,1,EL,1,100,-15378.200195
1752788025.883949,326845.500,51934,2,EL,1,100,-15381.000000
1752788025.950449,326912.000,51934,2,EL,1,100,-15382.000000
1752788026.017450,326979.000,51955,1,EL,1,100,-15383.200195
1752788026.083950,327045.500,51973,2,EL,1,100,-15381.799805
1752788026.150451,327112.000,51973,2,EL,1,100,-15383.200195
1752788026.217452,327179.000,51990,1,EL,1,100,-15385.200195
1752788026.283952,327245.500,52008,2,EL,1,100,-15386.400391
1752788026.350453,327312.000,52008,2,EL,1,100,-15386.400391
1752788026.417453,327379.000,52024,1,EL,1,100,-15387.599609
1752788026.483954,327445.500,52040,2,EL,1,100,-15385.799805
1752788026.550454,327512.000,52040,2,EL,1,100,-15387.400391
1752788026.616955,327578.500,52058,2,EL,1,100,-15387.200195
1752788026.683455,327645.000,52058,2,EL,1,100,-15384.000000
1752788026.750456,327712.000,52076,1,EL,1,100,-15385.400391
1752788026.816957,327778.500,52091,2,EL,1,100,-15391.000000
1752788026.883457,327845.000,52091,2,EL,1,100,-15391.599609
1752788026.950458,327912.000,52108,1,EL,1,100,-15391.400391
1752788027.016958,327978.500,52127,2,EL,1,100,-15391.200195
1752788027.083459,328045.000,52127,2,EL,1,100,-15401.000000
1752788027.150459,328112.000,52143,1,EL,1,100,-15401.799805
1752788027.217127,328178.667,52168,3,EL,1,100,-15384.000000
1752788027.283794,328245.333,52168,3,EL,1,100,-15380.400391
1752788027.350461,328312.000,52168,3,EL,1,100,-15388.400391
1752788027.417461,328379.000,52184,1,EL,1,100,-15392.200195
1752788027.483962,328445.500,52199,2,EL,1,100,-15394.400391
1752788027.550463,328512.000,52199,2,EL,1,100,-15399.599609
1752788027.617463,328579.000,52216,1,EL,1,100,-15399.200195
1752788027.683964,328645.500,52233,2,EL,1,100,-15401.599609
1752788027.750464,328712.000,52233,2,EL,1,100,-15403.200195
1752788027.817465,328779.000,52249,1,EL,1,100,-15405.400391
1752788027.883965,328845.500,52269,2,EL,1,100,-15408.400391
1752788027.950466,328912.000,52269,2,EL,1,100,-15403.000000
1752788028.017466,328979.000,52285,1,EL,1,100,-15400.000000
1752788028.083967,329045.500,52302,2,EL,1,100,-15401.400391
1752788028.150468,329112.000,52302,2,EL,1,100,-15405.599609
1752788028.217468,329179.000,52318,1,EL,1,100,-15398.799805
1752788028.283969,329245.500,52334,2,EL,1,100,-15403.599609
1752788028.350469,329312.000,52334,2,EL,1,100,-15408.599609
1752788028.416470,329378.000,52350,1,EL,1,100,-15411.599609
1752788028.483470,329445.000,52369,2,EL,1,100,-15417.200195
1752788028.550471,329512.000,52369,2,EL,1,100,-15417.599609
1752788028.617471,329579.000,52388,1,EL,1,100,-15406.000000
1752788028.683972,329645.500,52403,2,EL,1,100,-15409.599609
1752788028.750472,329712.000,52403,2,EL,1,100,-15411.799805
1752788028.817473,329779.000,52419,1,EL,1,100,-15415.000000
1752788028.883974,329845.500,52437,2,EL,1,100,-15407.400391
1752788028.950474,329912.000,52437,2,EL,1,100,-15408.400391
1752788029.016475,329978.000,52453,1,EL,1,100,-15414.599609
1752788029.083475,330045.000,52471,2,EL,1,100,-15426.000000
1752788029.150476,330112.000,52471,2,EL,1,100,-15423.000000
1752788029.217476,330179.000,52486,1,EL,1,100,-15403.200195
1752788029.283977,330245.500,52504,2,EL,1,100,-15399.599609
1752788029.350477,330312.000,52504,2,EL,1,100,-15414.400391
1752788029.416478,330378.000,52520,1,EL,1,100,-15422.799805
1752788029.483479,330445.000,52536,2,EL,1,100,-15433.200195
1752788029.550479,330512.000,52536,2,EL,1,100,-15432.599609
1752788029.616980,330578.500,52552,2,EL,1,100,-15414.799805
1752788029.683480,330645.000,52552,2,EL,1,100,-15417.799805
1752788029.750481,330712.000,52571,1,EL,1,100,-15425.000000
1752788029.816981,330778.500,52589,2,EL,1,100,-15420.400391
1752788029.883482,330845.000,52589,2,EL,1,100,-15425.000000
1752788029.950482,330912.000,52607,1,EL,1,100,-15425.599609
1752788030.016983,330978.500,52621,2,EL,1,100,-15428.799805
1752788030.083483,331045.000,52621,2,EL,1,100,-15430.599609
1752788030.150484,331112.000,52640,1,EL,1,100,-15429.799805
1752788030.216985,331178.500,52657,2,EL,1,100,-15432.000000
1752788030.283485,331245.000,52657,2,EL,1,100,-15432.200195
1752788030.350486,331312.000,52678,1,EL,1,100,-15430.000000
1752788030.416986,331378.500,52692,2,EL,1,100,-15429.599609
1752788030.483487,331445.000,52692,2,EL,1,100,-15429.400391
1752788030.550487,331512.000,52709,1,EL,1,100,-15432.200195
1752788030.616988,331578.500,52728,2,EL,1,100,-15433.599609
1752788030.683488,331645.000,52728,2,EL,1,100,-15433.400391
1752788030.750489,331712.000,52745,1,EL,1,100,-15434.200195
1752788030.816990,331778.500,52761,2,EL,1,100,-15439.599609
1752788030.883490,331845.000,52761,2,EL,1,100,-15437.599609
1752788030.950491,331912.000,52781,1,EL,1,100,-15439.400391
1752788031.016991,331978.500,52799,2,EL,1,100,-15439.400391
1752788031.083492,332045.000,52799,2,EL,1,100,-15441.200195
1752788031.150492,332112.000,52816,1,EL,1,100,-15442.000000
1752788031.216993,332178.500,52833,2,EL,1,100,-15442.000000
1752788031.283493,332245.000,52833,2,EL,1,100,-15440.400391
1752788031.350494,332312.000,52850,1,EL,1,100,-15441.400391
1752788031.416994,332378.500,52866,2,EL,1,100,-15446.000000
1752788031.483495,332445.000,52866,2,EL,1,100,-15442.400391
1752788031.550496,332512.000,52885,1,EL,1,100,-15438.400391
1752788031.616996,332578.500,52901,2,EL,1,100,-15442.599609
1752788031.683497,332645.000,52901,2,EL,1,100,-15443.799805
1752788031.750497,332712.000,52917,1,EL,1,100,-15445.000000
1752788031.816998,332778.500,52933,2,EL,1,100,-15445.000000
1752788031.883498,332845.000,52933,2,EL,1,100,-15445.799805
1752788031.950499,332912.000,52951,1,EL,1,100,-15447.599609
1752788032.016999,332978.500,52966,2,EL,1,100,-15449.200195
1752788032.083500,333045.000,52966,2,EL,1,100,-15449.000000
1752788032.150001,333111.500,52986,2,EL,1,100,-15455.400391
1752788032.216501,333178.000,52986,2,EL,1,100,-15452.400391
1752788032.283502,333245.000,53003,1,EL,1,100,-15451.400391
1752788032.350002,333311.500,53025,2,EL,1,100,-15451.400391
1752788032.416503,333378.000,53025,2,EL,1,100,-15452.599609
1752788032.483003,333444.500,53041,2,EL,1,100,-15453.799805
1752788032.549504,333511.000,53041,2,EL,1,100,-15455.400391
1752788032.616504,333578.000,53059,1,EL,1,100,-15457.799805
1752788032.683005,333644.500,53076,2,EL,1,100,-15454.400391
1752788032.749505,333711.000,53076,2,EL,1,100,-15456.599609
1752788032.816506,333778.000,53094,1,EL,1,100,-15457.799805
1752788032.883007,333844.500,53113,2,EL,1,100,-15458.000000
1752788032.949507,333911.000,53113,2,EL,1,100,-15457.799805
1752788033.016508,333978.000,53130,2,EL,1,100,-15454.799805
1752788033.083508,334045.000,53130,2,EL,1,100,-15461.400391
1752788033.149509,334111.000,53146,1,EL,1,100,-15460.400391
1752788033.216509,334178.000,53162,2,EL,1,100,-15460.200195
1752788033.283510,334245.000,53162,2,EL,1,100,-15461.799805
1752788033.349510,334311.000,53178,1,EL,1,100,-15463.000000
1752788033.416511,334378.000,53197,2,EL,1,100,-15465.400391
1752788033.483511,334445.000,53197,2,EL,1,100,-15467.000000
1752788033.549512,334511.000,53213,1,EL,1,100,-15467.799805
1752788033.616513,334578.000,53231,2,EL,1,100,-15464.200195
1752788033.683513,334645.000,53231,2,EL,1,100,-15458.200195
1752788033.749514,334711.000,53247,1,EL,1,100,-15463.000000
1752788033.816514,334778.000,53264,2,EL,1,100,-15464.599609
1752788033.883515,334845.000,53264,2,EL,1,100,-15469.400391
1752788033.949515,334911.000,53281,1,EL,1,100,-15470.200195
1752788034.016516,334978.000,53298,2,EL,1,100,-15470.400391
1752788034.083516,335045.000,53298,2,EL,1,100,-15470.400391
1752788034.149517,335111.000,53316,1,EL,1,100,-15471.000000
1752788034.216518,335178.000,53334,2,EL,1,100,-15475.000000
1752788034.283518,335245.000,53334,2,EL,1,100,-15477.599609
1752788034.349519,335311.000,53350,1,EL,1,100,-15481.200195
1752788034.416519,335378.000,53367,2,EL,1,100,-15475.599609
1752788034.483520,335445.000,53367,2,EL,1,100,-15470.599609
1752788034.549520,335511.000,53383,1,EL,1,100,-15475.000000
1752788034.616521,335578.000,53403,2,EL,1,100,-15469.200195
1752788034.683521,335645.000,53403,2,EL,1,100,-15468.400391
1752788034.749522,335711.000,53419,1,EL,1,100,-15475.599609
1752788034.816522,335778.000,53435,2,EL,1,100,-15474.400391
1752788034.883523,335845.000,53435,2,EL,1,100,-15477.400391
1752788034.949524,335911.000,53451,1,EL,1,100,-15479.599609
1752788035.016024,335977.500,53468,2,EL,1,100,-15478.000000
1752788035.082525,336044.000,53468,2,EL,1,100,-15479.000000
1752788035.149525,336111.000,53484,2,EL,1,100,-15480.200195
1752788035.216526,336178.000,53484,2,EL,1,100,-15484.400391
1752788035.282526,336244.000,53504,1,EL,1,100,-15483.200195
1752788035.349527,336311.000,53518,2,EL,1,100,-15483.799805
1752788035.416527,336378.000,53518,2,EL,1,100,-15487.200195
1752788035.482528,336444.000,53535,1,EL,1,100,-15487.799805
1752788035.549529,336511.000,53552,2,EL,1,100,-15491.599609
1752788035.616529,336578.000,53552,2,EL,1,100,-15491.200195
1752788035.682530,336644.000,53571,1,EL,1,100,-15490.599609
1752788035.749530,336711.000,53585,2,EL,1,100,-15489.400391
1752788035.816531,336778.000,53585,2,EL,1,100,-15486.799805
1752788035.882531,336844.000,53604,1,EL,1,100,-15490.000000
1752788035.949532,336911.000,53623,2,EL,1,100,-15497.200195
1752788036.016532,336978.000,53623,2,EL,1,100,-15497.400391
1752788036.082533,337044.000,53642,1,EL,1,100,-15494.200195
1752788036.149533,337111.000,53656,2,EL,1,100,-15486.599609
1752788036.216534,337178.000,53656,2,EL,1,100,-15488.200195
1752788036.282535,337244.000,53674,1,EL,1,100,-15495.000000
1752788036.349535,337311.000,53690,2,EL,1,100,-15491.000000
1752788036.416536,337378.000,53690,2,EL,1,100,-15495.400391
1752788036.482536,337444.000,53709,1,EL,1,100,-15496.599609
1752788036.549537,337511.000,53724,2,EL,1,100,-15497.200195
1752788036.616537,337578.000,53724,2,EL,1,100,-15499.200195
1752788036.682538,337644.000,53743,1,EL,1,100,-15498.000000
1752788036.749538,337711.000,53759,2,EL,1,100,-15500.400391
1752788036.816539,337778.000,53759,2,EL,1,100,-15498.200195
1752788036.882540,337844.000,53776,1,EL,1,100,-15499.599609
1752788036.949540,337911.000,53792,2,EL,1,100,-15502.400391
1752788037.016541,337978.000,53792,2,EL,1,100,-15502.400391
1752788037.082541,338044.000,53812,1,EL,1,100,-15500.200195
1752788037.149542,338111.000,53828,2,EL,1,100,-15508.400391
1752788037.216542,338178.000,53828,2,EL,1,100,-15514.000000
1752788037.283043,338244.500,53848,2,EL,1,100,-15511.599609
1752788037.349543,338311.000,53848,2,EL,1,100,-15503.799805
1752788037.416544,338378.000,53864,1,EL,1,100,-15506.400391
1752788037.483044,338444.500,53886,2,EL,1,100,-15511.000000
1752788037.549545,338511.000,53886,2,EL,1,100,-15509.200195
1752788037.616046,338577.500,53903,2,EL,1,100,-15510.200195
1752788037.682546,338644.000,53903,2,EL,1,100,-15509.400391
1752788037.749547,338711.000,53922,1,EL,1,100,-15510.400391
1752788037.816047,338777.500,53938,2,EL,1,100,-15510.000000
1752788037.882548,338844.000,53938,2,EL,1,100,-15510.200195
1752788037.949548,338911.000,53956,1,EL,1,100,-15510.599609
1752788038.016049,338977.500,53971,2,EL,1,100,-15510.000000
1752788038.082549,339044.000,53971,2,EL,1,100,-15509.000000
1752788038.149550,339111.000,53987,1,EL,1,100,-15509.400391
1752788038.216051,339177.500,54004,2,EL,1,100,-15517.200195
1752788038.282551,339244.000,54004,2,EL,1,100,-15517.799805
1752788038.349552,339311.000,54023,2,EL,1,100,-15519.799805
1752788038.416552,339378.000,54023,2,EL,1,100,-15520.599609
1752788038.482553,339444.000,54039,1,EL,1,100,-15522.799805
1752788038.549553,339511.000,54057,2,EL,1,100,-15517.000000
1752788038.616554,339578.000,54057,2,EL,1,100,-15513.200195
1752788038.682554,339644.000,54073,1,EL,1,100,-15519.599609
1752788038.749555,339711.000,54090,2,EL,1,100,-15523.599609
1752788038.816555,339778.000,54090,2,EL,1,100,-15523.799805
1752788038.882556,339844.000,54106,1,EL,1,100,-15523.799805
1752788038.949557,339911.000,54124,2,EL,1,100,-15518.400391
1752788039.016557,339978.000,54124,2,EL,1,100,-15509.599609
1752788039.082558,340044.000,54142,1,EL,1,100,-15523.200195
1752788039.149058,340110.500,54159,2,EL,1,100,-15531.000000
1752788039.215559,340177.000,54159,2,EL,1,100,-15528.400391
1752788039.282559,340244.000,54176,1,EL,1,100,-15523.599609
1752788039.349560,340311.000,54191,2,EL,1,100,-15520.400391
1752788039.416560,340378.000,54191,2,EL,1,100,-15525.200195
1752788039.482561,340444.000,54207,1,EL,1,100,-15528.200195
1752788039.549562,340511.000,54225,2,EL,1,100,-15532.400391
1752788039.616562,340578.000,54225,2,EL,1,100,-15533.000000
1752788039.682563,340644.000,54243,1,EL,1,100,-15536.400391
1752788039.749063,340710.500,54260,2,EL,1,100,-15532.599609
1752788039.815564,340777.000,54260,2,EL,1,100,-15532.599609
1752788039.882564,340844.000,54276,1,EL,1,100,-15533.200195
1752788039.949065,340910.500,54294,2,EL,1,100,-15534.799805
1752788040.015565,340977.000,54294,2,EL,1,100,-15532.799805
1752788040.082566,341044.000,54310,1,EL,1,100,-15533.799805
1752788040.149066,341110.500,54326,2,EL,1,100,-15536.599609
1752788040.215567,341177.000,54326,2,EL,1,100,-15537.799805
1752788040.282568,341244.000,54344,1,EL,1,100,-15539.200195
1752788040.349068,341310.500,54361,2,EL,1,100,-15539.200195
1752788040.415569,341377.000,54361,2,EL,1,100,-15540.799805
1752788040.482569,341444.000,54379,1,EL,1,100,-15540.000000
1752788040.549070,341510.500,54396,2,EL,1,100,-15537.400391
1752788040.615570,341577.000,54396,2,EL,1,100,-15541.400391
1752788040.682571,341644.000,54413,2,EL,1,100,-15545.599609
1752788040.749571,341711.000,54413,2,EL,1,100,-15543.599609
1752788040.815572,341777.000,54430,1,EL,1,100,-15541.000000
1752788040.882572,341844.000,54449,2,EL,1,100,-15542.799805
1752788040.949573,341911.000,54449,2,EL,1,100,-15545.400391
1752788041.015574,341977.000,54468,1,EL,1,100,-15544.000000
1752788041.082574,342044.000,54482,2,EL,1,100,-15547.599609
1752788041.149575,342111.000,54482,2,EL,1,100,-15544.799805
1752788041.215575,342177.000,54499,1,EL,1,100,-15541.000000
1752788041.282576,342244.000,54516,2,EL,1,100,-15545.000000
1752788041.349576,342311.000,54516,2,EL,1,100,-15549.400391
1752788041.415577,342377.000,54533,1,EL,1,100,-15546.000000
1752788041.482577,342444.000,54549,2,EL,1,100,-15547.799805
1752788041.549578,342511.000,54549,2,EL,1,100,-15549.599609
1752788041.615579,342577.000,54567,1,EL,1,100,-15552.000000
1752788041.682079,342643.500,54583,2,EL,1,100,-15551.599609
1752788041.748580,342710.000,54583,2,EL,1,100,-15551.599609
1752788041.815580,342777.000,54600,1,EL,1,100,-15553.000000
1752788041.882081,342843.500,54615,2,EL,1,100,-15552.000000
1752788041.948581,342910.000,54615,2,EL,1,100,-15552.799805
1752788042.015582,342977.000,54632,1,EL,1,100,-15557.400391
1752788042.082082,343043.500,54650,2,EL,1,100,-15555.200195
1752788042.148583,343110.000,54650,2,EL,1,100,-15554.599609
1752788042.215583,343177.000,54669,1,EL,1,100,-15558.000000
1752788042.282084,343243.500,54686,2,EL,1,100,-15555.200195
1752788042.348585,343310.000,54686,2,EL,1,100,-15558.400391
1752788042.415585,343377.000,54703,1,EL,1,100,-15558.200195
1752788042.482086,343443.500,54719,2,EL,1,100,-15559.400391
1752788042.548586,343510.000,54719,2,EL,1,100,-15562.200195
1752788042.615587,343577.000,54744,2,EL,1,100,-15563.000000
1752788042.682587,343644.000,54744,2,EL,1,100,-15561.000000
1752788042.749088,343710.500,54762,2,EL,1,100,-15566.400391
1752788042.815588,343777.000,54762,2,EL,1,100,-15569.799805
1752788042.882589,343844.000,54781,1,EL,1,100,-15566.000000
1752788042.949090,343910.500,54796,2,EL,1,100,-15562.599609
1752788043.015590,343977.000,54796,2,EL,1,100,-15547.599609
1752788043.082591,344044.000,54813,1,EL,1,100,-15550.599609
1752788043.149091,344110.500,54829,2,EL,1,100,-15564.000000
1752788043.215592,344177.000,54829,2,EL,1,100,-15564.200195
1752788043.282592,344244.000,54847,1,EL,1,100,-15566.200195
1752788043.349093,344310.500,54863,2,EL,1,100,-15569.599609
1752788043.415593,344377.000,54863,2,EL,1,100,-15570.400391
1752788043.482594,344444.000,54880,1,EL,1,100,-15572.000000
1752788043.549094,344510.500,54897,2,EL,1,100,-15573.799805
1752788043.615595,344577.000,54897,2,EL,1,100,-15588.400391
1752788043.682596,344644.000,54914,1,EL,1,100,-15581.000000
1752788043.749096,344710.500,54931,2,EL,1,100,-15577.000000
1752788043.815597,344777.000,54931,2,EL,1,100,-15570.799805
1752788043.882097,344843.500,54950,2,EL,1,100,-15572.200195
1752788043.948598,344910.000,54950,2,EL,1,100,-15572.400391
1752788044.015598,344977.000,54966,1,EL,1,100,-15574.400391
1752788044.082099,345043.500,54983,2,EL,1,100,-15570.799805
1752788044.148599,345110.000,54983,2,EL,1,100,-15573.400391
1752788044.215600,345177.000,54999,1,EL,1,100,-15578.200195
1752788044.282101,345243.500,55015,2,EL,1,100,-15582.000000
1752788044.348601,345310.000,55015,2,EL,1,100,-15579.799805
1752788044.415602,345377.000,55031,1,EL,1,100,-15582.599609
1752788044.482102,345443.500,55048,2,EL,1,100,-15587.000000
1752788044.548603,345510.000,55048,2,EL,1,100,-15593.200195
1752788044.615603,345577.000,55069,1,EL,1,100,-15588.400391
1752788044.682104,345643.500,55084,2,EL,1,100,-15585.599609
1752788044.748604,345710.000,55084,2,EL,1,100,-15583.200195
1752788044.815605,345777.000,55100,1,EL,1,100,-15587.200195
1752788044.882105,345843.500,55120,2,EL,1,100,-15590.200195
1752788044.948606,345910.000,55120,2,EL,1,100,-15588.000000
1752788045.015607,345977.000,55136,1,EL,1,100,-15587.799805
1752788045.082107,346043.500,55153,2,EL,1,100,-15585.599609
1752788045.148608,346110.000,55153,2,EL,1,100,-15587.400391
1752788045.215608,346177.000,55169,1,EL,1,100,-15589.799805
1752788045.282109,346243.500,55189,2,EL,1,100,-15590.200195
1752788045.348609,346310.000,55189,2,EL,1,100,-15590.000000
1752788045.415610,346377.000,55205,1,EL,1,100,-15587.000000
1752788045.482110,346443.500,55220,2,EL,1,100,-15589.799805
1752788045.548611,346510.000,55220,2,EL,1,100,-15593.000000
1752788045.615612,346577.000,55237,1,EL,1,100,-15595.400391
1752788045.682112,346643.500,55254,2,EL,1,100,-15596.000000
1752788045.748613,346710.000,55254,2,EL,1,100,-15596.599609
1752788045.815613,346777.000,55270,1,EL,1,100,-15597.200195
1752788045.882114,346843.500,55289,2,EL,1,100,-15602.200195
1752788045.948614,346910.000,55289,2,EL,1,100,-15601.000000
1752788046.015615,346977.000,55308,1,EL,1,100,-15599.000000
1752788046.082115,347043.500,55325,2,EL,1,100,-15600.400391
1752788046.148616,347110.000,55325,2,EL,1,100,-15601.200195
1752788046.215616,347177.000,55341,1,EL,1,100,-15601.000000
1752788046.282117,347243.500,55358,2,EL,1,100,-15599.400391
1752788046.348618,347310.000,55358,2,EL,1,100,-15597.400391
1752788046.415118,347376.500,55373,2,EL,1,100,-15602.200195
1752788046.481619,347443.000,55373,2,EL,1,100,-15602.000000
1752788046.548619,347510.000,55392,1,EL,1,100,-15603.200195
1752788046.615120,347576.500,55409,2,EL,1,100,-15604.200195
1752788046.681620,347643.000,55409,2,EL,1,100,-15607.400391
1752788046.748621,347710.000,55428,1,EL,1,100,-15606.200195
1752788046.815121,347776.500,55442,2,EL,1,100,-15608.200195
1752788046.881622,347843.000,55442,2,EL,1,100,-15607.000000
1752788046.948622,347910.000,55460,1,EL,1,100,-15609.000000
1752788047.015123,347976.500,55478,2,EL,1,100,-15611.000000
1752788047.081624,348043.000,55478,2,EL,1,100,-15609.599609
1752788047.148624,348110.000,55497,1,EL,1,100,-15610.799805
1752788047.215125,348176.500,55512,2,EL,1,100,-15611.200195
1752788047.281625,348243.000,55512,2,EL,1,100,-15604.799805
1752788047.348626,348310.000,55529,1,EL,1,100,-15603.799805
1752788047.415126,348376.500,55545,2,EL,1,100,-15605.200195
1752788047.481627,348443.000,55545,2,EL,1,100,-15604.400391
1752788047.548627,348510.000,55562,1,EL,1,100,-15602.599609
1752788047.615128,348576.500,55577,2,EL,1,100,-15613.200195
1752788047.681629,348643.000,55577,2,EL,1,100,-15613.200195
1752788047.748129,348709.500,55601,2,EL,1,100,-15614.400391
1752788047.814630,348776.000,55601,2,EL,1,100,-15615.400391
1752788047.881630,348843.000,55618,2,EL,1,100,-15617.200195
1752788047.948631,348910.000,55618,2,EL,1,100,-15622.799805
1752788048.015631,348977.000,55635,1,EL,1,100,-15627.599609
1752788048.082132,349043.500,55653,2,EL,1,100,-15616.599609
1752788048.148632,349110.000,55653,2,EL,1,100,-15611.599609
1752788048.215633,349177.000,55670,1,EL,1,100,-15616.000000
1752788048.282133,349243.500,55685,2,EL,1,100,-15618.799805
1752788048.348634,349310.000,55685,2,EL,1,100,-15609.799805
1752788048.415635,349377.000,55704,1,EL,1,100,-15616.799805
1752788048.482135,349443.500,55720,2,EL,1,100,-15623.200195
1752788048.548636,349510.000,55720,2,EL,1,100,-15625.599609
1752788048.614636,349576.000,55738,1,EL,1,100,-15624.799805
1752788048.681637,349643.000,55752,2,EL,1,100,-15624.400391
1752788048.748637,349710.000,55752,2,EL,1,100,-15634.200195
1752788048.814638,349776.000,55769,1,EL,1,100,-15633.799805
1752788048.881638,349843.000,55788,2,EL,1,100,-15624.599609
1752788048.948639,349910.000,55788,2,EL,1,100,-15615.200195
1752788049.014640,349976.000,55807,1,EL,1,100,-15609.799805
1752788049.081640,350043.000,55821,2,EL,1,100,-15620.200195
1752788049.148641,350110.000,55821,2,EL,1,100,-15629.599609
1752788049.215641,350177.000,55838,1,EL,1,100,-15632.400391
1752788049.282142,350243.500,55855,2,EL,1,100,-15634.799805
1752788049.348642,350310.000,55855,2,EL,1,100,-15633.599609
1752788049.414643,350376.000,55874,1,EL,1,100,-15632.799805
1752788049.481643,350443.000,55888,2,EL,1,100,-15633.400391
1752788049.548644,350510.000,55888,2,EL,1,100,-15633.200195
1752788049.614644,350576.000,55908,1,EL,1,100,-15635.400391
1752788049.681645,350643.000,55924,2,EL,1,100,-15638.000000
1752788049.748646,350710.000,55924,2,EL,1,100,-15645.599609
1752788049.814646,350776.000,55943,1,EL,1,100,-15641.599609
1752788049.881647,350843.000,55959,2,EL,1,100,-15641.799805
1752788049.948647,350910.000,55959,2,EL,1,100,-15640.400391
1752788050.014648,350976.000,55975,1,EL,1,100,-15641.000000
1752788050.081648,351043.000,55991,2,EL,1,100,-15639.599609
1752788050.148649,351110.000,55991,2,EL,1,100,-15631.200195
1752788050.215149,351176.500,56011,2,EL,1,100,-15634.799805
1752788050.281650,351243.000,56011,2,EL,1,100,-15636.000000
1752788050.348651,351310.000,56027,1,EL,1,100,-15645.000000
1752788050.415151,351376.500,56042,2,EL,1,100,-15636.000000
1752788050.481652,351443.000,56042,2,EL,1,100,-15623.599609
1752788050.548652,351510.000,56058,1,EL,1,100,-15632.000000
1752788050.615153,351576.500,56076,2,EL,1,100,-15646.200195
1752788050.681653,351643.000,56076,2,EL,1,100,-15646.000000
1752788050.748654,351710.000,56092,1,EL,1,100,-15642.599609
1752788050.815154,351776.500,56107,2,EL,1,100,-15648.200195
1752788050.881655,351843.000,56107,2,EL,1,100,-15649.200195
1752788050.948655,351910.000,56126,1,EL,1,100,-15658.799805
1752788051.015156,351976.500,56147,2,EL,1,100,-15651.400391
1752788051.081657,352043.000,56147,2,EL,1,100,-15646.400391
1752788051.148657,352110.000,56163,1,EL,1,100,-15649.400391
1752788051.215158,352176.500,56179,2,EL,1,100,-15651.200195
1752788051.281658,352243.000,56179,2,EL,1,100,-15652.599609
1752788051.348659,352310.000,56197,1,EL,1,100,-15652.799805
1752788051.415159,352376.500,56214,2,EL,1,100,-15651.599609
1752788051.481660,352443.000,56214,2,EL,1,100,-15654.400391
1752788051.548660,352510.000,56232,1,EL,1,100,-15655.799805
1752788051.615161,352576.500,56250,2,EL,1,100,-15653.200195
1752788051.681662,352643.000,56250,2,EL,1,100,-15649.599609
1752788051.747662,352709.000,56266,1,EL,1,100,-15655.000000
1752788051.814663,352776.000,56283,2,EL,1,100,-15659.400391
1752788051.881663,352843.000,56283,2,EL,1,100,-15658.599609
1752788051.948664,352910.000,56300,1,EL,1,100,-15656.400391
1752788052.015164,352976.500,56315,2,EL,1,100,-15657.599609
1752788052.081665,353043.000,56315,2,EL,1,100,-15659.599609
1752788052.147665,353109.000,56333,1,EL,1,100,-15660.200195
1752788052.214666,353176.000,56353,2,EL,1,100,-15658.400391
1752788052.281666,353243.000,56353,2,EL,1,100,-15661.200195
1752788052.347667,353309.000,56369,1,EL,1,100,-15664.599609
1752788052.414668,353376.000,56387,2,EL,1,100,-15666.200195
1752788052.481668,353443.000,56387,2,EL,1,100,-15663.799805
1752788052.548169,353509.500,56403,2,EL,1,100,-15664.799805
1752788052.614669,353576.000,56403,2,EL,1,100,-15662.000000
1752788052.681670,353643.000,56420,1,EL,1,100,-15664.799805
1752788052.748170,353709.500,56438,2,EL,1,100,-15664.000000
1752788052.814671,353776.000,56438,2,EL,1,100,-15666.599609
1752788052.881171,353842.500,56461,2,EL,1,100,-15667.200195
1752788052.947672,353909.000,56461,2,EL,1,100,-15669.599609
1752788053.014673,353976.000,56479,1,EL,1,100,-15668.400391
1752788053.081173,354042.500,56495,2,EL,1,100,-15666.799805
1752788053.147674,354109.000,56495,2,EL,1,100,-15669.400391
1752788053.214674,354176.000,56513,2,EL,1,100,-15671.400391
1752788053.281675,354243.000,56513,2,EL,1,100,-15671.000000
1752788053.347675,354309.000,56532,1,EL,1,100,-15669.200195
1752788053.414676,354376.000,56548,2,EL,1,100,-15669.799805
1752788053.481676,354443.000,56548,2,EL,1,100,-15671.200195
1752788053.547677,354509.000,56565,1,EL,1,100,-15673.000000
1752788053.614677,354576.000,56580,2,EL,1,100,-15674.200195
1752788053.681678,354643.000,56580,2,EL,1,100,-15673.000000
1752788053.747679,354709.000,56597,1,EL,1,100,-15675.400391
1752788053.814679,354776.000,56615,2,EL,1,100,-15677.200195
1752788053.881680,354843.000,56615,2,EL,1,100,-15674.799805
1752788053.947680,354909.000,56635,1,EL,1,100,-15675.400391
1752788054.014681,354976.000,56649,2,EL,1,100,-15677.200195
1752788054.081681,355043.000,56649,2,EL,1,100,-15676.200195
1752788054.147682,355109.000,56666,1,EL,1,100,-15678.599609
1752788054.214682,355176.000,56683,2,EL,1,100,-15684.599609
1752788054.281683,355243.000,56683,2,EL,1,100,-15677.799805
1752788054.347683,355309.000,56700,1,EL,1,100,-15675.599609
1752788054.414684,355376.000,56714,2,EL,1,100,-15681.000000
1752788054.481685,355443.000,56714,2,EL,1,100,-15681.599609
1752788054.547685,355509.000,56733,1,EL,1,100,-15683.000000
1752788054.614686,355576.000,56750,2,EL,1,100,-15682.599609
1752788054.681686,355643.000,56750,2,EL,1,100,-15684.000000
1752788054.747687,355709.000,56767,1,EL,1,100,-15686.000000
1752788054.814687,355776.000,56781,2,EL,1,100,-15688.400391
1752788054.881688,355843.000,56781,2,EL,1,100,-15688.200195
1752788054.947688,355909.000,56799,1,EL,1,100,-15689.000000
1752788055.014189,355975.500,56817,2,EL,1,100,-15688.799805
1752788055.080690,356042.000,56817,2,EL,1,100,-15688.200195
1752788055.147690,356109.000,56834,1,EL,1,100,-15689.200195
1752788055.214191,356175.500,56852,2,EL,1,100,-15690.200195
1752788055.280691,356242.000,56852,2,EL,1,100,-15690.000000
1752788055.347692,356309.000,56868,1,EL,1,100,-15690.400391
1752788055.414192,356375.500,56884,2,EL,1,100,-15691.400391
1752788055.480693,356442.000,56884,2,EL,1,100,-15690.000000
1752788055.547693,356509.000,56901,1,EL,1,100,-15691.599609
1752788055.614194,356575.500,56917,2,EL,1,100,-15692.000000
1752788055.680694,356642.000,56917,2,EL,1,100,-15693.000000
1752788055.747695,356709.000,56933,2,EL,1,100,-15697.000000
1752788055.814696,356776.000,56933,2,EL,1,100,-15695.599609
1752788055.880696,356842.000,56949,1,EL,1,100,-15694.200195
1752788055.947697,356909.000,56971,2,EL,1,100,-15695.799805
1752788056.014697,356976.000,56971,2,EL,1,100,-15693.599609
1752788056.080698,357042.000,56987,1,EL,1,100,-15694.400391
1752788056.147698,357109.000,57002,2,EL,1,100,-15698.599609
1752788056.214699,357176.000,57002,2,EL,1,100,-15697.799805
1752788056.280699,357242.000,57019,1,EL,1,100,-15699.599609
1752788056.347700,357309.000,57036,2,EL,1,100,-15699.200195
1752788056.414701,357376.000,57036,2,EL,1,100,-15698.200195
1752788056.480701,357442.000,57054,1,EL,1,100,-15700.200195
1752788056.547702,357509.000,57070,2,EL,1,100,-15701.000000
1752788056.614702,357576.000,57070,2,EL,1,100,-15700.400391
1752788056.680703,357642.000,57086,1,EL,1,100,-15700.400391
1752788056.747703,357709.000,57103,2,EL,1,100,-15698.400391
1752788056.814704,357776.000,57103,2,EL,1,100,-15700.599609
1752788056.880704,357842.000,57119,1,EL,1,100,-15699.599609
1752788056.947705,357909.000,57135,2,EL,1,100,-15703.599609
1752788057.014705,357976.000,57135,2,EL,1,100,-15705.599609
1752788057.080706,358042.000,57153,1,EL,1,100,-15703.799805
1752788057.147707,358109.000,57170,2,EL,1,100,-15707.799805
1752788057.214707,358176.000,57170,2,EL,1,100,-15710.000000
1752788057.280708,358242.000,57187,1,EL,1,100,-15709.599609
1752788057.347708,358309.000,57205,2,EL,1,100,-15706.400391
1752788057.414709,358376.000,57205,2,EL,1,100,-15706.400391
1752788057.480709,358442.000,57220,1,EL,1,100,-15710.000000
1752788057.547710,358509.000,57240,2,EL,1,100,-15711.200195
1752788057.614710,358576.000,57240,2,EL,1,100,-15710.599609
1752788057.681211,358642.500,57256,2,EL,1,100,-15712.200195
1752788057.747712,358709.000,57256,2,EL,1,100,-15712.000000
1752788057.814712,358776.000,57275,1,EL,1,100,-15711.200195
1752788057.881213,358842.500,57290,2,EL,1,100,-15712.400391
1752788057.947713,358909.000,57290,2,EL,1,100,-15713.799805
1752788058.014214,358975.500,57312,2,EL,1,100,-15715.599609
1752788058.080714,359042.000,57312,2,EL,1,100,-15716.799805
1752788058.147715,359109.000,57328,1,EL,1,100,-15717.200195
1752788058.214215,359175.500,57346,2,EL,1,100,-15719.200195
1752788058.280716,359242.000,57346,2,EL,1,100,-15721.400391
1752788058.347716,359309.000,57364,1,EL,1,100,-15720.400391
1752788058.414217,359375.500,57381,2,EL,1,100,-15717.400391
1752788058.480718,359442.000,57381,2,EL,1,100,-15720.400391
1752788058.547718,359509.000,57397,1,EL,1,100,-15727.200195
1752788058.614219,359575.500,57415,2,EL,1,100,-15719.799805
1752788058.680719,359642.000,57415,2,EL,1,100,-15718.400391
1752788058.747720,359709.000,57431,1,EL,1,100,-15719.400391
1752788058.814220,359775.500,57447,2,EL,1,100,-15720.000000
1752788058.880721,359842.000,57447,2,EL,1,100,-15722.599609
1752788058.947221,359908.500,57463,2,EL,1,100,-15720.200195
1752788059.013722,359975.000,57463,2,EL,1,100,-15720.200195
1752788059.080723,360042.000,57480,1,EL,1,100,-15723.599609
1752788059.147223,360108.500,57498,2,EL,1,100,-15726.400391
1752788059.213724,360175.000,57498,2,EL,1,100,-15738.799805
1752788059.280724,360242.000,57516,1,EL,1,100,-15719.799805
1752788059.347225,360308.500,57530,2,EL,1,100,-15689.200195
1752788059.413725,360375.000,57530,2,EL,1,100,-15709.799805
1752788059.480726,360442.000,57547,1,EL,1,100,-15727.000000
1752788059.547226,360508.500,57564,2,EL,1,100,-15731.400391
1752788059.613727,360575.000,57564,2,EL,1,100,-15735.799805
1752788059.680727,360642.000,57581,1,EL,1,100,-15733.000000
1752788059.747228,360708.500,57597,2,EL,1,100,-15726.400391
1752788059.813729,360775.000,57597,2,EL,1,100,-15730.400391
1752788059.880729,360842.000,57614,1,EL,1,100,-15733.000000
1752788059.947230,360908.500,57631,2,EL,1,100,-15734.000000
1752788060.013730,360975.000,57631,2,EL,1,100,-15734.599609
1752788060.080731,361042.000,57648,1,EL,1,100,-15735.599609
1752788060.147231,361108.500,57664,2,EL,1,100,-15742.000000
1752788060.213732,361175.000,57664,2,EL,1,100,-15733.400391
1752788060.280732,361242.000,57682,1,EL,1,100,-15731.599609
1752788060.347233,361308.500,57698,2,EL,1,100,-15738.599609
1752788060.413734,361375.000,57698,2,EL,1,100,-15740.200195
1752788060.480734,361442.000,57717,1,EL,1,100,-15740.799805
1752788060.547235,361508.500,57734,2,EL,1,100,-15738.599609
1752788060.613735,361575.000,57734,2,EL,1,100,-15739.599609
1752788060.680736,361642.000,57751,1,EL,1,100,-15742.000000
1752788060.747236,361708.500,57769,2,EL,1,100,-15741.400391
1752788060.813737,361775.000,57769,2,EL,1,100,-15743.200195
1752788060.880737,361842.000,57786,1,EL,1,100,-15741.599609
1752788060.947238,361908.500,57804,2,EL,1,100,-15742.599609
1752788061.013738,361975.000,57804,2,EL,1,100,-15742.200195
1752788061.080739,362042.000,57822,1,EL,1,100,-15743.400391
1752788061.147240,362108.500,57840,2,EL,1,100,-15744.599609
1752788061.213740,362175.000,57840,2,EL,1,100,-15742.400391
1752788061.280741,362242.000,57858,2,EL,1,100,-15741.799805
1752788061.347741,362309.000,57858,2,EL,1,100,-15741.799805
1752788061.413742,362375.000,57874,1,EL,1,100,-15742.400391
1752788061.480242,362441.500,57889,2,EL,1,100,-15747.599609
1752788061.546743,362508.000,57889,2,EL,1,100,-15746.599609
1752788061.613743,362575.000,57906,1,EL,1,100,-15749.000000
1752788061.680244,362641.500,57925,2,EL,1,100,-15743.200195
1752788061.746744,362708.000,57925,2,EL,1,100,-15746.200195
1752788061.813745,362775.000,57941,1,EL,1,100,-15748.200195
1752788061.880746,362842.000,57957,2,EL,1,100,-15749.799805
1752788061.947746,362909.000,57957,2,EL,1,100,-15752.599609
1752788062.013747,362975.000,57973,1,EL,1,100,-15754.200195
1752788062.080247,363041.500,57992,2,EL,1,100,-15757.400391
1752788062.146748,363108.000,57992,2,EL,1,100,-15755.599609
1752788062.213748,363175.000,58008,1,EL,1,100,-15754.799805
1752788062.280249,363241.500,58026,2,EL,1,100,-15756.599609
1752788062.346749,363308.000,58026,2,EL,1,100,-15755.400391
1752788062.413750,363375.000,58044,1,EL,1,100,-15754.799805
1752788062.480251,363441.500,58061,2,EL,1,100,-15752.799805
1752788062.546751,363508.000,58061,2,EL,1,100,-15754.200195
1752788062.613752,363575.000,58078,1,EL,1,100,-15754.200195
1752788062.680252,363641.500,58093,2,EL,1,100,-15752.200195
1752788062.746753,363708.000,58093,2,EL,1,100,-15754.200195
1752788062.813753,363775.000,58109,1,EL,1,100,-15756.400391
1752788062.880254,363841.500,58127,2,EL,1,100,-15758.200195
1752788062.946754,363908.000,58127,2,EL,1,100,-15758.799805
1752788063.013755,363975.000,58145,1,EL,1,100,-15759.799805
1752788063.080422,364041.667,58166,3,EL,1,100,-15759.599609
1752788063.147089,364108.333,58166,3,EL,1,100,-15747.799805
1752788063.213757,364175.000,58166,3,EL,1,100,-15727.000000
1752788063.280757,364242.000,58183,1,EL,1,100,-15749.599609
1752788063.347258,364308.500,58198,2,EL,1,100,-15760.200195
1752788063.413758,364375.000,58198,2,EL,1,100,-15763.599609
1752788063.480759,364442.000,58214,1,EL,1,100,-15772.200195
1752788063.547259,364508.500,58236,2,EL,1,100,-15773.599609
1752788063.613760,364575.000,58236,2,EL,1,100,-15767.599609
1752788063.680760,364642.000,58252,1,EL,1,100,-15767.799805
1752788063.747261,364708.500,58268,2,EL,1,100,-15765.799805
1752788063.813762,364775.000,58268,2,EL,1,100,-15768.400391
1752788063.880762,364842.000,58283,1,EL,1,100,-15769.799805
1752788063.947263,364908.500,58303,2,EL,1,100,-15766.599609
1752788064.013763,364975.000,58303,2,EL,1,100,-15768.200195
1752788064.080764,365042.000,58319,1,EL,1,100,-15772.200195
1752788064.147264,365108.500,58337,2,EL,1,100,-15766.799805
1752788064.213765,365175.000,58337,2,EL,1,100,-15749.400391
1752788064.280265,365241.500,58355,2,EL,1,100,-15756.200195
1752788064.346766,365308.000,58355,2,EL,1,100,-15765.599609
1752788064.413766,365375.000,58372,1,EL,1,100,-15773.000000
1752788064.480267,365441.500,58388,2,EL,1,100,-15785.000000
1752788064.546768,365508.000,58388,2,EL,1,100,-15762.400391
1752788064.613768,365575.000,58406,1,EL,1,100,-15755.000000
1752788064.680269,365641.500,58420,2,EL,1,100,-15751.200195
1752788064.746769,365708.000,58420,2,EL,1,100,-15771.400391
1752788064.813770,365775.000,58437,1,EL,1,100,-15780.000000
1752788064.880270,365841.500,58456,2,EL,1,100,-15798.000000
1752788064.946771,365908.000,58456,2,EL,1,100,-15779.599609
1752788065.013771,365975.000,58473,1,EL,1,100,-15780.000000
1752788065.080272,366041.500,58487,2,EL,1,100,-15780.599609
1752788065.146773,366108.000,58487,2,EL,1,100,-15775.200195
1752788065.213773,366175.000,58504,1,EL,1,100,-15769.799805
1752788065.280274,366241.500,58521,2,EL,1,100,-15779.400391
1752788065.346774,366308.000,58521,2,EL,1,100,-15779.200195
1752788065.413775,366375.000,58538,1,EL,1,100,-15789.799805
1752788065.480275,366441.500,58554,2,EL,1,100,-15788.000000
1752788065.546776,366508.000,58554,2,EL,1,100,-15771.000000
1752788065.613776,366575.000,58574,1,EL,1,100,-15774.200195
1752788065.680277,366641.500,58590,2,EL,1,100,-15786.200195
1752788065.746777,366708.000,58590,2,EL,1,100,-15784.200195
1752788065.813778,366775.000,58607,1,EL,1,100,-15775.599609
1752788065.880529,366841.750,58623,4,EL,1,100,-15779.400391
1752788065.947279,366908.500,58623,4,EL,1,100,-15782.200195
1752788066.014030,366975.250,58623,4,EL,1,100,-15793.799805
1752788066.080780,367042.000,58623,4,EL,1,100,-15803.000000
1752788066.147381,367108.600,58647,5,EL,1,100,-15792.400391
1752788066.213981,367175.200,58647,5,EL,1,100,-15784.599609
1752788066.280582,367241.800,58647,5,EL,1,100,-15784.599609
1752788066.347182,367308.400,58647,5,EL,1,100,-15794.400391
1752788066.413783,367375.000,58647,5,EL,1,100,-15791.599609
1752788066.480284,367441.500,58663,2,EL,1,100,-15798.400391
1752788066.546784,367508.000,58663,2,EL,1,100,-15796.599609
1752788066.613785,367575.000,58681,1,EL,1,100,-15794.599609
1752788066.680285,367641.500,58697,2,EL,1,100,-15794.000000
1752788066.746786,367708.000,58697,2,EL,1,100,-15790.400391
1752788066.813786,367775.000,58714,1,EL,1,100,-15790.200195
1752788066.880287,367841.500,58731,2,EL,1,100,-15787.000000
1752788066.946787,367908.000,58731,2,EL,1,100,-15788.599609
1752788067.013788,367975.000,58748,1,EL,1,100,-15793.000000
1752788067.080288,368041.500,58762,2,EL,1,100,-15795.799805
1752788067.146789,368108.000,58762,2,EL,1,100,-15797.000000
1752788067.213790,368175.000,58779,1,EL,1,100,-15799.799805
1752788067.280290,368241.500,58796,2,EL,1,100,-15795.400391
1752788067.346791,368308.000,58796,2,EL,1,100,-15795.200195
1752788067.413791,368375.000,58815,1,EL,1,100,-15797.400391
1752788067.480292,368441.500,58830,2,EL,1,100,-15802.400391
1752788067.546792,368508.000,58830,2,EL,1,100,-15802.000000
1752788067.613793,368575.000,58847,1,EL,1,100,-15802.799805
1752788067.680293,368641.500,58865,2,EL,1,100,-15798.400391
1752788067.746794,368708.000,58865,2,EL,1,100,-15803.000000
1752788067.813795,368775.000,58882,1,EL,1,100,-15805.200195
1752788067.880295,368841.500,58900,2,EL,1,100,-15808.000000
1752788067.946796,368908.000,58900,2,EL,1,100,-15804.599609
1752788068.013296,368974.500,58918,2,EL,1,100,-15802.799805
1752788068.079797,369041.000,58918,2,EL,1,100,-15801.200195
1752788068.146797,369108.000,58934,1,EL,1,100,-15800.799805
1752788068.213298,369174.500,58957,2,EL,1,100,-15801.200195
1752788068.279798,369241.000,58957,2,EL,1,100,-15805.200195
1752788068.346299,369307.500,58973,2,EL,1,100,-15807.200195
1752788068.412799,369374.000,58973,2,EL,1,100,-15806.799805
1752788068.479800,369441.000,58990,1,EL,1,100,-15808.200195
1752788068.546301,369507.500,59008,2,EL,1,100,-15811.599609
1752788068.612801,369574.000,59008,2,EL,1,100,-15809.000000
1752788068.679802,369641.000,59024,1,EL,1,100,-15810.200195
1752788068.746302,369707.500,59040,2,EL,1,100,-15809.200195
1752788068.812803,369774.000,59040,2,EL,1,100,-15821.200195
1752788068.879803,369841.000,59058,2,EL,1,100,-15817.200195
1752788068.946804,369908.000,59058,2,EL,1,100,-15812.400391
1752788069.013471,369974.667,59075,3,EL,1,100,-15814.400391
1752788069.080138,370041.333,59075,3,EL,1,100,-15811.799805
1752788069.146805,370108.000,59075,3,EL,1,100,-15802.400391
1752788069.213406,370174.600,59095,5,EL,1,100,-15800.400391
1752788069.280007,370241.200,59095,5,EL,1,100,-15812.200195
1752788069.346607,370307.800,59095,5,EL,1,100,-15821.799805
1752788069.413208,370374.400,59095,5,EL,1,100,-15820.000000
1752788069.479808,370441.000,59095,5,EL,1,100,-15827.000000
1752788069.546445,370507.636,59118,11,EL,1,100,-15817.799805
1752788069.613082,370574.273,59118,11,EL,1,100,-15821.200195
1752788069.679719,370640.909,59118,11,EL,1,100,-15817.599609
1752788069.746356,370707.545,59118,11,EL,1,100,-15819.799805
1752788069.812993,370774.182,59118,11,EL,1,100,-15796.400391
1752788069.879630,370840.818,59118,11,EL,1,100,-15796.799805
1752788069.946267,370907.455,59118,11,EL,1,100,-15810.200195
1752788070.012904,370974.091,59118,11,EL,1,100,-15819.200195
1752788070.079540,371040.727,59118,11,EL,1,100,-15827.799805
1752788070.146177,371107.364,59118,11,EL,1,100,-15840.599609
1752788070.212814,371174.000,59118,11,EL,1,100,-15837.200195
1752788070.279481,371240.667,59139,6,EL,1,100,-15826.799805
1752788070.346149,371307.333,59139,6,EL,1,100,-15817.000000
1752788070.412816,371374.000,59139,6,EL,1,100,-15814.400391
1752788070.479483,371440.667,59139,6,EL,1,100,-15823.000000
1752788070.546150,371507.333,59139,6,EL,1,100,-15835.200195
1752788070.612818,371574.000,59139,6,EL,1,100,-15837.599609
1752788070.679818,371641.000,59157,2,EL,1,100,-15828.799805
1752788070.746819,371708.000,59157,2,EL,1,100,-15822.599609
1752788070.812819,371774.000,59174,1,EL,1,100,-15822.799805
1752788070.879820,371841.000,59193,2,EL,1,100,-15811.799805
1752788070.946820,371908.000,59193,2,EL,1,100,-15821.000000
1752788071.012821,371974.000,59212,1,EL,1,100,-15829.599609
1752788071.079821,372041.000,59227,2,EL,1,100,-15832.599609
1752788071.146822,372108.000,59227,2,EL,1,100,-15843.599609
1752788071.212823,372174.000,59243,1,EL,1,100,-15843.200195
1752788071.279823,372241.000,59260,2,EL,1,100,-15836.000000
1752788071.346824,372308.000,59260,2,EL,1,100,-15817.200195
1752788071.412824,372374.000,59277,1,EL,1,100,-15816.200195
1752788071.479325,372440.500,59294,2,EL,1,100,-15831.200195
1752788071.545825,372507.000,59294,2,EL,1,100,-15835.400391
1752788071.612826,372574.000,59311,2,EL,1,100,-15838.599609
1752788071.679826,372641.000,59311,2,EL,1,100,-15861.799805
1752788071.745827,372707.000,59327,1,EL,1,100,-15868.200195
1752788071.812827,372774.000,59346,2,EL,1,100,-15847.000000
1752788071.879828,372841.000,59346,2,EL,1,100,-15840.400391
1752788071.945829,372907.000,59363,1,EL,1,100,-15837.799805
1752788072.012829,372974.000,59380,2,EL,1,100,-15837.599609
1752788072.079830,373041.000,59380,2,EL,1,100,-15837.400391
1752788072.145830,373107.000,59396,1,EL,1,100,-15839.400391
1752788072.212831,373174.000,59414,2,EL,1,100,-15841.400391
1752788072.279831,373241.000,59414,2,EL,1,100,-15843.000000
1752788072.345832,373307.000,59430,1,EL,1,100,-15842.799805
1752788072.412832,373374.000,59445,2,EL,1,100,-15844.400391
1752788072.479833,373441.000,59445,2,EL,1,100,-15843.200195
1752788072.545834,373507.000,59461,1,EL,1,100,-15843.200195
1752788072.612834,373574.000,59481,2,EL,1,100,-15843.599609
1752788072.679835,373641.000,59481,2,EL,1,100,-15844.200195
1752788072.745835,373707.000,59497,1,EL,1,100,-15844.200195
1752788072.812836,373774.000,59512,2,EL,1,100,-15844.400391
1752788072.879836,373841.000,59512,2,EL,1,100,-15845.000000
1752788072.945837,373907.000,59529,1,EL,1,100,-15847.200195
1752788073.012837,373974.000,59546,2,EL,1,100,-15846.000000
1752788073.079838,374041.000,59546,2,EL,1,100,-15847.200195
1752788073.145838,374107.000,59562,1,EL,1,100,-15849.799805
1752788073.212839,374174.000,59579,2,EL,1,100,-15849.200195
1752788073.279840,374241.000,59579,2,EL,1,100,-15851.200195
1752788073.346340,374307.500,59601,2,EL,1,100,-15853.599609
1752788073.412841,374374.000,59601,2,EL,1,100,-15851.400391
1752788073.479341,374440.500,59618,2,EL,1,100,-15852.200195
1752788073.545842,374507.000,59618,2,EL,1,100,-15851.400391
1752788073.612842,374574.000,59635,1,EL,1,100,-15853.799805
1752788073.679343,374640.500,59652,2,EL,1,100,-15854.400391
1752788073.745843,374707.000,59652,2,EL,1,100,-15855.799805
1752788073.812844,374774.000,59668,1,EL,1,100,-15855.400391
1752788073.879345,374840.500,59684,2,EL,1,100,-15858.599609
1752788073.945845,374907.000,59684,2,EL,1,100,-15856.799805
1752788074.012846,374974.000,59702,1,EL,1,100,-15856.799805
1752788074.079346,375040.500,59721,2,EL,1,100,-15859.200195
1752788074.145847,375107.000,59721,2,EL,1,100,-15858.000000
1752788074.212847,375174.000,59737,1,EL,1,100,-15856.799805
1752788074.279348,375240.500,59753,2,EL,1,100,-15861.200195
1752788074.345848,375307.000,59753,2,EL,1,100,-15861.400391
1752788074.412849,375374.000,59769,1,EL,1,100,-15861.799805
1752788074.479349,375440.500,59788,2,EL,1,100,-15863.400391
1752788074.545850,375507.000,59788,2,EL,1,100,-15860.400391
1752788074.612851,375574.000,59807,1,EL,1,100,-15861.400391
1752788074.679351,375640.500,59822,2,EL,1,100,-15866.200195
1752788074.745852,375707.000,59822,2,EL,1,100,-15863.599609
1752788074.812852,375774.000,59838,1,EL,1,100,-15862.000000
1752788074.879353,375840.500,59856,2,EL,1,100,-15863.400391
1752788074.945853,375907.000,59856,2,EL,1,100,-15865.599609
1752788075.012854,375974.000,59872,1,EL,1,100,-15866.400391
1752788075.079354,376040.500,59888,2,EL,1,100,-15861.200195
1752788075.145855,376107.000,59888,2,EL,1,100,-15865.000000
1752788075.212855,376174.000,59905,1,EL,1,100,-15868.000000
1752788075.279356,376240.500,59923,2,EL,1,100,-15869.400391
1752788075.345857,376307.000,59923,2,EL,1,100,-15868.000000
1752788075.412357,376373.500,59939,2,EL,1,100,-15867.400391
1752788075.478858,376440.000,59939,2,EL,1,100,-15874.400391
1752788075.545858,376507.000,59956,1,EL,1,100,-15873.000000
1752788075.612359,376573.500,59971,2,EL,1,100,-15873.799805
1752788075.678859,376640.000,59971,2,EL,1,100,-15871.400391
1752788075.745860,376707.000,59988,1,EL,1,100,-15872.799805
1752788075.812360,376773.500,60006,2,EL,1,100,-15874.799805
1752788075.878861,376840.000,60006,2,EL,1,100,-15875.599609
1752788075.945862,376907.000,60026,1,EL,1,100,-15874.000000
1752788076.012362,376973.500,60042,2,EL,1,100,-15873.200195
1752788076.078863,377040.000,60042,2,EL,1,100,-15870.799805
1752788076.145863,377107.000,60059,1,EL,1,100,-15875.000000
1752788076.212364,377173.500,60076,2,EL,1,100,-15878.599609
1752788076.278864,377240.000,60076,2,EL,1,100,-15877.200195
1752788076.345865,377307.000,60093,1,EL,1,100,-15877.599609
1752788076.412365,377373.500,60109,2,EL,1,100,-15877.000000
1752788076.478866,377440.000,60109,2,EL,1,100,-15879.000000
1752788076.545866,377507.000,60126,1,EL,1,100,-15880.000000
1752788076.612367,377573.500,60143,2,EL,1,100,-15882.000000
1752788076.678868,377640.000,60143,2,EL,1,100,-15879.400391
1752788076.745868,377707.000,60160,1,EL,1,100,-15880.000000
1752788076.812369,377773.500,60174,2,EL,1,100,-15884.000000
1752788076.878869,377840.000,60174,2,EL,1,100,-15881.599609
1752788076.945870,377907.000,60192,1,EL,1,100,-15882.599609
1752788077.012370,377973.500,60210,2,EL,1,100,-15882.400391
1752788077.078871,378040.000,60210,2,EL,1,100,-15883.000000
1752788077.145871,378107.000,60227,1,EL,1,100,-15885.400391
1752788077.212372,378173.500,60243,2,EL,1,100,-15880.599609
1752788077.278873,378240.000,60243,2,EL,1,100,-15883.799805
1752788077.345873,378307.000,60259,1,EL,1,100,-15885.599609
1752788077.412374,378373.500,60275,2,EL,1,100,-15886.799805
1752788077.478874,378440.000,60275,2,EL,1,100,-15887.799805
1752788077.545875,378507.000,60292,1,EL,1,100,-15889.799805
1752788077.612375,378573.500,60310,2,EL,1,100,-15888.599609
1752788077.678876,378640.000,60310,2,EL,1,100,-15887.000000
1752788077.745876,378707.000,60326,2,EL,1,100,-15888.200195
1752788077.812877,378774.000,60326,2,EL,1,100,-15889.000000
1752788077.878877,378840.000,60342,1,EL,1,100,-15888.599609
1752788077.945878,378907.000,60360,2,EL,1,100,-15889.799805
1752788078.012879,378974.000,60360,2,EL,1,100,-15892.400391
1752788078.078879,379040.000,60376,1,EL,1,100,-15892.200195
1752788078.145380,379106.500,60391,2,EL,1,100,-15893.200195
1752788078.211880,379173.000,60391,2,EL,1,100,-15891.799805
1752788078.278881,379240.000,60410,1,EL,1,100,-15893.000000
1752788078.345381,379306.500,60427,2,EL,1,100,-15897.799805
1752788078.411882,379373.000,60427,2,EL,1,100,-15896.400391
1752788078.478882,379440.000,60449,2,EL,1,100,-15896.200195
1752788078.545883,379507.000,60449,2,EL,1,100,-15897.599609
1752788078.612884,379574.000,60466,1,EL,1,100,-15896.599609
1752788078.679384,379640.500,60482,2,EL,1,100,-15900.000000
1752788078.745885,379707.000,60482,2,EL,1,100,-15899.400391
1752788078.812385,379773.500,60499,2,EL,1,100,-15900.000000
1752788078.878886,379840.000,60499,2,EL,1,100,-15899.799805
1752788078.945886,379907.000,60517,1,EL,1,100,-15900.799805
1752788079.012387,379973.500,60535,2,EL,1,100,-15901.599609
1752788079.078887,380040.000,60535,2,EL,1,100,-15895.799805
1752788079.145888,380107.000,60552,1,EL,1,100,-15899.400391
1752788079.212388,380173.500,60567,2,EL,1,100,-15902.000000
1752788079.278889,380240.000,60567,2,EL,1,100,-15902.799805
1752788079.345890,380307.000,60584,1,EL,1,100,-15902.599609
1752788079.412390,380373.500,60600,2,EL,1,100,-15903.799805
1752788079.478891,380440.000,60600,2,EL,1,100,-15909.400391
1752788079.545891,380507.000,60619,1,EL,1,100,-15910.000000
1752788079.612392,380573.500,60634,2,EL,1,100,-15909.400391
1752788079.678892,380640.000,60634,2,EL,1,100,-15907.599609
1752788079.745893,380707.000,60651,1,EL,1,100,-15907.799805
1752788079.812393,380773.500,60667,2,EL,1,100,-15907.000000
1752788079.878894,380840.000,60667,2,EL,1,100,-15907.799805
1752788079.945895,380907.000,60685,1,EL,1,100,-15907.799805
1752788080.012395,380973.500,60699,2,EL,1,100,-15910.000000
1752788080.078896,381040.000,60699,2,EL,1,100,-15910.000000
1752788080.145896,381107.000,60716,1,EL,1,100,-15912.200195
1752788080.212397,381173.500,60735,2,EL,1,100,-15912.599609
1752788080.278897,381240.000,60735,2,EL,1,100,-15910.799805
1752788080.345898,381307.000,60752,1,EL,1,100,-15910.400391
1752788080.412398,381373.500,60766,2,EL,1,100,-15913.400391
1752788080.478899,381440.000,60766,2,EL,1,100,-15911.799805
1752788080.545899,381507.000,60783,1,EL,1,100,-15912.400391
1752788080.612400,381573.500,60800,2,EL,1,100,-15913.599609
1752788080.678901,381640.000,60800,2,EL,1,100,-15914.599609
1752788080.745901,381707.000,60817,1,EL,1,100,-15914.400391
1752788080.812402,381773.500,60832,2,EL,1,100,-15916.200195
1752788080.878902,381840.000,60832,2,EL,1,100,-15917.200195
1752788080.945903,381907.000,60851,1,EL,1,100,-15919.200195
1752788081.012403,381973.500,60869,2,EL,1,100,-15917.200195
1752788081.078904,382040.000,60869,2,EL,1,100,-15917.599609
1752788081.145904,382107.000,60886,1,EL,1,100,-15917.799805
1752788081.212405,382173.500,60902,2,EL,1,100,-15919.000000
1752788081.278906,382240.000,60902,2,EL,1,100,-15918.599609
1752788081.345406,382306.500,60918,2,EL,1,100,-15921.200195
1752788081.411907,382373.000,60918,2,EL,1,100,-15921.400391
1752788081.478907,382440.000,60934,1,EL,1,100,-15921.599609
1752788081.545408,382506.500,60952,2,EL,1,100,-15922.000000
1752788081.611908,382573.000,60952,2,EL,1,100,-15921.200195
1752788081.678909,382640.000,60970,1,EL,1,100,-15922.799805
1752788081.745409,382706.500,60985,2,EL,1,100,-15922.799805
1752788081.811910,382773.000,60985,2,EL,1,100,-15922.599609
1752788081.878910,382840.000,61001,1,EL,1,100,-15926.200195
1752788081.945411,382906.500,61019,2,EL,1,100,-15927.799805
1752788082.011912,382973.000,61019,2,EL,1,100,-15924.000000
1752788082.078912,383040.000,61035,1,EL,1,100,-15924.000000
1752788082.145413,383106.500,61050,2,EL,1,100,-15927.200195
1752788082.211913,383173.000,61050,2,EL,1,100,-15925.400391
1752788082.278914,383240.000,61069,1,EL,1,100,-15926.599609
1752788082.345414,383306.500,61086,2,EL,1,100,-15927.799805
1752788082.411915,383373.000,61086,2,EL,1,100,-15926.599609
1752788082.478915,383440.000,61102,1,EL,1,100,-15926.799805
1752788082.545416,383506.500,61118,2,EL,1,100,-15932.200195
1752788082.611916,383573.000,61118,2,EL,1,100,-15931.200195
1752788082.678917,383640.000,61134,1,EL,1,100,-15932.400391
1752788082.745418,383706.500,61153,2,EL,1,100,-15934.599609
1752788082.811918,383773.000,61153,2,EL,1,100,-15932.000000
1752788082.878919,383840.000,61169,1,EL,1,100,-15931.400391
1752788082.945419,383906.500,61187,2,EL,1,100,-15934.799805
1752788083.011920,383973.000,61187,2,EL,1,100,-15932.400391
1752788083.078920,384040.000,61203,1,EL,1,100,-15933.400391
1752788083.145421,384106.500,61220,2,EL,1,100,-15933.000000
1752788083.211921,384173.000,61220,2,EL,1,100,-15935.000000
1752788083.278922,384240.000,61237,1,EL,1,100,-15935.799805
1752788083.345423,384306.500,61253,2,EL,1,100,-15938.200195
1752788083.411923,384373.000,61253,2,EL,1,100,-15938.200195
1752788083.478924,384440.000,61268,1,EL,1,100,-15912.400391
1752788083.545591,384506.667,61293,3,EL,1,100,-15910.599609
1752788083.612258,384573.333,61293,3,EL,1,100,-15932.400391
1752788083.678925,384640.000,61293,3,EL,1,100,-15939.599609
1752788083.744926,384706.000,61309,1,EL,1,100,-15943.000000
1752788083.811926,384773.000,61326,2,EL,1,100,-15952.200195
1752788083.878927,384840.000,61326,2,EL,1,100,-15945.000000
1752788083.944927,384906.000,61343,1,EL,1,100,-15942.799805
1752788084.011928,384973.000,61358,2,EL,1,100,-15942.200195
1752788084.078929,385040.000,61358,2,EL,1,100,-15936.000000
1752788084.144929,385106.000,61376,1,EL,1,100,-15939.799805
1752788084.211930,385173.000,61394,2,EL,1,100,-15943.799805
1752788084.278930,385240.000,61394,2,EL,1,100,-15944.000000
1752788084.344931,385306.000,61410,1,EL,1,100,-15944.599609
1752788084.411931,385373.000,61427,2,EL,1,100,-15943.000000
1752788084.478932,385440.000,61427,2,EL,1,100,-15945.400391
1752788084.544932,385506.000,61443,1,EL,1,100,-15947.400391
1752788084.611933,385573.000,61461,2,EL,1,100,-15946.799805
1752788084.678934,385640.000,61461,2,EL,1,100,-15955.400391
1752788084.744934,385706.000,61477,1,EL,1,100,-15957.400391
1752788084.811435,385772.500,61497,2,EL,1,100,-15950.799805
1752788084.877935,385839.000,61497,2,EL,1,100,-15948.599609
1752788084.944936,385906.000,61513,2,EL,1,100,-15947.200195
1752788085.011936,385973.000,61513,2,EL,1,100,-15947.000000
1752788085.077937,386039.000,61530,1,EL,1,100,-15948.599609
1752788085.144937,386106.000,61546,2,EL,1,100,-15949.200195
1752788085.211938,386173.000,61546,2,EL,1,100,-15951.000000
1752788085.277938,386239.000,61564,1,EL,1,100,-15950.799805
1752788085.344939,386306.000,61578,2,EL,1,100,-15953.799805
1752788085.411940,386373.000,61578,2,EL,1,100,-15950.200195
1752788085.477940,386439.000,61597,1,EL,1,100,-15951.200195
1752788085.544941,386506.000,61614,2,EL,1,100,-15952.799805
1752788085.611941,386573.000,61614,2,EL,1,100,-15953.000000
1752788085.677942,386639.000,61631,1,EL,1,100,-15954.400391
1752788085.744942,386706.000,61645,2,EL,1,100,-15955.400391
1752788085.811943,386773.000,61645,2,EL,1,100,-15956.799805
1752788085.877943,386839.000,61662,1,EL,1,100,-15955.200195
1752788085.944944,386906.000,61681,2,EL,1,100,-15954.200195
1752788086.011945,386973.000,61681,2,EL,1,100,-15954.799805
1752788086.077945,387039.000,61700,1,EL,1,100,-15956.599609
1752788086.144946,387106.000,61714,2,EL,1,100,-15958.599609
1752788086.211946,387173.000,61714,2,EL,1,100,-15956.799805
1752788086.277947,387239.000,61732,1,EL,1,100,-15957.799805
1752788086.344947,387306.000,61748,2,EL,1,100,-15957.000000
1752788086.411948,387373.000,61748,2,EL,1,100,-15958.599609
1752788086.477948,387439.000,61765,1,EL,1,100,-15959.400391
1752788086.544949,387506.000,61780,2,EL,1,100,-15960.200195
1752788086.611949,387573.000,61780,2,EL,1,100,-15960.200195
1752788086.677950,387639.000,61797,1,EL,1,100,-15961.799805
1752788086.744951,387706.000,61815,2,EL,1,100,-15961.599609
1752788086.811951,387773.000,61815,2,EL,1,100,-15962.799805
1752788086.877952,387839.000,61832,1,EL,1,100,-15965.200195
1752788086.944952,387906.000,61848,2,EL,1,100,-15965.000000
1752788087.011953,387973.000,61848,2,EL,1,100,-15964.400391
1752788087.077953,388039.000,61864,1,EL,1,100,-15965.400391
1752788087.144954,388106.000,61880,2,EL,1,100,-15967.200195
1752788087.211954,388173.000,61880,2,EL,1,100,-15967.799805
1752788087.278455,388239.500,61898,2,EL,1,100,-15967.400391
1752788087.344956,388306.000,61898,2,EL,1,100,-15969.200195
1752788087.411956,388373.000,61916,1,EL,1,100,-15967.200195
1752788087.478457,388439.500,61931,2,EL,1,100,-15968.000000
1752788087.544957,388506.000,61931,2,EL,1,100,-15965.200195
1752788087.611958,388573.000,61948,1,EL,1,100,-15963.200195
1752788087.678458,388639.500,61965,2,EL,1,100,-15967.000000
1752788087.744959,388706.000,61965,2,EL,1,100,-15967.799805
1752788087.811959,388773.000,61981,1,EL,1,100,-15965.200195
1752788087.878460,388839.500,61997,2,EL,1,100,-15973.200195
1752788087.944960,388906.000,61997,2,EL,1,100,-15976.599609
1752788088.011961,388973.000,62015,1,EL,1,100,-15979.000000
1752788088.078462,389039.500,62034,2,EL,1,100,-15979.400391
1752788088.144962,389106.000,62034,2,EL,1,100,-15973.400391
1752788088.211963,389173.000,62050,1,EL,1,100,-15976.799805
1752788088.278463,389239.500,62068,2,EL,1,100,-15980.000000
1752788088.344964,389306.000,62068,2,EL,1,100,-15977.599609
1752788088.411964,389373.000,62084,1,EL,1,100,-15979.799805
1752788088.478465,389439.500,62101,2,EL,1,100,-15979.000000
1752788088.544965,389506.000,62101,2,EL,1,100,-15980.200195
1752788088.611966,389573.000,62118,1,EL,1,100,-15979.599609
1752788088.678300,389639.333,62140,3,EL,1,100,-15975.599609
1752788088.744634,389705.667,62140,3,EL,1,100,-15976.799805
1752788088.810968,389772.000,62140,3,EL,1,100,-15983.200195
1752788088.877968,389839.000,62156,1,EL,1,100,-15989.400391
1752788088.944469,389905.500,62172,2,EL,1,100,-15987.400391
1752788089.010969,389972.000,62172,2,EL,1,100,-15983.599609
1752788089.077970,390039.000,62188,1,EL,1,100,-15982.799805
1752788089.144470,390105.500,62205,2,EL,1,100,-15980.000000
1752788089.210971,390172.000,62205,2,EL,1,100,-15981.799805
1752788089.277971,390239.000,62222,1,EL,1,100,-15984.000000
1752788089.344472,390305.500,62239,2,EL,1,100,-15986.200195
1752788089.410973,390372.000,62239,2,EL,1,100,-15988.599609
1752788089.477973,390439.000,62255,1,EL,1,100,-15993.200195
1752788089.544474,390505.500,62273,2,EL,1,100,-15989.400391
1752788089.610974,390572.000,62273,2,EL,1,100,-15985.599609
1752788089.677975,390639.000,62289,1,EL,1,100,-15986.799805
1752788089.744475,390705.500,62305,2,EL,1,100,-15985.400391
1752788089.810976,390772.000,62305,2,EL,1,100,-15988.799805
1752788089.877976,390839.000,62320,1,EL,1,100,-15991.200195
1752788089.944477,390905.500,62338,2,EL,1,100,-15991.599609
1752788090.010977,390972.000,62338,2,EL,1,100,-15989.000000
1752788090.077978,391039.000,62356,2,EL,1,100,-15988.200195
1752788090.144979,391106.000,62356,2,EL,1,100,-15989.000000
1752788090.210979,391172.000,62373,1,EL,1,100,-15990.000000
1752788090.277980,391239.000,62388,2,EL,1,100,-15994.000000
1752788090.344980,391306.000,62388,2,EL,1,100,-15993.200195
1752788090.410981,391372.000,62405,1,EL,1,100,-15993.799805
1752788090.477981,391439.000,62421,2,EL,1,100,-15994.200195
1752788090.544982,391506.000,62421,2,EL,1,100,-15996.000000
1752788090.610982,391572.000,62441,1,EL,1,100,-15994.799805
1752788090.677983,391639.000,62455,2,EL,1,100,-15996.400391
1752788090.744984,391706.000,62455,2,EL,1,100,-15995.400391
1752788090.810984,391772.000,62472,1,EL,1,100,-15991.400391
1752788090.877985,391839.000,62489,2,EL,1,100,-15988.599609
1752788090.944985,391906.000,62489,2,EL,1,100,-15991.599609
1752788091.010986,391972.000,62508,1,EL,1,100,-15999.599609
1752788091.077986,392039.000,62522,2,EL,1,100,-16003.599609
1752788091.144987,392106.000,62522,2,EL,1,100,-16003.400391
1752788091.210987,392172.000,62539,1,EL,1,100,-16002.799805
1752788091.277988,392239.000,62558,2,EL,1,100,-16003.000000
1752788091.344988,392306.000,62558,2,EL,1,100,-15996.200195
1752788091.410989,392372.000,62575,1,EL,1,100,-15996.000000
1752788091.477990,392439.000,62589,2,EL,1,100,-15999.599609
1752788091.544990,392506.000,62589,2,EL,1,100,-16001.000000
1752788091.610991,392572.000,62607,1,EL,1,100,-16003.000000
1752788091.677991,392639.000,62623,2,EL,1,100,-16005.000000
1752788091.744992,392706.000,62623,2,EL,1,100,-16003.799805
1752788091.810992,392772.000,62640,1,EL,1,100,-16004.599609
1752788091.877993,392839.000,62657,2,EL,1,100,-16003.400391
1752788091.944993,392906.000,62657,2,EL,1,100,-16003.799805
1752788092.010994,392972.000,62674,1,EL,1,100,-16004.200195
1752788092.077495,393038.500,62690,2,EL,1,100,-16005.200195
1752788092.143995,393105.000,62690,2,EL,1,100,-16006.599609
1752788092.210996,393172.000,62708,2,EL,1,100,-16008.799805
1752788092.277996,393239.000,62708,2,EL,1,100,-16007.200195
1752788092.343997,393305.000,62724,1,EL,1,100,-16008.200195
1752788092.410997,393372.000,62739,2,EL,1,100,-16008.400391
1752788092.477998,393439.000,62739,2,EL,1,100,-16012.000000
1752788092.543998,393505.000,62757,1,EL,1,100,-16011.599609
1752788092.610999,393572.000,62777,2,EL,1,100,-16012.200195
1752788092.677999,393639.000,62777,2,EL,1,100,-16011.799805
1752788092.744000,393705.000,62793,1,EL,1,100,-16006.599609
1752788092.811001,393772.000,62808,2,EL,1,100,-16006.400391
1752788092.878001,393839.000,62808,2,EL,1,100,-16011.400391
1752788092.944002,393905.000,62825,1,EL,1,100,-16014.000000
1752788093.011002,393972.000,62842,2,EL,1,100,-16015.799805
1752788093.078003,394039.000,62842,2,EL,1,100,-16015.599609
1752788093.144003,394105.000,62860,1,EL,1,100,-16013.200195
1752788093.211004,394172.000,62876,2,EL,1,100,-16014.200195
1752788093.278004,394239.000,62876,2,EL,1,100,-16013.799805
1752788093.344005,394305.000,62892,1,EL,1,100,-16017.200195
1752788093.411006,394372.000,62909,2,EL,1,100,-16002.599609
1752788093.478006,394439.000,62909,2,EL,1,100,-15987.599609
1752788093.544007,394505.000,62925,1,EL,1,100,-16000.799805
1752788093.611007,394572.000,62941,2,EL,1,100,-16015.599609
1752788093.678008,394639.000,62941,2,EL,1,100,-16021.799805
1752788093.744008,394705.000,62959,1,EL,1,100,-16033.400391
1752788093.810675,394771.667,62982,3,EL,1,100,-16031.000000
1752788093.877343,394838.333,62982,3,EL,1,100,-16001.599609
1752788093.944010,394905.000,62982,3,EL,1,100,-16010.400391
1752788094.011010,394972.000,62998,1,EL,1,100,-16023.599609
1752788094.077511,395038.500,63015,2,EL,1,100,-16028.200195
1752788094.144012,395105.000,63015,2,EL,1,100,-16032.799805
1752788094.211012,395172.000,63031,1,EL,1,100,-16028.200195
1752788094.277513,395238.500,63047,2,EL,1,100,-16022.599609
1752788094.344013,395305.000,63047,2,EL,1,100,-16025.799805
1752788094.411014,395372.000,63065,1,EL,1,100,-16027.799805
1752788094.477514,395438.500,63084,2,EL,1,100,-16031.599609
1752788094.544015,395505.000,63084,2,EL,1,100,-16028.799805
1752788094.611015,395572.000,63101,1,EL,1,100,-16026.200195
1752788094.677516,395638.500,63116,2,EL,1,100,-16024.599609
1752788094.744017,395705.000,63116,2,EL,1,100,-16030.000000
1752788094.811017,395772.000,63132,1,EL,1,100,-16030.000000
1752788094.877518,395838.500,63150,2,EL,1,100,-16027.599609
1752788094.944018,395905.000,63150,2,EL,1,100,-16029.400391
1752788095.011019,395972.000,63168,1,EL,1,100,-16031.000000
1752788095.077519,396038.500,63184,2,EL,1,100,-16029.799805
1752788095.144020,396105.000,63184,2,EL,1,100,-16030.200195
1752788095.211020,396172.000,63199,1,EL,1,100,-16028.799805
1752788095.277521,396238.500,63217,2,EL,1,100,-16030.200195
1752788095.344021,396305.000,63217,2,EL,1,100,-16028.599609
1752788095.411022,396372.000,63233,1,EL,1,100,-16028.799805
1752788095.477523,396438.500,63249,2,EL,1,100,-16031.000000
1752788095.544023,396505.000,63249,2,EL,1,100,-16030.599609
1752788095.610524,396571.500,63267,2,EL,1,100,-16029.400391
1752788095.677024,396638.000,63267,2,EL,1,100,-16031.200195
1752788095.744025,396705.000,63284,1,EL,1,100,-16032.599609
1752788095.810525,396771.500,63300,2,EL,1,100,-16036.799805
1752788095.877026,396838.000,63300,2,EL,1,100,-16040.000000
1752788095.944026,396905.000,63318,1,EL,1,100,-16036.200195
1752788096.010527,396971.500,63334,2,EL,1,100,-16037.400391
1752788096.077027,397038.000,63334,2,EL,1,100,-16032.200195
1752788096.144028,397105.000,63351,1,EL,1,100,-16033.200195
1752788096.210529,397171.500,63370,2,EL,1,100,-16035.799805
1752788096.277029,397238.000,63370,2,EL,1,100,-16037.599609
1752788096.344030,397305.000,63387,1,EL,1,100,-16037.400391
1752788096.410530,397371.500,63401,2,EL,1,100,-16036.000000
1752788096.477031,397438.000,63401,2,EL,1,100,-16035.799805
1752788096.544031,397505.000,63418,1,EL,1,100,-16038.599609
1752788096.610532,397571.500,63435,2,EL,1,100,-16039.000000
1752788096.677032,397638.000,63435,2,EL,1,100,-16039.400391
1752788096.744033,397705.000,63452,1,EL,1,100,-16040.400391
1752788096.810534,397771.500,63466,2,EL,1,100,-16042.000000
1752788096.877034,397838.000,63466,2,EL,1,100,-16039.000000
1752788096.944035,397905.000,63486,1,EL,1,100,-16040.799805
1752788097.010535,397971.500,63502,2,EL,1,100,-16044.799805
1752788097.077036,398038.000,63502,2,EL,1,100,-16045.000000
1752788097.144036,398105.000,63519,1,EL,1,100,-16046.200195
1752788097.210537,398171.500,63537,2,EL,1,100,-16048.799805
1752788097.277037,398238.000,63537,2,EL,1,100,-16046.799805
1752788097.344038,398305.000,63553,1,EL,1,100,-16045.599609
1752788097.410538,398371.500,63569,2,EL,1,100,-16043.000000
1752788097.477039,398438.000,63569,2,EL,1,100,-16041.799805
1752788097.544040,398505.000,63588,1,EL,1,100,-16042.599609
1752788097.610540,398571.500,63604,2,EL,1,100,-16046.200195
1752788097.677041,398638.000,63604,2,EL,1,100,-16046.599609
1752788097.744041,398705.000,63620,2,EL,1,100,-16048.200195
1752788097.811042,398772.000,63620,2,EL,1,100,-16053.400391
1752788097.877042,398838.000,63636,1,EL,1,100,-16056.400391
1752788097.944043,398905.000,63654,2,EL,1,100,-16050.799805
1752788098.011043,398972.000,63654,2,EL,1,100,-16053.200195
1752788098.077044,399038.000,63670,1,EL,1,100,-16048.000000
1752788098.144045,399105.000,63687,2,EL,1,100,-16048.200195
1752788098.211045,399172.000,63687,2,EL,1,100,-16047.000000
1752788098.277046,399238.000,63704,1,EL,1,100,-16048.799805
1752788098.343546,399304.500,63721,2,EL,1,100,-16051.599609
1752788098.410047,399371.000,63721,2,EL,1,100,-16055.200195
1752788098.477047,399438.000,63737,1,EL,1,100,-16057.400391
1752788098.544048,399505.000,63753,2,EL,1,100,-16059.599609
1752788098.611048,399572.000,63753,2,EL,1,100,-16053.400391
1752788098.677049,399638.000,63771,1,EL,1,100,-16045.599609
1752788098.743549,399704.500,63788,2,EL,1,100,-16042.000000
1752788098.810050,399771.000,63788,2,EL,1,100,-16050.000000
1752788098.877051,399838.000,63804,1,EL,1,100,-16053.200195
1752788098.943551,399904.500,63825,2,EL,1,100,-16055.400391
1752788099.010052,399971.000,63825,2,EL,1,100,-16066.000000
1752788099.077052,400038.000,63841,2,EL,1,100,-16061.200195
1752788099.144053,400105.000,63841,2,EL,1,100,-16053.000000
1752788099.211053,400172.000,63857,1,EL,1,100,-16059.000000
1752788099.277554,400238.500,63876,2,EL,1,100,-16059.400391
1752788099.344054,400305.000,63876,2,EL,1,100,-16060.400391
1752788099.410055,400371.000,63893,1,EL,1,100,-16061.000000
1752788099.477056,400438.000,63908,2,EL,1,100,-16057.799805
1752788099.544056,400505.000,63908,2,EL,1,100,-16058.200195
1752788099.610557,400571.500,63925,2,EL,1,100,-16062.799805
1752788099.677057,400638.000,63925,2,EL,1,100,-16062.400391
1752788099.744058,400705.000,63941,1,EL,1,100,-16062.400391
1752788099.810558,400771.500,63958,2,EL,1,100,-16063.799805
1752788099.877059,400838.000,63958,2,EL,1,100,-16063.799805
1752788099.944059,400905.000,63977,1,EL,1,100,-16065.599609
1752788100.010560,400971.500,63992,2,EL,1,100,-16067.799805
1752788100.077060,401038.000,63992,2,EL,1,100,-16067.000000
1752788100.144061,401105.000,64008,1,EL,1,100,-16065.000000
1752788100.210562,401171.500,64026,2,EL,1,100,-16064.799805
1752788100.277062,401238.000,64026,2,EL,1,100,-16066.200195
1752788100.344063,401305.000,64042,1,EL,1,100,-16068.000000
1752788100.410563,401371.500,64057,2,EL,1,100,-16070.200195
1752788100.477064,401438.000,64057,2,EL,1,100,-16068.799805
1752788100.544064,401505.000,64075,1,EL,1,100,-16069.400391
1752788100.610565,401571.500,64093,2,EL,1,100,-16068.599609
1752788100.677065,401638.000,64093,2,EL,1,100,-16068.200195
1752788100.744066,401705.000,64109,1,EL,1,100,-16070.799805
1752788100.810567,401771.500,64124,2,EL,1,100,-16075.400391
1752788100.877067,401838.000,64124,2,EL,1,100,-16073.400391
1752788100.944068,401905.000,64141,1,EL,1,100,-16073.000000
1752788101.010568,401971.500,64162,2,EL,1,100,-16073.599609
1752788101.077069,402038.000,64162,2,EL,1,100,-16071.000000
1752788101.144069,402105.000,64178,1,EL,1,100,-16073.000000
1752788101.210570,402171.500,64194,2,EL,1,100,-16076.200195
1752788101.277070,402238.000,64194,2,EL,1,100,-16069.200195
1752788101.344071,402305.000,64210,1,EL,1,100,-16071.400391
1752788101.410571,402371.500,64227,2,EL,1,100,-16074.200195
1752788101.477072,402438.000,64227,2,EL,1,100,-16074.000000
1752788101.544073,402505.000,64243,1,EL,1,100,-16076.400391
1752788101.610573,402571.500,64259,2,EL,1,100,-16079.599609
1752788101.677074,402638.000,64259,2,EL,1,100,-16079.599609
1752788101.743074,402704.000,64277,1,EL,1,100,-16079.599609
1752788101.810075,402771.000,64294,2,EL,1,100,-16075.599609
1752788101.877075,402838.000,64294,2,EL,1,100,-16076.400391
1752788101.944076,402905.000,64311,1,EL,1,100,-16085.200195
1752788102.010576,402971.500,64327,2,EL,1,100,-16088.599609
1752788102.077077,403038.000,64327,2,EL,1,100,-16088.400391
1752788102.143578,403104.500,64344,2,EL,1,100,-16084.799805
1752788102.210078,403171.000,64344,2,EL,1,100,-16073.400391
1752788102.277079,403238.000,64362,1,EL,1,100,-16075.200195
1752788102.343579,403304.500,64380,2,EL,1,100,-16072.200195
1752788102.410080,403371.000,64380,2,EL,1,100,-16080.400391
1752788102.477080,403438.000,64397,1,EL,1,100,-16083.000000
1752788102.543581,403504.500,64412,2,EL,1,100,-16081.799805
1752788102.610081,403571.000,64412,2,EL,1,100,-16083.799805
1752788102.677082,403638.000,64429,1,EL,1,100,-16083.799805
1752788102.743582,403704.500,64445,2,EL,1,100,-16080.799805
1752788102.810083,403771.000,64445,2,EL,1,100,-16085.200195
1752788102.877084,403838.000,64462,1,EL,1,100,-16084.799805
1752788102.943584,403904.500,64479,2,EL,1,100,-16083.400391
1752788103.010085,403971.000,64479,2,EL,1,100,-16086.799805
1752788103.077085,404038.000,64496,1,EL,1,100,-16087.599609
1752788103.143586,404104.500,64512,2,EL,1,100,-16087.799805
1752788103.210086,404171.000,64512,2,EL,1,100,-16089.400391
1752788103.277087,404238.000,64530,1,EL,1,100,-16086.799805
1752788103.343587,404304.500,64544,2,EL,1,100,-16092.599609
1752788103.410088,404371.000,64544,2,EL,1,100,-16089.599609
1752788103.477088,404438.000,64563,1,EL,1,100,-16090.799805
1752788103.543589,404504.500,64580,2,EL,1,100,-16094.000000
1752788103.610090,404571.000,64580,2,EL,1,100,-16093.599609
1752788103.677090,404638.000,64597,1,EL,1,100,-16095.000000
1752788103.743591,404704.500,64611,2,EL,1,100,-16099.799805
1752788103.810091,404771.000,64611,2,EL,1,100,-16105.400391
1752788103.877092,404838.000,64630,1,EL,1,100,-16094.400391
1752788103.943592,404904.500,64647,2,EL,1,100,-16085.400391
1752788104.010093,404971.000,64647,2,EL,1,100,-16090.599609
1752788104.076593,405037.500,64671,2,EL,1,100,-16090.400391
1752788104.143094,405104.000,64671,2,EL,1,100,-16097.400391
1752788104.210095,405171.000,64688,2,EL,1,100,-16097.400391
1752788104.277095,405238.000,64688,2,EL,1,100,-16096.599609
1752788104.343096,405304.000,64705,1,EL,1,100,-16098.200195
1752788104.410096,405371.000,64720,2,EL,1,100,-16095.200195
1752788104.477097,405438.000,64720,2,EL,1,100,-16097.400391
1752788104.543097,405504.000,64736,1,EL,1,100,-16101.400391
1752788104.610098,405571.000,64755,2,EL,1,100,-16100.000000
1752788104.677098,405638.000,64755,2,EL,1,100,-16100.000000
1752788104.743099,405704.000,64772,1,EL,1,100,-16098.200195
1752788104.810099,405771.000,64787,2,EL,1,100,-16099.000000
1752788104.877100,405838.000,64787,2,EL,1,100,-16098.599609
1752788104.943601,405904.500,64804,2,EL,1,100,-16100.400391
1752788105.010101,405971.000,64804,2,EL,1,100,-16104.799805
1752788105.076102,406037.000,64820,1,EL,1,100,-16100.200195
1752788105.143102,406104.000,64837,2,EL,1,100,-16105.000000
1752788105.210103,406171.000,64837,2,EL,1,100,-16102.400391
1752788105.276103,406237.000,64856,1,EL,1,100,-16105.000000
1752788105.343104,406304.000,64871,2,EL,1,100,-16103.599609
1752788105.410104,406371.000,64871,2,EL,1,100,-16105.200195
1752788105.476105,406437.000,64887,1,EL,1,100,-16106.200195
1752788105.543106,406504.000,64905,2,EL,1,100,-16104.400391
1752788105.610106,406571.000,64905,2,EL,1,100,-16104.799805
1752788105.676107,406637.000,64921,1,EL,1,100,-16104.799805
1752788105.743107,406704.000,64938,2,EL,1,100,-16107.400391
1752788105.810108,406771.000,64938,2,EL,1,100,-16106.000000
1752788105.877108,406838.000,64954,1,EL,1,100,-16109.200195
1752788105.943609,406904.500,64974,2,EL,1,100,-16110.400391
1752788106.010109,406971.000,64974,2,EL,1,100,-16108.400391
1752788106.076110,407037.000,64990,1,EL,1,100,-16109.000000
1752788106.143110,407104.000,65005,2,EL,1,100,-16112.000000
1752788106.210111,407171.000,65005,2,EL,1,100,-16110.599609
1752788106.276112,407237.000,65022,1,EL,1,100,-16111.799805
1752788106.343112,407304.000,65039,2,EL,1,100,-16114.400391
1752788106.410113,407371.000,65039,2,EL,1,100,-16112.400391
1752788106.476113,407437.000,65057,1,EL,1,100,-16112.599609
1752788106.543114,407504.000,65073,2,EL,1,100,-16114.200195
1752788106.610114,407571.000,65073,2,EL,1,100,-16111.599609
1752788106.676115,407637.000,65089,1,EL,1,100,-16111.799805
1752788106.743115,407704.000,65106,2,EL,1,100,-16115.599609
1752788106.810116,407771.000,65106,2,EL,1,100,-16117.599609
1752788106.876117,407837.000,65122,1,EL,1,100,-16119.599609
1752788106.943117,407904.000,65141,2,EL,1,100,-16125.200195
1752788107.010118,407971.000,65141,2,EL,1,100,-16127.200195
1752788107.076118,408037.000,65158,1,EL,1,100,-16119.200195
1752788107.143119,408104.000,65175,2,EL,1,100,-16115.200195
1752788107.210119,408171.000,65175,2,EL,1,100,-16110.200195
1752788107.276620,408237.500,65192,2,EL,1,100,-16112.200195
1752788107.343120,408304.000,65192,2,EL,1,100,-16115.200195
1752788107.410121,408371.000,65209,1,EL,1,100,-16117.599609
1752788107.476621,408437.500,65223,2,EL,1,100,-16121.599609
1752788107.543122,408504.000,65223,2,EL,1,100,-16118.599609
1752788107.610123,408571.000,65243,1,EL,1,100,-16120.400391
1752788107.676623,408637.500,65259,2,EL,1,100,-16120.799805
1752788107.743124,408704.000,65259,2,EL,1,100,-16123.400391
1752788107.810124,408771.000,65276,1,EL,1,100,-16125.400391
1752788107.876625,408837.500,65291,2,EL,1,100,-16133.000000
1752788107.943125,408904.000,65291,2,EL,1,100,-16137.799805
1752788108.010126,408971.000,65310,1,EL,1,100,-16126.400391
1752788108.076626,409037.500,65326,2,EL,1,100,-16116.400391
1752788108.143127,409104.000,65326,2,EL,1,100,-16119.400391
1752788108.210128,409171.000,65345,1,EL,1,100,-16122.799805
1752788108.276628,409237.500,65360,2,EL,1,100,-16123.200195
1752788108.343129,409304.000,65360,2,EL,1,100,-16123.400391
1752788108.409129,409370.000,65377,1,EL,1,100,-16125.000000
1752788108.476130,409437.000,65393,2,EL,1,100,-16125.400391
1752788108.543130,409504.000,65393,2,EL,1,100,-16125.200195
1752788108.610131,409571.000,65411,1,EL,1,100,-16127.000000
1752788108.676631,409637.500,65425,2,EL,1,100,-16130.400391
1752788108.743132,409704.000,65425,2,EL,1,100,-16134.400391
1752788108.809132,409770.000,65444,1,EL,1,100,-16141.400391
1752788108.876133,409837.000,65463,2,EL,1,100,-16139.000000
1752788108.943134,409904.000,65463,2,EL,1,100,-16134.599609
1752788109.010134,409971.000,65480,1,EL,1,100,-16128.400391
1752788109.076635,410037.500,65495,2,EL,1,100,-16125.000000
1752788109.143135,410104.000,65495,2,EL,1,100,-16127.000000
1752788109.209636,410170.500,65517,2,EL,1,100,-16130.599609
1752788109.276136,410237.000,65517,2,EL,1,100,-16133.400391
1752788109.342637,410303.500,65533,2,EL,1,100,-16134.799805
1752788109.409137,410370.000,65533,2,EL,1,100,-16129.400391
1752788109.476138,410437.000,16,1,EL,1,100,-16128.200195
1752788109.542638,410503.500,33,2,EL,1,100,-16130.000000
1752788109.609139,410570.000,33,2,EL,1,100,-16132.799805
1752788109.676140,410637.000,50,1,EL,1,100,-16133.400391
1752788109.742640,410703.500,64,2,EL,1,100,-16131.400391
1752788109.809141,410770.000,64,2,EL,1,100,-16131.599609
1752788109.876141,410837.000,81,1,EL,1,100,-16134.400391
1752788109.942642,410903.500,98,2,EL,1,100,-16135.400391
1752788110.009142,410970.000,98,2,EL,1,100,-16131.799805
1752788110.076143,411037.000,117,1,EL,1,100,-16130.000000
1752788110.142643,411103.500,131,2,EL,1,100,-16122.000000
1752788110.209144,411170.000,131,2,EL,1,100,-16120.200195
1752788110.276145,411237.000,149,1,EL,1,100,-16129.599609
1752788110.342645,411303.500,165,2,EL,1,100,-16131.599609
1752788110.409146,411370.000,165,2,EL,1,100,-16131.599609
1752788110.476146,411437.000,182,1,EL,1,100,-16137.799805
1752788110.542647,411503.500,197,2,EL,1,100,-16139.200195
1752788110.609147,411570.000,197,2,EL,1,100,-16144.000000
1752788110.676148,411637.000,216,1,EL,1,100,-16143.799805
1752788110.742648,411703.500,232,2,EL,1,100,-16124.200195
1752788110.809149,411770.000,232,2,EL,1,100,-16126.000000
1752788110.876149,411837.000,249,1,EL,1,100,-16136.799805
1752788110.942650,411903.500,266,2,EL,1,100,-16140.799805
1752788111.009151,411970.000,266,2,EL,1,100,-16146.400391
1752788111.076151,412037.000,283,1,EL,1,100,-16151.000000
1752788111.142652,412103.500,299,2,EL,1,100,-16148.799805
1752788111.209152,412170.000,299,2,EL,1,100,-16147.200195
1752788111.276153,412237.000,319,1,EL,1,100,-16145.799805
1752788111.342653,412303.500,334,2,EL,1,100,-16144.400391
1752788111.409154,412370.000,334,2,EL,1,100,-16145.400391
1752788111.476154,412437.000,350,1,EL,1,100,-16147.000000
1752788111.542655,412503.500,367,2,EL,1,100,-16151.400391
1752788111.609156,412570.000,367,2,EL,1,100,-16152.000000
1752788111.675656,412636.500,386,2,EL,1,100,-16153.000000
1752788111.742157,412703.000,386,2,EL,1,100,-16152.400391
1752788111.809157,412770.000,404,1,EL,1,100,-16151.400391
1752788111.875658,412836.500,420,2,EL,1,100,-16152.599609
1752788111.942158,412903.000,420,2,EL,1,100,-16151.599609
1752788112.009159,412970.000,436,1,EL,1,100,-16150.799805
1752788112.075659,413036.500,453,2,EL,1,100,-16151.000000
1752788112.142160,413103.000,453,2,EL,1,100,-16146.599609
1752788112.209160,413170.000,469,1,EL,1,100,-16149.400391
1752788112.275661,413236.500,485,2,EL,1,100,-16153.799805
1752788112.342162,413303.000,485,2,EL,1,100,-16150.400391
1752788112.409162,413370.000,501,1,EL,1,100,-16143.200195
1752788112.475663,413436.500,520,2,EL,1,100,-16147.000000
1752788112.542163,413503.000,520,2,EL,1,100,-16149.200195
1752788112.609164,413570.000,537,1,EL,1,100,-16152.599609
1752788112.675664,413636.500,552,2,EL,1,100,-16157.000000
1752788112.742165,413703.000,552,2,EL,1,100,-16159.599609
1752788112.809165,413770.000,568,1,EL,1,100,-16166.200195
1752788112.875666,413836.500,586,2,EL,1,100,-16154.200195
1752788112.942167,413903.000,586,2,EL,1,100,-16149.599609
1752788113.009167,413970.000,602,1,EL,1,100,-16146.200195
1752788113.075668,414036.500,619,2,EL,1,100,-16150.599609
1752788113.142168,414103.000,619,2,EL,1,100,-16155.799805
1752788113.209169,414170.000,635,1,EL,1,100,-16158.000000
1752788113.275669,414236.500,653,2,EL,1,100,-16160.200195
1752788113.342170,414303.000,653,2,EL,1,100,-16167.000000
1752788113.409170,414370.000,669,1,EL,1,100,-16154.200195
1752788113.475671,414436.500,685,2,EL,1,100,-16148.000000
1752788113.542171,414503.000,685,2,EL,1,100,-16154.400391
1752788113.609172,414570.000,703,1,EL,1,100,-16158.599609
1752788113.675673,414636.500,720,2,EL,1,100,-16163.200195
1752788113.742173,414703.000,720,2,EL,1,100,-16164.799805
1752788113.809174,414770.000,736,2,EL,1,100,-16164.799805
1752788113.876174,414837.000,736,2,EL,1,100,-16164.400391
1752788113.942175,414903.000,754,1,EL,1,100,-16162.599609
1752788114.009175,414970.000,768,2,EL,1,100,-16169.799805
1752788114.076176,415037.000,768,2,EL,1,100,-16166.200195
1752788114.142176,415103.000,785,1,EL,1,100,-16165.400391
1752788114.209177,415170.000,802,2,EL,1,100,-16167.000000
1752788114.276178,415237.000,802,2,EL,1,100,-16164.200195
1752788114.342178,415303.000,826,1,EL,1,100,-16165.200195
1752788114.409179,415370.000,840,2,EL,1,100,-16169.200195
1752788114.476179,415437.000,840,2,EL,1,100,-16168.799805
1752788114.542180,415503.000,857,1,EL,1,100,-16170.000000
1752788114.609180,415570.000,874,2,EL,1,100,-16170.799805
1752788114.676181,415637.000,874,2,EL,1,100,-16169.200195
1752788114.742181,415703.000,891,1,EL,1,100,-16165.799805
1752788114.809182,415770.000,907,2,EL,1,100,-16162.200195
1752788114.876182,415837.000,907,2,EL,1,100,-16169.200195
1752788114.942183,415903.000,925,1,EL,1,100,-16171.599609
1752788115.008684,415969.500,941,2,EL,1,100,-16167.799805
1752788115.075184,416036.000,941,2,EL,1,100,-16168.000000
1752788115.142185,416103.000,958,1,EL,1,100,-16169.400391
1752788115.208685,416169.500,973,2,EL,1,100,-16172.400391
1752788115.275186,416236.000,973,2,EL,1,100,-16175.599609
1752788115.342186,416303.000,990,1,EL,1,100,-16178.000000
1752788115.408687,416369.500,1008,2,EL,1,100,-16168.000000
1752788115.475187,416436.000,1008,2,EL,1,100,-16163.799805
1752788115.542188,416503.000,1025,1,EL,1,100,-16163.400391
1752788115.608689,416569.500,1041,2,EL,1,100,-16170.200195
1752788115.675189,416636.000,1041,2,EL,1,100,-16176.400391
1752788115.742190,416703.000,1057,2,EL,1,100,-16178.400391
1752788115.809190,416770.000,1057,2,EL,1,100,-16175.400391
1752788115.875191,416836.000,1073,1,EL,1,100,-16176.799805
1752788115.942191,416903.000,1093,2,EL,1,100,-16183.400391
1752788116.009192,416970.000,1093,2,EL,1,100,-16173.799805
1752788116.075192,417036.000,1111,1,EL,1,100,-16170.400391
1752788116.142193,417103.000,1126,2,EL,1,100,-16177.200195
1752788116.209193,417170.000,1126,2,EL,1,100,-16178.200195
1752788116.275194,417236.000,1143,1,EL,1,100,-16179.799805
1752788116.342195,417303.000,1160,2,EL,1,100,-16181.799805
1752788116.409195,417370.000,1160,2,EL,1,100,-16182.200195
1752788116.475196,417436.000,1176,1,EL,1,100,-16181.799805
1752788116.542196,417503.000,1192,2,EL,1,100,-16182.000000
1752788116.609197,417570.000,1192,2,EL,1,100,-16179.200195
1752788116.675197,417636.000,1210,1,EL,1,100,-16183.599609
1752788116.742198,417703.000,1227,2,EL,1,100,-16189.200195
1752788116.809198,417770.000,1227,2,EL,1,100,-16183.200195
1752788116.875199,417836.000,1243,1,EL,1,100,-16180.400391
1752788116.942199,417903.000,1259,2,EL,1,100,-16182.599609
1752788117.009200,417970.000,1259,2,EL,1,100,-16180.799805
1752788117.075201,418036.000,1275,1,EL,1,100,-16179.200195
1752788117.142201,418103.000,1292,2,EL,1,100,-16183.599609
1752788117.209202,418170.000,1292,2,EL,1,100,-16183.400391
1752788117.275202,418236.000,1311,1,EL,1,100,-16184.000000
1752788117.342203,418303.000,1326,2,EL,1,100,-16185.200195
1752788117.409203,418370.000,1326,2,EL,1,100,-16191.000000
1752788117.475204,418436.000,1342,1,EL,1,100,-16189.599609
1752788117.542204,418503.000,1360,2,EL,1,100,-16176.599609
1752788117.609205,418570.000,1360,2,EL,1,100,-16172.000000
1752788117.675206,418636.000,1376,1,EL,1,100,-16174.799805
1752788117.742206,418703.000,1392,2,EL,1,100,-16185.400391
1752788117.809207,418770.000,1392,2,EL,1,100,-16188.599609
1752788117.875707,418836.500,1410,2,EL,1,100,-16191.000000
1752788117.942208,418903.000,1410,2,EL,1,100,-16188.599609
1752788118.009208,418970.000,1427,1,EL,1,100,-16192.799805
1752788118.075709,419036.500,1443,2,EL,1,100,-16194.799805
1752788118.142209,419103.000,1443,2,EL,1,100,-16181.000000
1752788118.209210,419170.000,1460,1,EL,1,100,-16182.400391
1752788118.275710,419236.500,1475,2,EL,1,100,-16192.000000
1752788118.342211,419303.000,1475,2,EL,1,100,-16196.000000
1752788118.409212,419370.000,1492,1,EL,1,100,-16194.000000
1752788118.475712,419436.500,1510,2,EL,1,100,-16192.200195
1752788118.542213,419503.000,1510,2,EL,1,100,-16189.799805
1752788118.609213,419570.000,1528,1,EL,1,100,-16185.000000
1752788118.675714,419636.500,1542,2,EL,1,100,-16191.799805
1752788118.742214,419703.000,1542,2,EL,1,100,-16192.200195
1752788118.808215,419769.000,1559,1,EL,1,100,-16195.400391
1752788118.875215,419836.000,1576,2,EL,1,100,-16200.799805
1752788118.942216,419903.000,1576,2,EL,1,100,-16204.599609
1752788119.009217,419970.000,1595,1,EL,1,100,-16192.799805
1752788119.075717,420036.500,1611,2,EL,1,100,-16196.400391
1752788119.142218,420103.000,1611,2,EL,1,100,-16198.799805
1752788119.209218,420170.000,1628,1,EL,1,100,-16201.799805
1752788119.275719,420236.500,1645,2,EL,1,100,-16199.200195
1752788119.342219,420303.000,1645,2,EL,1,100,-16201.599609
1752788119.409220,420370.000,1667,1,EL,1,100,-16198.000000
1752788119.475720,420436.500,1681,2,EL,1,100,-16194.799805
1752788119.542221,420503.000,1681,2,EL,1,100,-16194.799805
1752788119.608221,420569.000,1699,1,EL,1,100,-16195.400391
1752788119.675222,420636.000,1717,2,EL,1,100,-16196.799805
1752788119.742223,420703.000,1717,2,EL,1,100,-16201.799805
1752788119.808723,420769.500,1734,2,EL,1,100,-16204.599609
1752788119.875224,420836.000,1734,2,EL,1,100,-16206.200195
1752788119.942224,420903.000,1751,1,EL,1,100,-16203.599609
1752788120.008725,420969.500,1766,2,EL,1,100,-16204.599609
1752788120.075225,421036.000,1766,2,EL,1,100,-16204.400391
1752788120.142226,421103.000,1782,1,EL,1,100,-16205.000000
1752788120.208726,421169.500,1800,2,EL,1,100,-16210.200195
1752788120.275227,421236.000,1800,2,EL,1,100,-16214.400391
1752788120.342228,421303.000,1820,1,EL,1,100,-16204.200195
1752788120.408728,421369.500,1835,2,EL,1,100,-16209.400391
1752788120.475229,421436.000,1835,2,EL,1,100,-16205.799805
1752788120.542229,421503.000,1851,1,EL,1,100,-16206.599609
1752788120.608730,421569.500,1869,2,EL,1,100,-16202.400391
1752788120.675230,421636.000,1869,2,EL,1,100,-16201.400391
1752788120.742231,421703.000,1885,1,EL,1,100,-16209.000000
1752788120.808731,421769.500,1900,2,EL,1,100,-16213.799805
1752788120.875232,421836.000,1900,2,EL,1,100,-16211.799805
1752788120.942232,421903.000,1919,1,EL,1,100,-16212.799805
1752788121.008733,421969.500,1938,2,EL,1,100,-16211.000000
1752788121.075234,422036.000,1938,2,EL,1,100,-16212.200195
1752788121.142234,422103.000,1954,1,EL,1,100,-16214.599609
1752788121.208735,422169.500,1970,2,EL,1,100,-16217.799805
1752788121.275235,422236.000,1970,2,EL,1,100,-16226.000000
1752788121.342236,422303.000,1988,1,EL,1,100,-16215.000000
1752788121.408736,422369.500,2005,2,EL,1,100,-16212.200195
1752788121.475237,422436.000,2005,2,EL,1,100,-16216.000000
1752788121.542237,422503.000,2023,1,EL,1,100,-16211.200195
1752788121.608738,422569.500,2039,2,EL,1,100,-16207.799805
1752788121.675239,422636.000,2039,2,EL,1,100,-16211.799805
1752788121.741239,422702.000,2055,1,EL,1,100,-16212.400391
1752788121.808240,422769.000,2072,2,EL,1,100,-16214.000000
1752788121.875240,422836.000,2072,2,EL,1,100,-16218.599609
1752788121.941741,422902.500,2089,2,EL,1,100,-16220.400391
1752788122.008241,422969.000,2089,2,EL,1,100,-16219.599609
1752788122.075242,423036.000,2108,1,EL,1,100,-16228.599609
1752788122.141742,423102.500,2122,2,EL,1,100,-16222.599609
1752788122.208243,423169.000,2122,2,EL,1,100,-16207.400391
1752788122.275243,423236.000,2140,1,EL,1,100,-16197.200195
1752788122.341744,423302.500,2156,2,EL,1,100,-16211.400391
1752788122.408245,423369.000,2156,2,EL,1,100,-16219.200195
1752788122.475245,423436.000,2173,1,EL,1,100,-16224.400391
1752788122.541746,423502.500,2188,2,EL,1,100,-16236.000000
1752788122.608246,423569.000,2188,2,EL,1,100,-16228.000000
1752788122.675247,423636.000,2207,1,EL,1,100,-16226.000000
1752788122.741747,423702.500,2223,2,EL,1,100,-16223.599609
1752788122.808248,423769.000,2223,2,EL,1,100,-16222.799805
1752788122.875248,423836.000,2240,1,EL,1,100,-16217.599609
1752788122.941749,423902.500,2255,2,EL,1,100,-16211.599609
1752788123.008250,423969.000,2255,2,EL,1,100,-16219.400391
1752788123.075250,424036.000,2272,1,EL,1,100,-16223.599609
1752788123.141751,424102.500,2288,2,EL,1,100,-16223.400391
1752788123.208251,424169.000,2288,2,EL,1,100,-16223.599609
1752788123.275252,424236.000,2306,1,EL,1,100,-16223.400391
1752788123.341752,424302.500,2322,2,EL,1,100,-16227.799805
1752788123.408253,424369.000,2322,2,EL,1,100,-16234.000000
1752788123.475253,424436.000,2339,1,EL,1,100,-16227.000000
1752788123.541754,424502.500,2356,2,EL,1,100,-16228.200195
1752788123.608254,424569.000,2356,2,EL,1,100,-16227.400391
1752788123.675255,424636.000,2373,1,EL,1,100,-16227.799805
1752788123.741756,424702.500,2387,2,EL,1,100,-16228.599609
1752788123.808256,424769.000,2387,2,EL,1,100,-16226.599609
1752788123.875257,424836.000,2404,1,EL,1,100,-16226.799805
1752788123.941757,424902.500,2423,2,EL,1,100,-16226.400391
1752788124.008258,424969.000,2423,2,EL,1,100,-16228.599609
1752788124.074758,425035.500,2440,2,EL,1,100,-16229.799805
1752788124.141259,425102.000,2440,2,EL,1,100,-16230.400391
1752788124.208259,425169.000,2456,1,EL,1,100,-16230.799805
1752788124.274760,425235.500,2472,2,EL,1,100,-16232.000000
1752788124.341260,425302.000,2472,2,EL,1,100,-16233.400391
1752788124.408261,425369.000,2488,1,EL,1,100,-16232.000000
1752788124.474762,425435.500,2510,2,EL,1,100,-16231.599609
1752788124.541262,425502.000,2510,2,EL,1,100,-16232.000000
1752788124.608263,425569.000,2529,1,EL,1,100,-16231.599609
1752788124.674763,425635.500,2545,2,EL,1,100,-16231.000000
1752788124.741264,425702.000,2545,2,EL,1,100,-16232.599609
1752788124.807764,425768.500,2560,2,EL,1,100,-16234.599609
1752788124.874265,425835.000,2560,2,EL,1,100,-16232.599609
1752788124.941265,425902.000,2578,1,EL,1,100,-16233.599609
1752788125.007766,425968.500,2594,2,EL,1,100,-16234.000000
1752788125.074267,426035.000,2594,2,EL,1,100,-16236.400391
1752788125.141267,426102.000,2611,1,EL,1,100,-16235.599609
1752788125.207768,426168.500,2628,2,EL,1,100,-16236.400391
1752788125.274268,426235.000,2628,2,EL,1,100,-16237.599609
1752788125.341269,426302.000,2645,1,EL,1,100,-16236.799805
1752788125.407769,426368.500,2661,2,EL,1,100,-16236.200195
1752788125.474270,426435.000,2661,2,EL,1,100,-16238.200195
1752788125.541270,426502.000,2678,1,EL,1,100,-16238.400391
1752788125.607771,426568.500,2693,2,EL,1,100,-16237.200195
1752788125.674271,426635.000,2693,2,EL,1,100,-16241.000000
1752788125.741272,426702.000,2710,1,EL,1,100,-16241.599609
1752788125.807773,426768.500,2728,2,EL,1,100,-16240.400391
1752788125.874273,426835.000,2728,2,EL,1,100,-16239.799805
1752788125.941274,426902.000,2746,1,EL,1,100,-16240.799805
1752788126.007774,426968.500,2762,2,EL,1,100,-16243.799805
1752788126.074275,427035.000,2762,2,EL,1,100,-16241.400391
1752788126.141275,427102.000,2779,1,EL,1,100,-16239.599609
1752788126.207776,427168.500,2796,2,EL,1,100,-16242.000000
1752788126.274276,427235.000,2796,2,EL,1,100,-16243.000000
1752788126.341277,427302.000,2813,1,EL,1,100,-16243.400391
1752788126.407778,427368.500,2829,2,EL,1,100,-16247.599609
1752788126.474278,427435.000,2829,2,EL,1,100,-16253.000000
1752788126.541279,427502.000,2846,1,EL,1,100,-16247.000000
1752788126.607779,427568.500,2863,2,EL,1,100,-16241.400391
1752788126.674280,427635.000,2863,2,EL,1,100,-16239.400391
1752788126.741280,427702.000,2880,1,EL,1,100,-16245.400391
1752788126.807781,427768.500,2894,2,EL,1,100,-16247.599609
1752788126.874281,427835.000,2894,2,EL,1,100,-16248.799805
1752788126.941282,427902.000,2912,1,EL,1,100,-16250.599609
1752788127.007782,427968.500,2928,2,EL,1,100,-16250.200195
1752788127.074283,428035.000,2928,2,EL,1,100,-16249.799805
1752788127.141284,428102.000,2947,1,EL,1,100,-16249.400391
1752788127.207784,428168.500,2964,2,EL,1,100,-16248.799805
1752788127.274285,428235.000,2964,2,EL,1,100,-16250.599609
1752788127.341285,428302.000,2979,2,EL,1,100,-16250.599609
1752788127.408286,428369.000,2979,2,EL,1,100,-16248.000000
1752788127.474286,428435.000,2995,1,EL,1,100,-16250.400391
1752788127.541287,428502.000,3013,2,EL,1,100,-16251.000000
1752788127.608287,428569.000,3013,2,EL,1,100,-16251.200195
1752788127.674288,428635.000,3029,1,EL,1,100,-16249.599609
1752788127.741289,428702.000,3046,2,EL,1,100,-16257.200195
1752788127.808289,428769.000,3046,2,EL,1,100,-16256.599609
1752788127.874290,428835.000,3062,1,EL,1,100,-16253.000000
1752788127.941290,428902.000,3080,2,EL,1,100,-16252.400391
1752788128.008291,428969.000,3080,2,EL,1,100,-16253.200195
1752788128.074291,429035.000,3096,1,EL,1,100,-16255.000000
1752788128.141292,429102.000,3111,2,EL,1,100,-16256.799805
1752788128.208292,429169.000,3111,2,EL,1,100,-16254.400391
1752788128.274293,429235.000,3128,1,EL,1,100,-16249.000000
1752788128.341293,429302.000,3145,2,EL,1,100,-16255.799805
1752788128.408294,429369.000,3145,2,EL,1,100,-16254.000000
1752788128.474295,429435.000,3163,1,EL,1,100,-16255.799805
1752788128.541295,429502.000,3179,2,EL,1,100,-16257.000000
1752788128.608296,429569.000,3179,2,EL,1,100,-16258.200195
1752788128.674296,429635.000,3195,1,EL,1,100,-16260.000000
1752788128.740797,429701.500,3212,2,EL,1,100,-16258.000000
1752788128.807297,429768.000,3212,2,EL,1,100,-16259.400391
1752788128.874298,429835.000,3228,1,EL,1,100,-16260.200195
1752788128.940798,429901.500,3244,2,EL,1,100,-16257.000000
1752788129.007299,429968.000,3244,2,EL,1,100,-16256.400391
1752788129.074300,430035.000,3262,1,EL,1,100,-16259.400391
1752788129.141300,430102.000,3279,2,EL,1,100,-16260.000000
1752788129.208301,430169.000,3279,2,EL,1,100,-16270.200195
1752788129.274301,430235.000,3296,1,EL,1,100,-16264.799805
1752788129.340802,430301.500,3312,2,EL,1,100,-16261.000000
1752788129.407302,430368.000,3312,2,EL,1,100,-16258.000000
1752788129.474303,430435.000,3327,1,EL,1,100,-16259.400391
1752788129.540803,430501.500,3345,2,EL,1,100,-16263.000000
1752788129.607304,430568.000,3345,2,EL,1,100,-16264.000000
1752788129.674304,430635.000,3368,2,EL,1,100,-16264.799805
1752788129.741305,430702.000,3368,2,EL,1,100,-16260.200195
1752788129.807306,430768.000,3385,1,EL,1,100,-16262.400391
1752788129.874306,430835.000,3400,2,EL,1,100,-16263.799805
1752788129.941307,430902.000,3400,2,EL,1,100,-16263.000000
1752788130.007307,430968.000,3417,1,EL,1,100,-16265.000000
1752788130.074308,431035.000,3433,2,EL,1,100,-16266.400391
1752788130.141308,431102.000,3433,2,EL,1,100,-16263.200195
1752788130.207309,431168.000,3450,1,EL,1,100,-16265.200195
1752788130.274309,431235.000,3465,2,EL,1,100,-16267.599609
1752788130.341310,431302.000,3465,2,EL,1,100,-16269.200195
1752788130.407310,431368.000,3484,1,EL,1,100,-16269.200195
1752788130.474311,431435.000,3500,2,EL,1,100,-16272.000000
1752788130.541312,431502.000,3500,2,EL,1,100,-16271.000000
1752788130.607312,431568.000,3518,1,EL,1,100,-16271.400391
1752788130.674313,431635.000,3532,2,EL,1,100,-16279.200195
1752788130.741313,431702.000,3532,2,EL,1,100,-16276.400391
1752788130.807314,431768.000,3549,1,EL,1,100,-16268.599609
1752788130.874314,431835.000,3566,2,EL,1,100,-16259.400391
1752788130.941315,431902.000,3566,2,EL,1,100,-16260.799805
1752788131.007315,431968.000,3587,1,EL,1,100,-16266.400391
1752788131.074316,432035.000,3601,2,EL,1,100,-16268.400391
1752788131.141317,432102.000,3601,2,EL,1,100,-16265.799805
1752788131.207317,432168.000,3618,1,EL,1,100,-16276.799805
1752788131.274318,432235.000,3635,2,EL,1,100,-16285.200195
1752788131.341318,432302.000,3635,2,EL,1,100,-16279.000000
1752788131.407319,432368.000,3652,1,EL,1,100,-16275.400391
1752788131.473819,432434.500,3668,2,EL,1,100,-16267.599609
1752788131.540320,432501.000,3668,2,EL,1,100,-16272.599609
1752788131.607320,432568.000,3686,1,EL,1,100,-16277.000000
1752788131.673821,432634.500,3702,2,EL,1,100,-16280.400391
1752788131.740321,432701.000,3702,2,EL,1,100,-16279.000000
1752788131.807322,432768.000,3719,1,EL,1,100,-16278.799805
1752788131.873823,432834.500,3735,2,EL,1,100,-16281.000000
1752788131.940323,432901.000,3735,2,EL,1,100,-16279.000000
1752788132.007324,432968.000,3751,1,EL,1,100,-16279.200195
1752788132.073824,433034.500,3769,2,EL,1,100,-16280.000000
1752788132.140325,433101.000,3769,2,EL,1,100,-16280.799805
1752788132.207325,433168.000,3787,2,EL,1,100,-16281.799805
1752788132.274326,433235.000,3787,2,EL,1,100,-16284.799805
1752788132.340326,433301.000,3803,1,EL,1,100,-16281.400391
1752788132.407327,433368.000,3818,2,EL,1,100,-16281.599609
1752788132.474328,433435.000,3818,2,EL,1,100,-16285.200195
1752788132.540328,433501.000,3834,1,EL,1,100,-16286.000000
1752788132.607329,433568.000,3852,2,EL,1,100,-16286.200195
1752788132.674329,433635.000,3852,2,EL,1,100,-16284.599609
1752788132.740330,433701.000,3870,1,EL,1,100,-16284.000000
1752788132.807330,433768.000,3885,2,EL,1,100,-16287.000000
1752788132.874331,433835.000,3885,2,EL,1,100,-16295.799805
1752788132.940331,433901.000,3902,1,EL,1,100,-16289.799805
1752788133.007332,433968.000,3919,2,EL,1,100,-16288.799805
1752788133.074332,434035.000,3919,2,EL,1,100,-16285.799805
1752788133.140333,434101.000,3935,1,EL,1,100,-16284.000000
1752788133.207334,434168.000,3951,2,EL,1,100,-16283.400391
1752788133.274334,434235.000,3951,2,EL,1,100,-16273.599609
1752788133.340335,434301.000,3969,1,EL,1,100,-16281.599609
1752788133.407335,434368.000,3986,2,EL,1,100,-16286.799805
1752788133.474336,434435.000,3986,2,EL,1,100,-16288.400391
1752788133.540336,434501.000,4002,1,EL,1,100,-16289.200195
1752788133.607337,434568.000,4018,2,EL,1,100,-16290.400391
1752788133.674337,434635.000,4018,2,EL,1,100,-16289.799805
1752788133.740338,434701.000,4034,1,EL,1,100,-16291.200195
1752788133.807339,434768.000,4051,2,EL,1,100,-16290.599609
1752788133.874339,434835.000,4051,2,EL,1,100,-16293.400391
1752788133.940340,434901.000,4070,1,EL,1,100,-16294.200195
1752788134.007340,434968.000,4086,2,EL,1,100,-16293.400391
1752788134.074341,435035.000,4086,2,EL,1,100,-16291.400391
1752788134.140341,435101.000,4101,1,EL,1,100,-16293.200195
1752788134.207342,435168.000,4119,2,EL,1,100,-16293.200195
1752788134.274342,435235.000,4119,2,EL,1,100,-16295.000000
1752788134.340843,435301.500,4135,2,EL,1,100,-16296.000000
1752788134.407343,435368.000,4135,2,EL,1,100,-16291.799805
1752788134.474344,435435.000,4152,1,EL,1,100,-16293.599609
1752788134.540845,435501.500,4169,2,EL,1,100,-16294.599609
1752788134.607345,435568.000,4169,2,EL,1,100,-16296.000000
1752788134.674346,435635.000,4186,1,EL,1,100,-16295.599609
1752788134.740846,435701.500,4207,2,EL,1,100,-16295.799805
1752788134.807347,435768.000,4207,2,EL,1,100,-16294.799805
1752788134.874347,435835.000,4224,1,EL,1,100,-16295.799805
1752788134.940848,435901.500,4239,2,EL,1,100,-16298.000000
1752788135.007348,435968.000,4239,2,EL,1,100,-16298.400391
1752788135.074349,436035.000,4256,1,EL,1,100,-16299.599609
1752788135.140850,436101.500,4274,2,EL,1,100,-16297.599609
1752788135.207350,436168.000,4274,2,EL,1,100,-16299.400391
1752788135.274351,436235.000,4292,1,EL,1,100,-16300.200195
1752788135.340851,436301.500,4306,2,EL,1,100,-16299.200195
1752788135.407352,436368.000,4306,2,EL,1,100,-16300.799805
1752788135.474352,436435.000,4323,1,EL,1,100,-16306.400391
1752788135.540853,436501.500,4340,2,EL,1,100,-16312.000000
1752788135.607353,436568.000,4340,2,EL,1,100,-16293.200195
1752788135.673354,436634.000,4357,1,EL,1,100,-16290.200195
1752788135.740354,436701.000,4374,2,EL,1,100,-16299.599609
1752788135.807355,436768.000,4374,2,EL,1,100,-16303.200195
1752788135.873856,436834.500,4391,2,EL,1,100,-16305.000000
1752788135.940356,436901.000,4391,2,EL,1,100,-16305.000000
1752788136.007357,436968.000,4409,1,EL,1,100,-16303.400391
1752788136.073857,437034.500,4426,2,EL,1,100,-16303.000000
1752788136.140358,437101.000,4426,2,EL,1,100,-16304.200195
1752788136.207358,437168.000,4442,1,EL,1,100,-16304.799805
1752788136.273859,437234.500,4458,2,EL,1,100,-16306.000000
1752788136.340359,437301.000,4458,2,EL,1,100,-16309.200195
1752788136.407360,437368.000,4476,1,EL,1,100,-16309.400391
1752788136.473861,437434.500,4493,2,EL,1,100,-16310.200195
1752788136.540361,437501.000,4493,2,EL,1,100,-16309.599609
1752788136.607362,437568.000,4510,1,EL,1,100,-16307.799805
1752788136.673862,437634.500,4525,2,EL,1,100,-16305.200195
1752788136.740363,437701.000,4525,2,EL,1,100,-16305.400391
1752788136.807363,437768.000,4541,1,EL,1,100,-16308.000000
1752788136.873864,437834.500,4559,2,EL,1,100,-16310.599609
1752788136.940364,437901.000,4559,2,EL,1,100,-16306.000000
1752788137.007365,437968.000,4575,1,EL,1,100,-16307.799805
1752788137.073865,438034.500,4592,2,EL,1,100,-16312.000000
1752788137.140366,438101.000,4592,2,EL,1,100,-16310.000000
1752788137.207367,438168.000,4608,1,EL,1,100,-16310.400391
1752788137.273867,438234.500,4626,2,EL,1,100,-16307.599609
1752788137.340368,438301.000,4626,2,EL,1,100,-16306.400391
1752788137.407368,438368.000,4642,1,EL,1,100,-16308.200195
1752788137.473869,438434.500,4657,2,EL,1,100,-16313.400391
1752788137.540369,438501.000,4657,2,EL,1,100,-16309.400391
1752788137.607370,438568.000,4674,1,EL,1,100,-16305.400391
1752788137.673870,438634.500,4693,2,EL,1,100,-16309.799805
1752788137.740371,438701.000,4693,2,EL,1,100,-16311.799805
1752788137.807372,438768.000,4709,1,EL,1,100,-16315.200195
1752788137.873872,438834.500,4725,2,EL,1,100,-16322.200195
1752788137.940373,438901.000,4725,2,EL,1,100,-16317.400391
1752788138.007373,438968.000,4741,1,EL,1,100,-16313.000000
1752788138.073874,439034.500,4758,2,EL,1,100,-16305.599609
1752788138.140374,439101.000,4758,2,EL,1,100,-16310.799805
1752788138.207375,439168.000,4774,1,EL,1,100,-16307.200195
1752788138.273875,439234.500,4793,2,EL,1,100,-16310.599609
1752788138.340376,439301.000,4793,2,EL,1,100,-16315.000000
1752788138.406876,439367.500,4808,2,EL,1,100,-16317.599609
1752788138.473377,439434.000,4808,2,EL,1,100,-16316.799805
1752788138.540378,439501.000,4825,1,EL,1,100,-16318.000000
1752788138.606878,439567.500,4842,2,EL,1,100,-16319.200195
1752788138.673379,439634.000,4842,2,EL,1,100,-16321.200195
1752788138.740379,439701.000,4859,1,EL,1,100,-16319.200195
1752788138.806880,439767.500,4873,2,EL,1,100,-16317.599609
1752788138.873380,439834.000,4873,2,EL,1,100,-16320.599609
1752788138.940381,439901.000,4893,1,EL,1,100,-16321.799805
1752788139.006881,439967.500,4909,2,EL,1,100,-16321.799805
1752788139.073382,440034.000,4909,2,EL,1,100,-16322.400391
1752788139.140382,440101.000,4926,1,EL,1,100,-16326.200195
1752788139.206883,440167.500,4943,2,EL,1,100,-16329.400391
1752788139.273384,440234.000,4943,2,EL,1,100,-16325.200195
1752788139.340384,440301.000,4960,1,EL,1,100,-16322.799805
1752788139.406885,440367.500,4976,2,EL,1,100,-16307.400391
1752788139.473385,440434.000,4976,2,EL,1,100,-16315.200195
1752788139.540386,440501.000,4995,1,EL,1,100,-16315.400391
1752788139.606886,440567.500,5010,2,EL,1,100,-16317.200195
1752788139.673387,440634.000,5010,2,EL,1,100,-16321.400391
1752788139.740387,440701.000,5027,1,EL,1,100,-16324.799805
1752788139.806888,440767.500,5043,2,EL,1,100,-16326.200195
1752788139.873389,440834.000,5043,2,EL,1,100,-16327.000000
1752788139.940389,440901.000,5066,1,EL,1,100,-16327.799805
1752788140.006890,440967.500,5080,2,EL,1,100,-16334.200195
1752788140.073390,441034.000,5080,2,EL,1,100,-16332.400391
1752788140.140391,441101.000,5099,1,EL,1,100,-16330.400391
1752788140.206891,441167.500,5116,2,EL,1,100,-16323.200195
1752788140.273392,441234.000,5116,2,EL,1,100,-16323.599609
1752788140.340392,441301.000,5133,1,EL,1,100,-16329.599609
1752788140.406893,441367.500,5148,2,EL,1,100,-16330.000000
1752788140.473393,441434.000,5148,2,EL,1,100,-16320.200195
1752788140.540394,441501.000,5164,1,EL,1,100,-16323.799805
1752788140.606895,441567.500,5181,2,EL,1,100,-16330.400391
1752788140.673395,441634.000,5181,2,EL,1,100,-16332.799805
1752788140.740396,441701.000,5200,1,EL,1,100,-16333.000000
1752788140.806896,441767.500,5215,2,EL,1,100,-16331.200195
1752788140.873397,441834.000,5215,2,EL,1,100,-16329.799805
1752788140.939897,441900.500,5234,2,EL,1,100,-16339.599609
1752788141.006398,441967.000,5234,2,EL,1,100,-16339.400391
1752788141.073398,442034.000,5250,1,EL,1,100,-16313.000000
1752788141.139899,442100.500,5267,2,EL,1,100,-16310.599609
1752788141.206400,442167.000,5267,2,EL,1,100,-16326.599609
1752788141.273400,442234.000,5284,1,EL,1,100,-16333.799805
1752788141.339901,442300.500,5301,2,EL,1,100,-16339.000000
1752788141.406401,442367.000,5301,2,EL,1,100,-16354.400391
1752788141.473402,442434.000,5317,1,EL,1,100,-16343.599609
1752788141.539902,442500.500,5335,2,EL,1,100,-16334.799805
1752788141.606403,442567.000,5335,2,EL,1,100,-16335.200195
1752788141.673403,442634.000,5351,1,EL,1,100,-16336.799805
1752788141.739904,442700.500,5366,2,EL,1,100,-16338.000000
1752788141.806404,442767.000,5366,2,EL,1,100,-16337.799805
1752788141.873405,442834.000,5382,1,EL,1,100,-16338.000000
1752788141.939906,442900.500,5402,2,EL,1,100,-16337.400391
1752788142.006406,442967.000,5402,2,EL,1,100,-16330.200195
1752788142.073407,443034.000,5418,1,EL,1,100,-16333.200195
1752788142.139907,443100.500,5433,2,EL,1,100,-16338.599609
1752788142.206408,443167.000,5433,2,EL,1,100,-16339.000000
1752788142.273408,443234.000,5450,1,EL,1,100,-16341.000000
1752788142.339909,443300.500,5467,2,EL,1,100,-16341.000000
1752788142.406409,443367.000,5467,2,EL,1,100,-16343.400391
1752788142.473410,443434.000,5483,1,EL,1,100,-16345.000000
1752788142.539911,443500.500,5502,2,EL,1,100,-16343.400391
1752788142.606411,443567.000,5502,2,EL,1,100,-16344.200195
1752788142.673412,443634.000,5517,1,EL,1,100,-16345.400391
1752788142.739912,443700.500,5534,2,EL,1,100,-16344.200195
1752788142.806413,443767.000,5534,2,EL,1,100,-16352.400391
1752788142.873413,443834.000,5550,1,EL,1,100,-16347.799805
1752788142.939914,443900.500,5567,2,EL,1,100,-16344.599609
1752788143.006414,443967.000,5567,2,EL,1,100,-16339.000000
1752788143.072915,444033.500,5582,2,EL,1,100,-16339.599609
1752788143.139415,444100.000,5582,2,EL,1,100,-16338.799805
1752788143.206416,444167.000,5599,1,EL,1,100,-16344.000000
1752788143.272917,444233.500,5618,2,EL,1,100,-16345.400391
1752788143.339417,444300.000,5618,2,EL,1,100,-16347.200195
1752788143.406418,444367.000,5635,1,EL,1,100,-16346.799805
1752788143.472918,444433.500,5649,2,EL,1,100,-16350.400391
1752788143.539419,444500.000,5649,2,EL,1,100,-16349.599609
1752788143.606419,444567.000,5667,1,EL,1,100,-16348.799805
1752788143.672920,444633.500,5683,2,EL,1,100,-16350.000000
1752788143.739420,444700.000,5683,2,EL,1,100,-16359.799805
1752788143.806421,444767.000,5702,1,EL,1,100,-16354.200195
1752788143.872922,444833.500,5717,2,EL,1,100,-16347.000000
1752788143.939422,444900.000,5717,2,EL,1,100,-16348.000000
1752788144.006423,444967.000,5734,1,EL,1,100,-16352.200195
1752788144.073423,445034.000,5750,2,EL,1,100,-16349.400391
1752788144.140424,445101.000,5750,2,EL,1,100,-16348.599609
1752788144.206424,445167.000,5767,1,EL,1,100,-16342.799805
1752788144.272925,445233.500,5782,2,EL,1,100,-16349.599609
1752788144.339425,445300.000,5782,2,EL,1,100,-16350.599609
1752788144.406426,445367.000,5801,1,EL,1,100,-16352.599609
1752788144.472926,445433.500,5817,2,EL,1,100,-16353.799805
1752788144.539427,445500.000,5817,2,EL,1,100,-16352.400391
1752788144.606428,445567.000,5835,1,EL,1,100,-16358.000000
1752788144.672928,445633.500,5850,2,EL,1,100,-16362.000000
1752788144.739429,445700.000,5850,2,EL,1,100,-16357.400391
1752788144.806429,445767.000,5866,1,EL,1,100,-16359.400391
1752788144.872930,445833.500,5883,2,EL,1,100,-16347.200195
1752788144.939430,445900.000,5883,2,EL,1,100,-16348.599609
1752788145.006431,445967.000,5907,1,EL,1,100,-16358.000000
1752788145.072931,446033.500,5922,2,EL,1,100,-16358.000000
1752788145.139432,446100.000,5922,2,EL,1,100,-16351.200195
1752788145.206432,446167.000,5939,2,EL,1,100,-16351.799805
1752788145.273433,446234.000,5939,2,EL,1,100,-16355.200195
1752788145.339434,446300.000,5955,1,EL,1,100,-16355.200195
1752788145.405934,446366.500,5972,2,EL,1,100,-16356.000000
1752788145.472435,446433.000,5972,2,EL,1,100,-16359.799805
1752788145.539435,446500.000,5988,1,EL,1,100,-16359.200195
1752788145.605936,446566.500,6004,2,EL,1,100,-16358.400391
1752788145.672436,446633.000,6004,2,EL,1,100,-16359.799805
1752788145.739437,446700.000,6022,1,EL,1,100,-16361.599609
1752788145.805937,446766.500,6039,2,EL,1,100,-16363.799805
1752788145.872438,446833.000,6039,2,EL,1,100,-16364.400391
1752788145.939439,446900.000,6056,1,EL,1,100,-16369.000000
1752788146.005939,446966.500,6073,2,EL,1,100,-16366.400391
1752788146.072440,447033.000,6073,2,EL,1,100,-16358.799805
1752788146.139440,447100.000,6089,1,EL,1,100,-16351.200195
1752788146.205941,447166.500,6109,2,EL,1,100,-16364.000000
1752788146.272441,447233.000,6109,2,EL,1,100,-16366.000000
1752788146.339442,447300.000,6125,1,EL,1,100,-16361.200195
1752788146.405942,447366.500,6140,2,EL,1,100,-16358.599609
1752788146.472443,447433.000,6140,2,EL,1,100,-16360.200195
1752788146.539443,447500.000,6156,1,EL,1,100,-16364.200195
1752788146.605944,447566.500,6174,2,EL,1,100,-16366.200195
1752788146.672445,447633.000,6174,2,EL,1,100,-16370.400391
1752788146.739445,447700.000,6190,1,EL,1,100,-16377.599609
1752788146.805946,447766.500,6205,2,EL,1,100,-16374.799805
1752788146.872446,447833.000,6205,2,EL,1,100,-16366.400391
1752788146.939447,447900.000,6224,1,EL,1,100,-16353.400391
1752788147.005947,447966.500,6241,2,EL,1,100,-16364.599609
1752788147.072448,448033.000,6241,2,EL,1,100,-16369.200195
1752788147.139448,448100.000,6257,1,EL,1,100,-16365.799805
1752788147.205949,448166.500,6274,2,EL,1,100,-16363.400391
1752788147.272450,448233.000,6274,2,EL,1,100,-16366.799805
1752788147.339450,448300.000,6289,2,EL,1,100,-16369.599609
1752788147.406451,448367.000,6289,2,EL,1,100,-16370.200195
1752788147.472451,448433.000,6308,1,EL,1,100,-16372.400391
1752788147.539452,448500.000,6325,2,EL,1,100,-16372.200195
1752788147.606452,448567.000,6325,2,EL,1,100,-16370.799805
1752788147.672453,448633.000,6342,1,EL,1,100,-16371.000000
1752788147.739453,448700.000,6356,2,EL,1,100,-16377.200195
1752788147.806454,448767.000,6356,2,EL,1,100,-16380.400391
1752788147.872454,448833.000,6373,1,EL,1,100,-16376.599609
1752788147.939455,448900.000,6390,2,EL,1,100,-16375.599609
1752788148.006456,448967.000,6390,2,EL,1,100,-16378.400391
1752788148.072456,449033.000,6411,1,EL,1,100,-16376.599609
1752788148.139457,449100.000,6425,2,EL,1,100,-16375.000000
1752788148.206457,449167.000,6425,2,EL,1,100,-16369.000000
1752788148.272458,449233.000,6443,1,EL,1,100,-16369.000000
1752788148.338958,449299.500,6459,2,EL,1,100,-16375.200195
1752788148.405459,449366.000,6459,2,EL,1,100,-16384.800781
1752788148.472459,449433.000,6476,1,EL,1,100,-16376.000000
1752788148.538960,449499.500,6491,2,EL,1,100,-16375.799805
1752788148.605461,449566.000,6491,2,EL,1,100,-16375.799805
1752788148.672461,449633.000,6510,1,EL,1,100,-16378.599609
1752788148.738962,449699.500,6526,2,EL,1,100,-16384.000000
1752788148.805462,449766.000,6526,2,EL,1,100,-16378.799805
1752788148.872463,449833.000,6543,1,EL,1,100,-16377.400391
1752788148.938963,449899.500,6558,2,EL,1,100,-16376.799805
1752788149.005464,449966.000,6558,2,EL,1,100,-16377.400391
1752788149.072464,450033.000,6575,1,EL,1,100,-16379.400391
1752788149.139465,450100.000,6591,2,EL,1,100,-16378.799805
1752788149.206465,450167.000,6591,2,EL,1,100,-16375.200195
1752788149.272466,450233.000,6609,1,EL,1,100,-16376.000000
1752788149.338967,450299.500,6626,2,EL,1,100,-16373.200195
1752788149.405467,450366.000,6626,2,EL,1,100,-16373.400391
1752788149.472468,450433.000,6642,1,EL,1,100,-16378.799805
1752788149.538968,450499.500,6659,2,EL,1,100,-16383.000000
1752788149.605469,450566.000,6659,2,EL,1,100,-16384.000000
1752788149.672469,450633.000,6676,1,EL,1,100,-16383.799805
1752788149.738970,450699.500,6691,2,EL,1,100,-16384.400391
1752788149.805470,450766.000,6691,2,EL,1,100,-16384.400391
1752788149.872471,450833.000,6710,2,EL,1,100,-16386.400391
1752788149.939472,450900.000,6710,2,EL,1,100,-16383.400391
1752788150.005472,450966.000,6726,1,EL,1,100,-16384.800781
1752788150.072473,451033.000,6743,2,EL,1,100,-16395.400391
1752788150.139473,451100.000,6743,2,EL,1,100,-16376.599609
1752788150.205474,451166.000,6764,1,EL,1,100,-16374.599609
1752788150.272474,451233.000,6780,2,EL,1,100,-16388.000000
1752788150.339475,451300.000,6780,2,EL,1,100,-16389.400391
1752788150.405475,451366.000,6796,1,EL,1,100,-16389.400391
1752788150.472476,451433.000,6815,2,EL,1,100,-16394.199219
1752788150.539476,451500.000,6815,2,EL,1,100,-16396.800781
1752788150.605477,451566.000,6834,1,EL,1,100,-16382.400391
1752788150.672478,451633.000,6849,2,EL,1,100,-16388.599609
1752788150.739478,451700.000,6849,2,EL,1,100,-16390.199219
1752788150.805479,451766.000,6865,1,EL,1,100,-16389.199219
1752788150.872479,451833.000,6883,2,EL,1,100,-16391.800781
1752788150.939480,451900.000,6883,2,EL,1,100,-16390.599609
1752788151.005480,451966.000,6901,1,EL,1,100,-16390.800781
1752788151.072481,452033.000,6918,2,EL,1,100,-16392.000000
1752788151.139481,452100.000,6918,2,EL,1,100,-16389.400391
1752788151.205482,452166.000,6934,1,EL,1,100,-16390.599609
1752788151.272483,452233.000,6952,2,EL,1,100,-16391.199219
1752788151.339483,452300.000,6952,2,EL,1,100,-16390.000000
1752788151.405484,452366.000,6968,1,EL,1,100,-16392.800781
1752788151.471984,452432.500,6983,2,EL,1,100,-16398.800781
1752788151.538485,452499.000,6983,2,EL,1,100,-16397.000000
1752788151.605485,452566.000,7000,1,EL,1,100,-16395.599609
1752788151.671986,452632.500,7019,2,EL,1,100,-16395.599609
1752788151.738486,452699.000,7019,2,EL,1,100,-16395.000000
1752788151.805487,452766.000,7035,1,EL,1,100,-16391.800781
1752788151.871987,452832.500,7052,2,EL,1,100,-16390.800781
1752788151.938488,452899.000,7052,2,EL,1,100,-16393.599609
1752788152.005489,452966.000,7067,1,EL,1,100,-16395.800781
1752788152.071989,453032.500,7084,2,EL,1,100,-16391.199219
1752788152.138490,453099.000,7084,2,EL,1,100,-16392.400391
1752788152.205490,453166.000,7101,2,EL,1,100,-16393.199219
1752788152.272491,453233.000,7101,2,EL,1,100,-16396.800781
1752788152.338491,453299.000,7120,1,EL,1,100,-16398.000000
1752788152.405492,453366.000,7134,2,EL,1,100,-16400.199219
1752788152.472492,453433.000,7134,2,EL,1,100,-16405.400391
1752788152.538493,453499.000,7151,1,EL,1,100,-16398.400391
1752788152.605493,453566.000,7168,2,EL,1,100,-16388.199219
1752788152.672494,453633.000,7168,2,EL,1,100,-16395.800781
1752788152.738495,453699.000,7185,1,EL,1,100,-16392.199219
1752788152.805495,453766.000,7199,2,EL,1,100,-16395.000000
1752788152.872496,453833.000,7199,2,EL,1,100,-16402.599609
1752788152.938496,453899.000,7219,1,EL,1,100,-16403.599609
1752788153.005497,453966.000,7235,2,EL,1,100,-16408.000000
1752788153.072497,454033.000,7235,2,EL,1,100,-16405.000000
1752788153.138498,454099.000,7252,1,EL,1,100,-16401.199219
1752788153.205498,454166.000,7267,2,EL,1,100,-16390.000000
1752788153.272499,454233.000,7267,2,EL,1,100,-16392.199219
1752788153.338500,454299.000,7284,1,EL,1,100,-16399.000000
1752788153.405500,454366.000,7300,2,EL,1,100,-16401.199219
1752788153.472501,454433.000,7300,2,EL,1,100,-16402.199219
1752788153.538501,454499.000,7319,1,EL,1,100,-16411.800781
1752788153.605502,454566.000,7334,2,EL,1,100,-16414.199219
1752788153.672502,454633.000,7334,2,EL,1,100,-16406.199219
1752788153.738503,454699.000,7351,1,EL,1,100,-16406.000000
1752788153.805503,454766.000,7367,2,EL,1,100,-16407.599609
1752788153.872504,454833.000,7367,2,EL,1,100,-16407.000000
1752788153.938504,454899.000,7385,1,EL,1,100,-16409.800781
1752788154.005505,454966.000,7400,2,EL,1,100,-16409.599609
1752788154.072506,455033.000,7400,2,EL,1,100,-16408.000000
1752788154.139006,455099.500,7418,2,EL,1,100,-16410.000000
1752788154.205507,455166.000,7418,2,EL,1,100,-16407.199219
1752788154.272507,455233.000,7435,1,EL,1,100,-16408.400391
1752788154.339008,455299.500,7452,2,EL,1,100,-16410.000000
1752788154.405508,455366.000,7452,2,EL,1,100,-16404.599609
1752788154.472509,455433.000,7468,1,EL,1,100,-16397.199219
1752788154.539009,455499.500,7484,2,EL,1,100,-16407.199219
1752788154.605510,455566.000,7484,2,EL,1,100,-16410.800781
1752788154.672511,455633.000,7502,1,EL,1,100,-16415.800781
1752788154.739011,455699.500,7519,2,EL,1,100,-16419.599609
1752788154.805512,455766.000,7519,2,EL,1,100,-16414.800781
1752788154.871512,455832.000,7535,1,EL,1,100,-16412.199219
1752788154.938513,455899.000,7551,2,EL,1,100,-16415.199219
1752788155.005513,455966.000,7551,2,EL,1,100,-16413.000000
1752788155.071514,456032.000,7567,1,EL,1,100,-16411.800781
1752788155.138514,456099.000,7584,2,EL,1,100,-16405.800781
1752788155.205515,456166.000,7584,2,EL,1,100,-16404.199219
1752788155.272015,456232.500,7607,2,EL,1,100,-16407.199219
1752788155.338516,456299.000,7607,2,EL,1,100,-16409.599609
1752788155.405017,456365.500,7623,2,EL,1,100,-16415.199219
1752788155.471517,456432.000,7623,2,EL,1,100,-16420.400391
1752788155.538518,456499.000,7640,1,EL,1,100,-16414.800781
1752788155.605018,456565.500,7656,2,EL,1,100,-16416.199219
1752788155.671519,456632.000,7656,2,EL,1,100,-16412.000000
1752788155.738519,456699.000,7672,2,EL,1,100,-16411.400391
1752788155.805520,456766.000,7672,2,EL,1,100,-16411.199219
1752788155.871520,456832.000,7688,1,EL,1,100,-16416.800781
1752788155.938521,456899.000,7710,2,EL,1,100,-16418.000000
1752788156.005522,456966.000,7710,2,EL,1,100,-16419.199219
1752788156.071522,457032.000,7726,1,EL,1,100,-16418.599609
1752788156.138523,457099.000,7741,2,EL,1,100,-16422.199219
1752788156.205523,457166.000,7741,2,EL,1,100,-16417.800781
1752788156.271524,457232.000,7758,1,EL,1,100,-16418.199219
1752788156.338524,457299.000,7775,2,EL,1,100,-16421.199219
1752788156.405525,457366.000,7775,2,EL,1,100,-16432.000000
1752788156.471525,457432.000,7793,1,EL,1,100,-16421.199219
1752788156.538526,457499.000,7809,2,EL,1,100,-16410.599609
1752788156.605526,457566.000,7809,2,EL,1,100,-16410.599609
1752788156.672527,457633.000,7825,1,EL,1,100,-16418.400391
1752788156.739028,457699.500,7842,2,EL,1,100,-16421.199219
1752788156.805528,457766.000,7842,2,EL,1,100,-16419.800781
1752788156.871529,457832.000,7858,1,EL,1,100,-16419.199219
1752788156.938529,457899.000,7874,2,EL,1,100,-16425.800781
1752788157.005530,457966.000,7874,2,EL,1,100,-16424.400391
1752788157.071530,458032.000,7892,1,EL,1,100,-16426.199219
1752788157.138531,458099.000,7909,2,EL,1,100,-16426.400391
1752788157.205531,458166.000,7909,2,EL,1,100,-16428.800781
1752788157.271532,458232.000,7926,1,EL,1,100,-16433.400391
1752788157.338533,458299.000,7943,2,EL,1,100,-16423.800781
1752788157.405533,458366.000,7943,2,EL,1,100,-16425.000000
1752788157.471534,458432.000,7959,1,EL,1,100,-16428.199219
1752788157.538534,458499.000,7977,2,EL,1,100,-16428.000000
1752788157.605535,458566.000,7977,2,EL,1,100,-16432.199219
1752788157.671535,458632.000,7995,1,EL,1,100,-16430.800781
1752788157.738536,458699.000,8011,2,EL,1,100,-16427.199219
1752788157.805536,458766.000,8011,2,EL,1,100,-16429.000000
1752788157.871537,458832.000,8026,1,EL,1,100,-16428.000000
1752788157.938537,458899.000,8044,2,EL,1,100,-16432.199219
1752788158.005538,458966.000,8044,2,EL,1,100,-16433.199219
1752788158.072039,459032.500,8060,2,EL,1,100,-16432.800781
1752788158.138539,459099.000,8060,2,EL,1,100,-16435.199219
1752788158.204540,459165.000,8077,1,EL,1,100,-16433.400391
1752788158.271540,459232.000,8094,2,EL,1,100,-16434.000000
1752788158.338541,459299.000,8094,2,EL,1,100,-16432.000000
1752788158.405541,459366.000,8111,1,EL,1,100,-16433.199219
1752788158.472042,459432.500,8127,2,EL,1,100,-16431.400391
1752788158.538542,459499.000,8127,2,EL,1,100,-16429.800781
1752788158.604543,459565.000,8145,1,EL,1,100,-16432.400391
1752788158.671543,459632.000,8159,2,EL,1,100,-16433.400391
1752788158.738544,459699.000,8159,2,EL,1,100,-16432.800781
1752788158.804545,459765.000,8176,1,EL,1,100,-16434.800781
1752788158.871545,459832.000,8193,2,EL,1,100,-16434.800781
1752788158.938546,459899.000,8193,2,EL,1,100,-16434.000000
1752788159.004546,459965.000,8212,1,EL,1,100,-16435.000000
1752788159.071547,460032.000,8226,2,EL,1,100,-16437.000000
1752788159.138547,460099.000,8226,2,EL,1,100,-16435.599609
1752788159.204548,460165.000,8243,1,EL,1,100,-16437.400391
1752788159.271548,460232.000,8260,2,EL,1,100,-16436.800781
1752788159.338549,460299.000,8260,2,EL,1,100,-16438.000000
1752788159.404550,460365.000,8277,1,EL,1,100,-16438.800781
1752788159.471550,460432.000,8291,2,EL,1,100,-16438.599609
1752788159.538551,460499.000,8291,2,EL,1,100,-16437.199219
1752788159.604551,460565.000,8311,1,EL,1,100,-16439.599609
1752788159.671552,460632.000,8327,2,EL,1,100,-16440.800781
1752788159.738552,460699.000,8327,2,EL,1,100,-16441.000000
1752788159.804553,460765.000,8344,1,EL,1,100,-16440.000000
1752788159.871553,460832.000,8360,2,EL,1,100,-16438.000000
1752788159.938554,460899.000,8360,2,EL,1,100,-16439.199219
1752788160.004554,460965.000,8376,1,EL,1,100,-16439.800781
1752788160.071555,461032.000,8392,2,EL,1,100,-16441.199219
1752788160.138556,461099.000,8392,2,EL,1,100,-16441.000000
1752788160.204556,461165.000,8411,1,EL,1,100,-16441.199219
1752788160.271557,461232.000,8427,2,EL,1,100,-16441.800781
1752788160.338557,461299.000,8427,2,EL,1,100,-16440.800781
1752788160.405058,461365.500,8450,2,EL,1,100,-16439.400391
1752788160.471558,461432.000,8450,2,EL,1,100,-16440.400391
1752788160.538559,461499.000,8466,1,EL,1,100,-16448.599609
1752788160.605059,461565.500,8484,2,EL,1,100,-16451.000000
1752788160.671560,461632.000,8484,2,EL,1,100,-16429.000000
1752788160.738561,461699.000,8500,1,EL,1,100,-16422.400391
1752788160.805061,461765.500,8517,2,EL,1,100,-16437.199219
1752788160.871562,461832.000,8517,2,EL,1,100,-16444.800781
1752788160.938562,461899.000,8534,1,EL,1,100,-16445.599609
1752788161.005063,461965.500,8553,2,EL,1,100,-16445.400391
1752788161.071563,462032.000,8553,2,EL,1,100,-16450.400391
1752788161.138564,462099.000,8569,1,EL,1,100,-16452.800781
1752788161.205064,462165.500,8585,2,EL,1,100,-16447.000000
1752788161.271565,462232.000,8585,2,EL,1,100,-16449.599609
1752788161.338565,462299.000,8601,1,EL,1,100,-16451.000000
1752788161.405066,462365.500,8620,2,EL,1,100,-16449.800781
1752788161.471567,462432.000,8620,2,EL,1,100,-16450.000000
1752788161.538567,462499.000,8636,1,EL,1,100,-16450.000000
1752788161.605068,462565.500,8652,2,EL,1,100,-16450.800781
1752788161.671568,462632.000,8652,2,EL,1,100,-16447.400391
1752788161.737569,462698.000,8668,1,EL,1,100,-16448.400391
1752788161.804569,462765.000,8685,2,EL,1,100,-16449.199219
1752788161.871570,462832.000,8685,2,EL,1,100,-16450.199219
1752788161.938570,462899.000,8702,1,EL,1,100,-16449.400391
1752788162.005071,462965.500,8719,2,EL,1,100,-16450.199219
1752788162.071572,463032.000,8719,2,EL,1,100,-16452.599609
1752788162.138572,463099.000,8735,1,EL,1,100,-16453.400391
1752788162.205073,463165.500,8753,2,EL,1,100,-16450.400391
1752788162.271573,463232.000,8753,2,EL,1,100,-16453.000000
1752788162.338074,463298.500,8769,2,EL,1,100,-16453.800781
1752788162.404574,463365.000,8769,2,EL,1,100,-16454.199219
1752788162.471575,463432.000,8786,1,EL,1,100,-16453.400391
1752788162.538075,463498.500,8801,2,EL,1,100,-16453.400391
1752788162.604576,463565.000,8801,2,EL,1,100,-16454.199219
1752788162.671576,463632.000,8820,1,EL,1,100,-16454.400391
1752788162.738077,463698.500,8836,2,EL,1,100,-16454.199219
1752788162.804578,463765.000,8836,2,EL,1,100,-16456.199219
1752788162.871578,463832.000,8853,1,EL,1,100,-16456.400391
1752788162.938079,463898.500,8868,2,EL,1,100,-16457.199219
1752788163.004579,463965.000,8868,2,EL,1,100,-16457.599609
1752788163.071580,464032.000,8885,1,EL,1,100,-16456.800781
1752788163.138080,464098.500,8903,2,EL,1,100,-16453.599609
1752788163.204581,464165.000,8903,2,EL,1,100,-16456.000000
1752788163.271581,464232.000,8921,1,EL,1,100,-16456.599609
1752788163.338082,464298.500,8935,2,EL,1,100,-16459.400391
1752788163.404583,464365.000,8935,2,EL,1,100,-16458.199219
1752788163.471583,464432.000,8952,1,EL,1,100,-16460.199219
1752788163.538084,464498.500,8969,2,EL,1,100,-16456.599609
1752788163.604584,464565.000,8969,2,EL,1,100,-16458.599609
1752788163.671585,464632.000,8986,1,EL,1,100,-16460.000000
1752788163.738085,464698.500,9002,2,EL,1,100,-16461.599609
1752788163.804586,464765.000,9002,2,EL,1,100,-16461.599609
1752788163.871586,464832.000,9019,1,EL,1,100,-16462.199219
1752788163.938087,464898.500,9036,2,EL,1,100,-16460.800781
1752788164.004587,464965.000,9036,2,EL,1,100,-16460.800781
1752788164.071588,465032.000,9053,1,EL,1,100,-16460.599609
1752788164.138089,465098.500,9068,2,EL,1,100,-16461.800781
1752788164.204589,465165.000,9068,2,EL,1,100,-16461.800781
1752788164.271590,465232.000,9085,1,EL,1,100,-16463.599609
1752788164.338090,465298.500,9103,2,EL,1,100,-16462.000000
1752788164.404591,465365.000,9103,2,EL,1,100,-16463.800781
1752788164.471591,465432.000,9120,1,EL,1,100,-16463.800781
1752788164.538092,465498.500,9136,2,EL,1,100,-16462.400391
1752788164.604592,465565.000,9136,2,EL,1,100,-16461.800781
1752788164.671093,465631.500,9152,2,EL,1,100,-16463.000000
1752788164.737594,465698.000,9152,2,EL,1,100,-16463.599609
1752788164.804594,465765.000,9168,1,EL,1,100,-16465.599609
1752788164.871095,465831.500,9186,2,EL,1,100,-16467.599609
1752788164.937595,465898.000,9186,2,EL,1,100,-16466.199219
1752788165.004596,465965.000,9204,1,EL,1,100,-16465.599609
1752788165.071096,466031.500,9219,2,EL,1,100,-16469.199219
1752788165.137597,466098.000,9219,2,EL,1,100,-16467.400391
1752788165.204597,466165.000,9235,1,EL,1,100,-16467.599609
1752788165.271098,466231.500,9253,2,EL,1,100,-16468.400391
1752788165.337598,466298.000,9253,2,EL,1,100,-16466.000000
1752788165.404599,466365.000,9269,1,EL,1,100,-16467.800781
1752788165.471100,466431.500,9291,2,EL,1,100,-16449.800781
1752788165.537600,466498.000,9291,2,EL,1,100,-16429.800781
1752788165.604601,466565.000,9308,1,EL,1,100,-16456.000000
1752788165.671101,466631.500,9325,2,EL,1,100,-16471.599609
1752788165.737602,466698.000,9325,2,EL,1,100,-16473.199219
1752788165.804602,466765.000,9341,1,EL,1,100,-16482.800781
1752788165.871103,466831.500,9357,2,EL,1,100,-16482.400391
1752788165.937603,466898.000,9357,2,EL,1,100,-16470.400391
1752788166.004604,466965.000,9377,1,EL,1,100,-16472.800781
1752788166.071104,467031.500,9394,2,EL,1,100,-16473.800781
1752788166.137605,467098.000,9394,2,EL,1,100,-16474.199219
1752788166.204606,467165.000,9410,1,EL,1,100,-16473.800781
1752788166.271106,467231.500,9426,2,EL,1,100,-16474.599609
1752788166.337607,467298.000,9426,2,EL,1,100,-16474.800781
1752788166.404607,467365.000,9442,1,EL,1,100,-16475.800781
1752788166.471108,467431.500,9461,2,EL,1,100,-16472.599609
1752788166.537608,467498.000,9461,2,EL,1,100,-16473.599609
1752788166.604609,467565.000,9478,1,EL,1,100,-16475.000000
1752788166.671109,467631.500,9494,2,EL,1,100,-16474.000000
1752788166.737610,467698.000,9494,2,EL,1,100,-16471.800781
1752788166.804611,467765.000,9509,1,EL,1,100,-16472.599609
1752788166.871111,467831.500,9527,2,EL,1,100,-16475.400391
1752788166.937612,467898.000,9527,2,EL,1,100,-16483.000000
1752788167.004612,467965.000,9543,1,EL,1,100,-16480.400391
1752788167.071113,468031.500,9561,2,EL,1,100,-16460.000000
1752788167.137613,468098.000,9561,2,EL,1,100,-16468.400391
1752788167.204114,468164.500,9577,2,EL,1,100,-16475.599609
1752788167.270614,468231.000,9577,2,EL,1,100,-16474.000000
1752788167.337615,468298.000,9594,1,EL,1,100,-16478.599609
1752788167.404115,468364.500,9610,2,EL,1,100,-16482.000000
1752788167.470616,468431.000,9610,2,EL,1,100,-16488.599609
1752788167.537617,468498.000,9627,1,EL,1,100,-16484.000000
1752788167.604117,468564.500,9642,2,EL,1,100,-16474.400391
1752788167.670618,468631.000,9642,2,EL,1,100,-16470.400391
1752788167.737618,468698.000,9661,1,EL,1,100,-16478.199219
1752788167.804119,468764.500,9677,2,EL,1,100,-16481.400391
1752788167.870619,468831.000,9677,2,EL,1,100,-16483.199219
1752788167.937620,468898.000,9695,1,EL,1,100,-16482.400391
1752788168.004120,468964.500,9709,2,EL,1,100,-16484.199219
1752788168.070621,469031.000,9709,2,EL,1,100,-16483.800781
1752788168.137622,469098.000,9726,1,EL,1,100,-16482.599609
1752788168.204122,469164.500,9745,2,EL,1,100,-16475.000000
1752788168.270623,469231.000,9745,2,EL,1,100,-16482.199219
1752788168.337623,469298.000,9762,1,EL,1,100,-16484.599609
1752788168.404124,469364.500,9776,2,EL,1,100,-16485.000000
1752788168.470624,469431.000,9776,2,EL,1,100,-16485.000000
1752788168.537625,469498.000,9793,1,EL,1,100,-16486.000000
1752788168.604125,469564.500,9810,2,EL,1,100,-16484.800781
1752788168.670626,469631.000,9810,2,EL,1,100,-16485.800781
1752788168.737626,469698.000,9827,1,EL,1,100,-16485.199219
1752788168.804127,469764.500,9843,2,EL,1,100,-16487.199219
1752788168.870628,469831.000,9843,2,EL,1,100,-16482.199219
1752788168.937628,469898.000,9861,1,EL,1,100,-16479.400391
1752788169.004129,469964.500,9877,2,EL,1,100,-16486.800781
1752788169.070629,470031.000,9877,2,EL,1,100,-16485.599609
1752788169.137630,470098.000,9894,1,EL,1,100,-16487.599609
1752788169.204130,470164.500,9910,2,EL,1,100,-16496.800781
1752788169.270631,470231.000,9910,2,EL,1,100,-16489.800781
1752788169.337131,470297.500,9926,2,EL,1,100,-16486.000000
1752788169.403632,470364.000,9926,2,EL,1,100,-16478.599609
1752788169.470633,470431.000,9944,1,EL,1,100,-16455.800781
1752788169.537133,470497.500,9962,2,EL,1,100,-16423.599609
1752788169.603634,470564.000,9962,2,EL,1,100,-16401.000000
1752788169.670634,470631.000,9978,1,EL,1,100,-16375.400391
1752788169.737135,470697.500,9993,2,EL,1,100,-16364.599609
1752788169.803635,470764.000,9993,2,EL,1,100,-16354.599609
1752788169.870636,470831.000,10009,1,EL,1,100,-16328.200195
1752788169.937136,470897.500,10029,2,EL,1,100,-16298.400391
1752788170.003637,470964.000,10029,2,EL,1,100,-16279.200195
1752788170.070637,471031.000,10045,1,EL,1,100,-16268.000000
1752788170.137138,471097.500,10060,2,EL,1,100,-16266.000000
1752788170.203639,471164.000,10060,2,EL,1,100,-16266.799805
1752788170.270639,471231.000,10077,1,EL,1,100,-16269.799805
1752788170.337140,471297.500,10094,2,EL,1,100,-16273.000000
1752788170.403640,471364.000,10094,2,EL,1,100,-16278.000000
1752788170.470641,471431.000,10110,1,EL,1,100,-16282.799805
1752788170.537141,471497.500,10128,2,EL,1,100,-16278.200195
1752788170.603642,471564.000,10128,2,EL,1,100,-16276.599609
1752788170.670642,471631.000,10149,1,EL,1,100,-16273.799805
1752788170.737143,471697.500,10166,2,EL,1,100,-16276.599609
1752788170.803644,471764.000,10166,2,EL,1,100,-16281.200195
1752788170.870644,471831.000,10182,1,EL,1,100,-16283.799805
1752788170.937145,471897.500,10200,2,EL,1,100,-16282.200195
1752788171.003645,471964.000,10200,2,EL,1,100,-16283.000000
1752788171.070646,472031.000,10216,1,EL,1,100,-16288.200195
1752788171.137146,472097.500,10235,2,EL,1,100,-16292.400391
1752788171.203647,472164.000,10235,2,EL,1,100,-16299.799805
1752788171.270647,472231.000,10252,1,EL,1,100,-16290.000000
1752788171.337148,472297.500,10268,2,EL,1,100,-16292.400391
1752788171.403648,472364.000,10268,2,EL,1,100,-16298.599609
1752788171.470649,472431.000,10283,1,EL,1,100,-16300.400391
1752788171.537150,472497.500,10301,2,EL,1,100,-16300.799805
1752788171.603650,472564.000,10301,2,EL,1,100,-16300.000000
1752788171.670151,472630.500,10317,2,EL,1,100,-16302.799805
1752788171.736651,472697.000,10317,2,EL,1,100,-16304.400391
1752788171.803652,472764.000,10336,1,EL,1,100,-16302.200195
1752788171.870152,472830.500,10351,2,EL,1,100,-16304.200195
1752788171.936653,472897.000,10351,2,EL,1,100,-16315.200195
1752788172.003653,472964.000,10368,1,EL,1,100,-16326.799805
1752788172.070154,473030.500,10384,2,EL,1,100,-16327.200195
1752788172.136654,473097.000,10384,2,EL,1,100,-16309.799805
1752788172.203655,473164.000,10401,1,EL,1,100,-16300.000000
1752788172.270156,473230.500,10416,2,EL,1,100,-16317.599609
1752788172.336656,473297.000,10416,2,EL,1,100,-16325.400391
1752788172.403657,473364.000,10435,1,EL,1,100,-16322.799805
1752788172.470157,473430.500,10451,2,EL,1,100,-16319.799805
1752788172.536658,473497.000,10451,2,EL,1,100,-16326.599609
1752788172.603658,473564.000,10469,1,EL,1,100,-16331.000000
1752788172.670159,473630.500,10483,2,EL,1,100,-16331.400391
1752788172.736659,473697.000,10483,2,EL,1,100,-16333.000000
1752788172.803660,473764.000,10500,1,EL,1,100,-16342.799805
1752788172.870161,473830.500,10521,2,EL,1,100,-16349.000000
1752788172.936661,473897.000,10521,2,EL,1,100,-16344.000000
1752788173.003662,473964.000,10538,1,EL,1,100,-16337.200195
1752788173.070162,474030.500,10552,2,EL,1,100,-16334.799805
1752788173.136663,474097.000,10552,2,EL,1,100,-16341.799805
1752788173.203663,474164.000,10569,1,EL,1,100,-16346.000000
1752788173.270164,474230.500,10588,2,EL,1,100,-16347.200195
1752788173.336664,474297.000,10588,2,EL,1,100,-16347.400391
1752788173.403665,474364.000,10607,1,EL,1,100,-16347.200195
1752788173.470165,474430.500,10622,2,EL,1,100,-16346.599609
1752788173.536666,474497.000,10622,2,EL,1,100,-16351.799805
1752788173.603667,474564.000,10639,2,EL,1,100,-16355.200195
1752788173.670667,474631.000,10639,2,EL,1,100,-16355.200195
1752788173.736668,474697.000,10655,1,EL,1,100,-16366.799805
1752788173.803668,474764.000,10674,2,EL,1,100,-16358.200195
1752788173.870669,474831.000,10674,2,EL,1,100,-16328.000000
1752788173.936669,474897.000,10691,1,EL,1,100,-16351.400391
1752788174.003670,474964.000,10706,2,EL,1,100,-16363.400391
1752788174.070670,475031.000,10706,2,EL,1,100,-16377.200195
1752788174.136671,475097.000,10724,1,EL,1,100,-16379.000000
1752788174.203672,475164.000,10744,2,EL,1,100,-16337.599609
1752788174.270672,475231.000,10744,2,EL,1,100,-16348.599609
1752788174.336673,475297.000,10760,1,EL,1,100,-16366.400391
1752788174.403673,475364.000,10775,2,EL,1,100,-16387.000000
1752788174.470674,475431.000,10775,2,EL,1,100,-16392.400391
1752788174.536674,475497.000,10793,1,EL,1,100,-16377.400391
1752788174.603675,475564.000,10811,2,EL,1,100,-16378.000000
1752788174.670675,475631.000,10811,2,EL,1,100,-16370.200195
1752788174.736676,475697.000,10829,1,EL,1,100,-16363.799805
1752788174.803176,475763.500,10844,2,EL,1,100,-16371.599609
1752788174.869677,475830.000,10844,2,EL,1,100,-16380.000000
1752788174.936678,475897.000,10861,1,EL,1,100,-16385.199219
1752788175.003178,475963.500,10880,2,EL,1,100,-16373.799805
1752788175.069679,476030.000,10880,2,EL,1,100,-16369.200195
1752788175.136679,476097.000,10896,1,EL,1,100,-16372.799805
1752788175.203180,476163.500,10912,2,EL,1,100,-16380.799805
1752788175.269680,476230.000,10912,2,EL,1,100,-16384.400391
1752788175.336681,476297.000,10932,1,EL,1,100,-16381.599609
1752788175.403181,476363.500,10949,2,EL,1,100,-16383.000000
1752788175.469682,476430.000,10949,2,EL,1,100,-16386.000000
1752788175.536683,476497.000,10967,1,EL,1,100,-16376.599609
1752788175.603183,476563.500,10984,2,EL,1,100,-16375.000000
1752788175.669684,476630.000,10984,2,EL,1,100,-16384.199219
1752788175.736684,476697.000,11004,1,EL,1,100,-16402.000000
1752788175.803185,476763.500,11023,2,EL,1,100,-16383.599609
1752788175.869685,476830.000,11023,2,EL,1,100,-16367.599609
1752788175.936686,476897.000,11042,1,EL,1,100,-16381.400391
1752788176.003186,476963.500,11060,2,EL,1,100,-16397.000000
1752788176.069687,477030.000,11060,2,EL,1,100,-16411.599609
1752788176.136687,477097.000,11077,2,EL,1,100,-16398.599609
1752788176.203688,477164.000,11077,2,EL,1,100,-16391.199219
1752788176.269689,477230.000,11095,1,EL,1,100,-16398.599609
1752788176.336689,477297.000,11111,2,EL,1,100,-16401.400391
1752788176.403690,477364.000,11111,2,EL,1,100,-16401.800781
1752788176.469690,477430.000,11132,1,EL,1,100,-16401.599609
1752788176.536691,477497.000,11147,2,EL,1,100,-16394.000000
1752788176.603691,477564.000,11147,2,EL,1,100,-16398.599609
1752788176.669692,477630.000,11164,1,EL,1,100,-16410.599609
1752788176.736692,477697.000,11182,2,EL,1,100,-16414.599609
1752788176.803693,477764.000,11182,2,EL,1,100,-16400.800781
1752788176.869694,477830.000,11199,1,EL,1,100,-16392.199219
1752788176.936694,477897.000,11214,2,EL,1,100,-16398.199219
1752788177.003695,477964.000,11214,2,EL,1,100,-16410.199219
1752788177.069695,478030.000,11233,1,EL,1,100,-16435.400391
1752788177.136696,478097.000,11251,2,EL,1,100,-16418.000000
1752788177.203696,478164.000,11251,2,EL,1,100,-16412.800781
1752788177.269697,478230.000,11269,1,EL,1,100,-16417.800781
1752788177.336697,478297.000,11283,2,EL,1,100,-16418.599609
1752788177.403698,478364.000,11283,2,EL,1,100,-16415.199219
1752788177.469698,478430.000,11300,1,EL,1,100,-16414.599609
1752788177.536699,478497.000,11317,2,EL,1,100,-16410.000000
1752788177.603700,478564.000,11317,2,EL,1,100,-16417.599609
1752788177.669700,478630.000,11334,1,EL,1,100,-16429.400391
1752788177.736701,478697.000,11353,2,EL,1,100,-16433.000000
1752788177.803701,478764.000,11353,2,EL,1,100,-16412.199219
1752788177.869702,478830.000,11369,1,EL,1,100,-16422.199219
1752788177.936702,478897.000,11386,2,EL,1,100,-16427.000000
1752788178.003703,478964.000,11386,2,EL,1,100,-16426.800781
1752788178.069703,479030.000,11403,1,EL,1,100,-16429.599609
1752788178.136704,479097.000,11420,2,EL,1,100,-16430.800781
1752788178.203705,479164.000,11420,2,EL,1,100,-16429.199219
1752788178.270205,479230.500,11439,2,EL,1,100,-16426.199219
1752788178.336706,479297.000,11439,2,EL,1,100,-16421.400391
1752788178.402706,479363.000,11455,1,EL,1,100,-16426.599609
1752788178.469707,479430.000,11472,2,EL,1,100,-16433.599609
1752788178.536707,479497.000,11472,2,EL,1,100,-16436.199219
1752788178.603708,479564.000,11489,1,EL,1,100,-16436.400391
1752788178.670208,479630.500,11506,2,EL,1,100,-16435.800781
1752788178.736709,479697.000,11506,2,EL,1,100,-16433.199219
1752788178.802709,479763.000,11522,1,EL,1,100,-16430.000000
1752788178.869710,479830.000,11542,2,EL,1,100,-16428.400391
1752788178.936711,479897.000,11542,2,EL,1,100,-16433.400391
1752788179.002711,479963.000,11558,1,EL,1,100,-16435.000000
1752788179.069712,480030.000,11573,2,EL,1,100,-16435.400391
1752788179.136712,480097.000,11573,2,EL,1,100,-16439.800781
1752788179.202713,480163.000,11589,1,EL,1,100,-16441.800781
1752788179.269713,480230.000,11607,2,EL,1,100,-16445.199219
1752788179.336714,480297.000,11607,2,EL,1,100,-16446.199219
1752788179.402714,480363.000,11625,1,EL,1,100,-16448.199219
1752788179.469715,480430.000,11642,2,EL,1,100,-16442.800781
1752788179.536716,480497.000,11642,2,EL,1,100,-16442.199219
1752788179.602716,480563.000,11659,1,EL,1,100,-16444.599609
1752788179.669717,480630.000,11676,2,EL,1,100,-16445.000000
1752788179.736717,480697.000,11676,2,EL,1,100,-16451.400391
1752788179.802718,480763.000,11694,1,EL,1,100,-16447.199219
1752788179.869718,480830.000,11710,2,EL,1,100,-16450.000000
1752788179.936719,480897.000,11710,2,EL,1,100,-16454.400391
1752788180.002719,480963.000,11730,1,EL,1,100,-16450.400391
1752788180.069720,481030.000,11747,2,EL,1,100,-16450.000000
1752788180.136720,481097.000,11747,2,EL,1,100,-16456.400391
1752788180.202721,481163.000,11765,1,EL,1,100,-16453.199219
1752788180.269722,481230.000,11781,2,EL,1,100,-16452.199219
1752788180.336722,481297.000,11781,2,EL,1,100,-16458.400391
1752788180.402723,481363.000,11799,1,EL,1,100,-16456.800781
1752788180.469723,481430.000,11816,2,EL,1,100,-16455.199219
1752788180.536724,481497.000,11816,2,EL,1,100,-16463.800781
1752788180.602724,481563.000,11837,1,EL,1,100,-16459.400391
1752788180.669725,481630.000,11853,2,EL,1,100,-16457.800781
1752788180.736725,481697.000,11853,2,EL,1,100,-16464.599609
1752788180.803226,481763.500,11870,2,EL,1,100,-16461.199219
1752788180.869726,481830.000,11870,2,EL,1,100,-16459.000000
1752788180.936727,481897.000,11893,1,EL,1,100,-16476.199219
1752788181.003228,481963.500,11913,2,EL,1,100,-16474.000000
1752788181.069728,482030.000,11913,2,EL,1,100,-16450.000000
1752788181.136729,482097.000,11930,1,EL,1,100,-16450.599609
1752788181.203229,482163.500,11947,2,EL,1,100,-16461.800781
1752788181.269730,482230.000,11947,2,EL,1,100,-16467.400391
1752788181.336730,482297.000,11964,1,EL,1,100,-16466.800781
1752788181.403231,482363.500,11980,2,EL,1,100,-16466.400391
1752788181.469731,482430.000,11980,2,EL,1,100,-16467.800781
1752788181.536732,482497.000,11997,1,EL,1,100,-16471.400391
1752788181.603233,482563.500,12014,2,EL,1,100,-16472.000000
1752788181.669733,482630.000,12014,2,EL,1,100,-16470.199219
1752788181.736734,482697.000,12033,1,EL,1,100,-16478.000000
1752788181.803234,482763.500,12051,2,EL,1,100,-16492.199219
1752788181.869735,482830.000,12051,2,EL,1,100,-16468.199219
1752788181.936735,482897.000,12069,1,EL,1,100,-16459.199219
1752788182.003236,482963.500,12083,2,EL,1,100,-16466.400391
1752788182.069736,483030.000,12083,2,EL,1,100,-16471.000000
1752788182.135737,483096.000,12100,1,EL,1,100,-16477.400391
1752788182.202737,483163.000,12117,2,EL,1,100,-16475.199219
1752788182.269738,483230.000,12117,2,EL,1,100,-16474.400391
1752788182.335739,483296.000,12136,1,EL,1,100,-16475.199219
1752788182.402739,483363.000,12150,2,EL,1,100,-16478.599609
1752788182.469740,483430.000,12150,2,EL,1,100,-16491.400391
1752788182.535740,483496.000,12169,1,EL,1,100,-16482.599609
1752788182.602741,483563.000,12186,2,EL,1,100,-16465.800781
1752788182.669741,483630.000,12186,2,EL,1,100,-16471.599609
1752788182.735742,483696.000,12203,1,EL,1,100,-16483.400391
1752788182.802742,483763.000,12220,2,EL,1,100,-16488.800781
1752788182.869743,483830.000,12220,2,EL,1,100,-16484.400391
1752788182.935744,483896.000,12237,1,EL,1,100,-16487.199219
1752788183.002744,483963.000,12253,2,EL,1,100,-16487.199219
1752788183.069745,484030.000,12253,2,EL,1,100,-16485.199219
1752788183.136245,484096.500,12270,2,EL,1,100,-16489.199219
1752788183.202746,484163.000,12270,2,EL,1,100,-16492.599609
1752788183.269746,484230.000,12287,1,EL,1,100,-16492.800781
1752788183.336247,484296.500,12304,2,EL,1,100,-16506.199219
1752788183.402747,484363.000,12304,2,EL,1,100,-16488.000000
1752788183.469748,484430.000,12322,1,EL,1,100,-16471.400391
1752788183.536248,484496.500,12340,2,EL,1,100,-16485.400391
1752788183.602749,484563.000,12340,2,EL,1,100,-16493.800781
1752788183.669750,484630.000,12356,1,EL,1,100,-16491.199219
1752788183.736250,484696.500,12371,2,EL,1,100,-16495.000000
1752788183.802751,484763.000,12371,2,EL,1,100,-16497.800781
1752788183.869751,484830.000,12389,1,EL,1,100,-16494.599609
1752788183.936252,484896.500,12407,2,EL,1,100,-16495.000000
1752788184.002752,484963.000,12407,2,EL,1,100,-16506.199219
1752788184.069753,485030.000,12425,1,EL,1,100,-16509.599609
1752788184.136253,485096.500,12442,2,EL,1,100,-16483.400391
1752788184.202754,485163.000,12442,2,EL,1,100,-16486.199219
1752788184.269755,485230.000,12459,1,EL,1,100,-16492.800781
1752788184.336255,485296.500,12476,2,EL,1,100,-16499.400391
1752788184.402756,485363.000,12476,2,EL,1,100,-16504.400391
1752788184.469756,485430.000,12492,1,EL,1,100,-16504.400391
1752788184.536257,485496.500,12510,2,EL,1,100,-16505.000000
1752788184.602757,485563.000,12510,2,EL,1,100,-16505.800781
1752788184.669758,485630.000,12528,1,EL,1,100,-16503.199219
1752788184.736258,485696.500,12545,2,EL,1,100,-16504.400391
1752788184.802759,485763.000,12545,2,EL,1,100,-16506.199219
1752788184.869759,485830.000,12563,1,EL,1,100,-16503.599609
1752788184.936260,485896.500,12580,2,EL,1,100,-16502.400391
1752788185.002761,485963.000,12580,2,EL,1,100,-16506.800781
1752788185.069761,486030.000,12597,1,EL,1,100,-16510.199219
1752788185.136262,486096.500,12616,2,EL,1,100,-16520.199219
1752788185.202762,486163.000,12616,2,EL,1,100,-16506.400391
1752788185.269263,486229.500,12633,2,EL,1,100,-16495.000000
1752788185.335763,486296.000,12633,2,EL,1,100,-16496.400391
1752788185.402764,486363.000,12650,1,EL,1,100,-16512.000000
1752788185.469264,486429.500,12664,2,EL,1,100,-16514.199219
1752788185.535765,486496.000,12664,2,EL,1,100,-16519.400391
1752788185.602766,486563.000,12682,1,EL,1,100,-16513.800781
1752788185.669266,486629.500,12700,2,EL,1,100,-16501.599609
1752788185.735767,486696.000,12700,2,EL,1,100,-16511.199219
1752788185.802767,486763.000,12717,1,EL,1,100,-16521.400391
1752788185.869268,486829.500,12732,2,EL,1,100,-16520.199219
1752788185.935768,486896.000,12732,2,EL,1,100,-16515.800781
1752788186.002769,486963.000,12756,1,EL,1,100,-16518.599609
1752788186.069269,487029.500,12774,2,EL,1,100,-16519.599609
1752788186.135770,487096.000,12774,2,EL,1,100,-16517.400391
1752788186.202770,487163.000,12793,1,EL,1,100,-16522.800781
1752788186.269271,487229.500,12808,2,EL,1,100,-16521.000000
1752788186.335772,487296.000,12808,2,EL,1,100,-16520.199219
1752788186.402772,487363.000,12825,1,EL,1,100,-16520.000000
1752788186.469273,487429.500,12841,2,EL,1,100,-16515.400391
1752788186.535773,487496.000,12841,2,EL,1,100,-16520.000000
1752788186.602774,487563.000,12859,1,EL,1,100,-16521.800781
1752788186.669274,487629.500,12873,2,EL,1,100,-16519.199219
1752788186.735775,487696.000,12873,2,EL,1,100,-16512.599609
1752788186.802775,487763.000,12892,1,EL,1,100,-16521.199219
1752788186.869276,487829.500,12909,2,EL,1,100,-16521.000000
1752788186.935776,487896.000,12909,2,EL,1,100,-16523.000000
1752788187.002777,487963.000,12926,1,EL,1,100,-16528.000000
1752788187.069278,488029.500,12940,2,EL,1,100,-16525.800781
1752788187.135778,488096.000,12940,2,EL,1,100,-16526.199219
1752788187.202779,488163.000,12957,1,EL,1,100,-16529.599609
1752788187.269279,488229.500,12978,2,EL,1,100,-16526.800781
1752788187.335780,488296.000,12978,2,EL,1,100,-16524.800781
1752788187.402780,488363.000,12995,1,EL,1,100,-16530.599609
1752788187.469281,488429.500,13012,2,EL,1,100,-16533.000000
1752788187.535781,488496.000,13012,2,EL,1,100,-16528.199219
1752788187.602282,488562.500,13029,2,EL,1,100,-16529.199219
1752788187.668783,488629.000,13029,2,EL,1,100,-16530.199219
1752788187.735783,488696.000,13045,1,EL,1,100,-16529.199219
1752788187.802284,488762.500,13062,2,EL,1,100,-16534.599609
1752788187.868784,488829.000,13062,2,EL,1,100,-16536.800781
1752788187.935785,488896.000,13083,1,EL,1,100,-16532.599609
1752788188.002285,488962.500,13098,2,EL,1,100,-16531.599609
1752788188.068786,489029.000,13098,2,EL,1,100,-16532.400391
1752788188.135786,489096.000,13114,1,EL,1,100,-16531.199219
1752788188.202287,489162.500,13132,2,EL,1,100,-16531.199219
1752788188.268787,489229.000,13132,2,EL,1,100,-16536.800781
1752788188.335788,489296.000,13148,1,EL,1,100,-16532.800781
1752788188.402289,489362.500,13165,2,EL,1,100,-16535.400391
1752788188.468789,489429.000,13165,2,EL,1,100,-16538.400391
1752788188.535790,489496.000,13181,1,EL,1,100,-16540.000000
1752788188.602290,489562.500,13199,2,EL,1,100,-16539.800781
1752788188.668791,489629.000,13199,2,EL,1,100,-16538.599609
1752788188.735791,489696.000,13215,1,EL,1,100,-16540.400391
1752788188.802292,489762.500,13230,2,EL,1,100,-16542.199219
1752788188.868792,489829.000,13230,2,EL,1,100,-16543.400391
1752788188.935793,489896.000,13251,1,EL,1,100,-16539.800781
1752788189.002294,489962.500,13268,2,EL,1,100,-16539.000000
1752788189.068794,490029.000,13268,2,EL,1,100,-16544.400391
1752788189.135795,490096.000,13284,1,EL,1,100,-16538.199219
1752788189.202295,490162.500,13300,2,EL,1,100,-16534.800781
1752788189.268796,490229.000,13300,2,EL,1,100,-16540.599609
1752788189.335796,490296.000,13316,1,EL,1,100,-16535.800781
1752788189.402297,490362.500,13333,2,EL,1,100,-16536.800781
1752788189.468797,490429.000,13333,2,EL,1,100,-16541.599609
1752788189.535798,490496.000,13351,1,EL,1,100,-16539.000000
1752788189.602298,490562.500,13368,2,EL,1,100,-16539.199219
1752788189.668799,490629.000,13368,2,EL,1,100,-16542.800781
1752788189.735800,490696.000,13383,1,EL,1,100,-16549.000000
1752788189.802300,490762.500,13400,2,EL,1,100,-16542.599609
1752788189.868801,490829.000,13400,2,EL,1,100,-16542.400391
1752788189.935301,490895.500,13417,2,EL,1,100,-16542.400391
1752788190.001802,490962.000,13417,2,EL,1,100,-16540.599609
1752788190.068802,491029.000,13436,1,EL,1,100,-16535.800781
1752788190.135303,491095.500,13450,2,EL,1,100,-16542.800781
1752788190.201803,491162.000,13450,2,EL,1,100,-16544.000000
1752788190.268804,491229.000,13468,1,EL,1,100,-16546.000000
1752788190.335305,491295.500,13484,2,EL,1,100,-16545.000000
1752788190.401805,491362.000,13484,2,EL,1,100,-16551.199219
1752788190.468806,491429.000,13501,1,EL,1,100,-16557.800781
1752788190.535306,491495.500,13518,2,EL,1,100,-16545.000000
1752788190.601807,491562.000,13518,2,EL,1,100,-16544.800781
1752788190.668807,491629.000,13535,1,EL,1,100,-16555.199219
1752788190.735308,491695.500,13551,2,EL,1,100,-16552.599609
1752788190.801808,491762.000,13551,2,EL,1,100,-16548.599609
1752788190.868809,491829.000,13568,1,EL,1,100,-16555.400391
1752788190.935309,491895.500,13585,2,EL,1,100,-16553.599609
1752788191.001810,491962.000,13585,2,EL,1,100,-16548.000000
1752788191.068811,492029.000,13602,1,EL,1,100,-16550.199219
1752788191.135311,492095.500,13625,2,EL,1,100,-16551.400391
1752788191.201812,492162.000,13625,2,EL,1,100,-16547.199219
1752788191.268812,492229.000,13643,1,EL,1,100,-16549.000000
1752788191.335313,492295.500,13657,2,EL,1,100,-16560.000000
1752788191.401813,492362.000,13657,2,EL,1,100,-16562.400391
1752788191.468814,492429.000,13674,1,EL,1,100,-16561.199219
1752788191.535314,492495.500,13691,2,EL,1,100,-16557.000000
1752788191.601815,492562.000,13691,2,EL,1,100,-16554.400391
1752788191.668816,492629.000,13710,1,EL,1,100,-16559.400391
1752788191.735316,492695.500,13724,2,EL,1,100,-16560.800781
1752788191.801817,492762.000,13724,2,EL,1,100,-16554.599609
1752788191.868817,492829.000,13741,1,EL,1,100,-16557.599609
1752788191.935318,492895.500,13758,2,EL,1,100,-16560.599609
1752788192.001818,492962.000,13758,2,EL,1,100,-16560.400391
1752788192.068319,493028.500,13775,2,EL,1,100,-16559.800781
1752788192.134819,493095.000,13775,2,EL,1,100,-16561.000000
1752788192.201820,493162.000,13793,1,EL,1,100,-16563.199219
1752788192.268320,493228.500,13809,2,EL,1,100,-16565.199219
1752788192.334821,493295.000,13809,2,EL,1,100,-16558.800781
1752788192.401822,493362.000,13825,1,EL,1,100,-16557.400391
1752788192.468322,493428.500,13842,2,EL,1,100,-16560.800781
1752788192.534823,493495.000,13842,2,EL,1,100,-16562.199219
1752788192.601823,493562.000,13859,1,EL,1,100,-16567.599609
1752788192.668324,493628.500,13876,2,EL,1,100,-16570.199219
1752788192.734824,493695.000,13876,2,EL,1,100,-16567.400391
1752788192.801825,493762.000,13892,1,EL,1,100,-16563.000000
1752788192.868325,493828.500,13910,2,EL,1,100,-16562.599609
1752788192.934826,493895.000,13910,2,EL,1,100,-16566.000000
1752788193.001827,493962.000,13926,1,EL,1,100,-16563.599609
1752788193.068327,494028.500,13941,2,EL,1,100,-16566.000000
1752788193.134828,494095.000,13941,2,EL,1,100,-16566.000000
1752788193.201828,494162.000,13957,1,EL,1,100,-16567.800781
1752788193.268329,494228.500,13977,2,EL,1,100,-16566.400391
1752788193.334829,494295.000,13977,2,EL,1,100,-16566.199219
1752788193.401830,494362.000,13993,1,EL,1,100,-16569.400391
1752788193.468330,494428.500,14008,2,EL,1,100,-16573.199219
1752788193.534831,494495.000,14008,2,EL,1,100,-16569.400391
1752788193.601831,494562.000,14025,1,EL,1,100,-16571.599609
1752788193.668332,494628.500,14042,2,EL,1,100,-16574.400391
1752788193.734833,494695.000,14042,2,EL,1,100,-16572.400391
1752788193.801833,494762.000,14060,1,EL,1,100,-16573.599609
1752788193.868334,494828.500,14076,2,EL,1,100,-16571.400391
1752788193.934834,494895.000,14076,2,EL,1,100,-16580.599609
1752788194.001835,494962.000,14092,1,EL,1,100,-16576.800781
1752788194.068335,495028.500,14109,2,EL,1,100,-16573.599609
1752788194.134836,495095.000,14109,2,EL,1,100,-16573.599609
1752788194.201836,495162.000,14125,1,EL,1,100,-16575.800781
1752788194.268337,495228.500,14142,2,EL,1,100,-16574.199219
1752788194.334837,495295.000,14142,2,EL,1,100,-16576.199219
1752788194.401838,495362.000,14159,1,EL,1,100,-16578.400391
1752788194.468339,495428.500,14176,2,EL,1,100,-16577.199219
1752788194.534839,495495.000,14176,2,EL,1,100,-16577.400391
1752788194.601840,495562.000,14193,2,EL,1,100,-16577.800781
1752788194.668840,495629.000,14193,2,EL,1,100,-16578.000000
1752788194.734841,495695.000,14210,1,EL,1,100,-16577.199219
1752788194.801341,495761.500,14224,2,EL,1,100,-16577.800781
1752788194.867842,495828.000,14224,2,EL,1,100,-16581.000000
1752788194.934842,495895.000,14244,1,EL,1,100,-16584.199219
1752788195.001343,495961.500,14260,2,EL,1,100,-16580.599609
1752788195.067844,496028.000,14260,2,EL,1,100,-16580.400391
1752788195.134844,496095.000,14277,1,EL,1,100,-16582.400391
1752788195.201845,496162.000,14292,2,EL,1,100,-16583.400391
1752788195.268845,496229.000,14292,2,EL,1,100,-16582.000000
1752788195.334846,496295.000,14309,1,EL,1,100,-16585.400391
1752788195.401846,496362.000,14325,2,EL,1,100,-16585.400391
1752788195.468847,496429.000,14325,2,EL,1,100,-16583.400391
1752788195.534847,496495.000,14344,1,EL,1,100,-16582.000000
1752788195.601848,496562.000,14359,2,EL,1,100,-16581.800781
1752788195.668848,496629.000,14359,2,EL,1,100,-16583.199219
1752788195.734849,496695.000,14376,1,EL,1,100,-16584.400391
1752788195.801350,496761.500,14392,2,EL,1,100,-16582.800781
1752788195.867850,496828.000,14392,2,EL,1,100,-16583.599609
1752788195.934851,496895.000,14410,1,EL,1,100,-16587.599609
1752788196.001351,496961.500,14428,2,EL,1,100,-16586.000000
1752788196.067852,497028.000,14428,2,EL,1,100,-16589.199219
1752788196.134852,497095.000,14445,1,EL,1,100,-16591.599609
1752788196.201853,497162.000,14467,2,EL,1,100,-16583.800781
1752788196.268853,497229.000,14467,2,EL,1,100,-16588.400391
1752788196.334854,497295.000,14484,1,EL,1,100,-16590.599609
1752788196.401355,497361.500,14499,2,EL,1,100,-16588.599609
1752788196.467855,497428.000,14499,2,EL,1,100,-16588.599609
1752788196.534856,497495.000,14515,1,EL,1,100,-16590.000000
1752788196.601356,497561.500,14534,2,EL,1,100,-16589.599609
1752788196.667857,497628.000,14534,2,EL,1,100,-16590.400391
1752788196.734857,497695.000,14551,2,EL,1,100,-16591.199219
1752788196.801858,497762.000,14551,2,EL,1,100,-16591.199219
1752788196.867858,497828.000,14567,1,EL,1,100,-16592.599609
1752788196.934859,497895.000,14583,2,EL,1,100,-16593.800781
1752788197.001859,497962.000,14583,2,EL,1,100,-16594.199219
1752788197.067860,498028.000,14599,1,EL,1,100,-16593.000000
1752788197.134861,498095.000,14616,2,EL,1,100,-16591.599609
1752788197.201861,498162.000,14616,2,EL,1,100,-16593.599609
1752788197.267862,498228.000,14635,1,EL,1,100,-16594.000000
1752788197.334862,498295.000,14650,2,EL,1,100,-16596.000000
1752788197.401863,498362.000,14650,2,EL,1,100,-16595.800781
1752788197.467863,498428.000,14666,1,EL,1,100,-16594.800781
1752788197.534864,498495.000,14684,2,EL,1,100,-16593.000000
1752788197.601864,498562.000,14684,2,EL,1,100,-16591.400391
1752788197.667865,498628.000,14700,1,EL,1,100,-16591.800781
1752788197.734866,498695.000,14715,2,EL,1,100,-16595.000000
1752788197.801866,498762.000,14715,2,EL,1,100,-16595.199219
1752788197.867867,498828.000,14733,1,EL,1,100,-16595.199219
1752788197.934867,498895.000,14751,2,EL,1,100,-16598.800781
1752788198.001868,498962.000,14751,2,EL,1,100,-16598.599609
1752788198.067868,499028.000,14767,1,EL,1,100,-16599.199219
1752788198.134369,499094.500,14782,2,EL,1,100,-16603.800781
1752788198.200869,499161.000,14782,2,EL,1,100,-16604.400391
1752788198.267870,499228.000,14799,1,EL,1,100,-16595.199219
1752788198.334370,499294.500,14818,2,EL,1,100,-16599.199219
1752788198.400871,499361.000,14818,2,EL,1,100,-16600.400391
1752788198.467872,499428.000,14834,1,EL,1,100,-16598.400391
1752788198.534372,499494.500,14851,2,EL,1,100,-16599.400391
1752788198.600873,499561.000,14851,2,EL,1,100,-16598.400391
1752788198.667873,499628.000,14866,1,EL,1,100,-16599.800781
1752788198.734374,499694.500,14883,2,EL,1,100,-16603.000000
1752788198.800874,499761.000,14883,2,EL,1,100,-16609.400391
1752788198.867875,499828.000,14900,2,EL,1,100,-16607.000000
1752788198.934875,499895.000,14900,2,EL,1,100,-16603.000000
1752788199.000876,499961.000,14919,1,EL,1,100,-16602.800781
1752788199.067877,500028.000,14933,2,EL,1,100,-16603.800781
1752788199.134877,500095.000,14933,2,EL,1,100,-16603.800781
1752788199.200878,500161.000,14950,1,EL,1,100,-16611.400391
1752788199.267878,500228.000,14967,2,EL,1,100,-16608.199219
1752788199.334879,500295.000,14967,2,EL,1,100,-16608.199219
1752788199.400879,500361.000,14984,1,EL,1,100,-16612.199219
1752788199.467880,500428.000,14998,2,EL,1,100,-16612.000000
1752788199.534880,500495.000,14998,2,EL,1,100,-16610.800781
1752788199.600881,500561.000,15018,1,EL,1,100,-16608.000000
1752788199.667881,500628.000,15034,2,EL,1,100,-16606.800781
1752788199.734882,500695.000,15034,2,EL,1,100,-16610.199219
1752788199.800883,500761.000,15051,1,EL,1,100,-16612.800781
1752788199.867883,500828.000,15066,2,EL,1,100,-16609.000000
1752788199.934884,500895.000,15066,2,EL,1,100,-16610.000000
1752788200.000884,500961.000,15083,1,EL,1,100,-16612.199219
1752788200.067885,501028.000,15101,2,EL,1,100,-16611.199219
1752788200.134885,501095.000,15101,2,EL,1,100,-16614.199219
1752788200.200886,501161.000,15118,1,EL,1,100,-16607.199219
1752788200.267886,501228.000,15133,2,EL,1,100,-16606.599609
1752788200.334887,501295.000,15133,2,EL,1,100,-16608.000000
1752788200.400887,501361.000,15150,1,EL,1,100,-16615.800781
1752788200.467888,501428.000,15166,2,EL,1,100,-16618.199219
1752788200.534889,501495.000,15166,2,EL,1,100,-16616.400391
1752788200.600889,501561.000,15184,1,EL,1,100,-16621.400391
1752788200.667890,501628.000,15200,2,EL,1,100,-16618.599609
1752788200.734890,501695.000,15200,2,EL,1,100,-16614.199219
1752788200.800891,501761.000,15217,1,EL,1,100,-16617.599609
1752788200.867891,501828.000,15234,2,EL,1,100,-16617.199219
1752788200.934892,501895.000,15234,2,EL,1,100,-16612.199219
1752788201.000892,501961.000,15253,1,EL,1,100,-16618.400391
1752788201.067893,502028.000,15268,2,EL,1,100,-16622.000000
1752788201.134894,502095.000,15268,2,EL,1,100,-16617.199219
1752788201.200894,502161.000,15284,1,EL,1,100,-16619.599609
1752788201.267895,502228.000,15303,2,EL,1,100,-16620.800781
1752788201.334895,502295.000,15303,2,EL,1,100,-16615.199219
1752788201.401396,502361.500,15325,2,EL,1,100,-16617.000000
1752788201.467896,502428.000,15325,2,EL,1,100,-16620.800781
1752788201.534897,502495.000,15341,1,EL,1,100,-16619.400391
1752788201.601397,502561.500,15357,2,EL,1,100,-16618.800781
1752788201.667898,502628.000,15357,2,EL,1,100,-16620.800781
1752788201.733898,502694.000,15373,1,EL,1,100,-16620.199219
1752788201.800899,502761.000,15392,2,EL,1,100,-16623.199219
1752788201.867900,502828.000,15392,2,EL,1,100,-16626.199219
1752788201.934900,502895.000,15409,1,EL,1,100,-16621.599609
1752788202.001401,502961.500,15424,2,EL,1,100,-16623.000000
1752788202.067901,503028.000,15424,2,EL,1,100,-16622.000000
1752788202.133902,503094.000,15440,1,EL,1,100,-16622.599609
1752788202.200902,503161.000,15458,2,EL,1,100,-16624.599609
1752788202.267903,503228.000,15458,2,EL,1,100,-16627.800781
1752788202.333903,503294.000,15474,1,EL,1,100,-16621.599609
1752788202.400904,503361.000,15491,2,EL,1,100,-16626.000000
1752788202.467905,503428.000,15491,2,EL,1,100,-16631.800781
1752788202.533905,503494.000,15507,1,EL,1,100,-16625.199219
1752788202.600906,503561.000,15525,2,EL,1,100,-16623.800781
1752788202.667906,503628.000,15525,2,EL,1,100,-16630.199219
1752788202.733907,503694.000,15541,1,EL,1,100,-16626.199219
1752788202.800907,503761.000,15556,2,EL,1,100,-16627.000000
1752788202.867908,503828.000,15556,2,EL,1,100,-16632.400391
1752788202.933908,503894.000,15573,1,EL,1,100,-16627.000000
1752788203.000909,503961.000,15592,2,EL,1,100,-16628.000000
1752788203.067909,504028.000,15592,2,EL,1,100,-16634.000000
1752788203.133910,504094.000,15608,1,EL,1,100,-16629.599609
1752788203.200911,504161.000,15625,2,EL,1,100,-16633.000000
1752788203.267911,504228.000,15625,2,EL,1,100,-16633.800781
1752788203.333912,504294.000,15640,1,EL,1,100,-16627.000000
1752788203.400912,504361.000,15657,2,EL,1,100,-16628.400391
1752788203.467913,504428.000,15657,2,EL,1,100,-16634.599609
1752788203.533913,504494.000,15673,1,EL,1,100,-16626.599609
1752788203.600914,504561.000,15692,2,EL,1,100,-16627.599609
1752788203.667914,504628.000,15692,2,EL,1,100,-16637.400391
1752788203.734415,504694.500,15707,2,EL,1,100,-16635.599609
1752788203.800916,504761.000,15707,2,EL,1,100,-16631.199219
1752788203.867916,504828.000,15724,1,EL,1,100,-16636.400391
1752788203.934417,504894.500,15741,2,EL,1,100,-16630.400391
1752788204.000917,504961.000,15741,2,EL,1,100,-16631.599609
1752788204.067918,505028.000,15758,1,EL,1,100,-16633.400391
1752788204.134418,505094.500,15772,2,EL,1,100,-16634.599609
1752788204.200919,505161.000,15772,2,EL,1,100,-16634.800781
1752788204.267919,505228.000,15792,1,EL,1,100,-16639.199219
1752788204.334420,505294.500,15808,2,EL,1,100,-16635.199219
1752788204.400920,505361.000,15808,2,EL,1,100,-16635.000000
1752788204.467921,505428.000,15825,1,EL,1,100,-16642.800781
1752788204.534422,505494.500,15840,2,EL,1,100,-16640.800781
1752788204.600922,505561.000,15840,2,EL,1,100,-16636.400391
1752788204.667923,505628.000,15857,1,EL,1,100,-16642.000000
1752788204.734423,505694.500,15875,2,EL,1,100,-16639.000000
1752788204.800924,505761.000,15875,2,EL,1,100,-16638.199219
1752788204.867924,505828.000,15892,1,EL,1,100,-16642.599609
1752788204.934425,505894.500,15907,2,EL,1,100,-16640.199219
1752788205.000925,505961.000,15907,2,EL,1,100,-16639.400391
1752788205.067926,506028.000,15924,1,EL,1,100,-16640.400391
1752788205.134427,506094.500,15940,2,EL,1,100,-16641.199219
1752788205.200927,506161.000,15940,2,EL,1,100,-16641.800781
1752788205.267928,506228.000,15958,1,EL,1,100,-16644.199219
1752788205.334428,506294.500,15974,2,EL,1,100,-16643.199219
1752788205.400929,506361.000,15974,2,EL,1,100,-16638.800781
1752788205.467929,506428.000,15991,1,EL,1,100,-16646.000000
1752788205.534430,506494.500,16008,2,EL,1,100,-16645.800781
1752788205.600930,506561.000,16008,2,EL,1,100,-16643.199219
1752788205.667931,506628.000,16025,1,EL,1,100,-16646.000000
1752788205.734431,506694.500,16040,2,EL,1,100,-16646.400391
1752788205.800932,506761.000,16040,2,EL,1,100,-16644.599609
1752788205.867433,506827.500,16057,2,EL,1,100,-16645.400391
1752788205.933933,506894.000,16057,2,EL,1,100,-16647.400391
1752788206.000934,506961.000,16077,1,EL,1,100,-16644.599609
1752788206.067434,507027.500,16094,2,EL,1,100,-16646.400391
1752788206.133935,507094.000,16094,2,EL,1,100,-16642.800781
1752788206.200935,507161.000,16110,1,EL,1,100,-16646.400391
1752788206.267436,507227.500,16126,2,EL,1,100,-16648.599609
1752788206.333936,507294.000,16126,2,EL,1,100,-16645.599609
1752788206.400937,507361.000,16142,1,EL,1,100,-16644.000000
1752788206.467438,507427.500,16166,2,EL,1,100,-16648.199219
1752788206.533938,507494.000,16166,2,EL,1,100,-16649.800781
1752788206.600939,507561.000,16183,1,EL,1,100,-16644.199219
1752788206.667439,507627.500,16198,2,EL,1,100,-16644.400391
1752788206.733940,507694.000,16198,2,EL,1,100,-16652.000000
1752788206.800940,507761.000,16214,1,EL,1,100,-16651.400391
1752788206.867441,507827.500,16232,2,EL,1,100,-16651.800781
1752788206.933941,507894.000,16232,2,EL,1,100,-16648.199219
1752788207.000942,507961.000,16248,1,EL,1,100,-16650.199219
1752788207.067442,508027.500,16265,2,EL,1,100,-16652.800781
1752788207.133943,508094.000,16265,2,EL,1,100,-16651.400391
1752788207.200944,508161.000,16281,1,EL,1,100,-16651.199219
1752788207.267444,508227.500,16299,2,EL,1,100,-16656.400391
1752788207.333945,508294.000,16299,2,EL,1,100,-16654.199219
1752788207.400945,508361.000,16315,1,EL,1,100,-16653.400391
1752788207.467446,508427.500,16332,2,EL,1,100,-16653.000000
1752788207.533946,508494.000,16332,2,EL,1,100,-16656.000000
1752788207.600947,508561.000,16349,1,EL,1,100,-16652.199219
1752788207.667447,508627.500,16366,2,EL,1,100,-16654.599609
1752788207.733948,508694.000,16366,2,EL,1,100,-16656.800781
1752788207.800948,508761.000,16382,1,EL,1,100,-16652.800781
1752788207.867449,508827.500,16399,2,EL,1,100,-16651.400391
1752788207.933950,508894.000,16399,2,EL,1,100,-16653.000000
1752788208.000950,508961.000,16414,1,EL,1,100,-16656.000000
1752788208.067451,509027.500,16431,2,EL,1,100,-16659.199219
1752788208.133951,509094.000,16431,2,EL,1,100,-16663.800781
1752788208.200452,509160.500,16448,2,EL,1,100,-16659.199219
1752788208.266952,509227.000,16448,2,EL,1,100,-16656.199219
1752788208.333953,509294.000,16465,1,EL,1,100,-16657.000000
1752788208.400453,509360.500,16479,2,EL,1,100,-16660.400391
1752788208.466954,509427.000,16479,2,EL,1,100,-16661.599609
1752788208.533955,509494.000,16496,1,EL,1,100,-16659.599609
1752788208.600455,509560.500,16513,2,EL,1,100,-16658.599609
1752788208.666956,509627.000,16513,2,EL,1,100,-16659.400391
1752788208.733956,509694.000,16532,1,EL,1,100,-16660.000000
1752788208.800457,509760.500,16546,2,EL,1,100,-16661.400391
1752788208.866957,509827.000,16546,2,EL,1,100,-16661.800781
1752788208.933958,509894.000,16564,1,EL,1,100,-16663.000000
1752788209.000458,509960.500,16580,2,EL,1,100,-16659.000000
1752788209.066959,510027.000,16580,2,EL,1,100,-16661.400391
1752788209.133959,510094.000,16597,1,EL,1,100,-16666.199219
1752788209.200460,510160.500,16612,2,EL,1,100,-16663.400391
1752788209.266961,510227.000,16612,2,EL,1,100,-16662.199219
1752788209.333961,510294.000,16631,1,EL,1,100,-16663.800781
1752788209.400462,510360.500,16647,2,EL,1,100,-16662.000000
1752788209.466962,510427.000,16647,2,EL,1,100,-16663.599609
1752788209.533963,510494.000,16664,1,EL,1,100,-16670.400391
1752788209.600463,510560.500,16679,2,EL,1,100,-16665.599609
1752788209.666964,510627.000,16679,2,EL,1,100,-16664.199219
1752788209.733964,510694.000,16696,1,EL,1,100,-16669.599609
1752788209.800465,510760.500,16714,2,EL,1,100,-16672.199219
1752788209.866966,510827.000,16714,2,EL,1,100,-16674.199219
1752788209.933966,510894.000,16732,1,EL,1,100,-16667.599609
1752788210.000467,510960.500,16746,2,EL,1,100,-16668.400391
1752788210.066967,511027.000,16746,2,EL,1,100,-16668.599609
1752788210.133968,511094.000,16763,1,EL,1,100,-16675.599609
1752788210.200468,511160.500,16780,2,EL,1,100,-16676.000000
1752788210.266969,511227.000,16780,2,EL,1,100,-16674.000000
1752788210.333969,511294.000,16797,1,EL,1,100,-16669.400391
1752788210.400470,511360.500,16814,2,EL,1,100,-16669.000000
1752788210.466970,511427.000,16814,2,EL,1,100,-16668.800781
1752788210.533971,511494.000,16830,1,EL,1,100,-16672.800781
1752788210.600472,511560.500,16847,2,EL,1,100,-16669.400391
1752788210.666972,511627.000,16847,2,EL,1,100,-16671.800781
1752788210.733473,511693.500,16864,2,EL,1,100,-16677.599609
1752788210.799973,511760.000,16864,2,EL,1,100,-16677.000000
1752788210.866974,511827.000,16880,1,EL,1,100,-16673.599609
1752788210.933474,511893.500,16900,2,EL,1,100,-16674.000000
1752788210.999975,511960.000,16900,2,EL,1,100,-16670.199219
1752788211.066975,512027.000,16916,1,EL,1,100,-16674.400391
1752788211.133476,512093.500,16933,2,EL,1,100,-16677.199219
1752788211.199977,512160.000,16933,2,EL,1,100,-16679.599609
1752788211.266977,512227.000,16950,1,EL,1,100,-16674.199219
1752788211.333478,512293.500,16965,2,EL,1,100,-16675.000000
1752788211.399978,512360.000,16965,2,EL,1,100,-16674.599609
1752788211.466979,512427.000,16981,1,EL,1,100,-16679.800781
1752788211.533479,512493.500,17001,2,EL,1,100,-16678.800781
1752788211.599980,512560.000,17001,2,EL,1,100,-16678.599609
1752788211.666980,512627.000,17022,1,EL,1,100,-16678.199219
1752788211.733481,512693.500,17037,2,EL,1,100,-16679.199219
1752788211.799981,512760.000,17037,2,EL,1,100,-16675.199219
1752788211.866982,512827.000,17053,1,EL,1,100,-16678.400391
1752788211.933483,512893.500,17071,2,EL,1,100,-16677.599609
1752788211.999983,512960.000,17071,2,EL,1,100,-16676.400391
1752788212.066984,513027.000,17089,1,EL,1,100,-16677.199219
1752788212.133484,513093.500,17104,2,EL,1,100,-16679.800781
1752788212.199985,513160.000,17104,2,EL,1,100,-16685.199219
1752788212.266985,513227.000,17121,1,EL,1,100,-16678.400391
1752788212.333486,513293.500,17138,2,EL,1,100,-16676.000000
1752788212.399986,513360.000,17138,2,EL,1,100,-16678.599609
1752788212.466987,513427.000,17154,1,EL,1,100,-16683.400391
1752788212.533488,513493.500,17171,2,EL,1,100,-16685.199219
1752788212.599988,513560.000,17171,2,EL,1,100,-16688.199219
1752788212.666989,513627.000,17188,1,EL,1,100,-16684.400391
1752788212.733489,513693.500,17205,2,EL,1,100,-16683.800781
1752788212.799990,513760.000,17205,2,EL,1,100,-16689.199219
1752788212.866990,513827.000,17221,1,EL,1,100,-16683.800781
1752788212.933491,513893.500,17238,2,EL,1,100,-16679.400391
1752788212.999991,513960.000,17238,2,EL,1,100,-16681.400391
1752788213.066492,514026.500,17253,2,EL,1,100,-16683.599609
1752788213.132992,514093.000,17253,2,EL,1,100,-16686.199219
1752788213.199993,514160.000,17270,1,EL,1,100,-16690.199219
1752788213.266494,514226.500,17289,2,EL,1,100,-16685.000000
1752788213.332994,514293.000,17289,2,EL,1,100,-16682.800781
1752788213.399995,514360.000,17306,1,EL,1,100,-16692.400391
1752788213.466495,514426.500,17320,2,EL,1,100,-16687.199219
1752788213.532996,514493.000,17320,2,EL,1,100,-16684.800781
1752788213.599996,514560.000,17338,1,EL,1,100,-16692.400391
1752788213.666497,514626.500,17354,2,EL,1,100,-16687.800781
1752788213.732997,514693.000,17354,2,EL,1,100,-16686.800781
1752788213.799998,514760.000,17373,1,EL,1,100,-16692.199219
1752788213.866499,514826.500,17388,2,EL,1,100,-16688.000000
1752788213.932999,514893.000,17388,2,EL,1,100,-16686.800781
1752788214.000000,514960.000,17405,1,EL,1,100,-16690.599609
1752788214.066500,515026.500,17421,2,EL,1,100,-16691.400391
1752788214.133001,515093.000,17421,2,EL,1,100,-16690.000000
1752788214.200001,515160.000,17438,1,EL,1,100,-16696.000000
1752788214.266502,515226.500,17455,2,EL,1,100,-16693.000000
1752788214.333002,515293.000,17455,2,EL,1,100,-16689.199219
1752788214.400003,515360.000,17472,1,EL,1,100,-16691.000000
1752788214.466503,515426.500,17488,2,EL,1,100,-16692.599609
1752788214.533004,515493.000,17488,2,EL,1,100,-16693.199219
1752788214.600005,515560.000,17506,1,EL,1,100,-16697.000000
1752788214.666505,515626.500,17520,2,EL,1,100,-16691.800781
1752788214.733006,515693.000,17520,2,EL,1,100,-16690.199219
1752788214.800006,515760.000,17537,1,EL,1,100,-16692.199219
1752788214.866507,515826.500,17554,2,EL,1,100,-16693.000000
1752788214.933007,515893.000,17554,2,EL,1,100,-16689.000000
1752788215.000008,515960.000,17573,1,EL,1,100,-16692.199219
1752788215.066508,516026.500,17588,2,EL,1,100,-16694.000000
1752788215.133009,516093.000,17588,2,EL,1,100,-16695.400391
1752788215.200009,516160.000,17604,1,EL,1,100,-16701.000000
1752788215.266510,516226.500,17621,2,EL,1,100,-16697.400391
1752788215.333011,516293.000,17621,2,EL,1,100,-16693.199219
1752788215.400011,516360.000,17640,1,EL,1,100,-16695.199219
1752788215.466512,516426.500,17655,2,EL,1,100,-16697.000000
1752788215.533012,516493.000,17655,2,EL,1,100,-16700.599609
1752788215.599513,516559.500,17672,2,EL,1,100,-16699.800781
1752788215.666013,516626.000,17672,2,EL,1,100,-16697.000000
1752788215.733014,516693.000,17688,1,EL,1,100,-16698.000000
1752788215.799514,516759.500,17705,2,EL,1,100,-16699.800781
1752788215.866015,516826.000,17705,2,EL,1,100,-16698.800781
1752788215.933016,516893.000,17722,1,EL,1,100,-16695.199219
1752788215.999516,516959.500,17739,2,EL,1,100,-16697.599609
1752788216.066017,517026.000,17739,2,EL,1,100,-16701.000000
1752788216.133017,517093.000,17757,1,EL,1,100,-16698.000000
1752788216.199518,517159.500,17775,2,EL,1,100,-16700.800781
1752788216.266018,517226.000,17775,2,EL,1,100,-16703.000000
1752788216.333019,517293.000,17791,1,EL,1,100,-16698.199219
1752788216.399519,517359.500,17806,2,EL,1,100,-16697.400391
1752788216.466020,517426.000,17806,2,EL,1,100,-16701.000000
1752788216.533020,517493.000,17824,1,EL,1,100,-16703.400391
1752788216.599521,517559.500,17842,2,EL,1,100,-16701.199219
1752788216.666022,517626.000,17842,2,EL,1,100,-16704.400391
1752788216.732689,517692.667,17862,3,EL,1,100,-16703.800781
1752788216.799356,517759.333,17862,3,EL,1,100,-16703.800781
1752788216.866023,517826.000,17862,3,EL,1,100,-16703.000000
1752788216.933024,517893.000,17879,1,EL,1,100,-16710.199219
1752788216.999524,517959.500,17896,2,EL,1,100,-16704.400391
1752788217.066025,518026.000,17896,2,EL,1,100,-16705.199219
1752788217.133025,518093.000,17914,1,EL,1,100,-16703.000000
1752788217.199526,518159.500,17930,2,EL,1,100,-16705.199219
1752788217.266027,518226.000,17930,2,EL,1,100,-16706.599609
1752788217.333027,518293.000,17946,1,EL,1,100,-16702.800781
1752788217.399528,518359.500,17963,2,EL,1,100,-16705.800781
1752788217.466028,518426.000,17963,2,EL,1,100,-16705.599609
1752788217.533029,518493.000,17979,1,EL,1,100,-16705.800781
1752788217.599529,518559.500,17995,2,EL,1,100,-16709.199219
1752788217.666030,518626.000,17995,2,EL,1,100,-16709.400391
1752788217.733030,518693.000,18013,1,EL,1,100,-16706.199219
1752788217.799531,518759.500,18030,2,EL,1,100,-16705.199219
1752788217.866031,518826.000,18030,2,EL,1,100,-16711.599609
1752788217.933032,518893.000,18047,1,EL,1,100,-16705.599609
1752788217.999533,518959.500,18062,2,EL,1,100,-16707.800781
1752788218.066033,519026.000,18062,2,EL,1,100,-16706.599609
1752788218.133034,519093.000,18078,1,EL,1,100,-16705.800781
1752788218.199534,519159.500,18098,2,EL,1,100,-16706.199219
1752788218.266035,519226.000,18098,2,EL,1,100,-16704.800781
1752788218.333035,519293.000,18114,1,EL,1,100,-16703.800781
1752788218.399536,519359.500,18130,2,EL,1,100,-16705.000000
1752788218.466036,519426.000,18130,2,EL,1,100,-16708.000000
1752788218.533037,519493.000,18145,1,EL,1,100,-16709.599609
1752788218.599538,519559.500,18163,2,EL,1,100,-16710.599609
1752788218.666038,519626.000,18163,2,EL,1,100,-16716.000000
1752788218.732539,519692.500,18181,2,EL,1,100,-16708.000000
1752788218.799039,519759.000,18181,2,EL,1,100,-16707.800781
1752788218.866040,519826.000,18198,1,EL,1,100,-16718.000000
1752788218.932540,519892.500,18213,2,EL,1,100,-16714.800781
1752788218.999041,519959.000,18213,2,EL,1,100,-16705.800781
1752788219.066041,520026.000,18230,1,EL,1,100,-16708.599609
1752788219.133042,520093.000,18246,2,EL,1,100,-16712.400391
1752788219.200042,520160.000,18246,2,EL,1,100,-16713.199219
1752788219.266043,520226.000,18266,1,EL,1,100,-16712.400391
1752788219.332544,520292.500,18280,2,EL,1,100,-16709.800781
1752788219.399044,520359.000,18280,2,EL,1,100,-16711.400391
1752788219.466045,520426.000,18297,1,EL,1,100,-16713.599609
1752788219.532545,520492.500,18314,2,EL,1,100,-16714.000000
1752788219.599046,520559.000,18314,2,EL,1,100,-16712.800781
1752788219.666046,520626.000,18331,1,EL,1,100,-16713.599609
1752788219.732547,520692.500,18347,2,EL,1,100,-16716.800781
1752788219.799047,520759.000,18347,2,EL,1,100,-16714.000000
1752788219.866048,520826.000,18364,1,EL,1,100,-16721.599609
1752788219.932549,520892.500,18381,2,EL,1,100,-16719.000000
1752788219.999049,520959.000,18381,2,EL,1,100,-16713.400391
1752788220.066050,521026.000,18398,1,EL,1,100,-16714.400391
1752788220.132550,521092.500,18412,2,EL,1,100,-16718.199219
1752788220.199051,521159.000,18412,2,EL,1,100,-16717.599609
1752788220.266051,521226.000,18430,1,EL,1,100,-16717.400391
1752788220.332552,521292.500,18446,2,EL,1,100,-16718.800781
1752788220.399052,521359.000,18446,2,EL,1,100,-16718.599609
1752788220.466053,521426.000,18465,1,EL,1,100,-16717.800781
1752788220.532553,521492.500,18481,2,EL,1,100,-16716.000000
1752788220.599054,521559.000,18481,2,EL,1,100,-16717.000000
1752788220.666055,521626.000,18497,2,EL,1,100,-16719.800781
1752788220.733055,521693.000,18497,2,EL,1,100,-16719.599609
1752788220.799056,521759.000,18513,1,EL,1,100,-16719.000000
1752788220.866056,521826.000,18531,2,EL,1,100,-16722.400391
1752788220.933057,521893.000,18531,2,EL,1,100,-16724.000000
1752788220.999057,521959.000,18551,1,EL,1,100,-16718.800781
1752788221.066058,522026.000,18566,2,EL,1,100,-16721.000000
1752788221.133058,522093.000,18566,2,EL,1,100,-16721.199219
1752788221.199059,522159.000,18582,1,EL,1,100,-16721.199219
1752788221.266060,522226.000,18600,2,EL,1,100,-16724.400391
1752788221.333060,522293.000,18600,2,EL,1,100,-16721.199219
1752788221.399061,522359.000,18616,1,EL,1,100,-16722.000000
1752788221.466061,522426.000,18633,2,EL,1,100,-16723.400391
1752788221.533062,522493.000,18633,2,EL,1,100,-16720.199219
1752788221.599062,522559.000,18650,1,EL,1,100,-16723.199219
1752788221.665563,522625.500,18667,2,EL,1,100,-16725.800781
1752788221.732063,522692.000,18667,2,EL,1,100,-16724.599609
1752788221.799064,522759.000,18683,1,EL,1,100,-16724.199219
1752788221.866064,522826.000,18706,2,EL,1,100,-16724.199219
1752788221.933065,522893.000,18706,2,EL,1,100,-16729.800781
1752788221.999066,522959.000,18722,1,EL,1,100,-16724.599609
1752788222.066066,523026.000,18741,2,EL,1,100,-16725.000000
1752788222.133067,523093.000,18741,2,EL,1,100,-16727.400391
1752788222.199067,523159.000,18757,1,EL,1,100,-16727.199219
1752788222.266068,523226.000,18773,2,EL,1,100,-16724.199219
1752788222.333068,523293.000,18773,2,EL,1,100,-16723.000000
1752788222.399069,523359.000,18789,1,EL,1,100,-16725.000000
1752788222.465569,523425.500,18806,2,EL,1,100,-16729.800781
1752788222.532070,523492.000,18806,2,EL,1,100,-16729.199219
1752788222.599070,523559.000,18825,1,EL,1,100,-16730.199219
1752788222.665571,523625.500,18841,2,EL,1,100,-16727.199219
1752788222.732072,523692.000,18841,2,EL,1,100,-16727.199219
1752788222.799072,523759.000,18856,1,EL,1,100,-16729.199219
1752788222.865573,523825.500,18874,2,EL,1,100,-16728.199219
1752788222.932073,523892.000,18874,2,EL,1,100,-16730.199219
1752788222.999074,523959.000,18890,2,EL,1,100,-16731.000000
1752788223.066074,524026.000,18890,2,EL,1,100,-16727.599609
1752788223.132075,524092.000,18907,1,EL,1,100,-16738.000000
1752788223.199075,524159.000,18924,2,EL,1,100,-16737.400391
1752788223.266076,524226.000,18924,2,EL,1,100,-16730.599609
1752788223.332077,524292.000,18941,1,EL,1,100,-16732.199219
1752788223.399077,524359.000,18957,2,EL,1,100,-16734.400391
1752788223.466078,524426.000,18957,2,EL,1,100,-16733.800781
1752788223.533078,524493.000,18974,1,EL,1,100,-16732.000000
1752788223.599579,524559.500,18989,2,EL,1,100,-16732.800781
1752788223.666079,524626.000,18989,2,EL,1,100,-16731.800781
1752788223.732080,524692.000,19006,1,EL,1,100,-16741.199219
1752788223.799080,524759.000,19022,2,EL,1,100,-16737.400391
1752788223.866081,524826.000,19022,2,EL,1,100,-16734.599609
1752788223.932081,524892.000,19042,1,EL,1,100,-16734.199219
1752788223.999082,524959.000,19056,2,EL,1,100,-16732.199219
1752788224.066083,525026.000,19056,2,EL,1,100,-16734.199219
1752788224.132083,525092.000,19073,1,EL,1,100,-16741.400391
1752788224.199084,525159.000,19090,2,EL,1,100,-16741.599609
1752788224.266084,525226.000,19090,2,EL,1,100,-16738.000000
1752788224.332085,525292.000,19107,1,EL,1,100,-16736.800781
1752788224.399085,525359.000,19123,2,EL,1,100,-16736.800781
1752788224.466086,525426.000,19123,2,EL,1,100,-16737.800781
1752788224.532086,525492.000,19140,1,EL,1,100,-16741.199219
1752788224.599087,525559.000,19157,2,EL,1,100,-16740.400391
1752788224.666088,525626.000,19157,2,EL,1,100,-16737.000000
1752788224.732088,525692.000,19174,1,EL,1,100,-16741.599609
1752788224.798589,525758.500,19189,2,EL,1,100,-16744.599609
1752788224.865089,525825.000,19189,2,EL,1,100,-16738.199219
1752788224.932090,525892.000,19206,1,EL,1,100,-16738.400391
1752788224.998590,525958.500,19224,2,EL,1,100,-16739.400391
1752788225.065091,526025.000,19224,2,EL,1,100,-16737.800781
1752788225.132091,526092.000,19241,1,EL,1,100,-16741.199219
1752788225.199092,526159.000,19257,2,EL,1,100,-16743.800781
1752788225.266092,526226.000,19257,2,EL,1,100,-16741.599609
1752788225.332593,526292.500,19273,2,EL,1,100,-16740.000000
1752788225.399094,526359.000,19273,2,EL,1,100,-16738.000000
1752788225.465094,526425.000,19289,1,EL,1,100,-16740.199219
1752788225.532095,526492.000,19307,2,EL,1,100,-16745.400391
1752788225.599095,526559.000,19307,2,EL,1,100,-16745.599609
1752788225.665096,526625.000,19325,1,EL,1,100,-16740.599609
1752788225.732096,526692.000,19340,2,EL,1,100,-16743.199219
1752788225.799097,526759.000,19340,2,EL,1,100,-16742.000000
1752788225.865097,526825.000,19356,1,EL,1,100,-16743.599609
1752788225.932098,526892.000,19376,2,EL,1,100,-16739.000000
1752788225.999099,526959.000,19376,2,EL,1,100,-16741.400391
1752788226.065099,527025.000,19392,1,EL,1,100,-16744.400391
1752788226.132100,527092.000,19407,2,EL,1,100,-16748.599609
1752788226.199100,527159.000,19407,2,EL,1,100,-16751.400391
1752788226.265101,527225.000,19426,1,EL,1,100,-16747.000000
1752788226.332101,527292.000,19443,2,EL,1,100,-16744.199219
1752788226.399102,527359.000,19443,2,EL,1,100,-16746.000000
1752788226.465102,527425.000,19459,1,EL,1,100,-16749.000000
1752788226.532103,527492.000,19475,2,EL,1,100,-16750.599609
1752788226.599103,527559.000,19475,2,EL,1,100,-16752.599609
1752788226.665104,527625.000,19491,1,EL,1,100,-16747.199219
1752788226.732105,527692.000,19508,2,EL,1,100,-16749.599609
1752788226.799105,527759.000,19508,2,EL,1,100,-16752.800781
1752788226.865106,527825.000,19526,1,EL,1,100,-16746.599609
1752788226.932106,527892.000,19547,2,EL,1,100,-16747.599609
1752788226.999107,527959.000,19547,2,EL,1,100,-16744.800781
1752788227.065107,528025.000,19563,1,EL,1,100,-16746.800781
1752788227.132108,528092.000,19580,2,EL,1,100,-16748.599609
1752788227.199108,528159.000,19580,2,EL,1,100,-16753.400391
1752788227.265109,528225.000,19597,1,EL,1,100,-16748.400391
1752788227.332110,528292.000,19613,2,EL,1,100,-16749.199219
1752788227.399110,528359.000,19613,2,EL,1,100,-16754.599609
1752788227.465611,528425.500,19630,2,EL,1,100,-16749.000000
1752788227.532111,528492.000,19630,2,EL,1,100,-16748.800781
1752788227.599112,528559.000,19648,1,EL,1,100,-16754.800781
1752788227.665612,528625.500,19664,2,EL,1,100,-16750.400391
1752788227.732113,528692.000,19664,2,EL,1,100,-16751.000000
1752788227.799113,528759.000,19681,1,EL,1,100,-16757.400391
1752788227.865614,528825.500,19696,2,EL,1,100,-16754.599609
1752788227.932114,528892.000,19696,2,EL,1,100,-16753.800781
1752788227.999115,528959.000,19715,1,EL,1,100,-16753.000000
1752788228.065616,529025.500,19731,2,EL,1,100,-16754.000000
1752788228.132116,529092.000,19731,2,EL,1,100,-16754.599609
1752788228.199117,529159.000,19748,1,EL,1,100,-16757.000000
1752788228.265617,529225.500,19763,2,EL,1,100,-16754.800781
1752788228.332118,529292.000,19763,2,EL,1,100,-16752.800781
1752788228.399118,529359.000,19780,1,EL,1,100,-16760.599609
1752788228.465619,529425.500,19796,2,EL,1,100,-16753.599609
1752788228.532119,529492.000,19796,2,EL,1,100,-16755.800781
1752788228.599120,529559.000,19816,1,EL,1,100,-16758.599609
1752788228.665620,529625.500,19830,2,EL,1,100,-16753.599609
1752788228.732121,529692.000,19830,2,EL,1,100,-16753.199219
1752788228.799122,529759.000,19847,1,EL,1,100,-16756.199219
1752788228.865622,529825.500,19864,2,EL,1,100,-16752.199219
1752788228.932123,529892.000,19864,2,EL,1,100,-16753.599609
1752788228.999123,529959.000,19881,1,EL,1,100,-16757.000000
1752788229.065624,530025.500,19895,2,EL,1,100,-16756.599609
1752788229.132124,530092.000,19895,2,EL,1,100,-16757.000000
1752788229.199125,530159.000,19914,1,EL,1,100,-16758.400391
1752788229.265625,530225.500,19931,2,EL,1,100,-16755.199219
1752788229.332126,530292.000,19931,2,EL,1,100,-16757.400391
1752788229.399127,530359.000,19948,1,EL,1,100,-16762.000000
1752788229.465627,530425.500,19963,2,EL,1,100,-16760.000000
1752788229.532128,530492.000,19963,2,EL,1,100,-16760.599609
1752788229.598128,530558.000,19980,1,EL,1,100,-16762.000000
1752788229.665129,530625.000,19996,2,EL,1,100,-16760.400391
1752788229.732129,530692.000,19996,2,EL,1,100,-16760.800781
1752788229.798630,530758.500,20015,2,EL,1,100,-16761.800781
1752788229.865130,530825.000,20015,2,EL,1,100,-16762.000000
1752788229.932131,530892.000,20032,1,EL,1,100,-16758.000000
1752788229.998631,530958.500,20047,2,EL,1,100,-16759.400391
1752788230.065132,531025.000,20047,2,EL,1,100,-16758.599609
1752788230.132133,531092.000,20063,1,EL,1,100,-16760.599609
1752788230.198633,531158.500,20081,2,EL,1,100,-16764.599609
1752788230.265134,531225.000,20081,2,EL,1,100,-16767.199219
1752788230.332134,531292.000,20097,1,EL,1,100,-16762.400391
1752788230.398635,531358.500,20112,2,EL,1,100,-16762.800781
1752788230.465135,531425.000,20112,2,EL,1,100,-16759.800781
1752788230.532136,531492.000,20130,1,EL,1,100,-16762.199219
1752788230.598636,531558.500,20148,2,EL,1,100,-16763.000000
1752788230.665137,531625.000,20148,2,EL,1,100,-16766.000000
1752788230.732138,531692.000,20164,1,EL,1,100,-16763.199219
1752788230.798638,531758.500,20179,2,EL,1,100,-16763.400391
1752788230.865139,531825.000,20179,2,EL,1,100,-16769.199219
1752788230.932139,531892.000,20196,1,EL,1,100,-16763.199219
1752788230.998640,531958.500,20215,2,EL,1,100,-16760.800781
1752788231.065140,532025.000,20215,2,EL,1,100,-16765.000000
1752788231.132141,532092.000,20233,1,EL,1,100,-16764.400391
1752788231.198641,532158.500,20249,2,EL,1,100,-16765.599609
1752788231.265142,532225.000,20249,2,EL,1,100,-16771.400391
1752788231.332142,532292.000,20265,1,EL,1,100,-16766.400391
1752788231.398643,532358.500,20282,2,EL,1,100,-16764.800781
1752788231.465144,532425.000,20282,2,EL,1,100,-16767.000000
1752788231.532144,532492.000,20298,1,EL,1,100,-16770.000000
1752788231.598645,532558.500,20316,2,EL,1,100,-16766.800781
1752788231.665145,532625.000,20316,2,EL,1,100,-16773.599609
1752788231.732146,532692.000,20332,1,EL,1,100,-16771.199219
1752788231.798646,532758.500,20349,2,EL,1,100,-16765.400391
1752788231.865147,532825.000,20349,2,EL,1,100,-16770.800781
1752788231.931647,532891.500,20366,2,EL,1,100,-16767.199219
1752788231.998148,532958.000,20366,2,EL,1,100,-16766.400391
1752788232.065149,533025.000,20383,1,EL,1,100,-16773.000000
1752788232.131649,533091.500,20402,2,EL,1,100,-16770.199219
1752788232.198150,533158.000,20402,2,EL,1,100,-16767.400391
1752788232.265150,533225.000,20420,1,EL,1,100,-16768.400391
1752788232.331651,533291.500,20438,2,EL,1,100,-16767.800781
1752788232.398151,533358.000,20438,2,EL,1,100,-16771.800781
1752788232.465152,533425.000,20455,1,EL,1,100,-16772.000000
1752788232.531652,533491.500,20470,2,EL,1,100,-16772.599609
1752788232.598153,533558.000,20470,2,EL,1,100,-16768.199219
1752788232.665153,533625.000,20487,1,EL,1,100,-16774.800781
1752788232.731654,533691.500,20503,2,EL,1,100,-16769.000000
1752788232.798155,533758.000,20503,2,EL,1,100,-16771.000000
1752788232.865155,533825.000,20520,1,EL,1,100,-16777.199219
1752788232.931656,533891.500,20537,2,EL,1,100,-16774.199219
1752788232.998156,533958.000,20537,2,EL,1,100,-16771.599609
1752788233.065157,534025.000,20554,1,EL,1,100,-16772.000000
1752788233.131657,534091.500,20570,2,EL,1,100,-16772.599609
1752788233.198158,534158.000,20570,2,EL,1,100,-16772.400391
1752788233.265158,534225.000,20588,1,EL,1,100,-16777.400391
1752788233.331659,534291.500,20602,2,EL,1,100,-16776.599609
1752788233.398160,534358.000,20602,2,EL,1,100,-16771.599609
1752788233.465160,534425.000,20619,1,EL,1,100,-16772.400391
1752788233.531661,534491.500,20638,2,EL,1,100,-16770.800781
1752788233.598161,534558.000,20638,2,EL,1,100,-16774.400391
1752788233.665162,534625.000,20655,1,EL,1,100,-16780.000000
1752788233.731662,534691.500,20670,2,EL,1,100,-16778.599609
1752788233.798163,534758.000,20670,2,EL,1,100,-16775.800781
1752788233.865163,534825.000,20686,1,EL,1,100,-16780.400391
1752788233.931664,534891.500,20703,2,EL,1,100,-16780.400391
1752788233.998164,534958.000,20703,2,EL,1,100,-16775.599609
1752788234.065165,535025.000,20720,1,EL,1,100,-16776.400391
1752788234.131666,535091.500,20737,2,EL,1,100,-16777.400391
1752788234.198166,535158.000,20737,2,EL,1,100,-16779.199219
1752788234.264667,535224.500,20754,2,EL,1,100,-16782.800781
1752788234.331167,535291.000,20754,2,EL,1,100,-16781.800781
1752788234.398168,535358.000,20770,1,EL,1,100,-16777.199219
1752788234.464668,535424.500,20787,2,EL,1,100,-16780.000000
1752788234.531169,535491.000,20787,2,EL,1,100,-16783.400391
1752788234.598169,535558.000,20804,1,EL,1,100,-16781.599609
1752788234.664670,535624.500,20821,2,EL,1,100,-16783.599609
1752788234.731171,535691.000,20821,2,EL,1,100,-16784.000000
1752788234.798171,535758.000,20837,1,EL,1,100,-16780.199219
1752788234.864672,535824.500,20855,2,EL,1,100,-16781.400391
1752788234.931172,535891.000,20855,2,EL,1,100,-16787.000000
1752788234.998173,535958.000,20871,1,EL,1,100,-16779.800781
1752788235.064673,536024.500,20886,2,EL,1,100,-16783.400391
1752788235.131174,536091.000,20886,2,EL,1,100,-16782.599609
1752788235.198174,536158.000,20902,1,EL,1,100,-16785.199219
1752788235.264675,536224.500,20922,2,EL,1,100,-16783.400391
1752788235.331175,536291.000,20922,2,EL,1,100,-16779.400391
1752788235.398176,536358.000,20938,1,EL,1,100,-16782.800781
1752788235.464677,536424.500,20953,2,EL,1,100,-16781.000000
1752788235.531177,536491.000,20953,2,EL,1,100,-16782.800781
1752788235.598178,536558.000,20970,1,EL,1,100,-16786.400391
1752788235.664678,536624.500,20987,2,EL,1,100,-16787.800781
1752788235.731179,536691.000,20987,2,EL,1,100,-16791.800781
1752788235.798179,536758.000,21003,1,EL,1,100,-16786.400391
1752788235.864680,536824.500,21021,2,EL,1,100,-16787.199219
1752788235.931180,536891.000,21021,2,EL,1,100,-16788.800781
1752788235.998181,536958.000,21039,1,EL,1,100,-16784.400391
1752788236.064681,537024.500,21056,2,EL,1,100,-16784.400391
1752788236.131182,537091.000,21056,2,EL,1,100,-16791.000000
1752788236.198183,537158.000,21072,1,EL,1,100,-16788.599609
1752788236.264683,537224.500,21089,2,EL,1,100,-16791.800781
1752788236.331184,537291.000,21089,2,EL,1,100,-16793.000000
1752788236.397684,537357.500,21106,2,EL,1,100,-16786.000000
1752788236.464185,537424.000,21106,2,EL,1,100,-16786.199219
1752788236.531185,537491.000,21123,1,EL,1,100,-16795.199219
1752788236.597686,537557.500,21140,2,EL,1,100,-16788.800781
1752788236.664186,537624.000,21140,2,EL,1,100,-16790.000000
1752788236.731187,537691.000,21157,1,EL,1,100,-16795.000000
1752788236.797688,537757.500,21171,2,EL,1,100,-16790.199219
1752788236.864188,537824.000,21171,2,EL,1,100,-16788.400391
1752788236.931189,537891.000,21191,1,EL,1,100,-16792.400391
1752788236.997689,537957.500,21207,2,EL,1,100,-16789.599609
1752788237.064190,538024.000,21207,2,EL,1,100,-16790.599609
1752788237.131190,538091.000,21224,1,EL,1,100,-16796.599609
1752788237.197691,538157.500,21244,2,EL,1,100,-16792.400391
1752788237.264191,538224.000,21244,2,EL,1,100,-16791.199219
1752788237.331192,538291.000,21261,1,EL,1,100,-16791.199219
1752788237.397692,538357.500,21277,2,EL,1,100,-16789.599609
1752788237.464193,538424.000,21277,2,EL,1,100,-16790.000000
1752788237.531194,538491.000,21296,1,EL,1,100,-16796.199219
1752788237.597694,538557.500,21311,2,EL,1,100,-16795.199219
1752788237.664195,538624.000,21311,2,EL,1,100,-16793.400391
1752788237.731195,538691.000,21328,1,EL,1,100,-16796.199219
1752788237.797696,538757.500,21344,2,EL,1,100,-16796.800781
1752788237.864196,538824.000,21344,2,EL,1,100,-16794.400391
1752788237.931197,538891.000,21362,1,EL,1,100,-16797.599609
1752788237.997697,538957.500,21379,2,EL,1,100,-16798.000000
1752788238.064198,539024.000,21379,2,EL,1,100,-16796.800781
1752788238.131199,539091.000,21395,1,EL,1,100,-16796.000000
1752788238.197699,539157.500,21412,2,EL,1,100,-16798.400391
1752788238.264200,539224.000,21412,2,EL,1,100,-16796.800781
1752788238.331200,539291.000,21429,1,EL,1,100,-16795.800781
1752788238.397701,539357.500,21444,2,EL,1,100,-16797.000000
1752788238.464201,539424.000,21444,2,EL,1,100,-16796.199219
1752788238.530702,539490.500,21463,2,EL,1,100,-16800.199219
1752788238.597202,539557.000,21463,2,EL,1,100,-16797.599609
1752788238.664203,539624.000,21479,1,EL,1,100,-16798.199219
1752788238.730703,539690.500,21496,2,EL,1,100,-16800.000000
1752788238.797204,539757.000,21496,2,EL,1,100,-16796.400391
1752788238.864205,539824.000,21512,1,EL,1,100,-16800.400391
1752788238.930705,539890.500,21528,2,EL,1,100,-16798.800781
1752788238.997206,539957.000,21528,2,EL,1,100,-16795.800781
1752788239.064206,540024.000,21544,1,EL,1,100,-16795.199219
1752788239.130707,540090.500,21561,2,EL,1,100,-16799.599609
1752788239.197207,540157.000,21561,2,EL,1,100,-16803.199219
1752788239.264208,540224.000,21580,1,EL,1,100,-16802.000000
1752788239.330708,540290.500,21595,2,EL,1,100,-16803.400391
1752788239.397209,540357.000,21595,2,EL,1,100,-16802.599609
1752788239.464210,540424.000,21611,1,EL,1,100,-16799.000000
1752788239.530710,540490.500,21629,2,EL,1,100,-16800.000000
1752788239.597211,540557.000,21629,2,EL,1,100,-16806.800781
1752788239.664211,540624.000,21645,1,EL,1,100,-16803.599609
1752788239.730712,540690.500,21662,2,EL,1,100,-16804.199219
1752788239.797212,540757.000,21662,2,EL,1,100,-16804.000000
1752788239.864213,540824.000,21678,1,EL,1,100,-16801.599609
1752788239.930713,540890.500,21696,2,EL,1,100,-16802.000000
1752788239.997214,540957.000,21696,2,EL,1,100,-16802.400391
1752788240.064214,541024.000,21712,1,EL,1,100,-16802.800781
1752788240.130715,541090.500,21727,2,EL,1,100,-16805.800781
1752788240.197216,541157.000,21727,2,EL,1,100,-16807.199219
1752788240.264216,541224.000,21744,1,EL,1,100,-16803.000000
1752788240.330717,541290.500,21763,2,EL,1,100,-16801.800781
1752788240.397217,541357.000,21763,2,EL,1,100,-16803.000000
1752788240.464218,541424.000,21779,1,EL,1,100,-16802.400391
1752788240.530718,541490.500,21796,2,EL,1,100,-16805.400391
1752788240.597219,541557.000,21796,2,EL,1,100,-16810.199219
1752788240.664219,541624.000,21811,1,EL,1,100,-16804.800781
1752788240.730720,541690.500,21828,2,EL,1,100,-16805.800781
1752788240.797221,541757.000,21828,2,EL,1,100,-16812.599609
1752788240.864221,541824.000,21844,1,EL,1,100,-16809.400391
1752788240.930722,541890.500,21865,2,EL,1,100,-16807.599609
1752788240.997222,541957.000,21865,2,EL,1,100,-16801.800781
1752788241.064223,542024.000,21880,2,EL,1,100,-16806.000000
1752788241.131223,542091.000,21880,2,EL,1,100,-16809.800781
1752788241.197224,542157.000,21897,1,EL,1,100,-16814.000000
1752788241.264224,542224.000,21914,2,EL,1,100,-16807.599609
1752788241.331225,542291.000,21914,2,EL,1,100,-16807.800781
1752788241.397225,542357.000,21931,1,EL,1,100,-16815.199219
1752788241.463726,542423.500,21945,2,EL,1,100,-16809.000000
1752788241.530227,542490.000,21945,2,EL,1,100,-16807.199219
1752788241.597227,542557.000,21965,1,EL,1,100,-16817.400391
1752788241.663728,542623.500,21981,2,EL,1,100,-16812.199219
1752788241.730228,542690.000,21981,2,EL,1,100,-16811.599609
1752788241.797229,542757.000,21998,1,EL,1,100,-16808.400391
1752788241.863729,542823.500,22013,2,EL,1,100,-16811.199219
1752788241.930230,542890.000,22013,2,EL,1,100,-16810.199219
1752788241.997230,542957.000,22030,1,EL,1,100,-16810.599609
1752788242.063731,543023.500,22046,2,EL,1,100,-16811.400391
1752788242.130231,543090.000,22046,2,EL,1,100,-16814.000000
1752788242.197232,543157.000,22065,1,EL,1,100,-16811.400391
1752788242.263733,543223.500,22080,2,EL,1,100,-16809.000000
1752788242.330233,543290.000,22080,2,EL,1,100,-16812.400391
1752788242.397234,543357.000,22102,1,EL,1,100,-16820.800781
1752788242.463734,543423.500,22118,2,EL,1,100,-16815.800781
1752788242.530235,543490.000,22118,2,EL,1,100,-16809.400391
1752788242.597235,543557.000,22136,1,EL,1,100,-16813.000000
1752788242.663736,543623.500,22150,2,EL,1,100,-16812.800781
1752788242.730236,543690.000,22150,2,EL,1,100,-16810.599609
1752788242.797237,543757.000,22169,1,EL,1,100,-16816.400391
1752788242.863738,543823.500,22186,2,EL,1,100,-16817.800781
1752788242.930238,543890.000,22186,2,EL,1,100,-16813.000000
1752788242.997239,543957.000,22203,1,EL,1,100,-16813.800781
1752788243.063739,544023.500,22218,2,EL,1,100,-16812.199219
1752788243.130240,544090.000,22218,2,EL,1,100,-16814.000000
1752788243.197240,544157.000,22234,1,EL,1,100,-16816.400391
1752788243.263741,544223.500,22251,2,EL,1,100,-16816.400391
1752788243.330241,544290.000,22251,2,EL,1,100,-16816.400391
1752788243.397242,544357.000,22270,2,EL,1,100,-16816.400391
1752788243.464242,544424.000,22270,2,EL,1,100,-16816.599609
1752788243.530243,544490.000,22286,1,EL,1,100,-16816.599609
1752788243.597244,544557.000,22302,2,EL,1,100,-16818.400391
1752788243.664244,544624.000,22302,2,EL,1,100,-16821.199219
1752788243.730245,544690.000,22318,1,EL,1,100,-16817.199219
1752788243.797245,544757.000,22335,2,EL,1,100,-16818.800781
1752788243.864246,544824.000,22335,2,EL,1,100,-16822.400391
1752788243.930246,544890.000,22352,1,EL,1,100,-16817.800781
1752788243.997247,544957.000,22369,2,EL,1,100,-16819.599609
1752788244.064247,545024.000,22369,2,EL,1,100,-16820.599609
1752788244.130248,545090.000,22385,1,EL,1,100,-16820.800781
1752788244.197249,545157.000,22403,2,EL,1,100,-16821.199219
1752788244.264249,545224.000,22403,2,EL,1,100,-16819.400391
1752788244.330250,545290.000,22419,1,EL,1,100,-16819.800781
1752788244.397250,545357.000,22434,2,EL,1,100,-16823.599609
1752788244.464251,545424.000,22434,2,EL,1,100,-16822.599609
1752788244.530251,545490.000,22450,1,EL,1,100,-16822.800781
1752788244.597252,545557.000,22470,2,EL,1,100,-16824.599609
1752788244.664252,545624.000,22470,2,EL,1,100,-16829.400391
1752788244.730253,545690.000,22486,1,EL,1,100,-16823.400391
1752788244.796753,545756.500,22501,2,EL,1,100,-16824.000000
1752788244.863254,545823.000,22501,2,EL,1,100,-16828.199219
1752788244.930255,545890.000,22518,1,EL,1,100,-16822.599609
1752788244.997255,545957.000,22535,2,EL,1,100,-16822.199219
1752788245.064256,546024.000,22535,2,EL,1,100,-16823.599609
1752788245.130256,546090.000,22553,1,EL,1,100,-16823.800781
1752788245.196757,546156.500,22570,2,EL,1,100,-16823.400391
1752788245.263257,546223.000,22570,2,EL,1,100,-16823.000000
1752788245.330258,546290.000,22585,1,EL,1,100,-16822.599609
1752788245.396758,546356.500,22602,2,EL,1,100,-16824.400391
1752788245.463259,546423.000,22602,2,EL,1,100,-16825.000000
1752788245.530260,546490.000,22619,2,EL,1,100,-16825.599609
1752788245.597260,546557.000,22619,2,EL,1,100,-16826.400391
1752788245.664261,546624.000,22636,1,EL,1,100,-16826.000000
1752788245.730761,546690.500,22652,2,EL,1,100,-16826.400391
1752788245.797262,546757.000,22652,2,EL,1,100,-16826.599609
1752788245.863262,546823.000,22669,1,EL,1,100,-16835.599609
1752788245.930263,546890.000,22688,2,EL,1,100,-16828.400391
1752788245.997263,546957.000,22688,2,EL,1,100,-16825.599609
1752788246.063264,547023.000,22705,1,EL,1,100,-16826.599609
1752788246.130264,547090.000,22719,2,EL,1,100,-16828.599609
1752788246.197265,547157.000,22719,2,EL,1,100,-16825.800781
1752788246.263266,547223.000,22737,1,EL,1,100,-16831.000000
1752788246.330266,547290.000,22755,2,EL,1,100,-16832.400391
1752788246.397267,547357.000,22755,2,EL,1,100,-16831.599609
1752788246.463267,547423.000,22772,1,EL,1,100,-16830.599609
1752788246.530268,547490.000,22787,2,EL,1,100,-16829.199219
1752788246.597268,547557.000,22787,2,EL,1,100,-16828.800781
1752788246.664269,547624.000,22804,1,EL,1,100,-16830.800781
1752788246.730769,547690.500,22820,2,EL,1,100,-16834.000000
1752788246.797270,547757.000,22820,2,EL,1,100,-16832.199219
1752788246.863271,547823.000,22837,1,EL,1,100,-16835.599609
1752788246.930271,547890.000,22854,2,EL,1,100,-16834.199219
1752788246.997272,547957.000,22854,2,EL,1,100,-16828.599609
1752788247.064272,548024.000,22871,1,EL,1,100,-16830.800781
1752788247.130773,548090.500,22887,2,EL,1,100,-16832.000000
1752788247.197273,548157.000,22887,2,EL,1,100,-16832.599609
1752788247.263274,548223.000,22905,1,EL,1,100,-16834.000000
1752788247.330274,548290.000,22920,2,EL,1,100,-16831.800781
1752788247.397275,548357.000,22920,2,EL,1,100,-16833.000000
1752788247.463775,548423.500,22941,2,EL,1,100,-16832.800781
1752788247.530276,548490.000,22941,2,EL,1,100,-16833.800781
1752788247.597277,548557.000,22960,1,EL,1,100,-16834.000000
1752788247.663777,548623.500,22977,2,EL,1,100,-16834.800781
1752788247.730278,548690.000,22977,2,EL,1,100,-16837.800781
1752788247.797278,548757.000,22993,1,EL,1,100,-16839.000000
1752788247.863779,548823.500,23009,2,EL,1,100,-16837.400391
1752788247.930279,548890.000,23009,2,EL,1,100,-16836.599609
1752788247.997280,548957.000,23025,1,EL,1,100,-16834.599609
1752788248.063780,549023.500,23042,2,EL,1,100,-16837.000000
1752788248.130281,549090.000,23042,2,EL,1,100,-16837.800781
1752788248.196282,549156.000,23060,1,EL,1,100,-16840.199219
1752788248.263282,549223.000,23076,2,EL,1,100,-16840.400391
1752788248.330283,549290.000,23076,2,EL,1,100,-16841.000000
1752788248.397283,549357.000,23092,1,EL,1,100,-16838.800781
1752788248.463784,549423.500,23109,2,EL,1,100,-16840.199219
1752788248.530284,549490.000,23109,2,EL,1,100,-16835.599609
1752788248.596285,549556.000,23126,1,EL,1,100,-16836.800781
1752788248.663285,549623.000,23141,2,EL,1,100,-16837.800781
1752788248.730286,549690.000,23141,2,EL,1,100,-16840.199219
1752788248.796286,549756.000,23157,1,EL,1,100,-16841.800781
1752788248.863287,549823.000,23177,2,EL,1,100,-16841.199219
1752788248.930288,549890.000,23177,2,EL,1,100,-16847.000000
1752788248.996288,549956.000,23193,1,EL,1,100,-16841.400391
1752788249.063289,550023.000,23208,2,EL,1,100,-16841.800781
1752788249.130289,550090.000,23208,2,EL,1,100,-16844.800781
1752788249.197290,550157.000,23224,1,EL,1,100,-16841.800781
1752788249.263790,550223.500,23242,2,EL,1,100,-16840.400391
1752788249.330291,550290.000,23242,2,EL,1,100,-16838.199219
1752788249.396291,550356.000,23258,1,EL,1,100,-16841.800781
1752788249.463292,550423.000,23274,2,EL,1,100,-16841.599609
1752788249.530292,550490.000,23274,2,EL,1,100,-16838.599609
1752788249.597293,550557.000,23292,1,EL,1,100,-16839.400391
1752788249.663794,550623.500,23309,2,EL,1,100,-16839.000000
1752788249.730294,550690.000,23309,2,EL,1,100,-16847.199219
1752788249.796795,550756.500,23325,2,EL,1,100,-16845.000000
1752788249.863295,550823.000,23325,2,EL,1,100,-16843.199219
1752788249.930296,550890.000,23343,1,EL,1,100,-16849.800781
1752788249.996796,550956.500,23357,2,EL,1,100,-16844.199219
1752788250.063297,551023.000,23357,2,EL,1,100,-16840.199219
1752788250.130297,551090.000,23374,1,EL,1,100,-16848.800781
1752788250.196798,551156.500,23393,2,EL,1,100,-16847.800781
1752788250.263299,551223.000,23393,2,EL,1,100,-16845.000000
1752788250.330299,551290.000,23410,1,EL,1,100,-16842.000000
1752788250.396800,551356.500,23424,2,EL,1,100,-16844.000000
1752788250.463300,551423.000,23424,2,EL,1,100,-16846.199219
1752788250.530301,551490.000,23441,1,EL,1,100,-16843.599609
1752788250.596801,551556.500,23458,2,EL,1,100,-16842.599609
1752788250.663302,551623.000,23458,2,EL,1,100,-16848.000000
1752788250.730302,551690.000,23475,1,EL,1,100,-16848.800781
1752788250.796803,551756.500,23491,2,EL,1,100,-16850.000000
1752788250.863303,551823.000,23491,2,EL,1,100,-16850.000000
1752788250.930304,551890.000,23509,1,EL,1,100,-16851.599609
1752788250.996805,551956.500,23527,2,EL,1,100,-16848.400391
1752788251.063305,552023.000,23527,2,EL,1,100,-16844.000000
1752788251.130306,552090.000,23544,1,EL,1,100,-16846.000000
1752788251.196806,552156.500,23559,2,EL,1,100,-16848.599609
1752788251.263307,552223.000,23559,2,EL,1,100,-16847.000000
1752788251.330307,552290.000,23576,1,EL,1,100,-16849.000000
1752788251.396808,552356.500,23592,2,EL,1,100,-16848.400391
1752788251.463308,552423.000,23592,2,EL,1,100,-16850.800781
1752788251.530309,552490.000,23611,1,EL,1,100,-16853.400391
1752788251.596810,552556.500,23627,2,EL,1,100,-16852.599609
1752788251.663310,552623.000,23627,2,EL,1,100,-16849.400391
1752788251.729811,552689.500,23643,2,EL,1,100,-16852.000000
1752788251.796311,552756.000,23643,2,EL,1,100,-16854.400391
1752788251.863312,552823.000,23659,1,EL,1,100,-16853.199219
1752788251.929812,552889.500,23677,2,EL,1,100,-16855.800781
1752788251.996313,552956.000,23677,2,EL,1,100,-16856.400391
1752788252.063313,553023.000,23693,1,EL,1,100,-16850.000000
1752788252.129814,553089.500,23708,2,EL,1,100,-16851.400391
1752788252.196314,553156.000,23708,2,EL,1,100,-16853.400391
1752788252.263315,553223.000,23727,1,EL,1,100,-16850.599609
1752788252.329816,553289.500,23744,2,EL,1,100,-16854.599609
1752788252.396316,553356.000,23744,2,EL,1,100,-16855.000000
1752788252.463317,553423.000,23760,1,EL,1,100,-16850.000000
1752788252.529984,553489.667,23779,3,EL,1,100,-16853.199219
1752788252.596651,553556.333,23779,3,EL,1,100,-16858.800781
1752788252.663318,553623.000,23779,3,EL,1,100,-16854.800781
1752788252.729819,553689.500,23796,2,EL,1,100,-16857.599609
1752788252.796319,553756.000,23796,2,EL,1,100,-16861.199219
1752788252.863320,553823.000,23812,1,EL,1,100,-16855.000000
1752788252.929821,553889.500,23830,2,EL,1,100,-16857.599609
1752788252.996321,553956.000,23830,2,EL,1,100,-16855.800781
1752788253.063322,554023.000,23846,1,EL,1,100,-16850.800781
1752788253.129822,554089.500,23863,2,EL,1,100,-16854.400391
1752788253.196323,554156.000,23863,2,EL,1,100,-16859.000000
1752788253.263323,554223.000,23880,1,EL,1,100,-16852.800781
1752788253.329824,554289.500,23895,2,EL,1,100,-16851.599609
1752788253.396324,554356.000,23895,2,EL,1,100,-16859.000000
1752788253.463325,554423.000,23911,1,EL,1,100,-16857.599609
1752788253.529825,554489.500,23931,2,EL,1,100,-16855.800781
1752788253.596326,554556.000,23931,2,EL,1,100,-16862.400391
1752788253.663327,554623.000,23947,1,EL,1,100,-16856.800781
1752788253.729827,554689.500,23963,2,EL,1,100,-16856.400391
1752788253.796328,554756.000,23963,2,EL,1,100,-16863.800781
1752788253.863328,554823.000,23978,1,EL,1,100,-16859.199219
1752788253.929829,554889.500,23996,2,EL,1,100,-16857.000000
1752788253.996329,554956.000,23996,2,EL,1,100,-16858.400391
1752788254.062830,555022.500,24012,2,EL,1,100,-16858.599609
1752788254.129330,555089.000,24012,2,EL,1,100,-16859.000000
1752788254.196331,555156.000,24029,1,EL,1,100,-16866.599609
1752788254.262832,555222.500,24044,2,EL,1,100,-16862.800781
1752788254.329332,555289.000,24044,2,EL,1,100,-16859.199219
1752788254.396333,555356.000,24061,1,EL,1,100,-16868.800781
1752788254.462833,555422.500,24077,2,EL,1,100,-16864.599609
1752788254.529334,555489.000,24077,2,EL,1,100,-16859.800781
1752788254.596334,555556.000,24095,1,EL,1,100,-16868.000000
1752788254.662835,555622.500,24109,2,EL,1,100,-16861.400391
1752788254.729335,555689.000,24109,2,EL,1,100,-16860.000000
1752788254.796336,555756.000,24128,1,EL,1,100,-16867.199219
1752788254.862836,555822.500,24145,2,EL,1,100,-16864.199219
1752788254.929337,555889.000,24145,2,EL,1,100,-16862.599609
1752788254.996338,555956.000,24162,1,EL,1,100,-16861.599609
1752788255.062838,556022.500,24176,2,EL,1,100,-16862.000000
1752788255.129339,556089.000,24176,2,EL,1,100,-16863.000000
1752788255.196339,556156.000,24193,1,EL,1,100,-16867.599609
1752788255.262840,556222.500,24210,2,EL,1,100,-16863.400391
1752788255.329340,556289.000,24210,2,EL,1,100,-16861.599609
1752788255.396341,556356.000,24229,1,EL,1,100,-16870.800781
1752788255.462841,556422.500,24243,2,EL,1,100,-16869.400391
1752788255.529342,556489.000,24243,2,EL,1,100,-16864.199219
1752788255.596343,556556.000,24261,1,EL,1,100,-16869.400391
1752788255.662843,556622.500,24277,2,EL,1,100,-16867.400391
1752788255.729344,556689.000,24277,2,EL,1,100,-16866.000000
1752788255.796344,556756.000,24294,1,EL,1,100,-16870.000000
1752788255.862845,556822.500,24310,2,EL,1,100,-16871.199219
1752788255.929345,556889.000,24310,2,EL,1,100,-16866.800781
1752788255.996346,556956.000,24330,1,EL,1,100,-16865.599609
1752788256.062846,557022.500,24346,2,EL,1,100,-16869.000000
1752788256.129347,557089.000,24346,2,EL,1,100,-16868.199219
1752788256.196347,557156.000,24363,1,EL,1,100,-16871.400391
1752788256.262848,557222.500,24380,2,EL,1,100,-16873.000000
1752788256.329349,557289.000,24380,2,EL,1,100,-16865.599609
1752788256.395849,557355.500,24395,2,EL,1,100,-16867.000000
1752788256.462350,557422.000,24395,2,EL,1,100,-16869.599609
1752788256.529350,557489.000,24411,1,EL,1,100,-16866.400391
1752788256.595851,557555.500,24429,2,EL,1,100,-16868.599609
1752788256.662351,557622.000,24429,2,EL,1,100,-16873.800781
1752788256.729352,557689.000,24447,1,EL,1,100,-16873.400391
1752788256.795852,557755.500,24462,2,EL,1,100,-16873.400391
1752788256.862353,557822.000,24462,2,EL,1,100,-16875.800781
1752788256.929353,557889.000,24479,1,EL,1,100,-16872.000000
1752788256.995854,557955.500,24496,2,EL,1,100,-16870.800781
1752788257.062355,558022.000,24496,2,EL,1,100,-16870.199219
1752788257.129355,558089.000,24512,1,EL,1,100,-16871.800781
1752788257.195856,558155.500,24528,2,EL,1,100,-16876.000000
1752788257.262356,558222.000,24528,2,EL,1,100,-16875.400391
1752788257.329357,558289.000,24546,1,EL,1,100,-16865.000000
1752788257.395857,558355.500,24563,2,EL,1,100,-16865.800781
1752788257.462358,558422.000,24563,2,EL,1,100,-16875.000000
1752788257.529358,558489.000,24579,1,EL,1,100,-16869.000000
1752788257.595859,558555.500,24595,2,EL,1,100,-16874.199219
1752788257.662360,558622.000,24595,2,EL,1,100,-16881.000000
1752788257.729360,558689.000,24618,1,EL,1,100,-16876.400391
1752788257.795861,558755.500,24635,2,EL,1,100,-16875.599609
1752788257.862361,558822.000,24635,2,EL,1,100,-16877.000000
1752788257.929362,558889.000,24654,1,EL,1,100,-16876.800781
1752788257.995862,558955.500,24669,2,EL,1,100,-16874.400391
1752788258.062363,559022.000,24669,2,EL,1,100,-16874.599609
1752788258.129363,559089.000,24685,1,EL,1,100,-16876.199219
1752788258.195864,559155.500,24703,2,EL,1,100,-16876.000000
1752788258.262364,559222.000,24703,2,EL,1,100,-16882.599609
1752788258.329365,559289.000,24719,1,EL,1,100,-16873.400391
1752788258.395866,559355.500,24735,2,EL,1,100,-16874.199219
1752788258.462366,559422.000,24735,2,EL,1,100,-16883.000000
1752788258.529367,559489.000,24750,1,EL,1,100,-16876.800781
1752788258.595867,559555.500,24770,2,EL,1,100,-16876.400391
1752788258.662368,559622.000,24770,2,EL,1,100,-16882.800781
1752788258.729368,559689.000,24786,1,EL,1,100,-16877.599609
1752788258.795869,559755.500,24802,2,EL,1,100,-16883.000000
1752788258.862369,559822.000,24802,2,EL,1,100,-16885.800781
1752788258.928870,559888.500,24818,2,EL,1,100,-16879.400391
1752788258.995371,559955.000,24818,2,EL,1,100,-16876.199219
1752788259.062371,560022.000,24835,1,EL,1,100,-16878.599609
1752788259.128872,560088.500,24851,2,EL,1,100,-16880.199219
1752788259.195372,560155.000,24851,2,EL,1,100,-16884.199219
1752788259.262373,560222.000,24871,1,EL,1,100,-16889.400391
1752788259.328873,560288.500,24885,2,EL,1,100,-16880.599609
1752788259.395374,560355.000,24885,2,EL,1,100,-16879.599609
1752788259.462374,560422.000,24902,1,EL,1,100,-16885.599609
1752788259.528875,560488.500,24919,2,EL,1,100,-16879.599609
1752788259.595375,560555.000,24919,2,EL,1,100,-16878.800781
1752788259.662376,560622.000,24936,1,EL,1,100,-16888.199219
1752788259.728877,560688.500,24950,2,EL,1,100,-16884.400391
1752788259.795377,560755.000,24950,2,EL,1,100,-16882.199219
1752788259.862378,560822.000,24969,1,EL,1,100,-16887.400391
1752788259.928878,560888.500,24986,2,EL,1,100,-16880.800781
1752788259.995379,560955.000,24986,2,EL,1,100,-16879.400391
1752788260.062379,561022.000,25003,1,EL,1,100,-16880.800781
1752788260.128880,561088.500,25017,2,EL,1,100,-16881.000000
1752788260.195380,561155.000,25017,2,EL,1,100,-16883.199219
1752788260.262381,561222.000,25035,1,EL,1,100,-16884.199219
1752788260.328882,561288.500,25051,2,EL,1,100,-16881.800781
1752788260.395382,561355.000,25051,2,EL,1,100,-16887.000000
1752788260.462383,561422.000,25070,1,EL,1,100,-16888.199219
1752788260.528883,561488.500,25085,2,EL,1,100,-16885.400391
1752788260.595384,561555.000,25085,2,EL,1,100,-16884.199219
1752788260.662384,561622.000,25102,1,EL,1,100,-16888.800781
1752788260.728885,561688.500,25118,2,EL,1,100,-16887.199219
1752788260.795385,561755.000,25118,2,EL,1,100,-16888.800781
1752788260.862386,561822.000,25135,1,EL,1,100,-16891.800781
1752788260.928886,561888.500,25153,2,EL,1,100,-16888.599609
1752788260.995387,561955.000,25153,2,EL,1,100,-16885.199219
1752788261.062388,562022.000,25171,1,EL,1,100,-16887.199219
1752788261.128888,562088.500,25187,2,EL,1,100,-16884.400391
1752788261.195389,562155.000,25187,2,EL,1,100,-16891.400391
1752788261.262389,562222.000,25205,1,EL,1,100,-16892.599609
1752788261.328890,562288.500,25220,2,EL,1,100,-16892.000000
1752788261.395390,562355.000,25220,2,EL,1,100,-16886.800781
1752788261.462391,562422.000,25236,2,EL,1,100,-16890.000000
1752788261.529391,562489.000,25236,2,EL,1,100,-16894.800781
1752788261.595392,562555.000,25253,1,EL,1,100,-16888.800781
1752788261.662393,562622.000,25272,2,EL,1,100,-16891.000000
1752788261.729393,562689.000,25272,2,EL,1,100,-16893.599609
1752788261.795394,562755.000,25288,1,EL,1,100,-16890.800781
1752788261.862394,562822.000,25304,2,EL,1,100,-16891.599609
1752788261.929395,562889.000,25304,2,EL,1,100,-16888.800781
1752788261.995395,562955.000,25320,1,EL,1,100,-16886.800781
1752788262.062396,563022.000,25337,2,EL,1,100,-16891.400391
1752788262.129396,563089.000,25337,2,EL,1,100,-16893.000000
1752788262.195397,563155.000,25353,1,EL,1,100,-16891.400391
1752788262.262397,563222.000,25369,2,EL,1,100,-16891.400391
1752788262.329398,563289.000,25369,2,EL,1,100,-16890.199219
1752788262.395399,563355.000,25387,1,EL,1,100,-16893.599609
1752788262.462399,563422.000,25404,2,EL,1,100,-16893.400391
1752788262.529400,563489.000,25404,2,EL,1,100,-16893.599609
1752788262.595400,563555.000,25421,1,EL,1,100,-16894.800781
1752788262.662401,563622.000,25436,2,EL,1,100,-16893.000000
1752788262.729401,563689.000,25436,2,EL,1,100,-16897.199219
1752788262.795902,563755.500,25457,2,EL,1,100,-16893.000000
1752788262.862402,563822.000,25457,2,EL,1,100,-16893.599609
1752788262.928403,563888.000,25477,1,EL,1,100,-16893.000000
1752788262.995403,563955.000,25493,2,EL,1,100,-16895.000000
1752788263.062404,564022.000,25493,2,EL,1,100,-16897.400391
1752788263.128405,564088.000,25510,1,EL,1,100,-16901.000000
1752788263.195405,564155.000,25525,2,EL,1,100,-16895.800781
1752788263.262406,564222.000,25525,2,EL,1,100,-16895.000000
1752788263.328406,564288.000,25542,1,EL,1,100,-16897.599609
1752788263.395407,564355.000,25558,2,EL,1,100,-16895.199219
1752788263.462407,564422.000,25558,2,EL,1,100,-16896.400391
1752788263.528408,564488.000,25577,1,EL,1,100,-16900.800781
1752788263.595408,564555.000,25593,2,EL,1,100,-16899.000000
1752788263.662409,564622.000,25593,2,EL,1,100,-16896.599609
1752788263.728410,564688.000,25609,1,EL,1,100,-16901.400391
1752788263.795410,564755.000,25625,2,EL,1,100,-16901.000000
1752788263.862411,564822.000,25625,2,EL,1,100,-16898.599609
1752788263.928911,564888.500,25643,2,EL,1,100,-16900.000000
1752788263.995412,564955.000,25643,2,EL,1,100,-16901.400391
1752788264.062412,565022.000,25659,1,EL,1,100,-16896.400391
1752788264.128913,565088.500,25676,2,EL,1,100,-16897.599609
1752788264.195413,565155.000,25676,2,EL,1,100,-16901.000000
1752788264.262414,565222.000,25693,1,EL,1,100,-16900.400391
1752788264.328914,565288.500,25710,2,EL,1,100,-16899.199219
1752788264.395415,565355.000,25710,2,EL,1,100,-16903.000000
1752788264.462416,565422.000,25726,1,EL,1,100,-16899.599609
1752788264.528916,565488.500,25742,2,EL,1,100,-16901.000000
1752788264.595417,565555.000,25742,2,EL,1,100,-16903.599609
1752788264.662417,565622.000,25758,1,EL,1,100,-16904.599609
1752788264.728918,565688.500,25777,2,EL,1,100,-16903.599609
1752788264.795418,565755.000,25777,2,EL,1,100,-16905.000000
1752788264.861419,565821.000,25793,1,EL,1,100,-16903.000000
1752788264.928419,565888.000,25809,2,EL,1,100,-16904.000000
1752788264.995420,565955.000,25809,2,EL,1,100,-16906.199219
1752788265.061421,566021.000,25825,1,EL,1,100,-16902.800781
1752788265.128421,566088.000,25842,2,EL,1,100,-16905.599609
1752788265.195422,566155.000,25842,2,EL,1,100,-16909.000000
1752788265.262422,566222.000,25861,1,EL,1,100,-16905.000000
1752788265.328923,566288.500,25876,2,EL,1,100,-16904.400391
1752788265.395423,566355.000,25876,2,EL,1,100,-16903.800781
1752788265.461424,566421.000,25892,1,EL,1,100,-16904.400391
1752788265.528424,566488.000,25910,2,EL,1,100,-16905.400391
1752788265.595425,566555.000,25910,2,EL,1,100,-16905.599609
1752788265.662425,566622.000,25926,1,EL,1,100,-16905.599609
1752788265.728926,566688.500,25941,2,EL,1,100,-16907.599609
1752788265.795427,566755.000,25941,2,EL,1,100,-16910.599609
1752788265.862427,566822.000,25959,1,EL,1,100,-16907.000000
1752788265.928928,566888.500,25979,2,EL,1,100,-16907.800781
1752788265.995428,566955.000,25979,2,EL,1,100,-16905.400391
1752788266.061429,567021.000,25995,1,EL,1,100,-16906.800781
1752788266.128429,567088.000,26011,2,EL,1,100,-16905.400391
1752788266.195430,567155.000,26011,2,EL,1,100,-16914.400391
1752788266.261430,567221.000,26027,1,EL,1,100,-16910.000000
1752788266.328431,567288.000,26044,2,EL,1,100,-16904.000000
1752788266.395432,567355.000,26044,2,EL,1,100,-16909.199219
1752788266.461932,567421.500,26062,2,EL,1,100,-16911.199219
1752788266.528433,567488.000,26062,2,EL,1,100,-16909.800781
1752788266.595433,567555.000,26080,1,EL,1,100,-16912.199219
1752788266.661934,567621.500,26094,2,EL,1,100,-16910.800781
1752788266.728434,567688.000,26094,2,EL,1,100,-16906.199219
1752788266.795435,567755.000,26111,1,EL,1,100,-16915.199219
1752788266.861935,567821.500,26128,2,EL,1,100,-16910.400391
1752788266.928436,567888.000,26128,2,EL,1,100,-16910.400391
1752788266.995436,567955.000,26145,1,EL,1,100,-16917.400391
1752788267.061937,568021.500,26159,2,EL,1,100,-16911.199219
1752788267.128438,568088.000,26159,2,EL,1,100,-16908.599609
1752788267.195438,568155.000,26178,1,EL,1,100,-16915.599609
1752788267.261939,568221.500,26195,2,EL,1,100,-16911.000000
1752788267.328439,568288.000,26195,2,EL,1,100,-16910.599609
1752788267.395440,568355.000,26212,1,EL,1,100,-16916.000000
1752788267.461940,568421.500,26226,2,EL,1,100,-16914.599609
1752788267.528441,568488.000,26226,2,EL,1,100,-16911.800781
1752788267.595441,568555.000,26244,1,EL,1,100,-16917.599609
1752788267.661942,568621.500,26262,2,EL,1,100,-16915.599609
1752788267.728443,568688.000,26262,2,EL,1,100,-16916.599609
1752788267.795443,568755.000,26279,1,EL,1,100,-16917.199219
1752788267.861944,568821.500,26299,2,EL,1,100,-16916.000000
1752788267.928444,568888.000,26299,2,EL,1,100,-16914.400391
1752788267.995445,568955.000,26316,1,EL,1,100,-16912.800781
1752788268.061945,569021.500,26332,2,EL,1,100,-16912.400391
1752788268.128446,569088.000,26332,2,EL,1,100,-16915.400391
1752788268.195446,569155.000,26349,1,EL,1,100,-16916.199219
1752788268.261947,569221.500,26366,2,EL,1,100,-16915.800781
1752788268.328447,569288.000,26366,2,EL,1,100,-16914.800781
1752788268.395448,569355.000,26383,1,EL,1,100,-16916.400391
1752788268.461949,569421.500,26399,2,EL,1,100,-16914.199219
1752788268.528449,569488.000,26399,2,EL,1,100,-16914.599609
1752788268.595450,569555.000,26417,1,EL,1,100,-16915.800781
1752788268.661950,569621.500,26432,2,EL,1,100,-16920.400391
1752788268.728451,569688.000,26432,2,EL,1,100,-16917.400391
1752788268.794951,569754.500,26448,2,EL,1,100,-16917.800781
1752788268.861452,569821.000,26448,2,EL,1,100,-16919.000000
1752788268.928452,569888.000,26467,1,EL,1,100,-16919.800781
1752788268.994953,569954.500,26484,2,EL,1,100,-16919.199219
1752788269.061454,570021.000,26484,2,EL,1,100,-16919.199219
1752788269.128454,570088.000,26500,1,EL,1,100,-16918.800781
1752788269.194955,570154.500,26516,2,EL,1,100,-16919.800781
1752788269.261455,570221.000,26516,2,EL,1,100,-16919.599609
1752788269.328456,570288.000,26532,1,EL,1,100,-16920.199219
1752788269.394956,570354.500,26549,2,EL,1,100,-16921.800781
1752788269.461457,570421.000,26549,2,EL,1,100,-16921.599609
1752788269.528457,570488.000,26567,1,EL,1,100,-16921.400391
1752788269.594958,570554.500,26583,2,EL,1,100,-16922.800781
1752788269.661458,570621.000,26583,2,EL,1,100,-16925.199219
1752788269.728459,570688.000,26599,1,EL,1,100,-16920.199219
1752788269.794960,570754.500,26616,2,EL,1,100,-16921.400391
1752788269.861460,570821.000,26616,2,EL,1,100,-16923.400391
1752788269.928461,570888.000,26633,1,EL,1,100,-16923.400391
1752788269.994961,570954.500,26648,2,EL,1,100,-16922.199219
1752788270.061462,571021.000,26648,2,EL,1,100,-16918.400391
1752788270.128462,571088.000,26664,1,EL,1,100,-16921.199219
1752788270.194963,571154.500,26684,2,EL,1,100,-16924.199219
1752788270.261463,571221.000,26684,2,EL,1,100,-16921.599609
1752788270.328464,571288.000,26700,1,EL,1,100,-16921.800781
1752788270.394964,571354.500,26715,2,EL,1,100,-16923.000000
1752788270.461465,571421.000,26715,2,EL,1,100,-16922.000000
1752788270.528466,571488.000,26731,1,EL,1,100,-16923.400391
1752788270.594966,571554.500,26749,2,EL,1,100,-16923.800781
1752788270.661467,571621.000,26749,2,EL,1,100,-16924.000000
1752788270.728467,571688.000,26767,1,EL,1,100,-16923.400391
1752788270.794968,571754.500,26783,2,EL,1,100,-16923.800781
1752788270.861468,571821.000,26783,2,EL,1,100,-16930.199219
1752788270.928469,571888.000,26799,1,EL,1,100,-16927.400391
1752788270.994969,571954.500,26818,2,EL,1,100,-16925.800781
1752788271.061470,572021.000,26818,2,EL,1,100,-16924.199219
1752788271.128471,572088.000,26834,1,EL,1,100,-16925.800781
1752788271.194971,572154.500,26851,2,EL,1,100,-16926.599609
1752788271.261472,572221.000,26851,2,EL,1,100,-16926.400391
1752788271.327972,572287.500,26868,2,EL,1,100,-16928.199219
1752788271.394473,572354.000,26868,2,EL,1,100,-16928.400391
1752788271.461473,572421.000,26885,1,EL,1,100,-16928.199219
1752788271.527974,572487.500,26902,2,EL,1,100,-16929.599609
1752788271.594474,572554.000,26902,2,EL,1,100,-16929.000000
1752788271.661475,572621.000,26919,1,EL,1,100,-16927.800781
1752788271.727975,572687.500,26933,2,EL,1,100,-16928.199219
1752788271.794476,572754.000,26933,2,EL,1,100,-16928.800781
1752788271.861477,572821.000,26950,1,EL,1,100,-16928.800781
1752788271.927977,572887.500,26969,2,EL,1,100,-16927.400391
1752788271.994478,572954.000,26969,2,EL,1,100,-16925.800781
1752788272.061478,573021.000,26986,1,EL,1,100,-16929.400391
1752788272.127979,573087.500,27000,2,EL,1,100,-16931.199219
1752788272.194479,573154.000,27000,2,EL,1,100,-16930.800781
1752788272.261480,573221.000,27018,1,EL,1,100,-16932.199219
1752788272.327980,573287.500,27034,2,EL,1,100,-16932.599609
1752788272.394481,573354.000,27034,2,EL,1,100,-16930.199219
1752788272.461482,573421.000,27051,1,EL,1,100,-16930.000000
1752788272.527982,573487.500,27068,2,EL,1,100,-16929.800781
1752788272.594483,573554.000,27068,2,EL,1,100,-16930.800781
1752788272.661483,573621.000,27085,1,EL,1,100,-16929.599609
1752788272.727984,573687.500,27101,2,EL,1,100,-16931.000000
1752788272.794484,573754.000,27101,2,EL,1,100,-16931.800781
1752788272.861485,573821.000,27118,1,EL,1,100,-16939.400391
1752788272.927985,573887.500,27134,2,EL,1,100,-16935.800781
1752788272.994486,573954.000,27134,2,EL,1,100,-16930.599609
1752788273.061486,574021.000,27155,1,EL,1,100,-16932.599609
1752788273.127987,574087.500,27173,2,EL,1,100,-16932.400391
1752788273.194488,574154.000,27173,2,EL,1,100,-16932.599609
1752788273.261488,574221.000,27191,1,EL,1,100,-16936.599609
1752788273.327989,574287.500,27206,2,EL,1,100,-16938.400391
1752788273.394489,574354.000,27206,2,EL,1,100,-16932.000000
1752788273.460990,574420.500,27222,2,EL,1,100,-16935.800781
1752788273.527490,574487.000,27222,2,EL,1,100,-16938.000000
1752788273.594491,574554.000,27239,1,EL,1,100,-16934.199219
1752788273.660991,574620.500,27256,2,EL,1,100,-16934.400391
1752788273.727492,574687.000,27256,2,EL,1,100,-16934.599609
1752788273.794493,574754.000,27274,1,EL,1,100,-16934.800781
1752788273.860993,574820.500,27290,2,EL,1,100,-16936.400391
1752788273.927494,574887.000,27290,2,EL,1,100,-16939.599609
1752788273.994494,574954.000,27306,1,EL,1,100,-16935.000000
1752788274.060995,575020.500,27323,2,EL,1,100,-16934.599609
1752788274.127495,575087.000,27323,2,EL,1,100,-16933.800781
1752788274.194496,575154.000,27339,1,EL,1,100,-16937.400391
1752788274.260996,575220.500,27355,2,EL,1,100,-16940.199219
1752788274.327497,575287.000,27355,2,EL,1,100,-16940.000000
1752788274.394497,575354.000,27373,1,EL,1,100,-16936.000000
1752788274.460998,575420.500,27390,2,EL,1,100,-16938.199219
1752788274.527499,575487.000,27390,2,EL,1,100,-16940.400391
1752788274.594499,575554.000,27407,1,EL,1,100,-16935.800781
1752788274.661000,575620.500,27422,2,EL,1,100,-16938.400391
1752788274.727500,575687.000,27422,2,EL,1,100,-16939.400391
1752788274.794501,575754.000,27438,1,EL,1,100,-16939.599609
1752788274.861001,575820.500,27458,2,EL,1,100,-16941.000000
1752788274.927502,575887.000,27458,2,EL,1,100,-16944.599609
1752788274.994502,575954.000,27474,1,EL,1,100,-16939.000000
1752788275.061003,576020.500,27489,2,EL,1,100,-16936.800781
1752788275.127504,576087.000,27489,2,EL,1,100,-16941.199219
1752788275.194504,576154.000,27505,1,EL,1,100,-16941.199219
1752788275.261005,576220.500,27523,2,EL,1,100,-16941.599609
1752788275.327505,576287.000,27523,2,EL,1,100,-16942.199219
1752788275.394506,576354.000,27539,1,EL,1,100,-16939.599609
1752788275.461006,576420.500,27557,2,EL,1,100,-16936.599609
1752788275.527507,576487.000,27557,2,EL,1,100,-16946.400391
1752788275.594507,576554.000,27573,1,EL,1,100,-16942.599609
1752788275.661008,576620.500,27590,2,EL,1,100,-16940.400391
1752788275.727508,576687.000,27590,2,EL,1,100,-16942.400391
1752788275.794009,576753.500,27606,2,EL,1,100,-16943.000000
1752788275.860510,576820.000,27606,2,EL,1,100,-16944.599609
1752788275.927510,576887.000,27624,1,EL,1,100,-16949.599609
1752788275.994011,576953.500,27640,2,EL,1,100,-16943.199219
1752788276.060511,577020.000,27640,2,EL,1,100,-16941.400391
1752788276.127512,577087.000,27657,1,EL,1,100,-16945.400391
1752788276.194012,577153.500,27676,2,EL,1,100,-16945.800781
1752788276.260513,577220.000,27676,2,EL,1,100,-16946.599609
1752788276.327513,577287.000,27693,1,EL,1,100,-16943.000000
1752788276.394014,577353.500,27707,2,EL,1,100,-16943.199219
1752788276.460515,577420.000,27707,2,EL,1,100,-16945.000000
1752788276.527515,577487.000,27724,1,EL,1,100,-16948.400391
1752788276.594016,577553.500,27741,2,EL,1,100,-16944.800781
1752788276.660516,577620.000,27741,2,EL,1,100,-16943.400391
1752788276.727517,577687.000,27758,1,EL,1,100,-16949.599609
1752788276.794017,577753.500,27774,2,EL,1,100,-16947.400391
1752788276.860518,577820.000,27774,2,EL,1,100,-16946.000000
1752788276.927518,577887.000,27792,1,EL,1,100,-16951.000000
1752788276.994019,577953.500,27808,2,EL,1,100,-16948.000000
1752788277.060519,578020.000,27808,2,EL,1,100,-16940.400391
1752788277.127520,578087.000,27825,1,EL,1,100,-16945.800781
1752788277.194021,578153.500,27840,2,EL,1,100,-16949.800781
1752788277.260521,578220.000,27840,2,EL,1,100,-16941.400391
1752788277.327522,578287.000,27859,1,EL,1,100,-16939.400391
1752788277.394022,578353.500,27875,2,EL,1,100,-16948.400391
1752788277.460523,578420.000,27875,2,EL,1,100,-16950.800781
1752788277.527523,578487.000,27892,1,EL,1,100,-16953.800781
1752788277.594024,578553.500,27908,2,EL,1,100,-16948.599609
1752788277.660524,578620.000,27908,2,EL,1,100,-16949.800781
1752788277.727525,578687.000,27924,2,EL,1,100,-16952.599609
1752788277.794525,578754.000,27924,2,EL,1,100,-16952.199219
1752788277.860526,578820.000,27940,1,EL,1,100,-16952.199219
1752788277.927527,578887.000,27960,2,EL,1,100,-16956.400391
1752788277.994527,578954.000,27960,2,EL,1,100,-16951.800781
1752788278.060528,579020.000,27976,1,EL,1,100,-16946.800781
1752788278.127528,579087.000,27996,2,EL,1,100,-16951.800781
1752788278.194529,579154.000,27996,2,EL,1,100,-16953.199219
1752788278.260529,579220.000,28013,1,EL,1,100,-16949.000000
1752788278.327030,579286.500,28030,2,EL,1,100,-16951.400391
1752788278.393530,579353.000,28030,2,EL,1,100,-16954.400391
1752788278.460531,579420.000,28046,1,EL,1,100,-16951.199219
1752788278.527032,579486.500,28064,2,EL,1,100,-16955.000000
1752788278.593532,579553.000,28064,2,EL,1,100,-16957.400391
1752788278.660533,579620.000,28080,1,EL,1,100,-16951.800781
1752788278.727033,579686.500,28097,2,EL,1,100,-16953.599609
1752788278.793534,579753.000,28097,2,EL,1,100,-16957.199219
1752788278.860534,579820.000,28113,1,EL,1,100,-16952.800781
1752788278.927035,579886.500,28129,2,EL,1,100,-16954.800781
1752788278.993535,579953.000,28129,2,EL,1,100,-16953.400391
1752788279.060536,580020.000,28145,1,EL,1,100,-16953.199219
1752788279.127036,580086.500,28164,2,EL,1,100,-16954.599609
1752788279.193537,580153.000,28164,2,EL,1,100,-16962.800781
1752788279.260538,580220.000,28181,1,EL,1,100,-16955.000000
1752788279.327038,580286.500,28196,2,EL,1,100,-16957.400391
1752788279.393539,580353.000,28196,2,EL,1,100,-16960.400391
1752788279.460539,580420.000,28212,1,EL,1,100,-16954.599609
1752788279.527040,580486.500,28230,2,EL,1,100,-16955.400391
1752788279.593540,580553.000,28230,2,EL,1,100,-16959.599609
1752788279.660541,580620.000,28246,1,EL,1,100,-16951.199219
1752788279.727041,580686.500,28264,2,EL,1,100,-16958.199219
1752788279.793542,580753.000,28264,2,EL,1,100,-16966.199219
1752788279.860543,580820.000,28279,1,EL,1,100,-16955.400391
1752788279.927043,580886.500,28297,2,EL,1,100,-16955.199219
1752788279.993544,580953.000,28297,2,EL,1,100,-16961.400391
1752788280.060544,581020.000,28313,2,EL,1,100,-16954.400391
1752788280.127545,581087.000,28313,2,EL,1,100,-16958.800781
1752788280.193545,581153.000,28330,1,EL,1,100,-16962.800781
1752788280.260546,581220.000,28345,2,EL,1,100,-16959.199219
1752788280.327546,581287.000,28345,2,EL,1,100,-16953.599609
1752788280.393547,581353.000,28364,1,EL,1,100,-16958.000000
1752788280.460547,581420.000,28380,2,EL,1,100,-16958.400391
1752788280.527548,581487.000,28380,2,EL,1,100,-16957.800781
1752788280.593549,581553.000,28398,1,EL,1,100,-16958.800781
1752788280.660549,581620.000,28412,2,EL,1,100,-16959.000000
1752788280.727550,581687.000,28412,2,EL,1,100,-16957.599609
1752788280.793550,581753.000,28429,1,EL,1,100,-16963.800781
1752788280.860551,581820.000,28448,2,EL,1,100,-16956.800781
1752788280.927551,581887.000,28448,2,EL,1,100,-16959.000000
1752788280.993552,581953.000,28467,1,EL,1,100,-16958.000000
1752788281.060552,582020.000,28481,2,EL,1,100,-16956.400391
1752788281.127553,582087.000,28481,2,EL,1,100,-16958.000000
1752788281.193554,582153.000,28498,1,EL,1,100,-16968.199219
1752788281.260554,582220.000,28515,2,EL,1,100,-16964.199219
1752788281.327555,582287.000,28515,2,EL,1,100,-16964.000000
1752788281.393555,582353.000,28532,1,EL,1,100,-16968.400391
1752788281.460056,582419.500,28548,2,EL,1,100,-16964.000000
1752788281.526556,582486.000,28548,2,EL,1,100,-16960.000000
1752788281.593557,582553.000,28566,1,EL,1,100,-16962.599609
1752788281.660057,582619.500,28582,2,EL,1,100,-16961.800781
1752788281.726558,582686.000,28582,2,EL,1,100,-16962.199219
1752788281.793558,582753.000,28599,1,EL,1,100,-16967.400391
1752788281.860059,582819.500,28614,2,EL,1,100,-16965.400391
1752788281.926560,582886.000,28614,2,EL,1,100,-16963.800781
1752788281.993560,582953.000,28631,1,EL,1,100,-16965.400391
1752788282.060561,583020.000,28647,2,EL,1,100,-16964.599609
1752788282.127561,583087.000,28647,2,EL,1,100,-16963.199219
1752788282.193562,583153.000,28666,1,EL,1,100,-16969.400391
1752788282.260062,583219.500,28682,2,EL,1,100,-16972.599609
1752788282.326563,583286.000,28682,2,EL,1,100,-16963.800781
1752788282.393563,583353.000,28698,2,EL,1,100,-16967.000000
1752788282.460564,583420.000,28698,2,EL,1,100,-16969.000000
1752788282.526565,583486.000,28714,1,EL,1,100,-16965.199219
1752788282.593565,583553.000,28732,2,EL,1,100,-16964.599609
1752788282.660566,583620.000,28732,2,EL,1,100,-16968.000000
1752788282.726566,583686.000,28748,1,EL,1,100,-16969.800781
1752788282.793567,583753.000,28765,2,EL,1,100,-16970.199219
1752788282.860567,583820.000,28765,2,EL,1,100,-16971.000000
1752788282.926568,583886.000,28782,1,EL,1,100,-16967.199219
1752788282.993568,583953.000,28799,2,EL,1,100,-16967.199219
1752788283.060569,584020.000,28799,2,EL,1,100,-16968.599609
1752788283.126569,584086.000,28815,1,EL,1,100,-16967.599609
1752788283.193570,584153.000,28831,2,EL,1,100,-16971.199219
1752788283.260571,584220.000,28831,2,EL,1,100,-16972.599609
1752788283.326571,584286.000,28852,1,EL,1,100,-16966.599609
1752788283.393572,584353.000,28871,2,EL,1,100,-16968.800781
1752788283.460572,584420.000,28871,2,EL,1,100,-16969.800781
1752788283.526573,584486.000,28887,1,EL,1,100,-16967.400391
1752788283.593573,584553.000,28903,2,EL,1,100,-16968.000000
1752788283.660574,584620.000,28903,2,EL,1,100,-16969.800781
1752788283.726574,584686.000,28919,1,EL,1,100,-16970.800781
1752788283.793575,584753.000,28936,2,EL,1,100,-16970.800781
1752788283.860576,584820.000,28936,2,EL,1,100,-16975.599609
1752788283.926576,584886.000,28953,1,EL,1,100,-16971.199219
1752788283.993577,584953.000,28970,2,EL,1,100,-16974.199219
1752788284.060577,585020.000,28970,2,EL,1,100,-16975.400391
1752788284.126578,585086.000,28986,1,EL,1,100,-16970.400391
1752788284.193578,585153.000,29004,2,EL,1,100,-16969.800781
1752788284.260579,585220.000,29004,2,EL,1,100,-16977.599609
1752788284.326579,585286.000,29020,1,EL,1,100,-16971.000000
1752788284.393580,585353.000,29036,2,EL,1,100,-16970.599609
1752788284.460580,585420.000,29036,2,EL,1,100,-16981.000000
1752788284.527081,585486.500,29052,2,EL,1,100,-16973.199219
1752788284.593582,585553.000,29052,2,EL,1,100,-16969.599609
1752788284.660582,585620.000,29071,1,EL,1,100,-16979.800781
1752788284.727083,585686.500,29087,2,EL,1,100,-16971.599609
1752788284.793583,585753.000,29087,2,EL,1,100,-16974.000000
1752788284.859584,585819.000,29104,1,EL,1,100,-16980.400391
1752788284.926584,585886.000,29119,2,EL,1,100,-16976.199219
1752788284.993585,585953.000,29119,2,EL,1,100,-16975.199219
1752788285.059585,586019.000,29136,1,EL,1,100,-16972.800781
1752788285.126586,586086.000,29152,2,EL,1,100,-16974.400391
1752788285.193586,586153.000,29152,2,EL,1,100,-16977.400391
1752788285.259587,586219.000,29172,1,EL,1,100,-16978.199219
1752788285.326588,586286.000,29186,2,EL,1,100,-16975.599609
1752788285.393588,586353.000,29186,2,EL,1,100,-16970.000000
1752788285.459589,586419.000,29203,1,EL,1,100,-16981.199219
1752788285.526589,586486.000,29220,2,EL,1,100,-16978.400391
1752788285.593590,586553.000,29220,2,EL,1,100,-16972.599609
1752788285.659590,586619.000,29237,1,EL,1,100,-16981.400391
1752788285.726591,586686.000,29251,2,EL,1,100,-16980.599609
1752788285.793591,586753.000,29251,2,EL,1,100,-16978.599609
1752788285.859592,586819.000,29268,1,EL,1,100,-16980.400391
1752788285.926593,586886.000,29289,2,EL,1,100,-16978.000000
1752788285.993593,586953.000,29289,2,EL,1,100,-16978.000000
1752788286.060594,587020.000,29306,1,EL,1,100,-16977.800781
1752788286.127094,587086.500,29320,2,EL,1,100,-16976.000000
1752788286.193595,587153.000,29320,2,EL,1,100,-16977.800781
1752788286.260595,587220.000,29338,1,EL,1,100,-16980.199219
1752788286.327096,587286.500,29354,2,EL,1,100,-16979.599609
1752788286.393596,587353.000,29354,2,EL,1,100,-16979.800781
1752788286.460597,587420.000,29371,1,EL,1,100,-16980.400391
1752788286.527097,587486.500,29388,2,EL,1,100,-16983.000000
1752788286.593598,587553.000,29388,2,EL,1,100,-16976.800781
1752788286.659599,587619.000,29405,1,EL,1,100,-16981.199219
1752788286.726599,587686.000,29421,2,EL,1,100,-16983.000000
1752788286.793600,587753.000,29421,2,EL,1,100,-16978.599609
1752788286.859600,587819.000,29438,1,EL,1,100,-16981.400391
1752788286.926601,587886.000,29455,2,EL,1,100,-16985.800781
1752788286.993601,587953.000,29455,2,EL,1,100,-16980.400391
1752788287.060102,588019.500,29470,2,EL,1,100,-16980.199219
1752788287.126602,588086.000,29470,2,EL,1,100,-16979.599609
1752788287.193603,588153.000,29488,1,EL,1,100,-16981.400391
1752788287.260104,588219.500,29506,2,EL,1,100,-16984.199219
1752788287.326604,588286.000,29506,2,EL,1,100,-16985.199219
1752788287.393605,588353.000,29522,1,EL,1,100,-16983.599609
1752788287.460105,588419.500,29537,2,EL,1,100,-16987.400391
1752788287.526606,588486.000,29537,2,EL,1,100,-16986.000000
1752788287.593606,588553.000,29554,1,EL,1,100,-16983.000000
1752788287.660107,588619.500,29571,2,EL,1,100,-16986.199219
1752788287.726607,588686.000,29571,2,EL,1,100,-16986.400391
1752788287.793608,588753.000,29589,1,EL,1,100,-16983.199219
1752788287.860108,588819.500,29605,2,EL,1,100,-16986.599609
1752788287.926609,588886.000,29605,2,EL,1,100,-16983.800781
1752788287.993610,588953.000,29621,1,EL,1,100,-16982.400391
1752788288.060110,589019.500,29638,2,EL,1,100,-16983.000000
1752788288.126611,589086.000,29638,2,EL,1,100,-16985.400391
1752788288.192611,589152.000,29654,1,EL,1,100,-16986.599609
1752788288.259612,589219.000,29670,2,EL,1,100,-16987.000000
1752788288.326612,589286.000,29670,2,EL,1,100,-16985.599609
1752788288.393113,589352.500,29693,2,EL,1,100,-16985.599609
1752788288.459613,589419.000,29693,2,EL,1,100,-16988.199219
1752788288.526614,589486.000,29710,1,EL,1,100,-16985.199219
1752788288.593115,589552.500,29727,2,EL,1,100,-16986.199219
1752788288.659615,589619.000,29727,2,EL,1,100,-16989.599609
1752788288.726616,589686.000,29744,1,EL,1,100,-16992.800781
1752788288.793116,589752.500,29758,2,EL,1,100,-16987.199219
1752788288.859617,589819.000,29758,2,EL,1,100,-16987.400391
1752788288.926617,589886.000,29776,1,EL,1,100,-16993.800781
1752788288.993118,589952.500,29794,2,EL,1,100,-16988.400391
1752788289.059618,590019.000,29794,2,EL,1,100,-16987.599609
1752788289.126619,590086.000,29811,1,EL,1,100,-16987.800781
1752788289.193119,590152.500,29826,2,EL,1,100,-16993.199219
1752788289.259620,590219.000,29826,2,EL,1,100,-16996.599609
1752788289.326287,590285.667,29843,3,EL,1,100,-16995.400391
1752788289.392954,590352.333,29843,3,EL,1,100,-16992.800781
1752788289.459622,590419.000,29843,3,EL,1,100,-16994.800781
1752788289.526222,590485.600,29863,5,EL,1,100,-16997.000000
1752788289.592823,590552.200,29863,5,EL,1,100,-16989.199219
1752788289.659423,590618.800,29863,5,EL,1,100,-16996.000000
1752788289.726024,590685.400,29863,5,EL,1,100,-17000.199219
1752788289.792624,590752.000,29863,5,EL,1,100,-16995.400391
1752788289.859625,590819.000,29879,1,EL,1,100,-17000.199219
1752788289.926126,590885.500,29897,2,EL,1,100,-17000.800781
1752788289.992626,590952.000,29897,2,EL,1,100,-16996.199219
1752788290.059627,591019.000,29913,1,EL,1,100,-16995.800781
1752788290.126127,591085.500,29928,2,EL,1,100,-16997.599609
1752788290.192628,591152.000,29928,2,EL,1,100,-16998.000000
1752788290.259628,591219.000,29947,1,EL,1,100,-16999.000000
1752788290.326129,591285.500,29964,2,EL,1,100,-16998.199219
1752788290.392629,591352.000,29964,2,EL,1,100,-16998.199219
1752788290.459630,591419.000,29980,1,EL,1,100,-16991.199219
1752788290.526130,591485.500,29997,2,EL,1,100,-16740.000000
1752788290.592631,591552.000,29997,2,EL,1,100,-16502.599609
1752788290.659632,591619.000,30012,1,EL,1,100,-16460.400391
1752788290.726132,591685.500,30029,2,EL,1,100,-16462.400391
1752788290.792633,591752.000,30029,2,EL,1,100,-16478.599609
1752788290.859633,591819.000,30048,2,EL,1,100,-16487.800781
1752788290.926634,591886.000,30048,2,EL,1,100,-16501.400391
1752788290.992634,591952.000,30067,1,EL,1,100,-16516.599609
1752788291.059635,592019.000,30081,2,EL,1,100,-16531.400391
1752788291.126635,592086.000,30081,2,EL,1,100,-16543.800781
1752788291.192636,592152.000,30098,1,EL,1,100,-16555.199219
1752788291.259636,592219.000,30115,2,EL,1,100,-16560.199219
1752788291.326637,592286.000,30115,2,EL,1,100,-16566.400391
1752788291.392638,592352.000,30132,1,EL,1,100,-16574.800781
1752788291.459638,592419.000,30146,2,EL,1,100,-16582.199219
1752788291.526639,592486.000,30146,2,EL,1,100,-16588.000000
1752788291.592639,592552.000,30166,1,EL,1,100,-16597.199219
1752788291.659140,592618.500,30182,2,EL,1,100,-16608.000000
1752788291.725640,592685.000,30182,2,EL,1,100,-16614.599609
1752788291.792641,592752.000,30199,1,EL,1,100,-16624.199219
1752788291.859141,592818.500,30214,2,EL,1,100,-16627.800781
1752788291.925642,592885.000,30214,2,EL,1,100,-16632.199219
1752788291.992643,592952.000,30231,1,EL,1,100,-16640.000000
1752788292.059143,593018.500,30247,2,EL,1,100,-16646.599609
1752788292.125644,593085.000,30247,2,EL,1,100,-16651.800781
1752788292.192644,593152.000,30264,1,EL,1,100,-16659.400391
1752788292.259145,593218.500,30281,2,EL,1,100,-16664.400391
1752788292.325645,593285.000,30281,2,EL,1,100,-16668.000000
1752788292.392646,593352.000,30298,1,EL,1,100,-16674.199219
1752788292.459146,593418.500,30314,2,EL,1,100,-16677.599609
1752788292.525647,593485.000,30314,2,EL,1,100,-16683.199219
1752788292.592647,593552.000,30332,1,EL,1,100,-16688.199219
1752788292.659148,593618.500,30346,2,EL,1,100,-16693.400391
1752788292.725649,593685.000,30346,2,EL,1,100,-16699.199219
1752788292.792649,593752.000,30365,1,EL,1,100,-16709.599609
1752788292.859150,593818.500,30382,2,EL,1,100,-16714.400391
1752788292.925650,593885.000,30382,2,EL,1,100,-16712.599609
1752788292.992651,593952.000,30399,2,EL,1,100,-16718.599609
1752788293.059651,594019.000,30399,2,EL,1,100,-16724.400391
1752788293.125652,594085.000,30415,1,EL,1,100,-16729.800781
1752788293.192652,594152.000,30431,2,EL,1,100,-16735.800781
1752788293.259653,594219.000,30431,2,EL,1,100,-16741.599609
1752788293.325654,594285.000,30447,1,EL,1,100,-16744.800781
1752788293.392654,594352.000,30466,2,EL,1,100,-16749.199219
1752788293.459655,594419.000,30466,2,EL,1,100,-16755.000000
1752788293.525655,594485.000,30487,1,EL,1,100,-16758.400391
1752788293.592656,594552.000,30505,2,EL,1,100,-16763.599609
1752788293.659656,594619.000,30505,2,EL,1,100,-16762.599609
1752788293.725657,594685.000,30521,1,EL,1,100,-16768.400391
1752788293.792657,594752.000,30540,2,EL,1,100,-16773.599609
1752788293.859658,594819.000,30540,2,EL,1,100,-16774.400391
1752788293.925658,594885.000,30557,1,EL,1,100,-16779.199219
1752788293.992659,594952.000,30572,2,EL,1,100,-16784.599609
1752788294.059660,595019.000,30572,2,EL,1,100,-16788.599609
1752788294.125660,595085.000,30590,1,EL,1,100,-16792.000000
1752788294.192661,595152.000,30610,2,EL,1,100,-16794.599609
1752788294.259661,595219.000,30610,2,EL,1,100,-16799.199219
1752788294.325662,595285.000,30626,1,EL,1,100,-16801.199219
1752788294.392662,595352.000,30641,2,EL,1,100,-16802.199219
1752788294.459663,595419.000,30641,2,EL,1,100,-16804.599609
1752788294.525663,595485.000,30657,1,EL,1,100,-16809.800781
1752788294.592664,595552.000,30675,2,EL,1,100,-16812.199219
1752788294.659665,595619.000,30675,2,EL,1,100,-16819.199219
1752788294.725665,595685.000,30693,1,EL,1,100,-16818.199219
1752788294.792166,595751.500,30708,2,EL,1,100,-16820.800781
1752788294.858666,595818.000,30708,2,EL,1,100,-16825.800781
1752788294.925667,595885.000,30727,1,EL,1,100,-16824.400391
1752788294.992667,595952.000,30744,2,EL,1,100,-16825.199219
1752788295.059668,596019.000,30744,2,EL,1,100,-16828.800781
1752788295.125668,596085.000,30760,1,EL,1,100,-16831.800781
1752788295.192669,596152.000,30777,2,EL,1,100,-16831.800781
1752788295.259669,596219.000,30777,2,EL,1,100,-16837.400391
1752788295.325670,596285.000,30792,1,EL,1,100,-16841.000000
1752788295.392171,596351.500,30813,2,EL,1,100,-16842.000000
1752788295.458671,596418.000,30813,2,EL,1,100,-16843.199219
1752788295.525672,596485.000,30830,2,EL,1,100,-16844.599609
1752788295.592672,596552.000,30830,2,EL,1,100,-16846.599609
1752788295.659673,596619.000,30847,1,EL,1,100,-16850.000000
1752788295.726173,596685.500,30861,2,EL,1,100,-16853.199219
1752788295.792674,596752.000,30861,2,EL,1,100,-16853.599609
1752788295.859674,596819.000,30878,1,EL,1,100,-16863.599609
1752788295.926175,596885.500,30899,2,EL,1,100,-16861.599609
1752788295.992676,596952.000,30899,2,EL,1,100,-16858.800781
1752788296.058676,597018.000,30916,1,EL,1,100,-16861.599609
1752788296.125677,597085.000,30930,2,EL,1,100,-16863.199219
1752788296.192677,597152.000,30930,2,EL,1,100,-16863.599609
1752788296.258678,597218.000,30948,1,EL,1,100,-16869.400391
1752788296.325678,597285.000,30966,2,EL,1,100,-16875.000000
1752788296.392679,597352.000,30966,2,EL,1,100,-16873.000000
1752788296.458679,597418.000,30985,1,EL,1,100,-16876.400391
1752788296.525680,597485.000,31000,2,EL,1,100,-16878.599609
1752788296.592680,597552.000,31000,2,EL,1,100,-16876.599609
1752788296.658681,597618.000,31017,1,EL,1,100,-16880.199219
1752788296.725682,597685.000,31033,2,EL,1,100,-16881.800781
1752788296.792682,597752.000,31033,2,EL,1,100,-16885.400391
1752788296.858683,597818.000,31050,1,EL,1,100,-16893.000000
1752788296.925683,597885.000,31067,2,EL,1,100,-16889.199219
1752788296.992684,597952.000,31067,2,EL,1,100,-16887.400391
1752788297.058684,598018.000,31084,1,EL,1,100,-16890.199219
1752788297.125685,598085.000,31102,2,EL,1,100,-16889.800781
1752788297.192685,598152.000,31102,2,EL,1,100,-16892.000000
1752788297.259686,598219.000,31120,1,EL,1,100,-16894.000000
1752788297.326187,598285.500,31136,2,EL,1,100,-16897.000000
1752788297.392687,598352.000,31136,2,EL,1,100,-16897.400391
1752788297.458688,598418.000,31153,1,EL,1,100,-16900.400391
1752788297.525688,598485.000,31170,2,EL,1,100,-16899.800781
1752788297.592689,598552.000,31170,2,EL,1,100,-16902.199219
1752788297.659189,598618.500,31191,2,EL,1,100,-16905.000000
1752788297.725690,598685.000,31191,2,EL,1,100,-16903.000000
1752788297.792690,598752.000,31207,1,EL,1,100,-16904.599609
1752788297.859191,598818.500,31223,2,EL,1,100,-16906.199219
1752788297.925691,598885.000,31223,2,EL,1,100,-16910.400391
1752788297.992692,598952.000,31239,1,EL,1,100,-16909.599609
1752788298.059193,599018.500,31256,2,EL,1,100,-16915.400391
1752788298.125693,599085.000,31256,2,EL,1,100,-16916.400391
1752788298.191694,599151.000,31274,1,EL,1,100,-16912.000000
1752788298.258694,599218.000,31292,2,EL,1,100,-16914.599609
1752788298.325695,599285.000,31292,2,EL,1,100,-16911.000000
1752788298.392695,599352.000,31308,1,EL,1,100,-16917.199219
1752788298.459196,599418.500,31325,2,EL,1,100,-16922.800781
1752788298.525696,599485.000,31325,2,EL,1,100,-16923.599609
1752788298.592697,599552.000,31344,1,EL,1,100,-16918.400391
1752788298.659197,599618.500,31364,2,EL,1,100,-16920.599609
1752788298.725698,599685.000,31364,2,EL,1,100,-16920.800781
1752788298.791699,599751.000,31380,1,EL,1,100,-16923.800781
1752788298.858699,599818.000,31400,2,EL,1,100,-16927.599609
1752788298.925700,599885.000,31400,2,EL,1,100,-16935.199219
1752788298.991700,599951.000,31418,1,EL,1,100,-16927.800781
1752788299.058701,600018.000,31433,2,EL,1,100,-16926.400391
1752788299.125701,600085.000,31433,2,EL,1,100,-16926.599609
1752788299.191702,600151.000,31449,1,EL,1,100,-16930.599609
1752788299.258702,600218.000,31467,2,EL,1,100,-16933.599609
1752788299.325703,600285.000,31467,2,EL,1,100,-16942.000000
1752788299.391704,600351.000,31487,1,EL,1,100,-16935.000000
1752788299.458704,600418.000,31503,2,EL,1,100,-16934.599609
1752788299.525705,600485.000,31503,2,EL,1,100,-16943.400391
1752788299.591705,600551.000,31521,1,EL,1,100,-16937.199219
1752788299.658706,600618.000,31538,2,EL,1,100,-16937.000000
1752788299.725706,600685.000,31538,2,EL,1,100,-16941.400391
1752788299.791707,600751.000,31556,1,EL,1,100,-16939.199219
1752788299.858707,600818.000,31573,2,EL,1,100,-16937.599609
1752788299.925708,600885.000,31573,2,EL,1,100,-16948.800781
1752788299.992208,600951.500,31592,2,EL,1,100,-16942.199219
1752788300.058709,601018.000,31592,2,EL,1,100,-16941.199219
1752788300.125710,601085.000,31609,1,EL,1,100,-16943.199219
1752788300.192210,601151.500,31626,2,EL,1,100,-16946.400391
1752788300.258711,601218.000,31626,2,EL,1,100,-16946.599609
1752788300.325711,601285.000,31645,1,EL,1,100,-16946.800781
1752788300.392212,601351.500,31659,2,EL,1,100,-16949.400391
1752788300.458712,601418.000,31659,2,EL,1,100,-16952.000000
1752788300.525713,601485.000,31676,1,EL,1,100,-16959.000000
1752788300.592213,601551.500,31697,2,EL,1,100,-16952.000000
1752788300.658714,601618.000,31697,2,EL,1,100,-16951.800781
1752788300.725715,601685.000,31714,1,EL,1,100,-16960.400391
1752788300.792215,601751.500,31730,2,EL,1,100,-16954.000000
1752788300.858716,601818.000,31730,2,EL,1,100,-16951.199219
1752788300.925716,601885.000,31748,1,EL,1,100,-16959.599609
1752788300.992217,601951.500,31768,2,EL,1,100,-16954.599609
1752788301.058717,602018.000,31768,2,EL,1,100,-16958.199219
1752788301.125718,602085.000,31785,1,EL,1,100,-16956.400391
1752788301.192218,602151.500,31802,2,EL,1,100,-16955.800781
1752788301.258719,602218.000,31802,2,EL,1,100,-16956.400391
1752788301.325719,602285.000,31819,1,EL,1,100,-16956.000000
1752788301.392220,602351.500,31835,2,EL,1,100,-16956.199219
1752788301.458721,602418.000,31835,2,EL,1,100,-16961.000000
1752788301.525721,602485.000,31852,1,EL,1,100,-16965.400391
1752788301.592222,602551.500,31869,2,EL,1,100,-16962.000000
1752788301.658722,602618.000,31869,2,EL,1,100,-16959.199219
1752788301.725723,602685.000,31886,1,EL,1,100,-16965.599609
1752788301.792223,602751.500,31904,2,EL,1,100,-16966.000000
1752788301.858724,602818.000,31904,2,EL,1,100,-16967.599609
1752788301.925724,602885.000,31922,1,EL,1,100,-16968.000000
1752788301.992225,602951.500,31939,2,EL,1,100,-16965.599609
1752788302.058726,603018.000,31939,2,EL,1,100,-16961.400391
1752788302.125726,603085.000,31955,1,EL,1,100,-16964.800781
1752788302.192227,603151.500,31972,2,EL,1,100,-16969.000000
1752788302.258727,603218.000,31972,2,EL,1,100,-16970.400391
1752788302.325228,603284.500,31991,2,EL,1,100,-16969.800781
1752788302.391728,603351.000,31991,2,EL,1,100,-16968.400391
1752788302.458729,603418.000,32009,1,EL,1,100,-16974.199219
1752788302.525229,603484.500,32027,2,EL,1,100,-16974.400391
1752788302.591730,603551.000,32027,2,EL,1,100,-16972.199219
1752788302.658730,603618.000,32043,1,EL,1,100,-16971.400391
1752788302.725231,603684.500,32060,2,EL,1,100,-16974.000000
1752788302.791732,603751.000,32060,2,EL,1,100,-16977.199219
1752788302.858732,603818.000,32078,1,EL,1,100,-16971.199219
1752788302.925233,603884.500,32094,2,EL,1,100,-16973.400391
1752788302.991733,603951.000,32094,2,EL,1,100,-16980.400391
1752788303.058734,604018.000,32112,1,EL,1,100,-16978.400391
1752788303.125234,604084.500,32129,2,EL,1,100,-16975.199219
1752788303.191735,604151.000,32129,2,EL,1,100,-16978.199219
1752788303.258735,604218.000,32146,1,EL,1,100,-16980.199219
1752788303.325236,604284.500,32163,2,EL,1,100,-16978.000000
1752788303.391737,604351.000,32163,2,EL,1,100,-16976.400391
1752788303.458737,604418.000,32179,1,EL,1,100,-16981.199219
1752788303.525238,604484.500,32197,2,EL,1,100,-16985.800781
1752788303.591738,604551.000,32197,2,EL,1,100,-16985.400391
1752788303.658739,604618.000,32215,1,EL,1,100,-16978.800781
1752788303.725239,604684.500,32235,2,EL,1,100,-16979.000000
1752788303.791740,604751.000,32235,2,EL,1,100,-16986.400391
1752788303.858740,604818.000,32251,1,EL,1,100,-16982.599609
1752788303.925241,604884.500,32269,2,EL,1,100,-16982.400391
1752788303.991741,604951.000,32269,2,EL,1,100,-16989.400391
1752788304.058742,605018.000,32285,1,EL,1,100,-16983.199219
1752788304.125243,605084.500,32301,2,EL,1,100,-16983.599609
1752788304.191743,605151.000,32301,2,EL,1,100,-16986.599609
1752788304.258744,605218.000,32319,1,EL,1,100,-16983.199219
1752788304.325244,605284.500,32336,2,EL,1,100,-16985.800781
1752788304.391745,605351.000,32336,2,EL,1,100,-16983.000000
1752788304.458745,605418.000,32352,1,EL,1,100,-16985.000000
1752788304.525246,605484.500,32369,2,EL,1,100,-16989.599609
1752788304.591746,605551.000,32369,2,EL,1,100,-16995.800781
1752788304.658247,605617.500,32384,2,EL,1,100,-16990.800781
1752788304.724747,605684.000,32384,2,EL,1,100,-16987.000000
1752788304.791748,605751.000,32401,1,EL,1,100,-16987.199219
1752788304.858249,605817.500,32420,2,EL,1,100,-16987.199219
1752788304.924749,605884.000,32420,2,EL,1,100,-16988.599609
1752788304.991750,605951.000,32437,1,EL,1,100,-16989.199219
1752788305.058250,606017.500,32451,2,EL,1,100,-16988.400391
1752788305.124751,606084.000,32451,2,EL,1,100,-16991.400391
1752788305.191751,606151.000,32468,1,EL,1,100,-17000.400391
1752788305.258252,606217.500,32485,2,EL,1,100,-16994.599609
1752788305.324752,606284.000,32485,2,EL,1,100,-16995.199219
1752788305.391753,606351.000,32502,1,EL,1,100,-16993.199219
1752788305.458254,606417.500,32518,2,EL,1,100,-16993.400391
1752788305.524754,606484.000,32518,2,EL,1,100,-16997.000000
1752788305.591755,606551.000,32536,1,EL,1,100,-17001.800781
1752788305.658255,606617.500,32552,2,EL,1,100,-16999.800781
1752788305.724756,606684.000,32552,2,EL,1,100,-16999.599609
1752788305.791756,606751.000,32569,1,EL,1,100,-17004.000000
1752788305.858257,606817.500,32584,2,EL,1,100,-17001.199219
1752788305.924757,606884.000,32584,2,EL,1,100,-17000.400391
1752788305.991758,606951.000,32603,1,EL,1,100,-17003.199219
1752788306.058258,607017.500,32623,2,EL,1,100,-16998.800781
1752788306.124759,607084.000,32623,2,EL,1,100,-16997.000000
1752788306.191760,607151.000,32640,1,EL,1,100,-17005.599609
1752788306.258260,607217.500,32655,2,EL,1,100,-17002.000000
1752788306.324761,607284.000,32655,2,EL,1,100,-16998.000000
1752788306.391761,607351.000,32672,1,EL,1,100,-17007.000000
1752788306.458262,607417.500,32688,2,EL,1,100,-17002.800781
1752788306.524762,607484.000,32688,2,EL,1,100,-17002.199219
1752788306.591763,607551.000,32706,1,EL,1,100,-17009.800781
1752788306.658263,607617.500,32723,2,EL,1,100,-17007.000000
1752788306.724764,607684.000,32723,2,EL,1,100,-17004.400391
1752788306.791265,607750.500,32739,2,EL,1,100,-17007.000000
1752788306.857765,607817.000,32739,2,EL,1,100,-17005.199219
1752788306.924766,607884.000,32756,1,EL,1,100,-17005.599609
1752788306.991266,607950.500,32773,2,EL,1,100,-17005.599609
1752788307.057767,608017.000,32773,2,EL,1,100,-17005.599609
1752788307.124767,608084.000,32789,1,EL,1,100,-17004.400391
1752788307.191268,608150.500,32805,2,EL,1,100,-17006.199219
1752788307.257768,608217.000,32805,2,EL,1,100,-17013.199219
1752788307.324769,608284.000,32821,1,EL,1,100,-17006.000000
1752788307.391269,608350.500,32840,2,EL,1,100,-17007.800781
1752788307.457770,608417.000,32840,2,EL,1,100,-17012.000000
1752788307.524771,608484.000,32856,1,EL,1,100,-17010.400391
1752788307.591271,608550.500,32872,2,EL,1,100,-17009.800781
1752788307.657772,608617.000,32872,2,EL,1,100,-17006.599609
1752788307.724772,608684.000,32888,1,EL,1,100,-17008.800781
1752788307.791273,608750.500,32905,2,EL,1,100,-17011.000000
1752788307.857773,608817.000,32905,2,EL,1,100,-17019.800781
1752788307.924774,608884.000,32922,1,EL,1,100,-17013.199219
1752788307.991274,608950.500,32939,2,EL,1,100,-17012.000000
1752788308.057775,609017.000,32939,2,EL,1,100,-17007.800781
1752788308.124776,609084.000,32955,1,EL,1,100,-17010.400391
1752788308.191276,609150.500,32973,2,EL,1,100,-17011.199219
1752788308.257777,609217.000,32973,2,EL,1,100,-17018.199219
1752788308.324777,609284.000,32989,1,EL,1,100,-17012.199219
1752788308.391278,609350.500,33005,2,EL,1,100,-17016.400391
1752788308.457778,609417.000,33005,2,EL,1,100,-17022.400391
1752788308.524779,609484.000,33022,1,EL,1,100,-17013.199219
1752788308.591279,609550.500,33040,2,EL,1,100,-17010.599609
1752788308.657780,609617.000,33040,2,EL,1,100,-17012.800781
1752788308.724280,609683.500,33056,2,EL,1,100,-17015.199219
1752788308.790781,609750.000,33056,2,EL,1,100,-17019.000000
1752788308.857448,609816.667,33079,3,EL,1,100,-17026.199219
1752788308.924115,609883.333,33079,3,EL,1,100,-17020.400391
1752788308.990783,609950.000,33079,3,EL,1,100,-17016.000000
1752788309.057783,610017.000,33096,1,EL,1,100,-17028.000000
1752788309.124284,610083.500,33114,2,EL,1,100,-17016.400391
1752788309.190784,610150.000,33114,2,EL,1,100,-17015.000000
1752788309.257785,610217.000,33132,1,EL,1,100,-17024.199219
1752788309.324285,610283.500,33146,2,EL,1,100,-17023.000000
1752788309.390786,610350.000,33146,2,EL,1,100,-17014.800781
1752788309.457787,610417.000,33163,1,EL,1,100,-17027.199219
1752788309.524287,610483.500,33180,2,EL,1,100,-17020.400391
1752788309.590788,610550.000,33180,2,EL,1,100,-17018.199219
1752788309.657788,610617.000,33197,1,EL,1,100,-17018.599609
1752788309.724289,610683.500,33213,2,EL,1,100,-17020.800781
1752788309.790789,610750.000,33213,2,EL,1,100,-17020.599609
1752788309.857790,610817.000,33230,1,EL,1,100,-17029.199219
1752788309.924290,610883.500,33247,2,EL,1,100,-17022.800781
1752788309.990791,610950.000,33247,2,EL,1,100,-17019.599609
1752788310.057791,611017.000,33264,1,EL,1,100,-17029.800781
1752788310.124292,611083.500,33278,2,EL,1,100,-17026.400391
1752788310.190793,611150.000,33278,2,EL,1,100,-17021.199219
1752788310.257793,611217.000,33296,1,EL,1,100,-17029.400391
1752788310.324294,611283.500,33314,2,EL,1,100,-17027.199219
1752788310.390794,611350.000,33314,2,EL,1,100,-17021.599609
1752788310.457795,611417.000,33331,1,EL,1,100,-17031.199219
1752788310.524295,611483.500,33347,2,EL,1,100,-17028.199219
1752788310.590796,611550.000,33347,2,EL,1,100,-17021.599609
1752788310.657796,611617.000,33363,1,EL,1,100,-17023.599609
1752788310.724297,611683.500,33379,2,EL,1,100,-17027.000000
1752788310.790798,611750.000,33379,2,EL,1,100,-17026.199219
1752788310.857798,611817.000,33399,2,EL,1,100,-17030.199219
1752788310.924799,611884.000,33399,2,EL,1,100,-17029.599609
1752788310.990799,611950.000,33417,1,EL,1,100,-17024.199219
1752788311.057800,612017.000,33432,2,EL,1,100,-17028.400391
1752788311.124800,612084.000,33432,2,EL,1,100,-17032.800781
1752788311.190801,612150.000,33448,1,EL,1,100,-17027.599609
1752788311.257801,612217.000,33466,2,EL,1,100,-17032.000000
1752788311.324802,612284.000,33466,2,EL,1,100,-17033.000000
1752788311.390802,612350.000,33482,1,EL,1,100,-17025.599609
1752788311.457303,612416.500,33499,2,EL,1,100,-17031.599609
1752788311.523804,612483.000,33499,2,EL,1,100,-17035.400391
1752788311.590804,612550.000,33516,1,EL,1,100,-17026.599609
1752788311.657305,612616.500,33533,2,EL,1,100,-17027.000000
1752788311.723805,612683.000,33533,2,EL,1,100,-17031.400391
1752788311.790806,612750.000,33549,1,EL,1,100,-17027.000000
1752788311.857806,612817.000,33565,2,EL,1,100,-17029.599609
1752788311.924807,612884.000,33565,2,EL,1,100,-17029.599609
1752788311.990807,612950.000,33583,1,EL,1,100,-17030.400391
1752788312.057308,613016.500,33600,2,EL,1,100,-17031.400391
1752788312.123808,613083.000,33600,2,EL,1,100,-17039.599609
1752788312.190809,613150.000,33616,1,EL,1,100,-17030.800781
1752788312.257310,613216.500,33632,2,EL,1,100,-17033.800781
1752788312.323810,613283.000,33632,2,EL,1,100,-17040.800781
1752788312.390811,613350.000,33648,1,EL,1,100,-17030.800781
1752788312.457811,613417.000,33665,2,EL,1,100,-17030.599609
1752788312.524812,613484.000,33665,2,EL,1,100,-17043.000000
1752788312.590812,613550.000,33684,1,EL,1,100,-17032.599609
1752788312.657313,613616.500,33700,2,EL,1,100,-17031.800781
1752788312.723813,613683.000,33700,2,EL,1,100,-17045.400391
1752788312.790814,613750.000,33715,2,EL,1,100,-17037.800781
1752788312.857815,613817.000,33715,2,EL,1,100,-17037.199219
1752788312.923815,613883.000,33733,1,EL,1,100,-17043.000000
1752788312.990816,613950.000,33749,2,EL,1,100,-17034.599609
1752788313.057816,614017.000,33749,2,EL,1,100,-17036.199219
1752788313.123817,614083.000,33766,1,EL,1,100,-17036.400391
1752788313.190817,614150.000,33781,2,EL,1,100,-17038.000000
1752788313.257818,614217.000,33781,2,EL,1,100,-17040.400391
1752788313.323818,614283.000,33800,1,EL,1,100,-17045.000000
1752788313.390819,614350.000,33816,2,EL,1,100,-17037.400391
1752788313.457819,614417.000,33816,2,EL,1,100,-17035.000000
1752788313.523820,614483.000,33833,1,EL,1,100,-17042.400391
1752788313.590821,614550.000,33848,2,EL,1,100,-17039.199219
1752788313.657821,614617.000,33848,2,EL,1,100,-17037.400391
1752788313.723822,614683.000,33865,1,EL,1,100,-17048.800781
1752788313.790822,614750.000,33881,2,EL,1,100,-17043.800781
1752788313.857823,614817.000,33881,2,EL,1,100,-17043.400391
1752788313.923823,614883.000,33901,1,EL,1,100,-17043.800781
1752788313.990824,614950.000,33921,2,EL,1,100,-17038.599609
1752788314.057824,615017.000,33921,2,EL,1,100,-17040.400391
1752788314.124325,615083.500,33937,2,EL,1,100,-17038.800781
1752788314.190826,615150.000,33937,2,EL,1,100,-17041.400391
1752788314.257826,615217.000,33954,1,EL,1,100,-17039.599609
1752788314.324327,615283.500,33970,2,EL,1,100,-17042.199219
1752788314.390827,615350.000,33970,2,EL,1,100,-17042.599609
1752788314.457828,615417.000,33987,1,EL,1,100,-17050.199219
1752788314.524328,615483.500,34005,2,EL,1,100,-17049.599609
1752788314.590829,615550.000,34005,2,EL,1,100,-17045.400391
1752788314.657329,615616.500,34021,2,EL,1,100,-17043.400391
1752788314.723830,615683.000,34021,2,EL,1,100,-17043.400391
1752788314.790830,615750.000,34037,1,EL,1,100,-17045.000000
1752788314.857331,615816.500,34055,2,EL,1,100,-17042.000000
1752788314.923832,615883.000,34055,2,EL,1,100,-17042.199219
1752788314.990832,615950.000,34071,1,EL,1,100,-17048.400391
1752788315.057333,616016.500,34088,2,EL,1,100,-17048.199219
1752788315.123833,616083.000,34088,2,EL,1,100,-17049.800781
1752788315.190834,616150.000,34104,1,EL,1,100,-17044.800781
1752788315.257334,616216.500,34122,2,EL,1,100,-17050.599609
1752788315.323835,616283.000,34122,2,EL,1,100,-17052.800781
1752788315.390835,616350.000,34138,1,EL,1,100,-17044.199219
1752788315.457336,616416.500,34153,2,EL,1,100,-17049.400391
1752788315.523837,616483.000,34153,2,EL,1,100,-17053.000000
1752788315.590837,616550.000,34170,1,EL,1,100,-17050.199219
1752788315.657338,616616.500,34189,2,EL,1,100,-17046.800781
1752788315.723838,616683.000,34189,2,EL,1,100,-17046.199219
1752788315.790839,616750.000,34205,1,EL,1,100,-17049.800781
1752788315.857339,616816.500,34221,2,EL,1,100,-17051.199219
1752788315.923840,616883.000,34221,2,EL,1,100,-17055.000000
1752788315.990840,616950.000,34239,1,EL,1,100,-17046.800781
1752788316.057341,617016.500,34256,2,EL,1,100,-17048.599609
1752788316.123841,617083.000,34256,2,EL,1,100,-17047.800781
1752788316.190842,617150.000,34272,1,EL,1,100,-17048.599609
1752788316.257343,617216.500,34290,2,EL,1,100,-17053.599609
1752788316.323843,617283.000,34290,2,EL,1,100,-17062.000000
1752788316.390844,617350.000,34306,1,EL,1,100,-17052.599609
1752788316.457344,617416.500,34323,2,EL,1,100,-17050.800781
1752788316.523845,617483.000,34323,2,EL,1,100,-17057.599609
1752788316.590845,617550.000,34340,1,EL,1,100,-17051.599609
1752788316.657346,617616.500,34356,2,EL,1,100,-17048.400391
1752788316.723846,617683.000,34356,2,EL,1,100,-17049.599609
1752788316.790847,617750.000,34371,1,EL,1,100,-17050.400391
1752788316.857348,617816.500,34389,2,EL,1,100,-17048.800781
1752788316.923848,617883.000,34389,2,EL,1,100,-17058.000000
1752788316.990849,617950.000,34407,2,EL,1,100,-17048.400391
1752788317.057849,618017.000,34407,2,EL,1,100,-17048.800781
1752788317.123850,618083.000,34424,1,EL,1,100,-17049.599609
1752788317.190350,618149.500,34439,2,EL,1,100,-17051.400391
1752788317.256851,618216.000,34439,2,EL,1,100,-17052.199219
1752788317.323851,618283.000,34456,1,EL,1,100,-17061.000000
1752788317.390352,618349.500,34472,2,EL,1,100,-17053.599609
1752788317.456852,618416.000,34472,2,EL,1,100,-17052.000000
1752788317.523853,618483.000,34491,1,EL,1,100,-17052.599609
1752788317.590354,618549.500,34506,2,EL,1,100,-17052.800781
1752788317.656854,618616.000,34506,2,EL,1,100,-17051.400391
1752788317.723855,618683.000,34523,1,EL,1,100,-17062.000000
1752788317.790355,618749.500,34539,2,EL,1,100,-17055.599609
1752788317.856856,618816.000,34539,2,EL,1,100,-17053.599609
1752788317.923856,618883.000,34557,1,EL,1,100,-17062.599609
1752788317.990357,618949.500,34571,2,EL,1,100,-17058.199219
1752788318.056857,619016.000,34571,2,EL,1,100,-17053.000000
1752788318.123858,619083.000,34590,1,EL,1,100,-17053.599609
1752788318.190359,619149.500,34607,2,EL,1,100,-17053.800781
1752788318.256859,619216.000,34607,2,EL,1,100,-17050.599609
1752788318.323860,619283.000,34624,1,EL,1,100,-17053.000000
1752788318.390360,619349.500,34638,2,EL,1,100,-17056.599609
1752788318.456861,619416.000,34638,2,EL,1,100,-17056.599609
1752788318.523861,619483.000,34655,1,EL,1,100,-17059.599609
1752788318.590362,619549.500,34674,2,EL,1,100,-17061.599609
1752788318.656862,619616.000,34674,2,EL,1,100,-17057.000000
1752788318.723863,619683.000,34691,1,EL,1,100,-17059.199219
1752788318.790363,619749.500,34706,2,EL,1,100,-17058.199219
1752788318.856864,619816.000,34706,2,EL,1,100,-17059.199219
1752788318.923865,619883.000,34723,1,EL,1,100,-17063.000000
1752788318.990365,619949.500,34739,2,EL,1,100,-17064.800781
1752788319.056866,620016.000,34739,2,EL,1,100,-17059.800781
1752788319.123366,620082.500,34761,2,EL,1,100,-17059.400391
1752788319.189867,620149.000,34761,2,EL,1,100,-17059.599609
1752788319.256867,620216.000,34780,2,EL,1,100,-17062.199219
1752788319.323868,620283.000,34780,2,EL,1,100,-17062.800781
1752788319.389868,620349.000,34797,1,EL,1,100,-17064.199219
1752788319.456869,620416.000,34811,2,EL,1,100,-17064.000000
1752788319.523869,620483.000,34811,2,EL,1,100,-17062.599609
1752788319.589870,620549.000,34829,1,EL,1,100,-17071.400391
1752788319.656871,620616.000,34845,2,EL,1,100,-17065.000000
1752788319.723871,620683.000,34845,2,EL,1,100,-17061.000000
1752788319.789872,620749.000,34862,1,EL,1,100,-17063.199219
1752788319.856872,620816.000,34879,2,EL,1,100,-17064.400391
1752788319.923873,620883.000,34879,2,EL,1,100,-17067.000000
1752788319.989873,620949.000,34896,1,EL,1,100,-17064.199219
1752788320.056874,621016.000,34912,2,EL,1,100,-17063.599609
1752788320.123874,621083.000,34912,2,EL,1,100,-17064.400391
1752788320.189875,621149.000,34929,1,EL,1,100,-17064.599609
1752788320.256876,621216.000,34944,2,EL,1,100,-17066.400391
1752788320.323876,621283.000,34944,2,EL,1,100,-17063.599609
1752788320.389877,621349.000,34961,1,EL,1,100,-17065.400391
1752788320.456877,621416.000,34979,2,EL,1,100,-17063.400391
1752788320.523878,621483.000,34979,2,EL,1,100,-17061.599609
1752788320.590378,621549.500,34997,2,EL,1,100,-17064.000000
1752788320.656879,621616.000,34997,2,EL,1,100,-17063.199219
1752788320.723879,621683.000,35013,1,EL,1,100,-17063.800781
1752788320.790380,621749.500,35028,2,EL,1,100,-17065.199219
1752788320.856880,621816.000,35028,2,EL,1,100,-17067.599609
1752788320.923881,621883.000,35045,1,EL,1,100,-17071.000000
1752788320.990382,621949.500,35066,2,EL,1,100,-17071.199219
1752788321.056882,622016.000,35066,2,EL,1,100,-17068.800781
1752788321.123883,622083.000,35082,1,EL,1,100,-17067.400391
1752788321.190383,622149.500,35098,2,EL,1,100,-17069.400391
1752788321.256884,622216.000,35098,2,EL,1,100,-17070.000000
1752788321.323884,622283.000,35114,1,EL,1,100,-17070.000000
1752788321.390385,622349.500,35131,2,EL,1,100,-17071.199219
1752788321.456885,622416.000,35131,2,EL,1,100,-17072.400391
1752788321.523886,622483.000,35147,1,EL,1,100,-17071.400391
1752788321.590387,622549.500,35163,2,EL,1,100,-17072.599609
1752788321.656887,622616.000,35163,2,EL,1,100,-17072.400391
1752788321.723888,622683.000,35181,1,EL,1,100,-17070.800781
1752788321.790388,622749.500,35198,2,EL,1,100,-17071.000000
1752788321.856889,622816.000,35198,2,EL,1,100,-17070.199219
1752788321.923889,622883.000,35215,1,EL,1,100,-17068.599609
1752788321.990390,622949.500,35231,2,EL,1,100,-17070.599609
1752788322.056890,623016.000,35231,2,EL,1,100,-17072.000000
1752788322.123891,623083.000,35246,1,EL,1,100,-17073.400391
1752788322.190391,623149.500,35266,2,EL,1,100,-17073.000000
1752788322.256892,623216.000,35266,2,EL,1,100,-17074.000000
1752788322.323393,623282.500,35282,2,EL,1,100,-17071.199219
1752788322.389893,623349.000,35282,2,EL,1,100,-17069.599609
1752788322.456894,623416.000,35299,1,EL,1,100,-17070.599609
1752788322.523394,623482.500,35314,2,EL,1,100,-17071.800781
1752788322.589895,623549.000,35314,2,EL,1,100,-17076.400391
1752788322.656895,623616.000,35331,1,EL,1,100,-17077.000000
1752788322.723396,623682.500,35347,2,EL,1,100,-17076.599609
1752788322.789896,623749.000,35347,2,EL,1,100,-17074.800781
1752788322.856897,623816.000,35366,1,EL,1,100,-17079.800781
1752788322.923398,623882.500,35381,2,EL,1,100,-17077.199219
1752788322.989898,623949.000,35381,2,EL,1,100,-17074.199219
1752788323.056899,624016.000,35398,1,EL,1,100,-17080.000000
1752788323.123399,624082.500,35414,2,EL,1,100,-17079.800781
1752788323.189900,624149.000,35414,2,EL,1,100,-17077.000000
1752788323.256900,624216.000,35432,1,EL,1,100,-17087.199219
1752788323.323401,624282.500,35448,2,EL,1,100,-17081.599609
1752788323.389901,624349.000,35448,2,EL,1,100,-17075.000000
1752788323.456902,624416.000,35465,1,EL,1,100,-17083.000000
1752788323.523402,624482.500,35482,2,EL,1,100,-17081.000000
1752788323.589903,624549.000,35482,2,EL,1,100,-17077.199219
1752788323.656904,624616.000,35499,1,EL,1,100,-17078.400391
1752788323.723404,624682.500,35513,2,EL,1,100,-17079.199219
1752788323.789905,624749.000,35513,2,EL,1,100,-17079.800781
1752788323.856905,624816.000,35530,1,EL,1,100,-17087.199219
1752788323.923406,624882.500,35549,2,EL,1,100,-17084.199219
1752788323.989906,624949.000,35549,2,EL,1,100,-17077.599609
1752788324.056907,625016.000,35566,1,EL,1,100,-17083.800781
1752788324.123407,625082.500,35581,2,EL,1,100,-17082.800781
1752788324.189908,625149.000,35581,2,EL,1,100,-17078.400391
1752788324.256409,625215.500,35603,2,EL,1,100,-17084.000000
1752788324.322909,625282.000,35603,2,EL,1,100,-17084.800781
1752788324.389910,625349.000,35619,2,EL,1,100,-17085.800781
1752788324.456910,625416.000,35619,2,EL,1,100,-17085.400391
1752788324.522911,625482.000,35638,1,EL,1,100,-17079.199219
1752788324.589911,625549.000,35655,2,EL,1,100,-17080.599609
1752788324.656912,625616.000,35655,2,EL,1,100,-17081.400391
1752788324.722912,625682.000,35672,1,EL,1,100,-17089.000000
1752788324.789413,625748.500,35687,2,EL,1,100,-17089.800781
1752788324.855913,625815.000,35687,2,EL,1,100,-17083.800781
1752788324.922914,625882.000,35704,2,EL,1,100,-17085.000000
1752788324.989915,625949.000,35704,2,EL,1,100,-17087.000000
1752788325.055915,626015.000,35722,1,EL,1,100,-17081.400391
1752788325.122916,626082.000,35739,2,EL,1,100,-17084.599609
1752788325.189916,626149.000,35739,2,EL,1,100,-17087.400391
1752788325.255917,626215.000,35756,1,EL,1,100,-17081.599609
1752788325.322917,626282.000,35771,2,EL,1,100,-17083.599609
1752788325.389918,626349.000,35771,2,EL,1,100,-17085.199219
1752788325.455918,626415.000,35787,1,EL,1,100,-17084.400391
1752788325.522919,626482.000,35805,2,EL,1,100,-17084.199219
1752788325.589920,626549.000,35805,2,EL,1,100,-17085.800781
1752788325.655920,626615.000,35823,1,EL,1,100,-17085.199219
1752788325.722921,626682.000,35838,2,EL,1,100,-17087.199219
1752788325.789921,626749.000,35838,2,EL,1,100,-17093.400391
1752788325.855922,626815.000,35854,1,EL,1,100,-17087.000000
1752788325.922922,626882.000,35874,2,EL,1,100,-17088.199219
1752788325.989923,626949.000,35874,2,EL,1,100,-17093.199219
1752788326.055923,627015.000,35890,1,EL,1,100,-17084.599609
1752788326.122924,627082.000,35907,2,EL,1,100,-17084.199219
1752788326.189924,627149.000,35907,2,EL,1,100,-17083.800781
1752788326.255925,627215.000,35924,1,EL,1,100,-17086.800781
1752788326.322926,627282.000,35941,2,EL,1,100,-17085.000000
1752788326.389926,627349.000,35941,2,EL,1,100,-17086.199219
1752788326.455927,627415.000,35957,1,EL,1,100,-17088.599609
1752788326.522927,627482.000,35973,2,EL,1,100,-17090.400391
1752788326.589928,627549.000,35973,2,EL,1,100,-17088.599609
1752788326.655928,627615.000,35991,1,EL,1,100,-17088.800781
1752788326.722929,627682.000,36008,2,EL,1,100,-17088.800781
1752788326.789929,627749.000,36008,2,EL,1,100,-17099.199219
1752788326.855930,627815.000,36024,1,EL,1,100,-17090.400391
1752788326.922930,627882.000,36041,2,EL,1,100,-17089.199219
1752788326.989931,627949.000,36041,2,EL,1,100,-17100.199219
1752788327.055932,628015.000,36056,1,EL,1,100,-17089.800781
1752788327.122932,628082.000,36075,2,EL,1,100,-17087.599609
1752788327.189933,628149.000,36075,2,EL,1,100,-17091.000000
1752788327.256433,628215.500,36092,2,EL,1,100,-17092.599609
1752788327.322934,628282.000,36092,2,EL,1,100,-17091.400391
1752788327.389934,628349.000,36109,1,EL,1,100,-17097.199219
1752788327.456435,628415.500,36123,2,EL,1,100,-17092.000000
1752788327.522935,628482.000,36123,2,EL,1,100,-17090.000000
1752788327.589936,628549.000,36141,1,EL,1,100,-17101.400391
1752788327.656437,628615.500,36157,2,EL,1,100,-17091.800781
1752788327.722937,628682.000,36157,2,EL,1,100,-17093.000000
1752788327.789938,628749.000,36176,1,EL,1,100,-17103.000000
1752788327.856438,628815.500,36191,2,EL,1,100,-17095.000000
1752788327.922939,628882.000,36191,2,EL,1,100,-17089.800781
1752788327.989939,628949.000,36208,1,EL,1,100,-17099.400391
1752788328.056440,629015.500,36224,2,EL,1,100,-17094.599609
1752788328.122940,629082.000,36224,2,EL,1,100,-17091.000000
1752788328.188941,629148.000,36241,1,EL,1,100,-17094.800781
1752788328.255941,629215.000,36256,2,EL,1,100,-17093.599609
1752788328.322942,629282.000,36256,2,EL,1,100,-17091.400391
1752788328.389943,629349.000,36275,1,EL,1,100,-17096.000000
1752788328.456443,629415.500,36291,2,EL,1,100,-17093.800781
1752788328.522944,629482.000,36291,2,EL,1,100,-17092.199219
1752788328.589944,629549.000,36309,1,EL,1,100,-17100.199219
1752788328.656445,629615.500,36323,2,EL,1,100,-17095.800781
1752788328.722945,629682.000,36323,2,EL,1,100,-17093.800781
1752788328.788946,629748.000,36340,1,EL,1,100,-17103.800781
1752788328.855946,629815.000,36357,2,EL,1,100,-17100.400391
1752788328.922947,629882.000,36357,2,EL,1,100,-17098.800781
1752788328.988948,629948.000,36376,1,EL,1,100,-17095.000000
1752788329.055948,630015.000,36390,2,EL,1,100,-17094.000000
1752788329.122949,630082.000,36390,2,EL,1,100,-17094.400391
1752788329.188949,630148.000,36407,1,EL,1,100,-17097.599609
1752788329.255950,630215.000,36424,2,EL,1,100,-17099.199219
1752788329.322950,630282.000,36424,2,EL,1,100,-17097.400391
1752788329.389451,630348.500,36448,2,EL,1,100,-17101.800781
1752788329.455951,630415.000,36448,2,EL,1,100,-17101.000000
1752788329.522452,630481.500,36465,2,EL,1,100,-17101.599609
1752788329.588952,630548.000,36465,2,EL,1,100,-17100.599609
1752788329.655953,630615.000,36482,1,EL,1,100,-17095.599609
1752788329.722454,630681.500,36496,2,EL,1,100,-17097.800781
1752788329.788954,630748.000,36496,2,EL,1,100,-17100.199219
1752788329.855955,630815.000,36513,1,EL,1,100,-17107.000000
1752788329.922455,630881.500,36530,2,EL,1,100,-17105.599609
1752788329.988956,630948.000,36530,2,EL,1,100,-17095.400391
1752788330.055956,631015.000,36549,1,EL,1,100,-17100.400391
1752788330.122457,631081.500,36563,2,EL,1,100,-17101.599609
1752788330.188957,631148.000,36563,2,EL,1,100,-17097.199219
1752788330.255958,631215.000,36581,1,EL,1,100,-17101.400391
1752788330.322459,631281.500,36597,2,EL,1,100,-17099.599609
1752788330.388959,631348.000,36597,2,EL,1,100,-17099.800781
1752788330.455960,631415.000,36614,1,EL,1,100,-17100.800781
1752788330.522460,631481.500,36630,2,EL,1,100,-17101.000000
1752788330.588961,631548.000,36630,2,EL,1,100,-17102.199219
1752788330.655961,631615.000,36648,1,EL,1,100,-17100.800781
1752788330.722462,631681.500,36664,2,EL,1,100,-17101.599609
1752788330.788962,631748.000,36664,2,EL,1,100,-17102.800781
1752788330.855963,631815.000,36682,2,EL,1,100,-17104.599609
1752788330.922963,631882.000,36682,2,EL,1,100,-17110.000000
1752788330.988964,631948.000,36700,1,EL,1,100,-17101.599609
1752788331.055965,632015.000,36715,2,EL,1,100,-17101.599609
1752788331.122965,632082.000,36715,2,EL,1,100,-17101.599609
1752788331.188966,632148.000,36731,1,EL,1,100,-17102.400391
1752788331.255966,632215.000,36751,2,EL,1,100,-17108.800781
1752788331.322967,632282.000,36751,2,EL,1,100,-17110.400391
1752788331.388967,632348.000,36767,1,EL,1,100,-17102.000000
1752788331.455968,632415.000,36782,2,EL,1,100,-17106.199219
1752788331.522968,632482.000,36782,2,EL,1,100,-17108.800781
1752788331.588969,632548.000,36799,1,EL,1,100,-17102.599609
1752788331.655970,632615.000,36816,2,EL,1,100,-17103.199219
1752788331.722970,632682.000,36816,2,EL,1,100,-17103.599609
1752788331.788971,632748.000,36832,1,EL,1,100,-17101.599609
1752788331.855971,632815.000,36850,2,EL,1,100,-17106.800781
1752788331.922972,632882.000,36850,2,EL,1,100,-17111.599609
1752788331.988972,632948.000,36866,1,EL,1,100,-17102.400391
1752788332.055973,633015.000,36883,2,EL,1,100,-17104.199219
1752788332.122973,633082.000,36883,2,EL,1,100,-17105.599609
1752788332.188974,633148.000,36899,1,EL,1,100,-17105.400391
1752788332.255974,633215.000,36915,2,EL,1,100,-17107.599609
1752788332.322975,633282.000,36915,2,EL,1,100,-17106.400391
1752788332.388976,633348.000,36931,1,EL,1,100,-17107.599609
1752788332.455976,633415.000,36950,2,EL,1,100,-17105.000000
1752788332.522977,633482.000,36950,2,EL,1,100,-17110.199219
1752788332.588977,633548.000,36967,1,EL,1,100,-17105.599609
1752788332.655478,633614.500,36982,2,EL,1,100,-17107.000000
1752788332.721978,633681.000,36982,2,EL,1,100,-17111.199219
1752788332.788979,633748.000,36998,1,EL,1,100,-17110.599609
1752788332.855479,633814.500,37016,2,EL,1,100,-17111.000000
1752788332.921980,633881.000,37016,2,EL,1,100,-17119.800781
1752788332.988980,633948.000,37034,1,EL,1,100,-17109.800781
1752788333.055481,634014.500,37050,2,EL,1,100,-17107.400391
1752788333.121982,634081.000,37050,2,EL,1,100,-17108.599609
1752788333.188982,634148.000,37066,2,EL,1,100,-17108.400391
1752788333.255983,634215.000,37066,2,EL,1,100,-17110.000000
1752788333.321983,634281.000,37083,1,EL,1,100,-17110.800781
1752788333.388984,634348.000,37099,2,EL,1,100,-17112.000000
1752788333.455984,634415.000,37099,2,EL,1,100,-17111.800781
1752788333.521985,634481.000,37116,1,EL,1,100,-17121.599609
1752788333.588985,634548.000,37133,2,EL,1,100,-17113.000000
1752788333.655986,634615.000,37133,2,EL,1,100,-17105.800781
1752788333.721987,634681.000,37150,1,EL,1,100,-17108.000000
1752788333.788987,634748.000,37166,2,EL,1,100,-17111.800781
1752788333.855988,634815.000,37166,2,EL,1,100,-17111.400391
1752788333.921988,634881.000,37184,1,EL,1,100,-17121.800781
1752788333.988989,634948.000,37198,2,EL,1,100,-17115.000000
1752788334.055989,635015.000,37198,2,EL,1,100,-17111.000000
1752788334.121990,635081.000,37215,1,EL,1,100,-17114.800781
1752788334.188990,635148.000,37234,2,EL,1,100,-17116.000000
1752788334.255991,635215.000,37234,2,EL,1,100,-17113.800781
1752788334.321991,635281.000,37251,1,EL,1,100,-17121.000000
1752788334.388992,635348.000,37265,2,EL,1,100,-17113.199219
1752788334.455993,635415.000,37265,2,EL,1,100,-17107.800781
1752788334.522493,635481.500,37288,2,EL,1,100,-17118.000000
1752788334.588994,635548.000,37288,2,EL,1,100,-17116.000000
1752788334.655494,635614.500,37304,2,EL,1,100,-17123.800781
1752788334.721995,635681.000,37304,2,EL,1,100,-17113.800781
1752788334.788995,635748.000,37323,1,EL,1,100,-17112.199219
1752788334.855496,635814.500,37340,2,EL,1,100,-17113.800781
1752788334.921996,635881.000,37340,2,EL,1,100,-17113.400391
1752788334.988997,635948.000,37357,1,EL,1,100,-17120.599609
1752788335.055498,636014.500,37371,2,EL,1,100,-17115.800781
1752788335.121998,636081.000,37371,2,EL,1,100,-17112.599609
1752788335.188999,636148.000,37388,1,EL,1,100,-17115.800781
1752788335.255499,636214.500,37405,2,EL,1,100,-17120.800781
1752788335.322000,636281.000,37405,2,EL,1,100,-17118.400391
1752788335.389000,636348.000,37424,1,EL,1,100,-17117.400391
1752788335.455501,636414.500,37438,2,EL,1,100,-17119.199219
1752788335.522001,636481.000,37438,2,EL,1,100,-17115.199219
1752788335.589002,636548.000,37456,1,EL,1,100,-17123.599609
1752788335.655502,636614.500,37472,2,EL,1,100,-17118.800781
1752788335.722003,636681.000,37472,2,EL,1,100,-17117.800781
1752788335.789004,636748.000,37489,1,EL,1,100,-17127.199219
1752788335.855504,636814.500,37504,2,EL,1,100,-17123.599609
1752788335.922005,636881.000,37504,2,EL,1,100,-17119.199219
1752788335.989005,636948.000,37525,1,EL,1,100,-17118.000000
1752788336.055506,637014.500,37541,2,EL,1,100,-17117.199219
1752788336.122006,637081.000,37541,2,EL,1,100,-17116.199219
1752788336.189007,637148.000,37558,1,EL,1,100,-17118.800781
1752788336.255507,637214.500,37574,2,EL,1,100,-17123.000000
1752788336.322008,637281.000,37574,2,EL,1,100,-17123.000000
1752788336.389009,637348.000,37590,1,EL,1,100,-17125.199219
1752788336.455509,637414.500,37608,2,EL,1,100,-17125.599609
1752788336.522010,637481.000,37608,2,EL,1,100,-17120.199219
1752788336.589010,637548.000,37626,1,EL,1,100,-17127.400391
1752788336.655511,637614.500,37641,2,EL,1,100,-17128.400391
1752788336.722011,637681.000,37641,2,EL,1,100,-17121.199219
1752788336.788512,637747.500,37657,2,EL,1,100,-17125.800781
1752788336.855012,637814.000,37657,2,EL,1,100,-17122.599609
1752788336.922013,637881.000,37674,1,EL,1,100,-17119.199219
1752788336.988513,637947.500,37691,2,EL,1,100,-17122.000000
1752788337.055014,638014.000,37691,2,EL,1,100,-17121.800781
1752788337.122015,638081.000,37709,1,EL,1,100,-17121.599609
1752788337.188515,638147.500,37725,2,EL,1,100,-17124.800781
1752788337.255016,638214.000,37725,2,EL,1,100,-17124.400391
1752788337.322016,638281.000,37741,1,EL,1,100,-17122.000000
1752788337.388517,638347.500,37758,2,EL,1,100,-17126.400391
1752788337.455017,638414.000,37758,2,EL,1,100,-17131.000000
1752788337.522018,638481.000,37774,1,EL,1,100,-17124.800781
1752788337.588518,638547.500,37792,2,EL,1,100,-17125.000000
1752788337.655019,638614.000,37792,2,EL,1,100,-17132.000000
1752788337.722020,638681.000,37808,1,EL,1,100,-17124.800781
1752788337.788520,638747.500,37825,2,EL,1,100,-17126.000000
1752788337.855021,638814.000,37825,2,EL,1,100,-17134.199219
1752788337.922021,638881.000,37842,1,EL,1,100,-17123.800781
1752788337.988522,638947.500,37857,2,EL,1,100,-17124.800781
1752788338.055022,639014.000,37857,2,EL,1,100,-17128.000000
1752788338.122023,639081.000,37873,1,EL,1,100,-17125.400391
1752788338.188523,639147.500,37891,2,EL,1,100,-17125.199219
1752788338.255024,639214.000,37891,2,EL,1,100,-17129.599609
1752788338.322024,639281.000,37909,1,EL,1,100,-17126.199219
1752788338.388525,639347.500,37924,2,EL,1,100,-17129.199219
1752788338.455026,639414.000,37924,2,EL,1,100,-17127.199219
1752788338.522026,639481.000,37940,1,EL,1,100,-17127.000000
1752788338.588527,639547.500,37958,2,EL,1,100,-17130.400391
1752788338.655027,639614.000,37958,2,EL,1,100,-17137.599609
1752788338.722028,639681.000,37974,1,EL,1,100,-17130.599609
1752788338.788528,639747.500,37992,2,EL,1,100,-17129.400391
1752788338.855029,639814.000,37992,2,EL,1,100,-17137.800781
1752788338.922029,639881.000,38008,1,EL,1,100,-17130.800781
1752788338.988530,639947.500,38025,2,EL,1,100,-17128.599609
1752788339.055031,640014.000,38025,2,EL,1,100,-17134.199219
1752788339.122031,640081.000,38041,1,EL,1,100,-17131.000000
1752788339.188532,640147.500,38058,2,EL,1,100,-17132.599609
1752788339.255032,640214.000,38058,2,EL,1,100,-17135.199219
1752788339.321533,640280.500,38073,2,EL,1,100,-17132.800781
1752788339.388033,640347.000,38073,2,EL,1,100,-17132.000000
1752788339.455034,640414.000,38092,1,EL,1,100,-17140.199219
1752788339.521534,640480.500,38109,2,EL,1,100,-17132.800781
1752788339.588035,640547.000,38109,2,EL,1,100,-17131.199219
1752788339.655035,640614.000,38131,2,EL,1,100,-17131.000000
1752788339.722036,640681.000,38131,2,EL,1,100,-17132.599609
1752788339.788037,640747.000,38147,1,EL,1,100,-17141.800781
1752788339.855037,640814.000,38163,2,EL,1,100,-17135.800781
1752788339.922038,640881.000,38163,2,EL,1,100,-17136.800781
1752788339.988038,640947.000,38181,1,EL,1,100,-17135.000000
1752788340.055039,641014.000,38198,2,EL,1,100,-17133.800781
1752788340.122039,641081.000,38198,2,EL,1,100,-17141.800781
1752788340.188040,641147.000,38214,1,EL,1,100,-17133.000000
1752788340.255040,641214.000,38231,2,EL,1,100,-17132.599609
1752788340.322041,641281.000,38231,2,EL,1,100,-17138.000000
1752788340.388041,641347.000,38246,1,EL,1,100,-17134.000000
1752788340.455042,641414.000,38263,2,EL,1,100,-17133.199219
1752788340.522043,641481.000,38263,2,EL,1,100,-17135.599609
1752788340.588043,641547.000,38282,1,EL,1,100,-17139.599609
1752788340.655044,641614.000,38298,2,EL,1,100,-17136.400391
1752788340.722044,641681.000,38298,2,EL,1,100,-17135.000000
1752788340.788545,641747.500,38313,2,EL,1,100,-17134.199219
1752788340.855045,641814.000,38313,2,EL,1,100,-17136.199219
1752788340.922046,641881.000,38331,1,EL,1,100,-17144.800781
1752788340.988546,641947.500,38349,2,EL,1,100,-17135.599609
1752788341.055047,642014.000,38349,2,EL,1,100,-17134.199219
1752788341.122048,642081.000,38366,1,EL,1,100,-17136.599609
1752788341.188548,642147.500,38381,2,EL,1,100,-17138.800781
1752788341.255049,642214.000,38381,2,EL,1,100,-17139.199219
1752788341.322049,642281.000,38400,1,EL,1,100,-17137.400391
1752788341.388550,642347.500,38416,2,EL,1,100,-17140.199219
1752788341.455050,642414.000,38416,2,EL,1,100,-17138.000000
1752788341.521051,642480.000,38433,1,EL,1,100,-17146.199219
1752788341.588051,642547.000,38448,2,EL,1,100,-17142.000000
1752788341.655052,642614.000,38448,2,EL,1,100,-17136.800781
1752788341.721052,642680.000,38465,1,EL,1,100,-17138.800781
1752788341.788053,642747.000,38483,2,EL,1,100,-17137.400391
1752788341.855054,642814.000,38483,2,EL,1,100,-17137.800781
1752788341.922054,642881.000,38501,1,EL,1,100,-17146.599609
1752788341.988555,642947.500,38515,2,EL,1,100,-17142.199219
1752788342.055055,643014.000,38515,2,EL,1,100,-17136.000000
1752788342.122056,643081.000,38532,1,EL,1,100,-17138.599609
1752788342.188556,643147.500,38549,2,EL,1,100,-17139.400391
1752788342.255057,643214.000,38549,2,EL,1,100,-17139.000000
1752788342.322057,643281.000,38566,1,EL,1,100,-17148.000000
1752788342.388558,643347.500,38582,2,EL,1,100,-17146.199219
1752788342.455059,643414.000,38582,2,EL,1,100,-17140.599609
1752788342.522059,643481.000,38599,1,EL,1,100,-17148.000000
1752788342.588560,643547.500,38616,2,EL,1,100,-17144.000000
1752788342.655060,643614.000,38616,2,EL,1,100,-17137.599609
1752788342.721061,643680.000,38633,1,EL,1,100,-17140.800781
1752788342.788061,643747.000,38648,2,EL,1,100,-17143.800781
1752788342.855062,643814.000,38648,2,EL,1,100,-17141.000000
1752788342.921062,643880.000,38665,1,EL,1,100,-17146.800781
1752788342.988063,643947.000,38681,2,EL,1,100,-17148.400391
1752788343.055063,644014.000,38681,2,EL,1,100,-17141.400391
1752788343.121564,644080.500,38700,2,EL,1,100,-17140.400391
1752788343.188065,644147.000,38700,2,EL,1,100,-17138.800781
1752788343.255065,644214.000,38717,1,EL,1,100,-17142.000000
1752788343.321566,644280.500,38732,2,EL,1,100,-17143.199219
1752788343.388066,644347.000,38732,2,EL,1,100,-17147.199219
1752788343.455067,644414.000,38748,1,EL,1,100,-17146.000000
1752788343.521567,644480.500,38766,2,EL,1,100,-17147.199219
1752788343.588068,644547.000,38766,2,EL,1,100,-17152.199219
1752788343.655068,644614.000,38784,1,EL,1,100,-17143.400391
1752788343.721569,644680.500,38799,2,EL,1,100,-17145.000000
1752788343.788070,644747.000,38799,2,EL,1,100,-17144.400391
1752788343.855070,644814.000,38815,1,EL,1,100,-17145.000000
1752788343.921571,644880.500,38833,2,EL,1,100,-17147.800781
1752788343.988071,644947.000,38833,2,EL,1,100,-17153.800781
1752788344.055072,645014.000,38849,1,EL,1,100,-17145.400391
1752788344.121572,645080.500,38864,2,EL,1,100,-17145.599609
1752788344.188073,645147.000,38864,2,EL,1,100,-17146.000000
1752788344.255073,645214.000,38881,1,EL,1,100,-17148.199219
1752788344.321574,645280.500,38900,2,EL,1,100,-17148.800781
1752788344.388074,645347.000,38900,2,EL,1,100,-17145.400391
1752788344.455075,645414.000,38916,1,EL,1,100,-17147.199219
1752788344.521576,645480.500,38932,2,EL,1,100,-17146.599609
1752788344.588076,645547.000,38932,2,EL,1,100,-17142.800781
1752788344.655077,645614.000,38948,1,EL,1,100,-17146.199219
1752788344.721411,645680.333,38970,3,EL,1,100,-17147.599609
1752788344.787744,645746.667,38970,3,EL,1,100,-17143.599609
1752788344.854078,645813.000,38970,3,EL,1,100,-17146.199219
1752788344.921079,645880.000,38989,1,EL,1,100,-17145.000000
1752788344.987579,645946.500,39006,2,EL,1,100,-17144.000000
1752788345.054080,646013.000,39006,2,EL,1,100,-17147.400391
1752788345.121081,646080.000,39022,1,EL,1,100,-17150.400391
1752788345.188081,646147.000,39038,2,EL,1,100,-17151.199219
1752788345.255082,646214.000,39038,2,EL,1,100,-17151.199219
1752788345.321082,646280.000,39054,1,EL,1,100,-17150.400391
1752788345.387583,646346.500,39073,2,EL,1,100,-17149.599609
1752788345.454083,646413.000,39073,2,EL,1,100,-17150.000000
1752788345.521084,646480.000,39089,1,EL,1,100,-17149.400391
1752788345.587584,646546.500,39105,2,EL,1,100,-17151.800781
1752788345.654085,646613.000,39105,2,EL,1,100,-17152.800781
1752788345.721085,646680.000,39121,1,EL,1,100,-17152.400391
1752788345.787586,646746.500,39138,2,EL,1,100,-17153.000000
1752788345.854087,646813.000,39138,2,EL,1,100,-17151.599609
1752788345.921087,646880.000,39155,1,EL,1,100,-17153.599609
1752788345.987588,646946.500,39172,2,EL,1,100,-17154.000000
1752788346.054088,647013.000,39172,2,EL,1,100,-17153.800781
1752788346.121089,647080.000,39190,1,EL,1,100,-17154.400391
1752788346.187589,647146.500,39208,2,EL,1,100,-17153.800781
1752788346.254090,647213.000,39208,2,EL,1,100,-17153.000000
1752788346.321090,647280.000,39224,1,EL,1,100,-17152.599609
1752788346.387591,647346.500,39240,2,EL,1,100,-17156.000000
1752788346.454091,647413.000,39240,2,EL,1,100,-17154.400391
1752788346.521092,647480.000,39255,1,EL,1,100,-17152.000000
1752788346.587593,647546.500,39275,2,EL,1,100,-17151.400391
1752788346.654093,647613.000,39275,2,EL,1,100,-17153.000000
1752788346.721094,647680.000,39291,2,EL,1,100,-17153.000000
1752788346.788094,647747.000,39291,2,EL,1,100,-17155.000000
1752788346.854095,647813.000,39308,1,EL,1,100,-17158.800781
1752788346.921095,647880.000,39323,2,EL,1,100,-17158.199219
1752788346.988096,647947.000,39323,2,EL,1,100,-17154.000000
1752788347.054096,648013.000,39340,1,EL,1,100,-17155.599609
1752788347.121097,648080.000,39356,2,EL,1,100,-17155.000000
1752788347.188098,648147.000,39356,2,EL,1,100,-17154.800781
1752788347.254098,648213.000,39376,1,EL,1,100,-17155.199219
1752788347.321099,648280.000,39390,2,EL,1,100,-17153.000000
1752788347.388099,648347.000,39390,2,EL,1,100,-17155.400391
1752788347.454100,648413.000,39407,1,EL,1,100,-17159.800781
1752788347.521100,648480.000,39424,2,EL,1,100,-17155.800781
1752788347.588101,648547.000,39424,2,EL,1,100,-17153.400391
1752788347.654101,648613.000,39441,1,EL,1,100,-17155.000000
1752788347.721102,648680.000,39455,2,EL,1,100,-17154.000000
1752788347.788102,648747.000,39455,2,EL,1,100,-17155.199219
1752788347.854103,648813.000,39474,1,EL,1,100,-17162.400391
1752788347.921104,648880.000,39491,2,EL,1,100,-17158.800781
1752788347.988104,648947.000,39491,2,EL,1,100,-17153.599609
1752788348.054105,649013.000,39508,1,EL,1,100,-17161.800781
1752788348.120605,649079.500,39522,2,EL,1,100,-17156.199219
1752788348.187106,649146.000,39522,2,EL,1,100,-17150.400391
1752788348.254106,649213.000,39540,1,EL,1,100,-17158.800781
1752788348.320607,649279.500,39556,2,EL,1,100,-17162.599609
1752788348.387107,649346.000,39556,2,EL,1,100,-17156.800781
1752788348.454108,649413.000,39575,1,EL,1,100,-17167.800781
1752788348.520609,649479.500,39591,2,EL,1,100,-17169.199219
1752788348.587109,649546.000,39591,2,EL,1,100,-17155.400391
1752788348.654110,649613.000,39607,1,EL,1,100,-17157.000000
1752788348.720610,649679.500,39623,2,EL,1,100,-17158.800781
1752788348.787111,649746.000,39623,2,EL,1,100,-17158.199219
1752788348.854111,649813.000,39641,2,EL,1,100,-17162.800781
1752788348.921112,649880.000,39641,2,EL,1,100,-17166.400391
1752788348.987112,649946.000,39657,1,EL,1,100,-17158.199219
1752788349.054113,650013.000,39674,2,EL,1,100,-17161.800781
1752788349.121113,650080.000,39674,2,EL,1,100,-17163.000000
1752788349.187114,650146.000,39690,1,EL,1,100,-17157.800781
1752788349.254115,650213.000,39708,2,EL,1,100,-17159.199219
1752788349.321115,650280.000,39708,2,EL,1,100,-17165.599609
1752788349.387116,650346.000,39724,1,EL,1,100,-17161.400391
1752788349.454116,650413.000,39739,2,EL,1,100,-17162.199219
1752788349.521117,650480.000,39739,2,EL,1,100,-17169.599609
1752788349.587117,650546.000,39758,1,EL,1,100,-17161.599609
1752788349.654118,650613.000,39775,2,EL,1,100,-17162.800781
1752788349.721118,650680.000,39775,2,EL,1,100,-17162.800781
1752788349.787119,650746.000,39791,1,EL,1,100,-17162.400391
1752788349.854120,650813.000,39812,2,EL,1,100,-17164.000000
1752788349.921120,650880.000,39812,2,EL,1,100,-17170.000000
1752788349.987621,650946.500,39828,2,EL,1,100,-17163.000000
1752788350.054121,651013.000,39828,2,EL,1,100,-17164.400391
1752788350.121122,651080.000,39844,1,EL,1,100,-17164.599609
1752788350.187622,651146.500,39863,2,EL,1,100,-17165.199219
1752788350.254123,651213.000,39863,2,EL,1,100,-17165.400391
1752788350.320623,651279.500,39880,2,EL,1,100,-17167.000000
1752788350.387124,651346.000,39880,2,EL,1,100,-17164.800781
1752788350.454124,651413.000,39896,1,EL,1,100,-17169.400391
1752788350.520625,651479.500,39912,2,EL,1,100,-17166.599609
1752788350.587126,651546.000,39912,2,EL,1,100,-17164.000000
1752788350.654126,651613.000,39928,1,EL,1,100,-17164.800781
1752788350.720627,651679.500,39945,2,EL,1,100,-17165.800781
1752788350.787127,651746.000,39945,2,EL,1,100,-17167.199219
1752788350.854128,651813.000,39961,1,EL,1,100,-17167.000000
1752788350.920628,651879.500,39981,2,EL,1,100,-17168.599609
1752788350.987129,651946.000,39981,2,EL,1,100,-17173.199219
1752788351.054129,652013.000,39997,1,EL,1,100,-17166.599609
1752788351.120630,652079.500,40014,2,EL,1,100,-17162.800781
1752788351.187131,652146.000,40014,2,EL,1,100,-17163.199219
1752788351.254131,652213.000,40031,1,EL,1,100,-17161.000000
1752788351.320632,652279.500,40046,2,EL,1,100,-17168.800781
1752788351.387132,652346.000,40046,2,EL,1,100,-17167.599609
1752788351.454133,652413.000,40062,1,EL,1,100,-17169.000000
1752788351.520633,652479.500,40082,2,EL,1,100,-17168.400391
1752788351.587134,652546.000,40082,2,EL,1,100,-17167.400391
1752788351.654134,652613.000,40098,1,EL,1,100,-17167.000000
1752788351.720635,652679.500,40113,2,EL,1,100,-17168.599609
1752788351.787135,652746.000,40113,2,EL,1,100,-17172.199219
1752788351.854136,652813.000,40129,1,EL,1,100,-17166.599609
1752788351.920637,652879.500,40147,2,EL,1,100,-17167.199219
1752788351.987137,652946.000,40147,2,EL,1,100,-17179.599609
1752788352.054138,653013.000,40163,1,EL,1,100,-17172.199219
1752788352.120638,653079.500,40181,2,EL,1,100,-17166.800781
1752788352.187139,653146.000,40181,2,EL,1,100,-17170.800781
1752788352.254139,653213.000,40197,1,EL,1,100,-17170.000000
1752788352.320640,653279.500,40214,2,EL,1,100,-17168.400391
1752788352.387140,653346.000,40214,2,EL,1,100,-17174.000000
1752788352.454141,653413.000,40230,1,EL,1,100,-17170.800781
1752788352.520642,653479.500,40247,2,EL,1,100,-17168.599609
1752788352.587142,653546.000,40247,2,EL,1,100,-17169.800781
1752788352.653643,653612.500,40262,2,EL,1,100,-17171.599609
1752788352.720143,653679.000,40262,2,EL,1,100,-17171.800781
1752788352.787144,653746.000,40281,1,EL,1,100,-17178.199219
1752788352.853644,653812.500,40298,2,EL,1,100,-17174.199219
1752788352.920145,653879.000,40298,2,EL,1,100,-17170.199219
1752788352.987145,653946.000,40315,1,EL,1,100,-17181.199219
1752788353.053646,654012.500,40329,2,EL,1,100,-17174.400391
1752788353.120146,654079.000,40329,2,EL,1,100,-17167.199219
1752788353.187147,654146.000,40346,1,EL,1,100,-17180.800781
1752788353.253648,654212.500,40363,2,EL,1,100,-17176.199219
1752788353.320148,654279.000,40363,2,EL,1,100,-17172.800781
1752788353.387149,654346.000,40380,1,EL,1,100,-17179.199219
1752788353.453649,654412.500,40396,2,EL,1,100,-17176.400391
1752788353.520150,654479.000,40396,2,EL,1,100,-17170.800781
1752788353.587150,654546.000,40414,1,EL,1,100,-17180.000000
1752788353.653651,654612.500,40430,2,EL,1,100,-17175.800781
1752788353.720151,654679.000,40430,2,EL,1,100,-17170.199219
1752788353.787152,654746.000,40447,1,EL,1,100,-17172.800781
1752788353.853652,654812.500,40462,2,EL,1,100,-17175.199219
1752788353.920153,654879.000,40462,2,EL,1,100,-17175.199219
1752788353.987154,654946.000,40479,1,EL,1,100,-17183.000000
1752788354.053654,655012.500,40497,2,EL,1,100,-17176.599609
1752788354.120155,655079.000,40497,2,EL,1,100,-17169.800781
1752788354.187155,655146.000,40514,1,EL,1,100,-17180.199219
1752788354.253656,655212.500,40530,2,EL,1,100,-17179.199219
1752788354.320156,655279.000,40530,2,EL,1,100,-17171.800781
1752788354.387157,655346.000,40546,1,EL,1,100,-17177.199219
1752788354.453657,655412.500,40562,2,EL,1,100,-17178.199219
1752788354.520158,655479.000,40562,2,EL,1,100,-17173.199219
1752788354.587159,655546.000,40580,1,EL,1,100,-17182.000000
1752788354.653659,655612.500,40597,2,EL,1,100,-17187.000000
1752788354.720160,655679.000,40597,2,EL,1,100,-17175.599609
1752788354.786660,655745.500,40613,2,EL,1,100,-17180.000000
1752788354.853161,655812.000,40613,2,EL,1,100,-17178.199219
1752788354.920161,655879.000,40630,1,EL,1,100,-17174.800781
1752788354.987162,655946.000,40652,2,EL,1,100,-17177.599609
1752788355.054162,656013.000,40652,2,EL,1,100,-17178.199219
1752788355.120663,656079.500,40668,2,EL,1,100,-17177.599609
1752788355.187163,656146.000,40668,2,EL,1,100,-17177.199219
1752788355.254164,656213.000,40688,1,EL,1,100,-17180.199219
1752788355.320665,656279.500,40702,2,EL,1,100,-17180.800781
1752788355.387165,656346.000,40702,2,EL,1,100,-17179.199219
1752788355.453166,656412.000,40719,1,EL,1,100,-17186.199219
1752788355.520166,656479.000,40736,2,EL,1,100,-17184.000000
1752788355.587167,656546.000,40736,2,EL,1,100,-17181.800781
1752788355.653167,656612.000,40753,1,EL,1,100,-17187.400391
1752788355.720168,656679.000,40767,2,EL,1,100,-17183.800781
1752788355.787168,656746.000,40767,2,EL,1,100,-17177.400391
1752788355.853169,656812.000,40786,1,EL,1,100,-17185.199219
1752788355.920170,656879.000,40805,2,EL,1,100,-17185.199219
1752788355.987170,656946.000,40805,2,EL,1,100,-17180.199219
1752788356.053171,657012.000,40822,1,EL,1,100,-17178.400391
1752788356.120171,657079.000,40836,2,EL,1,100,-17177.800781
1752788356.187172,657146.000,40836,2,EL,1,100,-17180.599609
1752788356.253172,657212.000,40854,1,EL,1,100,-17185.599609
1752788356.320173,657279.000,40870,2,EL,1,100,-17187.400391
1752788356.387173,657346.000,40870,2,EL,1,100,-17182.800781
1752788356.453674,657412.500,40889,2,EL,1,100,-17189.599609
1752788356.520174,657479.000,40889,2,EL,1,100,-17188.800781
1752788356.587175,657546.000,40906,1,EL,1,100,-17182.599609
1752788356.653676,657612.500,40921,2,EL,1,100,-17183.000000
1752788356.720176,657679.000,40921,2,EL,1,100,-17188.199219
1752788356.787177,657746.000,40937,1,EL,1,100,-17181.599609
1752788356.853677,657812.500,40955,2,EL,1,100,-17184.199219
1752788356.920178,657879.000,40955,2,EL,1,100,-17190.199219
1752788356.987178,657946.000,40971,1,EL,1,100,-17183.599609
1752788357.053679,658012.500,40988,2,EL,1,100,-17186.199219
1752788357.120179,658079.000,40988,2,EL,1,100,-17190.400391
1752788357.187180,658146.000,41004,1,EL,1,100,-17182.800781
1752788357.253681,658212.500,41022,2,EL,1,100,-17185.400391
1752788357.320181,658279.000,41022,2,EL,1,100,-17190.599609
1752788357.387182,658346.000,41038,1,EL,1,100,-17186.000000
1752788357.453682,658412.500,41053,2,EL,1,100,-17189.400391
1752788357.520183,658479.000,41053,2,EL,1,100,-17194.599609
1752788357.587183,658546.000,41070,1,EL,1,100,-17186.800781
1752788357.653684,658612.500,41089,2,EL,1,100,-17187.800781
1752788357.720184,658679.000,41089,2,EL,1,100,-17195.800781
1752788357.787185,658746.000,41105,1,EL,1,100,-17186.400391
1752788357.853685,658812.500,41121,2,EL,1,100,-17186.400391
1752788357.920186,658879.000,41121,2,EL,1,100,-17195.199219
1752788357.987187,658946.000,41137,1,EL,1,100,-17188.199219
1752788358.053687,659012.500,41154,2,EL,1,100,-17187.599609
1752788358.120188,659079.000,41154,2,EL,1,100,-17197.000000
1752788358.187188,659146.000,41172,1,EL,1,100,-17192.199219
1752788358.253689,659212.500,41188,2,EL,1,100,-17190.400391
1752788358.320189,659279.000,41188,2,EL,1,100,-17197.199219
1752788358.387190,659346.000,41204,1,EL,1,100,-17190.199219
1752788358.453690,659412.500,41221,2,EL,1,100,-17189.000000
1752788358.520191,659479.000,41221,2,EL,1,100,-17190.000000
1752788358.587192,659546.000,41238,1,EL,1,100,-17191.000000
1752788358.653692,659612.500,41254,2,EL,1,100,-17191.400391
1752788358.720193,659679.000,41254,2,EL,1,100,-17201.599609
1752788358.786693,659745.500,41271,2,EL,1,100,-17193.000000
1752788358.853194,659812.000,41271,2,EL,1,100,-17191.000000
1752788358.920194,659879.000,41289,1,EL,1,100,-17200.000000
1752788358.986695,659945.500,41305,2,EL,1,100,-17191.400391
1752788359.053195,660012.000,41305,2,EL,1,100,-17191.199219
1752788359.120196,660079.000,41322,1,EL,1,100,-17192.000000
1752788359.186696,660145.500,41337,2,EL,1,100,-17193.199219
1752788359.253197,660212.000,41337,2,EL,1,100,-17193.400391
1752788359.320198,660279.000,41354,1,EL,1,100,-17204.000000
1752788359.386698,660345.500,41372,2,EL,1,100,-17197.000000
1752788359.453199,660412.000,41372,2,EL,1,100,-17192.000000
1752788359.520199,660479.000,41389,1,EL,1,100,-17202.000000
1752788359.586700,660545.500,41404,2,EL,1,100,-17197.599609
1752788359.653200,660612.000,41404,2,EL,1,100,-17193.000000
1752788359.720201,660679.000,41421,1,EL,1,100,-17203.800781
1752788359.786701,660745.500,41437,2,EL,1,100,-17199.800781
1752788359.853202,660812.000,41437,2,EL,1,100,-17194.800781
1752788359.920203,660879.000,41455,1,EL,1,100,-17202.199219
1752788359.986703,660945.500,41471,2,EL,1,100,-17199.400391
1752788360.053204,661012.000,41471,2,EL,1,100,-17195.199219
1752788360.119704,661078.500,41491,2,EL,1,100,-17195.199219
1752788360.186205,661145.000,41491,2,EL,1,100,-17195.800781
1752788360.253205,661212.000,41508,2,EL,1,100,-17205.199219
1752788360.320206,661279.000,41508,2,EL,1,100,-17197.599609
1752788360.386206,661345.000,41525,1,EL,1,100,-17194.800781
1752788360.453207,661412.000,41541,2,EL,1,100,-17197.800781
1752788360.520207,661479.000,41541,2,EL,1,100,-17198.000000
1752788360.586208,661545.000,41559,1,EL,1,100,-17204.000000
1752788360.653209,661612.000,41575,2,EL,1,100,-17196.400391
1752788360.720209,661679.000,41575,2,EL,1,100,-17193.000000
1752788360.786210,661745.000,41592,1,EL,1,100,-17204.000000
1752788360.853210,661812.000,41609,2,EL,1,100,-17196.800781
1752788360.920211,661879.000,41609,2,EL,1,100,-17196.800781
1752788360.986211,661945.000,41628,1,EL,1,100,-17206.599609
1752788361.053212,662012.000,41642,2,EL,1,100,-17203.800781
1752788361.120212,662079.000,41642,2,EL,1,100,-17198.199219
1752788361.186213,662145.000,41659,1,EL,1,100,-17208.199219
1752788361.253213,662212.000,41678,2,EL,1,100,-17198.599609
1752788361.320214,662279.000,41678,2,EL,1,100,-17196.000000
1752788361.386215,662345.000,41695,1,EL,1,100,-17198.199219
1752788361.453215,662412.000,41709,2,EL,1,100,-17199.800781
1752788361.520216,662479.000,41709,2,EL,1,100,-17196.599609
1752788361.586216,662545.000,41727,1,EL,1,100,-17205.199219
1752788361.652717,662611.500,41743,2,EL,1,100,-17203.800781
1752788361.719217,662678.000,41743,2,EL,1,100,-17199.599609
1752788361.786218,662745.000,41760,1,EL,1,100,-17204.000000
1752788361.852718,662811.500,41777,2,EL,1,100,-17202.199219
1752788361.919219,662878.000,41777,2,EL,1,100,-17197.199219
1752788361.986220,662945.000,41794,1,EL,1,100,-17199.599609
1752788362.052720,663011.500,41810,2,EL,1,100,-17200.400391
1752788362.119221,663078.000,41810,2,EL,1,100,-17200.599609
1752788362.186221,663145.000,41827,1,EL,1,100,-17200.599609
1752788362.252722,663211.500,41843,2,EL,1,100,-17199.400391
1752788362.319222,663278.000,41843,2,EL,1,100,-17201.800781
1752788362.386223,663345.000,41859,1,EL,1,100,-17205.400391
1752788362.452723,663411.500,41877,2,EL,1,100,-17206.800781
1752788362.519224,663478.000,41877,2,EL,1,100,-17201.800781
1752788362.586224,663545.000,41895,2,EL,1,100,-17209.800781
1752788362.653225,663612.000,41895,2,EL,1,100,-17209.000000
1752788362.719226,663678.000,41911,1,EL,1,100,-17200.000000
1752788362.786226,663745.000,41926,2,EL,1,100,-17203.400391
1752788362.853227,663812.000,41926,2,EL,1,100,-17203.400391
1752788362.919227,663878.000,41943,1,EL,1,100,-17202.000000
1752788362.986228,663945.000,41960,2,EL,1,100,-17202.199219
1752788363.053228,664012.000,41960,2,EL,1,100,-17205.400391
1752788363.119229,664078.000,41976,1,EL,1,100,-17203.000000
1752788363.186229,664145.000,41994,2,EL,1,100,-17205.800781
1752788363.253230,664212.000,41994,2,EL,1,100,-17208.800781
1752788363.319231,664278.000,42010,1,EL,1,100,-17204.000000
1752788363.386231,664345.000,42027,2,EL,1,100,-17207.400391
1752788363.453232,664412.000,42027,2,EL,1,100,-17213.000000
1752788363.519232,664478.000,42043,1,EL,1,100,-17203.599609
1752788363.586233,664545.000,42059,2,EL,1,100,-17203.599609
1752788363.653233,664612.000,42059,2,EL,1,100,-17209.800781
1752788363.719234,664678.000,42075,1,EL,1,100,-17202.000000
1752788363.786234,664745.000,42094,2,EL,1,100,-17203.800781
1752788363.853235,664812.000,42094,2,EL,1,100,-17210.000000
1752788363.919235,664878.000,42111,1,EL,1,100,-17206.000000
1752788363.986236,664945.000,42126,2,EL,1,100,-17205.400391
1752788364.053237,665012.000,42126,2,EL,1,100,-17206.199219
1752788364.119237,665078.000,42142,1,EL,1,100,-17206.599609
1752788364.186238,665145.000,42160,2,EL,1,100,-17206.400391
1752788364.253238,665212.000,42160,2,EL,1,100,-17216.000000
1752788364.319239,665278.000,42178,1,EL,1,100,-17207.400391
1752788364.386239,665345.000,42194,2,EL,1,100,-17207.199219
1752788364.453240,665412.000,42194,2,EL,1,100,-17217.199219
1752788364.519240,665478.000,42209,1,EL,1,100,-17209.800781
1752788364.586241,665545.000,42227,2,EL,1,100,-17206.400391
1752788364.653242,665612.000,42227,2,EL,1,100,-17218.199219
1752788364.719242,665678.000,42243,1,EL,1,100,-17207.400391
1752788364.786243,665745.000,42259,2,EL,1,100,-17206.800781
1752788364.853243,665812.000,42259,2,EL,1,100,-17217.800781
1752788364.919744,665878.500,42277,2,EL,1,100,-17210.800781
1752788364.986244,665945.000,42277,2,EL,1,100,-17207.400391
1752788365.053245,666012.000,42294,1,EL,1,100,-17215.000000
1752788365.119745,666078.500,42310,2,EL,1,100,-17207.599609
1752788365.186246,666145.000,42310,2,EL,1,100,-17210.800781
1752788365.252746,666211.500,42335,2,EL,1,100,-17220.800781
1752788365.319247,666278.000,42335,2,EL,1,100,-17211.199219
1752788365.385748,666344.500,42351,2,EL,1,100,-17216.599609
1752788365.452248,666411.000,42351,2,EL,1,100,-17208.199219
1752788365.519249,666478.000,42368,1,EL,1,100,-17207.199219
1752788365.585749,666544.500,42385,2,EL,1,100,-17209.400391
1752788365.652250,666611.000,42385,2,EL,1,100,-17212.400391
1752788365.719250,666678.000,42402,1,EL,1,100,-17217.599609
1752788365.785751,666744.500,42418,2,EL,1,100,-17210.000000
1752788365.852251,666811.000,42418,2,EL,1,100,-17209.599609
1752788365.919252,666878.000,42436,1,EL,1,100,-17219.599609
1752788365.985753,666944.500,42452,2,EL,1,100,-17214.199219
1752788366.052253,667011.000,42452,2,EL,1,100,-17211.199219
1752788366.119254,667078.000,42471,1,EL,1,100,-17212.400391
1752788366.185754,667144.500,42488,2,EL,1,100,-17212.199219
1752788366.252255,667211.000,42488,2,EL,1,100,-17211.199219
1752788366.319255,667278.000,42505,1,EL,1,100,-17211.199219
1752788366.385756,667344.500,42519,2,EL,1,100,-17217.400391
1752788366.452256,667411.000,42519,2,EL,1,100,-17212.800781
1752788366.519257,667478.000,42536,1,EL,1,100,-17211.800781
1752788366.585757,667544.500,42553,2,EL,1,100,-17215.199219
1752788366.652258,667611.000,42553,2,EL,1,100,-17215.400391
1752788366.719259,667678.000,42572,1,EL,1,100,-17222.800781
1752788366.785759,667744.500,42586,2,EL,1,100,-17216.000000
1752788366.852260,667811.000,42586,2,EL,1,100,-17213.199219
1752788366.919260,667878.000,42604,1,EL,1,100,-17217.400391
1752788366.985761,667944.500,42620,2,EL,1,100,-17214.400391
1752788367.052261,668011.000,42620,2,EL,1,100,-17213.000000
1752788367.119262,668078.000,42637,1,EL,1,100,-17215.599609
1752788367.185762,668144.500,42653,2,EL,1,100,-17216.800781
1752788367.252263,668211.000,42653,2,EL,1,100,-17211.800781
1752788367.319264,668278.000,42671,1,EL,1,100,-17214.400391
1752788367.385764,668344.500,42687,2,EL,1,100,-17213.599609
1752788367.452265,668411.000,42687,2,EL,1,100,-17214.400391
1752788367.519265,668478.000,42705,2,EL,1,100,-17216.199219
1752788367.586266,668545.000,42705,2,EL,1,100,-17217.199219
1752788367.652266,668611.000,42721,1,EL,1,100,-17215.800781
1752788367.719267,668678.000,42736,2,EL,1,100,-17217.599609
1752788367.786267,668745.000,42736,2,EL,1,100,-17216.800781
1752788367.852268,668811.000,42752,1,EL,1,100,-17217.400391
1752788367.919268,668878.000,42772,2,EL,1,100,-17222.000000
1752788367.986269,668945.000,42772,2,EL,1,100,-17223.000000
1752788368.052270,669011.000,42788,1,EL,1,100,-17217.400391
1752788368.119270,669078.000,42803,2,EL,1,100,-17215.000000
1752788368.186271,669145.000,42803,2,EL,1,100,-17219.000000
1752788368.252271,669211.000,42820,1,EL,1,100,-17218.599609
1752788368.318772,669277.500,42837,2,EL,1,100,-17219.400391
1752788368.385272,669344.000,42837,2,EL,1,100,-17220.599609
1752788368.452273,669411.000,42853,1,EL,1,100,-17219.800781
1752788368.518773,669477.500,42871,2,EL,1,100,-17220.599609
1752788368.585274,669544.000,42871,2,EL,1,100,-17222.800781
1752788368.652274,669611.000,42887,1,EL,1,100,-17219.599609
1752788368.718775,669677.500,42904,2,EL,1,100,-17218.199219
1752788368.785276,669744.000,42904,2,EL,1,100,-17219.000000
1752788368.852276,669811.000,42920,1,EL,1,100,-17220.599609
1752788368.919277,669878.000,42936,2,EL,1,100,-17224.000000
1752788368.986277,669945.000,42936,2,EL,1,100,-17230.400391
1752788369.052278,670011.000,42952,1,EL,1,100,-17221.400391
1752788369.119278,670078.000,42971,2,EL,1,100,-17219.199219
1752788369.186279,670145.000,42971,2,EL,1,100,-17219.000000
1752788369.252279,670211.000,42988,1,EL,1,100,-17219.000000
1752788369.318780,670277.500,43003,2,EL,1,100,-17221.000000
1752788369.385281,670344.000,43003,2,EL,1,100,-17220.199219
1752788369.452281,670411.000,43019,1,EL,1,100,-17220.800781
1752788369.518782,670477.500,43037,2,EL,1,100,-17224.599609
1752788369.585282,670544.000,43037,2,EL,1,100,-17232.800781
1752788369.652283,670611.000,43053,2,EL,1,100,-17222.599609
1752788369.719283,670678.000,43053,2,EL,1,100,-17220.000000
1752788369.785284,670744.000,43072,1,EL,1,100,-17221.400391
1752788369.852284,670811.000,43087,2,EL,1,100,-17222.800781
1752788369.919285,670878.000,43087,2,EL,1,100,-17221.599609
1752788369.986285,670945.000,43104,1,EL,1,100,-17231.800781
1752788370.052786,671011.500,43120,2,EL,1,100,-17224.400391
1752788370.119287,671078.000,43120,2,EL,1,100,-17222.000000
1752788370.185287,671144.000,43137,1,EL,1,100,-17222.000000
1752788370.252288,671211.000,43154,2,EL,1,100,-17220.400391
1752788370.319288,671278.000,43154,2,EL,1,100,-17222.599609
1752788370.385789,671344.500,43176,2,EL,1,100,-17224.800781
1752788370.452289,671411.000,43176,2,EL,1,100,-17223.199219
1752788370.518790,671477.500,43193,2,EL,1,100,-17224.800781
1752788370.585290,671544.000,43193,2,EL,1,100,-17223.599609
1752788370.652291,671611.000,43210,1,EL,1,100,-17225.400391
1752788370.718792,671677.500,43226,2,EL,1,100,-17226.599609
1752788370.785292,671744.000,43226,2,EL,1,100,-17226.599609
1752788370.852293,671811.000,43243,1,EL,1,100,-17226.199219
1752788370.918793,671877.500,43262,2,EL,1,100,-17227.199219
1752788370.985294,671944.000,43262,2,EL,1,100,-17227.000000
1752788371.052294,672011.000,43279,1,EL,1,100,-17225.400391
1752788371.118795,672077.500,43295,2,EL,1,100,-17224.800781
1752788371.185295,672144.000,43295,2,EL,1,100,-17224.400391
1752788371.252296,672211.000,43313,1,EL,1,100,-17226.199219
1752788371.318796,672277.500,43327,2,EL,1,100,-17228.599609
1752788371.385297,672344.000,43327,2,EL,1,100,-17225.599609
1752788371.452298,672411.000,43344,1,EL,1,100,-17225.800781
1752788371.518798,672477.500,43363,2,EL,1,100,-17226.800781
1752788371.585299,672544.000,43363,2,EL,1,100,-17227.800781
1752788371.652299,672611.000,43380,1,EL,1,100,-17227.800781
1752788371.718800,672677.500,43394,2,EL,1,100,-17227.599609
1752788371.785300,672744.000,43394,2,EL,1,100,-17226.000000
1752788371.852301,672811.000,43411,1,EL,1,100,-17227.599609
1752788371.918801,672877.500,43428,2,EL,1,100,-17227.599609
1752788371.985302,672944.000,43428,2,EL,1,100,-17227.800781
1752788372.052303,673011.000,43445,1,EL,1,100,-17227.000000
1752788372.118803,673077.500,43462,2,EL,1,100,-17228.199219
1752788372.185304,673144.000,43462,2,EL,1,100,-17230.000000
1752788372.252304,673211.000,43479,1,EL,1,100,-17232.199219
1752788372.318805,673277.500,43495,2,EL,1,100,-17227.800781
1752788372.385305,673344.000,43495,2,EL,1,100,-17229.400391
1752788372.451806,673410.500,43512,2,EL,1,100,-17230.000000
1752788372.518306,673477.000,43512,2,EL,1,100,-17229.599609
1752788372.585307,673544.000,43529,1,EL,1,100,-17230.199219
1752788372.651807,673610.500,43544,2,EL,1,100,-17234.000000
1752788372.718308,673677.000,43544,2,EL,1,100,-17230.400391
1752788372.785309,673744.000,43560,1,EL,1,100,-17230.599609
1752788372.851809,673810.500,43580,2,EL,1,100,-17233.199219
1752788372.918310,673877.000,43580,2,EL,1,100,-17235.800781
1752788372.985310,673944.000,43596,1,EL,1,100,-17230.199219
1752788373.051811,674010.500,43611,2,EL,1,100,-17229.599609
1752788373.118311,674077.000,43611,2,EL,1,100,-17231.800781
1752788373.185312,674144.000,43627,1,EL,1,100,-17230.199219
1752788373.251812,674210.500,43645,2,EL,1,100,-17232.199219
1752788373.318313,674277.000,43645,2,EL,1,100,-17231.800781
1752788373.385314,674344.000,43663,1,EL,1,100,-17231.599609
1752788373.451814,674410.500,43678,2,EL,1,100,-17232.800781
1752788373.518315,674477.000,43678,2,EL,1,100,-17238.400391
1752788373.585315,674544.000,43695,1,EL,1,100,-17231.599609
1752788373.651816,674610.500,43712,2,EL,1,100,-17233.000000
1752788373.718316,674677.000,43712,2,EL,1,100,-17231.599609
1752788373.785317,674744.000,43728,1,EL,1,100,-17232.800781
1752788373.851817,674810.500,43744,2,EL,1,100,-17237.599609
1752788373.918318,674877.000,43744,2,EL,1,100,-17244.199219
1752788373.985318,674944.000,43762,1,EL,1,100,-17234.599609
1752788374.051819,675010.500,43779,2,EL,1,100,-17232.599609
1752788374.118320,675077.000,43779,2,EL,1,100,-17242.800781
1752788374.185320,675144.000,43795,1,EL,1,100,-17233.599609
1752788374.251821,675210.500,43811,2,EL,1,100,-17233.000000
1752788374.318321,675277.000,43811,2,EL,1,100,-17232.599609
1752788374.385322,675344.000,43827,1,EL,1,100,-17233.800781
1752788374.451822,675410.500,43844,2,EL,1,100,-17235.400391
1752788374.518323,675477.000,43844,2,EL,1,100,-17244.199219
1752788374.585323,675544.000,43863,1,EL,1,100,-17235.800781
1752788374.651824,675610.500,43879,2,EL,1,100,-17233.800781
1752788374.718324,675677.000,43879,2,EL,1,100,-17234.000000
1752788374.785325,675744.000,43894,1,EL,1,100,-17233.000000
1752788374.851826,675810.500,43912,2,EL,1,100,-17236.199219
1752788374.918326,675877.000,43912,2,EL,1,100,-17245.400391
1752788374.984827,675943.500,43928,2,EL,1,100,-17236.599609
1752788375.051327,676010.000,43928,2,EL,1,100,-17239.000000
1752788375.118328,676077.000,43945,1,EL,1,100,-17237.400391
1752788375.184828,676143.500,43962,2,EL,1,100,-17237.199219
1752788375.251329,676210.000,43962,2,EL,1,100,-17237.000000
1752788375.318329,676277.000,43979,1,EL,1,100,-17240.400391
1752788375.384830,676343.500,43995,2,EL,1,100,-17237.800781
1752788375.451331,676410.000,43995,2,EL,1,100,-17238.400391
1752788375.518331,676477.000,44018,2,EL,1,100,-17250.000000
1752788375.585332,676544.000,44018,2,EL,1,100,-17241.000000
1752788375.652332,676611.000,44034,1,EL,1,100,-17239.000000
1752788375.718833,676677.500,44051,2,EL,1,100,-17239.000000
1752788375.785333,676744.000,44051,2,EL,1,100,-17237.400391
1752788375.851334,676810.000,44067,1,EL,1,100,-17239.000000
1752788375.918334,676877.000,44087,2,EL,1,100,-17241.400391
1752788375.985335,676944.000,44087,2,EL,1,100,-17242.599609
1752788376.051335,677010.000,44103,1,EL,1,100,-17241.800781
1752788376.118336,677077.000,44119,2,EL,1,100,-17241.000000
1752788376.185337,677144.000,44119,2,EL,1,100,-17239.199219
1752788376.251837,677210.500,44135,2,EL,1,100,-17241.800781
1752788376.318338,677277.000,44135,2,EL,1,100,-17243.400391
1752788376.385338,677344.000,44154,1,EL,1,100,-17242.599609
1752788376.451839,677410.500,44170,2,EL,1,100,-17240.800781
1752788376.518339,677477.000,44170,2,EL,1,100,-17241.800781
1752788376.585340,677544.000,44188,1,EL,1,100,-17242.400391
1752788376.651840,677610.500,44202,2,EL,1,100,-17241.599609
1752788376.718341,677677.000,44202,2,EL,1,100,-17241.000000
1752788376.785342,677744.000,44219,1,EL,1,100,-17247.800781
1752788376.851842,677810.500,44236,2,EL,1,100,-17242.199219
1752788376.918343,677877.000,44236,2,EL,1,100,-17243.599609
1752788376.985343,677944.000,44255,1,EL,1,100,-17250.400391
1752788377.051844,678010.500,44269,2,EL,1,100,-17247.400391
1752788377.118344,678077.000,44269,2,EL,1,100,-17243.599609
1752788377.185345,678144.000,44286,1,EL,1,100,-17243.599609
1752788377.251845,678210.500,44303,2,EL,1,100,-17243.000000
1752788377.318346,678277.000,44303,2,EL,1,100,-17245.199219
1752788377.385346,678344.000,44320,1,EL,1,100,-17247.000000
1752788377.451847,678410.500,44334,2,EL,1,100,-17246.800781
1752788377.518348,678477.000,44334,2,EL,1,100,-17245.199219
1752788377.585348,678544.000,44354,1,EL,1,100,-17245.800781
1752788377.651849,678610.500,44370,2,EL,1,100,-17245.800781
1752788377.718349,678677.000,44370,2,EL,1,100,-17248.400391
1752788377.785350,678744.000,44387,1,EL,1,100,-17243.400391
1752788377.851850,678810.500,44402,2,EL,1,100,-17244.199219
1752788377.918351,678877.000,44402,2,EL,1,100,-17246.800781
1752788377.985351,678944.000,44419,1,EL,1,100,-17253.599609
1752788378.051852,679010.500,44435,2,EL,1,100,-17248.800781
1752788378.118353,679077.000,44435,2,EL,1,100,-17244.199219
1752788378.185353,679144.000,44454,1,EL,1,100,-17253.800781
1752788378.251854,679210.500,44470,2,EL,1,100,-17248.800781
1752788378.318354,679277.000,44470,2,EL,1,100,-17244.400391
1752788378.385355,679344.000,44486,1,EL,1,100,-17246.800781
1752788378.451855,679410.500,44502,2,EL,1,100,-17250.199219
1752788378.518356,679477.000,44502,2,EL,1,100,-17246.199219
1752788378.585356,679544.000,44520,1,EL,1,100,-17254.000000
1752788378.651857,679610.500,44535,2,EL,1,100,-17253.599609
1752788378.718357,679677.000,44535,2,EL,1,100,-17248.400391
1752788378.784858,679743.500,44553,2,EL,1,100,-17250.000000
1752788378.851359,679810.000,44553,2,EL,1,100,-17248.000000
1752788378.918359,679877.000,44570,1,EL,1,100,-17247.400391
1752788378.984860,679943.500,44587,2,EL,1,100,-17248.599609
1752788379.051360,680010.000,44587,2,EL,1,100,-17249.400391
1752788379.118361,680077.000,44603,1,EL,1,100,-17249.400391
1752788379.184861,680143.500,44619,2,EL,1,100,-17250.599609
1752788379.251362,680210.000,44619,2,EL,1,100,-17250.599609
1752788379.318362,680277.000,44635,1,EL,1,100,-17248.400391
1752788379.384863,680343.500,44654,2,EL,1,100,-17249.599609
1752788379.451364,680410.000,44654,2,EL,1,100,-17252.000000
1752788379.518364,680477.000,44670,1,EL,1,100,-17250.599609
1752788379.584865,680543.500,44686,2,EL,1,100,-17253.199219
1752788379.651365,680610.000,44686,2,EL,1,100,-17257.599609
1752788379.718366,680677.000,44702,1,EL,1,100,-17250.400391
1752788379.784866,680743.500,44719,2,EL,1,100,-17251.400391
1752788379.851367,680810.000,44719,2,EL,1,100,-17250.000000
1752788379.918367,680877.000,44736,1,EL,1,100,-17250.199219
1752788379.984868,680943.500,44753,2,EL,1,100,-17251.599609
1752788380.051368,681010.000,44753,2,EL,1,100,-17251.000000
1752788380.118369,681077.000,44769,1,EL,1,100,-17252.000000
1752788380.184870,681143.500,44787,2,EL,1,100,-17256.199219
1752788380.251370,681210.000,44787,2,EL,1,100,-17262.199219
1752788380.318371,681277.000,44803,1,EL,1,100,-17249.000000
1752788380.384871,681343.500,44818,2,EL,1,100,-17253.400391
1752788380.451372,681410.000,44818,2,EL,1,100,-17263.000000
1752788380.518372,681477.000,44834,1,EL,1,100,-17253.000000
1752788380.585040,681543.667,44859,3,EL,1,100,-17252.800781
1752788380.651707,681610.333,44859,3,EL,1,100,-17262.400391
1752788380.718374,681677.000,44859,3,EL,1,100,-17253.199219
1752788380.784375,681743.000,44875,1,EL,1,100,-17257.000000
1752788380.851375,681810.000,44893,2,EL,1,100,-17251.400391
1752788380.918376,681877.000,44893,2,EL,1,100,-17251.800781
1752788380.984376,681943.000,44911,1,EL,1,100,-17255.400391
1752788381.051377,682010.000,44926,2,EL,1,100,-17253.599609
1752788381.118377,682077.000,44926,2,EL,1,100,-17257.800781
1752788381.184378,682143.000,44942,1,EL,1,100,-17253.800781
1752788381.251378,682210.000,44962,2,EL,1,100,-17255.199219
1752788381.318379,682277.000,44962,2,EL,1,100,-17256.199219
1752788381.384379,682343.000,44978,1,EL,1,100,-17252.400391
1752788381.450880,682409.500,44993,2,EL,1,100,-17252.199219
1752788381.517381,682476.000,44993,2,EL,1,100,-17255.199219
1752788381.584381,682543.000,45010,1,EL,1,100,-17256.599609
1752788381.651382,682610.000,45027,2,EL,1,100,-17255.199219
1752788381.718382,682677.000,45027,2,EL,1,100,-17261.199219
1752788381.784383,682743.000,45043,1,EL,1,100,-17256.000000
1752788381.850883,682809.500,45061,2,EL,1,100,-17257.000000
1752788381.917384,682876.000,45061,2,EL,1,100,-17260.199219
1752788381.984384,682943.000,45077,1,EL,1,100,-17259.599609
1752788382.050885,683009.500,45094,2,EL,1,100,-17255.199219
1752788382.117385,683076.000,45094,2,EL,1,100,-17259.800781
1752788382.184386,683143.000,45110,1,EL,1,100,-17258.599609
1752788382.250887,683209.500,45127,2,EL,1,100,-17254.599609
1752788382.317387,683276.000,45127,2,EL,1,100,-17256.000000
1752788382.384388,683343.000,45142,1,EL,1,100,-17257.800781
1752788382.450888,683409.500,45161,2,EL,1,100,-17251.400391
1752788382.517389,683476.000,45161,2,EL,1,100,-17256.800781
1752788382.584389,683543.000,45178,2,EL,1,100,-17257.599609
1752788382.651390,683610.000,45178,2,EL,1,100,-17256.199219
1752788382.717390,683676.000,45195,1,EL,1,100,-17261.199219
1752788382.784391,683743.000,45209,2,EL,1,100,-17255.199219
1752788382.851392,683810.000,45209,2,EL,1,100,-17256.400391
1752788382.917392,683876.000,45227,1,EL,1,100,-17264.000000
1752788382.984393,683943.000,45245,2,EL,1,100,-17259.800781
1752788383.051393,684010.000,45245,2,EL,1,100,-17256.599609
1752788383.117394,684076.000,45262,1,EL,1,100,-17258.199219
1752788383.184394,684143.000,45277,2,EL,1,100,-17261.199219
1752788383.251395,684210.000,45277,2,EL,1,100,-17258.800781
1752788383.317395,684276.000,45294,1,EL,1,100,-17258.199219
1752788383.384396,684343.000,45310,2,EL,1,100,-17259.599609
1752788383.451396,684410.000,45310,2,EL,1,100,-17259.800781
1752788383.517397,684476.000,45327,1,EL,1,100,-17269.599609
1752788383.584398,684543.000,45344,2,EL,1,100,-17266.800781
1752788383.651398,684610.000,45344,2,EL,1,100,-17258.400391
1752788383.717399,684676.000,45361,1,EL,1,100,-17266.400391
1752788383.784399,684743.000,45377,2,EL,1,100,-17259.800781
1752788383.851400,684810.000,45377,2,EL,1,100,-17258.599609
1752788383.917400,684876.000,45395,1,EL,1,100,-17266.800781
1752788383.984401,684943.000,45409,2,EL,1,100,-17267.199219
1752788384.051401,685010.000,45409,2,EL,1,100,-17262.000000
1752788384.117402,685076.000,45426,1,EL,1,100,-17262.000000
1752788384.184403,685143.000,45445,2,EL,1,100,-17260.400391
1752788384.251403,685210.000,45445,2,EL,1,100,-17260.000000
1752788384.317404,685276.000,45462,1,EL,1,100,-17262.000000
1752788384.384404,685343.000,45477,2,EL,1,100,-17261.000000
1752788384.451405,685410.000,45477,2,EL,1,100,-17261.800781
1752788384.517405,685476.000,45493,1,EL,1,100,-17268.199219
1752788384.584406,685543.000,45510,2,EL,1,100,-17269.599609
1752788384.651406,685610.000,45510,2,EL,1,100,-17262.400391
1752788384.717407,685676.000,45527,1,EL,1,100,-17269.400391
1752788384.783907,685742.500,45544,2,EL,1,100,-17269.800781
1752788384.850408,685809.000,45544,2,EL,1,100,-17260.800781
1752788384.917409,685876.000,45561,2,EL,1,100,-17267.199219
1752788384.984409,685943.000,45561,2,EL,1,100,-17268.000000
1752788385.050410,686009.000,45577,1,EL,1,100,-17262.400391
1752788385.117410,686076.000,45594,2,EL,1,100,-17263.400391
1752788385.184411,686143.000,45594,2,EL,1,100,-17267.000000
1752788385.250411,686209.000,45611,1,EL,1,100,-17264.199219
1752788385.317412,686276.000,45626,2,EL,1,100,-17265.199219
1752788385.384412,686343.000,45626,2,EL,1,100,-17266.000000
1752788385.450413,686409.000,45644,1,EL,1,100,-17266.800781
1752788385.517414,686476.000,45662,2,EL,1,100,-17272.800781
1752788385.584414,686543.000,45662,2,EL,1,100,-17274.800781
1752788385.650415,686609.000,45678,1,EL,1,100,-17264.000000
1752788385.717415,686676.000,45698,2,EL,1,100,-17265.599609
1752788385.784416,686743.000,45698,2,EL,1,100,-17262.599609
1752788385.850916,686809.500,45715,2,EL,1,100,-17265.000000
1752788385.917417,686876.000,45715,2,EL,1,100,-17264.800781
1752788385.984417,686943.000,45733,1,EL,1,100,-17268.000000
1752788386.050918,687009.500,45751,2,EL,1,100,-17268.599609
1752788386.117418,687076.000,45751,2,EL,1,100,-17268.000000
1752788386.183919,687142.500,45769,2,EL,1,100,-17266.400391
1752788386.250420,687209.000,45769,2,EL,1,100,-17268.599609
1752788386.317420,687276.000,45785,1,EL,1,100,-17268.599609
1752788386.383921,687342.500,45800,2,EL,1,100,-17269.599609
1752788386.450421,687409.000,45800,2,EL,1,100,-17270.800781
1752788386.517422,687476.000,45816,1,EL,1,100,-17270.199219
1752788386.583922,687542.500,45834,2,EL,1,100,-17271.800781
1752788386.650423,687609.000,45834,2,EL,1,100,-17270.599609
1752788386.717423,687676.000,45852,1,EL,1,100,-17271.000000
1752788386.783924,687742.500,45867,2,EL,1,100,-17269.199219
1752788386.850425,687809.000,45867,2,EL,1,100,-17268.800781
1752788386.917425,687876.000,45884,1,EL,1,100,-17271.800781
1752788386.983926,687942.500,45901,2,EL,1,100,-17268.800781
1752788387.050426,688009.000,45901,2,EL,1,100,-17269.199219
1752788387.117427,688076.000,45917,1,EL,1,100,-17270.599609
1752788387.183927,688142.500,45933,2,EL,1,100,-17275.199219
1752788387.250428,688209.000,45933,2,EL,1,100,-17276.599609
1752788387.317428,688276.000,45951,1,EL,1,100,-17271.400391
1752788387.383929,688342.500,45968,2,EL,1,100,-17275.000000
1752788387.450429,688409.000,45968,2,EL,1,100,-17273.599609
1752788387.517430,688476.000,45984,1,EL,1,100,-17271.599609
1752788387.583931,688542.500,46000,2,EL,1,100,-17273.400391
1752788387.650431,688609.000,46000,2,EL,1,100,-17275.400391
1752788387.717432,688676.000,46016,1,EL,1,100,-17271.800781
1752788387.783932,688742.500,46033,2,EL,1,100,-17272.800781
1752788387.850433,688809.000,46033,2,EL,1,100,-17273.400391
1752788387.917433,688876.000,46052,1,EL,1,100,-17273.199219
1752788387.983934,688942.500,46068,2,EL,1,100,-17273.599609
1752788388.050434,689009.000,46068,2,EL,1,100,-17274.199219
1752788388.117435,689076.000,46083,1,EL,1,100,-17272.000000
1752788388.183936,689142.500,46101,2,EL,1,100,-17273.599609
1752788388.250436,689209.000,46101,2,EL,1,100,-17282.599609
1752788388.316937,689275.500,46117,2,EL,1,100,-17272.599609
1752788388.383437,689342.000,46117,2,EL,1,100,-17271.199219
1752788388.450438,689409.000,46134,1,EL,1,100,-17283.199219
1752788388.516938,689475.500,46151,2,EL,1,100,-17275.599609
1752788388.583439,689542.000,46151,2,EL,1,100,-17273.800781
1752788388.650439,689609.000,46168,1,EL,1,100,-17283.400391
1752788388.716940,689675.500,46184,2,EL,1,100,-17274.800781
1752788388.783440,689742.000,46184,2,EL,1,100,-17272.400391
1752788388.850441,689809.000,46201,1,EL,1,100,-17274.000000
1752788388.916942,689875.500,46216,2,EL,1,100,-17277.000000
1752788388.983442,689942.000,46216,2,EL,1,100,-17275.199219
1752788389.050443,690009.000,46233,1,EL,1,100,-17281.000000
1752788389.116943,690075.500,46251,2,EL,1,100,-17279.400391
1752788389.183444,690142.000,46251,2,EL,1,100,-17275.599609
1752788389.250444,690209.000,46269,1,EL,1,100,-17283.599609
1752788389.316945,690275.500,46283,2,EL,1,100,-17279.800781
1752788389.383445,690342.000,46283,2,EL,1,100,-17273.800781
1752788389.450446,690409.000,46300,1,EL,1,100,-17282.599609
1752788389.516946,690475.500,46317,2,EL,1,100,-17282.199219
1752788389.583447,690542.000,46317,2,EL,1,100,-17277.400391
1752788389.650448,690609.000,46334,1,EL,1,100,-17282.400391
1752788389.716948,690675.500,46350,2,EL,1,100,-17279.800781
1752788389.783449,690742.000,46350,2,EL,1,100,-17275.199219
1752788389.850449,690809.000,46367,1,EL,1,100,-17278.400391
1752788389.916950,690875.500,46384,2,EL,1,100,-17278.599609
1752788389.983450,690942.000,46384,2,EL,1,100,-17277.000000
1752788390.050451,691009.000,46401,1,EL,1,100,-17280.599609
1752788390.116951,691075.500,46416,2,EL,1,100,-17285.599609
1752788390.183452,691142.000,46416,2,EL,1,100,-17279.400391
1752788390.250453,691209.000,46433,2,EL,1,100,-17282.199219
1752788390.317453,691276.000,46433,2,EL,1,100,-17284.000000
1752788390.383454,691342.000,46451,1,EL,1,100,-17279.199219
1752788390.450454,691409.000,46468,2,EL,1,100,-17283.599609
1752788390.517455,691476.000,46468,2,EL,1,100,-17289.400391
1752788390.583455,691542.000,46485,1,EL,1,100,-17277.599609
1752788390.650456,691609.000,46500,2,EL,1,100,-17278.400391
1752788390.717456,691676.000,46500,2,EL,1,100,-17285.199219
1752788390.783457,691742.000,46516,1,EL,1,100,-17279.199219
1752788390.850457,691809.000,46541,2,EL,1,100,-17279.599609
1752788390.917458,691876.000,46541,2,EL,1,100,-17286.400391
1752788390.983959,691942.500,46559,2,EL,1,100,-17281.400391
1752788391.050459,692009.000,46559,2,EL,1,100,-17279.199219
1752788391.117460,692076.000,46576,1,EL,1,100,-17281.400391
1752788391.183960,692142.500,46592,2,EL,1,100,-17280.800781
1752788391.250461,692209.000,46592,2,EL,1,100,-17282.400391
1752788391.317461,692276.000,46608,1,EL,1,100,-17282.199219
1752788391.383962,692342.500,46624,2,EL,1,100,-17280.599609
1752788391.450462,692409.000,46624,2,EL,1,100,-17282.199219
1752788391.517463,692476.000,46641,1,EL,1,100,-17284.800781
1752788391.583964,692542.500,46659,2,EL,1,100,-17282.199219
1752788391.650464,692609.000,46659,2,EL,1,100,-17280.199219
1752788391.716965,692675.500,46675,2,EL,1,100,-17284.000000
1752788391.783465,692742.000,46675,2,EL,1,100,-17284.000000
1752788391.850466,692809.000,46691,1,EL,1,100,-17279.199219
1752788391.916966,692875.500,46709,2,EL,1,100,-17284.199219
1752788391.983467,692942.000,46709,2,EL,1,100,-17285.800781
1752788392.050467,693009.000,46725,1,EL,1,100,-17283.400391
1752788392.116968,693075.500,46742,2,EL,1,100,-17283.800781
1752788392.183468,693142.000,46742,2,EL,1,100,-17285.599609
1752788392.250469,693209.000,46759,1,EL,1,100,-17286.800781
1752788392.316970,693275.500,46776,2,EL,1,100,-17285.000000
1752788392.383470,693342.000,46776,2,EL,1,100,-17281.400391
1752788392.450471,693409.000,46792,1,EL,1,100,-17282.599609
1752788392.516971,693475.500,46808,2,EL,1,100,-17282.800781
1752788392.583472,693542.000,46808,2,EL,1,100,-17282.400391
1752788392.650472,693609.000,46824,1,EL,1,100,-17286.400391
1752788392.716973,693675.500,46843,2,EL,1,100,-17289.000000
1752788392.783473,693742.000,46843,2,EL,1,100,-17289.000000
1752788392.850474,693809.000,46859,1,EL,1,100,-17285.199219
1752788392.916975,693875.500,46875,2,EL,1,100,-17287.199219
1752788392.983475,693942.000,46875,2,EL,1,100,-17289.199219
1752788393.050476,694009.000,46891,1,EL,1,100,-17285.599609
1752788393.116976,694075.500,46908,2,EL,1,100,-17286.599609
1752788393.183477,694142.000,46908,2,EL,1,100,-17287.800781
1752788393.250477,694209.000,46925,1,EL,1,100,-17288.400391
1752788393.316978,694275.500,46942,2,EL,1,100,-17288.199219
1752788393.383478,694342.000,46942,2,EL,1,100,-17287.800781
1752788393.450479,694409.000,46958,1,EL,1,100,-17287.000000
1752788393.516979,694475.500,46976,2,EL,1,100,-17286.800781
1752788393.583480,694542.000,46976,2,EL,1,100,-17290.400391
1752788393.650481,694609.000,46992,1,EL,1,100,-17288.000000
1752788393.716981,694675.500,47008,2,EL,1,100,-17287.599609
1752788393.783482,694742.000,47008,2,EL,1,100,-17288.400391
1752788393.850482,694809.000,47023,1,EL,1,100,-17288.599609
1752788393.916983,694875.500,47043,2,EL,1,100,-17290.000000
1752788393.983483,694942.000,47043,2,EL,1,100,-17295.800781
1752788394.050484,695009.000,47059,1,EL,1,100,-17290.000000
1752788394.116984,695075.500,47075,2,EL,1,100,-17288.800781
1752788394.183485,695142.000,47075,2,EL,1,100,-17290.199219
1752788394.249986,695208.500,47091,2,EL,1,100,-17290.400391
1752788394.316486,695275.000,47091,2,EL,1,100,-17288.800781
1752788394.383487,695342.000,47108,1,EL,1,100,-17290.599609
1752788394.449987,695408.500,47124,2,EL,1,100,-17290.599609
1752788394.516488,695475.000,47124,2,EL,1,100,-17293.000000
1752788394.583488,695542.000,47144,1,EL,1,100,-17299.000000
1752788394.649989,695608.500,47158,2,EL,1,100,-17291.400391
1752788394.716489,695675.000,47158,2,EL,1,100,-17288.599609
1752788394.783490,695742.000,47175,1,EL,1,100,-17290.400391
1752788394.849990,695808.500,47192,2,EL,1,100,-17290.599609
1752788394.916491,695875.000,47192,2,EL,1,100,-17292.000000
1752788394.983492,695942.000,47209,1,EL,1,100,-17302.000000
1752788395.049992,696008.500,47223,2,EL,1,100,-17294.599609
1752788395.116493,696075.000,47223,2,EL,1,100,-17291.800781
1752788395.183493,696142.000,47242,1,EL,1,100,-17293.000000
1752788395.249994,696208.500,47259,2,EL,1,100,-17291.199219
1752788395.316494,696275.000,47259,2,EL,1,100,-17290.599609
1752788395.383495,696342.000,47276,1,EL,1,100,-17290.800781
1752788395.449995,696408.500,47290,2,EL,1,100,-17292.599609
1752788395.516496,696475.000,47290,2,EL,1,100,-17293.400391
1752788395.583497,696542.000,47308,1,EL,1,100,-17295.000000
1752788395.649997,696608.500,47324,2,EL,1,100,-17296.800781
1752788395.716498,696675.000,47324,2,EL,1,100,-17295.400391
1752788395.783498,696742.000,47343,1,EL,1,100,-17295.800781
1752788395.849999,696808.500,47359,2,EL,1,100,-17295.400391
1752788395.916499,696875.000,47359,2,EL,1,100,-17293.400391
1752788395.983000,696941.500,47382,2,EL,1,100,-17294.400391
1752788396.049500,697008.000,47382,2,EL,1,100,-17292.599609
1752788396.116501,697075.000,47398,2,EL,1,100,-17295.199219
1752788396.183501,697142.000,47398,2,EL,1,100,-17295.000000
1752788396.250502,697209.000,47416,1,EL,1,100,-17295.800781
1752788396.317003,697275.500,47432,2,EL,1,100,-17296.400391
1752788396.383503,697342.000,47432,2,EL,1,100,-17296.000000
1752788396.449504,697408.000,47451,1,EL,1,100,-17296.199219
1752788396.516504,697475.000,47466,2,EL,1,100,-17295.000000
1752788396.583505,697542.000,47466,2,EL,1,100,-17292.199219
1752788396.649505,697608.000,47483,1,EL,1,100,-17295.400391
1752788396.716506,697675.000,47499,2,EL,1,100,-17297.199219
1752788396.783506,697742.000,47499,2,EL,1,100,-17296.000000
1752788396.849507,697808.000,47516,1,EL,1,100,-17297.199219
1752788396.916507,697875.000,47531,2,EL,1,100,-17298.000000
1752788396.983508,697942.000,47531,2,EL,1,100,-17296.800781
1752788397.049509,698008.000,47550,1,EL,1,100,-17296.599609
1752788397.116509,698075.000,47566,2,EL,1,100,-17295.800781
1752788397.183510,698142.000,47566,2,EL,1,100,-17298.000000
1752788397.249510,698208.000,47584,1,EL,1,100,-17299.000000
1752788397.316511,698275.000,47599,2,EL,1,100,-17297.000000
1752788397.383511,698342.000,47599,2,EL,1,100,-17298.400391
1752788397.449512,698408.000,47615,1,EL,1,100,-17299.199219
1752788397.516512,698475.000,47632,2,EL,1,100,-17299.400391
1752788397.583513,698542.000,47632,2,EL,1,100,-17298.199219
1752788397.650014,698608.500,47649,2,EL,1,100,-17298.599609
1752788397.716514,698675.000,47649,2,EL,1,100,-17299.000000
1752788397.783515,698742.000,47667,1,EL,1,100,-17299.599609
1752788397.850015,698808.500,47683,2,EL,1,100,-17301.000000
1752788397.916516,698875.000,47683,2,EL,1,100,-17298.400391
1752788397.983516,698942.000,47699,1,EL,1,100,-17298.199219
1752788398.050017,699008.500,47716,2,EL,1,100,-17301.599609
1752788398.116517,699075.000,47716,2,EL,1,100,-17301.199219
1752788398.182518,699141.000,47732,1,EL,1,100,-17298.800781
1752788398.249518,699208.000,47748,2,EL,1,100,-17302.199219
1752788398.316519,699275.000,47748,2,EL,1,100,-17300.599609
1752788398.382520,699341.000,47766,1,EL,1,100,-17299.400391
1752788398.449520,699408.000,47783,2,EL,1,100,-17302.599609
1752788398.516521,699475.000,47783,2,EL,1,100,-17303.400391
1752788398.582521,699541.000,47800,1,EL,1,100,-17299.599609
1752788398.649522,699608.000,47815,2,EL,1,100,-17298.199219
1752788398.716522,699675.000,47815,2,EL,1,100,-17299.000000
1752788398.783523,699742.000,47831,1,EL,1,100,-17298.800781
1752788398.850023,699808.500,47849,2,EL,1,100,-17298.000000
1752788398.916524,699875.000,47849,2,EL,1,100,-17301.400391
1752788398.982525,699941.000,47867,1,EL,1,100,-17299.800781
1752788399.049525,700008.000,47882,2,EL,1,100,-17300.199219
1752788399.116526,700075.000,47882,2,EL,1,100,-17306.199219
1752788399.182526,700141.000,47898,1,EL,1,100,-17302.000000
1752788399.249527,700208.000,47916,2,EL,1,100,-17303.000000
1752788399.316527,700275.000,47916,2,EL,1,100,-17306.400391
1752788399.382528,700341.000,47932,1,EL,1,100,-17301.599609
1752788399.449528,700408.000,47948,2,EL,1,100,-17301.199219
1752788399.516529,700475.000,47948,2,EL,1,100,-17308.400391
1752788399.582529,700541.000,47966,1,EL,1,100,-17302.199219
1752788399.649530,700608.000,47983,2,EL,1,100,-17301.199219
1752788399.716531,700675.000,47983,2,EL,1,100,-17302.199219
1752788399.783031,700741.500,47999,2,EL,1,100,-17301.599609
1752788399.849532,700808.000,47999,2,EL,1,100,-17301.800781
1752788399.916532,700875.000,48017,1,EL,1,100,-17307.199219
1752788399.983033,700941.500,48031,2,EL,1,100,-17304.599609
1752788400.049533,701008.000,48031,2,EL,1,100,-17302.400391
1752788400.116534,701075.000,48048,1,EL,1,100,-17313.800781
1752788400.183034,701141.500,48065,2,EL,1,100,-17307.599609
1752788400.249535,701208.000,48065,2,EL,1,100,-17305.000000
1752788400.316536,701275.000,48084,1,EL,1,100,-17312.599609
1752788400.383036,701341.500,48098,2,EL,1,100,-17306.400391
1752788400.449537,701408.000,48098,2,EL,1,100,-17302.199219
1752788400.516537,701475.000,48115,1,EL,1,100,-17312.400391
1752788400.583038,701541.500,48132,2,EL,1,100,-17305.199219
1752788400.649538,701608.000,48132,2,EL,1,100,-17304.800781
1752788400.716539,701675.000,48149,1,EL,1,100,-17305.599609
1752788400.783039,701741.500,48165,2,EL,1,100,-17305.000000
1752788400.849540,701808.000,48165,2,EL,1,100,-17301.599609
1752788400.916540,701875.000,48183,1,EL,1,100,-17315.800781
1752788400.983041,701941.500,48201,2,EL,1,100,-17312.800781
1752788401.049542,702008.000,48201,2,EL,1,100,-17303.000000
1752788401.116042,702074.500,48223,2,EL,1,100,-17305.599609
1752788401.182543,702141.000,48223,2,EL,1,100,-17304.199219
1752788401.249543,702208.000,48240,1,EL,1,100,-17310.800781
1752788401.316044,702274.500,48256,2,EL,1,100,-17306.400391
1752788401.382544,702341.000,48256,2,EL,1,100,-17308.800781
1752788401.449545,702408.000,48273,2,EL,1,100,-17308.599609
1752788401.516545,702475.000,48273,2,EL,1,100,-17307.000000
1752788401.582546,702541.000,48291,1,EL,1,100,-17306.800781
1752788401.649047,702607.500,48307,2,EL,1,100,-17305.800781
1752788401.715547,702674.000,48307,2,EL,1,100,-17305.400391
1752788401.782548,702741.000,48324,1,EL,1,100,-17309.599609
1752788401.849048,702807.500,48339,2,EL,1,100,-17307.400391
1752788401.915549,702874.000,48339,2,EL,1,100,-17310.000000
1752788401.982549,702941.000,48356,1,EL,1,100,-17315.000000
1752788402.049050,703007.500,48374,2,EL,1,100,-17311.000000
1752788402.115550,703074.000,48374,2,EL,1,100,-17309.400391
1752788402.182551,703141.000,48391,1,EL,1,100,-17312.199219
1752788402.249051,703207.500,48406,2,EL,1,100,-17309.400391
1752788402.315552,703274.000,48406,2,EL,1,100,-17307.599609
1752788402.382553,703341.000,48423,1,EL,1,100,-17312.199219
1752788402.449053,703407.500,48439,2,EL,1,100,-17312.800781
1752788402.515554,703474.000,48439,2,EL,1,100,-17310.599609
1752788402.582554,703541.000,48457,1,EL,1,100,-17310.800781
1752788402.649055,703607.500,48473,2,EL,1,100,-17313.000000
1752788402.715555,703674.000,48473,2,EL,1,100,-17310.800781
1752788402.782556,703741.000,48490,1,EL,1,100,-17315.000000
1752788402.849056,703807.500,48507,2,EL,1,100,-17311.400391
1752788402.915557,703874.000,48507,2,EL,1,100,-17312.000000
1752788402.982557,703941.000,48524,1,EL,1,100,-17318.400391
1752788403.049058,704007.500,48538,2,EL,1,100,-17314.199219
1752788403.115559,704074.000,48538,2,EL,1,100,-17313.199219
1752788403.182559,704141.000,48555,1,EL,1,100,-17318.800781
1752788403.249060,704207.500,48574,2,EL,1,100,-17313.000000
1752788403.315560,704274.000,48574,2,EL,1,100,-17312.599609
1752788403.382561,704341.000,48591,1,EL,1,100,-17313.199219
1752788403.449061,704407.500,48606,2,EL,1,100,-17309.199219
1752788403.515562,704474.000,48606,2,EL,1,100,-17312.400391
1752788403.582562,704541.000,48623,2,EL,1,100,-17313.400391
1752788403.649563,704608.000,48623,2,EL,1,100,-17311.599609
1752788403.715564,704674.000,48639,1,EL,1,100,-17313.199219
1752788403.782564,704741.000,48656,2,EL,1,100,-17321.599609
1752788403.849565,704808.000,48656,2,EL,1,100,-17319.400391
1752788403.915565,704874.000,48673,1,EL,1,100,-17313.800781
1752788403.982566,704941.000,48690,2,EL,1,100,-17313.400391
1752788404.049566,705008.000,48690,2,EL,1,100,-17313.199219
1752788404.115567,705074.000,48706,1,EL,1,100,-17311.400391
1752788404.182567,705141.000,48724,2,EL,1,100,-17317.599609
1752788404.249568,705208.000,48724,2,EL,1,100,-17320.000000
1752788404.315568,705274.000,48740,1,EL,1,100,-17314.800781
1752788404.382569,705341.000,48755,2,EL,1,100,-17316.000000
1752788404.449570,705408.000,48755,2,EL,1,100,-17316.000000
1752788404.515570,705474.000,48771,1,EL,1,100,-17317.599609
1752788404.582571,705541.000,48791,2,EL,1,100,-17318.400391
1752788404.649571,705608.000,48791,2,EL,1,100,-17318.400391
1752788404.715572,705674.000,48807,1,EL,1,100,-17314.599609
1752788404.782072,705740.500,48822,2,EL,1,100,-17316.800781
1752788404.848573,705807.000,48822,2,EL,1,100,-17321.400391
1752788404.915573,705874.000,48839,1,EL,1,100,-17315.000000
1752788404.982574,705941.000,48856,2,EL,1,100,-17315.400391
1752788405.049575,706008.000,48856,2,EL,1,100,-17315.199219
1752788405.115575,706074.000,48872,1,EL,1,100,-17316.400391
1752788405.182076,706140.500,48890,2,EL,1,100,-17320.400391
1752788405.248576,706207.000,48890,2,EL,1,100,-17327.400391
1752788405.315577,706274.000,48906,1,EL,1,100,-17319.400391
1752788405.382077,706340.500,48923,2,EL,1,100,-17318.800781
1752788405.448578,706407.000,48923,2,EL,1,100,-17325.800781
1752788405.515578,706474.000,48940,2,EL,1,100,-17318.000000
1752788405.582579,706541.000,48940,2,EL,1,100,-17317.800781
1752788405.648579,706607.000,48957,1,EL,1,100,-17326.400391
1752788405.715580,706674.000,48971,2,EL,1,100,-17319.199219
1752788405.782581,706741.000,48971,2,EL,1,100,-17318.199219
1752788405.848581,706807.000,48990,1,EL,1,100,-17318.800781
1752788405.915582,706874.000,49009,2,EL,1,100,-17317.599609
1752788405.982582,706941.000,49009,2,EL,1,100,-17318.199219
1752788406.049583,707008.000,49026,1,EL,1,100,-17323.599609
1752788406.116083,707074.500,49040,2,EL,1,100,-17322.000000
1752788406.182584,707141.000,49040,2,EL,1,100,-17317.199219
1752788406.249084,707207.500,49063,2,EL,1,100,-17327.800781
1752788406.315585,707274.000,49063,2,EL,1,100,-17321.800781
1752788406.382586,707341.000,49079,1,EL,1,100,-17319.199219
1752788406.449086,707407.500,49098,2,EL,1,100,-17319.599609
1752788406.515587,707474.000,49098,2,EL,1,100,-17322.400391
1752788406.582587,707541.000,49115,1,EL,1,100,-17319.800781
1752788406.649088,707607.500,49130,2,EL,1,100,-17321.599609
1752788406.715588,707674.000,49130,2,EL,1,100,-17321.800781
1752788406.782589,707741.000,49146,1,EL,1,100,-17321.400391
1752788406.849089,707807.500,49164,2,EL,1,100,-17321.199219
1752788406.915590,707874.000,49164,2,EL,1,100,-17322.400391
1752788406.982590,707941.000,49180,1,EL,1,100,-17325.599609
1752788407.049091,708007.500,49198,2,EL,1,100,-17324.800781
1752788407.115592,708074.000,49198,2,EL,1,100,-17323.599609
1752788407.182092,708140.500,49214,2,EL,1,100,-17322.599609
1752788407.248593,708207.000,49214,2,EL,1,100,-17320.800781
1752788407.315593,708274.000,49231,1,EL,1,100,-17322.199219
1752788407.382094,708340.500,49247,2,EL,1,100,-17319.800781
1752788407.448594,708407.000,49247,2,EL,1,100,-17320.199219
1752788407.515595,708474.000,49264,1,EL,1,100,-17324.000000
1752788407.582095,708540.500,49279,2,EL,1,100,-17323.800781
1752788407.648596,708607.000,49279,2,EL,1,100,-17324.800781
1752788407.715597,708674.000,49296,1,EL,1,100,-17327.000000
1752788407.782097,708740.500,49314,2,EL,1,100,-17325.199219
1752788407.848598,708807.000,49314,2,EL,1,100,-17323.199219
1752788407.915598,708874.000,49332,1,EL,1,100,-17324.199219
1752788407.982099,708940.500,49346,2,EL,1,100,-17325.599609
1752788408.048599,709007.000,49346,2,EL,1,100,-17323.599609
1752788408.115600,709074.000,49363,1,EL,1,100,-17325.800781
1752788408.182100,709140.500,49380,2,EL,1,100,-17324.199219
1752788408.248601,709207.000,49380,2,EL,1,100,-17323.199219
1752788408.315601,709274.000,49397,1,EL,1,100,-17326.400391
1752788408.382102,709340.500,49413,2,EL,1,100,-17321.800781
1752788408.448603,709407.000,49413,2,EL,1,100,-17325.000000
1752788408.515603,709474.000,49430,1,EL,1,100,-17331.000000
1752788408.582104,709540.500,49447,2,EL,1,100,-17326.400391
1752788408.648604,709607.000,49447,2,EL,1,100,-17321.199219
1752788408.715605,709674.000,49464,1,EL,1,100,-17327.800781
1752788408.782105,709740.500,49478,2,EL,1,100,-17326.199219
1752788408.848606,709807.000,49478,2,EL,1,100,-17326.000000
1752788408.915606,709874.000,49496,1,EL,1,100,-17327.199219
1752788408.982107,709940.500,49514,2,EL,1,100,-17328.599609
1752788409.048608,710007.000,49514,2,EL,1,100,-17327.000000
1752788409.115608,710074.000,49531,1,EL,1,100,-17326.400391
1752788409.182109,710140.500,49547,2,EL,1,100,-17328.800781
1752788409.248609,710207.000,49547,2,EL,1,100,-17326.599609
1752788409.315610,710274.000,49563,1,EL,1,100,-17327.599609
1752788409.382110,710340.500,49579,2,EL,1,100,-17327.400391
1752788409.448611,710407.000,49579,2,EL,1,100,-17325.800781
1752788409.515111,710473.500,49597,2,EL,1,100,-17331.800781
1752788409.581612,710540.000,49597,2,EL,1,100,-17329.800781
1752788409.648612,710607.000,49615,1,EL,1,100,-17326.199219
1752788409.715613,710674.000,49630,2,EL,1,100,-17328.800781
1752788409.782614,710741.000,49630,2,EL,1,100,-17332.599609
1752788409.848614,710807.000,49646,1,EL,1,100,-17327.000000
1752788409.915115,710873.500,49664,2,EL,1,100,-17329.599609
1752788409.981615,710940.000,49664,2,EL,1,100,-17334.400391
1752788410.048616,711007.000,49680,1,EL,1,100,-17328.199219
1752788410.115116,711073.500,49695,2,EL,1,100,-17329.000000
1752788410.181617,711140.000,49695,2,EL,1,100,-17330.599609
1752788410.248617,711207.000,49714,1,EL,1,100,-17329.199219
1752788410.315118,711273.500,49731,2,EL,1,100,-17326.400391
1752788410.381618,711340.000,49731,2,EL,1,100,-17331.199219
1752788410.448619,711407.000,49747,1,EL,1,100,-17335.599609
1752788410.515120,711473.500,49763,2,EL,1,100,-17336.000000
1752788410.581620,711540.000,49763,2,EL,1,100,-17334.400391
1752788410.648621,711607.000,49779,1,EL,1,100,-17335.400391
1752788410.715121,711673.500,49796,2,EL,1,100,-17337.599609
1752788410.781622,711740.000,49796,2,EL,1,100,-17334.800781
1752788410.848622,711807.000,49814,1,EL,1,100,-17335.599609
1752788410.915123,711873.500,49832,2,EL,1,100,-17338.400391
1752788410.981623,711940.000,49832,2,EL,1,100,-17337.000000
1752788411.048624,712007.000,49848,1,EL,1,100,-17337.599609
1752788411.115125,712073.500,49865,2,EL,1,100,-17338.400391
1752788411.181625,712140.000,49865,2,EL,1,100,-17338.000000
1752788411.248626,712207.000,49882,1,EL,1,100,-17336.800781
1752788411.315293,712273.667,49903,3,EL,1,100,-17336.599609
1752788411.381960,712340.333,49903,3,EL,1,100,-17336.199219
1752788411.448627,712407.000,49903,3,EL,1,100,-17337.599609
1752788411.515628,712474.000,49921,1,EL,1,100,-17336.199219
1752788411.582128,712540.500,49937,2,EL,1,100,-17336.000000
1752788411.648629,712607.000,49937,2,EL,1,100,-17335.800781
1752788411.714629,712673.000,49953,1,EL,1,100,-17260.800781
1752788411.781630,712740.000,49970,2,EL,1,100,-16967.000000
1752788411.848631,712807.000,49970,2,EL,1,100,-16863.800781
1752788411.914631,712873.000,49987,1,EL,1,100,-16818.800781
1752788411.981632,712940.000,50004,2,EL,1,100,-16807.800781
1752788412.048632,713007.000,50004,2,EL,1,100,-16810.800781
1752788412.114633,713073.000,50020,1,EL,1,100,-16816.000000
1752788412.181633,713140.000,50038,2,EL,1,100,-16811.800781
1752788412.248634,713207.000,50038,2,EL,1,100,-16809.400391
1752788412.315634,713274.000,50054,1,EL,1,100,-16817.800781
1752788412.382135,713340.500,50069,2,EL,1,100,-16843.000000
1752788412.448636,713407.000,50069,2,EL,1,100,-16857.599609
1752788412.514636,713473.000,50085,1,EL,1,100,-16864.000000
1752788412.581637,713540.000,50105,2,EL,1,100,-16865.800781
1752788412.648637,713607.000,50105,2,EL,1,100,-16875.599609
1752788412.714638,713673.000,50121,1,EL,1,100,-16883.400391
1752788412.781638,713740.000,50137,2,EL,1,100,-16888.800781
1752788412.848639,713807.000,50137,2,EL,1,100,-16904.800781
1752788412.914639,713873.000,50153,1,EL,1,100,-16913.000000
1752788412.981640,713940.000,50170,2,EL,1,100,-16923.000000
1752788413.048640,714007.000,50170,2,EL,1,100,-16941.599609
1752788413.114641,714073.000,50186,1,EL,1,100,-16945.199219
1752788413.181642,714140.000,50203,2,EL,1,100,-16952.000000
1752788413.248642,714207.000,50203,2,EL,1,100,-16965.400391
1752788413.315143,714273.500,50220,2,EL,1,100,-16972.199219
1752788413.381643,714340.000,50220,2,EL,1,100,-16979.199219
1752788413.448644,714407.000,50237,1,EL,1,100,-16988.400391
1752788413.515144,714473.500,50254,2,EL,1,100,-16998.599609
1752788413.581645,714540.000,50254,2,EL,1,100,-17002.000000
1752788413.648645,714607.000,50271,1,EL,1,100,-17012.599609
1752788413.715146,714673.500,50285,2,EL,1,100,-17016.400391
1752788413.781647,714740.000,50285,2,EL,1,100,-17021.000000
1752788413.848647,714807.000,50302,1,EL,1,100,-17034.400391
1752788413.915148,714873.500,50321,2,EL,1,100,-17035.400391
1752788413.981648,714940.000,50321,2,EL,1,100,-17036.199219
1752788414.048649,715007.000,50338,1,EL,1,100,-17045.000000
1752788414.115149,715073.500,50352,2,EL,1,100,-17053.000000
1752788414.181650,715140.000,50352,2,EL,1,100,-17055.599609
1752788414.248650,715207.000,50370,1,EL,1,100,-17070.800781
1752788414.315151,715273.500,50388,2,EL,1,100,-17070.599609
1752788414.381651,715340.000,50388,2,EL,1,100,-17071.599609
1752788414.448652,715407.000,50405,1,EL,1,100,-17077.000000
1752788414.515153,715473.500,50422,2,EL,1,100,-17083.199219
1752788414.581653,715540.000,50422,2,EL,1,100,-17087.800781
1752788414.648654,715607.000,50439,1,EL,1,100,-17091.599609
1752788414.715154,715673.500,50457,2,EL,1,100,-17095.199219
1752788414.781655,715740.000,50457,2,EL,1,100,-17099.800781
1752788414.848655,715807.000,50474,1,EL,1,100,-17109.199219
1752788414.915156,715873.500,50491,2,EL,1,100,-17113.400391
1752788414.981656,715940.000,50491,2,EL,1,100,-17111.599609
1752788415.048657,716007.000,50510,1,EL,1,100,-17118.599609
1752788415.115158,716073.500,50528,2,EL,1,100,-17123.599609
1752788415.181658,716140.000,50528,2,EL,1,100,-17124.199219
1752788415.248659,716207.000,50546,1,EL,1,100,-17134.400391
1752788415.315159,716273.500,50563,2,EL,1,100,-17138.199219
1752788415.381660,716340.000,50563,2,EL,1,100,-17133.000000
1752788415.447660,716406.000,50579,1,EL,1,100,-17144.400391
1752788415.514661,716473.000,50598,2,EL,1,100,-17147.800781
1752788415.581661,716540.000,50598,2,EL,1,100,-17144.199219
1752788415.647662,716606.000,50617,1,EL,1,100,-17155.800781
1752788415.714662,716673.000,50634,2,EL,1,100,-17159.599609
1752788415.781663,716740.000,50634,2,EL,1,100,-17152.599609
1752788415.848164,716806.500,50651,2,EL,1,100,-17154.599609
1752788415.914664,716873.000,50651,2,EL,1,100,-17157.599609
1752788415.981665,716940.000,50669,1,EL,1,100,-17160.800781
1752788416.048165,717006.500,50686,2,EL,1,100,-17164.199219
1752788416.114666,717073.000,50686,2,EL,1,100,-17172.199219
1752788416.181666,717140.000,50702,1,EL,1,100,-17169.599609
1752788416.248167,717206.500,50720,2,EL,1,100,-17175.599609
1752788416.314667,717273.000,50720,2,EL,1,100,-17181.000000
1752788416.381668,717340.000,50738,1,EL,1,100,-17175.800781
1752788416.448169,717406.500,50760,2,EL,1,100,-17183.199219
1752788416.514669,717473.000,50760,2,EL,1,100,-17188.000000
1752788416.581170,717539.500,50779,2,EL,1,100,-17185.599609
1752788416.647670,717606.000,50779,2,EL,1,100,-17192.199219
1752788416.714671,717673.000,50796,1,EL,1,100,-17191.000000
1752788416.781171,717739.500,50813,2,EL,1,100,-17194.800781
1752788416.847672,717806.000,50813,2,EL,1,100,-17194.599609
1752788416.914672,717873.000,50830,1,EL,1,100,-17194.400391
1752788416.981173,717939.500,50846,2,EL,1,100,-17196.800781
1752788417.047673,718006.000,50846,2,EL,1,100,-17197.199219
1752788417.114674,718073.000,50863,2,EL,1,100,-17200.800781
1752788417.181675,718140.000,50863,2,EL,1,100,-17200.400391
1752788417.247675,718206.000,50880,1,EL,1,100,-17206.199219
1752788417.314676,718273.000,50895,2,EL,1,100,-17210.400391
1752788417.381676,718340.000,50895,2,EL,1,100,-17215.000000
1752788417.447677,718406.000,50915,1,EL,1,100,-17211.199219
1752788417.514677,718473.000,50933,2,EL,1,100,-17216.800781
1752788417.581678,718540.000,50933,2,EL,1,100,-17219.599609
1752788417.647678,718606.000,50951,1,EL,1,100,-17219.000000
1752788417.714679,718673.000,50966,2,EL,1,100,-17221.199219
1752788417.781679,718740.000,50966,2,EL,1,100,-17225.599609
1752788417.847680,718806.000,50984,1,EL,1,100,-17222.800781
1752788417.914681,718873.000,51004,2,EL,1,100,-17222.400391
1752788417.981681,718940.000,51004,2,EL,1,100,-17226.400391
1752788418.047682,719006.000,51020,1,EL,1,100,-17225.800781
1752788418.114682,719073.000,51035,2,EL,1,100,-17226.599609
1752788418.181683,719140.000,51035,2,EL,1,100,-17229.000000
1752788418.247683,719206.000,51052,1,EL,1,100,-17233.599609
1752788418.314184,719272.500,51071,2,EL,1,100,-17231.599609
1752788418.380684,719339.000,51071,2,EL,1,100,-17231.800781
1752788418.447685,719406.000,51087,1,EL,1,100,-17235.800781
1752788418.514186,719472.500,51107,2,EL,1,100,-17238.599609
1752788418.580686,719539.000,51107,2,EL,1,100,-17237.599609
1752788418.647687,719606.000,51123,1,EL,1,100,-17239.000000
1752788418.714187,719672.500,51140,2,EL,1,100,-17242.400391
1752788418.780688,719739.000,51140,2,EL,1,100,-17243.599609
1752788418.847688,719806.000,51158,1,EL,1,100,-17244.599609
1752788418.914189,719872.500,51175,2,EL,1,100,-17247.199219
1752788418.980689,719939.000,51175,2,EL,1,100,-17252.800781
1752788419.047690,720006.000,51192,1,EL,1,100,-17249.000000
1752788419.114190,720072.500,51211,2,EL,1,100,-17249.000000
1752788419.180691,720139.000,51211,2,EL,1,100,-17249.800781
1752788419.247692,720206.000,51228,1,EL,1,100,-17251.199219
1752788419.314192,720272.500,51244,2,EL,1,100,-17252.199219
1752788419.380693,720339.000,51244,2,EL,1,100,-17253.800781
1752788419.447693,720406.000,51259,2,EL,1,100,-17256.000000
1752788419.514694,720473.000,51259,2,EL,1,100,-17257.199219
1752788419.580694,720539.000,51277,1,EL,1,100,-17259.199219
1752788419.647695,720606.000,51297,2,EL,1,100,-17259.000000
1752788419.714695,720673.000,51297,2,EL,1,100,-17260.000000
1752788419.780696,720739.000,51314,1,EL,1,100,-17261.400391
1752788419.847697,720806.000,51329,2,EL,1,100,-17262.199219
1752788419.914697,720873.000,51329,2,EL,1,100,-17261.199219
1752788419.980698,720939.000,51346,1,EL,1,100,-17270.800781
1752788420.047698,721006.000,51362,2,EL,1,100,-17265.599609
1752788420.114699,721073.000,51362,2,EL,1,100,-17263.000000
1752788420.180699,721139.000,51379,1,EL,1,100,-17268.400391
1752788420.247700,721206.000,51398,2,EL,1,100,-17267.599609
1752788420.314700,721273.000,51398,2,EL,1,100,-17264.000000
1752788420.380701,721339.000,51415,1,EL,1,100,-17268.199219
1752788420.447701,721406.000,51431,2,EL,1,100,-17270.800781
1752788420.514702,721473.000,51431,2,EL,1,100,-17271.599609
1752788420.580703,721539.000,51449,1,EL,1,100,-17279.000000
1752788420.647703,721606.000,51465,2,EL,1,100,-17276.599609
1752788420.714704,721673.000,51465,2,EL,1,100,-17274.000000
1752788420.780704,721739.000,51482,1,EL,1,100,-17276.000000
1752788420.847705,721806.000,51501,2,EL,1,100,-17275.199219
1752788420.914705,721873.000,51501,2,EL,1,100,-17274.199219
1752788420.980706,721939.000,51520,1,EL,1,100,-17282.800781
1752788421.047706,722006.000,51536,2,EL,1,100,-17285.400391
1752788421.114707,722073.000,51536,2,EL,1,100,-17279.199219
1752788421.180708,722139.000,51553,1,EL,1,100,-17281.599609
1752788421.247708,722206.000,51570,2,EL,1,100,-17282.199219
1752788421.314709,722273.000,51570,2,EL,1,100,-17282.199219
1752788421.380709,722339.000,51587,1,EL,1,100,-17282.400391
1752788421.447210,722405.500,51604,2,EL,1,100,-17284.000000
1752788421.513710,722472.000,51604,2,EL,1,100,-17282.599609
1752788421.580711,722539.000,51626,2,EL,1,100,-17283.599609
1752788421.647711,722606.000,51626,2,EL,1,100,-17286.000000
1752788421.714212,722672.500,51644,2,EL,1,100,-17285.400391
1752788421.780712,722739.000,51644,2,EL,1,100,-17284.800781
1752788421.847713,722806.000,51662,2,EL,1,100,-17288.400391
1752788421.914714,722873.000,51662,2,EL,1,100,-17289.800781
1752788421.980714,722939.000,51680,1,EL,1,100,-17289.000000
1752788422.047715,723006.000,51699,2,EL,1,100,-17289.199219
1752788422.114715,723073.000,51699,2,EL,1,100,-17291.599609
1752788422.180716,723139.000,51717,1,EL,1,100,-17290.599609
1752788422.247716,723206.000,51733,2,EL,1,100,-17293.199219
1752788422.314717,723273.000,51733,2,EL,1,100,-17293.000000
1752788422.380717,723339.000,51749,1,EL,1,100,-17292.800781
1752788422.447718,723406.000,51768,2,EL,1,100,-17296.199219
1752788422.514719,723473.000,51768,2,EL,1,100,-17294.800781
1752788422.580719,723539.000,51785,1,EL,1,100,-17295.199219
1752788422.647720,723606.000,51804,2,EL,1,100,-17297.599609
1752788422.714720,723673.000,51804,2,EL,1,100,-17296.800781
1752788422.780721,723739.000,51820,1,EL,1,100,-17297.599609
1752788422.847721,723806.000,51840,2,EL,1,100,-17299.400391
1752788422.914722,723873.000,51840,2,EL,1,100,-17298.599609
1752788422.980722,723939.000,51856,1,EL,1,100,-17299.000000
1752788423.047723,724006.000,51871,2,EL,1,100,-17300.199219
1752788423.114723,724073.000,51871,2,EL,1,100,-17304.599609
1752788423.180724,724139.000,51887,1,EL,1,100,-17299.599609
1752788423.247725,724206.000,51907,2,EL,1,100,-17302.199219
1752788423.314725,724273.000,51907,2,EL,1,100,-17302.599609
1752788423.380726,724339.000,51923,1,EL,1,100,-17302.199219
1752788423.447226,724405.500,51938,2,EL,1,100,-17303.400391
1752788423.513727,724472.000,51938,2,EL,1,100,-17302.599609
1752788423.580727,724539.000,51955,1,EL,1,100,-17304.199219
1752788423.647228,724605.500,51972,2,EL,1,100,-17307.599609
1752788423.713728,724672.000,51972,2,EL,1,100,-17309.000000
1752788423.780729,724739.000,51988,1,EL,1,100,-17308.400391
1752788423.847229,724805.500,52009,2,EL,1,100,-17308.800781
1752788423.913730,724872.000,52009,2,EL,1,100,-17307.000000
1752788423.980731,724939.000,52024,2,EL,1,100,-17307.199219
1752788424.047731,725006.000,52024,2,EL,1,100,-17310.000000
1752788424.113732,725072.000,52041,1,EL,1,100,-17315.400391
1752788424.180732,725139.000,52060,2,EL,1,100,-17312.000000
1752788424.247733,725206.000,52060,2,EL,1,100,-17311.000000
1752788424.313733,725272.000,52077,1,EL,1,100,-17313.400391
1752788424.380734,725339.000,52093,2,EL,1,100,-17313.599609
1752788424.447734,725406.000,52093,2,EL,1,100,-17312.599609
1752788424.513735,725472.000,52112,1,EL,1,100,-17316.599609
1752788424.580736,725539.000,52131,2,EL,1,100,-17311.199219
1752788424.647736,725606.000,52131,2,EL,1,100,-17313.199219
1752788424.713737,725672.000,52148,1,EL,1,100,-17313.199219
1752788424.780237,725738.500,52162,2,EL,1,100,-17315.199219
1752788424.846738,725805.000,52162,2,EL,1,100,-17313.000000
1752788424.913738,725872.000,52180,1,EL,1,100,-17317.599609
1752788424.980239,725938.500,52196,2,EL,1,100,-17319.199219
1752788425.046739,726005.000,52196,2,EL,1,100,-17315.599609
1752788425.113740,726072.000,52215,1,EL,1,100,-17319.400391
1752788425.180240,726138.500,52230,2,EL,1,100,-17320.400391
1752788425.246741,726205.000,52230,2,EL,1,100,-17318.000000
1752788425.313742,726272.000,52247,1,EL,1,100,-17319.000000
1752788425.380242,726338.500,52263,2,EL,1,100,-17317.000000
1752788425.446743,726405.000,52263,2,EL,1,100,-17320.000000
1752788425.513743,726472.000,52280,1,EL,1,100,-17324.400391
1752788425.580244,726538.500,52295,2,EL,1,100,-17321.599609
1752788425.646744,726605.000,52295,2,EL,1,100,-17321.000000
1752788425.713745,726672.000,52314,1,EL,1,100,-17322.599609
1752788425.780245,726738.500,52330,2,EL,1,100,-17321.000000
1752788425.846746,726805.000,52330,2,EL,1,100,-17321.199219
1752788425.913747,726872.000,52348,1,EL,1,100,-17323.800781
1752788425.980247,726938.500,52365,2,EL,1,100,-17320.599609
1752788426.046748,727005.000,52365,2,EL,1,100,-17321.400391
1752788426.113748,727072.000,52381,1,EL,1,100,-17323.599609
1752788426.180249,727138.500,52398,2,EL,1,100,-17325.400391
1752788426.246749,727205.000,52398,2,EL,1,100,-17327.400391
1752788426.313750,727272.000,52417,2,EL,1,100,-17329.800781
1752788426.380750,727339.000,52417,2,EL,1,100,-17326.599609
1752788426.446751,727405.000,52433,1,EL,1,100,-17326.199219
1752788426.513751,727472.000,52449,2,EL,1,100,-17326.800781
1752788426.580752,727539.000,52449,2,EL,1,100,-17327.199219
1752788426.646753,727605.000,52465,1,EL,1,100,-17327.599609
1752788426.713753,727672.000,52485,2,EL,1,100,-17330.199219
1752788426.780754,727739.000,52485,2,EL,1,100,-17331.000000
1752788426.847254,727805.500,52502,2,EL,1,100,-17333.199219
1752788426.913755,727872.000,52502,2,EL,1,100,-17328.400391
1752788426.980755,727939.000,52521,1,EL,1,100,-17330.400391
1752788427.047256,728005.500,52535,2,EL,1,100,-17332.400391
1752788427.113756,728072.000,52535,2,EL,1,100,-17328.599609
1752788427.180757,728139.000,52552,1,EL,1,100,-17333.800781
1752788427.247258,728205.500,52569,2,EL,1,100,-17336.199219
1752788427.313758,728272.000,52569,2,EL,1,100,-17335.199219
1752788427.380759,728339.000,52586,1,EL,1,100,-17332.000000
1752788427.447259,728405.500,52603,2,EL,1,100,-17333.599609
1752788427.513760,728472.000,52603,2,EL,1,100,-17335.800781
1752788427.580760,728539.000,52620,1,EL,1,100,-17332.000000
1752788427.647261,728605.500,52636,2,EL,1,100,-17333.199219
1752788427.713761,728672.000,52636,2,EL,1,100,-17333.400391
1752788427.780262,728738.500,52653,2,EL,1,100,-17333.199219
1752788427.846762,728805.000,52653,2,EL,1,100,-17332.599609
1752788427.913763,728872.000,52670,1,EL,1,100,-17333.400391
1752788427.980264,728938.500,52685,2,EL,1,100,-17338.800781
1752788428.046764,729005.000,52685,2,EL,1,100,-17341.199219
1752788428.113765,729072.000,52701,1,EL,1,100,-17333.800781
1752788428.180265,729138.500,52721,2,EL,1,100,-17335.800781
1752788428.246766,729205.000,52721,2,EL,1,100,-17334.400391
1752788428.313766,729272.000,52737,1,EL,1,100,-17334.199219
1752788428.380267,729338.500,52752,2,EL,1,100,-17335.800781
1752788428.446767,729405.000,52752,2,EL,1,100,-17336.400391
1752788428.513768,729472.000,52768,1,EL,1,100,-17337.400391
1752788428.580269,729538.500,52786,2,EL,1,100,-17338.800781
1752788428.646769,729605.000,52786,2,EL,1,100,-17336.000000
1752788428.713770,729672.000,52804,1,EL,1,100,-17337.000000
1752788428.780270,729738.500,52819,2,EL,1,100,-17337.800781
1752788428.846771,729805.000,52819,2,EL,1,100,-17337.000000
1752788428.913771,729872.000,52836,1,EL,1,100,-17336.599609
1752788428.980272,729938.500,52853,2,EL,1,100,-17338.199219
1752788429.046772,730005.000,52853,2,EL,1,100,-17340.199219
1752788429.113773,730072.000,52869,1,EL,1,100,-17340.000000
1752788429.180273,730138.500,52885,2,EL,1,100,-17340.199219
1752788429.246774,730205.000,52885,2,EL,1,100,-17341.199219
1752788429.313775,730272.000,52903,1,EL,1,100,-17341.599609
1752788429.380275,730338.500,52920,2,EL,1,100,-17340.599609
1752788429.446776,730405.000,52920,2,EL,1,100,-17342.199219
1752788429.513776,730472.000,52936,1,EL,1,100,-17341.000000
1752788429.580277,730538.500,52953,2,EL,1,100,-17341.599609
1752788429.646777,730605.000,52953,2,EL,1,100,-17344.000000
1752788429.713778,730672.000,52968,1,EL,1,100,-17344.599609
1752788429.780278,730738.500,52985,2,EL,1,100,-17344.599609
1752788429.846779,730805.000,52985,2,EL,1,100,-17344.599609
1752788429.913280,730871.500,53004,2,EL,1,100,-17343.400391
1752788429.979780,730938.000,53004,2,EL,1,100,-17344.199219
1752788430.046781,731005.000,53021,1,EL,1,100,-17346.599609
1752788430.113281,731071.500,53035,2,EL,1,100,-17346.000000
1752788430.179782,731138.000,53035,2,EL,1,100,-17343.599609
1752788430.246782,731205.000,53053,1,EL,1,100,-17349.599609
1752788430.313283,731271.500,53069,2,EL,1,100,-17346.400391
1752788430.379783,731338.000,53069,2,EL,1,100,-17346.400391
1752788430.446784,731405.000,53086,1,EL,1,100,-17347.000000
1752788430.513284,731471.500,53103,2,EL,1,100,-17348.000000
1752788430.579785,731538.000,53103,2,EL,1,100,-17346.800781
1752788430.646786,731605.000,53120,1,EL,1,100,-17348.599609
1752788430.713286,731671.500,53136,2,EL,1,100,-17351.000000
1752788430.779787,731738.000,53136,2,EL,1,100,-17347.599609
1752788430.846787,731805.000,53153,1,EL,1,100,-17353.800781
1752788430.913288,731871.500,53170,2,EL,1,100,-17350.000000
1752788430.979788,731938.000,53170,2,EL,1,100,-17347.599609
1752788431.046789,732005.000,53189,1,EL,1,100,-17350.199219
1752788431.113289,732071.500,53205,2,EL,1,100,-17350.800781
1752788431.179790,732138.000,53205,2,EL,1,100,-17351.000000
1752788431.246790,732205.000,53223,1,EL,1,100,-17355.800781
1752788431.313291,732271.500,53237,2,EL,1,100,-17353.400391
1752788431.379792,732338.000,53237,2,EL,1,100,-17350.000000
1752788431.446792,732405.000,53254,1,EL,1,100,-17351.800781
1752788431.513293,732471.500,53271,2,EL,1,100,-17354.599609
1752788431.579793,732538.000,53271,2,EL,1,100,-17354.000000
1752788431.646794,732605.000,53288,1,EL,1,100,-17359.000000
1752788431.713294,732671.500,53305,2,EL,1,100,-17352.000000
1752788431.779795,732738.000,53305,2,EL,1,100,-17350.800781
1752788431.846295,732804.500,53329,2,EL,1,100,-17353.199219
1752788431.912796,732871.000,53329,2,EL,1,100,-17353.199219
1752788431.979797,732938.000,53345,2,EL,1,100,-17355.199219
1752788432.046797,733005.000,53345,2,EL,1,100,-17355.800781
1752788432.113798,733072.000,53361,1,EL,1,100,-17354.599609
1752788432.180298,733138.500,53380,2,EL,1,100,-17354.400391
1752788432.246799,733205.000,53380,2,EL,1,100,-17356.400391
1752788432.312799,733271.000,53397,1,EL,1,100,-17357.800781
1752788432.379800,733338.000,53412,2,EL,1,100,-17360.800781
1752788432.446800,733405.000,53412,2,EL,1,100,-17353.599609
1752788432.513301,733471.500,53429,2,EL,1,100,-17358.199219
1752788432.579801,733538.000,53429,2,EL,1,100,-17359.400391
1752788432.646802,733605.000,53445,1,EL,1,100,-17355.599609
1752788432.713303,733671.500,53462,2,EL,1,100,-17360.599609
1752788432.779803,733738.000,53462,2,EL,1,100,-17362.400391
1752788432.846804,733805.000,53480,1,EL,1,100,-17358.800781
1752788432.913304,733871.500,53496,2,EL,1,100,-17354.400391
1752788432.979805,733938.000,53496,2,EL,1,100,-17354.800781
1752788433.046805,734005.000,53512,1,EL,1,100,-17359.199219
1752788433.113306,734071.500,53529,2,EL,1,100,-17358.000000
1752788433.179806,734138.000,53529,2,EL,1,100,-17358.199219
1752788433.246807,734205.000,53546,1,EL,1,100,-17358.199219
1752788433.313308,734271.500,53561,2,EL,1,100,-17362.199219
1752788433.379808,734338.000,53561,2,EL,1,100,-17367.599609
1752788433.446809,734405.000,53579,1,EL,1,100,-17356.400391
1752788433.513309,734471.500,53597,2,EL,1,100,-17359.000000
1752788433.579810,734538.000,53597,2,EL,1,100,-17359.400391
1752788433.646810,734605.000,53613,1,EL,1,100,-17364.199219
1752788433.713311,734671.500,53628,2,EL,1,100,-17365.800781
1752788433.779811,734738.000,53628,2,EL,1,100,-17372.000000
1752788433.846812,734805.000,53644,1,EL,1,100,-17364.599609
1752788433.913312,734871.500,53664,2,EL,1,100,-17366.000000
1752788433.979813,734938.000,53664,2,EL,1,100,-17372.000000
1752788434.046814,735005.000,53680,1,EL,1,100,-17362.400391
1752788434.113314,735071.500,53695,2,EL,1,100,-17364.000000
1752788434.179815,735138.000,53695,2,EL,1,100,-17370.599609
1752788434.246815,735205.000,53712,1,EL,1,100,-17361.599609
1752788434.313316,735271.500,53729,2,EL,1,100,-17362.400391
1752788434.379816,735338.000,53729,2,EL,1,100,-17364.800781
1752788434.446817,735405.000,53745,1,EL,1,100,-17365.800781
1752788434.513317,735471.500,53764,2,EL,1,100,-17366.000000
1752788434.579818,735538.000,53764,2,EL,1,100,-17371.599609
1752788434.646819,735605.000,53779,1,EL,1,100,-17362.400391
1752788434.713319,735671.500,53796,2,EL,1,100,-17364.000000
1752788434.779820,735738.000,53796,2,EL,1,100,-17372.400391
1752788434.846820,735805.000,53812,1,EL,1,100,-17364.199219
1752788434.913321,735871.500,53829,2,EL,1,100,-17361.000000
1752788434.979821,735938.000,53829,2,EL,1,100,-17369.400391
1752788435.046322,736004.500,53844,2,EL,1,100,-17367.400391
1752788435.112822,736071.000,53844,2,EL,1,100,-17364.599609
1752788435.179823,736138.000,53863,1,EL,1,100,-17369.599609
1752788435.246323,736204.500,53880,2,EL,1,100,-17366.199219
1752788435.312824,736271.000,53880,2,EL,1,100,-17362.800781
1752788435.379825,736338.000,53897,1,EL,1,100,-17364.599609
1752788435.446325,736404.500,53911,2,EL,1,100,-17366.000000
1752788435.512826,736471.000,53911,2,EL,1,100,-17366.800781
1752788435.579826,736538.000,53929,1,EL,1,100,-17374.000000
1752788435.646327,736604.500,53945,2,EL,1,100,-17369.400391
1752788435.712827,736671.000,53945,2,EL,1,100,-17366.000000
1752788435.779828,736738.000,53964,1,EL,1,100,-17373.800781
1752788435.846328,736804.500,53979,2,EL,1,100,-17370.800781
1752788435.912829,736871.000,53979,2,EL,1,100,-17364.400391
1752788435.979830,736938.000,53998,1,EL,1,100,-17370.000000
1752788436.046330,737004.500,54014,2,EL,1,100,-17370.199219
1752788436.112831,737071.000,54014,2,EL,1,100,-17367.800781
1752788436.179831,737138.000,54031,1,EL,1,100,-17376.000000
1752788436.246332,737204.500,54048,2,EL,1,100,-17372.199219
1752788436.312832,737271.000,54048,2,EL,1,100,-17365.199219
1752788436.379833,737338.000,54065,1,EL,1,100,-17371.000000
1752788436.446333,737404.500,54081,2,EL,1,100,-17372.199219
1752788436.512834,737471.000,54081,2,EL,1,100,-17370.800781
1752788436.579834,737538.000,54099,1,EL,1,100,-17376.599609
1752788436.646335,737604.500,54113,2,EL,1,100,-17375.000000
1752788436.712836,737671.000,54113,2,EL,1,100,-17368.599609
1752788436.779836,737738.000,54130,1,EL,1,100,-17375.000000
1752788436.846337,737804.500,54147,2,EL,1,100,-17373.599609
1752788436.912837,737871.000,54147,2,EL,1,100,-17368.599609
1752788436.979338,737937.500,54171,2,EL,1,100,-17371.199219
1752788437.045838,738004.000,54171,2,EL,1,100,-17372.400391
1752788437.112839,738071.000,54187,2,EL,1,100,-17379.599609
1752788437.179839,738138.000,54187,2,EL,1,100,-17374.400391
1752788437.245840,738204.000,54205,1,EL,1,100,-17380.000000
1752788437.312841,738271.000,54219,2,EL,1,100,-17375.199219
1752788437.379841,738338.000,54219,2,EL,1,100,-17370.000000
1752788437.445842,738404.000,54236,1,EL,1,100,-17372.000000
1752788437.512842,738471.000,54253,2,EL,1,100,-17375.000000
1752788437.579843,738538.000,54253,2,EL,1,100,-17375.199219
1752788437.645843,738604.000,54272,1,EL,1,100,-17382.599609
1752788437.712844,738671.000,54286,2,EL,1,100,-17377.400391
1752788437.779844,738738.000,54286,2,EL,1,100,-17374.199219
1752788437.845845,738804.000,54303,1,EL,1,100,-17382.599609
1752788437.912845,738871.000,54320,2,EL,1,100,-17378.800781
1752788437.979846,738938.000,54320,2,EL,1,100,-17373.199219
1752788438.045847,739004.000,54337,1,EL,1,100,-17375.800781
1752788438.112347,739070.500,54351,2,EL,1,100,-17377.800781
1752788438.178848,739137.000,54351,2,EL,1,100,-17374.800781
1752788438.245848,739204.000,54371,1,EL,1,100,-17383.599609
1752788438.312349,739270.500,54387,2,EL,1,100,-17379.800781
1752788438.378849,739337.000,54387,2,EL,1,100,-17376.000000
1752788438.445850,739404.000,54404,1,EL,1,100,-17378.599609
1752788438.512850,739471.000,54420,2,EL,1,100,-17379.000000
1752788438.579851,739538.000,54420,2,EL,1,100,-17373.400391
1752788438.645851,739604.000,54436,1,EL,1,100,-17381.599609
1752788438.712852,739671.000,54454,2,EL,1,100,-17381.400391
1752788438.779853,739738.000,54454,2,EL,1,100,-17376.000000
1752788438.846353,739804.500,54472,2,EL,1,100,-17382.199219
1752788438.912854,739871.000,54472,2,EL,1,100,-17381.599609
1752788438.978854,739937.000,54488,1,EL,1,100,-17376.000000
1752788439.045855,740004.000,54503,2,EL,1,100,-17376.800781
1752788439.112855,740071.000,54503,2,EL,1,100,-17379.199219
1752788439.178856,740137.000,54519,1,EL,1,100,-17376.800781
1752788439.245856,740204.000,54537,2,EL,1,100,-17382.599609
1752788439.312857,740271.000,54537,2,EL,1,100,-17386.599609
1752788439.378858,740337.000,54555,1,EL,1,100,-17378.199219
1752788439.445858,740404.000,54570,2,EL,1,100,-17378.199219
1752788439.512859,740471.000,54570,2,EL,1,100,-17376.599609
1752788439.578859,740537.000,54587,1,EL,1,100,-17379.800781
1752788439.645860,740604.000,54604,2,EL,1,100,-17382.199219
1752788439.712860,740671.000,54604,2,EL,1,100,-17387.400391
1752788439.778861,740737.000,54620,1,EL,1,100,-17377.800781
1752788439.845861,740804.000,54636,2,EL,1,100,-17380.400391
1752788439.912862,740871.000,54636,2,EL,1,100,-17385.400391
1752788439.978862,740937.000,54652,1,EL,1,100,-17380.199219
1752788440.045863,741004.000,54671,2,EL,1,100,-17379.800781
1752788440.112864,741071.000,54671,2,EL,1,100,-17380.599609
1752788440.178864,741137.000,54687,1,EL,1,100,-17378.000000
1752788440.245865,741204.000,54703,2,EL,1,100,-17382.199219
1752788440.312865,741271.000,54703,2,EL,1,100,-17386.800781
1752788440.378866,741337.000,54719,1,EL,1,100,-17380.400391
1752788440.445866,741404.000,54736,2,EL,1,100,-17379.400391
1752788440.512867,741471.000,54736,2,EL,1,100,-17381.400391
1752788440.578867,741537.000,54753,1,EL,1,100,-17382.400391
1752788440.645868,741604.000,54770,2,EL,1,100,-17382.800781
1752788440.712869,741671.000,54770,2,EL,1,100,-17387.599609
1752788440.778869,741737.000,54786,1,EL,1,100,-17380.000000
1752788440.845870,741804.000,54804,2,EL,1,100,-17380.800781
1752788440.912870,741871.000,54804,2,EL,1,100,-17387.000000
1752788440.978871,741937.000,54822,1,EL,1,100,-17382.800781
1752788441.045871,742004.000,54838,2,EL,1,100,-17379.800781
1752788441.112872,742071.000,54838,2,EL,1,100,-17389.000000
1752788441.178872,742137.000,54853,1,EL,1,100,-17384.199219
1752788441.245873,742204.000,54873,2,EL,1,100,-17384.199219
1752788441.312873,742271.000,54873,2,EL,1,100,-17390.800781
1752788441.379374,742337.500,54889,2,EL,1,100,-17384.800781
1752788441.445875,742404.000,54889,2,EL,1,100,-17383.199219
1752788441.512875,742471.000,54906,1,EL,1,100,-17390.400391
1752788441.579376,742537.500,54921,2,EL,1,100,-17388.800781
1752788441.645876,742604.000,54921,2,EL,1,100,-17384.199219
1752788441.712877,742671.000,54938,1,EL,1,100,-17393.000000
1752788441.779377,742737.500,54956,2,EL,1,100,-17384.800781
1752788441.845878,742804.000,54956,2,EL,1,100,-17386.000000
1752788441.912878,742871.000,54974,1,EL,1,100,-17391.400391
1752788441.979379,742937.500,54988,2,EL,1,100,-17388.599609
1752788442.045880,743004.000,54988,2,EL,1,100,-17384.199219
1752788442.112380,743070.500,55010,2,EL,1,100,-17394.400391
1752788442.178881,743137.000,55010,2,EL,1,100,-17389.000000
1752788442.245381,743203.500,55027,2,EL,1,100,-17394.800781
1752788442.311882,743270.000,55027,2,EL,1,100,-17386.400391
1752788442.378882,743337.000,55046,1,EL,1,100,-17384.599609
1752788442.445383,743403.500,55062,2,EL,1,100,-17386.000000
1752788442.511883,743470.000,55062,2,EL,1,100,-17388.599609
1752788442.578884,743537.000,55080,1,EL,1,100,-17398.000000
1752788442.645384,743603.500,55094,2,EL,1,100,-17391.000000
1752788442.711885,743670.000,55094,2,EL,1,100,-17387.000000
1752788442.778886,743737.000,55111,1,EL,1,100,-17398.599609
1752788442.845386,743803.500,55128,2,EL,1,100,-17394.400391
1752788442.911887,743870.000,55128,2,EL,1,100,-17390.199219
1752788442.978887,743937.000,55147,1,EL,1,100,-17390.800781
1752788443.045388,744003.500,55161,2,EL,1,100,-17391.199219
1752788443.111888,744070.000,55161,2,EL,1,100,-17387.400391
1752788443.178889,744137.000,55178,1,EL,1,100,-17390.199219
1752788443.245389,744203.500,55195,2,EL,1,100,-17392.199219
1752788443.311890,744270.000,55195,2,EL,1,100,-17387.400391
1752788443.378891,744337.000,55212,1,EL,1,100,-17390.000000
1752788443.445391,744403.500,55226,2,EL,1,100,-17392.400391
1752788443.511892,744470.000,55226,2,EL,1,100,-17391.199219
1752788443.578892,744537.000,55246,1,EL,1,100,-17396.199219
1752788443.645393,744603.500,55262,2,EL,1,100,-17398.000000
1752788443.711893,744670.000,55262,2,EL,1,100,-17391.800781
1752788443.778894,744737.000,55279,1,EL,1,100,-17392.400391
1752788443.845394,744803.500,55294,2,EL,1,100,-17393.599609
1752788443.911895,744870.000,55294,2,EL,1,100,-17392.400391
1752788443.978895,744937.000,55311,1,EL,1,100,-17395.599609
1752788444.045396,745003.500,55327,2,EL,1,100,-17393.800781
1752788444.111897,745070.000,55327,2,EL,1,100,-17394.199219
1752788444.178897,745137.000,55344,1,EL,1,100,-17396.599609
1752788444.245398,745203.500,55362,2,EL,1,100,-17394.199219
1752788444.311898,745270.000,55362,2,EL,1,100,-17393.599609
1752788444.378899,745337.000,55378,1,EL,1,100,-17396.000000
1752788444.445399,745403.500,55394,2,EL,1,100,-17394.000000
1752788444.511900,745470.000,55394,2,EL,1,100,-17395.599609
1752788444.578900,745537.000,55412,2,EL,1,100,-17401.400391
1752788444.645901,745604.000,55412,2,EL,1,100,-17401.599609
1752788444.711901,745670.000,55428,1,EL,1,100,-17394.400391
1752788444.778402,745736.500,55445,2,EL,1,100,-17393.599609
1752788444.844903,745803.000,55445,2,EL,1,100,-17396.199219
1752788444.911903,745870.000,55462,1,EL,1,100,-17395.400391
1752788444.978904,745937.000,55479,2,EL,1,100,-17396.599609
1752788445.045904,746004.000,55479,2,EL,1,100,-17396.800781
1752788445.111905,746070.000,55495,1,EL,1,100,-17395.800781
1752788445.178905,746137.000,55511,2,EL,1,100,-17396.599609
1752788445.245906,746204.000,55511,2,EL,1,100,-17397.000000
1752788445.311906,746270.000,55527,1,EL,1,100,-17398.400391
1752788445.378407,746336.500,55546,2,EL,1,100,-17398.800781
1752788445.444908,746403.000,55546,2,EL,1,100,-17398.400391
1752788445.511908,746470.000,55562,1,EL,1,100,-17397.000000
1752788445.578909,746537.000,55578,2,EL,1,100,-17401.199219
1752788445.645909,746604.000,55578,2,EL,1,100,-17406.599609
1752788445.711910,746670.000,55594,1,EL,1,100,-17399.000000
1752788445.778410,746736.500,55611,2,EL,1,100,-17398.400391
1752788445.844911,746803.000,55611,2,EL,1,100,-17400.400391
1752788445.911911,746870.000,55628,1,EL,1,100,-17400.599609
1752788445.978412,746936.500,55645,2,EL,1,100,-17400.599609
1752788446.044912,747003.000,55645,2,EL,1,100,-17399.800781
1752788446.111913,747070.000,55663,1,EL,1,100,-17400.800781
1752788446.178414,747136.500,55681,2,EL,1,100,-17400.800781
1752788446.244914,747203.000,55681,2,EL,1,100,-17400.400391
1752788446.311915,747270.000,55697,1,EL,1,100,-17399.199219
1752788446.378415,747336.500,55712,2,EL,1,100,-17399.199219
1752788446.444916,747403.000,55712,2,EL,1,100,-17399.400391
1752788446.511916,747470.000,55728,1,EL,1,100,-17403.000000
1752788446.578417,747536.500,55746,2,EL,1,100,-17403.199219
1752788446.644917,747603.000,55746,2,EL,1,100,-17409.199219
1752788446.711918,747670.000,55764,1,EL,1,100,-17402.000000
1752788446.778419,747736.500,55780,2,EL,1,100,-17399.800781
1752788446.844919,747803.000,55780,2,EL,1,100,-17401.199219
1752788446.911920,747870.000,55796,2,EL,1,100,-17402.400391
1752788446.978920,747937.000,55796,2,EL,1,100,-17400.800781
1752788447.044921,748003.000,55813,1,EL,1,100,-17401.400391
1752788447.111921,748070.000,55829,2,EL,1,100,-17402.199219
1752788447.178922,748137.000,55829,2,EL,1,100,-17403.599609
1752788447.245422,748203.500,55852,2,EL,1,100,-17404.000000
1752788447.311923,748270.000,55852,2,EL,1,100,-17403.800781
1752788447.378923,748337.000,55870,1,EL,1,100,-17403.599609
1752788447.445424,748403.500,55886,2,EL,1,100,-17402.199219
1752788447.511925,748470.000,55886,2,EL,1,100,-17402.599609
1752788447.578425,748536.500,55902,2,EL,1,100,-17403.400391
1752788447.644926,748603.000,55902,2,EL,1,100,-17404.000000
1752788447.711926,748670.000,55919,1,EL,1,100,-17402.000000
1752788447.778427,748736.500,55935,2,EL,1,100,-17403.000000
1752788447.844927,748803.000,55935,2,EL,1,100,-17405.000000
1752788447.911928,748870.000,55953,1,EL,1,100,-17413.800781
1752788447.978428,748936.500,55969,2,EL,1,100,-17405.199219
1752788448.044929,749003.000,55969,2,EL,1,100,-17403.000000
1752788448.111930,749070.000,55986,1,EL,1,100,-17412.599609
1752788448.178430,749136.500,56003,2,EL,1,100,-17406.800781
1752788448.244931,749203.000,56003,2,EL,1,100,-17403.599609
1752788448.311931,749270.000,56020,1,EL,1,100,-17412.199219
1752788448.378432,749336.500,56034,2,EL,1,100,-17405.800781
1752788448.444932,749403.000,56034,2,EL,1,100,-17401.800781
1752788448.511933,749470.000,56051,1,EL,1,100,-17404.400391
1752788448.578433,749536.500,56070,2,EL,1,100,-17404.000000
1752788448.644934,749603.000,56070,2,EL,1,100,-17403.599609
1752788448.711934,749670.000,56087,1,EL,1,100,-17405.000000
1752788448.778435,749736.500,56101,2,EL,1,100,-17405.199219
1752788448.844936,749803.000,56101,2,EL,1,100,-17403.599609
1752788448.911936,749870.000,56119,1,EL,1,100,-17414.199219
1752788448.978437,749936.500,56135,2,EL,1,100,-17408.599609
1752788449.044937,750003.000,56135,2,EL,1,100,-17403.000000
1752788449.111938,750070.000,56152,1,EL,1,100,-17412.800781
1752788449.178438,750136.500,56167,2,EL,1,100,-17411.400391
1752788449.244939,750203.000,56167,2,EL,1,100,-17404.800781
1752788449.311939,750270.000,56186,1,EL,1,100,-17412.400391
1752788449.378440,750336.500,56202,2,EL,1,100,-17409.400391
1752788449.444941,750403.000,56202,2,EL,1,100,-17404.400391
1752788449.511941,750470.000,56219,1,EL,1,100,-17405.800781
1752788449.578442,750536.500,56235,2,EL,1,100,-17408.599609
1752788449.644942,750603.000,56235,2,EL,1,100,-17407.000000
1752788449.711943,750670.000,56251,1,EL,1,100,-17408.800781
1752788449.778443,750736.500,56267,2,EL,1,100,-17410.199219
1752788449.844944,750803.000,56267,2,EL,1,100,-17408.199219
1752788449.911944,750870.000,56287,1,EL,1,100,-17413.400391
1752788449.978445,750936.500,56302,2,EL,1,100,-17413.400391
1752788450.044945,751003.000,56302,2,EL,1,100,-17406.000000
1752788450.111446,751069.500,56318,2,EL,1,100,-17408.199219
1752788450.177947,751136.000,56318,2,EL,1,100,-17409.800781
1752788450.244947,751203.000,56335,1,EL,1,100,-17409.000000
1752788450.311948,751270.000,56352,2,EL,1,100,-17415.000000
1752788450.378948,751337.000,56352,2,EL,1,100,-17416.400391
1752788450.444949,751403.000,56368,1,EL,1,100,-17409.199219
1752788450.511449,751469.500,56386,2,EL,1,100,-17411.800781
1752788450.577950,751536.000,56386,2,EL,1,100,-17414.400391
1752788450.644950,751603.000,56402,1,EL,1,100,-17406.400391
1752788450.711451,751669.500,56419,2,EL,1,100,-17408.199219
1752788450.777952,751736.000,56419,2,EL,1,100,-17416.000000
1752788450.844952,751803.000,56435,1,EL,1,100,-17407.199219
1752788450.911453,751869.500,56453,2,EL,1,100,-17410.400391
1752788450.977953,751936.000,56453,2,EL,1,100,-17416.400391
1752788451.044954,752003.000,56469,1,EL,1,100,-17409.000000
1752788451.111454,752069.500,56488,2,EL,1,100,-17410.599609
1752788451.177955,752136.000,56488,2,EL,1,100,-17417.000000
1752788451.244955,752203.000,56505,1,EL,1,100,-17409.000000
1752788451.311456,752269.500,56520,2,EL,1,100,-17411.400391
1752788451.377956,752336.000,56520,2,EL,1,100,-17418.400391
1752788451.444957,752403.000,56536,1,EL,1,100,-17408.800781
1752788451.511458,752469.500,56554,2,EL,1,100,-17408.800781
1752788451.577958,752536.000,56554,2,EL,1,100,-17419.400391
1752788451.644959,752603.000,56570,1,EL,1,100,-17412.199219
1752788451.711459,752669.500,56585,2,EL,1,100,-17412.000000
1752788451.777960,752736.000,56585,2,EL,1,100,-17416.000000
1752788451.844960,752803.000,56603,1,EL,1,100,-17411.400391
1752788451.911461,752869.500,56621,2,EL,1,100,-17413.000000
1752788451.977961,752936.000,56621,2,EL,1,100,-17418.000000
1752788452.044962,753003.000,56637,1,EL,1,100,-17412.800781
1752788452.111462,753069.500,56653,2,EL,1,100,-17412.400391
1752788452.177963,753136.000,56653,2,EL,1,100,-17413.800781
1752788452.244464,753202.500,56669,2,EL,1,100,-17416.000000
1752788452.310964,753269.000,56669,2,EL,1,100,-17416.000000
1752788452.377965,753336.000,56693,2,EL,1,100,-17413.000000
1752788452.444965,753403.000,56693,2,EL,1,100,-17414.000000
1752788452.510966,753469.000,56709,1,EL,1,100,-17417.800781
1752788452.577966,753536.000,56727,2,EL,1,100,-17413.199219
1752788452.644967,753603.000,56727,2,EL,1,100,-17414.400391
1752788452.710967,753669.000,56743,1,EL,1,100,-17415.199219
1752788452.777968,753736.000,56758,2,EL,1,100,-17418.400391
1752788452.844969,753803.000,56758,2,EL,1,100,-17424.000000
1752788452.910969,753869.000,56775,1,EL,1,100,-17422.599609
1752788452.977970,753936.000,56794,2,EL,1,100,-17416.800781
1752788453.044970,754003.000,56794,2,EL,1,100,-17417.199219
1752788453.110971,754069.000,56810,1,EL,1,100,-17420.599609
1752788453.177971,754136.000,56826,2,EL,1,100,-17416.800781
1752788453.244972,754203.000,56826,2,EL,1,100,-17419.599609
1752788453.310972,754269.000,56842,1,EL,1,100,-17417.000000
1752788453.377973,754336.000,56859,2,EL,1,100,-17412.199219
1752788453.444973,754403.000,56859,2,EL,1,100,-17418.000000
1752788453.510974,754469.000,56877,1,EL,1,100,-17413.400391
1752788453.577975,754536.000,56893,2,EL,1,100,-17414.400391
1752788453.644975,754603.000,56893,2,EL,1,100,-17413.000000
1752788453.710976,754669.000,56909,1,EL,1,100,-17410.599609
1752788453.777976,754736.000,56926,2,EL,1,100,-17409.400391
1752788453.844977,754803.000,56926,2,EL,1,100,-17417.599609
1752788453.911477,754869.500,56943,2,EL,1,100,-17415.199219
1752788453.977978,754936.000,56943,2,EL,1,100,-17402.400391
1752788454.044978,755003.000,56962,1,EL,1,100,-17405.000000
1752788454.111479,755069.500,56976,2,EL,1,100,-17405.800781
1752788454.177980,755136.000,56976,2,EL,1,100,-17407.400391
1752788454.244980,755203.000,56994,1,EL,1,100,-17415.000000
1752788454.311481,755269.500,57010,2,EL,1,100,-17409.000000
1752788454.377981,755336.000,57010,2,EL,1,100,-17406.800781
1752788454.444982,755403.000,57027,1,EL,1,100,-17410.400391
1752788454.511482,755469.500,57042,2,EL,1,100,-17415.000000
1752788454.577983,755536.000,57042,2,EL,1,100,-17412.800781
1752788454.644983,755603.000,57059,1,EL,1,100,-17417.800781
1752788454.711484,755669.500,57077,2,EL,1,100,-17413.400391
1752788454.777984,755736.000,57077,2,EL,1,100,-17409.199219
1752788454.844985,755803.000,57094,1,EL,1,100,-17416.199219
1752788454.911486,755869.500,57109,2,EL,1,100,-17416.400391
1752788454.977986,755936.000,57109,2,EL,1,100,-17411.800781
1752788455.043987,756002.000,57126,1,EL,1,100,-17414.400391
1752788455.110987,756069.000,57142,2,EL,1,100,-17416.000000
1752788455.177988,756136.000,57142,2,EL,1,100,-17413.599609
1752788455.244988,756203.000,57162,1,EL,1,100,-17419.599609
1752788455.311489,756269.500,57177,2,EL,1,100,-17422.599609
1752788455.377989,756336.000,57177,2,EL,1,100,-17412.800781
1752788455.444990,756403.000,57193,1,EL,1,100,-17414.400391
1752788455.511491,756469.500,57210,2,EL,1,100,-17417.800781
1752788455.577991,756536.000,57210,2,EL,1,100,-17419.599609
1752788455.644492,756602.500,57227,2,EL,1,100,-17426.800781
1752788455.710992,756669.000,57227,2,EL,1,100,-17432.800781
1752788455.777993,756736.000,57243,1,EL,1,100,-17431.000000
1752788455.844493,756802.500,57261,2,EL,1,100,-17426.000000
1752788455.910994,756869.000,57261,2,EL,1,100,-17425.000000
1752788455.977994,756936.000,57279,1,EL,1,100,-17416.599609
1752788456.044495,757002.500,57296,2,EL,1,100,-17417.800781
1752788456.110995,757069.000,57296,2,EL,1,100,-17422.199219
1752788456.177996,757136.000,57312,1,EL,1,100,-17417.000000
1752788456.244497,757202.500,57328,2,EL,1,100,-17419.000000
1752788456.310997,757269.000,57328,2,EL,1,100,-17427.000000
1752788456.377998,757336.000,57344,1,EL,1,100,-17418.599609
1752788456.444498,757402.500,57361,2,EL,1,100,-17417.400391
1752788456.510999,757469.000,57361,2,EL,1,100,-17419.000000
1752788456.577999,757536.000,57380,1,EL,1,100,-17433.400391
1752788456.644500,757602.500,57395,2,EL,1,100,-17427.800781
1752788456.711000,757669.000,57395,2,EL,1,100,-17429.400391
1752788456.778001,757736.000,57411,1,EL,1,100,-17420.800781
1752788456.844502,757802.500,57429,2,EL,1,100,-17420.599609
1752788456.911002,757869.000,57429,2,EL,1,100,-17430.000000
1752788456.978003,757936.000,57445,1,EL,1,100,-17421.400391
1752788457.044503,758002.500,57460,2,EL,1,100,-17420.400391
1752788457.111004,758069.000,57460,2,EL,1,100,-17420.199219
1752788457.178004,758136.000,57478,1,EL,1,100,-17422.000000
1752788457.244505,758202.500,57496,2,EL,1,100,-17424.800781
1752788457.311005,758269.000,57496,2,EL,1,100,-17433.599609
1752788457.378006,758336.000,57512,1,EL,1,100,-17423.599609
1752788457.444673,758402.667,57533,3,EL,1,100,-17421.800781
1752788457.511340,758469.333,57533,3,EL,1,100,-17424.599609
1752788457.578008,758536.000,57533,3,EL,1,100,-17426.400391
1752788457.644008,758602.000,57549,1,EL,1,100,-17426.000000
1752788457.711009,758669.000,57566,2,EL,1,100,-17430.599609
1752788457.778009,758736.000,57566,2,EL,1,100,-17429.000000
1752788457.844010,758802.000,57582,1,EL,1,100,-17430.400391
1752788457.911010,758869.000,57600,2,EL,1,100,-17427.400391
1752788457.978011,758936.000,57600,2,EL,1,100,-17432.000000
1752788458.044011,759002.000,57616,1,EL,1,100,-17424.000000
1752788458.110512,759068.500,57631,2,EL,1,100,-17430.199219
1752788458.177012,759135.000,57631,2,EL,1,100,-17443.800781
1752788458.244013,759202.000,57650,1,EL,1,100,-17436.199219
1752788458.310514,759268.500,57667,2,EL,1,100,-17424.199219
1752788458.377014,759335.000,57667,2,EL,1,100,-17430.599609
1752788458.444015,759402.000,57683,1,EL,1,100,-17426.599609
1752788458.510515,759468.500,57699,2,EL,1,100,-17428.800781
1752788458.577016,759535.000,57699,2,EL,1,100,-17435.199219
1752788458.644016,759602.000,57715,1,EL,1,100,-17433.000000
1752788458.710517,759668.500,57732,2,EL,1,100,-17426.800781
1752788458.777017,759735.000,57732,2,EL,1,100,-17430.400391
1752788458.844018,759802.000,57750,1,EL,1,100,-17433.000000
1752788458.910519,759868.500,57766,2,EL,1,100,-17430.599609
1752788458.977019,759935.000,57766,2,EL,1,100,-17438.800781
1752788459.044020,760002.000,57782,1,EL,1,100,-17429.199219
1752788459.110520,760068.500,57799,2,EL,1,100,-17427.000000
1752788459.177021,760135.000,57799,2,EL,1,100,-17431.599609
1752788459.244021,760202.000,57816,1,EL,1,100,-17441.800781
1752788459.310522,760268.500,57832,2,EL,1,100,-17436.800781
1752788459.377022,760335.000,57832,2,EL,1,100,-17442.599609
1752788459.444023,760402.000,57849,2,EL,1,100,-17431.199219
1752788459.511023,760469.000,57849,2,EL,1,100,-17427.800781
1752788459.577024,760535.000,57867,1,EL,1,100,-17440.000000
1752788459.644025,760602.000,57883,2,EL,1,100,-17429.400391
1752788459.711025,760669.000,57883,2,EL,1,100,-17429.000000
1752788459.777026,760735.000,57900,1,EL,1,100,-17441.599609
1752788459.844026,760802.000,57915,2,EL,1,100,-17435.000000
1752788459.911027,760869.000,57915,2,EL,1,100,-17428.599609
1752788459.977027,760935.000,57932,1,EL,1,100,-17442.000000
1752788460.044028,761002.000,57950,2,EL,1,100,-17435.199219
1752788460.111028,761069.000,57950,2,EL,1,100,-17329.000000
1752788460.177029,761135.000,57967,1,EL,1,100,-17373.400391
1752788460.244030,761202.000,57982,2,EL,1,100,-17434.400391
1752788460.311030,761269.000,57982,2,EL,1,100,-17438.199219
1752788460.377031,761335.000,57999,1,EL,1,100,-17436.400391
1752788460.444031,761402.000,58015,2,EL,1,100,-17438.199219
1752788460.511032,761469.000,58015,2,EL,1,100,-17439.199219
1752788460.577032,761535.000,58033,1,EL,1,100,-17443.199219
1752788460.644033,761602.000,58049,2,EL,1,100,-17436.000000
1752788460.711033,761669.000,58049,2,EL,1,100,-17431.400391
1752788460.777034,761735.000,58066,1,EL,1,100,-17441.800781
1752788460.844034,761802.000,58083,2,EL,1,100,-17439.400391
1752788460.911035,761869.000,58083,2,EL,1,100,-17435.400391
1752788460.977036,761935.000,58102,1,EL,1,100,-17443.000000
1752788461.044036,762002.000,58116,2,EL,1,100,-17438.000000
1752788461.111037,762069.000,58116,2,EL,1,100,-17436.199219
1752788461.177037,762135.000,58135,1,EL,1,100,-17444.199219
1752788461.244038,762202.000,58152,2,EL,1,100,-17438.800781
1752788461.311038,762269.000,58152,2,EL,1,100,-17436.199219
1752788461.377039,762335.000,58169,1,EL,1,100,-17440.400391
1752788461.444039,762402.000,58184,2,EL,1,100,-17442.400391
1752788461.511040,762469.000,58184,2,EL,1,100,-17434.400391
1752788461.577041,762535.000,58201,1,EL,1,100,-17442.199219
1752788461.643541,762601.500,58217,2,EL,1,100,-17441.400391
1752788461.710042,762668.000,58217,2,EL,1,100,-17438.199219
1752788461.777042,762735.000,58234,1,EL,1,100,-17445.800781
1752788461.844043,762802.000,58252,2,EL,1,100,-17447.000000
1752788461.911043,762869.000,58252,2,EL,1,100,-17443.000000
1752788461.977544,762935.500,58268,2,EL,1,100,-17443.000000
1752788462.044044,763002.000,58268,2,EL,1,100,-17440.199219
1752788462.110045,763068.000,58284,1,EL,1,100,-17441.000000
1752788462.177045,763135.000,58302,2,EL,1,100,-17444.400391
1752788462.244046,763202.000,58302,2,EL,1,100,-17445.400391
1752788462.310047,763268.000,58318,1,EL,1,100,-17441.400391
1752788462.377047,763335.000,58335,2,EL,1,100,-17449.000000
1752788462.444048,763402.000,58335,2,EL,1,100,-17446.599609
1752788462.510048,763468.000,58351,1,EL,1,100,-17441.400391
1752788462.577049,763535.000,58374,2,EL,1,100,-17445.599609
1752788462.644049,763602.000,58374,2,EL,1,100,-17448.000000
1752788462.710550,763668.500,58390,2,EL,1,100,-17448.400391
1752788462.777050,763735.000,58390,2,EL,1,100,-17447.400391
1752788462.844051,763802.000,58407,1,EL,1,100,-17447.400391
1752788462.910552,763868.500,58424,2,EL,1,100,-17447.800781
1752788462.977052,763935.000,58424,2,EL,1,100,-17446.800781
1752788463.044053,764002.000,58441,1,EL,1,100,-17443.199219
1752788463.110553,764068.500,58457,2,EL,1,100,-17439.199219
1752788463.177054,764135.000,58457,2,EL,1,100,-17442.800781
1752788463.244054,764202.000,58475,1,EL,1,100,-17451.400391
1752788463.310555,764268.500,58490,2,EL,1,100,-17449.599609
1752788463.377055,764335.000,58490,2,EL,1,100,-17446.400391
1752788463.443556,764401.500,58508,2,EL,1,100,-17445.599609
1752788463.510056,764468.000,58508,2,EL,1,100,-17443.199219
1752788463.577057,764535.000,58525,1,EL,1,100,-17446.800781
1752788463.643558,764601.500,58542,2,EL,1,100,-17447.599609
1752788463.710058,764668.000,58542,2,EL,1,100,-17450.199219
1752788463.777059,764735.000,58558,1,EL,1,100,-17445.400391
1752788463.843559,764801.500,58574,2,EL,1,100,-17447.199219
1752788463.910060,764868.000,58574,2,EL,1,100,-17449.000000
1752788463.977060,764935.000,58592,1,EL,1,100,-17445.800781
1752788464.043561,765001.500,58609,2,EL,1,100,-17446.199219
1752788464.110061,765068.000,58609,2,EL,1,100,-17444.199219
1752788464.177062,765135.000,58625,1,EL,1,100,-17444.400391
1752788464.243563,765201.500,58641,2,EL,1,100,-17446.800781
1752788464.310063,765268.000,58641,2,EL,1,100,-17451.800781
1752788464.377064,765335.000,58657,1,EL,1,100,-17444.800781
1752788464.443564,765401.500,58674,2,EL,1,100,-17444.800781
1752788464.510065,765468.000,58674,2,EL,1,100,-17449.599609
1752788464.577065,765535.000,58693,1,EL,1,100,-17445.199219
1752788464.643566,765601.500,58708,2,EL,1,100,-17450.599609
1752788464.710066,765668.000,58708,2,EL,1,100,-17454.800781
1752788464.777067,765735.000,58724,1,EL,1,100,-17444.400391
1752788464.843567,765801.500,58742,2,EL,1,100,-17446.599609
1752788464.910068,765868.000,58742,2,EL,1,100,-17456.000000
1752788464.977069,765935.000,58758,1,EL,1,100,-17447.800781
1752788465.043569,766001.500,58773,2,EL,1,100,-17447.400391
1752788465.110070,766068.000,58773,2,EL,1,100,-17448.599609
1752788465.177070,766135.000,58791,1,EL,1,100,-17444.599609
1752788465.243571,766201.500,58809,2,EL,1,100,-17445.000000
1752788465.310071,766268.000,58809,2,EL,1,100,-17457.400391
1752788465.377072,766335.000,58825,1,EL,1,100,-17450.199219
1752788465.443572,766401.500,58841,2,EL,1,100,-17449.000000
1752788465.510073,766468.000,58841,2,EL,1,100,-17448.599609
1752788465.577073,766535.000,58857,1,EL,1,100,-17449.800781
1752788465.643574,766601.500,58876,2,EL,1,100,-17453.000000
1752788465.710075,766668.000,58876,2,EL,1,100,-17459.400391
1752788465.777075,766735.000,58892,1,EL,1,100,-17450.000000
1752788465.843576,766801.500,58909,2,EL,1,100,-17451.599609
1752788465.910076,766868.000,58909,2,EL,1,100,-17461.199219
1752788465.976577,766934.500,58926,2,EL,1,100,-17450.199219
1752788466.043077,767001.000,58926,2,EL,1,100,-17445.199219
1752788466.110078,767068.000,58943,1,EL,1,100,-17452.199219
1752788466.176578,767134.500,58960,2,EL,1,100,-17453.400391
1752788466.243079,767201.000,58960,2,EL,1,100,-17449.599609
1752788466.310080,767268.000,58977,1,EL,1,100,-17459.800781
1752788466.376580,767334.500,58993,2,EL,1,100,-17454.000000
1752788466.443081,767401.000,58993,2,EL,1,100,-17448.599609
1752788466.510081,767468.000,59010,1,EL,1,100,-17450.400391
1752788466.576582,767534.500,59027,2,EL,1,100,-17451.800781
1752788466.643082,767601.000,59027,2,EL,1,100,-17449.400391
1752788466.710083,767668.000,59044,1,EL,1,100,-17459.400391
1752788466.776583,767734.500,59058,2,EL,1,100,-17456.400391
1752788466.843084,767801.000,59058,2,EL,1,100,-17451.400391
1752788466.910084,767868.000,59078,1,EL,1,100,-17460.800781
1752788466.976585,767934.500,59094,2,EL,1,100,-17453.800781
1752788467.043086,768001.000,59094,2,EL,1,100,-17448.400391
1752788467.110086,768068.000,59111,1,EL,1,100,-17456.000000
1752788467.176587,768134.500,59126,2,EL,1,100,-17453.199219
1752788467.243087,768201.000,59126,2,EL,1,100,-17447.599609
1752788467.310088,768268.000,59143,1,EL,1,100,-17456.599609
1752788467.376588,768334.500,59159,2,EL,1,100,-17455.000000
1752788467.443089,768401.000,59159,2,EL,1,100,-17448.599609
1752788467.510089,768468.000,59178,1,EL,1,100,-17450.800781
1752788467.576590,768534.500,59193,2,EL,1,100,-17449.800781
1752788467.643091,768601.000,59193,2,EL,1,100,-17449.400391
1752788467.709591,768667.500,59215,2,EL,1,100,-17453.800781
1752788467.776092,768734.000,59215,2,EL,1,100,-17458.400391
1752788467.843092,768801.000,59232,2,EL,1,100,-17461.199219
1752788467.910093,768868.000,59232,2,EL,1,100,-17455.000000
1752788467.977093,768935.000,59249,1,EL,1,100,-17456.800781
1752788468.043594,769001.500,59265,2,EL,1,100,-17456.800781
1752788468.110094,769068.000,59265,2,EL,1,100,-17451.199219
1752788468.177095,769135.000,59284,1,EL,1,100,-17453.400391
1752788468.243595,769201.500,59299,2,EL,1,100,-17452.800781
1752788468.310096,769268.000,59299,2,EL,1,100,-17453.000000
1752788468.377097,769335.000,59316,1,EL,1,100,-17454.199219
1752788468.443597,769401.500,59332,2,EL,1,100,-17455.000000
1752788468.510098,769468.000,59332,2,EL,1,100,-17454.199219
1752788468.577098,769535.000,59350,1,EL,1,100,-17463.000000
1752788468.643599,769601.500,59364,2,EL,1,100,-17458.400391
1752788468.710099,769668.000,59364,2,EL,1,100,-17454.599609
1752788468.777100,769735.000,59383,1,EL,1,100,-17454.599609
1752788468.843600,769801.500,59400,2,EL,1,100,-17453.599609
1752788468.910101,769868.000,59400,2,EL,1,100,-17455.400391
1752788468.977102,769935.000,59417,1,EL,1,100,-17461.599609
1752788469.043602,770001.500,59432,2,EL,1,100,-17459.599609
1752788469.110103,770068.000,59432,2,EL,1,100,-17453.800781
1752788469.177103,770135.000,59448,1,EL,1,100,-17454.400391
1752788469.243604,770201.500,59465,2,EL,1,100,-17455.800781
1752788469.310104,770268.000,59465,2,EL,1,100,-17456.400391
1752788469.376605,770334.500,59484,2,EL,1,100,-17457.199219
1752788469.443105,770401.000,59484,2,EL,1,100,-17456.400391
1752788469.510106,770468.000,59500,1,EL,1,100,-17454.800781
1752788469.576606,770534.500,59516,2,EL,1,100,-17457.800781
1752788469.643107,770601.000,59516,2,EL,1,100,-17460.400391
1752788469.710108,770668.000,59532,1,EL,1,100,-17459.400391
1752788469.776608,770734.500,59549,2,EL,1,100,-17458.800781
1752788469.843109,770801.000,59549,2,EL,1,100,-17457.199219
1752788469.910109,770868.000,59568,1,EL,1,100,-17459.599609
1752788469.976610,770934.500,59583,2,EL,1,100,-17459.199219
1752788470.043110,771001.000,59583,2,EL,1,100,-17456.800781
1752788470.110111,771068.000,59599,1,EL,1,100,-17457.000000
1752788470.176611,771134.500,59617,2,EL,1,100,-17457.199219
1752788470.243112,771201.000,59617,2,EL,1,100,-17456.599609
1752788470.310113,771268.000,59633,1,EL,1,100,-17457.400391
1752788470.376613,771334.500,59648,2,EL,1,100,-17457.400391
1752788470.443114,771401.000,59648,2,EL,1,100,-17458.599609
1752788470.510114,771468.000,59666,1,EL,1,100,-17459.400391
1752788470.576615,771534.500,59684,2,EL,1,100,-17457.800781
1752788470.643115,771601.000,59684,2,EL,1,100,-17465.800781
1752788470.710116,771668.000,59700,1,EL,1,100,-17458.800781
1752788470.776616,771734.500,59716,2,EL,1,100,-17457.599609
1752788470.843117,771801.000,59716,2,EL,1,100,-17456.599609
1752788470.910117,771868.000,59732,1,EL,1,100,-17457.800781
1752788470.976618,771934.500,59751,2,EL,1,100,-17457.400391
1752788471.043119,772001.000,59751,2,EL,1,100,-17460.599609
1752788471.110119,772068.000,59769,1,EL,1,100,-17461.199219
1752788471.176620,772134.500,59786,2,EL,1,100,-17459.000000
1752788471.243120,772201.000,59786,2,EL,1,100,-17457.800781
1752788471.309621,772267.500,59801,2,EL,1,100,-17459.400391
1752788471.376121,772334.000,59801,2,EL,1,100,-17459.800781
1752788471.443122,772401.000,59818,1,EL,1,100,-17460.199219
1752788471.509622,772467.500,59835,2,EL,1,100,-17461.599609
1752788471.576123,772534.000,59835,2,EL,1,100,-17462.400391
1752788471.643124,772601.000,59852,1,EL,1,100,-17470.800781
1752788471.709624,772667.500,59868,2,EL,1,100,-17464.199219
1752788471.776125,772734.000,59868,2,EL,1,100,-17459.400391
1752788471.843125,772801.000,59885,1,EL,1,100,-17460.599609
1752788471.909626,772867.500,59902,2,EL,1,100,-17462.000000
1752788471.976126,772934.000,59902,2,EL,1,100,-17459.800781
1752788472.043127,773001.000,59919,1,EL,1,100,-17459.400391
1752788472.109627,773067.500,59933,2,EL,1,100,-17461.199219
1752788472.176128,773134.000,59933,2,EL,1,100,-17462.199219
1752788472.243128,773201.000,59951,1,EL,1,100,-17462.800781
1752788472.309629,773267.500,59969,2,EL,1,100,-17461.199219
1752788472.376130,773334.000,59969,2,EL,1,100,-17459.000000
1752788472.443130,773401.000,59986,1,EL,1,100,-17460.400391
1752788472.509631,773467.500,60001,2,EL,1,100,-17463.800781
1752788472.576131,773534.000,60001,2,EL,1,100,-17463.199219
1752788472.643132,773601.000,60018,1,EL,1,100,-17464.000000
1752788472.709632,773667.500,60034,2,EL,1,100,-17466.000000
1752788472.776133,773734.000,60034,2,EL,1,100,-17464.400391
1752788472.842633,773800.500,60057,2,EL,1,100,-17464.000000
1752788472.909134,773867.000,60057,2,EL,1,100,-17463.000000
1752788472.976134,773934.000,60075,2,EL,1,100,-17473.400391
1752788473.043135,774001.000,60075,2,EL,1,100,-17463.800781
1752788473.109136,774067.000,60092,1,EL,1,100,-17467.199219
1752788473.176136,774134.000,60107,2,EL,1,100,-17467.800781
1752788473.243137,774201.000,60107,2,EL,1,100,-17463.800781
1752788473.309137,774267.000,60124,1,EL,1,100,-17473.599609
1752788473.376138,774334.000,60140,2,EL,1,100,-17466.199219
1752788473.443138,774401.000,60140,2,EL,1,100,-17463.599609
1752788473.509139,774467.000,60159,1,EL,1,100,-17472.199219
1752788473.576139,774534.000,60174,2,EL,1,100,-17465.199219
1752788473.643140,774601.000,60174,2,EL,1,100,-17464.800781
1752788473.709141,774667.000,60191,1,EL,1,100,-17466.000000
1752788473.776141,774734.000,60207,2,EL,1,100,-17468.199219
1752788473.843142,774801.000,60207,2,EL,1,100,-17464.199219
1752788473.909142,774867.000,60225,1,EL,1,100,-17473.199219
1752788473.976143,774934.000,60239,2,EL,1,100,-17470.800781
1752788474.043143,775001.000,60239,2,EL,1,100,-17464.199219
1752788474.109144,775067.000,60258,1,EL,1,100,-17474.000000
1752788474.176144,775134.000,60275,2,EL,1,100,-17469.800781
1752788474.243145,775201.000,60275,2,EL,1,100,-17465.599609
1752788474.309145,775267.000,60292,1,EL,1,100,-17471.599609
1752788474.376146,775334.000,60306,2,EL,1,100,-17470.199219
1752788474.443147,775401.000,60306,2,EL,1,100,-17466.800781
1752788474.509147,775467.000,60323,1,EL,1,100,-17468.800781
1752788474.576148,775534.000,60340,2,EL,1,100,-17467.599609
1752788474.643148,775601.000,60340,2,EL,1,100,-17467.599609
1752788474.709149,775667.000,60359,1,EL,1,100,-17468.800781
1752788474.775649,775733.500,60374,2,EL,1,100,-17469.800781
1752788474.842150,775800.000,60374,2,EL,1,100,-17467.599609
1752788474.909150,775867.000,60391,2,EL,1,100,-17474.800781
1752788474.976151,775934.000,60391,2,EL,1,100,-17475.199219
1752788475.042152,776000.000,60407,1,EL,1,100,-17468.000000
1752788475.109152,776067.000,60424,2,EL,1,100,-17473.199219
1752788475.176153,776134.000,60424,2,EL,1,100,-17475.400391
1752788475.242153,776200.000,60441,1,EL,1,100,-17467.400391
1752788475.309154,776267.000,60458,2,EL,1,100,-17471.000000
1752788475.376154,776334.000,60458,2,EL,1,100,-17474.599609
1752788475.443155,776401.000,60474,1,EL,1,100,-17467.800781
1752788475.509655,776467.500,60492,2,EL,1,100,-17470.400391
1752788475.576156,776534.000,60492,2,EL,1,100,-17468.599609
1752788475.642156,776600.000,60508,1,EL,1,100,-17470.199219
1752788475.709157,776667.000,60523,2,EL,1,100,-17471.000000
1752788475.776158,776734.000,60523,2,EL,1,100,-17472.000000
1752788475.842158,776800.000,60541,1,EL,1,100,-17471.199219
1752788475.909159,776867.000,60561,2,EL,1,100,-17471.599609
1752788475.976159,776934.000,60561,2,EL,1,100,-17471.599609
1752788476.042160,777000.000,60577,1,EL,1,100,-17470.800781
1752788476.109160,777067.000,60592,2,EL,1,100,-17469.000000
1752788476.176161,777134.000,60592,2,EL,1,100,-17473.000000
1752788476.242161,777200.000,60609,1,EL,1,100,-17473.800781
1752788476.309162,777267.000,60626,2,EL,1,100,-17472.599609
1752788476.376163,777334.000,60626,2,EL,1,100,-17481.400391
1752788476.442163,777400.000,60644,1,EL,1,100,-17474.000000
1752788476.509164,777467.000,60660,2,EL,1,100,-17472.599609
1752788476.576164,777534.000,60660,2,EL,1,100,-17476.400391
1752788476.642165,777600.000,60676,1,EL,1,100,-17473.199219
1752788476.709165,777667.000,60693,2,EL,1,100,-17470.800781
1752788476.776166,777734.000,60693,2,EL,1,100,-17472.400391
1752788476.842166,777800.000,60709,1,EL,1,100,-17474.000000
1752788476.909167,777867.000,60726,2,EL,1,100,-17475.000000
1752788476.976167,777934.000,60726,2,EL,1,100,-17473.800781
1752788477.042668,778000.500,60743,2,EL,1,100,-17475.000000
1752788477.109169,778067.000,60743,2,EL,1,100,-17475.400391
1752788477.176169,778134.000,60760,1,EL,1,100,-17473.599609
1752788477.242670,778200.500,60777,2,EL,1,100,-17474.000000
1752788477.309170,778267.000,60777,2,EL,1,100,-17475.199219
1752788477.376171,778334.000,60794,1,EL,1,100,-17475.400391
1752788477.442671,778400.500,60808,2,EL,1,100,-17476.000000
1752788477.509172,778467.000,60808,2,EL,1,100,-17474.599609
1752788477.576172,778534.000,60826,1,EL,1,100,-17476.400391
1752788477.642673,778600.500,60842,2,EL,1,100,-17476.599609
1752788477.709174,778667.000,60842,2,EL,1,100,-17476.599609
1752788477.776174,778734.000,60861,1,EL,1,100,-17485.400391
1752788477.842675,778800.500,60876,2,EL,1,100,-17478.000000
1752788477.909175,778867.000,60876,2,EL,1,100,-17473.800781
1752788477.975676,778933.500,60898,2,EL,1,100,-17483.599609
1752788478.042176,779000.000,60898,2,EL,1,100,-17477.199219
1752788478.108677,779066.500,60914,2,EL,1,100,-17485.400391
1752788478.175177,779133.000,60914,2,EL,1,100,-17479.400391
1752788478.242178,779200.000,60932,1,EL,1,100,-17477.599609
1752788478.308678,779266.500,60950,2,EL,1,100,-17479.199219
1752788478.375179,779333.000,60950,2,EL,1,100,-17477.800781
1752788478.442180,779400.000,60967,1,EL,1,100,-17482.000000
1752788478.508680,779466.500,60982,2,EL,1,100,-17482.400391
1752788478.575181,779533.000,60982,2,EL,1,100,-17474.800781
1752788478.642181,779600.000,60999,1,EL,1,100,-17479.400391
1752788478.708682,779666.500,61015,2,EL,1,100,-17479.000000
1752788478.775182,779733.000,61015,2,EL,1,100,-17478.000000
1752788478.842183,779800.000,61032,1,EL,1,100,-17484.800781
1752788478.908683,779866.500,61049,2,EL,1,100,-17479.199219
1752788478.975184,779933.000,61049,2,EL,1,100,-17476.800781
1752788479.042185,780000.000,61066,1,EL,1,100,-17477.199219
1752788479.108685,780066.500,61082,2,EL,1,100,-17478.800781
1752788479.175186,780133.000,61082,2,EL,1,100,-17477.800781
1752788479.242186,780200.000,61100,1,EL,1,100,-17485.599609
1752788479.308687,780266.500,61114,2,EL,1,100,-17481.400391
1752788479.375187,780333.000,61114,2,EL,1,100,-17476.400391
1752788479.442188,780400.000,61131,1,EL,1,100,-17481.000000
1752788479.508688,780466.500,61150,2,EL,1,100,-17481.000000
1752788479.575189,780533.000,61150,2,EL,1,100,-17478.400391
1752788479.642189,780600.000,61167,1,EL,1,100,-17478.599609
1752788479.708690,780666.500,61181,2,EL,1,100,-17479.800781
1752788479.775191,780733.000,61181,2,EL,1,100,-17479.599609
1752788479.842191,780800.000,61198,1,EL,1,100,-17486.800781
1752788479.908692,780866.500,61215,2,EL,1,100,-17485.800781
1752788479.975192,780933.000,61215,2,EL,1,100,-17477.400391
1752788480.042193,781000.000,61232,1,EL,1,100,-17478.400391
1752788480.108693,781066.500,61249,2,EL,1,100,-17479.400391
1752788480.175194,781133.000,61249,2,EL,1,100,-17479.400391
1752788480.242194,781200.000,61266,1,EL,1,100,-17485.000000
1752788480.308695,781266.500,61282,2,EL,1,100,-17484.400391
1752788480.375195,781333.000,61282,2,EL,1,100,-17476.000000
1752788480.442196,781400.000,61299,2,EL,1,100,-17480.000000
1752788480.509197,781467.000,61299,2,EL,1,100,-17484.199219
1752788480.575197,781533.000,61316,1,EL,1,100,-17479.800781
1752788480.642198,781600.000,61331,2,EL,1,100,-17484.000000
1752788480.709198,781667.000,61331,2,EL,1,100,-17485.599609
1752788480.775199,781733.000,61347,1,EL,1,100,-17479.199219
1752788480.842199,781800.000,61367,2,EL,1,100,-17485.199219
1752788480.909200,781867.000,61367,2,EL,1,100,-17487.400391
1752788480.975200,781933.000,61385,1,EL,1,100,-17478.000000
1752788481.042201,782000.000,61400,2,EL,1,100,-17479.599609
1752788481.109202,782067.000,61400,2,EL,1,100,-17484.400391
1752788481.175202,782133.000,61416,1,EL,1,100,-17489.199219
1752788481.242203,782200.000,61434,2,EL,1,100,-17493.599609
1752788481.309203,782267.000,61434,2,EL,1,100,-17491.400391
1752788481.375204,782333.000,61450,1,EL,1,100,-17449.599609
1752788481.442204,782400.000,61467,2,EL,1,100,-17453.000000
1752788481.509205,782467.000,61467,2,EL,1,100,-17484.800781
1752788481.575205,782533.000,61484,1,EL,1,100,-17485.199219
1752788481.642206,782600.000,61501,2,EL,1,100,-17484.199219
1752788481.709206,782667.000,61501,2,EL,1,100,-17484.400391
1752788481.775207,782733.000,61517,1,EL,1,100,-17484.400391
1752788481.842208,782800.000,61533,2,EL,1,100,-17486.800781
1752788481.909208,782867.000,61533,2,EL,1,100,-17495.199219
1752788481.975209,782933.000,61549,1,EL,1,100,-17485.000000
1752788482.041709,782999.500,61568,2,EL,1,100,-17482.199219
1752788482.108210,783066.000,61568,2,EL,1,100,-17487.599609
1752788482.175210,783133.000,61584,1,EL,1,100,-17485.199219
1752788482.241711,783199.500,61601,2,EL,1,100,-17485.000000
1752788482.308211,783266.000,61601,2,EL,1,100,-17490.400391
1752788482.375212,783333.000,61616,1,EL,1,100,-17482.199219
1752788482.442213,783400.000,61633,2,EL,1,100,-17479.599609
1752788482.509213,783467.000,61633,2,EL,1,100,-17491.199219
1752788482.575714,783533.500,61650,2,EL,1,100,-17483.599609
1752788482.642214,783600.000,61650,2,EL,1,100,-17483.199219
1752788482.708215,783666.000,61669,1,EL,1,100,-17497.599609
1752788482.775215,783733.000,61683,2,EL,1,100,-17486.000000
1752788482.842216,783800.000,61683,2,EL,1,100,-17484.599609
1752788482.908216,783866.000,61701,1,EL,1,100,-17495.000000
1752788482.975217,783933.000,61717,2,EL,1,100,-17486.199219
1752788483.042217,784000.000,61717,2,EL,1,100,-17484.000000
1752788483.108718,784066.500,61739,2,EL,1,100,-17483.800781
1752788483.175219,784133.000,61739,2,EL,1,100,-17483.800781
1752788483.242219,784200.000,61758,1,EL,1,100,-17493.599609
1752788483.308720,784266.500,61773,2,EL,1,100,-17487.000000
1752788483.375220,784333.000,61773,2,EL,1,100,-17493.599609
1752788483.442221,784400.000,61789,1,EL,1,100,-17486.800781
1752788483.508721,784466.500,61807,2,EL,1,100,-17487.400391
1752788483.575222,784533.000,61807,2,EL,1,100,-17484.000000
1752788483.642222,784600.000,61823,1,EL,1,100,-17488.800781
1752788483.708723,784666.500,61839,2,EL,1,100,-17486.599609
1752788483.775224,784733.000,61839,2,EL,1,100,-17489.599609
1752788483.842224,784800.000,61856,1,EL,1,100,-17487.400391
1752788483.908725,784866.500,61874,2,EL,1,100,-17485.599609
1752788483.975225,784933.000,61874,2,EL,1,100,-17497.199219
1752788484.042226,785000.000,61890,1,EL,1,100,-17486.400391
1752788484.108726,785066.500,61906,2,EL,1,100,-17483.800781
1752788484.175227,785133.000,61906,2,EL,1,100,-17491.800781
1752788484.241727,785199.500,61922,2,EL,1,100,-17490.199219
1752788484.308228,785266.000,61922,2,EL,1,100,-17488.599609
1752788484.375228,785333.000,61939,1,EL,1,100,-17496.199219
1752788484.441729,785399.500,61957,2,EL,1,100,-17487.800781
1752788484.508230,785466.000,61957,2,EL,1,100,-17485.599609
1752788484.575230,785533.000,61975,1,EL,1,100,-17490.599609
1752788484.641731,785599.500,61989,2,EL,1,100,-17492.199219
1752788484.708231,785666.000,61989,2,EL,1,100,-17485.800781
1752788484.775232,785733.000,62006,1,EL,1,100,-17490.400391
1752788484.841732,785799.500,62023,2,EL,1,100,-17491.400391
1752788484.908233,785866.000,62023,2,EL,1,100,-17489.199219
1752788484.975233,785933.000,62040,1,EL,1,100,-17498.800781
1752788485.041734,785999.500,62056,2,EL,1,100,-17491.400391
1752788485.108235,786066.000,62056,2,EL,1,100,-17487.400391
1752788485.175235,786133.000,62073,1,EL,1,100,-17489.800781
1752788485.241736,786199.500,62090,2,EL,1,100,-17490.599609
1752788485.308236,786266.000,62090,2,EL,1,100,-17490.000000
1752788485.375237,786333.000,62107,1,EL,1,100,-17489.599609
1752788485.441737,786399.500,62121,2,EL,1,100,-17493.199219
1752788485.508238,786466.000,62121,2,EL,1,100,-17490.199219
1752788485.575238,786533.000,62141,1,EL,1,100,-17490.599609
1752788485.641739,786599.500,62157,2,EL,1,100,-17490.800781
1752788485.708239,786666.000,62157,2,EL,1,100,-17490.599609
1752788485.775240,786733.000,62174,1,EL,1,100,-17496.800781
1752788485.841741,786799.500,62189,2,EL,1,100,-17491.800781
1752788485.908241,786866.000,62189,2,EL,1,100,-17488.800781
1752788485.975242,786933.000,62208,1,EL,1,100,-17497.400391
1752788486.041742,786999.500,62224,2,EL,1,100,-17495.199219
1752788486.108243,787066.000,62224,2,EL,1,100,-17489.400391
1752788486.175243,787133.000,62243,1,EL,1,100,-17493.599609
1752788486.241744,787199.500,62259,2,EL,1,100,-17495.599609
1752788486.308244,787266.000,62259,2,EL,1,100,-17491.199219
1752788486.375245,787333.000,62275,1,EL,1,100,-17491.800781
1752788486.441745,787399.500,62291,2,EL,1,100,-17490.199219
1752788486.508246,787466.000,62291,2,EL,1,100,-17490.800781
1752788486.575247,787533.000,62309,1,EL,1,100,-17491.800781
1752788486.641747,787599.500,62326,2,EL,1,100,-17492.400391
1752788486.708248,787666.000,62326,2,EL,1,100,-17493.400391
1752788486.774748,787732.500,62342,2,EL,1,100,-17499.800781
1752788486.841249,787799.000,62342,2,EL,1,100,-17500.000000
1752788486.908249,787866.000,62359,1,EL,1,100,-17494.800781
1752788486.974750,787932.500,62376,2,EL,1,100,-17499.800781
1752788487.041250,787999.000,62376,2,EL,1,100,-17500.599609
1752788487.108251,788066.000,62392,1,EL,1,100,-17493.400391
1752788487.174752,788132.500,62408,2,EL,1,100,-17496.599609
1752788487.241252,788199.000,62408,2,EL,1,100,-17498.000000
1752788487.308253,788266.000,62424,1,EL,1,100,-17493.000000
1752788487.374753,788332.500,62443,2,EL,1,100,-17493.800781
1752788487.441254,788399.000,62443,2,EL,1,100,-17494.199219
1752788487.508254,788466.000,62459,1,EL,1,100,-17493.800781
1752788487.574755,788532.500,62475,2,EL,1,100,-17494.400391
1752788487.641255,788599.000,62475,2,EL,1,100,-17494.400391
1752788487.708256,788666.000,62491,1,EL,1,100,-17494.800781
1752788487.774756,788732.500,62508,2,EL,1,100,-17496.800781
1752788487.841257,788799.000,62508,2,EL,1,100,-17505.400391
1752788487.908258,788866.000,62525,1,EL,1,100,-17495.400391
1752788487.974758,788932.500,62542,2,EL,1,100,-17495.599609
1752788488.041259,788999.000,62542,2,EL,1,100,-17504.400391
1752788488.108259,789066.000,62558,1,EL,1,100,-17495.000000
1752788488.174926,789132.667,62581,3,EL,1,100,-17496.400391
1752788488.241594,789199.333,62581,3,EL,1,100,-17504.000000
1752788488.308261,789266.000,62581,3,EL,1,100,-17497.800781
1752788488.374261,789332.000,62597,1,EL,1,100,-17503.800781
1752788488.441262,789399.000,62616,2,EL,1,100,-17493.800781
1752788488.508263,789466.000,62616,2,EL,1,100,-17497.599609
1752788488.574263,789532.000,62633,1,EL,1,100,-17494.000000
1752788488.641264,789599.000,62648,2,EL,1,100,-17493.800781
1752788488.708264,789666.000,62648,2,EL,1,100,-17494.400391
1752788488.774265,789732.000,62664,1,EL,1,100,-17499.000000
1752788488.841265,789799.000,62682,2,EL,1,100,-17499.800781
1752788488.908266,789866.000,62682,2,EL,1,100,-17505.000000
1752788488.975266,789933.000,62698,1,EL,1,100,-17500.400391
1752788489.041767,789999.500,62715,2,EL,1,100,-17496.400391
1752788489.108267,790066.000,62715,2,EL,1,100,-17497.800781
1752788489.174268,790132.000,62731,1,EL,1,100,-17499.800781
1752788489.241269,790199.000,62749,2,EL,1,100,-17497.000000
1752788489.308269,790266.000,62749,2,EL,1,100,-17502.400391
1752788489.374270,790332.000,62765,1,EL,1,100,-17497.800781
1752788489.441270,790399.000,62780,2,EL,1,100,-17497.199219
1752788489.508271,790466.000,62780,2,EL,1,100,-17505.400391
1752788489.575271,790533.000,62797,1,EL,1,100,-17497.000000
1752788489.641772,790599.500,62816,2,EL,1,100,-17496.800781
1752788489.708272,790666.000,62816,2,EL,1,100,-17500.599609
1752788489.774273,790732.000,62832,1,EL,1,100,-17502.199219
1752788489.841274,790799.000,62849,2,EL,1,100,-17500.199219
1752788489.908274,790866.000,62849,2,EL,1,100,-17509.800781
1752788489.975275,790933.000,62864,1,EL,1,100,-17500.000000
1752788490.041775,790999.500,62881,2,EL,1,100,-17497.599609
1752788490.108276,791066.000,62881,2,EL,1,100,-17501.400391
1752788490.174776,791132.500,62900,2,EL,1,100,-17501.199219
1752788490.241277,791199.000,62900,2,EL,1,100,-17498.599609
1752788490.308277,791266.000,62917,1,EL,1,100,-17511.599609
1752788490.374778,791332.500,62931,2,EL,1,100,-17500.400391
1752788490.441278,791399.000,62931,2,EL,1,100,-17499.000000
1752788490.508279,791466.000,62948,1,EL,1,100,-17510.400391
1752788490.574780,791532.500,62965,2,EL,1,100,-17502.000000
1752788490.641280,791599.000,62965,2,EL,1,100,-17498.599609
1752788490.708281,791666.000,62982,1,EL,1,100,-17508.000000
1752788490.774781,791732.500,62996,2,EL,1,100,-17502.199219
1752788490.841282,791799.000,62996,2,EL,1,100,-17500.199219
1752788490.908282,791866.000,63016,1,EL,1,100,-17509.599609
1752788490.974783,791932.500,63034,2,EL,1,100,-17502.400391
1752788491.041283,791999.000,63034,2,EL,1,100,-17497.400391
1752788491.108284,792066.000,63051,1,EL,1,100,-17502.400391
1752788491.174785,792132.500,63066,2,EL,1,100,-17503.599609
1752788491.241285,792199.000,63066,2,EL,1,100,-17500.000000
1752788491.308286,792266.000,63083,1,EL,1,100,-17510.800781
1752788491.374786,792332.500,63099,2,EL,1,100,-17505.199219
1752788491.441287,792399.000,63099,2,EL,1,100,-17498.800781
1752788491.508287,792466.000,63118,1,EL,1,100,-17508.599609
1752788491.574788,792532.500,63133,2,EL,1,100,-17504.000000
1752788491.641288,792599.000,63133,2,EL,1,100,-17497.599609
1752788491.708289,792666.000,63150,1,EL,1,100,-17505.599609
1752788491.774789,792732.500,63166,2,EL,1,100,-17503.199219
1752788491.841290,792799.000,63166,2,EL,1,100,-17500.800781
1752788491.908291,792866.000,63184,1,EL,1,100,-17511.199219
1752788491.974791,792932.500,63199,2,EL,1,100,-17509.599609
1752788492.041292,792999.000,63199,2,EL,1,100,-17500.199219
1752788492.108292,793066.000,63217,1,EL,1,100,-17503.000000
1752788492.174793,793132.500,63234,2,EL,1,100,-17508.000000
1752788492.241293,793199.000,63234,2,EL,1,100,-17503.199219
1752788492.307294,793265.000,63251,1,EL,1,100,-17508.199219
1752788492.374294,793332.000,63266,2,EL,1,100,-17509.800781
1752788492.441295,793399.000,63266,2,EL,1,100,-17503.199219
1752788492.507796,793465.500,63283,2,EL,1,100,-17508.800781
1752788492.574296,793532.000,63283,2,EL,1,100,-17509.199219
1752788492.641297,793599.000,63301,1,EL,1,100,-17502.599609
1752788492.707797,793665.500,63318,2,EL,1,100,-17508.800781
1752788492.774298,793732.000,63318,2,EL,1,100,-17513.199219
1752788492.841298,793799.000,63334,1,EL,1,100,-17504.599609
1752788492.907799,793865.500,63350,2,EL,1,100,-17505.400391
1752788492.974299,793932.000,63350,2,EL,1,100,-17508.000000
1752788493.041300,793999.000,63366,1,EL,1,100,-17501.599609
1752788493.107800,794065.500,63383,2,EL,1,100,-17503.400391
1752788493.174301,794132.000,63383,2,EL,1,100,-17505.400391
1752788493.241302,794199.000,63402,1,EL,1,100,-17505.800781
1752788493.307969,794265.667,63422,3,EL,1,100,-17505.599609
1752788493.374636,794332.333,63422,3,EL,1,100,-17505.400391
1752788493.441303,794399.000,63422,3,EL,1,100,-17505.800781
1752788493.507304,794465.000,63438,1,EL,1,100,-17505.000000
1752788493.574304,794532.000,63454,2,EL,1,100,-17507.599609
1752788493.641305,794599.000,63454,2,EL,1,100,-17507.800781
1752788493.707305,794665.000,63470,1,EL,1,100,-17512.199219
1752788493.774306,794732.000,63489,2,EL,1,100,-17508.599609
1752788493.841306,794799.000,63489,2,EL,1,100,-17507.400391
1752788493.907307,794865.000,63506,1,EL,1,100,-17506.599609
1752788493.974308,794932.000,63521,2,EL,1,100,-17508.800781
1752788494.041308,794999.000,63521,2,EL,1,100,-17513.199219
1752788494.107309,795065.000,63537,1,EL,1,100,-17507.199219
1752788494.174309,795132.000,63555,2,EL,1,100,-17507.599609
1752788494.241310,795199.000,63555,2,EL,1,100,-17508.000000
1752788494.307310,795265.000,63571,1,EL,1,100,-17509.400391
1752788494.374311,795332.000,63588,2,EL,1,100,-17510.599609
1752788494.441311,795399.000,63588,2,EL,1,100,-17508.800781
1752788494.507312,795465.000,63604,1,EL,1,100,-17508.400391
1752788494.574313,795532.000,63622,2,EL,1,100,-17510.000000
1752788494.641313,795599.000,63622,2,EL,1,100,-17507.599609
1752788494.707314,795665.000,63638,1,EL,1,100,-17510.599609
1752788494.773814,795731.500,63653,2,EL,1,100,-17508.599609
1752788494.840315,795798.000,63653,2,EL,1,100,-17510.000000
1752788494.907315,795865.000,63670,1,EL,1,100,-17511.400391
1752788494.974316,795932.000,63689,2,EL,1,100,-17509.800781
1752788495.041316,795999.000,63689,2,EL,1,100,-17519.000000
1752788495.107317,796065.000,63705,1,EL,1,100,-17508.199219
1752788495.173817,796131.500,63722,2,EL,1,100,-17509.400391
1752788495.240318,796198.000,63722,2,EL,1,100,-17510.199219
1752788495.307319,796265.000,63737,1,EL,1,100,-17509.599609
1752788495.373819,796331.500,63754,2,EL,1,100,-17507.400391
1752788495.440320,796398.000,63754,2,EL,1,100,-17511.400391
1752788495.507320,796465.000,63773,2,EL,1,100,-17512.199219
1752788495.574321,796532.000,63773,2,EL,1,100,-17509.000000
1752788495.640321,796598.000,63790,1,EL,1,100,-17516.199219
1752788495.707322,796665.000,63804,2,EL,1,100,-17513.599609
1752788495.774322,796732.000,63804,2,EL,1,100,-17509.400391
1752788495.840323,796798.000,63821,1,EL,1,100,-17509.800781
1752788495.907324,796865.000,63840,2,EL,1,100,-17511.800781
1752788495.974324,796932.000,63840,2,EL,1,100,-17512.400391
1752788496.040325,796998.000,63857,1,EL,1,100,-17510.800781
1752788496.107325,797065.000,63873,2,EL,1,100,-17510.800781
1752788496.174326,797132.000,63873,2,EL,1,100,-17511.000000
1752788496.240326,797198.000,63891,1,EL,1,100,-17512.199219
1752788496.307327,797265.000,63907,2,EL,1,100,-17514.199219
1752788496.374327,797332.000,63907,2,EL,1,100,-17512.800781
1752788496.440328,797398.000,63924,1,EL,1,100,-17513.400391
1752788496.507328,797465.000,63939,2,EL,1,100,-17514.199219
1752788496.574329,797532.000,63939,2,EL,1,100,-17512.599609
1752788496.640330,797598.000,63958,1,EL,1,100,-17521.000000
1752788496.707330,797665.000,63974,2,EL,1,100,-17519.000000
1752788496.774331,797732.000,63974,2,EL,1,100,-17513.400391
1752788496.840331,797798.000,63991,1,EL,1,100,-17515.000000
1752788496.907332,797865.000,64006,2,EL,1,100,-17515.199219
1752788496.974332,797932.000,64006,2,EL,1,100,-17515.800781
1752788497.040933,797998.600,64026,5,EL,1,100,-17515.000000
1752788497.107533,798065.200,64026,5,EL,1,100,-17514.400391
1752788497.174134,798131.800,64026,5,EL,1,100,-17515.400391
1752788497.240735,798198.400,64026,5,EL,1,100,-17512.800781
1752788497.307335,798265.000,64026,5,EL,1,100,-17512.000000
1752788497.374086,798331.750,64044,4,EL,1,100,-17515.400391
1752788497.440836,798398.500,64044,4,EL,1,100,-17515.800781
1752788497.507587,798465.250,64044,4,EL,1,100,-17515.800781
1752788497.574337,798532.000,64044,4,EL,1,100,-17520.199219
1752788497.640338,798598.000,64060,1,EL,1,100,-17522.599609
1752788497.707338,798665.000,64075,2,EL,1,100,-17519.000000
1752788497.774339,798732.000,64075,2,EL,1,100,-17517.599609
1752788497.840339,798798.000,64091,1,EL,1,100,-17516.400391
1752788497.907340,798865.000,64111,2,EL,1,100,-17519.599609
1752788497.974341,798932.000,64111,2,EL,1,100,-17524.000000
1752788498.040341,798998.000,64127,1,EL,1,100,-17515.199219
1752788498.106842,799064.500,64142,2,EL,1,100,-17515.400391
1752788498.173342,799131.000,64142,2,EL,1,100,-17513.800781
1752788498.240343,799198.000,64159,1,EL,1,100,-17517.400391
1752788498.307343,799265.000,64176,2,EL,1,100,-17519.599609
1752788498.374344,799332.000,64176,2,EL,1,100,-17525.000000
1752788498.440844,799398.500,64197,2,EL,1,100,-17517.599609
1752788498.507345,799465.000,64197,2,EL,1,100,-17519.400391
1752788498.573846,799531.500,64217,2,EL,1,100,-17518.800781
1752788498.640346,799598.000,64217,2,EL,1,100,-17524.599609
1752788498.707347,799665.000,64233,1,EL,1,100,-17517.000000
1752788498.773847,799731.500,64248,2,EL,1,100,-17518.199219
1752788498.840348,799798.000,64248,2,EL,1,100,-17522.400391
1752788498.907348,799865.000,64265,1,EL,1,100,-17520.800781
1752788498.973849,799931.500,64282,2,EL,1,100,-17519.000000
1752788499.040349,799998.000,64282,2,EL,1,100,-17523.599609
1752788499.107350,800065.000,64300,1,EL,1,100,-17518.800781
1752788499.173850,800131.500,64316,2,EL,1,100,-17518.400391
1752788499.240351,800198.000,64316,2,EL,1,100,-17522.800781
1752788499.307352,800265.000,64332,1,EL,1,100,-17518.599609
1752788499.373852,800331.500,64349,2,EL,1,100,-17521.599609
1752788499.440353,800398.000,64349,2,EL,1,100,-17526.000000
1752788499.507353,800465.000,64365,1,EL,1,100,-17518.599609
1752788499.573854,800531.500,64381,2,EL,1,100,-17519.400391
1752788499.640354,800598.000,64381,2,EL,1,100,-17525.800781
1752788499.707355,800665.000,64399,1,EL,1,100,-17520.000000
1752788499.773855,800731.500,64416,2,EL,1,100,-17521.000000
1752788499.840356,800798.000,64416,2,EL,1,100,-17529.000000
1752788499.907357,800865.000,64433,1,EL,1,100,-17520.599609
1752788499.973857,800931.500,64449,2,EL,1,100,-17522.199219
1752788500.040358,800998.000,64449,2,EL,1,100,-17532.800781
1752788500.107358,801065.000,64464,1,EL,1,100,-17525.199219
1752788500.173859,801131.500,64484,2,EL,1,100,-17520.199219
1752788500.240359,801198.000,64484,2,EL,1,100,-17529.199219
1752788500.307360,801265.000,64500,1,EL,1,100,-17521.800781
1752788500.373860,801331.500,64516,2,EL,1,100,-17521.599609
1752788500.440361,801398.000,64516,2,EL,1,100,-17531.599609
1752788500.506861,801464.500,64532,2,EL,1,100,-17523.199219
1752788500.573362,801531.000,64532,2,EL,1,100,-17522.400391
1752788500.640363,801598.000,64549,1,EL,1,100,-17528.400391
1752788500.706863,801664.500,64565,2,EL,1,100,-17521.599609
1752788500.773364,801731.000,64565,2,EL,1,100,-17519.199219
1752788500.840364,801798.000,64584,1,EL,1,100,-17532.000000
1752788500.906865,801864.500,64601,2,EL,1,100,-17525.599609
1752788500.973365,801931.000,64601,2,EL,1,100,-17523.599609
1752788501.040366,801998.000,64618,1,EL,1,100,-17531.199219
1752788501.106866,802064.500,64634,2,EL,1,100,-17524.599609
1752788501.173367,802131.000,64634,2,EL,1,100,-17521.199219
1752788501.240367,802198.000,64652,1,EL,1,100,-17530.400391
1752788501.306868,802264.500,64666,2,EL,1,100,-17527.199219
1752788501.373369,802331.000,64666,2,EL,1,100,-17527.000000
1752788501.440369,802398.000,64685,1,EL,1,100,-17525.599609
1752788501.506870,802464.500,64702,2,EL,1,100,-17518.800781
1752788501.573370,802531.000,64702,2,EL,1,100,-17521.599609
1752788501.640371,802598.000,64719,1,EL,1,100,-17524.400391
1752788501.706871,802664.500,64733,2,EL,1,100,-17524.000000
1752788501.773372,802731.000,64733,2,EL,1,100,-17524.599609
1752788501.840372,802798.000,64750,1,EL,1,100,-17525.599609
1752788501.906873,802864.500,64767,2,EL,1,100,-17524.400391
1752788501.973374,802931.000,64767,2,EL,1,100,-17523.199219
1752788502.040374,802998.000,64786,1,EL,1,100,-17526.800781
1752788502.106875,803064.500,64800,2,EL,1,100,-17525.000000
1752788502.173375,803131.000,64800,2,EL,1,100,-17526.599609
1752788502.240376,803198.000,64818,1,EL,1,100,-17534.000000
1752788502.306876,803264.500,64834,2,EL,1,100,-17531.800781
1752788502.373377,803331.000,64834,2,EL,1,100,-17525.000000
1752788502.440377,803398.000,64851,1,EL,1,100,-17533.199219
1752788502.506878,803464.500,64867,2,EL,1,100,-17529.800781
1752788502.573378,803531.000,64867,2,EL,1,100,-17523.800781
1752788502.640379,803598.000,64885,1,EL,1,100,-17525.000000
1752788502.706880,803664.500,64901,2,EL,1,100,-17523.800781
1752788502.773380,803731.000,64901,2,EL,1,100,-17527.800781
1752788502.839881,803797.500,64919,2,EL,1,100,-17533.000000
1752788502.906381,803864.000,64919,2,EL,1,100,-17535.199219
1752788502.973382,803931.000,64935,1,EL,1,100,-17537.599609
1752788503.039882,803997.500,64950,2,EL,1,100,-17513.800781
1752788503.106383,804064.000,64950,2,EL,1,100,-17497.800781
1752788503.173383,804131.000,64968,1,EL,1,100,-17522.599609
1752788503.239884,804197.500,64986,2,EL,1,100,-17535.000000
1752788503.306385,804264.000,64986,2,EL,1,100,-17536.800781
1752788503.373385,804331.000,65002,1,EL,1,100,-17527.400391
1752788503.439886,804397.500,65017,2,EL,1,100,-17531.800781
1752788503.506386,804464.000,65017,2,EL,1,100,-17533.599609
1752788503.573387,804531.000,65040,2,EL,1,100,-17528.599609
1752788503.640387,804598.000,65040,2,EL,1,100,-17529.199219
1752788503.706388,804664.000,65058,1,EL,1,100,-17528.199219
1752788503.773388,804731.000,65075,2,EL,1,100,-17529.199219
1752788503.840389,804798.000,65075,2,EL,1,100,-17539.599609
1752788503.906389,804864.000,65092,1,EL,1,100,-17534.599609
1752788503.973390,804931.000,65108,2,EL,1,100,-17528.199219
1752788504.040391,804998.000,65108,2,EL,1,100,-17527.599609
1752788504.106391,805064.000,65123,1,EL,1,100,-17529.599609
1752788504.173392,805131.000,65143,2,EL,1,100,-17528.599609
1752788504.240392,805198.000,65143,2,EL,1,100,-17536.199219
1752788504.306893,805264.500,65159,2,EL,1,100,-17532.000000
1752788504.373393,805331.000,65159,2,EL,1,100,-17530.400391
1752788504.440394,805398.000,65176,1,EL,1,100,-17536.599609
1752788504.506894,805464.500,65191,2,EL,1,100,-17532.000000
1752788504.573395,805531.000,65191,2,EL,1,100,-17529.599609
1752788504.640396,805598.000,65208,1,EL,1,100,-17534.599609
1752788504.706896,805664.500,65224,2,EL,1,100,-17532.000000
1752788504.773397,805731.000,65224,2,EL,1,100,-17528.599609
1752788504.839397,805797.000,65243,1,EL,1,100,-17538.000000
1752788504.906398,805864.000,65258,2,EL,1,100,-17533.000000
1752788504.973398,805931.000,65258,2,EL,1,100,-17528.800781
1752788505.039399,805997.000,65275,1,EL,1,100,-17528.400391
1752788505.106399,806064.000,65291,2,EL,1,100,-17530.800781
1752788505.173400,806131.000,65291,2,EL,1,100,-17533.000000
1752788505.239400,806197.000,65309,1,EL,1,100,-17542.599609
1752788505.306401,806264.000,65323,2,EL,1,100,-17535.400391
1752788505.373402,806331.000,65323,2,EL,1,100,-17526.599609
1752788505.440402,806398.000,65342,1,EL,1,100,-17533.400391
1752788505.506903,806464.500,65359,2,EL,1,100,-17536.400391
1752788505.573403,806531.000,65359,2,EL,1,100,-17531.800781
1752788505.639404,806597.000,65376,1,EL,1,100,-17533.400391
1752788505.706404,806664.000,65390,2,EL,1,100,-17535.400391
1752788505.773405,806731.000,65390,2,EL,1,100,-17533.199219
1752788505.839405,806797.000,65407,1,EL,1,100,-17541.000000
1752788505.906406,806864.000,65428,2,EL,1,100,-17539.599609
1752788505.973407,806931.000,65428,2,EL,1,100,-17532.400391
1752788506.040407,806998.000,65445,1,EL,1,100,-17533.000000
1752788506.106908,807064.500,65460,2,EL,1,100,-17534.400391
1752788506.173408,807131.000,65460,2,EL,1,100,-17532.599609
1752788506.239409,807197.000,65477,1,EL,1,100,-17536.599609
1752788506.306409,807264.000,65493,2,EL,1,100,-17537.400391
1752788506.373410,807331.000,65493,2,EL,1,100,-17532.400391
1752788506.439410,807397.000,65510,1,EL,1,100,-17535.000000
1752788506.506411,807464.000,65528,2,EL,1,100,-17536.800781
1752788506.573411,807531.000,65528,2,EL,1,100,-17532.000000
1752788506.639912,807597.500,8,2,EL,1,100,-17535.599609
1752788506.706413,807664.000,8,2,EL,1,100,-17537.800781
1752788506.773413,807731.000,24,1,EL,1,100,-17535.599609
1752788506.839914,807797.500,42,2,EL,1,100,-17542.199219
1752788506.906414,807864.000,42,2,EL,1,100,-17543.400391
1752788506.973415,807931.000,58,1,EL,1,100,-17533.400391
1752788507.039915,807997.500,75,2,EL,1,100,-17533.000000
1752788507.106416,808064.000,75,2,EL,1,100,-17538.400391
1752788507.173416,808131.000,91,1,EL,1,100,-17535.800781
1752788507.239917,808197.500,109,2,EL,1,100,-17539.800781
1752788507.306417,808264.000,109,2,EL,1,100,-17544.800781
1752788507.373418,808331.000,125,1,EL,1,100,-17535.000000
1752788507.439919,808397.500,140,2,EL,1,100,-17539.199219
1752788507.506419,808464.000,140,2,EL,1,100,-17544.599609
1752788507.573420,808531.000,157,1,EL,1,100,-17535.800781
1752788507.639920,808597.500,176,2,EL,1,100,-17535.599609
1752788507.706421,808664.000,176,2,EL,1,100,-17544.000000
1752788507.773421,808731.000,192,1,EL,1,100,-17538.199219
1752788507.839922,808797.500,208,2,EL,1,100,-17538.599609
1752788507.906422,808864.000,208,2,EL,1,100,-17545.599609
1752788507.973423,808931.000,224,1,EL,1,100,-17535.000000
1752788508.039924,808997.500,241,2,EL,1,100,-17536.599609
1752788508.106424,809064.000,241,2,EL,1,100,-17537.599609
1752788508.173425,809131.000,257,1,EL,1,100,-17537.400391
1752788508.239925,809197.500,275,2,EL,1,100,-17538.599609
1752788508.306426,809264.000,275,2,EL,1,100,-17548.599609
1752788508.373426,809331.000,291,1,EL,1,100,-17538.599609
1752788508.439927,809397.500,308,2,EL,1,100,-17536.000000
1752788508.506427,809464.000,308,2,EL,1,100,-17544.199219
1752788508.573428,809531.000,325,1,EL,1,100,-17537.599609
1752788508.639928,809597.500,346,2,EL,1,100,-17534.599609
1752788508.706429,809664.000,346,2,EL,1,100,-17546.800781
1752788508.772930,809730.500,363,2,EL,1,100,-17539.000000
1752788508.839430,809797.000,363,2,EL,1,100,-17535.400391
1752788508.906431,809864.000,381,1,EL,1,100,-17540.199219
1752788508.972931,809930.500,397,2,EL,1,100,-17539.599609
1752788509.039432,809997.000,397,2,EL,1,100,-17539.199219
1752788509.106432,810064.000,414,1,EL,1,100,-17538.599609
1752788509.172933,810130.500,429,2,EL,1,100,-17540.000000
1752788509.239433,810197.000,429,2,EL,1,100,-17538.800781
1752788509.306434,810264.000,446,1,EL,1,100,-17548.000000
1752788509.372935,810330.500,464,2,EL,1,100,-17541.400391
1752788509.439435,810397.000,464,2,EL,1,100,-17539.400391
1752788509.506436,810464.000,481,1,EL,1,100,-17546.800781
1752788509.572936,810530.500,496,2,EL,1,100,-17543.000000
1752788509.639437,810597.000,496,2,EL,1,100,-17538.800781
1752788509.706437,810664.000,513,1,EL,1,100,-17550.800781
1752788509.772938,810730.500,529,2,EL,1,100,-17543.599609
1752788509.839438,810797.000,529,2,EL,1,100,-17539.199219
1752788509.906439,810864.000,549,1,EL,1,100,-17548.000000
1752788509.972939,810930.500,563,2,EL,1,100,-17543.199219
1752788510.039440,810997.000,563,2,EL,1,100,-17539.000000
1752788510.106441,811064.000,580,1,EL,1,100,-17538.000000
1752788510.172941,811130.500,597,2,EL,1,100,-17539.599609
1752788510.239442,811197.000,597,2,EL,1,100,-17539.800781
1752788510.306442,811264.000,614,1,EL,1,100,-17544.800781
1752788510.372943,811330.500,628,2,EL,1,100,-17545.199219
1752788510.439443,811397.000,628,2,EL,1,100,-17540.599609
1752788510.506444,811464.000,647,1,EL,1,100,-17545.599609
1752788510.572944,811530.500,664,2,EL,1,100,-17544.400391
1752788510.639445,811597.000,664,2,EL,1,100,-17541.199219
1752788510.706446,811664.000,681,1,EL,1,100,-17548.400391
1752788510.772946,811730.500,696,2,EL,1,100,-17548.599609
1752788510.839447,811797.000,696,2,EL,1,100,-17542.199219
1752788510.906447,811864.000,713,1,EL,1,100,-17546.599609
1752788510.972948,811930.500,733,2,EL,1,100,-17544.199219
1752788511.039448,811997.000,733,2,EL,1,100,-17539.199219
1752788511.106449,812064.000,750,1,EL,1,100,-17542.000000
1752788511.172949,812130.500,766,2,EL,1,100,-17540.400391
1752788511.239450,812197.000,766,2,EL,1,100,-17541.800781
1752788511.305950,812263.500,782,2,EL,1,100,-17549.199219
1752788511.372451,812330.000,782,2,EL,1,100,-17547.800781
1752788511.439452,812397.000,798,1,EL,1,100,-17544.800781
1752788511.505952,812463.500,816,2,EL,1,100,-17548.599609
1752788511.572453,812530.000,816,2,EL,1,100,-17549.400391
1752788511.639453,812597.000,834,1,EL,1,100,-17549.000000
1752788511.705954,812663.500,849,2,EL,1,100,-17549.599609
1752788511.772454,812730.000,849,2,EL,1,100,-17545.599609
1752788511.839455,812797.000,865,1,EL,1,100,-17542.599609
1752788511.905955,812863.500,883,2,EL,1,100,-17548.599609
1752788511.972456,812930.000,883,2,EL,1,100,-17550.599609
1752788512.039457,812997.000,899,1,EL,1,100,-17543.199219
1752788512.105957,813063.500,916,2,EL,1,100,-17545.000000
1752788512.172458,813130.000,916,2,EL,1,100,-17544.400391
1752788512.239458,813197.000,933,1,EL,1,100,-17548.400391
1752788512.305959,813263.500,950,2,EL,1,100,-17549.400391
1752788512.372459,813330.000,950,2,EL,1,100,-17552.400391
1752788512.439460,813397.000,966,1,EL,1,100,-17547.599609
1752788512.505960,813463.500,982,2,EL,1,100,-17547.000000
1752788512.572461,813530.000,982,2,EL,1,100,-17551.000000
1752788512.639461,813597.000,998,1,EL,1,100,-17549.800781
1752788512.705962,813663.500,1017,2,EL,1,100,-17549.599609
1752788512.772463,813730.000,1017,2,EL,1,100,-17551.800781
1752788512.839463,813797.000,1033,1,EL,1,100,-17546.599609
1752788512.905964,813863.500,1049,2,EL,1,100,-17548.199219
1752788512.972464,813930.000,1049,2,EL,1,100,-17556.000000
1752788513.039465,813997.000,1065,1,EL,1,100,-17547.199219
1752788513.105965,814063.500,1082,2,EL,1,100,-17543.800781
1752788513.172466,814130.000,1082,2,EL,1,100,-17548.800781
1752788513.239466,814197.000,1101,1,EL,1,100,-17549.800781
1752788513.305967,814263.500,1117,2,EL,1,100,-17551.400391
1752788513.372468,814330.000,1117,2,EL,1,100,-17555.000000
1752788513.439468,814397.000,1132,1,EL,1,100,-17548.800781
1752788513.505969,814463.500,1150,2,EL,1,100,-17549.000000
1752788513.572469,814530.000,1150,2,EL,1,100,-17554.800781
1752788513.639470,814597.000,1166,1,EL,1,100,-17548.000000
1752788513.705970,814663.500,1187,2,EL,1,100,-17549.800781
1752788513.772471,814730.000,1187,2,EL,1,100,-17554.599609
1752788513.838971,814796.500,1205,2,EL,1,100,-17549.199219
1752788513.905472,814863.000,1205,2,EL,1,100,-17546.800781
1752788513.972472,814930.000,1222,1,EL,1,100,-17559.599609
1752788514.038973,814996.500,1238,2,EL,1,100,-17549.800781
1752788514.105474,815063.000,1238,2,EL,1,100,-17547.599609
1752788514.172474,815130.000,1255,1,EL,1,100,-17551.400391
1752788514.238975,815196.500,1270,2,EL,1,100,-17551.599609
1752788514.305475,815263.000,1270,2,EL,1,100,-17552.000000
1752788514.372476,815330.000,1289,1,EL,1,100,-17560.000000
1752788514.438976,815396.500,1305,2,EL,1,100,-17551.000000
1752788514.505477,815463.000,1305,2,EL,1,100,-17551.800781
1752788514.572477,815530.000,1323,1,EL,1,100,-17559.000000
1752788514.638978,815596.500,1337,2,EL,1,100,-17551.000000
1752788514.705478,815663.000,1337,2,EL,1,100,-17552.800781
1752788514.772479,815730.000,1354,1,EL,1,100,-17560.800781
1752788514.838980,815796.500,1371,2,EL,1,100,-17553.800781
1752788514.905480,815863.000,1371,2,EL,1,100,-17553.800781
1752788514.972481,815930.000,1390,1,EL,1,100,-17559.000000
1752788515.038981,815996.500,1404,2,EL,1,100,-17554.199219
1752788515.105482,816063.000,1404,2,EL,1,100,-17549.599609
1752788515.172482,816130.000,1421,1,EL,1,100,-17548.599609
1752788515.238983,816196.500,1438,2,EL,1,100,-17549.599609
1752788515.305483,816263.000,1438,2,EL,1,100,-17552.599609
1752788515.372484,816330.000,1455,1,EL,1,100,-17550.000000
1752788515.438985,816396.500,1469,2,EL,1,100,-17549.800781
1752788515.505485,816463.000,1469,2,EL,1,100,-17556.599609
1752788515.572486,816530.000,1489,1,EL,1,100,-17560.199219
1752788515.638986,816596.500,1505,2,EL,1,100,-17558.000000
1752788515.705487,816663.000,1505,2,EL,1,100,-17555.199219
1752788515.772487,816730.000,1522,1,EL,1,100,-17560.199219
1752788515.838988,816796.500,1538,2,EL,1,100,-17557.000000
1752788515.905488,816863.000,1538,2,EL,1,100,-17557.000000
1752788515.972489,816930.000,1556,1,EL,1,100,-17559.000000
1752788516.038989,816996.500,1572,2,EL,1,100,-17555.400391
1752788516.105490,817063.000,1572,2,EL,1,100,-17551.199219
1752788516.171991,817129.500,1592,2,EL,1,100,-17555.000000
1752788516.238491,817196.000,1592,2,EL,1,100,-17556.000000
1752788516.305492,817263.000,1608,1,EL,1,100,-17557.199219
1752788516.371992,817329.500,1623,2,EL,1,100,-17552.199219
1752788516.438493,817396.000,1623,2,EL,1,100,-17551.800781
1752788516.505493,817463.000,1639,1,EL,1,100,-17557.800781
1752788516.571994,817529.500,1657,2,EL,1,100,-17560.800781
1752788516.638494,817596.000,1657,2,EL,1,100,-17563.800781
1752788516.705495,817663.000,1673,1,EL,1,100,-17554.199219
1752788516.771996,817729.500,1690,2,EL,1,100,-17554.000000
1752788516.838496,817796.000,1690,2,EL,1,100,-17554.400391
1752788516.905497,817863.000,1707,1,EL,1,100,-17556.199219
1752788516.971997,817929.500,1724,2,EL,1,100,-17559.400391
1752788517.038498,817996.000,1724,2,EL,1,100,-17562.599609
1752788517.105498,818063.000,1740,1,EL,1,100,-17551.800781
1752788517.171999,818129.500,1756,2,EL,1,100,-17554.199219
1752788517.238499,818196.000,1756,2,EL,1,100,-17563.199219
1752788517.305500,818263.000,1772,1,EL,1,100,-17558.599609
1752788517.372000,818329.500,1791,2,EL,1,100,-17556.400391
1752788517.438501,818396.000,1791,2,EL,1,100,-17554.400391
1752788517.505502,818463.000,1807,1,EL,1,100,-17559.000000
1752788517.572002,818529.500,1823,2,EL,1,100,-17559.199219
1752788517.638503,818596.000,1823,2,EL,1,100,-17555.000000
1752788517.705503,818663.000,1839,1,EL,1,100,-17560.000000
1752788517.772004,818729.500,1858,2,EL,1,100,-17559.599609
1752788517.838504,818796.000,1858,2,EL,1,100,-17566.199219
1752788517.905505,818863.000,1875,1,EL,1,100,-17560.800781
1752788517.972005,818929.500,1891,2,EL,1,100,-17561.400391
1752788518.038506,818996.000,1891,2,EL,1,100,-17554.800781
1752788518.105507,819063.000,1906,1,EL,1,100,-17555.599609
1752788518.172007,819129.500,1924,2,EL,1,100,-17555.800781
1752788518.238508,819196.000,1924,2,EL,1,100,-17557.599609
1752788518.305008,819262.500,1940,2,EL,1,100,-17557.800781
1752788518.371509,819329.000,1940,2,EL,1,100,-17557.800781
1752788518.438509,819396.000,1957,1,EL,1,100,-17559.000000
1752788518.505010,819462.500,1972,2,EL,1,100,-17559.400391
1752788518.571510,819529.000,1972,2,EL,1,100,-17558.800781
1752788518.638511,819596.000,1991,1,EL,1,100,-17566.400391
1752788518.705011,819662.500,2007,2,EL,1,100,-17559.199219
1752788518.771512,819729.000,2007,2,EL,1,100,-17559.199219
1752788518.838513,819796.000,2024,1,EL,1,100,-17557.400391
1752788518.905013,819862.500,2044,2,EL,1,100,-17557.400391
1752788518.971514,819929.000,2044,2,EL,1,100,-17562.000000
1752788519.038514,819996.000,2061,1,EL,1,100,-17559.599609
1752788519.105015,820062.500,2077,2,EL,1,100,-17557.800781
1752788519.171515,820129.000,2077,2,EL,1,100,-17558.800781
1752788519.238516,820196.000,2097,1,EL,1,100,-17561.800781
1752788519.305016,820262.500,2111,2,EL,1,100,-17563.599609
1752788519.371517,820329.000,2111,2,EL,1,100,-17560.199219
1752788519.438518,820396.000,2128,1,EL,1,100,-17561.199219
1752788519.505018,820462.500,2145,2,EL,1,100,-17561.199219
1752788519.571519,820529.000,2145,2,EL,1,100,-17565.599609
1752788519.638519,820596.000,2162,1,EL,1,100,-17562.599609
1752788519.705020,820662.500,2176,2,EL,1,100,-17561.400391
1752788519.771520,820729.000,2176,2,EL,1,100,-17561.199219
1752788519.838521,820796.000,2195,1,EL,1,100,-17561.400391
1752788519.905021,820862.500,2212,2,EL,1,100,-17562.000000
1752788519.971522,820929.000,2212,2,EL,1,100,-17565.400391
1752788520.038522,820996.000,2229,1,EL,1,100,-17564.000000
1752788520.105023,821062.500,2244,2,EL,1,100,-17560.199219
1752788520.171524,821129.000,2244,2,EL,1,100,-17560.800781
1752788520.238524,821196.000,2261,1,EL,1,100,-17563.400391
1752788520.305025,821262.500,2277,2,EL,1,100,-17563.199219
1752788520.371525,821329.000,2277,2,EL,1,100,-17564.599609
1752788520.438526,821396.000,2296,2,EL,1,100,-17566.000000
1752788520.505526,821463.000,2296,2,EL,1,100,-17564.800781
1752788520.571527,821529.000,2313,1,EL,1,100,-17571.800781
1752788520.638527,821596.000,2328,2,EL,1,100,-17569.599609
1752788520.705528,821663.000,2328,2,EL,1,100,-17566.599609
1752788520.771528,821729.000,2344,1,EL,1,100,-17564.199219
1752788520.838529,821796.000,2362,2,EL,1,100,-17564.400391
1752788520.905530,821863.000,2362,2,EL,1,100,-17567.000000
1752788520.971530,821929.000,2382,1,EL,1,100,-17570.800781
1752788521.038531,821996.000,2397,2,EL,1,100,-17567.000000
1752788521.105531,822063.000,2397,2,EL,1,100,-17561.800781
1752788521.171532,822129.000,2413,1,EL,1,100,-17564.000000
1752788521.238532,822196.000,2431,2,EL,1,100,-17564.599609
1752788521.305533,822263.000,2431,2,EL,1,100,-17564.800781
1752788521.371533,822329.000,2447,1,EL,1,100,-17566.599609
1752788521.438034,822395.500,2462,2,EL,1,100,-17567.199219
1752788521.504535,822462.000,2462,2,EL,1,100,-17565.199219
1752788521.571535,822529.000,2481,1,EL,1,100,-17567.000000
1752788521.638536,822596.000,2498,2,EL,1,100,-17566.400391
1752788521.705536,822663.000,2498,2,EL,1,100,-17569.800781
1752788521.771537,822729.000,2514,1,EL,1,100,-17566.199219
1752788521.838037,822795.500,2530,2,EL,1,100,-17564.800781
1752788521.904538,822862.000,2530,2,EL,1,100,-17567.000000
1752788521.971538,822929.000,2546,1,EL,1,100,-17569.599609
1752788522.038039,822995.500,2563,2,EL,1,100,-17568.400391
1752788522.104539,823062.000,2563,2,EL,1,100,-17566.000000
1752788522.171540,823129.000,2581,1,EL,1,100,-17566.199219
1752788522.238541,823196.000,2597,2,EL,1,100,-17565.000000
1752788522.305541,823263.000,2597,2,EL,1,100,-17566.199219
1752788522.371542,823329.000,2613,1,EL,1,100,-17567.400391
1752788522.438042,823395.500,2630,2,EL,1,100,-17567.800781
1752788522.504543,823462.000,2630,2,EL,1,100,-17566.800781
1752788522.571543,823529.000,2647,2,EL,1,100,-17568.000000
1752788522.638544,823596.000,2647,2,EL,1,100,-17570.400391
1752788522.704544,823662.000,2664,1,EL,1,100,-17568.800781
1752788522.771545,823729.000,2680,2,EL,1,100,-17569.800781
1752788522.838546,823796.000,2680,2,EL,1,100,-17569.199219
1752788522.904546,823862.000,2698,1,EL,1,100,-17570.800781
1752788522.971547,823929.000,2714,2,EL,1,100,-17569.400391
1752788523.038547,823996.000,2714,2,EL,1,100,-17567.000000
1752788523.104548,824062.000,2731,1,EL,1,100,-17569.199219
1752788523.171548,824129.000,2746,2,EL,1,100,-17571.400391
1752788523.238549,824196.000,2746,2,EL,1,100,-17570.199219
1752788523.304549,824262.000,2763,1,EL,1,100,-17578.400391
1752788523.371550,824329.000,2779,2,EL,1,100,-17571.599609
1752788523.438550,824396.000,2779,2,EL,1,100,-17569.800781
1752788523.504551,824462.000,2798,1,EL,1,100,-17578.199219
1752788523.571552,824529.000,2813,2,EL,1,100,-17573.400391
1752788523.638552,824596.000,2813,2,EL,1,100,-17568.800781
1752788523.704553,824662.000,2830,1,EL,1,100,-17569.800781
1752788523.771553,824729.000,2846,2,EL,1,100,-17570.400391
1752788523.838554,824796.000,2846,2,EL,1,100,-17571.599609
1752788523.904554,824862.000,2864,1,EL,1,100,-17570.599609
1752788523.971555,824929.000,2885,2,EL,1,100,-17570.599609
1752788524.038555,824996.000,2885,2,EL,1,100,-17570.400391
1752788524.104556,825062.000,2902,1,EL,1,100,-17569.599609
1752788524.171557,825129.000,2919,2,EL,1,100,-17571.400391
1752788524.238557,825196.000,2919,2,EL,1,100,-17573.199219
1752788524.304558,825262.000,2936,1,EL,1,100,-17578.599609
1752788524.371558,825329.000,2950,2,EL,1,100,-17573.800781
1752788524.438559,825396.000,2950,2,EL,1,100,-17573.000000
1752788524.504559,825462.000,2969,1,EL,1,100,-17573.800781
1752788524.571560,825529.000,2986,2,EL,1,100,-17566.800781
1752788524.638560,825596.000,2986,2,EL,1,100,-17565.599609
1752788524.704561,825662.000,3003,1,EL,1,100,-17568.599609
1752788524.771061,825728.500,3018,2,EL,1,100,-17572.400391
1752788524.837562,825795.000,3018,2,EL,1,100,-17576.000000
1752788524.904563,825862.000,3035,1,EL,1,100,-17578.000000
1752788524.971063,825928.500,3051,2,EL,1,100,-17579.199219
1752788525.037564,825995.000,3051,2,EL,1,100,-17591.000000
1752788525.104564,826062.000,3070,2,EL,1,100,-17602.400391
1752788525.171565,826129.000,3070,2,EL,1,100,-17570.800781
1752788525.237565,826195.000,3089,1,EL,1,100,-17572.800781
1752788525.304566,826262.000,3104,2,EL,1,100,-17573.000000
1752788525.371566,826329.000,3104,2,EL,1,100,-17573.400391
1752788525.437567,826395.000,3120,1,EL,1,100,-17570.000000
1752788525.504568,826462.000,3138,2,EL,1,100,-17573.400391
1752788525.571568,826529.000,3138,2,EL,1,100,-17574.599609
1752788525.637569,826595.000,3154,1,EL,1,100,-17574.000000
1752788525.704569,826662.000,3169,2,EL,1,100,-17574.599609
1752788525.771570,826729.000,3169,2,EL,1,100,-17573.000000
1752788525.837570,826795.000,3187,1,EL,1,100,-17574.599609
1752788525.904571,826862.000,3207,2,EL,1,100,-17579.199219
1752788525.971571,826929.000,3207,2,EL,1,100,-17580.199219
1752788526.037572,826995.000,3223,1,EL,1,100,-17570.199219
1752788526.104572,827062.000,3238,2,EL,1,100,-17571.400391
1752788526.171573,827129.000,3238,2,EL,1,100,-17571.199219
1752788526.237574,827195.000,3255,1,EL,1,100,-17576.400391
1752788526.304574,827262.000,3274,2,EL,1,100,-17577.199219
1752788526.371575,827329.000,3274,2,EL,1,100,-17581.000000
1752788526.437575,827395.000,3290,1,EL,1,100,-17574.199219
1752788526.504576,827462.000,3306,2,EL,1,100,-17574.400391
1752788526.571576,827529.000,3306,2,EL,1,100,-17581.400391
1752788526.637577,827595.000,3322,1,EL,1,100,-17573.599609
1752788526.704577,827662.000,3339,2,EL,1,100,-17572.599609
1752788526.771578,827729.000,3339,2,EL,1,100,-17574.400391
1752788526.837579,827795.000,3355,1,EL,1,100,-17574.000000
1752788526.904579,827862.000,3373,2,EL,1,100,-17575.000000
1752788526.971580,827929.000,3373,2,EL,1,100,-17575.400391
1752788527.037580,827995.000,3389,1,EL,1,100,-17575.400391
1752788527.104581,828062.000,3406,2,EL,1,100,-17575.599609
1752788527.171581,828129.000,3406,2,EL,1,100,-17575.599609
1752788527.237582,828195.000,3423,1,EL,1,100,-17577.400391
1752788527.304582,828262.000,3439,2,EL,1,100,-17576.599609
1752788527.371583,828329.000,3439,2,EL,1,100,-17585.400391
1752788527.438083,828395.500,3456,2,EL,1,100,-17577.800781
1752788527.504584,828462.000,3456,2,EL,1,100,-17576.599609
1752788527.571585,828529.000,3474,1,EL,1,100,-17587.000000
1752788527.638085,828595.500,3490,2,EL,1,100,-17578.000000
1752788527.704586,828662.000,3490,2,EL,1,100,-17575.599609
1752788527.771586,828729.000,3507,1,EL,1,100,-17576.599609
1752788527.838087,828795.500,3522,2,EL,1,100,-17576.400391
1752788527.904587,828862.000,3522,2,EL,1,100,-17576.599609
1752788527.971588,828929.000,3539,1,EL,1,100,-17578.000000
1752788528.038088,828995.500,3557,2,EL,1,100,-17578.800781
1752788528.104589,829062.000,3557,2,EL,1,100,-17579.599609
1752788528.170589,829128.000,3574,1,EL,1,100,-17579.199219
1752788528.237590,829195.000,3589,2,EL,1,100,-17578.199219
1752788528.304591,829262.000,3589,2,EL,1,100,-17577.599609
1752788528.371591,829329.000,3606,1,EL,1,100,-17588.199219
1752788528.438092,829395.500,3622,2,EL,1,100,-17581.199219
1752788528.504592,829462.000,3622,2,EL,1,100,-17574.800781
1752788528.571593,829529.000,3640,1,EL,1,100,-17571.800781
1752788528.638093,829595.500,3656,2,EL,1,100,-17578.199219
1752788528.704594,829662.000,3656,2,EL,1,100,-17580.000000
1752788528.770594,829728.000,3673,1,EL,1,100,-17589.599609
1752788528.837595,829795.000,3690,2,EL,1,100,-17582.199219
1752788528.904596,829862.000,3690,2,EL,1,100,-17578.199219
1752788528.971596,829929.000,3707,1,EL,1,100,-17582.000000
1752788529.038097,829995.500,3721,2,EL,1,100,-17579.199219
1752788529.104597,830062.000,3721,2,EL,1,100,-17575.400391
1752788529.170598,830128.000,3745,1,EL,1,100,-17577.199219
1752788529.237598,830195.000,3762,2,EL,1,100,-17577.400391
1752788529.304599,830262.000,3762,2,EL,1,100,-17581.000000
1752788529.371599,830329.000,3779,1,EL,1,100,-17589.199219
1752788529.438100,830395.500,3793,2,EL,1,100,-17584.000000
1752788529.504600,830462.000,3793,2,EL,1,100,-17579.000000
1752788529.570601,830528.000,3811,1,EL,1,100,-17578.400391
1752788529.637602,830595.000,3827,2,EL,1,100,-17577.199219
1752788529.704602,830662.000,3827,2,EL,1,100,-17577.800781
1752788529.770603,830728.000,3846,1,EL,1,100,-17584.800781
1752788529.837603,830795.000,3862,2,EL,1,100,-17582.000000
1752788529.904604,830862.000,3862,2,EL,1,100,-17581.800781
1752788529.971104,830928.500,3878,2,EL,1,100,-17584.800781
1752788530.037605,830995.000,3878,2,EL,1,100,-17584.599609
1752788530.104605,831062.000,3894,1,EL,1,100,-17578.000000
1752788530.171106,831128.500,3912,2,EL,1,100,-17579.400391
1752788530.237607,831195.000,3912,2,EL,1,100,-17583.400391
1752788530.304607,831262.000,3930,1,EL,1,100,-17584.000000
1752788530.371108,831328.500,3945,2,EL,1,100,-17583.599609
1752788530.437608,831395.000,3945,2,EL,1,100,-17580.000000
1752788530.504609,831462.000,3961,1,EL,1,100,-17582.599609
1752788530.571109,831528.500,3979,2,EL,1,100,-17583.800781
1752788530.637610,831595.000,3979,2,EL,1,100,-17582.000000
1752788530.704610,831662.000,3995,1,EL,1,100,-17581.400391
1752788530.771111,831728.500,4010,2,EL,1,100,-17581.400391
1752788530.837611,831795.000,4010,2,EL,1,100,-17589.800781
1752788530.904612,831862.000,4027,1,EL,1,100,-17586.400391
1752788530.971113,831928.500,4048,2,EL,1,100,-17586.000000
1752788531.037613,831995.000,4048,2,EL,1,100,-17589.800781
1752788531.104614,832062.000,4064,1,EL,1,100,-17585.400391
1752788531.171114,832128.500,4080,2,EL,1,100,-17584.000000
1752788531.237615,832195.000,4080,2,EL,1,100,-17583.000000
1752788531.304615,832262.000,4096,1,EL,1,100,-17584.599609
1752788531.371116,832328.500,4113,2,EL,1,100,-17585.000000
1752788531.437616,832395.000,4113,2,EL,1,100,-17586.000000
1752788531.504617,832462.000,4131,1,EL,1,100,-17587.000000
1752788531.571118,832528.500,4147,2,EL,1,100,-17590.800781
1752788531.637618,832595.000,4147,2,EL,1,100,-17588.599609
1752788531.703619,832661.000,4163,1,EL,1,100,-17589.000000
1752788531.770619,832728.000,4180,2,EL,1,100,-17590.000000
1752788531.837620,832795.000,4180,2,EL,1,100,-17590.599609
1752788531.904620,832862.000,4197,1,EL,1,100,-17590.800781
1752788531.971121,832928.500,4213,2,EL,1,100,-17591.000000
1752788532.037621,832995.000,4213,2,EL,1,100,-17592.800781
1752788532.103622,833061.000,4230,1,EL,1,100,-17593.400391
1752788532.170622,833128.000,4248,2,EL,1,100,-17593.599609
1752788532.237623,833195.000,4248,2,EL,1,100,-17593.400391
1752788532.304624,833262.000,4264,1,EL,1,100,-17591.599609
1752788532.371124,833328.500,4280,2,EL,1,100,-17589.400391
1752788532.437625,833395.000,4280,2,EL,1,100,-17591.000000
1752788532.504125,833461.500,4296,2,EL,1,100,-17592.000000
1752788532.570626,833528.000,4296,2,EL,1,100,-17591.800781
1752788532.637626,833595.000,4313,1,EL,1,100,-17593.199219
1752788532.704127,833661.500,4331,2,EL,1,100,-17592.000000
1752788532.770627,833728.000,4331,2,EL,1,100,-17582.199219
1752788532.837628,833795.000,4348,1,EL,1,100,-17576.000000
1752788532.904129,833861.500,4363,2,EL,1,100,-17565.800781
1752788532.970629,833928.000,4363,2,EL,1,100,-17545.599609
1752788533.037630,833995.000,4380,1,EL,1,100,-17526.599609
1752788533.104130,834061.500,4396,2,EL,1,100,-17510.599609
1752788533.170631,834128.000,4396,2,EL,1,100,-17507.000000
1752788533.237631,834195.000,4414,1,EL,1,100,-17514.599609
1752788533.304132,834261.500,4430,2,EL,1,100,-17512.199219
1752788533.370632,834328.000,4430,2,EL,1,100,-17513.800781
1752788533.437633,834395.000,4447,1,EL,1,100,-17513.400391
1752788533.504133,834461.500,4464,2,EL,1,100,-17516.000000
1752788533.570634,834528.000,4464,2,EL,1,100,-17523.199219
1752788533.637635,834595.000,4481,1,EL,1,100,-17527.800781
1752788533.704135,834661.500,4495,2,EL,1,100,-17525.599609
1752788533.770636,834728.000,4495,2,EL,1,100,-17524.800781
1752788533.837636,834795.000,4512,1,EL,1,100,-17533.199219
1752788533.904137,834861.500,4531,2,EL,1,100,-17531.199219
1752788533.970637,834928.000,4531,2,EL,1,100,-17533.800781
1752788534.037638,834995.000,4548,1,EL,1,100,-17536.800781
1752788534.104138,835061.500,4562,2,EL,1,100,-17536.800781
1752788534.170639,835128.000,4562,2,EL,1,100,-17534.000000
1752788534.237640,835195.000,4585,1,EL,1,100,-17544.599609
1752788534.304140,835261.500,4601,2,EL,1,100,-17541.800781
1752788534.370641,835328.000,4601,2,EL,1,100,-17537.599609
1752788534.437641,835395.000,4618,1,EL,1,100,-17542.400391
1752788534.504142,835461.500,4636,2,EL,1,100,-17544.400391
1752788534.570642,835528.000,4636,2,EL,1,100,-17545.400391
1752788534.637643,835595.000,4652,1,EL,1,100,-17542.599609
1752788534.704143,835661.500,4668,2,EL,1,100,-17542.000000
1752788534.770644,835728.000,4668,2,EL,1,100,-17549.000000
1752788534.837144,835794.500,4686,2,EL,1,100,-17552.599609
1752788534.903645,835861.000,4686,2,EL,1,100,-17552.000000
1752788534.970646,835928.000,4702,1,EL,1,100,-17552.000000
1752788535.037146,835994.500,4717,2,EL,1,100,-17550.800781
1752788535.103647,836061.000,4717,2,EL,1,100,-17547.199219
1752788535.170647,836128.000,4735,1,EL,1,100,-17551.199219
1752788535.237148,836194.500,4753,2,EL,1,100,-17558.000000
1752788535.303648,836261.000,4753,2,EL,1,100,-17558.400391
1752788535.370649,836328.000,4771,1,EL,1,100,-17553.199219
1752788535.437149,836394.500,4786,2,EL,1,100,-17559.199219
1752788535.503650,836461.000,4786,2,EL,1,100,-17559.199219
1752788535.570650,836528.000,4803,1,EL,1,100,-17556.800781
1752788535.637151,836594.500,4820,2,EL,1,100,-17558.000000
1752788535.703652,836661.000,4820,2,EL,1,100,-17561.400391
1752788535.770652,836728.000,4840,1,EL,1,100,-17559.400391
1752788535.837153,836794.500,4856,2,EL,1,100,-17558.599609
1752788535.903653,836861.000,4856,2,EL,1,100,-17561.800781
1752788535.970654,836928.000,4874,1,EL,1,100,-17562.199219
1752788536.037154,836994.500,4893,2,EL,1,100,-17561.800781
1752788536.103655,837061.000,4893,2,EL,1,100,-17561.199219
1752788536.170655,837128.000,4909,1,EL,1,100,-17561.199219
1752788536.237156,837194.500,4925,2,EL,1,100,-17562.199219
1752788536.303657,837261.000,4925,2,EL,1,100,-17566.599609
1752788536.370657,837328.000,4943,1,EL,1,100,-17560.000000
1752788536.437158,837394.500,4960,2,EL,1,100,-17562.599609
1752788536.503658,837461.000,4960,2,EL,1,100,-17571.000000
1752788536.570659,837528.000,4977,1,EL,1,100,-17567.800781
1752788536.637159,837594.500,4992,2,EL,1,100,-17569.400391
1752788536.703660,837661.000,4992,2,EL,1,100,-17565.000000
1752788536.770660,837728.000,5008,1,EL,1,100,-17569.000000
1752788536.837161,837794.500,5026,2,EL,1,100,-17571.400391
1752788536.903661,837861.000,5026,2,EL,1,100,-17573.800781
1752788536.970662,837928.000,5046,1,EL,1,100,-17570.199219
1752788537.037163,837994.500,5062,2,EL,1,100,-17569.400391
1752788537.103663,838061.000,5062,2,EL,1,100,-17571.000000
1752788537.170164,838127.500,5078,2,EL,1,100,-17570.199219
1752788537.236664,838194.000,5078,2,EL,1,100,-17568.400391
1752788537.303665,838261.000,5095,1,EL,1,100,-17575.800781
1752788537.370165,838327.500,5111,2,EL,1,100,-17569.800781
1752788537.436666,838394.000,5111,2,EL,1,100,-17569.800781
1752788537.503666,838461.000,5128,1,EL,1,100,-17579.800781
1752788537.570167,838527.500,5143,2,EL,1,100,-17572.599609
1752788537.636668,838594.000,5143,2,EL,1,100,-17570.400391
1752788537.703668,838661.000,5162,1,EL,1,100,-17573.800781
1752788537.770169,838727.500,5178,2,EL,1,100,-17573.199219
1752788537.836669,838794.000,5178,2,EL,1,100,-17575.400391
1752788537.903670,838861.000,5196,1,EL,1,100,-17577.800781
1752788537.970170,838927.500,5210,2,EL,1,100,-17574.400391
1752788538.036671,838994.000,5210,2,EL,1,100,-17577.000000
1752788538.103671,839061.000,5227,1,EL,1,100,-17581.400391
1752788538.170172,839127.500,5244,2,EL,1,100,-17577.199219
1752788538.236672,839194.000,5244,2,EL,1,100,-17577.599609
1752788538.303673,839261.000,5263,1,EL,1,100,-17580.000000
1752788538.370174,839327.500,5277,2,EL,1,100,-17578.000000
1752788538.436674,839394.000,5277,2,EL,1,100,-17574.800781
1752788538.503675,839461.000,5294,1,EL,1,100,-17579.599609
1752788538.570175,839527.500,5311,2,EL,1,100,-17578.199219
1752788538.636676,839594.000,5311,2,EL,1,100,-17573.199219
1752788538.703676,839661.000,5328,1,EL,1,100,-17578.199219
1752788538.770177,839727.500,5343,2,EL,1,100,-17579.599609
1752788538.836677,839794.000,5343,2,EL,1,100,-17579.800781
1752788538.903678,839861.000,5362,1,EL,1,100,-17584.400391
1752788538.970179,839927.500,5378,2,EL,1,100,-17581.800781
1752788539.036679,839994.000,5378,2,EL,1,100,-17577.199219
1752788539.103680,840061.000,5395,1,EL,1,100,-17583.800781
1752788539.170180,840127.500,5411,2,EL,1,100,-17583.400391
1752788539.236681,840194.000,5411,2,EL,1,100,-17580.800781
1752788539.303181,840260.500,5427,2,EL,1,100,-17585.599609
1752788539.369682,840327.000,5427,2,EL,1,100,-17586.199219
1752788539.436682,840394.000,5448,1,EL,1,100,-17578.400391
1752788539.503183,840460.500,5468,2,EL,1,100,-17578.400391
1752788539.569683,840527.000,5468,2,EL,1,100,-17582.199219
1752788539.636684,840594.000,5484,1,EL,1,100,-17582.199219
1752788539.703185,840660.500,5499,2,EL,1,100,-17585.199219
1752788539.769685,840727.000,5499,2,EL,1,100,-17584.800781
1752788539.836686,840794.000,5515,1,EL,1,100,-17586.599609
1752788539.903186,840860.500,5533,2,EL,1,100,-17588.000000
1752788539.969687,840927.000,5533,2,EL,1,100,-17592.000000
1752788540.036687,840994.000,5549,1,EL,1,100,-17584.400391
1752788540.103188,841060.500,5564,2,EL,1,100,-17587.000000
1752788540.169688,841127.000,5564,2,EL,1,100,-17587.199219
1752788540.236689,841194.000,5583,1,EL,1,100,-17583.599609
1752788540.303190,841260.500,5600,2,EL,1,100,-17584.400391
1752788540.369690,841327.000,5600,2,EL,1,100,-17588.599609
1752788540.436691,841394.000,5616,1,EL,1,100,-17584.599609
1752788540.503191,841460.500,5632,2,EL,1,100,-17587.000000
1752788540.569692,841527.000,5632,2,EL,1,100,-17593.199219
1752788540.636692,841594.000,5648,1,EL,1,100,-17588.800781
1752788540.703193,841660.500,5665,2,EL,1,100,-17587.400391
1752788540.769693,841727.000,5665,2,EL,1,100,-17585.800781
1752788540.836694,841794.000,5683,1,EL,1,100,-17590.400391
1752788540.903194,841860.500,5701,2,EL,1,100,-17589.599609
1752788540.969695,841927.000,5701,2,EL,1,100,-17592.800781
1752788541.036696,841994.000,5717,1,EL,1,100,-17588.400391
1752788541.103196,842060.500,5734,2,EL,1,100,-17588.800781
1752788541.169697,842127.000,5734,2,EL,1,100,-17586.000000
1752788541.236697,842194.000,5751,1,EL,1,100,-17587.000000
1752788541.303198,842260.500,5767,2,EL,1,100,-17589.400391
1752788541.369698,842327.000,5767,2,EL,1,100,-17597.400391
1752788541.436699,842394.000,5784,1,EL,1,100,-17591.800781
1752788541.503199,842460.500,5802,2,EL,1,100,-17585.400391
1752788541.569700,842527.000,5802,2,EL,1,100,-17594.199219
1752788541.636200,842593.500,5818,2,EL,1,100,-17589.000000
1752788541.702701,842660.000,5818,2,EL,1,100,-17588.599609
1752788541.769702,842727.000,5835,1,EL,1,100,-17597.800781
1752788541.836202,842793.500,5850,2,EL,1,100,-17593.199219
1752788541.902703,842860.000,5850,2,EL,1,100,-17592.199219
1752788541.969703,842927.000,5867,1,EL,1,100,-17597.199219
1752788542.036204,842993.500,5885,2,EL,1,100,-17591.599609
1752788542.102704,843060.000,5885,2,EL,1,100,-17589.000000
1752788542.169705,843127.000,5902,1,EL,1,100,-17596.400391
1752788542.236205,843193.500,5917,2,EL,1,100,-17593.199219
1752788542.302706,843260.000,5917,2,EL,1,100,-17591.199219
1752788542.369707,843327.000,5934,1,EL,1,100,-17598.199219
1752788542.436207,843393.500,5950,2,EL,1,100,-17592.400391
1752788542.502708,843460.000,5950,2,EL,1,100,-17592.599609
1752788542.569708,843527.000,5968,1,EL,1,100,-17596.599609
1752788542.636209,843593.500,5984,2,EL,1,100,-17593.800781
1752788542.702709,843660.000,5984,2,EL,1,100,-17592.400391
1752788542.769710,843727.000,6001,1,EL,1,100,-17600.599609
1752788542.836210,843793.500,6018,2,EL,1,100,-17595.400391
1752788542.902711,843860.000,6018,2,EL,1,100,-17592.199219
1752788542.969711,843927.000,6035,1,EL,1,100,-17598.000000
1752788543.036212,843993.500,6049,2,EL,1,100,-17594.400391
1752788543.102713,844060.000,6049,2,EL,1,100,-17592.199219
1752788543.169713,844127.000,6066,1,EL,1,100,-17592.000000
1752788543.236214,844193.500,6085,2,EL,1,100,-17594.800781
1752788543.302714,844260.000,6085,2,EL,1,100,-17598.000000
1752788543.369715,844327.000,6102,1,EL,1,100,-17596.400391
1752788543.436215,844393.500,6116,2,EL,1,100,-17594.599609
1752788543.502716,844460.000,6116,2,EL,1,100,-17594.400391
1752788543.569716,844527.000,6134,1,EL,1,100,-17598.400391
1752788543.636217,844593.500,6150,2,EL,1,100,-17596.000000
1752788543.702718,844660.000,6150,2,EL,1,100,-17594.400391
1752788543.769718,844727.000,6167,1,EL,1,100,-17595.599609
1752788543.836219,844793.500,6185,2,EL,1,100,-17595.400391
1752788543.902719,844860.000,6185,2,EL,1,100,-17594.599609
1752788543.969720,844927.000,6201,2,EL,1,100,-17599.199219
1752788544.036720,844994.000,6201,2,EL,1,100,-17597.199219
1752788544.102721,845060.000,6217,1,EL,1,100,-17596.000000
1752788544.169721,845127.000,6235,2,EL,1,100,-17595.800781
1752788544.236722,845194.000,6235,2,EL,1,100,-17599.599609
1752788544.302722,845260.000,6251,1,EL,1,100,-17598.800781
1752788544.369723,845327.000,6268,2,EL,1,100,-17595.800781
1752788544.436724,845394.000,6268,2,EL,1,100,-17591.800781
1752788544.502724,845460.000,6289,1,EL,1,100,-17593.800781
1752788544.569725,845527.000,6307,2,EL,1,100,-17601.199219
1752788544.636725,845594.000,6307,2,EL,1,100,-17598.599609
1752788544.702726,845660.000,6323,1,EL,1,100,-17595.000000
1752788544.769226,845726.500,6339,2,EL,1,100,-17596.599609
1752788544.835727,845793.000,6339,2,EL,1,100,-17596.599609
1752788544.902727,845860.000,6355,1,EL,1,100,-17599.000000
1752788544.969228,845926.500,6374,2,EL,1,100,-17598.800781
1752788545.035729,845993.000,6374,2,EL,1,100,-17605.400391
1752788545.102729,846060.000,6390,1,EL,1,100,-17602.199219
1752788545.169230,846126.500,6407,2,EL,1,100,-17602.000000
1752788545.235730,846193.000,6407,2,EL,1,100,-17602.199219
1752788545.302731,846260.000,6422,2,EL,1,100,-17601.599609
1752788545.369731,846327.000,6422,2,EL,1,100,-17598.400391
1752788545.435732,846393.000,6439,1,EL,1,100,-17600.000000
1752788545.502732,846460.000,6456,2,EL,1,100,-17601.400391
1752788545.569733,846527.000,6456,2,EL,1,100,-17600.199219
1752788545.635733,846593.000,6475,1,EL,1,100,-17608.599609
1752788545.702734,846660.000,6489,2,EL,1,100,-17602.400391
1752788545.769735,846727.000,6489,2,EL,1,100,-17600.599609
1752788545.835735,846793.000,6506,1,EL,1,100,-17601.599609
1752788545.902736,846860.000,6525,2,EL,1,100,-17602.400391
1752788545.969736,846927.000,6525,2,EL,1,100,-17602.199219
1752788546.035737,846993.000,6542,1,EL,1,100,-17608.400391
1752788546.102737,847060.000,6556,2,EL,1,100,-17603.000000
1752788546.169738,847127.000,6556,2,EL,1,100,-17598.000000
1752788546.235738,847193.000,6576,1,EL,1,100,-17601.000000
1752788546.302739,847260.000,6592,2,EL,1,100,-17600.199219
1752788546.369740,847327.000,6592,2,EL,1,100,-17598.599609
1752788546.435740,847393.000,6609,1,EL,1,100,-17599.400391
1752788546.502741,847460.000,6624,2,EL,1,100,-17603.599609
1752788546.569741,847527.000,6624,2,EL,1,100,-17604.599609
1752788546.635742,847593.000,6641,1,EL,1,100,-17614.199219
1752788546.702742,847660.000,6657,2,EL,1,100,-17611.199219
1752788546.769743,847727.000,6657,2,EL,1,100,-17601.599609
1752788546.835743,847793.000,6676,1,EL,1,100,-17597.599609
1752788546.902744,847860.000,6691,2,EL,1,100,-17604.000000
1752788546.969744,847927.000,6691,2,EL,1,100,-17608.199219
1752788547.035745,847993.000,6708,1,EL,1,100,-17605.000000
1752788547.102746,848060.000,6724,2,EL,1,100,-17604.400391
1752788547.169746,848127.000,6724,2,EL,1,100,-17604.800781
1752788547.235747,848193.000,6742,1,EL,1,100,-17606.800781
1752788547.302747,848260.000,6757,2,EL,1,100,-17606.000000
1752788547.369748,848327.000,6757,2,EL,1,100,-17607.199219
1752788547.435748,848393.000,6775,1,EL,1,100,-17605.199219
1752788547.502749,848460.000,6792,2,EL,1,100,-17604.000000
1752788547.569749,848527.000,6792,2,EL,1,100,-17606.400391
1752788547.636250,848593.500,6809,2,EL,1,100,-17610.199219
1752788547.702751,848660.000,6809,2,EL,1,100,-17606.599609
1752788547.769751,848727.000,6825,1,EL,1,100,-17600.199219
1752788547.836252,848793.500,6841,2,EL,1,100,-17605.199219
1752788547.902752,848860.000,6841,2,EL,1,100,-17604.800781
1752788547.969753,848927.000,6857,1,EL,1,100,-17608.800781
1752788548.036253,848993.500,6876,2,EL,1,100,-17607.000000
1752788548.102754,849060.000,6876,2,EL,1,100,-17606.800781
1752788548.168754,849126.000,6892,1,EL,1,100,-17606.199219
1752788548.235755,849193.000,6908,2,EL,1,100,-17610.599609
1752788548.302755,849260.000,6908,2,EL,1,100,-17614.599609
1752788548.368756,849326.000,6924,1,EL,1,100,-17606.000000
1752788548.435757,849393.000,6941,2,EL,1,100,-17608.000000
1752788548.502757,849460.000,6941,2,EL,1,100,-17614.800781
1752788548.568758,849526.000,6958,1,EL,1,100,-17609.000000
1752788548.635758,849593.000,6975,2,EL,1,100,-17608.400391
1752788548.702759,849660.000,6975,2,EL,1,100,-17607.000000
1752788548.768759,849726.000,6991,1,EL,1,100,-17609.199219
1752788548.835760,849793.000,7009,2,EL,1,100,-17610.599609
1752788548.902760,849860.000,7009,2,EL,1,100,-17618.000000
1752788548.968761,849926.000,7025,1,EL,1,100,-17611.400391
1752788549.035761,849993.000,7040,2,EL,1,100,-17608.000000
1752788549.102762,850060.000,7040,2,EL,1,100,-17610.599609
1752788549.168763,850126.000,7056,1,EL,1,100,-17609.000000
1752788549.235763,850193.000,7074,2,EL,1,100,-17608.400391
1752788549.302764,850260.000,7074,2,EL,1,100,-17614.400391
1752788549.368764,850326.000,7092,1,EL,1,100,-17609.400391
1752788549.435765,850393.000,7108,2,EL,1,100,-17607.400391
1752788549.502765,850460.000,7108,2,EL,1,100,-17615.199219
1752788549.569766,850527.000,7124,1,EL,1,100,-17610.400391
1752788549.636266,850593.500,7146,2,EL,1,100,-17607.199219
1752788549.702767,850660.000,7146,2,EL,1,100,-17607.599609
1752788549.768768,850726.000,7162,1,EL,1,100,-17610.199219
1752788549.835768,850793.000,7179,2,EL,1,100,-17612.199219
1752788549.902769,850860.000,7179,2,EL,1,100,-17611.400391
1752788549.969269,850926.500,7196,2,EL,1,100,-17612.000000
1752788550.035770,850993.000,7196,2,EL,1,100,-17608.800781
1752788550.102770,851060.000,7213,1,EL,1,100,-17618.599609
1752788550.169271,851126.500,7230,2,EL,1,100,-17611.400391
1752788550.235771,851193.000,7230,2,EL,1,100,-17610.000000
1752788550.302772,851260.000,7247,1,EL,1,100,-17619.599609
1752788550.369272,851326.500,7261,2,EL,1,100,-17610.599609
1752788550.435773,851393.000,7261,2,EL,1,100,-17608.400391
1752788550.502774,851460.000,7278,1,EL,1,100,-17618.800781
1752788550.569274,851526.500,7297,2,EL,1,100,-17612.199219
1752788550.635775,851593.000,7297,2,EL,1,100,-17609.800781
1752788550.702775,851660.000,7314,1,EL,1,100,-17609.800781
1752788550.769276,851726.500,7328,2,EL,1,100,-17611.599609
1752788550.835776,851793.000,7328,2,EL,1,100,-17610.199219
1752788550.902777,851860.000,7346,1,EL,1,100,-17616.800781
1752788550.969277,851926.500,7364,2,EL,1,100,-17613.800781
1752788551.035778,851993.000,7364,2,EL,1,100,-17614.800781
1752788551.102779,852060.000,7381,1,EL,1,100,-17621.800781
1752788551.169279,852126.500,7396,2,EL,1,100,-17616.599609
1752788551.235780,852193.000,7396,2,EL,1,100,-17611.000000
1752788551.302780,852260.000,7415,1,EL,1,100,-17617.599609
1752788551.369281,852326.500,7431,2,EL,1,100,-17616.800781
1752788551.435781,852393.000,7431,2,EL,1,100,-17612.599609
1752788551.502782,852460.000,7448,1,EL,1,100,-17618.599609
1752788551.569282,852526.500,7463,2,EL,1,100,-17616.199219
1752788551.635783,852593.000,7463,2,EL,1,100,-17612.000000
1752788551.702783,852660.000,7480,1,EL,1,100,-17613.800781
1752788551.769284,852726.500,7496,2,EL,1,100,-17614.000000
1752788551.835785,852793.000,7496,2,EL,1,100,-17616.800781
1752788551.902785,852860.000,7516,1,EL,1,100,-17615.800781
1752788551.969286,852926.500,7531,2,EL,1,100,-17614.599609
1752788552.035786,852993.000,7531,2,EL,1,100,-17618.000000
1752788552.102787,853060.000,7547,1,EL,1,100,-17621.000000
1752788552.169287,853126.500,7564,2,EL,1,100,-17617.599609
1752788552.235788,853193.000,7564,2,EL,1,100,-17611.800781
1752788552.302288,853259.500,7581,2,EL,1,100,-17617.400391
1752788552.368789,853326.000,7581,2,EL,1,100,-17620.400391
1752788552.435790,853393.000,7597,1,EL,1,100,-17618.800781
1752788552.502290,853459.500,7615,2,EL,1,100,-17617.000000
1752788552.568791,853526.000,7615,2,EL,1,100,-17611.800781
1752788552.635791,853593.000,7631,1,EL,1,100,-17611.000000
1752788552.702292,853659.500,7648,2,EL,1,100,-17611.800781
1752788552.768792,853726.000,7648,2,EL,1,100,-17609.199219
1752788552.835793,853793.000,7664,1,EL,1,100,-17610.400391
1752788552.902293,853859.500,7680,2,EL,1,100,-17610.800781
1752788552.968794,853926.000,7680,2,EL,1,100,-17608.400391
1752788553.035794,853993.000,7696,1,EL,1,100,-17612.199219
1752788553.102295,854059.500,7715,2,EL,1,100,-17611.599609
1752788553.168796,854126.000,7715,2,EL,1,100,-17613.800781
1752788553.235796,854193.000,7732,1,EL,1,100,-17618.800781
1752788553.302297,854259.500,7747,2,EL,1,100,-17620.800781
1752788553.368797,854326.000,7747,2,EL,1,100,-17616.199219
1752788553.435798,854393.000,7763,1,EL,1,100,-17617.400391
1752788553.502298,854459.500,7781,2,EL,1,100,-17617.599609
1752788553.568799,854526.000,7781,2,EL,1,100,-17625.800781
1752788553.635799,854593.000,7797,1,EL,1,100,-17618.599609
1752788553.702300,854659.500,7815,2,EL,1,100,-17616.400391
1752788553.768801,854726.000,7815,2,EL,1,100,-17614.800781
1752788553.835801,854793.000,7830,1,EL,1,100,-17616.800781
1752788553.902302,854859.500,7848,2,EL,1,100,-17618.599609
1752788553.968802,854926.000,7848,2,EL,1,100,-17622.800781
1752788554.035803,854993.000,7864,1,EL,1,100,-17617.199219
1752788554.102303,855059.500,7880,2,EL,1,100,-17618.800781
1752788554.168804,855126.000,7880,2,EL,1,100,-17618.800781
1752788554.235304,855192.500,7896,2,EL,1,100,-17621.199219
1752788554.301805,855259.000,7896,2,EL,1,100,-17620.199219
1752788554.368805,855326.000,7915,1,EL,1,100,-17624.800781
1752788554.435306,855392.500,7931,2,EL,1,100,-17621.400391
1752788554.501807,855459.000,7931,2,EL,1,100,-17620.599609
1752788554.568807,855526.000,7949,1,EL,1,100,-17626.800781
1752788554.635308,855592.500,7963,2,EL,1,100,-17623.000000
1752788554.701808,855659.000,7963,2,EL,1,100,-17616.599609
1752788554.768809,855726.000,7985,1,EL,1,100,-17620.599609
1752788554.835309,855792.500,8002,2,EL,1,100,-17621.199219
1752788554.901810,855859.000,8002,2,EL,1,100,-17620.800781
1752788554.968810,855926.000,8021,1,EL,1,100,-17625.000000
1752788555.035311,855992.500,8035,2,EL,1,100,-17620.800781
1752788555.101812,856059.000,8035,2,EL,1,100,-17619.400391
1752788555.168812,856126.000,8052,1,EL,1,100,-17625.199219
1752788555.235313,856192.500,8069,2,EL,1,100,-17621.800781
1752788555.301813,856259.000,8069,2,EL,1,100,-17621.000000
1752788555.368814,856326.000,8086,1,EL,1,100,-17624.599609
1752788555.435314,856392.500,8100,2,EL,1,100,-17621.400391
1752788555.501815,856459.000,8100,2,EL,1,100,-17619.599609
1752788555.568815,856526.000,8118,1,EL,1,100,-17621.199219
1752788555.635316,856592.500,8136,2,EL,1,100,-17620.000000
1752788555.701816,856659.000,8136,2,EL,1,100,-17620.199219
1752788555.768817,856726.000,8153,1,EL,1,100,-17624.400391
1752788555.835318,856792.500,8169,2,EL,1,100,-17621.400391
1752788555.901818,856859.000,8169,2,EL,1,100,-17623.000000
1752788555.968819,856926.000,8187,1,EL,1,100,-17624.400391
1752788556.035319,856992.500,8203,2,EL,1,100,-17624.599609
1752788556.101820,857059.000,8203,2,EL,1,100,-17623.000000
1752788556.168820,857126.000,8220,1,EL,1,100,-17622.000000
1752788556.235321,857192.500,8238,2,EL,1,100,-17620.400391
1752788556.301821,857259.000,8238,2,EL,1,100,-17625.199219
1752788556.368322,857325.500,8254,2,EL,1,100,-17622.199219
1752788556.434822,857392.000,8254,2,EL,1,100,-17619.000000
1752788556.501823,857459.000,8270,1,EL,1,100,-17623.800781
1752788556.568324,857525.500,8288,2,EL,1,100,-17626.599609
1752788556.634824,857592.000,8288,2,EL,1,100,-17627.400391
1752788556.701825,857659.000,8304,1,EL,1,100,-17623.400391
1752788556.768325,857725.500,8321,2,EL,1,100,-17626.400391
1752788556.834826,857792.000,8321,2,EL,1,100,-17625.800781
1752788556.901826,857859.000,8338,1,EL,1,100,-17622.800781
1752788556.968327,857925.500,8355,2,EL,1,100,-17627.199219
1752788557.034827,857992.000,8355,2,EL,1,100,-17629.199219
1752788557.101828,858059.000,8371,1,EL,1,100,-17625.400391
1752788557.168329,858125.500,8387,2,EL,1,100,-17625.400391
1752788557.234829,858192.000,8387,2,EL,1,100,-17622.599609
1752788557.301830,858259.000,8403,1,EL,1,100,-17624.400391
1752788557.368330,858325.500,8420,2,EL,1,100,-17622.000000
1752788557.434831,858392.000,8420,2,EL,1,100,-17621.599609
1752788557.501831,858459.000,8438,1,EL,1,100,-17625.400391
1752788557.568332,858525.500,8454,2,EL,1,100,-17624.800781
1752788557.634832,858592.000,8454,2,EL,1,100,-17626.599609
1752788557.701833,858659.000,8470,1,EL,1,100,-17623.000000
1752788557.768333,858725.500,8487,2,EL,1,100,-17623.400391
1752788557.834834,858792.000,8487,2,EL,1,100,-17630.400391
1752788557.901835,858859.000,8504,1,EL,1,100,-17627.599609
1752788557.968335,858925.500,8519,2,EL,1,100,-17625.199219
1752788558.034836,858992.000,8519,2,EL,1,100,-17628.400391
1752788558.101836,859059.000,8537,1,EL,1,100,-17624.599609
1752788558.168337,859125.500,8555,2,EL,1,100,-17624.800781
1752788558.234837,859192.000,8555,2,EL,1,100,-17623.599609
1752788558.301838,859259.000,8571,1,EL,1,100,-17626.000000
1752788558.368338,859325.500,8587,2,EL,1,100,-17626.800781
1752788558.434839,859392.000,8587,2,EL,1,100,-17623.599609
1752788558.501840,859459.000,8602,1,EL,1,100,-17626.800781
1752788558.568340,859525.500,8620,2,EL,1,100,-17629.800781
1752788558.634841,859592.000,8620,2,EL,1,100,-17624.800781
1752788558.701341,859658.500,8638,2,EL,1,100,-17625.400391
1752788558.767842,859725.000,8638,2,EL,1,100,-17625.800781
1752788558.834842,859792.000,8655,1,EL,1,100,-17635.400391
1752788558.901343,859858.500,8670,2,EL,1,100,-17628.000000
1752788558.967843,859925.000,8670,2,EL,1,100,-17626.000000
1752788559.034844,859992.000,8687,1,EL,1,100,-17635.000000
1752788559.101344,860058.500,8703,2,EL,1,100,-17628.400391
1752788559.167845,860125.000,8703,2,EL,1,100,-17629.000000
1752788559.234846,860192.000,8723,1,EL,1,100,-17637.199219
1752788559.301346,860258.500,8737,2,EL,1,100,-17629.800781
1752788559.367847,860325.000,8737,2,EL,1,100,-17628.000000
1752788559.434847,860392.000,8754,1,EL,1,100,-17633.199219
1752788559.501348,860458.500,8771,2,EL,1,100,-17628.800781
1752788559.567848,860525.000,8771,2,EL,1,100,-17630.199219
1752788559.634849,860592.000,8788,1,EL,1,100,-17632.800781
1752788559.701349,860658.500,8802,2,EL,1,100,-17627.599609
1752788559.767850,860725.000,8802,2,EL,1,100,-17625.199219
1752788559.834517,860791.667,8825,3,EL,1,100,-17624.800781
1752788559.901184,860858.333,8825,3,EL,1,100,-17624.800781
1752788559.967852,860925.000,8825,3,EL,1,100,-17627.000000
1752788560.034852,860992.000,8842,1,EL,1,100,-17638.400391
1752788560.101353,861058.500,8856,2,EL,1,100,-17632.800781
1752788560.167853,861125.000,8856,2,EL,1,100,-17626.400391
1752788560.234854,861192.000,8874,1,EL,1,100,-17628.199219
1752788560.301354,861258.500,8890,2,EL,1,100,-17629.599609
1752788560.367855,861325.000,8890,2,EL,1,100,-17627.400391
1752788560.434855,861392.000,8907,1,EL,1,100,-17635.000000
1752788560.501356,861458.500,8925,2,EL,1,100,-17632.400391
1752788560.567857,861525.000,8925,2,EL,1,100,-17625.800781
1752788560.634857,861592.000,8941,1,EL,1,100,-17629.199219
1752788560.701358,861658.500,8957,2,EL,1,100,-17630.800781
1752788560.767858,861725.000,8957,2,EL,1,100,-17627.000000
1752788560.834859,861792.000,8975,2,EL,1,100,-17633.599609
1752788560.901859,861859.000,8975,2,EL,1,100,-17632.199219
1752788560.967860,861925.000,8993,1,EL,1,100,-17630.400391
1752788561.034860,861992.000,9008,2,EL,1,100,-17628.800781
1752788561.101861,862059.000,9008,2,EL,1,100,-17626.800781
1752788561.167862,862125.000,9024,1,EL,1,100,-17630.000000
1752788561.234862,862192.000,9044,2,EL,1,100,-17631.199219
1752788561.301863,862259.000,9044,2,EL,1,100,-17634.599609
1752788561.367863,862325.000,9060,1,EL,1,100,-17629.599609
1752788561.434364,862391.500,9075,2,EL,1,100,-17631.599609
1752788561.500864,862458.000,9075,2,EL,1,100,-17633.400391
1752788561.567865,862525.000,9092,1,EL,1,100,-17632.800781
1752788561.634365,862591.500,9109,2,EL,1,100,-17635.000000
1752788561.700866,862658.000,9109,2,EL,1,100,-17635.599609
1752788561.767866,862725.000,9127,1,EL,1,100,-17629.400391
1752788561.834367,862791.500,9143,2,EL,1,100,-17631.000000
1752788561.900868,862858.000,9143,2,EL,1,100,-17635.599609
1752788561.967868,862925.000,9159,1,EL,1,100,-17632.400391
1752788562.034369,862991.500,9176,2,EL,1,100,-17630.400391
1752788562.100869,863058.000,9176,2,EL,1,100,-17629.000000
1752788562.167870,863125.000,9192,1,EL,1,100,-17628.000000
1752788562.234870,863192.000,9208,2,EL,1,100,-17625.800781
1752788562.301871,863259.000,9208,2,EL,1,100,-17631.599609
1752788562.367871,863325.000,9226,1,EL,1,100,-17628.800781
1752788562.434372,863391.500,9243,2,EL,1,100,-17630.599609
1752788562.500872,863458.000,9243,2,EL,1,100,-17639.400391
1752788562.567873,863525.000,9260,1,EL,1,100,-17633.599609
1752788562.634374,863591.500,9276,2,EL,1,100,-17633.800781
1752788562.700874,863658.000,9276,2,EL,1,100,-17635.800781
1752788562.767875,863725.000,9291,1,EL,1,100,-17632.800781
1752788562.834375,863791.500,9309,2,EL,1,100,-17633.599609
1752788562.900876,863858.000,9309,2,EL,1,100,-17640.000000
1752788562.967876,863925.000,9327,1,EL,1,100,-17635.400391
1752788563.034377,863991.500,9343,2,EL,1,100,-17634.400391
1752788563.100877,864058.000,9343,2,EL,1,100,-17633.400391
1752788563.167878,864125.000,9359,2,EL,1,100,-17630.599609
1752788563.234879,864192.000,9359,2,EL,1,100,-17630.199219
1752788563.300879,864258.000,9376,1,EL,1,100,-17631.599609
1752788563.367880,864325.000,9392,2,EL,1,100,-17632.800781
1752788563.434880,864392.000,9392,2,EL,1,100,-17634.199219
1752788563.500881,864458.000,9409,1,EL,1,100,-17641.599609
1752788563.567881,864525.000,9426,2,EL,1,100,-17633.400391
1752788563.634882,864592.000,9426,2,EL,1,100,-17630.599609
1752788563.700882,864658.000,9443,1,EL,1,100,-17641.199219
1752788563.767883,864725.000,9459,2,EL,1,100,-17636.400391
1752788563.834883,864792.000,9459,2,EL,1,100,-17636.599609
1752788563.900884,864858.000,9477,1,EL,1,100,-17642.199219
1752788563.967885,864925.000,9491,2,EL,1,100,-17639.199219
1752788564.034885,864992.000,9491,2,EL,1,100,-17636.199219
1752788564.100886,865058.000,9510,1,EL,1,100,-17634.199219
1752788564.167886,865125.000,9527,2,EL,1,100,-17634.800781
1752788564.234887,865192.000,9527,2,EL,1,100,-17635.800781
1752788564.300887,865258.000,9544,1,EL,1,100,-17644.400391
1752788564.367888,865325.000,9558,2,EL,1,100,-17636.000000
1752788564.434888,865392.000,9558,2,EL,1,100,-17635.800781
1752788564.500889,865458.000,9575,1,EL,1,100,-17641.000000
1752788564.567890,865525.000,9592,2,EL,1,100,-17640.400391
1752788564.634890,865592.000,9592,2,EL,1,100,-17639.800781
1752788564.700891,865658.000,9611,1,EL,1,100,-17635.199219
1752788564.767391,865724.500,9625,2,EL,1,100,-17635.199219
1752788564.833892,865791.000,9625,2,EL,1,100,-17640.199219
1752788564.900892,865858.000,9643,1,EL,1,100,-17639.800781
1752788564.967393,865924.500,9666,2,EL,1,100,-17636.599609
1752788565.033893,865991.000,9666,2,EL,1,100,-17638.599609
1752788565.100894,866058.000,9683,1,EL,1,100,-17636.800781
1752788565.167394,866124.500,9698,2,EL,1,100,-17635.599609
1752788565.233895,866191.000,9698,2,EL,1,100,-17634.199219
1752788565.300896,866258.000,9717,1,EL,1,100,-17640.199219
1752788565.367896,866325.000,9733,2,EL,1,100,-17637.000000
1752788565.434897,866392.000,9733,2,EL,1,100,-17633.800781
1752788565.500897,866458.000,9750,1,EL,1,100,-17640.599609
1752788565.567398,866524.500,9766,2,EL,1,100,-17641.800781
1752788565.633898,866591.000,9766,2,EL,1,100,-17642.199219
1752788565.700899,866658.000,9782,2,EL,1,100,-17638.400391
1752788565.767899,866725.000,9782,2,EL,1,100,-17639.000000
1752788565.833900,866791.000,9798,1,EL,1,100,-17638.800781
1752788565.900901,866858.000,9820,2,EL,1,100,-17640.199219
1752788565.967901,866925.000,9820,2,EL,1,100,-17641.400391
1752788566.033902,866991.000,9836,1,EL,1,100,-17638.400391
1752788566.100902,867058.000,9851,2,EL,1,100,-17640.599609
1752788566.167903,867125.000,9851,2,EL,1,100,-17642.599609
1752788566.233903,867191.000,9868,1,EL,1,100,-17636.800781
1752788566.300904,867258.000,9885,2,EL,1,100,-17640.400391
1752788566.367904,867325.000,9885,2,EL,1,100,-17645.400391
1752788566.433905,867391.000,9901,1,EL,1,100,-17637.800781
1752788566.500905,867458.000,9919,2,EL,1,100,-17640.400391
1752788566.567906,867525.000,9919,2,EL,1,100,-17643.400391
1752788566.633907,867591.000,9935,1,EL,1,100,-17641.199219
1752788566.700907,867658.000,9952,2,EL,1,100,-17641.000000
1752788566.767908,867725.000,9952,2,EL,1,100,-17637.599609
1752788566.833908,867791.000,9968,1,EL,1,100,-17640.800781
1752788566.900909,867858.000,9984,2,EL,1,100,-17643.800781
1752788566.967909,867925.000,9984,2,EL,1,100,-17645.400391
1752788567.033910,867991.000,10000,1,EL,1,100,-17640.000000
1752788567.100910,868058.000,10019,2,EL,1,100,-17640.199219
1752788567.167911,868125.000,10019,2,EL,1,100,-17641.599609
1752788567.233912,868191.000,10036,1,EL,1,100,-17638.400391
1752788567.300912,868258.000,10052,2,EL,1,100,-17640.800781
1752788567.367913,868325.000,10052,2,EL,1,100,-17645.599609
1752788567.433913,868391.000,10067,1,EL,1,100,-17641.599609
1752788567.500914,868458.000,10085,2,EL,1,100,-17640.800781
1752788567.567914,868525.000,10085,2,EL,1,100,-17647.199219
1752788567.633915,868591.000,10101,1,EL,1,100,-17641.400391
1752788567.700915,868658.000,10117,2,EL,1,100,-17642.400391
1752788567.767916,868725.000,10117,2,EL,1,100,-17646.400391
1752788567.834416,868791.500,10135,2,EL,1,100,-17641.000000
1752788567.900917,868858.000,10135,2,EL,1,100,-17640.599609
1752788567.967918,868925.000,10152,1,EL,1,100,-17648.199219
1752788568.034418,868991.500,10168,2,EL,1,100,-17642.599609
1752788568.100919,869058.000,10168,2,EL,1,100,-17640.199219
1752788568.166919,869124.000,10185,1,EL,1,100,-17642.599609
1752788568.233920,869191.000,10200,2,EL,1,100,-17643.000000
1752788568.300920,869258.000,10200,2,EL,1,100,-17640.199219
1752788568.366921,869324.000,10217,1,EL,1,100,-17646.199219
1752788568.433921,869391.000,10235,2,EL,1,100,-17641.599609
1752788568.500922,869458.000,10235,2,EL,1,100,-17638.599609
1752788568.566923,869524.000,10253,1,EL,1,100,-17643.199219
1752788568.633923,869591.000,10267,2,EL,1,100,-17640.599609
1752788568.700924,869658.000,10267,2,EL,1,100,-17642.000000
1752788568.767924,869725.000,10284,1,EL,1,100,-17647.599609
1752788568.834425,869791.500,10301,2,EL,1,100,-17643.599609
1752788568.900925,869858.000,10301,2,EL,1,100,-17641.400391
1752788568.967926,869925.000,10318,1,EL,1,100,-17640.599609
1752788569.034426,869991.500,10334,2,EL,1,100,-17616.199219
1752788569.100927,870058.000,10334,2,EL,1,100,-17631.800781
1752788569.166927,870124.000,10351,1,EL,1,100,-17649.599609
1752788569.233928,870191.000,10368,2,EL,1,100,-17647.800781
1752788569.300929,870258.000,10368,2,EL,1,100,-17642.800781
1752788569.367929,870325.000,10385,1,EL,1,100,-17642.800781
1752788569.434430,870391.500,10399,2,EL,1,100,-17645.599609
1752788569.500930,870458.000,10399,2,EL,1,100,-17646.400391
1752788569.567931,870525.000,10417,1,EL,1,100,-17652.599609
1752788569.634431,870591.500,10435,2,EL,1,100,-17649.199219
1752788569.700932,870658.000,10435,2,EL,1,100,-17645.199219
1752788569.766932,870724.000,10452,1,EL,1,100,-17644.199219
1752788569.833933,870791.000,10468,2,EL,1,100,-17644.599609
1752788569.900934,870858.000,10468,2,EL,1,100,-17644.599609
1752788569.966934,870924.000,10484,1,EL,1,100,-17648.599609
1752788570.033935,870991.000,10505,2,EL,1,100,-17646.800781
1752788570.100935,871058.000,10505,2,EL,1,100,-17643.400391
1752788570.166936,871124.000,10522,1,EL,1,100,-17644.599609
1752788570.233936,871191.000,10540,2,EL,1,100,-17645.800781
1752788570.300937,871258.000,10540,2,EL,1,100,-17645.400391
1752788570.367437,871324.500,10556,2,EL,1,100,-17645.000000
1752788570.433938,871391.000,10556,2,EL,1,100,-17644.599609
1752788570.500938,871458.000,10572,1,EL,1,100,-17644.599609
1752788570.567439,871524.500,10590,2,EL,1,100,-17649.000000
1752788570.633940,871591.000,10590,2,EL,1,100,-17650.400391
1752788570.700940,871658.000,10606,1,EL,1,100,-17649.199219
1752788570.767441,871724.500,10621,2,EL,1,100,-17647.199219
1752788570.833941,871791.000,10621,2,EL,1,100,-17644.800781
1752788570.900942,871858.000,10640,1,EL,1,100,-17647.199219
1752788570.967442,871924.500,10659,2,EL,1,100,-17649.800781
1752788571.033943,871991.000,10659,2,EL,1,100,-17651.199219
1752788571.100943,872058.000,10675,1,EL,1,100,-17645.400391
1752788571.167444,872124.500,10691,2,EL,1,100,-17644.199219
1752788571.233944,872191.000,10691,2,EL,1,100,-17644.800781
1752788571.300945,872258.000,10707,1,EL,1,100,-17645.599609
1752788571.367446,872324.500,10724,2,EL,1,100,-17645.199219
1752788571.433946,872391.000,10724,2,EL,1,100,-17645.599609
1752788571.499947,872457.000,10740,1,EL,1,100,-17648.000000
1752788571.566947,872524.000,10758,2,EL,1,100,-17650.199219
1752788571.633948,872591.000,10758,2,EL,1,100,-17653.400391
1752788571.700948,872658.000,10774,1,EL,1,100,-17646.800781
1752788571.767449,872724.500,10791,2,EL,1,100,-17646.800781
1752788571.833949,872791.000,10791,2,EL,1,100,-17646.599609
1752788571.900950,872858.000,10808,1,EL,1,100,-17647.800781
1752788571.967451,872924.500,10823,2,EL,1,100,-17648.800781
1752788572.033951,872991.000,10823,2,EL,1,100,-17652.599609
1752788572.100952,873058.000,10841,1,EL,1,100,-17643.400391
1752788572.167452,873124.500,10859,2,EL,1,100,-17643.400391
1752788572.233953,873191.000,10859,2,EL,1,100,-17646.199219
1752788572.300953,873258.000,10875,1,EL,1,100,-17645.800781
1752788572.367454,873324.500,10891,2,EL,1,100,-17647.400391
1752788572.433954,873391.000,10891,2,EL,1,100,-17650.599609
1752788572.499955,873457.000,10906,1,EL,1,100,-17651.199219
1752788572.566955,873524.000,10924,2,EL,1,100,-17651.599609
1752788572.633956,873591.000,10924,2,EL,1,100,-17659.800781
1752788572.700457,873657.500,10942,2,EL,1,100,-17650.000000
1752788572.766957,873724.000,10942,2,EL,1,100,-17646.800781
1752788572.833958,873791.000,10959,1,EL,1,100,-17649.800781
1752788572.900458,873857.500,10974,2,EL,1,100,-17652.199219
1752788572.966959,873924.000,10974,2,EL,1,100,-17650.000000
1752788573.033959,873991.000,10991,1,EL,1,100,-17656.400391
1752788573.100460,874057.500,11007,2,EL,1,100,-17652.599609
1752788573.166960,874124.000,11007,2,EL,1,100,-17652.000000
1752788573.233961,874191.000,11025,1,EL,1,100,-17658.000000
1752788573.300462,874257.500,11041,2,EL,1,100,-17652.400391
1752788573.366962,874324.000,11041,2,EL,1,100,-17650.000000
1752788573.433963,874391.000,11058,1,EL,1,100,-17649.800781
1752788573.500463,874457.500,11075,2,EL,1,100,-17651.199219
1752788573.566964,874524.000,11075,2,EL,1,100,-17651.599609
1752788573.633964,874591.000,11092,1,EL,1,100,-17650.000000
1752788573.700465,874657.500,11106,2,EL,1,100,-17650.400391
1752788573.766965,874724.000,11106,2,EL,1,100,-17650.000000
1752788573.833966,874791.000,11123,1,EL,1,100,-17652.000000
1752788573.900466,874857.500,11140,2,EL,1,100,-17650.800781
1752788573.966967,874924.000,11140,2,EL,1,100,-17649.599609
1752788574.033968,874991.000,11159,1,EL,1,100,-17654.800781
1752788574.100468,875057.500,11173,2,EL,1,100,-17653.599609
1752788574.166969,875124.000,11173,2,EL,1,100,-17650.199219
1752788574.233969,875191.000,11191,1,EL,1,100,-17651.000000
1752788574.300470,875257.500,11207,2,EL,1,100,-17652.199219
1752788574.366970,875324.000,11207,2,EL,1,100,-17652.599609
1752788574.433971,875391.000,11224,1,EL,1,100,-17655.400391
1752788574.500471,875457.500,11240,2,EL,1,100,-17654.599609
1752788574.566972,875524.000,11240,2,EL,1,100,-17651.400391
1752788574.633973,875591.000,11258,1,EL,1,100,-17653.000000
1752788574.700473,875657.500,11274,2,EL,1,100,-17652.400391
1752788574.766974,875724.000,11274,2,EL,1,100,-17648.400391
1752788574.833474,875790.500,11292,2,EL,1,100,-17654.400391
1752788574.899975,875857.000,11292,2,EL,1,100,-17657.800781
1752788574.966975,875924.000,11308,1,EL,1,100,-17655.400391
1752788575.033476,875990.500,11323,2,EL,1,100,-17653.199219
1752788575.099976,876057.000,11323,2,EL,1,100,-17649.800781
1752788575.166977,876124.000,11339,1,EL,1,100,-17650.599609
1752788575.233477,876190.500,11364,2,EL,1,100,-17652.000000
1752788575.299978,876257.000,11364,2,EL,1,100,-17650.199219
1752788575.366979,876324.000,11380,1,EL,1,100,-17650.400391
1752788575.433479,876390.500,11395,2,EL,1,100,-17654.800781
1752788575.499980,876457.000,11395,2,EL,1,100,-17660.800781
1752788575.566980,876524.000,11412,1,EL,1,100,-17653.400391
1752788575.633481,876590.500,11429,2,EL,1,100,-17653.000000
1752788575.699981,876657.000,11429,2,EL,1,100,-17654.400391
1752788575.766982,876724.000,11445,1,EL,1,100,-17654.800781
1752788575.833482,876790.500,11463,2,EL,1,100,-17656.000000
1752788575.899983,876857.000,11463,2,EL,1,100,-17657.199219
1752788575.966984,876924.000,11481,1,EL,1,100,-17655.000000
1752788576.033484,876990.500,11498,2,EL,1,100,-17652.800781
1752788576.099985,877057.000,11498,2,EL,1,100,-17653.000000
1752788576.166985,877124.000,11514,1,EL,1,100,-17655.000000
1752788576.233486,877190.500,11530,2,EL,1,100,-17655.800781
1752788576.299986,877257.000,11530,2,EL,1,100,-17655.800781
1752788576.366987,877324.000,11546,1,EL,1,100,-17654.800781
1752788576.433487,877390.500,11565,2,EL,1,100,-17657.000000
1752788576.499988,877457.000,11565,2,EL,1,100,-17661.400391
1752788576.566988,877524.000,11582,1,EL,1,100,-17654.199219
1752788576.633489,877590.500,11598,2,EL,1,100,-17653.199219
1752788576.699990,877657.000,11598,2,EL,1,100,-17654.000000
1752788576.766990,877724.000,11613,1,EL,1,100,-17656.400391
1752788576.833491,877790.500,11631,2,EL,1,100,-17656.400391
1752788576.899991,877857.000,11631,2,EL,1,100,-17662.599609
1752788576.966992,877924.000,11647,1,EL,1,100,-17655.599609
1752788577.033492,877990.500,11665,2,EL,1,100,-17654.400391
1752788577.099993,878057.000,11665,2,EL,1,100,-17654.400391
1752788577.166493,878123.500,11681,2,EL,1,100,-17654.599609
1752788577.232994,878190.000,11681,2,EL,1,100,-17654.599609
1752788577.299994,878257.000,11698,1,EL,1,100,-17659.000000
1752788577.366495,878323.500,11714,2,EL,1,100,-17657.000000
1752788577.432996,878390.000,11714,2,EL,1,100,-17655.400391
1752788577.499996,878457.000,11731,1,EL,1,100,-17664.199219
1752788577.566497,878523.500,11746,2,EL,1,100,-17658.599609
1752788577.632997,878590.000,11746,2,EL,1,100,-17656.400391
1752788577.699998,878657.000,11765,1,EL,1,100,-17662.000000
1752788577.766498,878723.500,11781,2,EL,1,100,-17658.000000
1752788577.832999,878790.000,11781,2,EL,1,100,-17655.000000
1752788577.899999,878857.000,11799,1,EL,1,100,-17661.199219
1752788577.966500,878923.500,11813,2,EL,1,100,-17656.400391
1752788578.033001,878990.000,11813,2,EL,1,100,-17654.000000
1752788578.100001,879057.000,11830,1,EL,1,100,-17660.199219
1752788578.166502,879123.500,11847,2,EL,1,100,-17660.000000
1752788578.233002,879190.000,11847,2,EL,1,100,-17654.199219
1752788578.300003,879257.000,11864,1,EL,1,100,-17655.199219
1752788578.366503,879323.500,11880,2,EL,1,100,-17656.400391
1752788578.433004,879390.000,11880,2,EL,1,100,-17653.199219
1752788578.500004,879457.000,11897,1,EL,1,100,-17660.400391
1752788578.566505,879523.500,11914,2,EL,1,100,-17656.800781
1752788578.633005,879590.000,11914,2,EL,1,100,-17655.800781
1752788578.700006,879657.000,11931,1,EL,1,100,-17656.800781
1752788578.766507,879723.500,11945,2,EL,1,100,-17657.400391
1752788578.833007,879790.000,11945,2,EL,1,100,-17657.000000
1752788578.900008,879857.000,11965,1,EL,1,100,-17662.000000
1752788578.966508,879923.500,11981,2,EL,1,100,-17661.400391
1752788579.033009,879990.000,11981,2,EL,1,100,-17658.000000
1752788579.100009,880057.000,11998,1,EL,1,100,-17661.599609
1752788579.166510,880123.500,12014,2,EL,1,100,-17660.400391
1752788579.233010,880190.000,12014,2,EL,1,100,-17655.400391
1752788579.300011,880257.000,12030,1,EL,1,100,-17658.199219
1752788579.366512,880323.500,12046,2,EL,1,100,-17657.800781
1752788579.433012,880390.000,12046,2,EL,1,100,-17657.599609
1752788579.500013,880457.000,12063,1,EL,1,100,-17665.000000
1752788579.566513,880523.500,12081,2,EL,1,100,-17664.800781
1752788579.633014,880590.000,12081,2,EL,1,100,-17657.800781
1752788579.699514,880656.500,12097,2,EL,1,100,-17657.400391
1752788579.766015,880723.000,12097,2,EL,1,100,-17658.800781
1752788579.833015,880790.000,12113,1,EL,1,100,-17659.199219
1752788579.899516,880856.500,12131,2,EL,1,100,-17662.000000
1752788579.966016,880923.000,12131,2,EL,1,100,-17666.400391
1752788580.033017,880990.000,12147,1,EL,1,100,-17659.199219
1752788580.099518,881056.500,12164,2,EL,1,100,-17660.800781
1752788580.166018,881123.000,12164,2,EL,1,100,-17666.599609
1752788580.233019,881190.000,12181,1,EL,1,100,-17661.800781
1752788580.299519,881256.500,12203,2,EL,1,100,-17658.800781
1752788580.366020,881323.000,12203,2,EL,1,100,-17659.199219
1752788580.433020,881390.000,12219,1,EL,1,100,-17657.800781
1752788580.499521,881456.500,12235,2,EL,1,100,-17662.000000
1752788580.566021,881523.000,12235,2,EL,1,100,-17667.599609
1752788580.633022,881590.000,12251,1,EL,1,100,-17663.199219
1752788580.699523,881656.500,12268,2,EL,1,100,-17662.199219
1752788580.766023,881723.000,12268,2,EL,1,100,-17665.400391
1752788580.833024,881790.000,12286,1,EL,1,100,-17660.199219
1752788580.899524,881856.500,12304,2,EL,1,100,-17661.599609
1752788580.966025,881923.000,12304,2,EL,1,100,-17665.599609
1752788581.033025,881990.000,12320,1,EL,1,100,-17662.199219
1752788581.099526,882056.500,12337,2,EL,1,100,-17658.599609
1752788581.166026,882123.000,12337,2,EL,1,100,-17664.199219
1752788581.233027,882190.000,12354,1,EL,1,100,-17658.800781
1752788581.299527,882256.500,12370,2,EL,1,100,-17659.199219
1752788581.366028,882323.000,12370,2,EL,1,100,-17669.199219
1752788581.433029,882390.000,12387,1,EL,1,100,-17662.199219
1752788581.499529,882456.500,12405,2,EL,1,100,-17662.599609
1752788581.566030,882523.000,12405,2,EL,1,100,-17669.800781
1752788581.632530,882589.500,12421,2,EL,1,100,-17663.199219
1752788581.699031,882656.000,12421,2,EL,1,100,-17663.599609
1752788581.766031,882723.000,12438,1,EL,1,100,-17661.000000
1752788581.832532,882789.500,12453,2,EL,1,100,-17662.599609
1752788581.899032,882856.000,12453,2,EL,1,100,-17664.800781
1752788581.966033,882923.000,12472,1,EL,1,100,-17666.199219
1752788582.032534,882989.500,12488,2,EL,1,100,-17662.199219
1752788582.099034,883056.000,12488,2,EL,1,100,-17663.599609
1752788582.166035,883123.000,12505,1,EL,1,100,-17663.599609
1752788582.232535,883189.500,12520,2,EL,1,100,-17663.800781
1752788582.299036,883256.000,12520,2,EL,1,100,-17664.599609
1752788582.366036,883323.000,12537,1,EL,1,100,-17672.000000
1752788582.432537,883389.500,12553,2,EL,1,100,-17665.199219
1752788582.499037,883456.000,12553,2,EL,1,100,-17661.199219
1752788582.566038,883523.000,12573,1,EL,1,100,-17671.199219
1752788582.632538,883589.500,12587,2,EL,1,100,-17666.800781
1752788582.699039,883656.000,12587,2,EL,1,100,-17666.400391
1752788582.766040,883723.000,12604,1,EL,1,100,-17663.800781
1752788582.832540,883789.500,12621,2,EL,1,100,-17663.800781
1752788582.899041,883856.000,12621,2,EL,1,100,-17666.400391
1752788582.966041,883923.000,12638,1,EL,1,100,-17669.599609
1752788583.032542,883989.500,12652,2,EL,1,100,-17666.199219
1752788583.099042,884056.000,12652,2,EL,1,100,-17665.400391
1752788583.166043,884123.000,12669,1,EL,1,100,-17664.400391
1752788583.232543,884189.500,12688,2,EL,1,100,-17663.400391
1752788583.299044,884256.000,12688,2,EL,1,100,-17664.400391
1752788583.366045,884323.000,12705,1,EL,1,100,-17672.000000
1752788583.432545,884389.500,12719,2,EL,1,100,-17668.800781
1752788583.499046,884456.000,12719,2,EL,1,100,-17665.800781
1752788583.566046,884523.000,12737,1,EL,1,100,-17671.199219
1752788583.632547,884589.500,12753,2,EL,1,100,-17668.199219
1752788583.699047,884656.000,12753,2,EL,1,100,-17666.800781
1752788583.766048,884723.000,12770,1,EL,1,100,-17671.800781
1752788583.832548,884789.500,12788,2,EL,1,100,-17671.400391
1752788583.899049,884856.000,12788,2,EL,1,100,-17664.199219
1752788583.966049,884923.000,12804,1,EL,1,100,-17666.400391
1752788584.032550,884989.500,12820,2,EL,1,100,-17668.199219
1752788584.099051,885056.000,12820,2,EL,1,100,-17664.800781
1752788584.166051,885123.000,12838,2,EL,1,100,-17666.800781
1752788584.233052,885190.000,12838,2,EL,1,100,-17669.000000
1752788584.299052,885256.000,12854,1,EL,1,100,-17666.000000
1752788584.366053,885323.000,12869,2,EL,1,100,-17669.199219
1752788584.433053,885390.000,12869,2,EL,1,100,-17669.000000
1752788584.499054,885456.000,12887,1,EL,1,100,-17666.800781
1752788584.566054,885523.000,12905,2,EL,1,100,-17665.400391
1752788584.633055,885590.000,12905,2,EL,1,100,-17665.199219
1752788584.699055,885656.000,12921,1,EL,1,100,-17669.800781
1752788584.765556,885722.500,12936,2,EL,1,100,-17669.599609
1752788584.832057,885789.000,12936,2,EL,1,100,-17671.199219
1752788584.899057,885856.000,12953,1,EL,1,100,-17669.000000
1752788584.965558,885922.500,12970,2,EL,1,100,-17672.000000
1752788585.032058,885989.000,12970,2,EL,1,100,-17673.000000
1752788585.099059,886056.000,12988,1,EL,1,100,-17668.199219
1752788585.165559,886122.500,13004,2,EL,1,100,-17669.400391
1752788585.232060,886189.000,13004,2,EL,1,100,-17671.000000
1752788585.299060,886256.000,13020,1,EL,1,100,-17667.599609
1752788585.365561,886322.500,13037,2,EL,1,100,-17668.400391
1752788585.432062,886389.000,13037,2,EL,1,100,-17676.599609
1752788585.499062,886456.000,13058,1,EL,1,100,-17670.000000
1752788585.565563,886522.500,13074,2,EL,1,100,-17670.199219
1752788585.632063,886589.000,13074,2,EL,1,100,-17667.400391
1752788585.699064,886656.000,13092,1,EL,1,100,-17668.599609
1752788585.765564,886722.500,13109,2,EL,1,100,-17668.400391
1752788585.832065,886789.000,13109,2,EL,1,100,-17674.199219
1752788585.899065,886856.000,13126,1,EL,1,100,-17670.599609
1752788585.965566,886922.500,13144,2,EL,1,100,-17670.599609
1752788586.032066,886989.000,13144,2,EL,1,100,-17677.000000
1752788586.099067,887056.000,13159,1,EL,1,100,-17670.199219
1752788586.165568,887122.500,13177,2,EL,1,100,-17669.599609
1752788586.232068,887189.000,13177,2,EL,1,100,-17676.000000
1752788586.299069,887256.000,13195,2,EL,1,100,-17671.400391
1752788586.366069,887323.000,13195,2,EL,1,100,-17672.199219
1752788586.432070,887389.000,13212,1,EL,1,100,-17672.800781
1752788586.499070,887456.000,13227,2,EL,1,100,-17672.000000
1752788586.566071,887523.000,13227,2,EL,1,100,-17670.000000
1752788586.632071,887589.000,13244,1,EL,1,100,-17669.199219
1752788586.699072,887656.000,13260,2,EL,1,100,-17670.000000
1752788586.766073,887723.000,13260,2,EL,1,100,-17672.400391
1752788586.832073,887789.000,13277,1,EL,1,100,-17674.199219
1752788586.899074,887856.000,13294,2,EL,1,100,-17674.000000
1752788586.966074,887923.000,13294,2,EL,1,100,-17672.000000
1752788587.032075,887989.000,13311,1,EL,1,100,-17677.199219
1752788587.099075,888056.000,13327,2,EL,1,100,-17670.599609
1752788587.166076,888123.000,13327,2,EL,1,100,-17665.400391
1752788587.232076,888189.000,13345,1,EL,1,100,-17671.599609
1752788587.299077,888256.000,13359,2,EL,1,100,-17668.000000
1752788587.366077,888323.000,13359,2,EL,1,100,-17665.199219
1752788587.432078,888389.000,13376,1,EL,1,100,-17667.599609
1752788587.499079,888456.000,13395,2,EL,1,100,-17666.800781
1752788587.566079,888523.000,13395,2,EL,1,100,-17669.199219
1752788587.632080,888589.000,13412,1,EL,1,100,-17671.800781
1752788587.699080,888656.000,13426,2,EL,1,100,-17671.800781
1752788587.766081,888723.000,13426,2,EL,1,100,-17671.400391
1752788587.832081,888789.000,13443,1,EL,1,100,-17673.599609
1752788587.899082,888856.000,13460,2,EL,1,100,-17673.800781
1752788587.966082,888923.000,13460,2,EL,1,100,-17671.199219
1752788588.032083,888989.000,13477,1,EL,1,100,-17671.800781
1752788588.098584,889055.500,13494,2,EL,1,100,-17671.199219
1752788588.165084,889122.000,13494,2,EL,1,100,-17671.400391
1752788588.232085,889189.000,13511,2,EL,1,100,-17674.599609
1752788588.299085,889256.000,13511,2,EL,1,100,-17675.800781
1752788588.365086,889322.000,13527,1,EL,1,100,-17672.000000
1752788588.432086,889389.000,13544,2,EL,1,100,-17674.800781
1752788588.499087,889456.000,13544,2,EL,1,100,-17677.800781
1752788588.565087,889522.000,13561,1,EL,1,100,-17674.000000
1752788588.632088,889589.000,13576,2,EL,1,100,-17676.199219
1752788588.699088,889656.000,13576,2,EL,1,100,-17677.599609
1752788588.765089,889722.000,13594,1,EL,1,100,-17674.400391
1752788588.832090,889789.000,13612,2,EL,1,100,-17674.599609
1752788588.899090,889856.000,13612,2,EL,1,100,-17682.000000
1752788588.965091,889922.000,13628,1,EL,1,100,-17674.800781
1752788589.032091,889989.000,13643,2,EL,1,100,-17673.000000
1752788589.099092,890056.000,13643,2,EL,1,100,-17672.800781
1752788589.165092,890122.000,13659,1,EL,1,100,-17675.800781
1752788589.232093,890189.000,13677,2,EL,1,100,-17676.000000
1752788589.299093,890256.000,13677,2,EL,1,100,-17682.199219
1752788589.365094,890322.000,13695,1,EL,1,100,-17673.800781
1752788589.432095,890389.000,13710,2,EL,1,100,-17675.000000
1752788589.499095,890456.000,13710,2,EL,1,100,-17679.000000
1752788589.565096,890522.000,13727,1,EL,1,100,-17673.599609
1752788589.632096,890589.000,13744,2,EL,1,100,-17674.599609
1752788589.699097,890656.000,13744,2,EL,1,100,-17678.599609
1752788589.765097,890722.000,13760,1,EL,1,100,-17675.000000
1752788589.832098,890789.000,13776,2,EL,1,100,-17674.599609
1752788589.899098,890856.000,13776,2,EL,1,100,-17681.800781
1752788589.965099,890922.000,13792,1,EL,1,100,-17676.400391
1752788590.032099,890989.000,13811,2,EL,1,100,-17674.599609
1752788590.099100,891056.000,13811,2,EL,1,100,-17675.599609
1752788590.165101,891122.000,13827,1,EL,1,100,-17674.199219
1752788590.232101,891189.000,13845,2,EL,1,100,-17673.800781
1752788590.299102,891256.000,13845,2,EL,1,100,-17673.800781
1752788590.365602,891322.500,13859,2,EL,1,100,-17675.800781
1752788590.432103,891389.000,13859,2,EL,1,100,-17680.400391
1752788590.499103,891456.000,13876,1,EL,1,100,-17687.400391
1752788590.565604,891522.500,13900,2,EL,1,100,-17680.599609
1752788590.632104,891589.000,13900,2,EL,1,100,-17641.000000
1752788590.699105,891656.000,13917,1,EL,1,100,-17651.400391
1752788590.765606,891722.500,13931,2,EL,1,100,-17678.000000
1752788590.832106,891789.000,13931,2,EL,1,100,-17680.199219
1752788590.899107,891856.000,13949,1,EL,1,100,-17685.599609
1752788590.965607,891922.500,13967,2,EL,1,100,-17681.000000
1752788591.032108,891989.000,13967,2,EL,1,100,-17681.400391
1752788591.099108,892056.000,13984,1,EL,1,100,-17680.000000
1752788591.165609,892122.500,14001,2,EL,1,100,-17682.599609
1752788591.232109,892189.000,14001,2,EL,1,100,-17681.000000
1752788591.299110,892256.000,14018,1,EL,1,100,-17679.000000
1752788591.365610,892322.500,14034,2,EL,1,100,-17680.199219
1752788591.432111,892389.000,14034,2,EL,1,100,-17678.400391
1752788591.499112,892456.000,14051,1,EL,1,100,-17682.599609
1752788591.565612,892522.500,14066,2,EL,1,100,-17680.800781
1752788591.632113,892589.000,14066,2,EL,1,100,-17676.000000
1752788591.699113,892656.000,14083,1,EL,1,100,-17682.800781
1752788591.765614,892722.500,14099,2,EL,1,100,-17679.000000
1752788591.832114,892789.000,14099,2,EL,1,100,-17679.800781
1752788591.899115,892856.000,14119,1,EL,1,100,-17685.199219
1752788591.965615,892922.500,14133,2,EL,1,100,-17681.199219
1752788592.032116,892989.000,14133,2,EL,1,100,-17679.599609
1752788592.099116,893056.000,14150,1,EL,1,100,-17682.000000
1752788592.165617,893122.500,14167,2,EL,1,100,-17679.400391
1752788592.232118,893189.000,14167,2,EL,1,100,-17677.000000
1752788592.298118,893255.000,14184,1,EL,1,100,-17682.400391
1752788592.365119,893322.000,14201,2,EL,1,100,-17680.800781
1752788592.432119,893389.000,14201,2,EL,1,100,-17678.599609
1752788592.498120,893455.000,14217,1,EL,1,100,-17682.199219
1752788592.565120,893522.000,14234,2,EL,1,100,-17680.000000
1752788592.632121,893589.000,14234,2,EL,1,100,-17677.000000
1752788592.698621,893655.500,14251,2,EL,1,100,-17682.800781
1752788592.765122,893722.000,14251,2,EL,1,100,-17682.199219
1752788592.832123,893789.000,14267,1,EL,1,100,-17678.800781
1752788592.898623,893855.500,14283,2,EL,1,100,-17682.800781
1752788592.965124,893922.000,14283,2,EL,1,100,-17682.000000
1752788593.032124,893989.000,14299,1,EL,1,100,-17678.199219
1752788593.098625,894055.500,14318,2,EL,1,100,-17677.599609
1752788593.165125,894122.000,14318,2,EL,1,100,-17679.599609
1752788593.232126,894189.000,14335,1,EL,1,100,-17678.800781
1752788593.298626,894255.500,14350,2,EL,1,100,-17677.800781
1752788593.365127,894322.000,14350,2,EL,1,100,-17677.599609
1752788593.432127,894389.000,14366,1,EL,1,100,-17680.400391
1752788593.498628,894455.500,14384,2,EL,1,100,-17680.400391
1752788593.565129,894522.000,14384,2,EL,1,100,-17681.599609
1752788593.632129,894589.000,14402,1,EL,1,100,-17680.800781
1752788593.698630,894655.500,14417,2,EL,1,100,-17683.800781
1752788593.765130,894722.000,14417,2,EL,1,100,-17685.800781
1752788593.832131,894789.000,14433,1,EL,1,100,-17681.599609
1752788593.898631,894855.500,14451,2,EL,1,100,-17683.599609
1752788593.965132,894922.000,14451,2,EL,1,100,-17687.400391
1752788594.032132,894989.000,14467,1,EL,1,100,-17680.199219
1752788594.098633,895055.500,14482,2,EL,1,100,-17681.400391
1752788594.165134,895122.000,14482,2,EL,1,100,-17681.400391
1752788594.232134,895189.000,14501,1,EL,1,100,-17682.199219
1752788594.298635,895255.500,14518,2,EL,1,100,-17682.400391
1752788594.365135,895322.000,14518,2,EL,1,100,-17681.800781
1752788594.432136,895389.000,14534,1,EL,1,100,-17681.400391
1752788594.498636,895455.500,14550,2,EL,1,100,-17681.800781
1752788594.565137,895522.000,14550,2,EL,1,100,-17684.199219
1752788594.632137,895589.000,14566,1,EL,1,100,-17685.800781
1752788594.698638,895655.500,14583,2,EL,1,100,-17685.800781
1752788594.765138,895722.000,14583,2,EL,1,100,-17683.199219
1752788594.832139,895789.000,14601,1,EL,1,100,-17684.800781
1752788594.898640,895855.500,14618,2,EL,1,100,-17685.199219
1752788594.965140,895922.000,14618,2,EL,1,100,-17693.599609
1752788595.031641,895988.500,14633,2,EL,1,100,-17684.599609
1752788595.098141,896055.000,14633,2,EL,1,100,-17680.000000
1752788595.165142,896122.000,14650,1,EL,1,100,-17680.599609
1752788595.231642,896188.500,14667,2,EL,1,100,-17681.199219
1752788595.298143,896255.000,14667,2,EL,1,100,-17683.199219
1752788595.365143,896322.000,14684,1,EL,1,100,-17683.800781
1752788595.431644,896388.500,14700,2,EL,1,100,-17683.400391
1752788595.498145,896455.000,14700,2,EL,1,100,-17681.800781
1752788595.565145,896522.000,14718,1,EL,1,100,-17687.199219
1752788595.631646,896588.500,14739,2,EL,1,100,-17685.199219
1752788595.698146,896655.000,14739,2,EL,1,100,-17685.000000
1752788595.764647,896721.500,14756,2,EL,1,100,-17683.599609
1752788595.831147,896788.000,14756,2,EL,1,100,-17683.599609
1752788595.898148,896855.000,14773,1,EL,1,100,-17683.599609
1752788595.964648,896921.500,14792,2,EL,1,100,-17680.800781
1752788596.031149,896988.000,14792,2,EL,1,100,-17683.800781
1752788596.098149,897055.000,14808,1,EL,1,100,-17684.199219
1752788596.164650,897121.500,14826,2,EL,1,100,-17685.800781
1752788596.231151,897188.000,14826,2,EL,1,100,-17683.800781
1752788596.298151,897255.000,14842,1,EL,1,100,-17682.599609
1752788596.364652,897321.500,14857,2,EL,1,100,-17684.800781
1752788596.431152,897388.000,14857,2,EL,1,100,-17686.800781
1752788596.498153,897455.000,14873,1,EL,1,100,-17685.800781
1752788596.564653,897521.500,14891,2,EL,1,100,-17684.800781
1752788596.631154,897588.000,14891,2,EL,1,100,-17691.599609
1752788596.698154,897655.000,14909,1,EL,1,100,-17685.000000
1752788596.764655,897721.500,14924,2,EL,1,100,-17684.000000
1752788596.831156,897788.000,14924,2,EL,1,100,-17683.599609
1752788596.898156,897855.000,14941,1,EL,1,100,-17685.599609
1752788596.964657,897921.500,14958,2,EL,1,100,-17686.199219
1752788597.031157,897988.000,14958,2,EL,1,100,-17691.400391
1752788597.098158,898055.000,14974,1,EL,1,100,-17685.400391
1752788597.164658,898121.500,14992,2,EL,1,100,-17687.000000
1752788597.231159,898188.000,14992,2,EL,1,100,-17685.800781
1752788597.298159,898255.000,15008,1,EL,1,100,-17686.599609
1752788597.364660,898321.500,15025,2,EL,1,100,-17684.199219
1752788597.431160,898388.000,15025,2,EL,1,100,-17685.199219
1752788597.498161,898455.000,15041,1,EL,1,100,-17686.000000
1752788597.564662,898521.500,15058,2,EL,1,100,-17686.400391
1752788597.631162,898588.000,15058,2,EL,1,100,-17696.400391
1752788597.698163,898655.000,15073,1,EL,1,100,-17689.000000
1752788597.764663,898721.500,15092,2,EL,1,100,-17685.000000
1752788597.831164,898788.000,15092,2,EL,1,100,-17687.000000
1752788597.898164,898855.000,15109,2,EL,1,100,-17688.599609
1752788597.965165,898922.000,15109,2,EL,1,100,-17688.400391
1752788598.031165,898988.000,15126,1,EL,1,100,-17696.599609
1752788598.097666,899054.500,15140,2,EL,1,100,-17689.800781
1752788598.164166,899121.000,15140,2,EL,1,100,-17687.000000
1752788598.231167,899188.000,15158,1,EL,1,100,-17692.199219
1752788598.297668,899254.500,15174,2,EL,1,100,-17688.000000
1752788598.364168,899321.000,15174,2,EL,1,100,-17683.800781
1752788598.431169,899388.000,15193,1,EL,1,100,-17690.199219
1752788598.497669,899454.500,15208,2,EL,1,100,-17689.199219
1752788598.564170,899521.000,15208,2,EL,1,100,-17686.199219
1752788598.631170,899588.000,15225,1,EL,1,100,-17694.400391
1752788598.697671,899654.500,15241,2,EL,1,100,-17687.400391
1752788598.764171,899721.000,15241,2,EL,1,100,-17685.800781
1752788598.831172,899788.000,15258,1,EL,1,100,-17689.800781
1752788598.897673,899854.500,15273,2,EL,1,100,-17689.599609
1752788598.964173,899921.000,15273,2,EL,1,100,-17688.199219
1752788599.031174,899988.000,15290,1,EL,1,100,-17695.199219
1752788599.097674,900054.500,15308,2,EL,1,100,-17692.199219
1752788599.164175,900121.000,15308,2,EL,1,100,-17691.000000
1752788599.231175,900188.000,15326,1,EL,1,100,-17694.199219
1752788599.297676,900254.500,15340,2,EL,1,100,-17694.000000
1752788599.364176,900321.000,15340,2,EL,1,100,-17688.599609
1752788599.431177,900388.000,15357,1,EL,1,100,-17688.599609
1752788599.497677,900454.500,15374,2,EL,1,100,-17690.599609
1752788599.564178,900521.000,15374,2,EL,1,100,-17688.000000
1752788599.631179,900588.000,15393,1,EL,1,100,-17688.800781
1752788599.697679,900654.500,15408,2,EL,1,100,-17687.400391
1752788599.764180,900721.000,15408,2,EL,1,100,-17688.800781
1752788599.831180,900788.000,15424,1,EL,1,100,-17690.800781
1752788599.897681,900854.500,15441,2,EL,1,100,-17689.800781
1752788599.964181,900921.000,15441,2,EL,1,100,-17689.800781
1752788600.031182,900988.000,15458,1,EL,1,100,-17696.400391
1752788600.097682,901054.500,15473,2,EL,1,100,-17694.400391
1752788600.164183,901121.000,15473,2,EL,1,100,-17689.199219
1752788600.231184,901188.000,15492,2,EL,1,100,-17691.400391
1752788600.298184,901255.000,15492,2,EL,1,100,-17691.800781
1752788600.364185,901321.000,15508,1,EL,1,100,-17693.400391
1752788600.431185,901388.000,15525,2,EL,1,100,-17690.199219
1752788600.498186,901455.000,15525,2,EL,1,100,-17689.599609
1752788600.564186,901521.000,15542,1,EL,1,100,-17691.599609
1752788600.631187,901588.000,15557,2,EL,1,100,-17694.000000
1752788600.698187,901655.000,15557,2,EL,1,100,-17692.000000
1752788600.764188,901721.000,15573,1,EL,1,100,-17691.000000
1752788600.831188,901788.000,15596,2,EL,1,100,-17689.599609
1752788600.898189,901855.000,15596,2,EL,1,100,-17692.599609
1752788600.964190,901921.000,15616,1,EL,1,100,-17693.400391
1752788601.031190,901988.000,15631,2,EL,1,100,-17694.400391
1752788601.098191,902055.000,15631,2,EL,1,100,-17688.000000
1752788601.164191,902121.000,15647,1,EL,1,100,-17688.400391
1752788601.231192,902188.000,15665,2,EL,1,100,-17692.199219
1752788601.298192,902255.000,15665,2,EL,1,100,-17699.599609
1752788601.364193,902321.000,15681,1,EL,1,100,-17692.400391
1752788601.431193,902388.000,15696,2,EL,1,100,-17696.400391
1752788601.498194,902455.000,15696,2,EL,1,100,-17701.800781
1752788601.564195,902521.000,15715,1,EL,1,100,-17692.599609
1752788601.630695,902587.500,15732,2,EL,1,100,-17692.199219
1752788601.697196,902654.000,15732,2,EL,1,100,-17691.800781
1752788601.764196,902721.000,15748,1,EL,1,100,-17692.800781
1752788601.830697,902787.500,15764,2,EL,1,100,-17692.599609
1752788601.897197,902854.000,15764,2,EL,1,100,-17691.400391
1752788601.964198,902921.000,15780,1,EL,1,100,-17694.199219
1752788602.031198,902988.000,15797,2,EL,1,100,-17694.000000
1752788602.098199,903055.000,15797,2,EL,1,100,-17693.800781
1752788602.164199,903121.000,15815,1,EL,1,100,-17695.599609
1752788602.230700,903187.500,15832,2,EL,1,100,-17694.800781
1752788602.297201,903254.000,15832,2,EL,1,100,-17701.199219
1752788602.364201,903321.000,15847,2,EL,1,100,-17693.599609
1752788602.431202,903388.000,15847,2,EL,1,100,-17693.000000
1752788602.497202,903454.000,15864,1,EL,1,100,-17699.800781
1752788602.564203,903521.000,15881,2,EL,1,100,-17694.800781
1752788602.631203,903588.000,15881,2,EL,1,100,-17692.800781
1752788602.697204,903654.000,15898,1,EL,1,100,-17694.199219
1752788602.764204,903721.000,15914,2,EL,1,100,-17696.000000
1752788602.831205,903788.000,15914,2,EL,1,100,-17692.400391
1752788602.897206,903854.000,15932,1,EL,1,100,-17700.400391
1752788602.964206,903921.000,15948,2,EL,1,100,-17696.199219
1752788603.031207,903988.000,15948,2,EL,1,100,-17694.199219
1752788603.097207,904054.000,15965,1,EL,1,100,-17697.599609
1752788603.164208,904121.000,15980,2,EL,1,100,-17696.800781
1752788603.231208,904188.000,15980,2,EL,1,100,-17693.400391
1752788603.298209,904255.000,15997,1,EL,1,100,-17700.400391
1752788603.364709,904321.500,16015,2,EL,1,100,-17697.800781
1752788603.431210,904388.000,16015,2,EL,1,100,-17692.800781
1752788603.498210,904455.000,16032,1,EL,1,100,-17700.599609
1752788603.564711,904521.500,16047,2,EL,1,100,-17698.400391
1752788603.631212,904588.000,16047,2,EL,1,100,-17694.400391
1752788603.697212,904654.000,16064,1,EL,1,100,-17696.599609
1752788603.764213,904721.000,16080,2,EL,1,100,-17695.000000
1752788603.831213,904788.000,16080,2,EL,1,100,-17694.199219
1752788603.897214,904854.000,16098,1,EL,1,100,-17701.199219
1752788603.964214,904921.000,16114,2,EL,1,100,-17699.199219
1752788604.031215,904988.000,16114,2,EL,1,100,-17697.599609
1752788604.097215,905054.000,16131,1,EL,1,100,-17702.800781
1752788604.164216,905121.000,16148,2,EL,1,100,-17697.400391
1752788604.231217,905188.000,16148,2,EL,1,100,-17693.199219
1752788604.297217,905254.000,16165,1,EL,1,100,-17698.199219
1752788604.364218,905321.000,16180,2,EL,1,100,-17698.599609
1752788604.431218,905388.000,16180,2,EL,1,100,-17696.599609
1752788604.497219,905454.000,16196,1,EL,1,100,-17699.400391
1752788604.564219,905521.000,16215,2,EL,1,100,-17699.599609
1752788604.631220,905588.000,16215,2,EL,1,100,-17698.400391
1752788604.697720,905654.500,16232,2,EL,1,100,-17696.800781
1752788604.764221,905721.000,16232,2,EL,1,100,-17693.400391
1752788604.830221,905787.000,16248,1,EL,1,100,-17695.000000
1752788604.897222,905854.000,16264,2,EL,1,100,-17698.000000
1752788604.964223,905921.000,16264,2,EL,1,100,-17700.400391
1752788605.030223,905987.000,16280,1,EL,1,100,-17697.800781
1752788605.097224,906054.000,16297,2,EL,1,100,-17699.199219
1752788605.164224,906121.000,16297,2,EL,1,100,-17699.000000
1752788605.230225,906187.000,16316,1,EL,1,100,-17697.800781
1752788605.297225,906254.000,16331,2,EL,1,100,-17697.000000
1752788605.364226,906321.000,16331,2,EL,1,100,-17695.599609
1752788605.430226,906387.000,16347,1,EL,1,100,-17698.400391
1752788605.497227,906454.000,16365,2,EL,1,100,-17699.199219
1752788605.564227,906521.000,16365,2,EL,1,100,-17696.400391
1752788605.630228,906587.000,16381,1,EL,1,100,-17699.199219
1752788605.697229,906654.000,16396,2,EL,1,100,-17700.800781
1752788605.764229,906721.000,16396,2,EL,1,100,-17702.000000
1752788605.830230,906787.000,16414,1,EL,1,100,-17698.599609
1752788605.897230,906854.000,16439,2,EL,1,100,-17699.400391
1752788605.964231,906921.000,16439,2,EL,1,100,-17704.000000
1752788606.031231,906988.000,16455,1,EL,1,100,-17698.400391
1752788606.097732,907054.500,16470,2,EL,1,100,-17696.800781
1752788606.164232,907121.000,16470,2,EL,1,100,-17700.400391
1752788606.230233,907187.000,16487,1,EL,1,100,-17700.800781
1752788606.297234,907254.000,16506,2,EL,1,100,-17698.199219
1752788606.364234,907321.000,16506,2,EL,1,100,-17698.800781
1752788606.430235,907387.000,16522,1,EL,1,100,-17699.400391
1752788606.497235,907454.000,16539,2,EL,1,100,-17701.599609
1752788606.564236,907521.000,16539,2,EL,1,100,-17700.800781
1752788606.630236,907587.000,16554,1,EL,1,100,-17698.800781
1752788606.697237,907654.000,16571,2,EL,1,100,-17699.000000
1752788606.764237,907721.000,16571,2,EL,1,100,-17700.599609
1752788606.830738,907787.500,16588,2,EL,1,100,-17701.400391
1752788606.897238,907854.000,16588,2,EL,1,100,-17701.599609
1752788606.964239,907921.000,16607,1,EL,1,100,-17708.800781
1752788607.030740,907987.500,16621,2,EL,1,100,-17701.400391
1752788607.097240,908054.000,16621,2,EL,1,100,-17698.400391
1752788607.164241,908121.000,16638,1,EL,1,100,-17706.599609
1752788607.230741,908187.500,16655,2,EL,1,100,-17701.000000
1752788607.297242,908254.000,16655,2,EL,1,100,-17703.199219
1752788607.364242,908321.000,16672,1,EL,1,100,-17703.199219
1752788607.430743,908387.500,16686,2,EL,1,100,-17702.000000
1752788607.497243,908454.000,16686,2,EL,1,100,-17702.000000
1752788607.564244,908521.000,16704,1,EL,1,100,-17702.199219
1752788607.630745,908587.500,16722,2,EL,1,100,-17701.599609
1752788607.697245,908654.000,16722,2,EL,1,100,-17701.000000
1752788607.764246,908721.000,16739,1,EL,1,100,-17709.599609
1752788607.830746,908787.500,16754,2,EL,1,100,-17706.199219
1752788607.897247,908854.000,16754,2,EL,1,100,-17701.000000
1752788607.964247,908921.000,16771,1,EL,1,100,-17706.400391
1752788608.030748,908987.500,16787,2,EL,1,100,-17704.000000
1752788608.097248,909054.000,16787,2,EL,1,100,-17699.800781
1752788608.164249,909121.000,16804,1,EL,1,100,-17707.000000
1752788608.230749,909187.500,16821,2,EL,1,100,-17704.000000
1752788608.297250,909254.000,16821,2,EL,1,100,-17703.400391
1752788608.364251,909321.000,16838,1,EL,1,100,-17702.000000
1752788608.430751,909387.500,16854,2,EL,1,100,-17701.000000
1752788608.497252,909454.000,16854,2,EL,1,100,-17705.800781
1752788608.564252,909521.000,16872,1,EL,1,100,-17707.800781
1752788608.630753,909587.500,16887,2,EL,1,100,-17703.199219
1752788608.697253,909654.000,16887,2,EL,1,100,-17700.199219
1752788608.764254,909721.000,16903,1,EL,1,100,-17706.400391
1752788608.830754,909787.500,16922,2,EL,1,100,-17706.000000
1752788608.897255,909854.000,16922,2,EL,1,100,-17700.400391
1752788608.963256,909920.000,16939,1,EL,1,100,-17701.599609
1752788609.030256,909987.000,16954,2,EL,1,100,-17701.800781
1752788609.097257,910054.000,16954,2,EL,1,100,-17704.000000
1752788609.163757,910120.500,16971,2,EL,1,100,-17701.400391
1752788609.230258,910187.000,16971,2,EL,1,100,-17700.800781
1752788609.297258,910254.000,16987,1,EL,1,100,-17706.800781
1752788609.363759,910320.500,17006,2,EL,1,100,-17701.000000
1752788609.430259,910387.000,17006,2,EL,1,100,-17702.599609
1752788609.497260,910454.000,17022,1,EL,1,100,-17707.199219
1752788609.563760,910520.500,17038,2,EL,1,100,-17709.000000
1752788609.630261,910587.000,17038,2,EL,1,100,-17706.599609
1752788609.697262,910654.000,17054,1,EL,1,100,-17701.800781
1752788609.763762,910720.500,17071,2,EL,1,100,-17707.199219
1752788609.830263,910787.000,17071,2,EL,1,100,-17710.800781
1752788609.897263,910854.000,17088,1,EL,1,100,-17703.800781
1752788609.963764,910920.500,17105,2,EL,1,100,-17706.800781
1752788610.030264,910987.000,17105,2,EL,1,100,-17709.800781
1752788610.097265,911054.000,17121,1,EL,1,100,-17703.599609
1752788610.163765,911120.500,17139,2,EL,1,100,-17704.599609
1752788610.230266,911187.000,17139,2,EL,1,100,-17703.000000
1752788610.297267,911254.000,17155,1,EL,1,100,-17705.400391
1752788610.363767,911320.500,17170,2,EL,1,100,-17708.599609
1752788610.430268,911387.000,17170,2,EL,1,100,-17710.199219
1752788610.497268,911454.000,17186,1,EL,1,100,-17704.599609
1752788610.563769,911520.500,17204,2,EL,1,100,-17706.800781
1752788610.630269,911587.000,17204,2,EL,1,100,-17712.000000
1752788610.697270,911654.000,17222,1,EL,1,100,-17705.599609
1752788610.763770,911720.500,17237,2,EL,1,100,-17706.800781
1752788610.830271,911787.000,17237,2,EL,1,100,-17712.000000
1752788610.897271,911854.000,17254,1,EL,1,100,-17705.400391
1752788610.963772,911920.500,17273,2,EL,1,100,-17707.400391
1752788611.030273,911987.000,17273,2,EL,1,100,-17712.599609
1752788611.097273,912054.000,17294,1,EL,1,100,-17706.599609
1752788611.163774,912120.500,17310,2,EL,1,100,-17706.400391
1752788611.230274,912187.000,17310,2,EL,1,100,-17703.199219
1752788611.297275,912254.000,17328,1,EL,1,100,-17704.800781
1752788611.363775,912320.500,17345,2,EL,1,100,-17705.599609
1752788611.430276,912387.000,17345,2,EL,1,100,-17709.800781
1752788611.496776,912453.500,17362,2,EL,1,100,-17709.000000
1752788611.563277,912520.000,17362,2,EL,1,100,-17710.199219
1752788611.630278,912587.000,17379,1,EL,1,100,-17706.199219
1752788611.696778,912653.500,17393,2,EL,1,100,-17707.800781
1752788611.763279,912720.000,17393,2,EL,1,100,-17708.400391
1752788611.830279,912787.000,17410,1,EL,1,100,-17710.599609
1752788611.896780,912853.500,17429,2,EL,1,100,-17707.199219
1752788611.963280,912920.000,17429,2,EL,1,100,-17710.000000
1752788612.030281,912987.000,17446,1,EL,1,100,-17716.199219
1752788612.096781,913053.500,17460,2,EL,1,100,-17710.400391
1752788612.163282,913120.000,17460,2,EL,1,100,-17711.000000
1752788612.230282,913187.000,17478,1,EL,1,100,-17721.000000
1752788612.296783,913253.500,17494,2,EL,1,100,-17689.599609
1752788612.363284,913320.000,17494,2,EL,1,100,-17690.400391
1752788612.430284,913387.000,17513,1,EL,1,100,-17708.599609
1752788612.496785,913453.500,17528,2,EL,1,100,-17709.599609
1752788612.563285,913520.000,17528,2,EL,1,100,-17710.599609
1752788612.630286,913587.000,17545,1,EL,1,100,-17710.000000
1752788612.696786,913653.500,17561,2,EL,1,100,-17707.800781
1752788612.763287,913720.000,17561,2,EL,1,100,-17711.599609
1752788612.830287,913787.000,17578,1,EL,1,100,-17711.199219
1752788612.896788,913853.500,17593,2,EL,1,100,-17709.000000
1752788612.963288,913920.000,17593,2,EL,1,100,-17709.199219
1752788613.030289,913987.000,17612,1,EL,1,100,-17705.599609
1752788613.096790,914053.500,17628,2,EL,1,100,-17706.400391
1752788613.163290,914120.000,17628,2,EL,1,100,-17713.000000
1752788613.230291,914187.000,17646,1,EL,1,100,-17714.199219
1752788613.296791,914253.500,17660,2,EL,1,100,-17711.199219
1752788613.363292,914320.000,17660,2,EL,1,100,-17710.400391
1752788613.430292,914387.000,17677,1,EL,1,100,-17712.199219
1752788613.496793,914453.500,17694,2,EL,1,100,-17713.800781
1752788613.563293,914520.000,17694,2,EL,1,100,-17711.400391
1752788613.630294,914587.000,17713,1,EL,1,100,-17710.800781
1752788613.696795,914653.500,17728,2,EL,1,100,-17707.800781
1752788613.763295,914720.000,17728,2,EL,1,100,-17709.800781
1752788613.829796,914786.500,17745,2,EL,1,100,-17711.400391
1752788613.896296,914853.000,17745,2,EL,1,100,-17708.199219
1752788613.963297,914920.000,17761,1,EL,1,100,-17709.199219
1752788614.029797,914986.500,17778,2,EL,1,100,-17710.800781
1752788614.096298,915053.000,17778,2,EL,1,100,-17711.199219
1752788614.163298,915120.000,17794,1,EL,1,100,-17711.400391
1752788614.229799,915186.500,17810,2,EL,1,100,-17712.599609
1752788614.296299,915253.000,17810,2,EL,1,100,-17713.599609
1752788614.363300,915320.000,17828,1,EL,1,100,-17708.800781
1752788614.429801,915386.500,17845,2,EL,1,100,-17711.000000
1752788614.496301,915453.000,17845,2,EL,1,100,-17712.199219
1752788614.563302,915520.000,17862,1,EL,1,100,-17711.000000
1752788614.629802,915586.500,17877,2,EL,1,100,-17715.000000
1752788614.696303,915653.000,17877,2,EL,1,100,-17714.599609
1752788614.763303,915720.000,17893,1,EL,1,100,-17710.000000
1752788614.829804,915786.500,17913,2,EL,1,100,-17710.400391
1752788614.896304,915853.000,17913,2,EL,1,100,-17711.199219
1752788614.963305,915920.000,17929,1,EL,1,100,-17709.599609
1752788615.029806,915986.500,17944,2,EL,1,100,-17711.599609
1752788615.096306,916053.000,17944,2,EL,1,100,-17710.599609
1752788615.163307,916120.000,17960,1,EL,1,100,-17710.000000
1752788615.229807,916186.500,17978,2,EL,1,100,-17713.400391
1752788615.296308,916253.000,17978,2,EL,1,100,-17717.000000
1752788615.363308,916320.000,17994,1,EL,1,100,-17711.800781
1752788615.429809,916386.500,18011,2,EL,1,100,-17715.400391
1752788615.496309,916453.000,18011,2,EL,1,100,-17718.000000
1752788615.563310,916520.000,18028,1,EL,1,100,-17712.800781
1752788615.629810,916586.500,18045,2,EL,1,100,-17714.800781
1752788615.696311,916653.000,18045,2,EL,1,100,-17717.000000
1752788615.763312,916720.000,18061,1,EL,1,100,-17713.400391
1752788615.829812,916786.500,18078,2,EL,1,100,-17715.000000
1752788615.896313,916853.000,18078,2,EL,1,100,-17712.599609
1752788615.963313,916920.000,18095,1,EL,1,100,-17712.800781
1752788616.029814,916986.500,18114,2,EL,1,100,-17714.199219
1752788616.096314,917053.000,18114,2,EL,1,100,-17713.800781
1752788616.162982,917119.667,18135,3,EL,1,100,-17713.000000
1752788616.229649,917186.333,18135,3,EL,1,100,-17712.400391
1752788616.296316,917253.000,18135,3,EL,1,100,-17713.400391
1752788616.363317,917320.000,18151,1,EL,1,100,-17721.599609
1752788616.429817,917386.500,18168,2,EL,1,100,-17711.199219
1752788616.496318,917453.000,18168,2,EL,1,100,-17714.400391
1752788616.563318,917520.000,18187,1,EL,1,100,-17715.199219
1752788616.629819,917586.500,18202,2,EL,1,100,-17713.400391
1752788616.696319,917653.000,18202,2,EL,1,100,-17720.199219
1752788616.763320,917720.000,18218,1,EL,1,100,-17713.599609
1752788616.829820,917786.500,18236,2,EL,1,100,-17713.599609
1752788616.896321,917853.000,18236,2,EL,1,100,-17720.400391
1752788616.963321,917920.000,18252,1,EL,1,100,-17713.400391
1752788617.029822,917986.500,18270,2,EL,1,100,-17714.199219
1752788617.096323,918053.000,18270,2,EL,1,100,-17721.000000
1752788617.163323,918120.000,18285,1,EL,1,100,-17713.800781
1752788617.229824,918186.500,18303,2,EL,1,100,-17711.800781
1752788617.296324,918253.000,18303,2,EL,1,100,-17718.199219
1752788617.362825,918319.500,18319,2,EL,1,100,-17713.199219
1752788617.429325,918386.000,18319,2,EL,1,100,-17709.400391
1752788617.496326,918453.000,18336,1,EL,1,100,-17720.199219
1752788617.562826,918519.500,18351,2,EL,1,100,-17715.599609
1752788617.629327,918586.000,18351,2,EL,1,100,-17713.599609
1752788617.696328,918653.000,18370,1,EL,1,100,-17723.199219
1752788617.762828,918719.500,18386,2,EL,1,100,-17716.400391
1752788617.829329,918786.000,18386,2,EL,1,100,-17712.199219
1752788617.896329,918853.000,18404,1,EL,1,100,-17718.599609
1752788617.962830,918919.500,18418,2,EL,1,100,-17718.800781
1752788618.029330,918986.000,18418,2,EL,1,100,-17712.199219
1752788618.096331,919053.000,18435,1,EL,1,100,-17713.800781
1752788618.162831,919119.500,18452,2,EL,1,100,-17713.199219
1752788618.229332,919186.000,18452,2,EL,1,100,-17715.400391
1752788618.296332,919253.000,18471,1,EL,1,100,-17715.000000
1752788618.362833,919319.500,18485,2,EL,1,100,-17715.400391
1752788618.429334,919386.000,18485,2,EL,1,100,-17716.800781
1752788618.496334,919453.000,18502,1,EL,1,100,-17716.800781
1752788618.562835,919519.500,18519,2,EL,1,100,-17714.199219
1752788618.629335,919586.000,18519,2,EL,1,100,-17715.000000
1752788618.696336,919653.000,18536,1,EL,1,100,-17722.599609
1752788618.762836,919719.500,18552,2,EL,1,100,-17720.199219
1752788618.829337,919786.000,18552,2,EL,1,100,-17713.800781
1752788618.896337,919853.000,18570,1,EL,1,100,-17717.000000
1752788618.962838,919919.500,18586,2,EL,1,100,-17718.599609
1752788619.029338,919986.000,18586,2,EL,1,100,-17714.400391
1752788619.096339,920053.000,18603,1,EL,1,100,-17716.000000
1752788619.162840,920119.500,18619,2,EL,1,100,-17717.199219
1752788619.229340,920186.000,18619,2,EL,1,100,-17717.000000
1752788619.296341,920253.000,18635,1,EL,1,100,-17718.199219
1752788619.362841,920319.500,18653,2,EL,1,100,-17716.599609
1752788619.429342,920386.000,18653,2,EL,1,100,-17719.000000
1752788619.495842,920452.500,18671,2,EL,1,100,-17720.400391
1752788619.562343,920519.000,18671,2,EL,1,100,-17716.000000
1752788619.629343,920586.000,18687,1,EL,1,100,-17713.000000
1752788619.695844,920652.500,18702,2,EL,1,100,-17716.800781
1752788619.762345,920719.000,18702,2,EL,1,100,-17721.000000
1752788619.829345,920786.000,18718,1,EL,1,100,-17719.400391
1752788619.895846,920852.500,18738,2,EL,1,100,-17721.000000
1752788619.962346,920919.000,18738,2,EL,1,100,-17722.199219
1752788620.029347,920986.000,18754,1,EL,1,100,-17717.400391
1752788620.095847,921052.500,18769,2,EL,1,100,-17719.400391
1752788620.162348,921119.000,18769,2,EL,1,100,-17720.199219
1752788620.229348,921186.000,18786,1,EL,1,100,-17720.000000
1752788620.295849,921252.500,18803,2,EL,1,100,-17720.599609
1752788620.362349,921319.000,18803,2,EL,1,100,-17720.400391
1752788620.429350,921386.000,18819,1,EL,1,100,-17720.000000
1752788620.495851,921452.500,18837,2,EL,1,100,-17719.000000
1752788620.562351,921519.000,18837,2,EL,1,100,-17718.800781
1752788620.629352,921586.000,18853,1,EL,1,100,-17719.000000
1752788620.695852,921652.500,18870,2,EL,1,100,-17719.400391
1752788620.762353,921719.000,18870,2,EL,1,100,-17719.000000
1752788620.829353,921786.000,18886,1,EL,1,100,-17719.199219
1752788620.895854,921852.500,18904,2,EL,1,100,-17724.400391
1752788620.962354,921919.000,18904,2,EL,1,100,-17729.800781
1752788621.029355,921986.000,18920,1,EL,1,100,-17723.599609
1752788621.095856,922052.500,18939,2,EL,1,100,-17722.199219
1752788621.162356,922119.000,18939,2,EL,1,100,-17721.199219
1752788621.229357,922186.000,18956,1,EL,1,100,-17720.400391
1752788621.295857,922252.500,18979,2,EL,1,100,-17719.400391
1752788621.362358,922319.000,18979,2,EL,1,100,-17718.400391
1752788621.429358,922386.000,18994,1,EL,1,100,-17719.199219
1752788621.495859,922452.500,19012,2,EL,1,100,-17716.000000
1752788621.562359,922519.000,19012,2,EL,1,100,-17714.199219
1752788621.629360,922586.000,19028,2,EL,1,100,-17709.599609
1752788621.696360,922653.000,19028,2,EL,1,100,-17711.599609
1752788621.762361,922719.000,19047,1,EL,1,100,-17712.400391
1752788621.828862,922785.500,19062,2,EL,1,100,-17717.400391
1752788621.895362,922852.000,19062,2,EL,1,100,-17721.000000
1752788621.962363,922919.000,19079,1,EL,1,100,-17730.800781
1752788622.028863,922985.500,19095,2,EL,1,100,-17721.400391
1752788622.095364,923052.000,19095,2,EL,1,100,-17720.599609
1752788622.162364,923119.000,19112,1,EL,1,100,-17721.800781
1752788622.228865,923185.500,19129,2,EL,1,100,-17722.000000
1752788622.295365,923252.000,19129,2,EL,1,100,-17721.599609
1752788622.362366,923319.000,19146,1,EL,1,100,-17722.400391
1752788622.428867,923385.500,19162,2,EL,1,100,-17723.800781
1752788622.495367,923452.000,19162,2,EL,1,100,-17723.400391
1752788622.562368,923519.000,19180,1,EL,1,100,-17725.400391
1752788622.628868,923585.500,19194,2,EL,1,100,-17723.800781
1752788622.695369,923652.000,19194,2,EL,1,100,-17721.800781
1752788622.762369,923719.000,19211,1,EL,1,100,-17723.000000
1752788622.828870,923785.500,19230,2,EL,1,100,-17724.000000
1752788622.895370,923852.000,19230,2,EL,1,100,-17721.599609
1752788622.962371,923919.000,19247,1,EL,1,100,-17727.599609
1752788623.028871,923985.500,19261,2,EL,1,100,-17725.400391
1752788623.095372,924052.000,19261,2,EL,1,100,-17721.800781
1752788623.162373,924119.000,19278,1,EL,1,100,-17727.599609
1752788623.228873,924185.500,19295,2,EL,1,100,-17723.800781
1752788623.295374,924252.000,19295,2,EL,1,100,-17724.800781
1752788623.362374,924319.000,19312,1,EL,1,100,-17723.400391
1752788623.428875,924385.500,19328,2,EL,1,100,-17722.400391
1752788623.495375,924452.000,19328,2,EL,1,100,-17721.599609
1752788623.562376,924519.000,19346,1,EL,1,100,-17726.000000
1752788623.628876,924585.500,19362,2,EL,1,100,-17726.800781
1752788623.695377,924652.000,19362,2,EL,1,100,-17722.199219
1752788623.762378,924719.000,19379,1,EL,1,100,-17725.199219
1752788623.828878,924785.500,19395,2,EL,1,100,-17728.199219
1752788623.895379,924852.000,19395,2,EL,1,100,-17724.400391
1752788623.962379,924919.000,19411,1,EL,1,100,-17727.000000
1752788624.028880,924985.500,19429,2,EL,1,100,-17728.800781
1752788624.095380,925052.000,19429,2,EL,1,100,-17725.599609
1752788624.162381,925119.000,19447,2,EL,1,100,-17729.599609
1752788624.229381,925186.000,19447,2,EL,1,100,-17729.000000
1752788624.295382,925252.000,19463,1,EL,1,100,-17725.199219
1752788624.362382,925319.000,19478,2,EL,1,100,-17726.000000
1752788624.429383,925386.000,19478,2,EL,1,100,-17724.000000
1752788624.495384,925452.000,19494,1,EL,1,100,-17723.599609
1752788624.562384,925519.000,19512,2,EL,1,100,-17726.199219
1752788624.629385,925586.000,19512,2,EL,1,100,-17725.400391
1752788624.695385,925652.000,19530,1,EL,1,100,-17724.800781
1752788624.762386,925719.000,19545,2,EL,1,100,-17727.199219
1752788624.829386,925786.000,19545,2,EL,1,100,-17727.000000
1752788624.895387,925852.000,19562,1,EL,1,100,-17723.199219
1752788624.961887,925918.500,19579,2,EL,1,100,-17727.199219
1752788625.028388,925985.000,19579,2,EL,1,100,-17732.000000
1752788625.095389,926052.000,19595,1,EL,1,100,-17727.000000
1752788625.161889,926118.500,19611,2,EL,1,100,-17726.400391
1752788625.228390,926185.000,19611,2,EL,1,100,-17723.800781
1752788625.295390,926252.000,19629,1,EL,1,100,-17725.199219
1752788625.361891,926318.500,19646,2,EL,1,100,-17724.599609
1752788625.428391,926385.000,19646,2,EL,1,100,-17726.199219
1752788625.495392,926452.000,19662,1,EL,1,100,-17727.599609
1752788625.561892,926518.500,19678,2,EL,1,100,-17728.800781
1752788625.628393,926585.000,19678,2,EL,1,100,-17733.400391
1752788625.695393,926652.000,19694,1,EL,1,100,-17727.800781
1752788625.761894,926718.500,19713,2,EL,1,100,-17725.599609
1752788625.828395,926785.000,19713,2,EL,1,100,-17729.599609
1752788625.895395,926852.000,19730,1,EL,1,100,-17727.400391
1752788625.961896,926918.500,19748,2,EL,1,100,-17729.000000
1752788626.028396,926985.000,19748,2,EL,1,100,-17731.800781
1752788626.095397,927052.000,19763,1,EL,1,100,-17729.199219
1752788626.161897,927118.500,19781,2,EL,1,100,-17729.400391
1752788626.228398,927185.000,19781,2,EL,1,100,-17730.199219
1752788626.295398,927252.000,19799,2,EL,1,100,-17730.400391
1752788626.362399,927319.000,19799,2,EL,1,100,-17728.599609
1752788626.428399,927385.000,19821,1,EL,1,100,-17724.000000
1752788626.495400,927452.000,19836,2,EL,1,100,-17725.800781
1752788626.562401,927519.000,19836,2,EL,1,100,-17728.400391
1752788626.628401,927585.000,19853,1,EL,1,100,-17735.000000
1752788626.695402,927652.000,19869,2,EL,1,100,-17729.800781
1752788626.762402,927719.000,19869,2,EL,1,100,-17725.599609
1752788626.828403,927785.000,19888,1,EL,1,100,-17728.000000
1752788626.895403,927852.000,19903,2,EL,1,100,-17725.400391
1752788626.962404,927919.000,19903,2,EL,1,100,-17729.199219
1752788627.028404,927985.000,19920,1,EL,1,100,-17734.800781
1752788627.095405,928052.000,19936,2,EL,1,100,-17731.599609
1752788627.162406,928119.000,19936,2,EL,1,100,-17731.199219
1752788627.228406,928185.000,19954,1,EL,1,100,-17733.800781
1752788627.295407,928252.000,19968,2,EL,1,100,-17731.400391
1752788627.362407,928319.000,19968,2,EL,1,100,-17727.199219
1752788627.428408,928385.000,19987,1,EL,1,100,-17728.000000
1752788627.495408,928452.000,20004,2,EL,1,100,-17730.400391
1752788627.562409,928519.000,20004,2,EL,1,100,-17728.199219
1752788627.628409,928585.000,20021,1,EL,1,100,-17730.400391
1752788627.695410,928652.000,20035,2,EL,1,100,-17729.000000
1752788627.762410,928719.000,20035,2,EL,1,100,-17728.800781
1752788627.828411,928785.000,20052,1,EL,1,100,-17732.400391
1752788627.895412,928852.000,20069,2,EL,1,100,-17731.599609
1752788627.962412,928919.000,20069,2,EL,1,100,-17731.000000
1752788628.028413,928985.000,20088,1,EL,1,100,-17732.800781
1752788628.094913,929051.500,20103,2,EL,1,100,-17732.599609
1752788628.161414,929118.000,20103,2,EL,1,100,-17732.199219
1752788628.228414,929185.000,20120,1,EL,1,100,-17732.400391
1752788628.295415,929252.000,20136,2,EL,1,100,-17730.599609
1752788628.362415,929319.000,20136,2,EL,1,100,-17728.000000
1752788628.428916,929385.500,20153,2,EL,1,100,-17731.000000
1752788628.495417,929452.000,20153,2,EL,1,100,-17732.400391
1752788628.561417,929518.000,20172,1,EL,1,100,-17732.599609
1752788628.628418,929585.000,20187,2,EL,1,100,-17731.199219
1752788628.695418,929652.000,20187,2,EL,1,100,-17727.800781
1752788628.761419,929718.000,20203,1,EL,1,100,-17728.400391
1752788628.828419,929785.000,20221,2,EL,1,100,-17735.400391
1752788628.895420,929852.000,20221,2,EL,1,100,-17738.199219
1752788628.961420,929918.000,20237,1,EL,1,100,-17732.599609
1752788629.028421,929985.000,20254,2,EL,1,100,-17732.400391
1752788629.095421,930052.000,20254,2,EL,1,100,-17730.400391
1752788629.161422,930118.000,20270,1,EL,1,100,-17732.400391
1752788629.228423,930185.000,20288,2,EL,1,100,-17734.800781
1752788629.295423,930252.000,20288,2,EL,1,100,-17735.199219
1752788629.361424,930318.000,20304,1,EL,1,100,-17729.400391
1752788629.428424,930385.000,20319,2,EL,1,100,-17733.599609
1752788629.495425,930452.000,20319,2,EL,1,100,-17738.199219
1752788629.561425,930518.000,20336,1,EL,1,100,-17730.800781
1752788629.628426,930585.000,20355,2,EL,1,100,-17730.000000
1752788629.695426,930652.000,20355,2,EL,1,100,-17731.000000
1752788629.761427,930718.000,20371,1,EL,1,100,-17735.800781
1752788629.828428,930785.000,20387,2,EL,1,100,-17732.800781
1752788629.895428,930852.000,20387,2,EL,1,100,-17729.800781
1752788629.961429,930918.000,20403,1,EL,1,100,-17736.199219
1752788630.028429,930985.000,20420,2,EL,1,100,-17733.199219
1752788630.095430,931052.000,20420,2,EL,1,100,-17730.599609
1752788630.161430,931118.000,20438,1,EL,1,100,-17732.599609
1752788630.228431,931185.000,20455,2,EL,1,100,-17732.800781
1752788630.295431,931252.000,20455,2,EL,1,100,-17740.400391
1752788630.361432,931318.000,20470,1,EL,1,100,-17731.199219
1752788630.428432,931385.000,20487,2,EL,1,100,-17731.000000
1752788630.495433,931452.000,20487,2,EL,1,100,-17740.599609
1752788630.561934,931518.500,20504,2,EL,1,100,-17734.800781
1752788630.628434,931585.000,20504,2,EL,1,100,-17732.199219
1752788630.695435,931652.000,20523,1,EL,1,100,-17731.000000
1752788630.761935,931718.500,20537,2,EL,1,100,-17732.599609
1752788630.828436,931785.000,20537,2,EL,1,100,-17736.400391
1752788630.895436,931852.000,20555,1,EL,1,100,-17733.800781
1752788630.961937,931918.500,20573,2,EL,1,100,-17735.000000
1752788631.028437,931985.000,20573,2,EL,1,100,-17735.800781
1752788631.095438,932052.000,20590,1,EL,1,100,-17735.199219
1752788631.161939,932118.500,20607,2,EL,1,100,-17736.400391
1752788631.228439,932185.000,20607,2,EL,1,100,-17735.000000
1752788631.295440,932252.000,20624,1,EL,1,100,-17743.000000
1752788631.361940,932318.500,20640,2,EL,1,100,-17736.800781
1752788631.428441,932385.000,20640,2,EL,1,100,-17731.599609
1752788631.494941,932451.500,20663,2,EL,1,100,-17738.199219
1752788631.561442,932518.000,20663,2,EL,1,100,-17738.000000
1752788631.628442,932585.000,20679,1,EL,1,100,-17735.199219
1752788631.694943,932651.500,20694,2,EL,1,100,-17736.400391
1752788631.761443,932718.000,20694,2,EL,1,100,-17738.599609
1752788631.828444,932785.000,20710,1,EL,1,100,-17734.400391
1752788631.894945,932851.500,20730,2,EL,1,100,-17731.000000
1752788631.961445,932918.000,20730,2,EL,1,100,-17733.199219
1752788632.028446,932985.000,20746,1,EL,1,100,-17734.400391
1752788632.094946,933051.500,20761,2,EL,1,100,-17735.000000
1752788632.161447,933118.000,20761,2,EL,1,100,-17736.599609
1752788632.228447,933185.000,20778,1,EL,1,100,-17739.000000
1752788632.294948,933251.500,20795,2,EL,1,100,-17737.800781
1752788632.361448,933318.000,20795,2,EL,1,100,-17739.000000
1752788632.428449,933385.000,20813,1,EL,1,100,-17731.400391
1752788632.494950,933451.500,20829,2,EL,1,100,-17734.400391
1752788632.561450,933518.000,20829,2,EL,1,100,-17741.800781
1752788632.628451,933585.000,20845,1,EL,1,100,-17736.199219
1752788632.694951,933651.500,20862,2,EL,1,100,-17736.599609
1752788632.761452,933718.000,20862,2,EL,1,100,-17734.000000
1752788632.828452,933785.000,20880,1,EL,1,100,-17735.000000
1752788632.894953,933851.500,20896,2,EL,1,100,-17734.199219
1752788632.961453,933918.000,20896,2,EL,1,100,-17736.599609
1752788633.028454,933985.000,20912,1,EL,1,100,-17738.599609
1752788633.094954,934051.500,20929,2,EL,1,100,-17738.000000
1752788633.161455,934118.000,20929,2,EL,1,100,-17737.800781
1752788633.228456,934185.000,20946,1,EL,1,100,-17737.000000
1752788633.294956,934251.500,20964,2,EL,1,100,-17737.800781
1752788633.361457,934318.000,20964,2,EL,1,100,-17742.400391
1752788633.428457,934385.000,20979,1,EL,1,100,-17733.199219
1752788633.494958,934451.500,20997,2,EL,1,100,-17731.800781
1752788633.561458,934518.000,20997,2,EL,1,100,-17743.400391
1752788633.627959,934584.500,21013,2,EL,1,100,-17736.400391
1752788633.694459,934651.000,21013,2,EL,1,100,-17733.800781
1752788633.761460,934718.000,21030,1,EL,1,100,-17736.000000
1752788633.827960,934784.500,21047,2,EL,1,100,-17736.599609
1752788633.894461,934851.000,21047,2,EL,1,100,-17693.599609
1752788633.961462,934918.000,21064,1,EL,1,100,-17694.800781
1752788634.027962,934984.500,21080,2,EL,1,100,-17740.800781
1752788634.094463,935051.000,21080,2,EL,1,100,-17746.000000
1752788634.161463,935118.000,21097,1,EL,1,100,-17740.599609
1752788634.227964,935184.500,21112,2,EL,1,100,-17739.400391
1752788634.294464,935251.000,21112,2,EL,1,100,-17740.599609
1752788634.361465,935318.000,21129,1,EL,1,100,-17745.199219
1752788634.427965,935384.500,21147,2,EL,1,100,-17740.000000
1752788634.494466,935451.000,21147,2,EL,1,100,-17737.800781
1752788634.561467,935518.000,21165,1,EL,1,100,-17747.400391
1752788634.627967,935584.500,21179,2,EL,1,100,-17741.400391
1752788634.694468,935651.000,21179,2,EL,1,100,-17735.800781
1752788634.761468,935718.000,21196,1,EL,1,100,-17736.199219
1752788634.827969,935784.500,21213,2,EL,1,100,-17737.000000
1752788634.894469,935851.000,21213,2,EL,1,100,-17739.000000
1752788634.961470,935918.000,21230,1,EL,1,100,-17745.199219
1752788635.027970,935984.500,21244,2,EL,1,100,-17741.599609
1752788635.094471,936051.000,21244,2,EL,1,100,-17738.800781
1752788635.161471,936118.000,21263,1,EL,1,100,-17735.000000
1752788635.227972,936184.500,21280,2,EL,1,100,-17736.400391
1752788635.294473,936251.000,21280,2,EL,1,100,-17738.199219
1752788635.361473,936318.000,21297,1,EL,1,100,-17746.199219
1752788635.427974,936384.500,21312,2,EL,1,100,-17743.400391
1752788635.494474,936451.000,21312,2,EL,1,100,-17740.400391
1752788635.561475,936518.000,21331,1,EL,1,100,-17740.400391
1752788635.627975,936584.500,21347,2,EL,1,100,-17738.199219
1752788635.694476,936651.000,21347,2,EL,1,100,-17735.800781
1752788635.761476,936718.000,21364,1,EL,1,100,-17741.800781
1752788635.827977,936784.500,21380,2,EL,1,100,-17742.599609
1752788635.894478,936851.000,21380,2,EL,1,100,-17737.800781
1752788635.960978,936917.500,21398,2,EL,1,100,-17741.599609
1752788636.027479,936984.000,21398,2,EL,1,100,-17744.000000
1752788636.094479,937051.000,21414,1,EL,1,100,-17739.400391
1752788636.160980,937117.500,21432,2,EL,1,100,-17743.599609
1752788636.227480,937184.000,21432,2,EL,1,100,-17741.800781
1752788636.294481,937251.000,21448,1,EL,1,100,-17738.000000
1752788636.360981,937317.500,21465,2,EL,1,100,-17739.400391
1752788636.427482,937384.000,21465,2,EL,1,100,-17737.800781
1752788636.494482,937451.000,21481,1,EL,1,100,-17741.400391
1752788636.560983,937517.500,21499,2,EL,1,100,-17744.000000
1752788636.627484,937584.000,21499,2,EL,1,100,-17745.800781
1752788636.694484,937651.000,21520,1,EL,1,100,-17742.000000
1752788636.760985,937717.500,21535,2,EL,1,100,-17742.400391
1752788636.827485,937784.000,21535,2,EL,1,100,-17742.800781
1752788636.894486,937851.000,21554,1,EL,1,100,-17741.000000
1752788636.960986,937917.500,21571,2,EL,1,100,-17744.599609
1752788637.027487,937984.000,21571,2,EL,1,100,-17744.599609
1752788637.094487,938051.000,21587,1,EL,1,100,-17740.199219
1752788637.160988,938117.500,21603,2,EL,1,100,-17742.599609
1752788637.227489,938184.000,21603,2,EL,1,100,-17740.599609
1752788637.294489,938251.000,21619,1,EL,1,100,-17744.000000
1752788637.360990,938317.500,21636,2,EL,1,100,-17744.400391
1752788637.427490,938384.000,21636,2,EL,1,100,-17740.800781
1752788637.494491,938451.000,21654,1,EL,1,100,-17743.599609
1752788637.560991,938517.500,21670,2,EL,1,100,-17743.400391
1752788637.627492,938584.000,21670,2,EL,1,100,-17748.400391
1752788637.694492,938651.000,21686,1,EL,1,100,-17745.199219
1752788637.760993,938717.500,21703,2,EL,1,100,-17746.800781
1752788637.827493,938784.000,21703,2,EL,1,100,-17749.199219
1752788637.894494,938851.000,21720,1,EL,1,100,-17743.400391
1752788637.960995,938917.500,21736,2,EL,1,100,-17744.000000
1752788638.027495,938984.000,21736,2,EL,1,100,-17750.599609
1752788638.094496,939051.000,21753,1,EL,1,100,-17746.000000
1752788638.160996,939117.500,21771,2,EL,1,100,-17744.400391
1752788638.227497,939184.000,21771,2,EL,1,100,-17744.400391
1752788638.294497,939251.000,21787,2,EL,1,100,-17744.199219
1752788638.361498,939318.000,21787,2,EL,1,100,-17745.000000
1752788638.427498,939384.000,21804,1,EL,1,100,-17744.000000
1752788638.493999,939450.500,21819,2,EL,1,100,-17746.199219
1752788638.560500,939517.000,21819,2,EL,1,100,-17744.800781
1752788638.627500,939584.000,21836,1,EL,1,100,-17744.599609
1752788638.694001,939650.500,21854,2,EL,1,100,-17745.400391
1752788638.760501,939717.000,21854,2,EL,1,100,-17745.000000
1752788638.827502,939784.000,21871,1,EL,1,100,-17753.000000
1752788638.894002,939850.500,21886,2,EL,1,100,-17746.599609
1752788638.960503,939917.000,21886,2,EL,1,100,-17743.400391
1752788639.027503,939984.000,21903,1,EL,1,100,-17750.199219
1752788639.094004,940050.500,21919,2,EL,1,100,-17744.599609
1752788639.160504,940117.000,21919,2,EL,1,100,-17743.599609
1752788639.227505,940184.000,21937,1,EL,1,100,-17748.400391
1752788639.294006,940250.500,21953,2,EL,1,100,-17746.599609
1752788639.360506,940317.000,21953,2,EL,1,100,-17745.000000
1752788639.427507,940384.000,21970,1,EL,1,100,-17747.000000
1752788639.494007,940450.500,21987,2,EL,1,100,-17746.199219
1752788639.560508,940517.000,21987,2,EL,1,100,-17743.800781
1752788639.627508,940584.000,22004,1,EL,1,100,-17748.000000
1752788639.694009,940650.500,22018,2,EL,1,100,-17744.599609
1752788639.760509,940717.000,22018,2,EL,1,100,-17745.000000
1752788639.827510,940784.000,22037,1,EL,1,100,-17749.599609
1752788639.894010,940850.500,22054,2,EL,1,100,-17746.800781
1752788639.960511,940917.000,22054,2,EL,1,100,-17745.000000
1752788640.027512,940984.000,22071,1,EL,1,100,-17749.800781
1752788640.094012,941050.500,22086,2,EL,1,100,-17745.599609
1752788640.160513,941117.000,22086,2,EL,1,100,-17745.199219
1752788640.227513,941184.000,22103,1,EL,1,100,-17749.800781
1752788640.294014,941250.500,22119,2,EL,1,100,-17746.400391
1752788640.360514,941317.000,22119,2,EL,1,100,-17746.599609
1752788640.427515,941384.000,22138,2,EL,1,100,-17746.199219
1752788640.494515,941451.000,22138,2,EL,1,100,-17745.000000
1752788640.560516,941517.000,22155,1,EL,1,100,-17751.400391
1752788640.627517,941584.000,22170,2,EL,1,100,-17752.199219
1752788640.694517,941651.000,22170,2,EL,1,100,-17749.000000
1752788640.760518,941717.000,22186,1,EL,1,100,-17745.800781
1752788640.827518,941784.000,22204,2,EL,1,100,-17750.000000
1752788640.894519,941851.000,22204,2,EL,1,100,-17752.400391
1752788640.960519,941917.000,22224,1,EL,1,100,-17746.400391
1752788641.027520,941984.000,22239,2,EL,1,100,-17747.000000
1752788641.094520,942051.000,22239,2,EL,1,100,-17748.599609
1752788641.160521,942117.000,22255,1,EL,1,100,-17745.800781
1752788641.227521,942184.000,22273,2,EL,1,100,-17749.000000
1752788641.294522,942251.000,22273,2,EL,1,100,-17751.400391
1752788641.360523,942317.000,22289,1,EL,1,100,-17746.800781
1752788641.427023,942383.500,22304,2,EL,1,100,-17747.800781
1752788641.493524,942450.000,22304,2,EL,1,100,-17746.199219
1752788641.560524,942517.000,22323,1,EL,1,100,-17748.400391
1752788641.627525,942584.000,22340,2,EL,1,100,-17748.800781
1752788641.694525,942651.000,22340,2,EL,1,100,-17753.800781
1752788641.760526,942717.000,22361,1,EL,1,100,-17749.199219
1752788641.827026,942783.500,22377,2,EL,1,100,-17746.800781
1752788641.893527,942850.000,22377,2,EL,1,100,-17746.800781
1752788641.960528,942917.000,22393,1,EL,1,100,-17750.800781
1752788642.027028,942983.500,22410,2,EL,1,100,-17748.599609
1752788642.093529,943050.000,22410,2,EL,1,100,-17747.000000
1752788642.160529,943117.000,22428,1,EL,1,100,-17747.800781
1752788642.227030,943183.500,22444,2,EL,1,100,-17749.599609
1752788642.293530,943250.000,22444,2,EL,1,100,-17757.400391
1752788642.360531,943317.000,22460,2,EL,1,100,-17748.199219
1752788642.427531,943384.000,22460,2,EL,1,100,-17745.199219
1752788642.493532,943450.000,22477,1,EL,1,100,-17753.199219
1752788642.560532,943517.000,22494,2,EL,1,100,-17751.400391
1752788642.627533,943584.000,22494,2,EL,1,100,-17751.599609
1752788642.693534,943650.000,22513,1,EL,1,100,-17754.199219
1752788642.760534,943717.000,22527,2,EL,1,100,-17750.000000
1752788642.827535,943784.000,22527,2,EL,1,100,-17748.800781
1752788642.893535,943850.000,22545,1,EL,1,100,-17754.199219
1752788642.960536,943917.000,22561,2,EL,1,100,-17748.800781
1752788643.027536,943984.000,22561,2,EL,1,100,-17748.800781
1752788643.093537,944050.000,22578,1,EL,1,100,-17749.000000
1752788643.160537,944117.000,22593,2,EL,1,100,-17750.000000
1752788643.227538,944184.000,22593,2,EL,1,100,-17748.599609
1752788643.293539,944250.000,22610,1,EL,1,100,-17748.400391
1752788643.360539,944317.000,22628,2,EL,1,100,-17746.400391
1752788643.427540,944384.000,22628,2,EL,1,100,-17745.599609
1752788643.493540,944450.000,22645,1,EL,1,100,-17748.599609
1752788643.560541,944517.000,22660,2,EL,1,100,-17751.000000
1752788643.627541,944584.000,22660,2,EL,1,100,-17753.800781
1752788643.693542,944650.000,22677,1,EL,1,100,-17756.400391
1752788643.760542,944717.000,22693,2,EL,1,100,-17752.400391
1752788643.827543,944784.000,22693,2,EL,1,100,-17749.000000
1752788643.893543,944850.000,22713,1,EL,1,100,-17748.800781
1752788643.960544,944917.000,22727,2,EL,1,100,-17750.400391
1752788644.027545,944984.000,22727,2,EL,1,100,-17754.800781
1752788644.093545,945050.000,22744,1,EL,1,100,-17751.000000
1752788644.160546,945117.000,22761,2,EL,1,100,-17750.400391
1752788644.227546,945184.000,22761,2,EL,1,100,-17749.599609
1752788644.293547,945250.000,22778,1,EL,1,100,-17750.400391
1752788644.360547,945317.000,22793,2,EL,1,100,-17751.199219
1752788644.427548,945384.000,22793,2,EL,1,100,-17749.000000
1752788644.494048,945450.500,22810,2,EL,1,100,-17749.400391
1752788644.560549,945517.000,22810,2,EL,1,100,-17749.400391
1752788644.627550,945584.000,22828,1,EL,1,100,-17752.800781
1752788644.694050,945650.500,22845,2,EL,1,100,-17756.199219
1752788644.760551,945717.000,22845,2,EL,1,100,-17757.199219
1752788644.826551,945783.000,22861,1,EL,1,100,-17750.599609
1752788644.893552,945850.000,22877,2,EL,1,100,-17751.000000
1752788644.960552,945917.000,22877,2,EL,1,100,-17752.199219
1752788645.026553,945983.000,22893,1,EL,1,100,-17753.000000
1752788645.093553,946050.000,22912,2,EL,1,100,-17753.000000
1752788645.160554,946117.000,22912,2,EL,1,100,-17751.400391
1752788645.226554,946183.000,22929,1,EL,1,100,-17750.400391
1752788645.293555,946250.000,22944,2,EL,1,100,-17750.599609
1752788645.360556,946317.000,22944,2,EL,1,100,-17749.599609
1752788645.426556,946383.000,22960,1,EL,1,100,-17750.400391
1752788645.493557,946450.000,22978,2,EL,1,100,-17752.000000
1752788645.560557,946517.000,22978,2,EL,1,100,-17752.599609
1752788645.626558,946583.000,22996,1,EL,1,100,-17755.800781
1752788645.693558,946650.000,23011,2,EL,1,100,-17757.199219
1752788645.760559,946717.000,23011,2,EL,1,100,-17756.800781
1752788645.826559,946783.000,23027,1,EL,1,100,-17750.000000
1752788645.893560,946850.000,23047,2,EL,1,100,-17750.599609
1752788645.960561,946917.000,23047,2,EL,1,100,-17751.000000
1752788646.026561,946983.000,23063,1,EL,1,100,-17756.199219
1752788646.093562,947050.000,23080,2,EL,1,100,-17754.199219
1752788646.160562,947117.000,23080,2,EL,1,100,-17751.800781
1752788646.226563,947183.000,23097,1,EL,1,100,-17753.400391
1752788646.293563,947250.000,23114,2,EL,1,100,-17752.800781
1752788646.360564,947317.000,23114,2,EL,1,100,-17754.199219
1752788646.426564,947383.000,23130,1,EL,1,100,-17753.400391
1752788646.493565,947450.000,23147,2,EL,1,100,-17751.599609
1752788646.560565,947517.000,23147,2,EL,1,100,-17758.400391
1752788646.626566,947583.000,23162,1,EL,1,100,-17755.800781
1752788646.693567,947650.000,23181,2,EL,1,100,-17755.800781
1752788646.760567,947717.000,23181,2,EL,1,100,-17759.199219
1752788646.827068,947783.500,23203,2,EL,1,100,-17753.000000
1752788646.893568,947850.000,23203,2,EL,1,100,-17751.000000
1752788646.960569,947917.000,23220,1,EL,1,100,-17752.400391
1752788647.027069,947983.500,23234,2,EL,1,100,-17754.000000
1752788647.093570,948050.000,23234,2,EL,1,100,-17754.199219
1752788647.160570,948117.000,23251,1,EL,1,100,-17754.800781
1752788647.227071,948183.500,23268,2,EL,1,100,-17754.400391
1752788647.293571,948250.000,23268,2,EL,1,100,-17753.599609
1752788647.360572,948317.000,23287,1,EL,1,100,-17753.800781
1752788647.427073,948383.500,23302,2,EL,1,100,-17754.599609
1752788647.493573,948450.000,23302,2,EL,1,100,-17753.400391
1752788647.560574,948517.000,23319,1,EL,1,100,-17755.199219
1752788647.627074,948583.500,23335,2,EL,1,100,-17756.599609
1752788647.693575,948650.000,23335,2,EL,1,100,-17755.599609
1752788647.760075,948716.500,23352,2,EL,1,100,-17755.599609
1752788647.826576,948783.000,23352,2,EL,1,100,-17753.800781
1752788647.893576,948850.000,23371,1,EL,1,100,-17753.400391
1752788647.960077,948916.500,23386,2,EL,1,100,-17754.000000
1752788648.026578,948983.000,23386,2,EL,1,100,-17754.199219
1752788648.093578,949050.000,23402,1,EL,1,100,-17755.400391
1752788648.160079,949116.500,23420,2,EL,1,100,-17759.400391
1752788648.226579,949183.000,23420,2,EL,1,100,-17760.800781
1752788648.293580,949250.000,23436,1,EL,1,100,-17756.800781
1752788648.360080,949316.500,23453,2,EL,1,100,-17759.000000
1752788648.426581,949383.000,23453,2,EL,1,100,-17760.599609
1752788648.493581,949450.000,23469,1,EL,1,100,-17754.400391
1752788648.560082,949516.500,23487,2,EL,1,100,-17754.599609
1752788648.626582,949583.000,23487,2,EL,1,100,-17753.199219
1752788648.693583,949650.000,23503,1,EL,1,100,-17754.599609
1752788648.760084,949716.500,23518,2,EL,1,100,-17756.400391
1752788648.826584,949783.000,23518,2,EL,1,100,-17755.000000
1752788648.893585,949850.000,23535,1,EL,1,100,-17755.400391
1752788648.960085,949916.500,23554,2,EL,1,100,-17757.800781
1752788649.026586,949983.000,23554,2,EL,1,100,-17763.800781
1752788649.093586,950050.000,23570,1,EL,1,100,-17757.800781
1752788649.160087,950116.500,23586,2,EL,1,100,-17760.400391
1752788649.226587,950183.000,23586,2,EL,1,100,-17753.400391
1752788649.293588,950250.000,23602,1,EL,1,100,-17755.000000
1752788649.360089,950316.500,23619,2,EL,1,100,-17758.000000
1752788649.426589,950383.000,23619,2,EL,1,100,-17756.000000
1752788649.493590,950450.000,23635,1,EL,1,100,-17756.199219
1752788649.560090,950516.500,23654,2,EL,1,100,-17756.400391
1752788649.626591,950583.000,23654,2,EL,1,100,-17764.599609
1752788649.693591,950650.000,23669,1,EL,1,100,-17756.199219
1752788649.760092,950716.500,23686,2,EL,1,100,-17754.599609
1752788649.826592,950783.000,23686,2,EL,1,100,-17760.000000
1752788649.893593,950850.000,23703,1,EL,1,100,-17754.000000
1752788649.960093,950916.500,23719,2,EL,1,100,-17753.800781
1752788650.026594,950983.000,23719,2,EL,1,100,-17762.400391
1752788650.093095,951049.500,23734,2,EL,1,100,-17758.599609
1752788650.159595,951116.000,23734,2,EL,1,100,-17759.400391
1752788650.226596,951183.000,23754,1,EL,1,100,-17756.400391
1752788650.293096,951249.500,23770,2,EL,1,100,-17756.400391
1752788650.359597,951316.000,23770,2,EL,1,100,-17758.599609
1752788650.426597,951383.000,23787,1,EL,1,100,-17755.000000
1752788650.493098,951449.500,23802,2,EL,1,100,-17755.199219
1752788650.559598,951516.000,23802,2,EL,1,100,-17755.199219
1752788650.626599,951583.000,23819,1,EL,1,100,-17763.800781
1752788650.693100,951649.500,23837,2,EL,1,100,-17756.800781
1752788650.759600,951716.000,23837,2,EL,1,100,-17755.400391
1752788650.826601,951783.000,23854,1,EL,1,100,-17762.199219
1752788650.893101,951849.500,23871,2,EL,1,100,-17757.400391
1752788650.959602,951916.000,23871,2,EL,1,100,-17752.400391
1752788651.026602,951983.000,23888,1,EL,1,100,-17759.800781
1752788651.093103,952049.500,23904,2,EL,1,100,-17760.599609
1752788651.159603,952116.000,23904,2,EL,1,100,-17762.000000
1752788651.226604,952183.000,23922,1,EL,1,100,-17760.800781
1752788651.293104,952249.500,23938,2,EL,1,100,-17759.400391
1752788651.359605,952316.000,23938,2,EL,1,100,-17757.199219
1752788651.426606,952383.000,23955,1,EL,1,100,-17754.800781
1752788651.493106,952449.500,23972,2,EL,1,100,-17754.199219
1752788651.559607,952516.000,23972,2,EL,1,100,-17759.000000
1752788651.626607,952583.000,23989,1,EL,1,100,-17758.599609
1752788651.693108,952649.500,24003,2,EL,1,100,-17757.199219
1752788651.759608,952716.000,24003,2,EL,1,100,-17755.599609
1752788651.826609,952783.000,24020,1,EL,1,100,-17759.599609
1752788651.893109,952849.500,24039,2,EL,1,100,-17759.199219
1752788651.959610,952916.000,24039,2,EL,1,100,-17755.599609
1752788652.026611,952983.000,24061,1,EL,1,100,-17761.800781
1752788652.093111,953049.500,24076,2,EL,1,100,-17762.400391
1752788652.159612,953116.000,24076,2,EL,1,100,-17756.000000
1752788652.226612,953183.000,24093,1,EL,1,100,-17758.599609
1752788652.293113,953249.500,24109,2,EL,1,100,-17758.400391
1752788652.359613,953316.000,24109,2,EL,1,100,-17757.599609
1752788652.426114,953382.500,24128,2,EL,1,100,-17759.599609
1752788652.492614,953449.000,24128,2,EL,1,100,-17758.400391
1752788652.559615,953516.000,24145,1,EL,1,100,-17757.000000
1752788652.626115,953582.500,24160,2,EL,1,100,-17755.800781
1752788652.692616,953649.000,24160,2,EL,1,100,-17759.199219
1752788652.759617,953716.000,24176,1,EL,1,100,-17761.000000
1752788652.826117,953782.500,24194,2,EL,1,100,-17759.800781
1752788652.892618,953849.000,24194,2,EL,1,100,-17760.199219
1752788652.959618,953916.000,24210,1,EL,1,100,-17761.000000
1752788653.026119,953982.500,24225,2,EL,1,100,-17762.599609
1752788653.092619,954049.000,24225,2,EL,1,100,-17762.400391
1752788653.159620,954116.000,24243,1,EL,1,100,-17763.599609
1752788653.226120,954182.500,24261,2,EL,1,100,-17763.599609
1752788653.292621,954249.000,24261,2,EL,1,100,-17761.599609
1752788653.359622,954316.000,24277,1,EL,1,100,-17762.599609
1752788653.426122,954382.500,24292,2,EL,1,100,-17763.599609
1752788653.492623,954449.000,24292,2,EL,1,100,-17763.000000
1752788653.559623,954516.000,24309,1,EL,1,100,-17761.199219
1752788653.626124,954582.500,24326,2,EL,1,100,-17760.599609
1752788653.692624,954649.000,24326,2,EL,1,100,-17762.000000
1752788653.759625,954716.000,24344,1,EL,1,100,-17762.199219
1752788653.826125,954782.500,24360,2,EL,1,100,-17745.800781
1752788653.892626,954849.000,24360,2,EL,1,100,-17532.199219
1752788653.959626,954916.000,24376,1,EL,1,100,-17414.800781
1752788654.026127,954982.500,24393,2,EL,1,100,-17383.599609
1752788654.092628,955049.000,24393,2,EL,1,100,-17357.199219
1752788654.159628,955116.000,24409,1,EL,1,100,-17354.199219
1752788654.226129,955182.500,24426,2,EL,1,100,-17368.599609
1752788654.292629,955249.000,24426,2,EL,1,100,-17387.199219
1752788654.359630,955316.000,24443,1,EL,1,100,-17394.000000
1752788654.426130,955382.500,24460,2,EL,1,100,-17402.800781
1752788654.492631,955449.000,24460,2,EL,1,100,-17415.599609
1752788654.559631,955516.000,24477,1,EL,1,100,-17424.800781
1752788654.626132,955582.500,24493,2,EL,1,100,-17435.800781
1752788654.692632,955649.000,24493,2,EL,1,100,-17443.400391
1752788654.759133,955715.500,24508,2,EL,1,100,-17453.199219
1752788654.825634,955782.000,24508,2,EL,1,100,-17463.000000
1752788654.892634,955849.000,24528,1,EL,1,100,-17475.599609
1752788654.959135,955915.500,24544,2,EL,1,100,-17478.800781
1752788655.025635,955982.000,24544,2,EL,1,100,-17485.400391
1752788655.092636,956049.000,24561,1,EL,1,100,-17489.400391
1752788655.159136,956115.500,24576,2,EL,1,100,-17494.400391
1752788655.225637,956182.000,24576,2,EL,1,100,-17496.000000
1752788655.292637,956249.000,24593,1,EL,1,100,-17506.599609
1752788655.359638,956316.000,24609,2,EL,1,100,-17503.400391
1752788655.426639,956383.000,24609,2,EL,1,100,-17506.800781
1752788655.492639,956449.000,24626,1,EL,1,100,-17519.599609
1752788655.559140,956515.500,24643,2,EL,1,100,-17527.199219
1752788655.625640,956582.000,24643,2,EL,1,100,-17531.800781
1752788655.692641,956649.000,24660,1,EL,1,100,-17543.599609
1752788655.759141,956715.500,24676,2,EL,1,100,-17546.199219
1752788655.825642,956782.000,24676,2,EL,1,100,-17546.400391
1752788655.892642,956849.000,24696,1,EL,1,100,-17522.800781
1752788655.959143,956915.500,24712,2,EL,1,100,-17543.800781
1752788656.025643,956982.000,24712,2,EL,1,100,-17561.400391
1752788656.092644,957049.000,24731,1,EL,1,100,-17562.000000
1752788656.159145,957115.500,24748,2,EL,1,100,-17563.800781
1752788656.225645,957182.000,24748,2,EL,1,100,-17564.199219
1752788656.292646,957249.000,24765,1,EL,1,100,-17575.400391
1752788656.359146,957315.500,24779,2,EL,1,100,-17579.800781
1752788656.425647,957382.000,24779,2,EL,1,100,-17582.800781
1752788656.492647,957449.000,24796,1,EL,1,100,-17587.599609
1752788656.559148,957515.500,24813,2,EL,1,100,-17589.800781
1752788656.625648,957582.000,24813,2,EL,1,100,-17593.599609
1752788656.692649,957649.000,24830,1,EL,1,100,-17596.599609
1752788656.759150,957715.500,24849,2,EL,1,100,-17598.199219
1752788656.825650,957782.000,24849,2,EL,1,100,-17601.199219
1752788656.892651,957849.000,24866,1,EL,1,100,-17604.800781
1752788656.959151,957915.500,24884,2,EL,1,100,-17606.599609
1752788657.025652,957982.000,24884,2,EL,1,100,-17608.400391
1752788657.092652,958049.000,24906,2,EL,1,100,-17612.199219
1752788657.159653,958116.000,24906,2,EL,1,100,-17617.000000
1752788657.225653,958182.000,24923,1,EL,1,100,-17613.199219
1752788657.292654,958249.000,24940,2,EL,1,100,-17621.199219
1752788657.359654,958316.000,24940,2,EL,1,100,-17624.800781
1752788657.425655,958382.000,24958,1,EL,1,100,-17620.400391
1752788657.492656,958449.000,24976,2,EL,1,100,-17628.199219
1752788657.559656,958516.000,24976,2,EL,1,100,-17634.000000
1752788657.625657,958582.000,24994,1,EL,1,100,-17631.000000
1752788657.692657,958649.000,25009,2,EL,1,100,-17635.599609
1752788657.759658,958716.000,25009,2,EL,1,100,-17638.199219
1752788657.825658,958782.000,25025,1,EL,1,100,-17636.400391
1752788657.892659,958849.000,25043,2,EL,1,100,-17640.800781
1752788657.959659,958916.000,25043,2,EL,1,100,-17645.599609
1752788658.025660,958982.000,25061,1,EL,1,100,-17643.000000
1752788658.092161,959048.500,25076,2,EL,1,100,-17645.599609
1752788658.158661,959115.000,25076,2,EL,1,100,-17649.000000
1752788658.225662,959182.000,25093,1,EL,1,100,-17647.599609
1752788658.292662,959249.000,25110,2,EL,1,100,-17651.599609
1752788658.359663,959316.000,25110,2,EL,1,100,-17655.199219
1752788658.425663,959382.000,25126,1,EL,1,100,-17648.400391
1752788658.492164,959448.500,25144,2,EL,1,100,-17652.400391
1752788658.558664,959515.000,25144,2,EL,1,100,-17661.199219
1752788658.625665,959582.000,25162,1,EL,1,100,-17655.000000
1752788658.692165,959648.500,25179,2,EL,1,100,-17654.599609
1752788658.758666,959715.000,25179,2,EL,1,100,-17664.800781
1752788658.825667,959782.000,25197,1,EL,1,100,-17660.400391
1752788658.892167,959848.500,25213,2,EL,1,100,-17663.000000
1752788658.958668,959915.000,25213,2,EL,1,100,-17670.199219
1752788659.025668,959982.000,25231,1,EL,1,100,-17665.000000
1752788659.092169,960048.500,25250,2,EL,1,100,-17664.199219
1752788659.158669,960115.000,25250,2,EL,1,100,-17673.199219
1752788659.225670,960182.000,25269,1,EL,1,100,-17668.800781
1752788659.292170,960248.500,25285,2,EL,1,100,-17672.000000
1752788659.358671,960315.000,25285,2,EL,1,100,-17678.199219
1752788659.425672,960382.000,25302,2,EL,1,100,-17672.000000
1752788659.492672,960449.000,25302,2,EL,1,100,-17672.199219
1752788659.558673,960515.000,25320,1,EL,1,100,-17684.000000
1752788659.625673,960582.000,25338,2,EL,1,100,-17676.199219
1752788659.692674,960649.000,25338,2,EL,1,100,-17674.599609
1752788659.758674,960715.000,25355,1,EL,1,100,-17676.000000
1752788659.825675,960782.000,25372,2,EL,1,100,-17677.400391
1752788659.892675,960849.000,25372,2,EL,1,100,-17682.000000
1752788659.958676,960915.000,25391,1,EL,1,100,-17679.800781
1752788660.025676,960982.000,25407,2,EL,1,100,-17680.199219
1752788660.092677,961049.000,25407,2,EL,1,100,-17683.400391
1752788660.158678,961115.000,25426,1,EL,1,100,-17683.800781
1752788660.225678,961182.000,25441,2,EL,1,100,-17686.000000
1752788660.292679,961249.000,25441,2,EL,1,100,-17686.800781
1752788660.358679,961315.000,25458,1,EL,1,100,-17695.800781
1752788660.425680,961382.000,25478,2,EL,1,100,-17690.400391
1752788660.492680,961449.000,25478,2,EL,1,100,-17688.000000
1752788660.558681,961515.000,25496,1,EL,1,100,-17697.199219
1752788660.625681,961582.000,25512,2,EL,1,100,-17693.800781
1752788660.692682,961649.000,25512,2,EL,1,100,-17691.599609
1752788660.758682,961715.000,25529,1,EL,1,100,-17700.400391
1752788660.825683,961782.000,25548,2,EL,1,100,-17697.800781
1752788660.892684,961849.000,25548,2,EL,1,100,-17696.800781
1752788660.958684,961915.000,25569,1,EL,1,100,-17695.000000
1752788661.025685,961982.000,25583,2,EL,1,100,-17694.400391
1752788661.092685,962049.000,25583,2,EL,1,100,-17698.599609
1752788661.158686,962115.000,25602,1,EL,1,100,-17697.800781
1752788661.225686,962182.000,25619,2,EL,1,100,-17696.599609
1752788661.292687,962249.000,25619,2,EL,1,100,-17698.000000
1752788661.358687,962315.000,25636,1,EL,1,100,-17701.599609
1752788661.425188,962381.500,25653,2,EL,1,100,-17703.800781
1752788661.491689,962448.000,25653,2,EL,1,100,-17696.599609
1752788661.558689,962515.000,25670,2,EL,1,100,-17700.199219
1752788661.625690,962582.000,25670,2,EL,1,100,-17699.199219
1752788661.691690,962648.000,25688,1,EL,1,100,-17699.800781
1752788661.758691,962715.000,25705,2,EL,1,100,-17707.000000
1752788661.825691,962782.000,25705,2,EL,1,100,-17709.199219
1752788661.891692,962848.000,25724,1,EL,1,100,-17706.400391
1752788661.958692,962915.000,25739,2,EL,1,100,-17705.599609
1752788662.025693,962982.000,25739,2,EL,1,100,-17702.400391
1752788662.091693,963048.000,25755,1,EL,1,100,-17695.000000
1752788662.158694,963115.000,25773,2,EL,1,100,-17697.000000
1752788662.225695,963182.000,25773,2,EL,1,100,-17704.000000
1752788662.292195,963248.500,25794,2,EL,1,100,-17699.800781
1752788662.358696,963315.000,25794,2,EL,1,100,-17701.000000
1752788662.425696,963382.000,25811,1,EL,1,100,-17712.599609
1752788662.492197,963448.500,25826,2,EL,1,100,-17704.199219
1752788662.558697,963515.000,25826,2,EL,1,100,-17700.199219
1752788662.625698,963582.000,25843,1,EL,1,100,-17703.800781
1752788662.692198,963648.500,25859,2,EL,1,100,-17706.199219
1752788662.758699,963715.000,25859,2,EL,1,100,-17709.599609
1752788662.825700,963782.000,25876,1,EL,1,100,-17711.199219
1752788662.892200,963848.500,25893,2,EL,1,100,-17710.599609
1752788662.958701,963915.000,25893,2,EL,1,100,-17705.599609
1752788663.025701,963982.000,25910,1,EL,1,100,-17714.000000
1752788663.092202,964048.500,25926,2,EL,1,100,-17710.000000
1752788663.158702,964115.000,25926,2,EL,1,100,-17708.000000
1752788663.225703,964182.000,25944,1,EL,1,100,-17710.400391
1752788663.292203,964248.500,25959,2,EL,1,100,-17713.199219
1752788663.358704,964315.000,25959,2,EL,1,100,-17712.400391
1752788663.425704,964382.000,25975,1,EL,1,100,-17712.599609
1752788663.492205,964448.500,25994,2,EL,1,100,-17713.800781
1752788663.558706,964515.000,25994,2,EL,1,100,-17713.199219
1752788663.625206,964581.500,26011,2,EL,1,100,-17712.599609
1752788663.691707,964648.000,26011,2,EL,1,100,-17714.800781
1752788663.758707,964715.000,26027,1,EL,1,100,-17718.000000
1752788663.825208,964781.500,26043,2,EL,1,100,-17721.199219
1752788663.891708,964848.000,26043,2,EL,1,100,-17719.599609
1752788663.958709,964915.000,26059,1,EL,1,100,-17716.800781
1752788664.025209,964981.500,26076,2,EL,1,100,-17723.400391
1752788664.091710,965048.000,26076,2,EL,1,100,-17725.199219
1752788664.158711,965115.000,26096,1,EL,1,100,-17719.199219
1752788664.225211,965181.500,26112,2,EL,1,100,-17721.599609
1752788664.291712,965248.000,26112,2,EL,1,100,-17724.800781
1752788664.358712,965315.000,26130,1,EL,1,100,-17721.599609
1752788664.425213,965381.500,26147,2,EL,1,100,-17724.400391
1752788664.491713,965448.000,26147,2,EL,1,100,-17725.800781
1752788664.558714,965515.000,26166,1,EL,1,100,-17721.199219
1752788664.625214,965581.500,26181,2,EL,1,100,-17721.000000
1752788664.691715,965648.000,26181,2,EL,1,100,-17722.599609
1752788664.758715,965715.000,26199,1,EL,1,100,-17723.199219
1752788664.825216,965781.500,26217,2,EL,1,100,-17724.599609
1752788664.891717,965848.000,26217,2,EL,1,100,-17728.800781
1752788664.958717,965915.000,26233,1,EL,1,100,-17721.400391
1752788665.025218,965981.500,26248,2,EL,1,100,-17721.400391
1752788665.091718,966048.000,26248,2,EL,1,100,-17722.199219
1752788665.158719,966115.000,26264,1,EL,1,100,-17724.800781
1752788665.225219,966181.500,26282,2,EL,1,100,-17726.199219
1752788665.291720,966248.000,26282,2,EL,1,100,-17729.000000
1752788665.358720,966315.000,26298,1,EL,1,100,-17721.000000
1752788665.425221,966381.500,26316,2,EL,1,100,-17718.800781
1752788665.491722,966448.000,26316,2,EL,1,100,-17720.800781
1752788665.558722,966515.000,26332,1,EL,1,100,-17725.000000
1752788665.625223,966581.500,26349,2,EL,1,100,-17728.199219
1752788665.691723,966648.000,26349,2,EL,1,100,-17733.400391
1752788665.758224,966714.500,26365,2,EL,1,100,-17731.400391
1752788665.824724,966781.000,26365,2,EL,1,100,-17732.800781
1752788665.891725,966848.000,26383,1,EL,1,100,-17738.000000
1752788665.958225,966914.500,26399,2,EL,1,100,-17730.400391
1752788666.024726,966981.000,26399,2,EL,1,100,-17724.800781
1752788666.091726,967048.000,26418,1,EL,1,100,-17727.800781
1752788666.158227,967114.500,26435,2,EL,1,100,-17729.000000
1752788666.224728,967181.000,26435,2,EL,1,100,-17730.000000
1752788666.291728,967248.000,26452,1,EL,1,100,-17737.599609
1752788666.358229,967314.500,26466,2,EL,1,100,-17731.800781
1752788666.424729,967381.000,26466,2,EL,1,100,-17730.400391
1752788666.491730,967448.000,26483,1,EL,1,100,-17734.199219
1752788666.558230,967514.500,26502,2,EL,1,100,-17733.800781
1752788666.624731,967581.000,26502,2,EL,1,100,-17735.599609
1752788666.691731,967648.000,26519,1,EL,1,100,-17738.400391
1752788666.758232,967714.500,26533,2,EL,1,100,-17735.400391
1752788666.824733,967781.000,26533,2,EL,1,100,-17732.800781
1752788666.891733,967848.000,26551,1,EL,1,100,-17738.400391
1752788666.958234,967914.500,26567,2,EL,1,100,-17735.599609
1752788667.024734,967981.000,26567,2,EL,1,100,-17735.000000
1752788667.091735,968048.000,26584,1,EL,1,100,-17736.400391
1752788667.158235,968114.500,26601,2,EL,1,100,-17736.599609
1752788667.224736,968181.000,26601,2,EL,1,100,-17735.000000
1752788667.291736,968248.000,26618,1,EL,1,100,-17740.800781
1752788667.358237,968314.500,26641,2,EL,1,100,-17739.400391
1752788667.424737,968381.000,26641,2,EL,1,100,-17737.400391
1752788667.491738,968448.000,26658,1,EL,1,100,-17737.800781
1752788667.558239,968514.500,26674,2,EL,1,100,-17737.599609
1752788667.624739,968581.000,26674,2,EL,1,100,-17744.400391
1752788667.691740,968648.000,26690,1,EL,1,100,-17744.400391
1752788667.758240,968714.500,26708,2,EL,1,100,-17741.400391
1752788667.824741,968781.000,26708,2,EL,1,100,-17741.800781
1752788667.891741,968848.000,26726,2,EL,1,100,-17743.599609
1752788667.958742,968915.000,26726,2,EL,1,100,-17744.000000
1752788668.024742,968981.000,26742,1,EL,1,100,-17742.800781
1752788668.091243,969047.500,26757,2,EL,1,100,-17740.000000
1752788668.157743,969114.000,26757,2,EL,1,100,-17733.800781
1752788668.224744,969181.000,26774,1,EL,1,100,-17733.800781
1752788668.291745,969248.000,26791,2,EL,1,100,-17735.400391
1752788668.358745,969315.000,26791,2,EL,1,100,-17738.400391
1752788668.424746,969381.000,26809,1,EL,1,100,-17740.599609
1752788668.491246,969447.500,26825,2,EL,1,100,-17743.400391
1752788668.557747,969514.000,26825,2,EL,1,100,-17744.599609
1752788668.624747,969581.000,26841,1,EL,1,100,-17744.599609
1752788668.691248,969647.500,26858,2,EL,1,100,-17743.599609
1752788668.757748,969714.000,26858,2,EL,1,100,-17747.199219
1752788668.824749,969781.000,26874,1,EL,1,100,-17743.800781
1752788668.891250,969847.500,26890,2,EL,1,100,-17745.599609
1752788668.957750,969914.000,26890,2,EL,1,100,-17748.599609
1752788669.024751,969981.000,26908,1,EL,1,100,-17746.599609
1752788669.091251,970047.500,26925,2,EL,1,100,-17746.000000
1752788669.157752,970114.000,26925,2,EL,1,100,-17743.400391
1752788669.224752,970181.000,26942,1,EL,1,100,-17744.400391
1752788669.291253,970247.500,26957,2,EL,1,100,-17745.000000
1752788669.357753,970314.000,26957,2,EL,1,100,-17746.599609
1752788669.424754,970381.000,26973,1,EL,1,100,-17748.400391
1752788669.491254,970447.500,26991,2,EL,1,100,-17746.599609
1752788669.557755,970514.000,26991,2,EL,1,100,-17749.199219
1752788669.624756,970581.000,27009,1,EL,1,100,-17747.400391
1752788669.691256,970647.500,27025,2,EL,1,100,-17747.800781
1752788669.757757,970714.000,27025,2,EL,1,100,-17755.400391
1752788669.824757,970781.000,27040,1,EL,1,100,-17748.199219
1752788669.891258,970847.500,27058,2,EL,1,100,-17746.800781
1752788669.957758,970914.000,27058,2,EL,1,100,-17754.599609
1752788670.024759,970981.000,27074,2,EL,1,100,-17748.199219
1752788670.091759,971048.000,27074,2,EL,1,100,-17748.400391
1752788670.158760,971115.000,27091,1,EL,1,100,-17747.400391
1752788670.225261,971181.500,27108,2,EL,1,100,-17748.400391
1752788670.291761,971248.000,27108,2,EL,1,100,-17749.199219
1752788670.357762,971314.000,27125,1,EL,1,100,-17749.599609
1752788670.424762,971381.000,27141,2,EL,1,100,-17750.599609
1752788670.491763,971448.000,27141,2,EL,1,100,-17750.000000
1752788670.557763,971514.000,27159,1,EL,1,100,-17752.800781
1752788670.624764,971581.000,27173,2,EL,1,100,-17751.000000
1752788670.691764,971648.000,27173,2,EL,1,100,-17750.800781
1752788670.757765,971714.000,27190,1,EL,1,100,-17758.400391
1752788670.824765,971781.000,27209,2,EL,1,100,-17752.199219
1752788670.891766,971848.000,27209,2,EL,1,100,-17749.199219
1752788670.957767,971914.000,27228,1,EL,1,100,-17755.199219
1752788671.024767,971981.000,27242,2,EL,1,100,-17752.199219
1752788671.091768,972048.000,27242,2,EL,1,100,-17749.599609
1752788671.157768,972114.000,27259,1,EL,1,100,-17751.400391
1752788671.224769,972181.000,27276,2,EL,1,100,-17751.000000
1752788671.291769,972248.000,27276,2,EL,1,100,-17752.000000
1752788671.357770,972314.000,27293,1,EL,1,100,-17752.199219
1752788671.424270,972380.500,27309,2,EL,1,100,-17752.400391
1752788671.490771,972447.000,27309,2,EL,1,100,-17752.400391
1752788671.557772,972514.000,27327,1,EL,1,100,-17757.800781
1752788671.624272,972580.500,27343,2,EL,1,100,-17757.000000
1752788671.690773,972647.000,27343,2,EL,1,100,-17754.000000
1752788671.757773,972714.000,27360,1,EL,1,100,-17752.000000
1752788671.824274,972780.500,27376,2,EL,1,100,-17751.800781
1752788671.890774,972847.000,27376,2,EL,1,100,-17754.400391
1752788671.957775,972914.000,27392,1,EL,1,100,-17754.400391
1752788672.024775,972981.000,27408,2,EL,1,100,-17751.599609
1752788672.091776,973048.000,27408,2,EL,1,100,-17751.800781
1752788672.158276,973114.500,27428,2,EL,1,100,-17753.400391
1752788672.224777,973181.000,27428,2,EL,1,100,-17754.000000
1752788672.290778,973247.000,27444,1,EL,1,100,-17753.199219
1752788672.357778,973314.000,27459,2,EL,1,100,-17753.199219
1752788672.424779,973381.000,27459,2,EL,1,100,-17753.000000
1752788672.490779,973447.000,27480,1,EL,1,100,-17752.400391
1752788672.557780,973514.000,27498,2,EL,1,100,-17754.599609
1752788672.624780,973581.000,27498,2,EL,1,100,-17754.199219
1752788672.690781,973647.000,27514,1,EL,1,100,-17758.400391
1752788672.757781,973714.000,27531,2,EL,1,100,-17758.199219
1752788672.824782,973781.000,27531,2,EL,1,100,-17754.800781
1752788672.890783,973847.000,27548,1,EL,1,100,-17754.000000
1752788672.957783,973914.000,27565,2,EL,1,100,-17753.599609
1752788673.024784,973981.000,27565,2,EL,1,100,-17754.400391
1752788673.090784,974047.000,27581,1,EL,1,100,-17756.800781
1752788673.157785,974114.000,27597,2,EL,1,100,-17758.000000
1752788673.224785,974181.000,27597,2,EL,1,100,-17761.800781
1752788673.290786,974247.000,27613,1,EL,1,100,-17756.000000
1752788673.357786,974314.000,27630,2,EL,1,100,-17754.599609
1752788673.424787,974381.000,27630,2,EL,1,100,-17757.199219
1752788673.490787,974447.000,27648,1,EL,1,100,-17748.599609
1752788673.557788,974514.000,27664,2,EL,1,100,-17751.800781
1752788673.624789,974581.000,27664,2,EL,1,100,-17758.599609
1752788673.690789,974647.000,27680,1,EL,1,100,-17758.199219
1752788673.757790,974714.000,27697,2,EL,1,100,-17760.199219
1752788673.824790,974781.000,27697,2,EL,1,100,-17758.000000
1752788673.890791,974847.000,27714,1,EL,1,100,-17760.199219
1752788673.957791,974914.000,27732,2,EL,1,100,-17762.199219
1752788674.024792,974981.000,27732,2,EL,1,100,-17766.199219
1752788674.091292,975047.500,27747,2,EL,1,100,-17757.800781
1752788674.157793,975114.000,27747,2,EL,1,100,-17758.000000
1752788674.224794,975181.000,27765,1,EL,1,100,-17756.400391
1752788674.291294,975247.500,27781,2,EL,1,100,-17757.199219
1752788674.357795,975314.000,27781,2,EL,1,100,-17761.000000
1752788674.424795,975381.000,27798,1,EL,1,100,-17765.599609
1752788674.491296,975447.500,27813,2,EL,1,100,-17761.400391
1752788674.557796,975514.000,27813,2,EL,1,100,-17758.000000
1752788674.624797,975581.000,27830,1,EL,1,100,-17764.599609
1752788674.691297,975647.500,27848,2,EL,1,100,-17758.800781
1752788674.757798,975714.000,27848,2,EL,1,100,-17757.000000
1752788674.824798,975781.000,27865,1,EL,1,100,-17762.199219
1752788674.891299,975847.500,27880,2,EL,1,100,-17758.800781
1752788674.957800,975914.000,27880,2,EL,1,100,-17756.800781
1752788675.023800,975980.000,27897,1,EL,1,100,-17767.599609
1752788675.090801,976047.000,27913,2,EL,1,100,-17764.400391
1752788675.157801,976114.000,27913,2,EL,1,100,-17764.000000
1752788675.224802,976181.000,27931,1,EL,1,100,-17763.000000
1752788675.291302,976247.500,27947,2,EL,1,100,-17762.800781
1752788675.357803,976314.000,27947,2,EL,1,100,-17763.400391
1752788675.424803,976381.000,27964,1,EL,1,100,-17762.000000
1752788675.491304,976447.500,27981,2,EL,1,100,-17762.400391
1752788675.557804,976514.000,27981,2,EL,1,100,-17761.400391
1752788675.624805,976581.000,27998,1,EL,1,100,-17765.599609
1752788675.691306,976647.500,28012,2,EL,1,100,-17766.199219
1752788675.757806,976714.000,28012,2,EL,1,100,-17761.800781
1752788675.823807,976780.000,28029,1,EL,1,100,-17767.000000
1752788675.890807,976847.000,28048,2,EL,1,100,-17765.400391
1752788675.957808,976914.000,28048,2,EL,1,100,-17765.800781
1752788676.024808,976981.000,28067,1,EL,1,100,-17763.800781
1752788676.091309,977047.500,28082,2,EL,1,100,-17762.199219
1752788676.157809,977114.000,28082,2,EL,1,100,-17760.400391
1752788676.224810,977181.000,28099,1,EL,1,100,-17756.000000
1752788676.291311,977247.500,28115,2,EL,1,100,-17755.199219
1752788676.357811,977314.000,28115,2,EL,1,100,-17756.599609
1752788676.423812,977380.000,28132,1,EL,1,100,-17762.800781
1752788676.490812,977447.000,28150,2,EL,1,100,-17767.199219
1752788676.557813,977514.000,28150,2,EL,1,100,-17768.199219
1752788676.624313,977580.500,28166,2,EL,1,100,-17770.400391
1752788676.690814,977647.000,28166,2,EL,1,100,-17769.000000
1752788676.757814,977714.000,28182,1,EL,1,100,-17763.000000
1752788676.824315,977780.500,28200,2,EL,1,100,-17763.000000
1752788676.890815,977847.000,28200,2,EL,1,100,-17762.400391
1752788676.957816,977914.000,28216,1,EL,1,100,-17765.000000
1752788677.024317,977980.500,28231,2,EL,1,100,-17766.000000
1752788677.090817,978047.000,28231,2,EL,1,100,-17765.800781
1752788677.157818,978114.000,28249,1,EL,1,100,-17763.400391
1752788677.224318,978180.500,28267,2,EL,1,100,-17769.199219
1752788677.290819,978247.000,28267,2,EL,1,100,-17772.000000
1752788677.357819,978314.000,28283,1,EL,1,100,-17765.599609
1752788677.424320,978380.500,28298,2,EL,1,100,-17768.800781
1752788677.490820,978447.000,28298,2,EL,1,100,-17768.400391
1752788677.557321,978513.500,28320,2,EL,1,100,-17766.800781
1752788677.623822,978580.000,28320,2,EL,1,100,-17779.000000
1752788677.690822,978647.000,28339,1,EL,1,100,-17766.599609
1752788677.757323,978713.500,28355,2,EL,1,100,-17759.400391
1752788677.823823,978780.000,28355,2,EL,1,100,-17765.599609
1752788677.890824,978847.000,28373,1,EL,1,100,-17772.800781
1752788677.957324,978913.500,28387,2,EL,1,100,-17770.400391
1752788678.023825,978980.000,28387,2,EL,1,100,-17764.199219
1752788678.090825,979047.000,28404,1,EL,1,100,-17767.199219
1752788678.157326,979113.500,28421,2,EL,1,100,-17768.800781
1752788678.223826,979180.000,28421,2,EL,1,100,-17767.800781
1752788678.290827,979247.000,28440,1,EL,1,100,-17774.400391
1752788678.357328,979313.500,28455,2,EL,1,100,-17771.400391
1752788678.423828,979380.000,28455,2,EL,1,100,-17765.400391
1752788678.490329,979446.500,28472,2,EL,1,100,-17771.599609
1752788678.556829,979513.000,28472,2,EL,1,100,-17770.800781
1752788678.623830,979580.000,28488,1,EL,1,100,-17767.199219
1752788678.690330,979646.500,28505,2,EL,1,100,-17767.800781
1752788678.756831,979713.000,28505,2,EL,1,100,-17767.400391
1752788678.823831,979780.000,28521,1,EL,1,100,-17770.599609
1752788678.890332,979846.500,28539,2,EL,1,100,-17772.199219
1752788678.956833,979913.000,28539,2,EL,1,100,-17773.400391
1752788679.023833,979980.000,28555,1,EL,1,100,-17769.199219
1752788679.090334,980046.500,28572,2,EL,1,100,-17771.800781
1752788679.156834,980113.000,28572,2,EL,1,100,-17774.599609
1752788679.223835,980180.000,28589,1,EL,1,100,-17770.800781
1752788679.290335,980246.500,28604,2,EL,1,100,-17773.599609
1752788679.356836,980313.000,28604,2,EL,1,100,-17776.800781
1752788679.423836,980380.000,28622,1,EL,1,100,-17769.599609
1752788679.490337,980446.500,28640,2,EL,1,100,-17769.199219
1752788679.556837,980513.000,28640,2,EL,1,100,-17769.000000
1752788679.623838,980580.000,28656,1,EL,1,100,-17769.199219
1752788679.690339,980646.500,28671,2,EL,1,100,-17770.599609
1752788679.756839,980713.000,28671,2,EL,1,100,-17772.400391
1752788679.823840,980780.000,28687,1,EL,1,100,-17774.800781
1752788679.890340,980846.500,28705,2,EL,1,100,-17773.800781
1752788679.956841,980913.000,28705,2,EL,1,100,-17781.199219
1752788680.023841,980980.000,28723,1,EL,1,100,-17774.400391
1752788680.090342,981046.500,28738,2,EL,1,100,-17770.400391
1752788680.156842,981113.000,28738,2,EL,1,100,-17776.199219
1752788680.223843,981180.000,28755,1,EL,1,100,-17771.199219
1752788680.290344,981246.500,28772,2,EL,1,100,-17769.599609
1752788680.356844,981313.000,28772,2,EL,1,100,-17772.800781
1752788680.423845,981380.000,28788,1,EL,1,100,-17771.000000
1752788680.490345,981446.500,28805,2,EL,1,100,-17775.000000
1752788680.556846,981513.000,28805,2,EL,1,100,-17777.599609
1752788680.623846,981580.000,28822,1,EL,1,100,-17775.599609
1752788680.690347,981646.500,28839,2,EL,1,100,-17774.000000
1752788680.756847,981713.000,28839,2,EL,1,100,-17773.599609
1752788680.823848,981780.000,28856,2,EL,1,100,-17772.199219
1752788680.890848,981847.000,28856,2,EL,1,100,-17773.000000
1752788680.956849,981913.000,28875,1,EL,1,100,-17771.599609
1752788681.023850,981980.000,28889,2,EL,1,100,-17770.400391
1752788681.090850,982047.000,28889,2,EL,1,100,-17769.400391
1752788681.156851,982113.000,28906,1,EL,1,100,-17772.199219
1752788681.223851,982180.000,28925,2,EL,1,100,-17774.000000
1752788681.290852,982247.000,28925,2,EL,1,100,-17773.800781
1752788681.356852,982313.000,28942,1,EL,1,100,-17782.800781
1752788681.423353,982379.500,28956,2,EL,1,100,-17777.400391
1752788681.489853,982446.000,28956,2,EL,1,100,-17775.000000
1752788681.556854,982513.000,28974,1,EL,1,100,-17776.800781
1752788681.623354,982579.500,28990,2,EL,1,100,-17775.599609
1752788681.689855,982646.000,28990,2,EL,1,100,-17776.000000
1752788681.756856,982713.000,29007,1,EL,1,100,-17781.400391
1752788681.823356,982779.500,29024,2,EL,1,100,-17777.400391
1752788681.889857,982846.000,29024,2,EL,1,100,-17775.800781
1752788681.956857,982913.000,29041,1,EL,1,100,-17778.599609
1752788682.023858,982980.000,29057,2,EL,1,100,-17776.599609
1752788682.090858,983047.000,29057,2,EL,1,100,-17774.400391
1752788682.156859,983113.000,29074,1,EL,1,100,-17774.199219
1752788682.223359,983179.500,29089,2,EL,1,100,-17773.199219
1752788682.289860,983246.000,29089,2,EL,1,100,-17774.599609
1752788682.356861,983313.000,29106,1,EL,1,100,-17780.400391
1752788682.423361,983379.500,29124,2,EL,1,100,-17778.800781
1752788682.489862,983446.000,29124,2,EL,1,100,-17776.599609
1752788682.556862,983513.000,29142,1,EL,1,100,-17777.599609
1752788682.623363,983579.500,29161,2,EL,1,100,-17778.000000
1752788682.689863,983646.000,29161,2,EL,1,100,-17777.599609
1752788682.756864,983713.000,29178,2,EL,1,100,-17779.199219
1752788682.823864,983780.000,29178,2,EL,1,100,-17775.199219
1752788682.889865,983846.000,29195,1,EL,1,100,-17777.400391
1752788682.956865,983913.000,29212,2,EL,1,100,-17782.599609
1752788683.023866,983980.000,29212,2,EL,1,100,-17783.000000
1752788683.089867,984046.000,29230,1,EL,1,100,-17775.400391
1752788683.156867,984113.000,29246,2,EL,1,100,-17779.599609
1752788683.223868,984180.000,29246,2,EL,1,100,-17782.800781
1752788683.289868,984246.000,29262,1,EL,1,100,-17774.199219
1752788683.356869,984313.000,29279,2,EL,1,100,-17773.599609
1752788683.423869,984380.000,29279,2,EL,1,100,-17778.400391
1752788683.489870,984446.000,29295,1,EL,1,100,-17778.199219
1752788683.556870,984513.000,29311,2,EL,1,100,-17779.599609
1752788683.623871,984580.000,29311,2,EL,1,100,-17778.199219
1752788683.689872,984646.000,29329,1,EL,1,100,-17781.000000
1752788683.756872,984713.000,29346,2,EL,1,100,-17779.000000
1752788683.823873,984780.000,29346,2,EL,1,100,-17782.000000
1752788683.889873,984846.000,29363,1,EL,1,100,-17777.599609
1752788683.956874,984913.000,29378,2,EL,1,100,-17779.400391
1752788684.023874,984980.000,29378,2,EL,1,100,-17783.800781
1752788684.089875,985046.000,29394,1,EL,1,100,-17779.199219
1752788684.156875,985113.000,29412,2,EL,1,100,-17779.400391
1752788684.223876,985180.000,29412,2,EL,1,100,-17785.800781
1752788684.289876,985246.000,29430,1,EL,1,100,-17779.800781
1752788684.356877,985313.000,29445,2,EL,1,100,-17780.000000
1752788684.423878,985380.000,29445,2,EL,1,100,-17780.599609
1752788684.489878,985446.000,29461,1,EL,1,100,-17775.199219
1752788684.556879,985513.000,29479,2,EL,1,100,-17776.800781
1752788684.623879,985580.000,29479,2,EL,1,100,-17778.400391
1752788684.689880,985646.000,29495,1,EL,1,100,-17780.599609
1752788684.756380,985712.500,29511,2,EL,1,100,-17779.800781
1752788684.822881,985779.000,29511,2,EL,1,100,-17782.800781
1752788684.889881,985846.000,29529,1,EL,1,100,-17781.599609
1752788684.956382,985912.500,29546,2,EL,1,100,-17781.800781
1752788685.022883,985979.000,29546,2,EL,1,100,-17783.800781
1752788685.089883,986046.000,29562,2,EL,1,100,-17781.400391
1752788685.156884,986113.000,29562,2,EL,1,100,-17782.400391
1752788685.222884,986179.000,29580,1,EL,1,100,-17779.199219
1752788685.289885,986246.000,29594,2,EL,1,100,-17780.400391
1752788685.356885,986313.000,29594,2,EL,1,100,-17781.000000
1752788685.422886,986379.000,29611,1,EL,1,100,-17787.800781
1752788685.489886,986446.000,29630,2,EL,1,100,-17781.199219
1752788685.556887,986513.000,29630,2,EL,1,100,-17779.000000
1752788685.622887,986579.000,29647,1,EL,1,100,-17779.599609
1752788685.689888,986646.000,29661,2,EL,1,100,-17780.800781
1752788685.756889,986713.000,29661,2,EL,1,100,-17781.400391
1752788685.822889,986779.000,29678,1,EL,1,100,-17786.199219
1752788685.889890,986846.000,29697,2,EL,1,100,-17783.599609
1752788685.956890,986913.000,29697,2,EL,1,100,-17785.599609
1752788686.023891,986980.000,29714,1,EL,1,100,-17788.599609
1752788686.090391,987046.500,29730,2,EL,1,100,-17782.599609
1752788686.156892,987113.000,29730,2,EL,1,100,-17782.400391
1752788686.222892,987179.000,29748,1,EL,1,100,-17782.800781
1752788686.289893,987246.000,29764,2,EL,1,100,-17781.599609
1752788686.356894,987313.000,29764,2,EL,1,100,-17782.400391
1752788686.423894,987380.000,29781,1,EL,1,100,-17782.800781
1752788686.490395,987446.500,29796,2,EL,1,100,-17778.400391
1752788686.556895,987513.000,29796,2,EL,1,100,-17777.599609
1752788686.622896,987579.000,29813,1,EL,1,100,-17781.199219
1752788686.689896,987646.000,29831,2,EL,1,100,-17779.400391
1752788686.756897,987713.000,29831,2,EL,1,100,-17779.000000
1752788686.822897,987779.000,29848,1,EL,1,100,-17785.199219
1752788686.889898,987846.000,29864,2,EL,1,100,-17786.400391
1752788686.956898,987913.000,29864,2,EL,1,100,-17785.400391
1752788687.022899,987979.000,29880,1,EL,1,100,-17783.199219
1752788687.089900,988046.000,29896,2,EL,1,100,-17781.000000
1752788687.156900,988113.000,29896,2,EL,1,100,-17780.599609
1752788687.222901,988179.000,29914,1,EL,1,100,-17783.199219
1752788687.289901,988246.000,29931,2,EL,1,100,-17784.199219
1752788687.356902,988313.000,29931,2,EL,1,100,-17785.400391
1752788687.423402,988379.500,29947,2,EL,1,100,-17784.199219
1752788687.489903,988446.000,29947,2,EL,1,100,-17784.199219
1752788687.556903,988513.000,29964,1,EL,1,100,-17784.000000
1752788687.623404,988579.500,29981,2,EL,1,100,-17788.599609
1752788687.689905,988646.000,29981,2,EL,1,100,-17788.599609
1752788687.756905,988713.000,29997,1,EL,1,100,-17786.199219
1752788687.823406,988779.500,30018,2,EL,1,100,-17787.599609
1752788687.889906,988846.000,30018,2,EL,1,100,-17786.800781
1752788687.956907,988913.000,30036,1,EL,1,100,-17783.400391
1752788688.023407,988979.500,30053,2,EL,1,100,-17785.000000
1752788688.089908,989046.000,30053,2,EL,1,100,-17789.000000
1752788688.155908,989112.000,30069,1,EL,1,100,-17785.800781
1752788688.222909,989179.000,30085,2,EL,1,100,-17788.800781
1752788688.289909,989246.000,30085,2,EL,1,100,-17790.599609
1752788688.356910,989313.000,30101,1,EL,1,100,-17786.199219
1752788688.423411,989379.500,30118,2,EL,1,100,-17786.400391
1752788688.489911,989446.000,30118,2,EL,1,100,-17785.599609
1752788688.555912,989512.000,30135,1,EL,1,100,-17785.000000
1752788688.622912,989579.000,30152,2,EL,1,100,-17784.800781
1752788688.689913,989646.000,30152,2,EL,1,100,-17787.800781
1752788688.755913,989712.000,30168,1,EL,1,100,-17785.000000
1752788688.822914,989779.000,30186,2,EL,1,100,-17783.800781
1752788688.889914,989846.000,30186,2,EL,1,100,-17790.199219
1752788688.956915,989913.000,30202,1,EL,1,100,-17783.199219
1752788689.023415,989979.500,30217,2,EL,1,100,-17784.800781
1752788689.089916,990046.000,30217,2,EL,1,100,-17784.599609
1752788689.155917,990112.000,30235,1,EL,1,100,-17787.400391
1752788689.222917,990179.000,30253,2,EL,1,100,-17787.400391
1752788689.289918,990246.000,30253,2,EL,1,100,-17793.400391
1752788689.356918,990313.000,30269,1,EL,1,100,-17786.599609
1752788689.423419,990379.500,30285,2,EL,1,100,-17787.000000
1752788689.489919,990446.000,30285,2,EL,1,100,-17787.400391
1752788689.555920,990512.000,30301,1,EL,1,100,-17786.199219
1752788689.622920,990579.000,30318,2,EL,1,100,-17785.800781
1752788689.689921,990646.000,30318,2,EL,1,100,-17786.400391
1752788689.755922,990712.000,30336,1,EL,1,100,-17789.199219
1752788689.822922,990779.000,30353,2,EL,1,100,-17791.400391
1752788689.889923,990846.000,30353,2,EL,1,100,-17796.199219
1752788689.956423,990912.500,30368,2,EL,1,100,-17787.400391
1752788690.022924,990979.000,30368,2,EL,1,100,-17789.199219
1752788690.089924,991046.000,30385,1,EL,1,100,-17787.000000
1752788690.156425,991112.500,30402,2,EL,1,100,-17786.800781
1752788690.222925,991179.000,30402,2,EL,1,100,-17787.800781
1752788690.289926,991246.000,30419,1,EL,1,100,-17796.000000
1752788690.356426,991312.500,30435,2,EL,1,100,-17788.400391
1752788690.422927,991379.000,30435,2,EL,1,100,-17784.000000
1752788690.489928,991446.000,30452,1,EL,1,100,-17794.000000
1752788690.556428,991512.500,30469,2,EL,1,100,-17784.800781
1752788690.622929,991579.000,30469,2,EL,1,100,-17784.199219
1752788690.689929,991646.000,30486,1,EL,1,100,-17793.800781
1752788690.756430,991712.500,30500,2,EL,1,100,-17788.599609
1752788690.822930,991779.000,30500,2,EL,1,100,-17787.800781
1752788690.889931,991846.000,30518,1,EL,1,100,-17794.400391
1752788690.956431,991912.500,30538,2,EL,1,100,-17788.199219
1752788691.022932,991979.000,30538,2,EL,1,100,-17789.400391
1752788691.089933,992046.000,30555,1,EL,1,100,-17786.199219
1752788691.156433,992112.500,30570,2,EL,1,100,-17786.800781
1752788691.222934,992179.000,30570,2,EL,1,100,-17787.000000
1752788691.289934,992246.000,30587,1,EL,1,100,-17796.199219
1752788691.356435,992312.500,30603,2,EL,1,100,-17790.199219
1752788691.422935,992379.000,30603,2,EL,1,100,-17785.800781
1752788691.489936,992446.000,30622,1,EL,1,100,-17792.400391
1752788691.556436,992512.500,30637,2,EL,1,100,-17791.400391
1752788691.622937,992579.000,30637,2,EL,1,100,-17785.599609
1752788691.689937,992646.000,30654,1,EL,1,100,-17788.800781
1752788691.756438,992712.500,30670,2,EL,1,100,-17790.800781
1752788691.822939,992779.000,30670,2,EL,1,100,-17790.199219
1752788691.889939,992846.000,30688,1,EL,1,100,-17793.800781
1752788691.956440,992912.500,30703,2,EL,1,100,-17792.800781
1752788692.022940,992979.000,30703,2,EL,1,100,-17787.199219
1752788692.089941,993046.000,30719,1,EL,1,100,-17790.599609
1752788692.156441,993112.500,30738,2,EL,1,100,-17792.599609
1752788692.222942,993179.000,30738,2,EL,1,100,-17788.000000
1752788692.289442,993245.500,30755,2,EL,1,100,-17793.400391
1752788692.355943,993312.000,30755,2,EL,1,100,-17797.000000
1752788692.422944,993379.000,30771,1,EL,1,100,-17792.400391
1752788692.489444,993445.500,30787,2,EL,1,100,-17789.199219
1752788692.555945,993512.000,30787,2,EL,1,100,-17788.800781
1752788692.622945,993579.000,30803,1,EL,1,100,-17789.400391
1752788692.689446,993645.500,30822,2,EL,1,100,-17792.599609
1752788692.755946,993712.000,30822,2,EL,1,100,-17791.400391
1752788692.822947,993779.000,30838,1,EL,1,100,-17782.599609
1752788692.889447,993845.500,30859,2,EL,1,100,-17786.000000
1752788692.955948,993912.000,30859,2,EL,1,100,-17789.599609
1752788693.022948,993979.000,30875,1,EL,1,100,-17785.199219
1752788693.089449,994045.500,30892,2,EL,1,100,-17787.800781
1752788693.155950,994112.000,30892,2,EL,1,100,-17789.400391
1752788693.222950,994179.000,30909,1,EL,1,100,-17787.599609
1752788693.289451,994245.500,30926,2,EL,1,100,-17787.000000
1752788693.355951,994312.000,30926,2,EL,1,100,-17785.400391
1752788693.422952,994379.000,30942,1,EL,1,100,-17787.199219
1752788693.489452,994445.500,30960,2,EL,1,100,-17789.199219
1752788693.555953,994512.000,30960,2,EL,1,100,-17787.800781
1752788693.622953,994579.000,30976,1,EL,1,100,-17789.400391
1752788693.689454,994645.500,30991,2,EL,1,100,-17791.199219
1752788693.755955,994712.000,30991,2,EL,1,100,-17800.199219
1752788693.822955,994779.000,31007,1,EL,1,100,-17792.400391
1752788693.889456,994845.500,31027,2,EL,1,100,-17791.800781
1752788693.955956,994912.000,31027,2,EL,1,100,-17798.599609
1752788694.022957,994979.000,31043,1,EL,1,100,-17792.400391
1752788694.089457,995045.500,31059,2,EL,1,100,-17792.599609
1752788694.155958,995112.000,31059,2,EL,1,100,-17792.800781
1752788694.222958,995179.000,31075,1,EL,1,100,-17793.000000
1752788694.289459,995245.500,31092,2,EL,1,100,-17793.199219
1752788694.355959,995312.000,31092,2,EL,1,100,-17794.800781
1752788694.422460,995378.500,31108,2,EL,1,100,-17794.199219
1752788694.488961,995445.000,31108,2,EL,1,100,-17793.000000
1752788694.555961,995512.000,31128,1,EL,1,100,-17792.800781
1752788694.622462,995578.500,31142,2,EL,1,100,-17793.400391
1752788694.688962,995645.000,31142,2,EL,1,100,-17791.000000
1752788694.755963,995712.000,31159,1,EL,1,100,-17799.800781
1752788694.822463,995778.500,31176,2,EL,1,100,-17795.199219
1752788694.888964,995845.000,31176,2,EL,1,100,-17796.199219
1752788694.955964,995912.000,31193,1,EL,1,100,-17802.199219
1752788695.022465,995978.500,31207,2,EL,1,100,-17794.599609
1752788695.088966,996045.000,31207,2,EL,1,100,-17790.000000
1752788695.155966,996112.000,31226,1,EL,1,100,-17792.599609
1752788695.222467,996178.500,31243,2,EL,1,100,-17793.000000
1752788695.288967,996245.000,31243,2,EL,1,100,-17793.000000
1752788695.355968,996312.000,31260,1,EL,1,100,-17793.599609
1752788695.422468,996378.500,31274,2,EL,1,100,-17794.800781
1752788695.488969,996445.000,31274,2,EL,1,100,-17792.800781
1752788695.555969,996512.000,31292,1,EL,1,100,-17794.599609
1752788695.622470,996578.500,31310,2,EL,1,100,-17794.400391
1752788695.688970,996645.000,31310,2,EL,1,100,-17792.400391
1752788695.755971,996712.000,31327,1,EL,1,100,-17796.199219
1752788695.822472,996778.500,31342,2,EL,1,100,-17793.000000
1752788695.888972,996845.000,31342,2,EL,1,100,-17795.400391
1752788695.955973,996912.000,31361,1,EL,1,100,-17802.800781
1752788696.022473,996978.500,31377,2,EL,1,100,-17801.199219
1752788696.088974,997045.000,31377,2,EL,1,100,-17797.400391
1752788696.155974,997112.000,31394,1,EL,1,100,-17800.599609
1752788696.222475,997178.500,31412,2,EL,1,100,-17803.400391
1752788696.288975,997245.000,31412,2,EL,1,100,-17800.199219
1752788696.355476,997311.500,31428,2,EL,1,100,-17798.599609
1752788696.421976,997378.000,31428,2,EL,1,100,-17790.199219
1752788696.488977,997445.000,31444,1,EL,1,100,-17784.599609
1752788696.555478,997511.500,31462,2,EL,1,100,-17785.400391
1752788696.621978,997578.000,31462,2,EL,1,100,-17784.199219
1752788696.688979,997645.000,31478,1,EL,1,100,-17781.400391
1752788696.755479,997711.500,31493,2,EL,1,100,-17782.599609
1752788696.821980,997778.000,31493,2,EL,1,100,-17784.199219
1752788696.888980,997845.000,31510,1,EL,1,100,-17786.199219
1752788696.955481,997911.500,31529,2,EL,1,100,-17794.800781
1752788697.021981,997978.000,31529,2,EL,1,100,-17788.199219
1752788697.088982,998045.000,31545,1,EL,1,100,-17781.800781
1752788697.155483,998111.500,31561,2,EL,1,100,-17787.400391
1752788697.221983,998178.000,31561,2,EL,1,100,-17789.800781
1752788697.288984,998245.000,31577,1,EL,1,100,-17797.000000
1752788697.355484,998311.500,31594,2,EL,1,100,-17800.000000
1752788697.421985,998378.000,31594,2,EL,1,100,-17798.000000
1752788697.488985,998445.000,31610,1,EL,1,100,-17791.400391
1752788697.555486,998511.500,31628,2,EL,1,100,-17778.400391
1752788697.621986,998578.000,31628,2,EL,1,100,-17771.800781
1752788697.688987,998645.000,31644,1,EL,1,100,-17768.800781
1752788697.755487,998711.500,31661,2,EL,1,100,-17770.599609
1752788697.821988,998778.000,31661,2,EL,1,100,-17772.400391
1752788697.888989,998845.000,31678,1,EL,1,100,-17778.000000
1752788697.955656,998911.667,31698,3,EL,1,100,-17782.199219
1752788698.022323,998978.333,31698,3,EL,1,100,-17791.199219
1752788698.088990,999045.000,31698,3,EL,1,100,-17778.400391
1752788698.155991,999112.000,31715,1,EL,1,100,-17777.599609
1752788698.222491,999178.500,31732,2,EL,1,100,-17785.599609
1752788698.288992,999245.000,31732,2,EL,1,100,-17791.800781
1752788698.354992,999311.000,31749,1,EL,1,100,-17809.800781
1752788698.421993,999378.000,31765,2,EL,1,100,-17789.400391
1752788698.488994,999445.000,31765,2,EL,1,100,-17781.000000
1752788698.554994,999511.000,31783,1,EL,1,100,-17781.800781
1752788698.621995,999578.000,31797,2,EL,1,100,-17783.599609
1752788698.688995,999645.000,31797,2,EL,1,100,-17787.599609
1752788698.754996,999711.000,31814,1,EL,1,100,-17758.800781
1752788698.821996,999778.000,31833,2,EL,1,100,-17652.000000
1752788698.888997,999845.000,31833,2,EL,1,100,-17731.800781
1752788698.954997,999911.000,31850,1,EL,1,100,-17796.000000
1752788699.021998,999978.000,31864,2,EL,1,100,-17789.000000
1752788699.088998,1000045.000,31864,2,EL,1,100,-17783.000000
1752788699.154999,1000111.000,31881,1,EL,1,100,-17788.800781
1752788699.222000,1000178.000,31898,2,EL,1,100,-17793.000000
1752788699.289000,1000245.000,31898,2,EL,1,100,-17790.800781
1752788699.355001,1000311.000,31917,1,EL,1,100,-17794.800781
1752788699.422001,1000378.000,31933,2,EL,1,100,-17793.199219
1752788699.489002,1000445.000,31933,2,EL,1,100,-17785.199219
1752788699.555002,1000511.000,31951,1,EL,1,100,-17784.800781
1752788699.622003,1000578.000,31967,2,EL,1,100,-17784.800781
1752788699.689003,1000645.000,31967,2,EL,1,100,-17785.800781
1752788699.755004,1000711.000,31984,1,EL,1,100,-17789.400391
1752788699.822005,1000778.000,32000,2,EL,1,100,-17791.800781
1752788699.889005,1000845.000,32000,2,EL,1,100,-17787.800781
1752788699.955006,1000911.000,32018,1,EL,1,100,-17791.199219
1752788700.022006,1000978.000,32034,2,EL,1,100,-17792.000000
1752788700.089007,1001045.000,32034,2,EL,1,100,-17788.199219
1752788700.155007,1001111.000,32051,1,EL,1,100,-17800.199219
1752788700.222008,1001178.000,32067,2,EL,1,100,-17798.800781
1752788700.289008,1001245.000,32067,2,EL,1,100,-17785.800781
1752788700.355509,1001311.500,32083,2,EL,1,100,-17790.199219
1752788700.422009,1001378.000,32083,2,EL,1,100,-17793.400391
1752788700.489010,1001445.000,32099,1,EL,1,100,-17788.800781
1752788700.555511,1001511.500,32117,2,EL,1,100,-17789.800781
1752788700.622011,1001578.000,32117,2,EL,1,100,-17789.199219
1752788700.689012,1001645.000,32135,1,EL,1,100,-17787.199219
1752788700.755512,1001711.500,32150,2,EL,1,100,-17792.800781
1752788700.822013,1001778.000,32150,2,EL,1,100,-17789.199219
1752788700.889013,1001845.000,32167,1,EL,1,100,-17771.800781
1752788700.955514,1001911.500,32186,2,EL,1,100,-17791.400391
1752788701.022014,1001978.000,32186,2,EL,1,100,-17797.199219
1752788701.089015,1002045.000,32202,1,EL,1,100,-17790.800781
1752788701.155516,1002111.500,32218,2,EL,1,100,-17793.800781
1752788701.222016,1002178.000,32218,2,EL,1,100,-17797.400391
1752788701.289017,1002245.000,32234,1,EL,1,100,-17790.199219
1752788701.355517,1002311.500,32253,2,EL,1,100,-17791.800781
1752788701.422018,1002378.000,32253,2,EL,1,100,-17794.199219
1752788701.489018,1002445.000,32269,1,EL,1,100,-17789.599609
1752788701.555519,1002511.500,32285,2,EL,1,100,-17791.800781
1752788701.622019,1002578.000,32285,2,EL,1,100,-17795.599609
1752788701.689020,1002645.000,32301,1,EL,1,100,-17794.400391
1752788701.755520,1002711.500,32318,2,EL,1,100,-17794.000000
1752788701.822021,1002778.000,32318,2,EL,1,100,-17794.800781
1752788701.888022,1002844.000,32335,1,EL,1,100,-17791.199219
1752788701.955022,1002911.000,32352,2,EL,1,100,-17794.800781
1752788702.022023,1002978.000,32352,2,EL,1,100,-17801.199219
1752788702.088023,1003044.000,32368,1,EL,1,100,-17791.800781
1752788702.155024,1003111.000,32386,2,EL,1,100,-17790.400391
1752788702.222024,1003178.000,32386,2,EL,1,100,-17793.000000
1752788702.289025,1003245.000,32402,1,EL,1,100,-17794.800781
1752788702.355525,1003311.500,32418,2,EL,1,100,-17794.599609
1752788702.422026,1003378.000,32418,2,EL,1,100,-17795.400391
1752788702.488026,1003444.000,32433,1,EL,1,100,-17792.400391
1752788702.555027,1003511.000,32451,2,EL,1,100,-17793.599609
1752788702.622028,1003578.000,32451,2,EL,1,100,-17799.400391
1752788702.688028,1003644.000,32469,1,EL,1,100,-17794.199219
1752788702.755029,1003711.000,32485,2,EL,1,100,-17796.199219
1752788702.822029,1003778.000,32485,2,EL,1,100,-17803.800781
1752788702.888530,1003844.500,32501,2,EL,1,100,-17796.400391
1752788702.955030,1003911.000,32501,2,EL,1,100,-17795.599609
1752788703.022031,1003978.000,32518,1,EL,1,100,-17805.599609
1752788703.088531,1004044.500,32539,2,EL,1,100,-17796.000000
1752788703.155032,1004111.000,32539,2,EL,1,100,-17801.800781
1752788703.222033,1004178.000,32559,1,EL,1,100,-17800.000000
1752788703.288533,1004244.500,32573,2,EL,1,100,-17783.000000
1752788703.355034,1004311.000,32573,2,EL,1,100,-17792.199219
1752788703.422034,1004378.000,32590,1,EL,1,100,-17802.199219
1752788703.488535,1004444.500,32607,2,EL,1,100,-17811.000000
1752788703.555035,1004511.000,32607,2,EL,1,100,-17812.400391
1752788703.622036,1004578.000,32624,1,EL,1,100,-17812.400391
1752788703.688536,1004644.500,32638,2,EL,1,100,-17813.000000
1752788703.755037,1004711.000,32638,2,EL,1,100,-17814.000000
1752788703.822037,1004778.000,32657,1,EL,1,100,-17816.400391
1752788703.888538,1004844.500,32676,2,EL,1,100,-17816.800781
1752788703.955039,1004911.000,32676,2,EL,1,100,-17817.199219
1752788704.022039,1004978.000,32693,1,EL,1,100,-17816.400391
1752788704.088540,1005044.500,32708,2,EL,1,100,-17812.800781
1752788704.155040,1005111.000,32708,2,EL,1,100,-17812.599609
1752788704.221541,1005177.500,32725,2,EL,1,100,-17816.599609
1752788704.288041,1005244.000,32725,2,EL,1,100,-17817.199219
1752788704.355042,1005311.000,32743,1,EL,1,100,-17816.000000
1752788704.421542,1005377.500,32762,2,EL,1,100,-17816.800781
1752788704.488043,1005444.000,32762,2,EL,1,100,-17825.800781
1752788704.555044,1005511.000,32779,1,EL,1,100,-17834.000000
1752788704.621544,1005577.500,32796,2,EL,1,100,-17827.000000
1752788704.688045,1005644.000,32796,2,EL,1,100,-17815.800781
1752788704.755045,1005711.000,32812,1,EL,1,100,-17814.599609
1752788704.821546,1005777.500,32830,2,EL,1,100,-17815.199219
1752788704.888046,1005844.000,32830,2,EL,1,100,-17811.599609
1752788704.955047,1005911.000,32846,1,EL,1,100,-17811.400391
1752788705.021547,1005977.500,32863,2,EL,1,100,-17812.000000
1752788705.088048,1006044.000,32863,2,EL,1,100,-17810.800781
1752788705.155048,1006111.000,32879,1,EL,1,100,-17810.599609
1752788705.221549,1006177.500,32897,2,EL,1,100,-17811.400391
1752788705.288050,1006244.000,32897,2,EL,1,100,-17811.400391
1752788705.355050,1006311.000,32913,1,EL,1,100,-17811.599609
1752788705.421551,1006377.500,32928,2,EL,1,100,-17812.000000
1752788705.488051,1006444.000,32928,2,EL,1,100,-17809.199219
1752788705.555052,1006511.000,32947,1,EL,1,100,-17810.800781
1752788705.621552,1006577.500,32964,2,EL,1,100,-17812.599609
1752788705.688053,1006644.000,32964,2,EL,1,100,-17811.800781
1752788705.755053,1006711.000,32980,1,EL,1,100,-17811.800781
1752788705.821554,1006777.500,32996,2,EL,1,100,-17813.199219
1752788705.888055,1006844.000,32996,2,EL,1,100,-17812.000000
1752788705.955055,1006911.000,33014,1,EL,1,100,-17812.599609
1752788706.021556,1006977.500,33031,2,EL,1,100,-17814.599609
1752788706.088056,1007044.000,33031,2,EL,1,100,-17812.800781
1752788706.155057,1007111.000,33049,1,EL,1,100,-17813.000000
1752788706.221557,1007177.500,33066,2,EL,1,100,-17813.199219
1752788706.288058,1007244.000,33066,2,EL,1,100,-17813.199219
1752788706.355058,1007311.000,33081,1,EL,1,100,-17815.000000
1752788706.421726,1007377.667,33099,3,EL,1,100,-17814.800781
1752788706.488393,1007444.333,33099,3,EL,1,100,-17813.199219
1752788706.555060,1007511.000,33099,3,EL,1,100,-17811.800781
1752788706.621727,1007577.667,33115,3,EL,1,100,-17814.000000
1752788706.688394,1007644.333,33115,3,EL,1,100,-17817.199219
1752788706.755062,1007711.000,33115,3,EL,1,100,-17814.800781
1752788706.821729,1007777.667,33135,3,EL,1,100,-17818.400391
1752788706.888396,1007844.333,33135,3,EL,1,100,-17820.800781
1752788706.955063,1007911.000,33135,3,EL,1,100,-17818.800781
